mtllib textured.mtl
usemtl material0
v -0.040348 0.009133 0.050868
v -0.039125 0.008182 0.051389
v -0.006929 -0.030442 -0.023541
v -0.007709 -0.029795 -0.024962
v 0.023582 0.002028 -0.048702
v 0.024009 0.001520 -0.046424
v -0.033623 -0.017507 0.027270
v -0.032209 -0.020036 0.026656
v -0.007480 0.033492 -0.012955
v -0.006828 0.033541 -0.015469
v 0.034497 0.004926 0.015457
v -0.040743 0.007747 0.046992
v -0.040167 0.008670 0.048454
v -0.039980 0.011097 0.049515
v -0.039166 0.011979 0.046887
v -0.003041 -0.024746 -0.050672
v 0.009608 -0.008573 -0.051529
v -0.002497 -0.023529 -0.050935
v -0.003670 -0.023112 -0.050597
v -0.009912 -0.019379 -0.050686
v -0.028083 0.009349 -0.049447
v -0.005386 0.017904 -0.050387
v -0.015966 0.018094 -0.049773
v -0.026981 0.022549 -0.029739
v -0.025338 0.023915 -0.033103
v 0.009355 -0.004536 -0.051453
v 0.012884 -0.005628 -0.051601
v 0.001439 0.010437 -0.050906
v 0.007300 -0.006972 -0.051225
v 0.001183 0.024033 -0.050356
v 0.000727 0.020527 -0.050351
v 0.010881 0.006472 -0.051241
v 0.012720 0.009010 -0.051486
v 0.009952 0.027761 -0.039546
v 0.012177 -0.000922 -0.051599
v -0.037140 -0.002873 0.008463
v 0.010883 0.008866 0.044905
v 0.005241 0.007054 0.043903
v 0.002515 0.008560 0.043937
v 0.009618 0.014946 0.044889
v 0.006487 0.012176 0.044784
v 0.009532 0.017103 0.045135
v 0.012044 0.017138 0.045219
v 0.014141 0.027451 0.048074
v 0.005881 0.018433 0.044931
v 0.000207 0.010827 0.044251
v 0.004487 0.018940 0.045081
v 0.009421 0.012473 0.044921
v 0.006575 0.022900 0.045390
v 0.004126 0.028291 0.047888
v 0.006954 0.026991 0.047305
v 0.005939 0.033407 0.050072
v 0.036685 0.012339 0.042287
v 0.004728 0.031822 0.049176
v 0.023001 -0.003084 0.045317
v 0.010923 0.021000 0.045569
v 0.014618 0.004209 0.045298
v 0.002424 0.001090 0.044487
v 0.003697 0.013111 0.044544
v 0.006297 -0.000018 0.044563
v 0.001861 0.015729 0.044669
v 0.012312 -0.002982 0.045449
v 0.005648 0.003865 0.044032
v 0.000026 -0.035799 0.014905
v 0.009386 0.000402 0.045021
v 0.008226 -0.002826 0.044527
v 0.012119 -0.014236 0.044592
v 0.007287 0.001845 0.044667
v 0.011379 0.014582 0.044857
v 0.014276 -0.006056 0.045503
v 0.018240 0.003552 0.045733
v 0.002376 0.017906 0.044918
v 0.001135 -0.002928 0.044684
v 0.023779 0.008079 0.045042
v -0.009370 0.005236 0.044941
v 0.005224 0.021084 0.045096
v 0.016519 0.001608 0.045710
v -0.013066 0.012919 0.045364
v 0.002348 0.005547 0.043941
v -0.002906 0.016483 0.044542
v 0.010188 0.006482 0.044689
v -0.006877 0.002226 0.044844
v -0.006542 0.005601 0.044725
v -0.008909 -0.004481 0.045378
v 0.000659 0.013263 0.044597
v -0.009614 0.012948 0.044591
v -0.010726 0.008233 0.044904
v -0.011435 -0.002066 0.045545
v -0.013660 0.001464 0.046227
v 0.002818 -0.006417 0.044573
v 0.041420 -0.001340 0.047362
v 0.004875 0.010213 0.044283
v -0.011655 0.014653 0.044978
v -0.015149 0.006869 0.046086
v -0.011365 0.012666 0.044948
v -0.013822 0.009468 0.045649
v -0.015397 0.012968 0.045648
v -0.010606 0.001605 0.045277
v 0.018510 0.035894 0.047735
v -0.013359 -0.001286 0.046207
v -0.017171 0.014132 0.045527
v 0.002396 0.011027 0.044223
v -0.012074 -0.000203 0.045725
v -0.015587 -0.004942 0.047065
v -0.018526 0.001391 0.047209
v -0.016217 -0.001344 0.046998
v -0.012644 0.005328 0.045730
v -0.017266 0.008049 0.046273
v -0.016086 0.010688 0.045800
v -0.020736 0.009377 0.046781
v -0.014473 0.016132 0.045284
v -0.016602 0.003682 0.046862
v 0.004646 -0.002779 0.044486
v 0.009563 -0.005559 0.044924
v -0.016291 0.026639 0.047801
v -0.025794 -0.021700 -0.019331
v -0.010329 0.028748 0.048581
v -0.012361 0.023299 0.046170
v 0.005409 0.001780 0.044391
v -0.017933 0.017937 0.045216
v -0.019144 0.016535 0.045568
v -0.017807 0.015701 0.045394
v -0.015157 0.024733 0.046607
v -0.018537 0.026525 0.047694
v -0.018574 0.005327 0.047004
v -0.015194 0.022401 0.045160
v -0.032363 0.020321 0.008917
v -0.017977 0.025073 0.046390
v -0.013649 0.020711 0.044939
v -0.017292 0.023554 0.045488
v 0.034616 -0.005580 0.019490
v -0.011346 0.021109 0.045314
v -0.011905 0.027811 0.048516
v -0.009579 0.026999 0.048281
v 0.017178 0.025259 -0.025247
v -0.006754 0.021444 0.045867
v -0.012125 0.025671 0.047590
v -0.007190 0.023169 0.047026
v -0.035406 0.013423 0.019002
v 0.004570 0.024352 0.045693
v 0.002438 0.019448 0.044862
v -0.001382 0.020763 0.045488
v -0.000658 0.015529 0.044695
v 0.030123 0.004823 -0.010346
v -0.000599 0.017750 0.044864
v -0.002688 0.023689 0.046550
v -0.004484 0.021384 0.045981
v -0.005131 0.023569 0.047045
v -0.003618 0.018845 0.045035
v -0.005767 0.022295 0.046440
v -0.008342 0.020062 0.044662
v 0.001434 0.020912 0.045006
v 0.001612 0.026521 0.046892
v -0.001269 0.026395 0.047511
v 0.031577 -0.017148 0.020685
v -0.006865 0.027841 0.048441
v -0.000916 0.031493 0.049536
v -0.003587 0.031546 0.050005
v -0.015726 0.030666 0.050091
v -0.013968 0.026754 0.047960
v -0.009209 0.032425 0.049837
v -0.004362 0.026487 0.048169
v -0.010365 0.034634 0.050707
v 0.026162 -0.015538 -0.008758
v -0.012593 0.032279 0.050608
v -0.004591 0.034269 0.051002
v -0.014292 0.035373 0.050677
v -0.018727 0.033282 0.049960
v -0.018072 0.029671 0.049703
v -0.020003 0.032063 0.050213
v -0.015197 0.032715 0.050774
v -0.013303 0.037809 0.050307
v 0.000761 0.038370 0.050919
v 0.001317 0.036431 0.050588
v 0.006289 0.037954 0.050873
v 0.006596 0.038538 0.050825
v -0.001087 0.037661 0.050999
v 0.005610 0.038836 0.050462
v -0.005635 0.038828 0.049897
v -0.010916 0.031277 0.049921
v -0.007956 0.037028 0.050737
v -0.012583 0.035933 0.050562
v -0.008255 0.035614 0.050926
v -0.011510 0.039072 0.049693
v -0.005270 0.036295 0.050952
v -0.001583 0.035644 0.050703
v 0.002216 0.039141 0.050514
v 0.003964 0.038515 0.036164
v 0.034104 0.020789 0.047480
v 0.003628 0.038203 0.032755
v 0.000252 0.039133 0.043831
v -0.006592 0.035233 0.050996
v -0.009354 0.037621 0.050059
v -0.003986 0.038510 0.042830
v -0.008852 0.040290 0.047497
v -0.002429 0.037658 0.023018
v -0.000823 0.037994 0.024269
v -0.007998 0.033707 0.050539
v -0.004279 0.037850 0.050725
v -0.008572 0.038685 0.049986
v -0.034729 0.008144 -0.035329
v -0.006510 0.040582 0.048668
v -0.009078 0.039648 0.049366
v -0.005109 0.037990 0.050442
v -0.006043 0.031783 0.049858
v -0.005693 0.038084 0.050125
v -0.004468 0.038995 0.049847
v -0.000140 0.034703 0.050373
v -0.010646 0.039571 0.048464
v -0.005070 0.041128 0.047196
v -0.013670 0.038375 0.049297
v -0.010145 0.033023 0.050327
v -0.005994 0.037386 0.050548
v -0.034045 0.011517 -0.016234
v -0.001968 0.033527 0.050459
v 0.000759 0.039883 0.048298
v -0.000456 0.040337 0.047820
v -0.003254 0.036804 0.050899
v -0.003232 0.039097 0.049545
v -0.007072 0.039385 0.049866
v -0.001788 0.040059 0.048955
v -0.000028 0.039955 0.049645
v -0.007176 0.039291 0.045646
v -0.006634 0.040517 0.047083
v -0.004935 0.040205 0.046055
v -0.003814 0.038591 0.050072
v -0.012611 0.038949 0.048316
v -0.011250 0.037799 0.050038
v -0.011112 0.036724 0.050233
v -0.011249 0.035739 0.050730
v -0.017232 0.036853 0.049465
v 0.005556 0.015997 0.044969
v -0.022373 0.033557 0.049656
v -0.016572 0.035763 0.050061
v -0.016098 0.034920 0.050310
v -0.013793 0.036367 0.050265
v -0.021670 0.030544 0.049755
v -0.017203 0.032983 0.050572
v -0.017176 0.034039 0.050388
v -0.020724 0.032885 0.050258
v -0.018711 0.032074 0.050256
v -0.012324 0.036917 0.050011
v -0.019827 0.033176 0.049861
v -0.017770 0.034632 0.049960
v -0.013761 0.029086 0.049180
v -0.017484 0.031340 0.050289
v -0.011395 0.029522 0.048997
v -0.009995 0.030133 0.048905
v -0.020039 0.025328 0.046904
v -0.019434 0.030570 0.050130
v 0.011858 0.012370 0.044900
v -0.019197 0.023691 0.045772
v -0.017125 0.028245 0.048958
v 0.007791 0.005910 0.044312
v -0.017991 0.021383 0.045088
v 0.011937 0.004973 0.044863
v -0.008773 0.029211 0.048310
v 0.012165 0.003742 0.045023
v -0.008098 0.031862 0.049356
v -0.009386 0.031377 0.049395
v 0.034808 -0.019733 0.048761
v -0.007277 0.030190 0.048734
v -0.008633 0.030659 0.048845
v -0.005108 0.029477 0.049104
v -0.010999 0.038255 0.044917
v -0.005844 0.019856 0.045141
v -0.009795 0.015393 0.044378
v -0.021036 0.033958 0.045305
v -0.010739 0.018548 0.044468
v -0.009540 0.039432 0.045837
v -0.010252 0.037982 0.040120
v -0.004730 0.039018 0.040311
v 0.010695 0.018960 0.045454
v -0.002562 0.038645 0.027949
v -0.007025 0.038578 0.035924
v -0.009662 0.038495 0.038786
v -0.009821 0.038153 0.036612
v -0.004360 0.038743 0.041899
v 0.012493 0.019136 0.045584
v -0.010163 0.038055 0.035392
v -0.005721 0.038607 0.042370
v -0.021686 0.032953 0.042204
v -0.018129 0.034850 0.044152
v -0.017833 0.035119 0.042341
v -0.018989 0.034611 0.036252
v -0.017142 0.035338 0.033183
v -0.017260 0.035002 0.043166
v -0.019238 0.034078 0.034707
v -0.015536 0.020606 0.044771
v -0.013975 0.018938 0.044651
v -0.006055 0.017780 0.044346
v -0.007373 0.038603 0.041016
v -0.006455 0.039095 0.039226
v -0.010344 0.019491 0.044537
v 0.027169 0.023631 0.022196
v 0.003384 0.020565 0.044879
v 0.041085 -0.003858 0.047540
v 0.018921 -0.024470 -0.006093
v 0.018407 -0.025267 -0.005442
v 0.003396 0.036613 0.010457
v 0.012947 0.035215 0.024352
v 0.033220 -0.000555 0.007043
v 0.001163 0.009673 0.044119
v -0.001240 0.004344 0.044523
v -0.002171 -0.002658 0.044658
v -0.005547 -0.001846 0.044744
v -0.004005 0.006606 0.044699
v -0.008627 -0.000880 0.044975
v -0.002014 0.014361 0.044433
v -0.001074 0.008653 0.044182
v -0.000237 -0.000818 0.044764
v -0.001785 0.012195 0.044089
v -0.004252 0.004048 0.044878
v -0.006405 0.008233 0.044535
v -0.011179 0.011065 0.044857
v 0.007829 0.008951 0.044521
v -0.004510 0.014725 0.044115
v -0.007120 0.011914 0.044275
v -0.016575 0.015493 0.045242
v -0.009974 0.037959 0.043936
v -0.008497 0.009957 0.044578
v -0.008271 0.007546 0.044672
v 0.009535 0.003693 0.044849
v -0.002557 0.000926 0.044904
v -0.004390 0.008994 0.044315
v 0.015099 0.034033 0.022855
v -0.011738 0.017394 0.044652
v -0.007480 0.014467 0.044030
v -0.024549 0.011692 0.047258
v -0.020027 0.003130 0.047304
v 0.012676 0.001475 0.045489
v -0.022529 0.011737 0.046688
v -0.038539 -0.007770 0.042268
v -0.038632 -0.004179 0.037523
v -0.039162 -0.005209 0.044845
v -0.038913 -0.002024 0.037013
v -0.038838 0.000069 0.038119
v -0.038351 -0.000715 0.028377
v -0.038682 -0.000612 0.035372
v -0.038524 0.001365 0.032951
v -0.038582 0.001311 0.029526
v -0.038304 -0.001852 0.032759
v 0.013513 -0.010049 0.044919
v -0.038781 0.002200 0.036233
v -0.038611 0.004234 0.036156
v -0.037865 0.008386 0.037456
v -0.038433 0.004949 0.029148
v -0.036988 0.011346 0.033566
v -0.034578 0.019724 0.035553
v -0.033264 0.020783 0.028194
v -0.034880 0.017661 0.030509
v -0.036139 0.015891 0.039948
v -0.037103 0.011560 0.035061
v -0.035295 0.019155 0.040799
v -0.036532 0.012035 0.030754
v -0.035104 0.015343 0.031179
v -0.034742 0.016750 0.028226
v 0.015053 -0.000611 0.045749
v -0.034936 0.019821 0.043434
v -0.032555 0.022800 0.033451
v -0.034345 0.019176 0.033530
v -0.033556 0.021079 0.034374
v -0.024244 0.030802 0.031273
v -0.014008 0.036363 0.032298
v -0.021430 0.032656 0.028869
v -0.023089 0.031703 0.033168
v -0.004907 0.038866 0.043774
v -0.024515 0.032037 0.039789
v -0.032807 0.021827 0.030198
v -0.025295 0.030870 0.042259
v -0.031845 0.023957 0.033694
v -0.021343 0.033178 0.034872
v -0.029419 0.025803 0.027992
v -0.032510 0.024328 0.039365
v -0.031518 0.024372 0.037295
v -0.031669 0.024520 0.044110
v -0.035013 0.019312 0.037702
v 0.013388 0.006865 0.045099
v -0.031160 0.026147 0.040920
v -0.027755 0.028344 0.042765
v -0.026194 0.031279 0.041038
v -0.026719 0.030506 0.038855
v -0.031358 0.024038 0.031496
v -0.032146 0.024219 0.042640
v 0.015843 0.008314 0.045345
v -0.030526 0.024541 0.028896
v -0.029808 0.028666 0.046827
v 0.013713 0.015409 0.045038
v -0.022301 0.032058 0.043900
v -0.031668 0.023763 0.035329
v -0.029635 0.025869 0.029791
v -0.030239 0.025737 0.043475
v -0.026297 0.031620 0.046855
v 0.013973 0.012783 0.044949
v 0.008933 0.022057 0.045577
v -0.024242 0.030562 0.043761
v -0.020123 0.033684 0.043297
v -0.017858 0.011727 0.045792
v -0.024150 0.031779 0.045681
v -0.027070 0.029825 0.045157
v -0.021845 0.020859 0.046613
v -0.021602 0.014268 0.046293
v -0.032163 0.023226 0.034343
v -0.037872 0.003385 0.019843
v -0.020051 0.020232 0.045906
v -0.024428 0.015713 0.047211
v -0.037467 0.005984 0.019066
v -0.034601 0.020603 0.042245
v -0.038940 0.008157 0.043948
v -0.036262 0.016746 0.043376
v -0.033973 0.021099 0.041531
v -0.038800 -0.002446 0.038540
v -0.036635 0.014023 0.037656
v -0.026089 0.017326 0.048445
v -0.025861 0.013360 0.047699
v -0.037048 0.012870 0.043727
v -0.035572 0.021241 0.046634
v -0.034191 0.021662 0.044874
v -0.034472 0.016393 0.003407
v -0.034395 0.016153 0.005182
v -0.026307 0.011422 0.048058
v -0.037296 0.005130 0.007457
v -0.023763 0.013224 0.046988
v -0.036669 0.019241 0.048315
v -0.033483 0.021923 0.043026
v -0.033291 0.023151 0.041202
v -0.020554 0.016092 0.045754
v -0.023946 0.019151 0.047459
v 0.003442 0.030301 0.048671
v -0.021237 0.023013 0.046638
v -0.023246 0.022049 0.047600
v -0.024169 0.032273 0.041340
v -0.033605 0.024398 0.046128
v -0.031118 0.025306 0.045367
v -0.023048 0.028087 0.048786
v -0.026979 0.026002 0.049494
v -0.026488 0.029354 0.043205
v -0.026109 0.031870 0.048598
v -0.024010 0.024499 0.048025
v -0.022358 0.025942 0.047681
v -0.027037 0.023070 0.049438
v -0.032279 0.024447 0.044941
v -0.026246 0.024639 0.049083
v -0.030267 0.027056 0.050116
v -0.029553 0.029238 0.048240
v -0.030157 0.027956 0.049116
v -0.032545 0.024860 0.049240
v -0.036345 0.013547 0.034440
v -0.036647 0.012557 0.035415
v -0.030842 0.028034 0.048482
v -0.038199 0.016079 0.048052
v -0.025523 0.028408 0.048891
v -0.028487 0.026727 0.050431
v -0.031501 0.026788 0.048932
v -0.025918 0.031206 0.049472
v -0.025197 0.022542 0.048678
v -0.023295 0.032627 0.049915
v -0.030373 0.025869 0.050880
v -0.028705 0.028609 0.049914
v -0.030749 0.018384 0.050529
v -0.029705 0.019838 0.050265
v -0.028096 0.024795 0.050089
v -0.029530 0.023830 0.050700
v -0.034350 0.016536 0.025923
v -0.033148 0.022825 0.050576
v -0.032025 0.024250 0.050656
v -0.035585 0.018868 0.051181
v -0.031078 0.020132 0.050920
v -0.034113 0.019002 0.051351
v -0.035752 0.017142 0.051426
v -0.031617 0.025384 0.050242
v -0.032901 0.023784 0.050169
v -0.033394 0.014563 0.050832
v -0.029469 0.017826 0.049954
v -0.031003 0.009914 0.049739
v -0.028575 0.022914 0.050136
v -0.030476 0.014384 0.050068
v -0.036040 0.013707 0.032804
v -0.027887 0.016347 0.049388
v -0.038416 0.015652 0.049909
v -0.032598 0.017550 0.051072
v -0.033028 0.021551 0.051153
v -0.037101 0.009564 0.028702
v -0.038994 0.013380 0.049448
v -0.037778 0.009663 0.051284
v -0.023437 -0.027632 0.006293
v -0.036665 0.015958 0.051534
v -0.039307 0.011817 0.051060
v 0.016433 0.013371 0.045073
v -0.037331 0.014796 0.051240
v -0.037883 0.011768 0.050910
v -0.038574 0.005305 0.051401
v -0.039730 0.005784 0.051610
v -0.040781 0.003836 0.050909
v -0.040916 0.006198 0.050295
v 0.019462 -0.002967 0.045299
v -0.039908 0.009234 0.046006
v -0.037316 0.005203 0.050611
v -0.037539 0.007258 0.051168
v -0.037346 0.013495 0.051299
v -0.035947 0.005545 0.050275
v -0.038453 0.002024 0.050771
v -0.037340 0.010633 0.036403
v -0.039591 -0.000730 0.044264
v -0.040205 0.000658 0.045169
v -0.035959 0.004282 0.050285
v -0.036771 0.017898 0.046068
v -0.037591 0.015012 0.045646
v -0.033441 0.011033 0.050494
v -0.027587 0.013341 0.048835
v -0.022199 0.016792 0.046510
v -0.019154 0.014459 0.045569
v -0.025408 0.003932 0.048349
v -0.024461 0.009389 0.047467
v -0.032585 0.008700 0.049828
v -0.005420 -0.021577 -0.051040
v -0.027977 0.010036 0.048917
v -0.032072 0.020115 0.051264
v -0.031689 0.019272 0.050974
v -0.036011 0.009997 0.051149
v -0.032593 0.006379 0.049915
v -0.034823 0.007707 0.050420
v -0.036268 0.006385 0.050396
v 0.027396 -0.022888 0.018814
v -0.034682 0.005624 0.050235
v 0.028234 0.019456 0.008933
v -0.033605 0.003420 0.050433
v -0.037515 0.003190 0.050630
v -0.022968 0.006472 0.047422
v -0.031809 0.001350 0.050264
v -0.030551 0.003581 0.050077
v -0.029453 0.006729 0.049363
v -0.027206 0.003104 0.049067
v -0.031213 -0.001438 0.049910
v -0.038587 0.004023 0.051463
v -0.021302 0.028449 -0.009335
v -0.035687 -0.002624 0.050441
v -0.035860 0.002665 0.050461
v -0.031316 0.007831 0.049726
v -0.028868 0.000389 0.049747
v -0.031231 -0.004434 0.049526
v -0.018314 0.002669 0.047046
v -0.027709 -0.003402 0.049287
v -0.020961 -0.001079 0.047760
v -0.020525 0.006069 0.047333
v -0.023624 0.002268 0.048276
v -0.021174 -0.004544 0.047740
v -0.033464 -0.006281 0.049739
v -0.033094 -0.002469 0.049996
v 0.012986 0.010135 0.045018
v -0.020203 -0.025918 -0.026368
v -0.025428 -0.000502 0.049029
v -0.033723 -0.004155 0.050017
v -0.034567 0.000234 0.050404
v -0.036744 0.000153 0.050561
v -0.040965 -0.004980 0.047747
v -0.040678 -0.005180 0.048711
v -0.040456 -0.007102 0.048503
v -0.040373 0.007348 0.051499
v -0.039257 -0.001599 0.040040
v -0.039889 -0.004875 0.050281
v -0.003759 0.032100 -0.030165
v -0.038500 0.003920 0.037466
v 0.004794 0.038198 0.030657
v 0.007781 0.037733 0.032174
v -0.039812 -0.007593 0.049172
v -0.039976 -0.006498 0.049725
v -0.037253 -0.004268 0.050792
v -0.038563 -0.000566 0.030605
v -0.037533 -0.002690 0.050971
v -0.040993 0.002834 0.049292
v -0.038527 0.002863 0.034732
v -0.040408 -0.002831 0.049565
v -0.040577 0.001485 0.051049
v -0.039375 0.004326 0.051864
v -0.040155 -0.000399 0.050835
v -0.039413 0.003345 0.051756
v -0.040617 -0.000355 0.049746
v -0.038061 -0.004882 0.051056
v -0.036085 -0.000850 0.050527
v -0.037375 -0.001070 0.050836
v -0.038620 -0.002643 0.051267
v -0.038375 -0.000485 0.051395
v -0.036837 0.011327 0.051256
v -0.035418 0.012916 0.051279
v 0.021862 0.008876 0.044817
v -0.038968 0.000231 0.051562
v -0.025883 0.030676 0.050302
v 0.036506 -0.017756 0.048743
v 0.034539 -0.017379 0.048791
v 0.037790 -0.011894 0.048362
v 0.036479 -0.011647 0.048559
v -0.032692 0.012836 -0.041046
v -0.033653 0.010764 -0.038572
v -0.009513 0.024396 0.047398
v 0.025708 0.009214 0.045250
v -0.038419 -0.001654 0.051283
v -0.038941 -0.008155 0.050821
v -0.035128 0.011844 -0.017387
v -0.034637 0.013379 -0.018116
v -0.030599 0.019333 -0.006920
v -0.039744 -0.007089 0.050535
v -0.037319 -0.008756 0.050843
v -0.037670 -0.006245 0.051014
v 0.030712 0.021016 0.031815
v -0.039841 -0.006011 0.050618
v -0.039092 -0.000874 0.051765
v -0.039809 -0.007985 0.049858
v -0.026047 0.006124 0.048287
v 0.020459 0.011056 0.044594
v -0.033736 -0.013739 0.050534
v -0.013188 0.032279 -0.008759
v -0.013901 0.032215 -0.007460
v -0.035790 -0.009075 0.050664
v -0.029509 0.017111 -0.041669
v -0.038017 -0.010812 0.050320
v -0.030079 0.016450 -0.043069
v -0.035720 -0.007342 0.050511
v -0.032949 -0.021237 0.051084
v -0.036260 -0.016956 0.050926
v -0.036024 -0.018545 0.050675
v -0.028774 0.025353 0.019347
v -0.033992 -0.020464 0.050972
v 0.016085 0.010691 0.045029
v -0.035242 -0.016931 0.051242
v -0.038152 -0.011795 0.050378
v -0.034574 -0.019241 0.051066
v -0.033301 -0.022698 0.050466
v -0.033938 -0.016671 0.050798
v -0.037392 -0.016354 0.049663
v -0.033987 -0.019393 0.051053
v -0.033067 -0.019200 0.050583
v -0.032682 -0.017584 0.050562
v -0.035548 -0.020924 0.049482
v -0.034838 -0.020729 0.048143
v -0.032334 -0.024440 0.047812
v -0.034364 -0.018298 0.051197
v -0.034884 -0.021137 0.050378
v -0.031051 -0.018447 0.050482
v -0.033531 -0.021018 0.047488
v -0.037040 -0.016809 0.048630
v -0.037093 -0.017852 0.050125
v -0.038463 -0.013102 0.049601
v -0.036149 -0.015464 0.046349
v -0.036489 -0.015989 0.047213
v -0.037416 -0.012887 0.045377
v -0.040005 -0.001635 0.050478
v -0.039265 -0.009686 0.049607
v -0.036442 -0.010599 0.050696
v -0.037607 -0.010248 0.050629
v -0.038505 -0.006164 0.041568
v 0.018398 -0.004860 0.045218
v -0.038631 -0.013372 0.048597
v -0.038283 -0.012762 0.046186
v -0.037963 -0.014859 0.049313
v -0.037899 -0.014535 0.047604
v -0.037415 -0.011415 0.050713
v -0.039299 -0.003011 0.050786
v -0.037441 -0.015379 0.050530
v -0.037359 -0.013103 0.050533
v -0.038898 -0.012229 0.047566
v -0.038635 -0.012023 0.049940
v -0.033525 -0.010786 0.049955
v -0.032223 -0.012255 0.049758
v 0.016294 -0.003628 0.045637
v -0.038667 -0.010966 0.050016
v -0.038829 -0.011749 0.049014
v -0.038371 -0.012738 0.050330
v -0.032091 0.015074 -0.025017
v -0.039022 -0.009828 0.045725
v -0.035160 -0.011798 0.050644
v -0.024634 -0.022568 -0.026309
v -0.038139 -0.013888 0.050177
v -0.040299 -0.008523 0.047505
v -0.041420 -0.001482 0.047215
v -0.041140 -0.000034 0.046467
v -0.035517 -0.005156 0.050459
v -0.039214 -0.002853 0.041295
v -0.034437 -0.008486 0.050092
v 0.029295 0.008733 -0.011706
v 0.021424 0.000893 0.045829
v -0.037912 -0.011765 0.045235
v -0.030912 -0.012289 0.049828
v 0.024580 0.002467 -0.042141
v -0.031365 -0.007049 0.049377
v -0.038205 -0.005993 0.035975
v -0.038385 0.005749 0.035772
v -0.028934 -0.006905 0.049410
v -0.038520 -0.003267 0.035207
v -0.032321 -0.023088 0.047120
v -0.035009 -0.019555 0.050511
v 0.017792 -0.000732 0.045581
v -0.034438 -0.022339 0.049331
v -0.033312 -0.024121 0.048996
v -0.028451 -0.014035 0.049736
v -0.025003 -0.019064 0.049206
v -0.026967 -0.018247 0.049560
v -0.031996 -0.020955 0.050588
v -0.032187 -0.022290 0.050805
v -0.030866 -0.022149 0.050797
v -0.026003 -0.021831 0.050067
v -0.029043 -0.018390 0.050208
v -0.032704 -0.008363 0.049606
v -0.027120 -0.023260 0.050204
v -0.029558 -0.023514 0.050679
v -0.031441 -0.023985 0.050548
v -0.031785 -0.019782 0.050491
v -0.035297 -0.018292 0.051003
v -0.031650 -0.024052 0.046800
v 0.019156 0.008418 0.045154
v -0.036200 -0.019271 0.048992
v -0.035982 -0.019743 0.050256
v -0.027099 -0.020949 0.050312
v -0.025605 -0.014253 0.049123
v -0.026391 -0.019899 0.049805
v -0.030846 -0.020332 0.050569
v -0.024550 -0.016727 0.048828
v -0.028278 -0.019760 0.049809
v -0.035325 -0.013263 0.050852
v -0.035464 -0.016537 0.046288
v 0.030286 0.001135 -0.010629
v -0.029700 -0.019575 0.050344
v -0.027085 -0.012624 0.049700
v -0.026046 -0.020949 0.049931
v -0.030812 -0.014003 0.050194
v -0.038347 -0.003792 0.051147
v -0.035828 -0.014801 0.050966
v 0.030299 -0.010702 0.046317
v 0.028467 -0.008827 0.045529
v -0.039085 -0.006270 0.050713
v -0.035110 -0.010147 0.050467
v 0.032969 0.001643 0.046418
v -0.036365 -0.012476 0.050831
v -0.029418 -0.012304 0.049869
v 0.032678 -0.000342 0.046211
v 0.023904 -0.006071 0.045010
v -0.028698 -0.016302 0.049940
v 0.007391 0.029003 0.048439
v 0.015661 0.019658 0.046047
v -0.038971 -0.004895 0.051044
v 0.009355 0.027993 0.047733
v -0.030760 -0.009925 0.049593
v -0.023946 -0.003992 0.048501
v 0.016239 0.023471 0.046323
v 0.011894 0.027868 0.047787
v -0.041030 -0.001569 0.048617
v -0.039078 -0.002008 0.051683
v -0.027113 -0.009938 0.049732
v -0.023756 -0.012832 0.048991
v -0.021625 -0.011400 0.048678
v -0.019669 -0.013513 0.048266
v -0.022333 -0.006449 0.048128
v 0.008178 0.038386 0.050821
v 0.008629 0.037113 0.050541
v 0.006667 0.037492 0.050855
v 0.028111 0.011327 -0.012812
v -0.033583 -0.014470 0.009454
v 0.013649 0.032374 0.049515
v -0.025575 -0.006658 0.049158
v 0.008925 0.023882 0.045731
v 0.009868 0.031929 0.049406
v -0.020126 -0.006172 0.047705
v -0.020353 -0.008386 0.048074
v -0.010114 -0.034089 0.010146
v 0.012609 0.022461 0.045679
v -0.030477 -0.014530 -0.036417
v -0.012383 -0.005218 0.046253
v 0.007441 0.031422 0.049442
v 0.008135 0.015861 0.045029
v 0.010109 0.026094 0.046382
v 0.012434 0.033873 0.049619
v 0.005145 -0.011266 0.044441
v -0.014188 -0.007593 0.046974
v 0.013681 0.029356 0.049115
v -0.018577 -0.004288 0.047384
v 0.008513 0.033828 0.049964
v 0.012014 0.031692 0.049384
v -0.023654 -0.009096 0.049053
v -0.010961 -0.007346 0.046256
v 0.015828 0.034721 0.048901
v 0.016368 0.032962 0.049412
v -0.013641 -0.013426 0.047099
v -0.013682 -0.003194 0.046495
v -0.016947 -0.010695 0.047743
v -0.017526 -0.007080 0.047745
v -0.008337 -0.007758 0.045874
v 0.010262 -0.016790 0.044694
v 0.009584 -0.012179 0.044622
v -0.009858 -0.013955 0.046628
v -0.006437 -0.011048 0.045861
v -0.017958 -0.018091 0.047855
v -0.011489 -0.010172 0.046723
v -0.012716 -0.017148 0.046849
v -0.009086 -0.009303 0.046122
v 0.003371 0.022509 0.045204
v -0.039468 -0.001254 0.051060
v 0.015179 0.024437 0.046203
v -0.008268 -0.020747 0.045760
v -0.008412 -0.017643 0.046107
v -0.013359 -0.019862 0.046789
v -0.010183 -0.028532 -0.032849
v -0.002655 -0.012493 0.045220
v -0.011054 -0.020080 0.046445
v -0.004784 -0.006099 0.045145
v -0.016696 -0.015713 0.047528
v -0.012953 -0.021342 0.046680
v -0.015726 -0.019975 0.047183
v -0.013671 -0.023790 0.047014
v 0.026721 0.018879 -0.005913
v 0.011574 0.024255 0.045634
v -0.020434 -0.016750 0.048339
v -0.022678 -0.014351 0.048626
v -0.024750 -0.011725 0.049378
v -0.008538 -0.026269 -0.049051
v 0.007086 0.021224 0.045154
v -0.027192 -0.021983 -0.007934
v 0.002668 0.024679 0.045714
v 0.000820 0.029144 0.048457
v -0.001178 0.041001 0.046933
v 0.005019 0.038928 0.043748
v -0.028397 0.018940 -0.040370
v -0.024333 -0.015002 0.048863
v 0.008055 0.040122 0.045153
v 0.004916 0.040641 0.045980
v 0.008753 0.037982 0.040304
v 0.000169 0.038789 0.033207
v -0.022443 -0.019549 0.048976
v -0.019234 -0.020286 0.048419
v -0.017532 -0.023326 0.048174
v -0.024565 -0.021011 0.049581
v -0.008446 -0.033234 0.049136
v -0.011278 -0.033186 0.049232
v -0.009608 -0.035157 0.049269
v -0.012343 -0.035051 0.049368
v -0.006327 -0.034347 0.049135
v -0.004531 -0.035983 0.016587
v -0.005884 -0.032312 0.048656
v -0.010012 -0.036881 0.049146
v -0.012786 -0.029358 0.048579
v -0.010827 -0.031214 0.048747
v -0.012074 -0.027655 0.047939
v -0.010572 -0.029248 0.048232
v -0.008156 -0.030211 0.048414
v -0.010143 -0.022882 0.046290
v 0.001847 0.032047 0.049115
v 0.010583 0.033285 0.049514
v -0.009334 -0.026568 0.047201
v 0.012902 0.036598 0.049634
v -0.002119 0.038985 0.049547
v -0.001555 -0.028031 0.045829
v -0.003198 -0.026882 0.046057
v -0.004464 -0.029309 0.047527
v 0.006771 0.035711 0.050545
v 0.009775 -0.019367 0.044571
v 0.012960 -0.018038 0.045024
v 0.016282 -0.035288 0.041600
v 0.004507 0.036767 0.050718
v -0.000359 -0.029704 0.045802
v -0.002366 -0.031493 0.047198
v -0.000786 -0.031008 0.046573
v 0.002334 -0.027845 0.045258
v 0.004037 -0.031805 0.046248
v 0.006692 -0.032712 0.046572
v 0.009212 -0.026237 0.044852
v 0.031669 -0.003789 -0.006534
v 0.010388 0.034944 0.050014
v 0.014530 -0.030377 0.046508
v 0.010133 0.036583 0.050049
v -0.005069 -0.025921 0.046130
v -0.001937 -0.029848 0.046557
v -0.004501 -0.020574 0.045064
v -0.005620 -0.036058 0.049015
v -0.007359 -0.035451 0.049269
v -0.003909 -0.032253 0.048098
v -0.022795 -0.023876 -0.022826
v 0.010323 0.029824 0.048745
v 0.005526 -0.027095 0.045077
v 0.005045 -0.025480 0.044614
v 0.014491 0.033522 0.049499
v 0.004772 -0.033198 0.046975
v 0.001479 -0.033186 0.047293
v -0.002304 -0.033586 0.047961
v 0.003389 -0.033859 0.047693
v 0.001529 -0.035749 0.048307
v -0.000424 -0.034193 0.047805
v 0.015120 0.032120 0.049520
v 0.003717 -0.036763 0.048632
v -0.003674 -0.035434 0.010479
v 0.015487 -0.033308 0.048280
v 0.016210 -0.031706 0.047609
v 0.004005 -0.035399 0.048233
v 0.008914 0.035697 0.050348
v -0.000632 -0.032499 0.047071
v -0.004149 -0.034566 0.048765
v 0.000090 -0.037692 0.048814
v -0.001983 -0.038045 0.048767
v -0.001618 -0.035956 0.048518
v -0.002349 -0.039357 0.048864
v 0.012854 -0.039040 0.046097
v 0.012494 -0.038793 0.046945
v -0.000658 -0.039220 0.048956
v 0.005131 -0.040203 0.047694
v 0.001458 -0.040443 0.048177
v 0.004519 -0.040559 0.047242
v -0.000094 -0.040025 0.048642
v 0.008456 -0.034671 0.048025
v 0.006530 -0.039878 0.048311
v 0.008427 -0.038387 0.048989
v 0.004963 -0.037865 0.048944
v 0.002568 -0.038028 0.048833
v 0.003714 -0.040900 0.046472
v 0.001997 -0.040797 0.047162
v 0.003639 -0.040552 0.047760
v 0.003451 -0.039552 0.048957
v 0.005051 -0.040044 0.048440
v 0.006185 -0.035897 0.048559
v 0.005329 -0.034185 0.047687
v 0.012843 -0.037607 0.048556
v 0.006966 -0.037584 0.048936
v 0.000383 -0.041106 0.047104
v -0.007933 -0.039279 0.048617
v 0.028329 0.021236 0.015872
v 0.003443 -0.030530 -0.016914
v -0.004260 -0.038131 0.048704
v -0.003771 -0.037054 0.048780
v -0.009945 -0.038268 0.049028
v 0.001088 -0.039288 0.049022
v -0.001063 -0.040834 0.047995
v -0.001332 -0.040005 0.048631
v -0.002494 -0.040299 0.048284
v -0.005389 -0.040421 0.048205
v -0.004588 -0.038742 0.048932
v -0.009204 -0.039084 0.048354
v -0.006851 -0.037242 0.048997
v -0.003408 -0.041026 0.047545
v -0.014851 -0.036716 0.049317
v -0.013496 -0.031327 0.049052
v -0.006391 -0.039769 0.046478
v -0.014061 -0.035969 0.049229
v -0.017662 -0.034753 0.048836
v -0.016149 -0.035621 0.049068
v -0.005162 -0.037821 0.048852
v -0.013532 -0.037443 0.049113
v -0.016699 -0.034714 0.048995
v -0.016063 -0.033851 0.049300
v -0.018828 -0.035334 0.049275
v -0.024446 -0.032638 0.048943
v -0.006226 -0.038993 0.049011
v -0.015961 -0.036906 0.048840
v -0.016031 -0.036913 0.048154
v -0.026816 -0.029203 0.049819
v -0.026578 -0.030271 0.050088
v -0.024755 -0.022945 0.049928
v -0.028252 -0.025779 0.049872
v -0.029162 -0.021388 0.050482
v -0.019785 -0.028863 0.049644
v -0.020978 -0.030031 0.049111
v -0.026944 -0.026888 0.049586
v -0.018087 -0.026732 0.049103
v -0.026651 -0.025438 0.050026
v 0.009255 0.038809 0.049705
v -0.024619 -0.024688 0.049863
v -0.021654 -0.023620 0.049386
v -0.013186 -0.026189 0.047591
v -0.015627 -0.029235 0.048948
v -0.015612 -0.025398 0.048037
v -0.001865 -0.022639 -0.050775
v 0.014179 0.037551 0.048101
v -0.016089 -0.031292 0.049221
v -0.017824 -0.029440 0.049276
v 0.007758 0.039564 0.047650
v 0.006827 0.040571 0.047166
v -0.002438 -0.034897 0.008106
v -0.029728 -0.025429 0.049920
v -0.002682 0.038458 0.050403
v -0.024533 -0.024003 -0.012765
v 0.005082 0.039549 0.049849
v -0.028405 -0.024642 0.050213
v -0.032330 -0.024961 0.049920
v -0.029405 -0.028111 0.050277
v -0.022544 -0.027543 0.049591
v -0.029761 -0.027776 0.047660
v -0.024565 -0.026864 0.049509
v -0.025538 -0.028608 0.049150
v -0.013016 -0.034061 0.014419
v 0.007714 0.039086 0.049811
v -0.020640 -0.032965 0.048796
v -0.024014 -0.030237 0.048916
v -0.027310 -0.027926 0.049634
v 0.030806 0.015252 0.012406
v -0.026522 -0.029994 0.047443
v -0.018637 -0.031109 0.049139
v -0.023586 -0.031870 0.049444
v -0.024837 -0.031747 0.049702
v -0.026428 -0.031818 0.048082
v -0.004729 -0.036105 0.020077
v -0.027438 -0.030650 0.047887
v -0.023863 -0.031497 0.046712
v 0.004728 0.040417 0.047759
v -0.021086 -0.033399 0.049252
v -0.018903 -0.033078 0.048834
v 0.002606 0.041161 0.047296
v -0.019962 -0.034982 0.049077
v 0.029256 0.017303 0.010453
v -0.001695 -0.030225 -0.023186
v -0.020405 -0.035223 0.048447
v -0.021438 -0.034908 0.047205
v -0.022059 -0.031282 0.048675
v -0.020602 -0.034859 0.046976
v -0.016428 -0.037268 0.047902
v -0.015917 -0.038012 0.047478
v -0.009377 -0.034618 0.010874
v -0.006047 -0.035239 0.013703
v 0.004116 0.038880 0.050540
v -0.022911 -0.032036 0.045592
v -0.014823 -0.036630 0.045538
v -0.022750 -0.033365 0.049062
v -0.017559 -0.036156 0.048905
v -0.010921 -0.038185 0.048727
v 0.027040 0.011919 -0.017993
v -0.014153 -0.037591 0.048373
v -0.016726 -0.036696 0.048217
v -0.014740 -0.037347 0.048840
v 0.027501 0.011904 -0.016619
v -0.013923 -0.032981 0.049331
v -0.014299 -0.038318 0.047679
v -0.015198 -0.037493 0.046630
v -0.011195 -0.038819 0.048263
v 0.000997 -0.035400 0.011102
v -0.000903 0.039130 0.050220
v -0.007838 -0.040432 0.047541
v -0.012785 -0.038761 0.047876
v -0.014650 -0.027575 0.048380
v -0.012273 -0.038028 0.046173
v -0.010254 -0.039442 0.046655
v 0.028730 0.011918 -0.010099
v -0.016879 -0.037511 0.047563
v -0.008151 -0.039833 0.048046
v -0.008830 -0.039590 0.046388
v -0.007924 -0.038727 0.042759
v -0.010308 -0.039320 0.047788
v -0.007898 -0.038460 0.040518
v -0.009112 -0.037770 0.039162
v -0.009598 -0.037866 0.039884
v -0.008914 -0.038178 0.040878
v -0.008461 -0.038406 0.044036
v -0.010059 -0.037778 0.041269
v 0.001682 0.039753 0.049559
v -0.007995 -0.038686 0.041634
v -0.009960 -0.038293 0.044326
v -0.011429 -0.037723 0.044854
v -0.013690 -0.038440 0.046647
v -0.011884 -0.037322 0.041415
v -0.011100 -0.037594 0.041120
v -0.011470 -0.039030 0.046447
v -0.013453 -0.037157 0.043576
v -0.011362 -0.036935 0.038170
v -0.016893 -0.035868 0.046071
v -0.020973 -0.035342 0.047716
v -0.018571 -0.036331 0.047095
v -0.011162 -0.037657 0.042774
v -0.020266 -0.033716 0.045918
v -0.021633 -0.032821 0.046500
v -0.013269 -0.036722 0.041774
v -0.022885 -0.032895 0.047159
v -0.019062 -0.035879 0.048439
v -0.018931 -0.036538 0.047833
v -0.015477 -0.035552 0.041482
v -0.024152 -0.032748 0.047418
v -0.019887 -0.035764 0.047082
v -0.022935 -0.032333 0.041504
v -0.026151 -0.031420 0.049375
v -0.027713 -0.030695 0.048789
v -0.024006 -0.031478 0.043185
v -0.021622 -0.033954 0.047109
v -0.023351 -0.031528 0.038163
v -0.024517 -0.030800 0.045139
v -0.025369 -0.030676 0.044057
v -0.020966 -0.033511 0.044156
v -0.013732 -0.037425 0.046201
v -0.022428 -0.032760 0.044295
v 0.029098 0.014866 -0.001523
v -0.012330 -0.036987 0.041969
v -0.014466 -0.036178 0.040653
v -0.018952 -0.034951 0.046673
v -0.020822 -0.034523 0.048873
v 0.003081 0.038034 0.050843
v -0.014088 -0.036550 0.042161
v 0.001540 -0.032164 -0.007589
v -0.012183 -0.038222 0.048514
v -0.019474 -0.034231 0.044064
v -0.015388 -0.035662 0.039806
v -0.003551 -0.035035 0.008246
v -0.012706 -0.036930 0.042880
v -0.017092 -0.034767 0.038928
v -0.017997 -0.034425 0.039357
v 0.012490 0.031191 -0.008930
v -0.016551 -0.035464 0.042989
v -0.013287 -0.038028 0.048254
v -0.000601 -0.036825 0.021387
v -0.017436 -0.035334 0.044314
v -0.020736 -0.033520 0.041477
v -0.019482 -0.033860 0.041139
v -0.021184 -0.032688 0.038735
v -0.011764 -0.032895 0.001115
v -0.018183 -0.033215 0.032062
v 0.003115 0.039611 0.048298
v -0.021415 -0.031882 0.037136
v -0.017854 -0.034065 0.038001
v -0.017403 -0.034750 0.039991
v -0.015086 -0.034664 0.032270
v -0.020173 -0.032774 0.037736
v -0.016314 -0.034663 0.034940
v -0.018897 -0.033201 0.034022
v -0.022330 -0.030145 0.030165
v -0.022793 -0.030645 0.035531
v -0.024400 -0.029943 0.036810
v -0.019412 -0.032644 0.027914
v -0.021556 -0.031639 0.033724
v -0.022528 -0.032556 0.039925
v -0.022974 -0.030476 0.032584
v -0.020771 -0.033386 0.040238
v -0.017569 -0.033822 0.034290
v -0.021139 -0.031995 0.035521
v 0.000318 0.039105 0.042570
v -0.015929 -0.034149 0.027410
v -0.021745 -0.031113 0.028045
v -0.019871 -0.032822 0.035208
v -0.031709 -0.002126 -0.049120
v -0.019982 -0.032152 0.031209
v -0.015224 -0.034904 0.034028
v -0.016762 -0.033717 0.030158
v -0.018571 -0.033352 0.035322
v -0.016308 -0.034930 0.040076
v -0.016555 -0.034839 0.037476
v 0.001254 0.038902 0.043270
v -0.020222 -0.031711 0.028798
v 0.024191 0.018614 -0.017363
v -0.016461 -0.034134 0.031734
v -0.014423 -0.034440 0.029978
v -0.013589 -0.035147 0.031637
v -0.012928 -0.035060 0.029900
v -0.012480 -0.035770 0.032639
v 0.011327 0.039616 0.046300
v -0.015127 -0.035220 0.037339
v -0.020457 -0.032681 0.036564
v -0.013146 -0.036492 0.040563
v -0.013370 -0.035296 0.028280
v -0.017526 -0.033209 0.028670
v -0.015966 -0.034731 0.036325
v -0.014440 -0.035121 0.035600
v -0.015645 -0.034251 0.029782
v -0.013345 -0.036321 0.037107
v -0.016316 -0.033703 0.028901
v -0.016946 -0.033627 0.029262
v -0.011724 -0.036279 0.031887
v 0.006006 0.038446 0.037747
v -0.011043 -0.036264 0.030540
v -0.012677 -0.035810 0.035295
v -0.013734 -0.035398 0.033775
v 0.004524 0.039121 0.038682
v -0.009523 -0.036921 0.032912
v -0.010591 -0.037483 0.039826
v -0.009327 -0.036555 0.031011
v -0.036516 0.010985 0.023616
v 0.018379 0.029036 -0.003582
v -0.012814 -0.036517 0.038967
v 0.011585 0.036624 0.035300
v -0.008420 -0.038058 0.038884
v -0.008488 -0.037988 0.039744
v -0.011011 -0.036508 0.032996
v 0.010628 0.036961 0.032763
v -0.010557 -0.036898 0.034904
v -0.008914 -0.037362 0.034405
v -0.007729 -0.037517 0.032666
v -0.009758 -0.036896 0.035222
v 0.007865 0.037840 0.035888
v 0.008403 0.036010 0.020355
v 0.005772 0.036719 0.020895
v -0.011895 -0.037284 0.039971
v -0.010660 -0.035761 0.029172
v -0.010344 -0.038936 0.048565
v -0.010634 -0.036321 0.031752
v 0.006738 0.038335 0.040656
v -0.012438 -0.035778 0.031138
v 0.011320 0.038254 0.049066
v -0.008935 -0.036801 0.029923
v -0.009891 -0.036742 0.032096
v -0.011303 -0.036579 0.034550
v 0.006360 0.037853 0.029341
v -0.009839 -0.036716 0.034024
v -0.012254 -0.036134 0.033909
v 0.011934 0.038543 0.047737
v -0.009729 -0.036453 0.029711
v -0.000751 -0.038610 0.037588
v 0.024198 0.027560 0.023845
v 0.002208 -0.036983 0.028101
v 0.007790 0.038169 0.038734
v 0.001356 -0.037011 0.028298
v -0.002065 -0.039129 0.040588
v 0.000546 -0.038547 0.038269
v -0.010644 -0.038333 0.045862
v -0.005680 -0.039038 0.043293
v -0.007268 -0.039070 0.043563
v -0.006376 -0.040111 0.047316
v -0.013857 -0.036643 0.041233
v -0.007309 -0.037782 0.035876
v -0.016933 -0.037194 0.046936
v -0.007648 -0.037774 0.037840
v -0.006539 -0.038605 0.042220
v 0.001037 -0.030932 0.045869
v 0.000044 -0.040816 0.045800
v -0.004759 -0.040416 0.046470
v -0.001766 -0.040272 0.045751
v -0.001406 -0.041161 0.046664
v -0.000648 -0.039804 0.045356
v -0.007823 -0.040100 0.046754
v 0.000104 -0.039543 0.043063
v -0.000010 -0.038913 0.039841
v 0.000884 -0.039440 0.042884
v -0.003504 -0.038498 0.038506
v -0.002968 -0.040804 0.046273
v 0.000617 -0.038909 0.039273
v 0.001729 -0.038967 0.041174
v 0.002727 -0.040608 0.045611
v 0.000703 -0.039191 0.040257
v 0.005940 -0.040685 0.046969
v 0.007599 -0.040257 0.046703
v 0.010993 -0.037674 0.043834
v 0.005567 -0.039674 0.045086
v 0.018603 0.031382 0.017341
v 0.001567 -0.040467 0.045471
v 0.003912 -0.039749 0.045336
v 0.005453 -0.038981 0.043092
v 0.007098 -0.038745 0.043614
v -0.001532 -0.039429 0.043479
v 0.006813 -0.038133 0.040054
v -0.007224 -0.035764 0.018345
v 0.007210 -0.039245 0.045012
v 0.005964 -0.039016 0.044366
v 0.004246 -0.038733 0.042042
v 0.007330 -0.038204 0.041994
v 0.005975 -0.038147 0.036998
v 0.005792 -0.037864 0.036157
v 0.008065 -0.037270 0.036595
v 0.003840 -0.038837 0.040657
v 0.021922 0.013500 0.044887
v 0.008224 -0.037994 0.040938
v 0.006093 0.038419 0.042090
v 0.013145 0.036508 0.040624
v 0.013930 0.035773 0.039512
v 0.003868 -0.038286 0.035819
v -0.007427 -0.039039 0.045961
v 0.002078 -0.039124 0.040077
v 0.002080 -0.038978 0.039154
v -0.008201 -0.030120 -0.021271
v 0.002068 -0.038242 0.034691
v -0.000598 -0.039380 0.042477
v -0.036422 -0.011845 0.032709
v 0.025561 0.025376 0.017647
v -0.000060 -0.038948 0.041047
v 0.002897 -0.037955 0.034635
v 0.003898 -0.037098 0.029936
v -0.002181 -0.038643 0.039078
v 0.013137 -0.035636 0.036151
v 0.011596 -0.036055 0.036043
v 0.002856 0.038654 0.043093
v 0.010196 -0.035892 0.031036
v 0.008613 -0.036739 0.031873
v 0.008663 -0.036429 0.030402
v 0.006723 -0.037594 0.036247
v 0.002725 -0.038562 0.038269
v 0.007617 -0.037456 0.035561
v 0.006826 -0.021137 0.044081
v 0.012168 -0.035057 0.026968
v -0.039884 -0.008564 0.048813
v -0.002922 0.038944 0.035515
v -0.010262 -0.035816 0.026234
v 0.004261 -0.037461 0.032680
v 0.005656 -0.037022 0.030370
v -0.000141 -0.037684 0.030158
v 0.002882 -0.038241 0.035626
v -0.001058 0.038915 0.035585
v 0.004593 0.037002 0.019018
v 0.009795 0.036881 0.030380
v 0.000768 -0.037213 0.029047
v -0.032660 -0.018213 0.017251
v -0.004219 -0.038207 0.035069
v 0.002120 0.037854 0.023001
v 0.001994 -0.037588 0.031680
v 0.006885 -0.037478 0.034883
v 0.007343 -0.037191 0.033564
v 0.000117 -0.037897 0.033240
v -0.002812 -0.037232 0.029069
v -0.014063 -0.034562 0.023793
v 0.001902 -0.036821 0.028846
v 0.000791 -0.037510 0.031145
v 0.005557 -0.037401 0.032263
v 0.007178 -0.036272 0.026664
v -0.004464 0.038984 0.037270
v -0.001642 -0.037808 0.032422
v 0.000441 -0.037018 0.028104
v -0.000589 -0.037527 0.028725
v 0.000607 -0.038286 0.036628
v 0.001965 -0.037290 0.030041
v -0.001750 -0.037136 0.028537
v -0.031158 -0.021343 0.024926
v -0.000894 -0.038304 0.036000
v -0.001556 -0.037497 0.031023
v -0.001753 0.039232 0.038099
v 0.002589 0.038900 0.038979
v 0.004993 -0.037816 0.035888
v 0.001521 0.038627 0.041301
v 0.003985 0.038179 0.027826
v 0.003859 -0.038554 0.039132
v 0.001659 -0.029298 0.045240
v 0.007492 0.036915 0.021863
v 0.009322 -0.036560 0.033668
v 0.005753 -0.023360 0.044034
v 0.003706 -0.037865 0.034081
v 0.003483 -0.038374 0.037253
v -0.003466 -0.039025 0.041718
v 0.002380 -0.028938 0.045218
v -0.004333 -0.038738 0.039965
v 0.000749 -0.029699 0.045390
v -0.001999 -0.039091 0.042232
v 0.001466 -0.039019 0.039880
v -0.000312 -0.038282 0.034408
v -0.001642 -0.038326 0.036751
v -0.001736 -0.037737 0.029613
v -0.003025 -0.038163 0.035179
v -0.036792 -0.012469 0.041740
v 0.000963 -0.038327 0.035147
v 0.000070 -0.038487 0.035438
v 0.000786 0.039083 0.036873
v 0.000463 0.039215 0.039524
v -0.002842 -0.037936 0.032875
v -0.000377 -0.037739 0.031836
v 0.010323 -0.036493 0.035037
v -0.009503 -0.037440 0.038590
v -0.003191 -0.037976 0.034076
v -0.004116 -0.037840 0.033320
v -0.002033 -0.038258 0.034142
v -0.000085 -0.038698 0.038852
v -0.002905 -0.039678 0.043922
v -0.006775 -0.038123 0.039671
v -0.001446 -0.038433 0.035031
v -0.003822 -0.037844 0.031590
v -0.005356 -0.038811 0.041064
v -0.002037 0.039117 0.033704
v -0.037244 -0.012257 0.044329
v -0.000708 -0.037834 0.033090
v -0.002192 -0.038202 0.035879
v 0.000840 0.037834 0.022371
v -0.002712 0.038740 0.032306
v -0.009006 -0.038707 0.045538
v -0.007766 -0.038838 0.044812
v -0.003876 -0.040485 0.048283
v 0.001279 0.038052 0.026368
v 0.014193 0.035381 0.034732
v 0.003604 0.037488 0.024282
v -0.003958 -0.039334 0.044473
v -0.006467 -0.039092 0.044561
v -0.002199 -0.038554 0.037785
v -0.022186 -0.034695 0.047684
v -0.008644 -0.037320 0.035249
v -0.002975 0.038162 0.024695
v -0.009393 -0.037180 0.036691
v -0.002568 -0.037548 0.031746
v -0.009084 -0.037856 0.042651
v -0.006069 -0.037683 0.035197
v 0.004463 0.035322 0.000424
v 0.003058 -0.039067 0.041345
v -0.000615 -0.039439 0.044522
v -0.007753 -0.037437 0.034416
v -0.005292 -0.038078 0.035373
v -0.006887 -0.037670 0.033251
v -0.002774 -0.037500 0.030418
v 0.001321 0.037144 0.016731
v -0.022641 -0.034003 0.047371
v -0.004770 -0.037298 0.030786
v -0.005581 -0.037641 0.032006
v -0.006607 -0.037593 0.034459
v -0.006750 -0.037008 0.030687
v -0.007290 -0.037411 0.031988
v -0.004926 -0.037308 0.029771
v -0.008038 -0.037189 0.031165
v 0.006165 0.037224 0.023487
v -0.005737 -0.036856 0.027670
v -0.003992 -0.037536 0.029926
v -0.015273 -0.037371 0.048080
v -0.007131 -0.024318 0.046023
v -0.000312 -0.021083 0.044578
v 0.012675 0.036229 0.033383
v -0.001975 -0.024589 0.045193
v 0.010196 0.037130 0.041342
v -0.004323 -0.015487 0.045496
v 0.009578 0.037187 0.034081
v -0.005131 -0.023610 0.045395
v 0.015909 0.029815 -0.006798
v 0.000542 -0.028427 0.045435
v -0.007107 -0.022430 0.045561
v 0.010251 0.036365 0.027160
v 0.021723 0.030114 0.027771
v 0.004513 -0.028340 0.045286
v 0.002438 -0.024382 0.044760
v -0.001290 -0.017696 0.044638
v 0.001148 -0.015592 0.044303
v 0.003862 -0.019460 0.044241
v 0.004393 -0.014740 0.044257
v 0.006321 -0.016877 0.044352
v 0.007203 -0.019234 0.044147
v 0.000312 -0.026641 0.045152
v 0.006275 -0.014868 0.044454
v 0.022499 0.029703 0.029075
v 0.019295 0.033518 0.036939
v -0.001206 -0.014787 0.044777
v 0.015430 0.031000 -0.005570
v 0.012014 0.036698 0.040210
v 0.015831 0.034586 0.031755
v 0.002610 -0.010998 0.044311
v 0.004953 -0.008877 0.044374
v 0.014066 0.035409 0.032532
v 0.006438 -0.005891 0.044680
v 0.017033 0.029744 -0.005021
v -0.002203 -0.009254 0.044963
v 0.000500 -0.008963 0.044527
v -0.000699 -0.006013 0.044776
v -0.007079 -0.014535 0.046096
v 0.021802 0.027894 0.011447
v -0.000059 -0.011925 0.044617
v 0.001021 -0.018663 0.044416
v 0.020168 0.029280 0.013696
v 0.023538 0.029880 0.033981
v 0.021530 0.029428 0.020590
v 0.016448 0.033504 0.024841
v 0.019097 0.031282 0.021557
v 0.016799 0.033088 0.021695
v -0.009939 -0.008584 0.046262
v 0.007063 -0.015623 0.044624
v 0.008323 -0.015989 0.044551
v 0.001738 -0.040963 0.046240
v 0.008399 -0.017620 0.044397
v 0.015468 0.032751 0.014974
v -0.030463 -0.022554 0.031386
v -0.028079 -0.026622 0.037930
v -0.029516 -0.023962 0.033515
v -0.024322 -0.028769 0.030934
v -0.024460 -0.029526 0.034092
v -0.024244 -0.029693 0.032075
v -0.015926 -0.033902 0.029437
v -0.030253 -0.022573 0.029090
v -0.024090 -0.031419 0.040563
v -0.026162 -0.027879 0.033688
v -0.025191 -0.028473 0.032038
v -0.030186 -0.023566 0.036332
v 0.006088 0.034859 -0.000499
v -0.030640 -0.024489 0.041925
v -0.025392 -0.029953 0.038837
v 0.008289 0.034760 0.001725
v -0.029042 -0.026324 0.040962
v 0.013573 0.032007 -0.001186
v 0.018913 0.029446 0.006242
v -0.025680 -0.028445 0.035135
v -0.027020 -0.028371 0.039665
v -0.025751 -0.029903 0.041298
v -0.027398 -0.028207 0.045327
v -0.027108 -0.028540 0.042237
v -0.030059 -0.025484 0.043509
v -0.025208 -0.030135 0.046341
v -0.028837 -0.025471 0.037668
v 0.032489 -0.005951 0.003159
v -0.026826 -0.026600 0.029783
v -0.026890 -0.027125 0.031602
v -0.027126 -0.027396 0.035558
v -0.038361 0.006084 0.038437
v -0.037197 -0.011028 0.040774
v -0.039476 -0.001880 0.043296
v -0.036934 -0.012222 0.040094
v -0.038922 -0.004358 0.041668
v -0.039462 -0.003201 0.042336
v -0.039264 -0.002047 0.042228
v -0.040364 -0.006074 0.046734
v -0.038088 -0.007013 0.039663
v -0.038845 -0.004504 0.039857
v -0.038966 -0.007232 0.045010
v -0.036253 -0.015318 0.045246
v -0.035006 -0.018395 0.045051
v -0.031963 -0.022884 0.044544
v -0.032126 -0.022420 0.043146
v -0.036984 -0.014407 0.046158
v -0.028433 -0.027325 0.043923
v 0.024710 -0.020476 -0.002205
v -0.030811 -0.022477 0.033821
v 0.005902 0.030924 -0.034672
v -0.033565 -0.019626 0.040865
v -0.037672 -0.010451 0.041704
v -0.035762 -0.018282 0.047323
v -0.034435 -0.017860 0.040536
v -0.036193 -0.015076 0.043613
v -0.036343 -0.014331 0.041435
v -0.033430 -0.020287 0.042883
v -0.034855 -0.016177 0.034593
v -0.034270 -0.017287 0.036812
v -0.032634 -0.020258 0.037239
v -0.032292 -0.020727 0.038944
v -0.033606 -0.018976 0.037468
v -0.029882 -0.023332 0.027842
v -0.030385 -0.023102 0.032805
v -0.034488 -0.017384 0.038504
v -0.032548 -0.020084 0.035894
v -0.029465 -0.023951 0.031563
v -0.031933 -0.020438 0.031261
v 0.004444 0.037086 0.016539
v -0.032427 -0.019556 0.031144
v -0.032221 -0.020644 0.033544
v -0.033422 -0.019329 0.034443
v -0.036575 -0.013239 0.038401
v -0.034187 -0.016123 0.029503
v -0.035168 -0.014553 0.028033
v -0.029286 -0.023634 0.029646
v -0.035936 -0.013898 0.033507
v -0.034730 -0.017082 0.037643
v -0.035196 -0.015603 0.036289
v -0.038874 -0.004307 0.043276
v -0.038736 -0.006541 0.043512
v -0.036384 -0.014258 0.039471
v -0.038466 -0.004876 0.032655
v -0.034205 -0.017279 0.032131
v -0.034081 -0.017979 0.034711
v -0.036397 -0.012983 0.034969
v -0.035092 -0.015272 0.031832
v -0.034447 -0.015938 0.027719
v -0.035642 -0.013075 0.029286
v -0.035085 -0.014421 0.030024
v -0.036472 -0.011178 0.029663
v -0.036515 -0.013055 0.036708
v -0.036458 -0.012449 0.032508
v -0.038137 -0.008639 0.037785
v -0.037642 -0.010220 0.040092
v -0.036821 -0.011312 0.038156
v -0.036678 -0.011954 0.033514
v -0.037886 -0.009141 0.042034
v 0.008437 -0.009150 0.044726
v -0.037266 -0.010184 0.033251
v -0.033579 -0.017795 0.029861
v -0.037642 -0.008078 0.034135
v 0.006725 -0.012876 0.044552
v -0.037664 -0.007086 0.029262
v -0.036965 -0.010865 0.035518
v -0.037019 -0.009023 0.028314
v -0.036621 -0.011322 0.032083
v -0.037391 -0.008735 0.031089
v -0.028707 -0.024958 0.033397
v -0.025879 -0.027170 0.024689
v -0.026710 -0.026271 0.021411
v -0.025044 -0.028016 0.020802
v -0.029155 -0.024685 0.034346
v -0.023580 -0.029670 0.030902
v -0.034703 -0.016341 0.036980
v -0.024032 -0.028959 0.026491
v -0.024751 -0.027429 0.015797
v -0.026176 -0.026598 0.019473
v -0.024697 -0.027028 0.010090
v -0.021849 -0.028399 0.001722
v -0.023468 -0.028458 0.017420
v -0.025333 -0.027538 0.023032
v -0.024010 -0.026217 -0.000640
v -0.024068 -0.026605 0.002357
v -0.022258 -0.028052 0.003433
v -0.024743 -0.026201 0.006506
v -0.021419 -0.028291 -0.001595
v -0.022930 -0.028435 0.011013
v -0.021288 -0.028672 0.002703
v -0.019662 -0.030082 0.008075
v -0.022467 -0.027787 0.000095
v -0.019349 -0.028445 -0.005381
v -0.019929 -0.028957 -0.001559
v -0.021376 -0.028372 0.000638
v -0.018331 -0.028817 -0.006075
v -0.019209 -0.029419 -0.002712
v -0.019173 -0.029449 0.000798
v -0.018119 -0.030648 0.002482
v -0.020740 -0.029123 0.002114
v -0.021991 -0.029370 0.009086
v -0.023993 -0.026915 0.004850
v 0.017107 0.006031 0.045434
v 0.019495 0.028471 -0.005516
v -0.016177 -0.031538 0.003104
v -0.020889 -0.030745 0.019519
v -0.016678 -0.032177 0.011273
v -0.020578 -0.030318 0.012332
v -0.023682 -0.027822 0.013391
v -0.017146 -0.032430 0.017705
v -0.031559 -0.021923 0.034254
v -0.022447 -0.029741 0.019996
v -0.016329 -0.034138 0.033293
v -0.016297 -0.033758 0.024880
v -0.017147 -0.032550 0.019247
v -0.018423 -0.032884 0.027206
v -0.016430 -0.032405 0.014226
v -0.019058 -0.031457 0.017977
v -0.018745 -0.032330 0.022075
v -0.035341 -0.016916 0.044616
v -0.017800 -0.031915 0.014971
v -0.021403 -0.029089 0.007548
v -0.018662 -0.031195 0.012639
v -0.020368 -0.031366 0.021045
v -0.018325 -0.032890 0.025899
v -0.019493 -0.032216 0.024163
v -0.015383 -0.034458 0.028662
v -0.026061 -0.026082 0.016854
v -0.031782 -0.021638 0.036405
v -0.023142 -0.029652 0.023902
v -0.015950 -0.032318 0.011408
v -0.023240 -0.029917 0.027497
v 0.026738 0.013064 -0.018712
v -0.019537 -0.030750 0.010315
v 0.022050 0.007102 0.045191
v -0.021443 -0.029765 0.017049
v -0.022478 -0.029485 0.018658
v -0.018490 -0.030881 0.005948
v 0.036751 0.004363 0.029482
v -0.020791 -0.030939 0.024253
v -0.019909 -0.030686 0.013774
v -0.022423 -0.027197 -0.001482
v -0.020630 -0.030074 0.009503
v -0.017338 -0.031799 0.013121
v -0.020698 -0.029626 0.006456
v -0.022957 -0.029695 0.024856
v -0.018746 -0.032075 0.020542
v -0.019296 -0.032594 0.025230
v 0.026844 -0.023549 0.019036
v 0.034882 0.002657 0.016558
v -0.027348 -0.026337 0.027145
v -0.019944 -0.031919 0.025273
v -0.018972 -0.031661 0.016475
v -0.019368 -0.032404 0.026377
v -0.020481 -0.031589 0.026719
v 0.019457 0.030543 0.017589
v 0.024794 0.026427 0.020105
v 0.015385 0.031263 -0.003652
v -0.019564 -0.031721 0.022893
v -0.017086 -0.032565 0.016526
v -0.016468 -0.032665 0.015668
v -0.030306 -0.026519 0.047223
v -0.029654 -0.026010 0.045759
v -0.019119 -0.031306 0.014276
v -0.022102 -0.029177 0.012735
v -0.026543 -0.029022 0.046077
v 0.026260 0.024747 0.020597
v -0.016673 -0.033332 0.023780
v -0.017399 -0.031907 0.011672
v -0.016055 -0.033434 0.019474
v -0.015980 -0.033314 0.022421
v 0.024171 0.026446 0.017682
v -0.015091 -0.033936 0.024660
v -0.015674 -0.033009 0.017277
v -0.018412 -0.031558 0.016011
v -0.018114 -0.032064 0.016713
v -0.014591 -0.034047 0.021806
v -0.013390 -0.033234 0.011462
v -0.014742 -0.033039 0.011444
v 0.014371 0.026590 -0.031044
v -0.013061 -0.033643 0.012558
v -0.015301 -0.032734 0.013345
v -0.015754 -0.034489 0.030819
v -0.022846 -0.023762 -0.029449
v -0.016314 -0.032844 0.018574
v 0.027222 0.011301 -0.019810
v -0.016714 -0.032091 0.010157
v 0.018716 0.024831 -0.018412
v -0.018225 -0.032711 0.024519
v 0.033419 0.012565 0.021930
v -0.016541 -0.032392 0.012482
v 0.029655 0.019163 0.019814
v -0.013895 -0.033374 0.009444
v -0.035679 0.008933 -0.003871
v -0.016362 -0.033139 0.020798
v -0.015552 -0.032201 0.008355
v -0.013600 -0.033029 0.007078
v 0.024761 0.016962 -0.019957
v 0.030859 0.017238 0.018748
v 0.024863 0.024715 0.014516
v 0.026211 0.023830 0.016155
v -0.020463 -0.028489 -0.002954
v -0.016185 -0.031806 0.004696
v 0.034329 0.013911 0.029269
v -0.019833 -0.029746 0.005070
v -0.017744 -0.031520 0.008779
v -0.016574 -0.032052 0.007059
v 0.034776 0.001444 0.015344
v -0.018158 -0.031607 0.010470
v -0.018685 -0.030699 0.004189
v -0.016528 -0.029942 -0.004404
v -0.016991 -0.030463 -0.001172
v -0.018171 -0.030299 0.000471
v -0.029174 0.019479 -0.031121
v 0.018268 0.011304 0.044666
v -0.021210 -0.029621 0.010811
v -0.017725 -0.029897 -0.002979
v -0.015542 -0.031029 -0.002485
v -0.018031 -0.029358 -0.004880
v 0.024346 0.010779 -0.038128
v 0.024814 0.012935 -0.030542
v 0.019169 0.013507 0.044612
v -0.016013 -0.031855 0.005872
v -0.015958 -0.031136 -0.000787
v 0.036170 0.008897 0.030521
v -0.014637 -0.031781 -0.000306
v 0.024591 0.015570 -0.024481
v -0.012650 -0.032975 0.002063
v -0.014251 -0.032211 0.002639
v 0.027084 0.003652 0.045746
v -0.016656 -0.031127 0.001202
v -0.016719 -0.031027 -0.000002
v -0.014882 -0.030548 -0.006176
v -0.014091 -0.032494 0.001128
v -0.013269 -0.032182 -0.001919
v -0.010594 -0.032338 -0.004245
v -0.010431 -0.032516 -0.003005
v -0.010967 -0.032512 -0.002145
v -0.011849 -0.031691 -0.005757
v -0.018548 -0.029902 -0.001348
v -0.013800 -0.031024 -0.004336
v -0.015902 -0.029978 -0.005660
v -0.015866 -0.031520 0.000251
v 0.025928 0.005186 0.045638
v -0.012200 -0.031796 -0.003807
v 0.016653 -0.019665 -0.040819
v 0.011107 -0.034079 0.018983
v 0.013484 -0.029244 -0.003127
v 0.015196 -0.029433 0.000283
v 0.015260 -0.029831 0.001639
v 0.036593 0.005698 0.030690
v 0.033564 0.014843 0.026968
v 0.010031 -0.031055 -0.002060
v 0.014282 -0.029555 -0.001180
v 0.013605 -0.029456 -0.002284
v 0.013175 -0.029804 -0.001707
v 0.025142 -0.012257 -0.021966
v 0.023863 -0.021472 -0.002158
v 0.019665 -0.029368 0.014782
v 0.020490 -0.006291 0.045023
v -0.031816 0.021921 0.022232
v -0.031928 0.021913 0.019574
v -0.031228 0.023205 0.017639
v -0.015300 -0.032474 0.006589
v -0.010092 -0.033231 -0.000499
v 0.024795 -0.022658 0.006462
v -0.033971 0.011234 -0.035204
v -0.031926 0.015342 -0.035749
v 0.006911 -0.033895 0.008984
v 0.015555 -0.027580 -0.003977
v 0.014446 -0.028849 -0.002929
v 0.014482 -0.028105 -0.004262
v -0.038320 0.014368 0.050747
v 0.007179 -0.033111 0.002444
v 0.006794 -0.031611 -0.003867
v 0.025706 -0.000938 0.045439
v 0.005090 -0.031755 -0.004684
v -0.008975 -0.033632 0.000845
v -0.009272 -0.034031 0.004227
v -0.002130 -0.033394 -0.003333
v -0.003240 -0.033634 -0.003021
v 0.016996 0.035319 0.043494
v 0.018061 0.036421 0.045012
v 0.019820 0.034409 0.043899
v 0.008935 -0.032056 0.000078
v 0.006637 -0.031605 -0.006714
v 0.006846 -0.032334 -0.001942
v 0.006966 -0.031332 -0.005314
v -0.004660 -0.032532 -0.006956
v -0.004257 -0.033067 -0.005385
v -0.009133 -0.034477 0.008350
v -0.014592 -0.032464 0.004805
v -0.011188 -0.033471 0.005515
v -0.012934 -0.032682 0.003707
v -0.012720 -0.034308 0.018188
v -0.011608 -0.032946 -0.000280
v -0.008169 -0.033978 0.001981
v -0.019047 -0.031385 0.015566
v -0.013352 -0.033819 0.015159
v 0.025948 0.001555 0.045617
v -0.037638 0.001278 0.015049
v -0.014345 -0.033470 0.015078
v -0.014956 -0.033819 0.023232
v -0.002334 -0.035253 0.010272
v -0.005981 -0.032983 -0.004085
v -0.036302 0.010360 0.013882
v -0.001927 -0.034858 0.005509
v -0.001186 -0.034421 0.002620
v -0.000975 -0.033176 -0.004565
v -0.024573 0.030776 0.049977
v 0.037408 -0.006570 0.036088
v -0.013716 0.035599 0.017641
v -0.001690 -0.034333 0.000853
v -0.000134 -0.033644 -0.001841
v -0.000212 -0.033907 -0.000733
v 0.000233 -0.034260 0.001027
v -0.000834 -0.034541 0.004504
v -0.000350 -0.034259 0.001796
v -0.017864 0.030364 -0.007530
v 0.000561 -0.034429 0.004540
v -0.002743 -0.034281 0.002374
v 0.000588 -0.034453 0.002939
v 0.001694 -0.034466 0.004163
v 0.002555 -0.033926 0.000963
v -0.000955 -0.033907 -0.000232
v -0.000555 -0.033296 -0.003283
v -0.005926 -0.033822 -0.000877
v 0.000940 -0.034168 0.002172
v -0.039453 -0.005471 0.050725
v 0.005305 -0.031328 -0.008942
v 0.000163 -0.032728 -0.004716
v 0.003010 -0.032922 -0.003350
v -0.006598 -0.033610 -0.000822
v 0.007047 -0.032561 -0.000206
v 0.026192 -0.009805 0.045153
v 0.001303 -0.033192 -0.003619
v -0.031419 -0.023088 0.042224
v 0.006126 -0.031530 -0.004987
v 0.008969 -0.033187 0.008240
v 0.007293 -0.032495 -0.001150
v -0.037171 0.005019 0.009307
v 0.002842 -0.033700 0.000323
v 0.008521 -0.034246 0.010957
v -0.000766 -0.034078 0.000892
v 0.004087 -0.033661 0.001824
v 0.004907 -0.032962 -0.001965
v 0.001121 -0.033839 0.000029
v 0.006159 -0.033353 0.001300
v 0.006791 -0.033493 0.003479
v 0.027536 0.000318 0.045562
v 0.028734 -0.004839 0.045020
v 0.006752 -0.035697 0.023440
v 0.001741 -0.034186 0.002902
v 0.000188 -0.034606 0.003740
v 0.005635 -0.034079 0.005968
v 0.004753 -0.034086 0.007195
v 0.009413 -0.035171 0.023552
v 0.010374 -0.034748 0.020656
v 0.005485 -0.034951 0.013543
v -0.035956 -0.010961 0.022399
v 0.005569 -0.034502 0.010037
v 0.012387 -0.033754 0.019923
v 0.004100 -0.034408 0.006502
v 0.001414 -0.033396 -0.002584
v 0.002920 -0.034175 0.003129
v 0.029281 -0.001224 0.045509
v 0.008220 -0.032964 0.003550
v 0.006996 -0.035562 0.017913
v 0.032015 0.006095 0.047660
v 0.004703 -0.034433 0.009550
v 0.032553 0.003874 0.047272
v 0.002218 -0.034615 0.005284
v 0.008687 -0.034499 0.013851
v 0.006189 -0.035163 0.014426
v 0.004886 -0.036176 0.022625
v 0.005009 -0.036416 0.024223
v 0.002842 -0.037186 0.027543
v 0.006568 -0.035974 0.024904
v 0.011965 -0.035454 0.032214
v 0.011937 -0.035596 0.031169
v -0.005938 0.038908 0.041001
v 0.031043 0.001388 0.045692
v 0.004120 -0.035975 0.019370
v 0.028737 0.001808 0.045570
v 0.008776 -0.033627 0.009939
v 0.022529 0.013677 -0.040176
v 0.010980 -0.034993 0.025331
v 0.004893 -0.035133 0.014934
v -0.035766 0.013497 0.023275
v 0.006261 -0.035290 0.016758
v 0.032409 -0.003271 0.046086
v 0.006048 -0.035793 0.023175
v 0.003556 -0.036495 0.025118
v 0.006541 -0.035586 0.023034
v 0.004531 -0.036274 0.020977
v 0.004072 -0.034770 0.010159
v 0.030463 0.004823 0.046560
v 0.002881 -0.034703 0.009062
v 0.004389 -0.034893 0.013098
v 0.005872 -0.033589 0.002537
v 0.004023 -0.035836 0.015883
v 0.007060 -0.033474 0.004789
v 0.004971 -0.035720 0.016509
v 0.008070 -0.030771 -0.005192
v 0.007543 -0.031266 -0.004506
v -0.008438 0.036861 0.019949
v 0.006903 0.029448 -0.043052
v 0.009375 -0.032820 0.005148
v 0.007757 -0.033574 0.006575
v 0.002079 -0.034051 0.001764
v 0.028944 0.003872 0.045949
v 0.002626 -0.033550 -0.001178
v 0.006361 -0.034658 0.011477
v 0.005341 -0.034993 0.012248
v 0.005035 -0.035094 0.011023
v 0.002545 -0.035545 0.010497
v 0.005407 -0.032464 -0.003411
v 0.028066 0.005693 0.046039
v 0.000719 -0.035049 0.009811
v 0.002908 -0.035700 0.017839
v 0.003650 -0.036318 0.021183
v 0.005510 -0.035578 0.019825
v 0.006350 -0.035364 0.018660
v 0.002052 -0.035921 0.016461
v 0.001253 -0.034861 0.008292
v -0.000624 -0.034651 0.006147
v 0.005907 -0.034010 0.007606
v 0.000777 -0.034756 0.005498
v 0.001455 -0.035370 0.010258
v 0.033137 0.009979 0.049107
v 0.005443 -0.033763 0.003860
v 0.019125 0.012481 -0.051294
v 0.001415 -0.035815 0.015366
v 0.003392 -0.035170 0.012723
v 0.001855 -0.036092 0.018152
v -0.000742 -0.036547 0.020326
v -0.000166 -0.036401 0.018517
v -0.010294 0.037661 0.034307
v -0.000471 -0.036048 0.016652
v 0.004222 -0.037040 0.026332
v 0.003219 -0.036002 0.020350
v 0.002643 -0.036175 0.019048
v 0.033935 0.004544 0.047708
v 0.003597 -0.036227 0.022088
v 0.002024 -0.037083 0.025092
v -0.000653 -0.036225 0.019491
v 0.020076 0.013917 -0.049901
v 0.000780 -0.036131 0.015990
v -0.002105 -0.036033 0.016472
v 0.032715 -0.010486 0.047046
v -0.002838 -0.035866 0.017243
v 0.005314 -0.036973 0.027053
v -0.007199 -0.032854 -0.004476
v -0.004038 0.038975 0.039071
v -0.007052 -0.033534 -0.001282
v -0.010489 0.037618 0.042924
v 0.024398 0.003631 0.045766
v 0.001115 -0.036498 0.022766
v 0.000095 -0.037244 0.027574
v 0.002494 -0.036620 0.021254
v -0.000027 -0.036699 0.022222
v 0.024046 0.005882 0.045518
v -0.004076 -0.036933 0.028728
v -0.015942 0.036450 0.045062
v -0.013687 0.037982 0.045868
v -0.000785 -0.036989 0.025152
v -0.016233 0.037788 0.046673
v 0.000261 -0.036132 0.017550
v 0.001111 -0.036043 0.017190
v -0.003580 -0.036432 0.021431
v -0.001910 -0.036492 0.020946
v -0.002405 -0.037224 0.027303
v 0.002488 -0.036508 0.022535
v -0.001952 -0.036999 0.022998
v -0.005058 -0.036372 0.021111
v -0.018552 0.037148 0.047438
v -0.006197 -0.036551 0.024618
v -0.005098 -0.036545 0.022487
v -0.004567 -0.035995 0.017756
v 0.001721 -0.036568 0.021965
v 0.000716 -0.036536 0.021178
v -0.003950 -0.037111 0.025139
v -0.006278 -0.036679 0.023449
v -0.007511 -0.036011 0.022939
v -0.006425 -0.036226 0.022364
v -0.002404 -0.036878 0.024434
v -0.005389 -0.036006 0.018820
v -0.010762 -0.035515 0.023013
v -0.009260 -0.036113 0.028346
v -0.012043 -0.035802 0.029881
v -0.013706 -0.034626 0.024443
v -0.006482 -0.036945 0.027243
v -0.006589 -0.036647 0.028181
v -0.014277 -0.034716 0.028474
v -0.014758 -0.033800 0.019997
v -0.011527 -0.034882 0.017260
v -0.012599 -0.034690 0.023373
v -0.008971 -0.035536 0.021777
v -0.002572 -0.037143 0.025760
v -0.008577 -0.036420 0.024978
v -0.010170 -0.035636 0.025116
v -0.007277 -0.036208 0.020860
v -0.007012 -0.036857 0.025853
v -0.011884 -0.035513 0.028516
v -0.011195 -0.034589 0.018754
v -0.004935 -0.036666 0.024072
v -0.006018 -0.036180 0.021536
v 0.000989 -0.036901 0.024281
v 0.004214 -0.033909 0.005092
v -0.012602 -0.033241 0.005467
v -0.006513 -0.035670 0.016618
v -0.012781 -0.033539 0.008126
v -0.012207 -0.034697 0.020235
v -0.012356 -0.034495 0.019798
v -0.011353 -0.034475 0.015509
v -0.012470 -0.033958 0.015256
v -0.008430 -0.034066 0.003561
v 0.019504 0.017072 -0.047133
v -0.009525 -0.033847 0.002175
v -0.000615 -0.034970 0.007972
v -0.006751 -0.036197 0.021757
v 0.009781 -0.031623 -0.000714
v 0.004774 -0.035659 0.017855
v -0.010893 -0.033436 0.004016
v -0.001532 -0.032811 -0.006095
v -0.002713 -0.032984 -0.004912
v 0.021021 0.005027 0.045677
v -0.005770 -0.032824 -0.005579
v -0.002673 -0.033827 -0.001904
v -0.003069 -0.034276 0.001206
v -0.004123 -0.033822 -0.002704
v 0.027467 0.009996 0.045830
v -0.003915 -0.033283 -0.003871
v -0.010366 -0.033263 0.001019
v 0.024349 0.011401 -0.036606
v -0.003171 -0.032806 -0.006373
v -0.004412 -0.034006 0.000050
v -0.011823 -0.033673 0.006108
v -0.011646 -0.033701 0.007696
v 0.006998 -0.037852 0.037911
v -0.012952 -0.034120 0.016939
v -0.009593 -0.033379 -0.001547
v -0.010405 -0.034921 0.018284
v -0.012555 -0.034127 0.016091
v -0.013532 -0.033809 0.016096
v -0.012965 -0.032664 0.000346
v -0.008325 -0.033644 -0.000551
v -0.008942 -0.034573 0.009713
v -0.012759 -0.035053 0.024869
v -0.012081 -0.034656 0.019473
v -0.011913 -0.033327 0.004327
v -0.010164 -0.034916 0.016254
v -0.008666 -0.034865 0.013967
v -0.011331 -0.033697 0.006660
v -0.008729 -0.034108 0.004924
v -0.009584 -0.035100 0.018620
v -0.008847 -0.034990 0.018028
v -0.012162 -0.033501 0.008920
v -0.009765 -0.033760 0.003607
v -0.005168 -0.033451 -0.002198
v 0.025748 -0.021800 0.005158
v -0.006623 -0.033519 -0.002662
v -0.004219 -0.034980 0.007886
v -0.010855 -0.033851 0.008780
v 0.030290 0.003021 0.045835
v 0.001424 0.035912 -0.002637
v -0.007070 -0.033992 0.000763
v -0.005901 -0.034828 0.009111
v -0.005395 -0.035911 0.016078
v -0.008219 -0.035069 0.010973
v -0.005291 -0.034727 0.007631
v -0.009680 -0.034458 0.013241
v 0.023211 0.010703 0.044726
v -0.006164 -0.034762 0.006213
v -0.001509 -0.035830 0.015251
v 0.026159 -0.003623 0.045073
v -0.004504 -0.034356 0.001368
v -0.004538 -0.035801 0.015269
v -0.001846 -0.036136 0.017797
v 0.018541 0.016817 -0.049653
v 0.000044 -0.036154 0.019892
v -0.007940 -0.035378 0.016619
v -0.004483 -0.037009 0.027654
v -0.007080 -0.035931 0.019241
v 0.027776 0.008075 0.046088
v -0.004405 -0.034962 0.008896
v -0.005056 -0.035642 0.010598
v -0.006686 -0.035342 0.010626
v -0.006979 -0.033720 -0.000542
v -0.003649 -0.036954 0.023416
v -0.001542 -0.036125 0.019354
v 0.002264 -0.037004 0.023875
v 0.001730 -0.037157 0.024323
v 0.003175 -0.034242 0.004537
v 0.036836 0.010531 0.038226
v 0.023698 0.012681 0.045005
v -0.003785 -0.035788 0.017318
v -0.006404 -0.034308 0.004464
v -0.005575 -0.035785 0.017341
v -0.007217 -0.034461 0.006171
v -0.007564 0.034040 -0.009070
v 0.008179 -0.032397 -0.001068
v -0.002300 -0.035931 0.014361
v 0.025655 0.011784 0.045216
v 0.021768 -0.022207 -0.005448
v 0.029678 0.006758 0.046881
v -0.003298 -0.034713 0.003004
v -0.003674 -0.034305 0.002044
v 0.000095 -0.034998 0.009007
v -0.005695 -0.034347 0.002291
v -0.004593 -0.034687 0.007832
v 0.034690 0.005311 0.048349
v -0.000397 -0.032738 -0.006669
v 0.035229 0.003041 0.048271
v 0.025933 0.007013 0.045530
v -0.006960 -0.032816 -0.006304
v -0.003748 -0.031940 -0.013024
v -0.004641 -0.031621 -0.015196
v -0.004249 -0.031559 -0.014305
v -0.004363 -0.032453 -0.008418
v 0.024315 0.014743 0.045274
v 0.034550 0.000955 0.047219
v -0.005166 -0.033241 -0.003390
v -0.006022 -0.031845 -0.012072
v -0.006684 -0.031806 -0.012920
v -0.008923 -0.035060 0.015579
v -0.003290 -0.032597 -0.007738
v -0.020404 0.033531 0.031900
v -0.004790 -0.031874 -0.011913
v -0.004644 -0.032156 -0.011165
v -0.009277 -0.032223 -0.006100
v -0.009020 -0.031929 -0.011342
v 0.031785 0.002948 0.046382
v -0.005322 -0.032237 -0.009402
v -0.006420 -0.031448 -0.014626
v -0.008461 -0.031481 -0.012852
v 0.025281 0.017628 0.045580
v -0.017284 -0.029515 -0.006438
v -0.023998 -0.027555 0.009208
v 0.030918 0.011488 0.048123
v -0.024011 -0.027033 0.007465
v -0.021216 -0.029858 0.014496
v -0.022325 -0.030323 0.024242
v -0.009229 -0.032099 -0.008022
v -0.007949 -0.031897 -0.010482
v -0.014251 -0.030436 -0.007700
v -0.010482 -0.031730 -0.006710
v -0.016101 -0.029970 -0.006938
v -0.014709 -0.030338 -0.008811
v -0.013544 -0.030351 -0.010989
v 0.028200 0.011622 0.046123
v 0.014844 0.036756 0.048546
v -0.010142 -0.031626 -0.011187
v -0.009011 0.038046 0.034856
v -0.011704 -0.031523 -0.007417
v -0.009339 -0.031762 -0.009916
v -0.009860 -0.031523 -0.012176
v -0.009617 -0.030912 -0.016431
v 0.037470 0.009165 0.042401
v 0.037686 0.008039 0.041308
v -0.011975 -0.030904 -0.008846
v -0.007039 -0.031742 -0.012020
v -0.007748 -0.031939 -0.011481
v -0.008820 -0.031316 -0.014883
v -0.004900 -0.031372 -0.016307
v -0.004277 -0.031261 -0.017613
v -0.009135 -0.030879 -0.017838
v -0.007270 -0.032313 -0.009025
v -0.007930 -0.032226 -0.007138
v 0.037269 0.008688 0.039634
v -0.003346 -0.031484 -0.015457
v -0.010493 -0.031039 -0.015018
v -0.012309 -0.030399 -0.015590
v -0.011829 -0.030543 -0.014732
v -0.012952 -0.030138 -0.013761
v 0.000658 0.040897 0.047177
v 0.001641 0.039816 0.045252
v -0.014619 -0.029652 -0.014126
v 0.033704 0.005920 0.048202
v -0.010843 -0.030882 -0.013926
v -0.007256 -0.028511 -0.038061
v -0.012134 -0.027093 -0.046497
v -0.008835 -0.028585 -0.036292
v -0.009267 -0.029956 -0.021397
v 0.012778 -0.026238 -0.018314
v -0.014317 -0.029729 -0.011825
v -0.021959 -0.032844 0.049179
v -0.009761 -0.031056 -0.014001
v -0.021836 -0.034686 0.048621
v -0.025577 -0.032404 0.048707
v -0.005165 -0.039014 0.044249
v -0.005807 -0.028887 -0.034536
v -0.011856 -0.029735 -0.020460
v 0.016056 0.006297 -0.051645
v -0.015030 -0.029435 -0.015996
v -0.008542 -0.029761 -0.025503
v -0.008019 -0.031191 -0.015863
v -0.012558 -0.030590 -0.012061
v -0.008109 -0.030334 -0.018853
v 0.012264 -0.025331 -0.029385
v -0.007647 -0.029448 -0.027431
v -0.008462 -0.029494 -0.026135
v -0.005152 -0.029247 -0.031374
v 0.037378 0.002885 0.031521
v -0.005353 -0.031845 -0.013128
v -0.005001 -0.030444 -0.021408
v -0.006414 -0.031032 -0.017870
v -0.011311 -0.030254 -0.017386
v -0.008011 -0.030838 -0.017005
v 0.029517 0.024447 0.038657
v -0.005271 -0.029388 -0.027787
v -0.004430 -0.029232 -0.032546
v -0.006806 -0.030297 -0.021639
v -0.003765 -0.029634 -0.030718
v -0.005475 -0.029599 -0.033123
v 0.036993 0.009403 0.043788
v -0.004954 -0.030802 -0.020128
v 0.041120 0.003402 0.047326
v -0.004929 -0.029845 -0.026909
v -0.006523 -0.029917 -0.026331
v 0.004981 -0.029756 -0.022405
v -0.005902 -0.030517 -0.023928
v -0.006199 -0.029534 -0.027374
v -0.004851 -0.029908 -0.030133
v -0.003646 -0.029216 -0.033212
v -0.003903 -0.030435 -0.024427
v -0.003147 -0.029995 -0.026827
v 0.000014 -0.030241 -0.022986
v -0.003755 -0.030817 -0.020549
v -0.003126 -0.031035 -0.019079
v 0.037530 0.009685 0.041292
v 0.038485 0.002865 0.041720
v -0.006193 -0.030521 -0.019822
v 0.037001 0.007762 0.037217
v 0.037677 0.006420 0.038271
v 0.000249 -0.030899 -0.017405
v 0.038402 0.008239 0.048899
v 0.038864 0.009001 0.048471
v -0.003295 -0.032300 -0.008739
v -0.002393 -0.031476 -0.014341
v -0.000984 -0.031640 -0.015043
v -0.009964 -0.030294 -0.018630
v -0.003331 -0.032280 -0.011541
v 0.034975 0.014850 0.038129
v -0.005703 -0.032546 -0.008172
v 0.034835 0.015540 0.040419
v 0.036956 0.011546 0.040770
v 0.022898 0.010151 -0.044552
v 0.033137 0.011927 0.049260
v 0.001792 -0.034474 0.006634
v -0.001861 -0.032062 -0.011956
v -0.003768 -0.032234 -0.009443
v 0.036412 0.011578 0.049480
v 0.034789 0.012203 0.049548
v -0.013099 -0.031027 -0.006766
v 0.039593 0.007203 0.044905
v 0.028181 0.016363 0.046448
v -0.004910 -0.034876 0.005826
v 0.028397 0.014052 0.046427
v 0.037693 0.005899 0.043225
v 0.037149 -0.000218 0.031463
v 0.036967 -0.001752 0.029650
v 0.036836 0.000010 0.030034
v 0.000331 -0.032938 -0.003985
v -0.000936 -0.031746 -0.012737
v 0.029078 0.014496 -0.005618
v -0.001542 -0.032046 -0.009956
v -0.000669 -0.032262 -0.008886
v 0.008604 -0.031293 -0.003709
v -0.002143 -0.032509 -0.008540
v -0.004284 -0.032280 -0.010417
v 0.038863 0.003783 0.044416
v -0.000359 -0.031371 -0.016013
v -0.002171 -0.031906 -0.012985
v 0.038461 0.006190 0.044511
v 0.000784 -0.032329 -0.008816
v -0.003410 -0.031341 -0.018237
v -0.000950 -0.030920 -0.018674
v 0.022257 0.005335 -0.050572
v -0.002319 -0.032535 -0.007273
v 0.001172 -0.031949 -0.011354
v 0.000319 -0.031479 -0.014806
v -0.000671 -0.032190 -0.011473
v 0.040623 0.002822 0.047989
v 0.036700 0.006274 0.033779
v 0.036229 0.009847 0.032063
v -0.000036 -0.032745 -0.005579
v 0.035430 0.000740 0.022028
v -0.005635 -0.035384 0.015110
v -0.005019 -0.032984 -0.004456
v 0.038283 0.005443 0.040467
v 0.036548 0.015830 0.047568
v -0.002970 -0.032513 -0.010325
v 0.038007 0.004055 0.039139
v 0.000267 -0.032126 -0.010112
v 0.040481 0.000985 0.046173
v 0.000861 -0.032581 -0.006477
v -0.001133 -0.032537 -0.007547
v 0.004170 -0.031262 -0.011028
v 0.034144 0.021372 0.046194
v -0.002762 -0.032347 -0.009417
v -0.006196 -0.032107 -0.010817
v 0.040785 0.005132 0.046971
v 0.007307 -0.030591 -0.009711
v 0.005133 -0.031495 -0.007494
v 0.037839 0.003910 0.043209
v 0.038224 0.004751 0.041577
v 0.005654 -0.030664 -0.013674
v 0.030697 -0.016357 0.014776
v 0.040441 0.005405 0.045555
v 0.036773 0.014872 0.048439
v 0.004718 -0.031079 -0.009818
v 0.005018 -0.030374 -0.016100
v 0.039346 0.005258 0.044626
v 0.017673 0.034097 0.035663
v 0.016332 0.034526 0.035469
v 0.040132 0.003962 0.044808
v 0.006361 -0.030164 -0.014275
v 0.037924 0.011207 0.049250
v 0.001234 -0.031933 -0.009496
v 0.001824 -0.031877 -0.010062
v -0.036938 0.007268 0.005034
v 0.020702 0.010297 -0.050955
v 0.003615 -0.031041 -0.012843
v 0.002086 -0.032082 -0.008878
v 0.002550 -0.032424 -0.006259
v 0.025776 0.031148 0.044435
v 0.026696 0.030443 0.044854
v 0.003494 -0.031158 -0.014080
v 0.035455 0.017771 0.047046
v 0.001132 -0.031663 -0.013908
v 0.039321 0.007716 0.048447
v 0.003657 -0.031600 -0.009297
v 0.007194 -0.026712 -0.032930
v 0.038996 0.008934 0.047325
v 0.008089 -0.026417 -0.032050
v 0.004368 -0.030567 -0.016068
v -0.002050 -0.032183 -0.011048
v 0.002062 -0.031442 -0.012545
v -0.000034 -0.031718 -0.013632
v -0.004391 -0.030577 -0.023048
v 0.000224 -0.032421 -0.007712
v 0.000417 -0.031670 -0.012640
v 0.036906 0.001703 0.029331
v 0.023867 -0.002476 -0.045311
v 0.008006 -0.027236 -0.029440
v 0.005535 -0.028043 -0.029081
v 0.004850 -0.029028 -0.024430
v 0.004860 -0.029298 -0.023582
v 0.006903 -0.029163 -0.017647
v 0.040265 0.007206 0.046433
v 0.034240 -0.011937 0.048162
v 0.007987 -0.029830 -0.014374
v 0.037458 -0.001764 0.047890
v 0.005959 -0.030983 -0.010186
v -0.002273 -0.031041 -0.017119
v 0.006854 -0.030868 -0.008241
v -0.001053 -0.031515 -0.013998
v -0.000382 -0.030566 -0.019747
v 0.037115 -0.014593 0.048662
v 0.039571 0.008806 0.045877
v 0.040890 -0.002701 0.046153
v 0.003606 -0.030836 -0.015173
v 0.001451 -0.031371 -0.014719
v -0.001764 -0.031607 -0.015694
v 0.006575 -0.029054 -0.019542
v 0.039607 0.003314 0.048317
v 0.000816 -0.030261 -0.020808
v -0.002561 -0.030697 -0.021870
v 0.007171 -0.028632 -0.020322
v 0.023750 0.008248 -0.043095
v -0.003447 0.039697 0.044836
v -0.003422 0.041061 0.046227
v 0.005296 -0.029352 -0.020416
v 0.006107 -0.029157 -0.021738
v 0.001674 -0.031353 -0.016076
v 0.002030 -0.030461 -0.020496
v 0.005147 -0.030381 -0.015152
v 0.038304 0.001165 0.038305
v -0.006544 -0.029869 -0.029790
v -0.006611 -0.029675 -0.028441
v 0.007266 -0.029007 -0.019534
v 0.007506 -0.029071 -0.018647
v 0.007690 -0.027696 -0.028428
v 0.032742 0.002810 0.046881
v 0.007586 -0.027638 -0.027018
v 0.000970 -0.030314 -0.019241
v 0.009502 -0.027422 -0.021336
v 0.010422 -0.026068 -0.027740
v 0.015088 0.022553 0.045846
v 0.003399 -0.028910 -0.030025
v 0.004405 -0.028022 -0.031435
v 0.002793 -0.027232 -0.040950
v 0.001035 -0.028329 -0.035796
v 0.039689 -0.004413 0.044569
v 0.038599 -0.004739 0.043983
v 0.039349 -0.005733 0.044308
v 0.003022 -0.030357 -0.018269
v 0.008926 -0.027578 -0.024316
v 0.004861 -0.029127 -0.025738
v 0.007832 -0.025789 -0.038178
v 0.007660 -0.025902 -0.037123
v -0.030211 -0.028247 0.048935
v 0.005148 -0.028127 -0.030311
v 0.004333 -0.028649 -0.029008
v 0.004473 -0.028776 -0.027763
v 0.006133 -0.026092 -0.038715
v -0.000684 -0.030326 -0.024155
v 0.004631 -0.028833 -0.026606
v 0.001699 -0.030435 -0.021211
v 0.003468 -0.028257 -0.032711
v 0.039746 -0.003705 0.047831
v 0.040209 -0.001083 0.047841
v 0.035428 -0.001493 0.047312
v 0.003290 -0.032191 -0.004907
v 0.036096 0.000801 0.047956
v 0.007056 -0.030386 -0.010391
v 0.009165 -0.025052 -0.037531
v 0.005225 -0.030678 -0.012124
v 0.037215 0.007831 0.049244
v 0.035920 0.005780 0.049008
v 0.002776 -0.031786 -0.011069
v 0.002497 -0.031422 -0.014185
v 0.004438 -0.030899 -0.013823
v 0.004665 -0.030007 -0.016887
v 0.004326 -0.029940 -0.018577
v 0.001910 -0.029844 -0.023605
v 0.013077 -0.026146 -0.019383
v 0.006490 -0.029783 -0.015925
v 0.002355 -0.030504 -0.018814
v 0.003535 -0.029826 -0.020544
v -0.008366 -0.033426 -0.002009
v -0.008166 -0.033394 -0.003214
v 0.035120 -0.003702 0.047113
v 0.037853 -0.005447 0.047830
v 0.038002 -0.007390 0.047694
v 0.001509 -0.030121 -0.022878
v 0.002023 -0.029295 -0.028151
v 0.038344 -0.012062 0.044577
v 0.002384 -0.030384 -0.021504
v -0.000540 -0.029791 -0.025669
v 0.003445 -0.029303 -0.023451
v 0.001389 -0.029118 -0.031301
v -0.000672 -0.029534 -0.031190
v -0.000383 -0.030616 -0.020713
v 0.000079 -0.030551 -0.021714
v -0.001118 -0.030728 -0.021980
v 0.006825 -0.028081 -0.027929
v 0.003509 -0.028927 -0.028435
v 0.040490 -0.004097 0.045311
v 0.024525 0.001609 -0.043131
v -0.000724 -0.029837 -0.028128
v -0.000569 -0.029956 -0.027165
v -0.002619 -0.029443 -0.028495
v 0.000764 -0.029731 -0.024766
v 0.041052 -0.000399 0.046666
v 0.025777 0.003683 -0.037208
v 0.036075 -0.005006 0.047532
v -0.003787 -0.030603 -0.022063
v 0.038580 -0.005147 0.042723
v 0.005440 -0.030167 -0.016266
v 0.038374 -0.004210 0.043308
v 0.001975 -0.030683 -0.017728
v -0.002982 -0.030081 -0.025202
v 0.038587 -0.000006 0.040382
v -0.007446 -0.029468 -0.030926
v 0.038661 0.001069 0.041592
v 0.037401 -0.012952 0.044149
v 0.037466 -0.011711 0.044219
v 0.037601 -0.001512 0.035156
v -0.000896 -0.030134 -0.023084
v 0.037682 -0.002486 0.036182
v -0.007777 -0.030374 -0.022377
v 0.037876 -0.001163 0.037459
v 0.024203 -0.003126 -0.041946
v -0.005597 -0.030477 -0.023003
v 0.037115 0.000772 0.032952
v 0.000251 -0.030607 -0.020132
v -0.002065 -0.030581 -0.020030
v -0.002334 -0.030987 -0.018525
v 0.038537 -0.007126 0.044271
v 0.038355 -0.005946 0.043682
v -0.002943 -0.030228 -0.023442
v -0.004066 -0.029708 -0.027582
v 0.037309 -0.013369 0.048777
v 0.037591 -0.004301 0.036143
v -0.003425 -0.030808 -0.019564
v -0.007777 -0.029853 -0.032050
v -0.001681 -0.029860 -0.027495
v 0.037874 -0.004002 0.038436
v 0.038055 -0.002941 0.037450
v -0.002211 -0.029661 -0.030510
v 0.037964 0.000318 0.036255
v -0.006097 -0.030209 -0.024913
v -0.003585 -0.029255 -0.032180
v -0.004486 -0.029996 -0.025639
v 0.037726 0.002428 0.036212
v 0.002281 -0.028890 -0.031025
v -0.033490 -0.022589 0.047910
v -0.032621 -0.021598 0.046188
v 0.001214 -0.030565 -0.022163
v 0.000378 -0.029049 -0.032017
v -0.003667 -0.029713 -0.029614
v 0.038366 -0.004229 0.040460
v 0.000434 -0.029332 -0.030794
v 0.001342 -0.029296 -0.029887
v -0.000660 -0.029512 -0.029386
v -0.001404 -0.029626 -0.028352
v 0.024417 -0.004690 -0.040917
v 0.000320 -0.029224 -0.028228
v 0.035475 -0.012303 0.032938
v -0.004761 -0.028714 -0.035769
v 0.003321 -0.027504 -0.037231
v -0.003043 -0.029341 -0.031451
v 0.037878 -0.006282 0.038985
v -0.003823 -0.029561 -0.031493
v -0.002680 -0.029056 -0.033966
v 0.002567 -0.029757 -0.024897
v 0.037528 0.001203 0.031593
v -0.000469 -0.028747 -0.034488
v 0.036940 0.003368 0.033313
v -0.007516 -0.029958 -0.029171
v 0.036164 0.003295 0.026060
v 0.037141 0.004963 0.032171
v -0.001751 -0.029944 -0.024780
v -0.001685 -0.029936 -0.026213
v 0.002040 -0.028928 -0.032360
v 0.000741 -0.027793 -0.038084
v -0.000175 -0.028320 -0.036129
v -0.000877 -0.027940 -0.042177
v -0.005037 -0.030378 -0.024175
v -0.005130 -0.028595 -0.036559
v -0.007536 -0.026783 -0.048909
v -0.005922 -0.028794 -0.035940
v 0.037584 0.000599 0.034518
v 0.002582 -0.035291 0.013325
v -0.005748 -0.028615 -0.037530
v -0.003611 -0.028510 -0.038794
v -0.009281 -0.030253 -0.020185
v -0.008083 -0.029747 -0.030000
v -0.009151 -0.029160 -0.032915
v 0.037571 0.003599 0.034798
v 0.037481 0.005024 0.034640
v -0.007986 -0.027845 -0.044418
v -0.010117 -0.029956 -0.022469
v -0.007628 -0.030470 -0.020339
v -0.012173 -0.027879 -0.035181
v -0.013758 -0.028221 -0.030060
v -0.009597 -0.030044 -0.023638
v -0.007884 -0.030797 -0.017861
v 0.038109 -0.002289 0.039084
v -0.011190 -0.031208 -0.010502
v -0.009245 -0.029634 -0.024739
v -0.008599 -0.030197 -0.023478
v -0.008716 -0.030084 -0.028677
v -0.009506 -0.029376 -0.027274
v -0.012401 -0.029484 -0.023309
v 0.036745 0.002300 0.027941
v -0.004482 -0.030854 -0.019058
v 0.037430 0.001464 0.030229
v -0.013305 -0.028495 -0.025809
v -0.009199 -0.028713 -0.034335
v 0.036712 0.007448 0.031915
v -0.006969 -0.029986 -0.032651
v -0.004113 -0.028518 -0.036839
v -0.006554 -0.029950 -0.031837
v -0.006295 -0.029559 -0.030906
v 0.029890 -0.028264 0.047664
v 0.038425 -0.006036 0.041442
v -0.002047 -0.028352 -0.038165
v -0.005196 -0.028236 -0.040679
v -0.003015 -0.028125 -0.041427
v 0.002570 -0.027306 -0.038617
v 0.001726 -0.027627 -0.039785
v -0.002352 -0.028346 -0.039160
v -0.001655 -0.029038 -0.032781
v 0.037993 -0.007343 0.043505
v -0.027827 -0.028122 0.046887
v -0.004007 -0.028793 -0.035764
v -0.008398 -0.036572 0.049026
v -0.007114 -0.028735 -0.034815
v -0.002938 -0.028317 -0.037233
v -0.005105 -0.028071 -0.042087
v 0.037781 -0.007994 0.043682
v 0.032265 0.017458 0.029106
v 0.003718 -0.027531 -0.035843
v 0.003039 -0.028954 -0.027375
v 0.002069 -0.029464 -0.026345
v 0.001005 -0.029866 -0.023188
v 0.036572 -0.000610 0.028418
v 0.002414 -0.030208 -0.022656
v 0.036368 0.006314 0.028895
v 0.000659 -0.029567 -0.026775
v 0.035688 -0.004207 0.023326
v 0.036899 0.002688 0.030049
v 0.036678 0.000727 0.028719
v 0.027859 0.010556 -0.017732
v 0.012167 -0.028859 -0.007279
v 0.036319 0.004706 0.027577
v 0.003143 -0.031398 -0.011854
v 0.013770 -0.024615 -0.025465
v 0.004117 -0.027625 -0.034220
v -0.004265 -0.028059 -0.043373
v 0.001430 -0.028224 -0.036781
v -0.007327 -0.028469 -0.036037
v -0.001943 -0.028737 -0.034942
v 0.004603 -0.027211 -0.036522
v 0.004363 -0.026503 -0.041634
v 0.034148 0.006585 0.014928
v 0.009526 -0.026715 -0.029749
v 0.009710 -0.026581 -0.028491
v 0.003697 -0.027274 -0.040067
v 0.002315 -0.028186 -0.035521
v 0.036086 -0.006474 0.028939
v 0.036749 -0.006001 0.033045
v 0.034948 0.005277 0.020399
v 0.000298 -0.028226 -0.039526
v -0.000141 -0.027790 -0.040893
v 0.035026 -0.000662 0.017365
v 0.039017 0.005907 0.048799
v 0.001892 -0.027824 -0.037703
v 0.002211 -0.028212 -0.033831
v -0.001252 -0.028012 -0.039436
v -0.001694 -0.028062 -0.041199
v 0.004313 -0.026079 -0.045349
v 0.004112 -0.026432 -0.043133
v 0.007936 -0.024921 -0.042065
v 0.041233 0.000090 0.047722
v -0.001843 -0.028512 -0.036683
v 0.000584 -0.027449 -0.042592
v -0.004374 -0.028176 -0.039764
v -0.005369 -0.027865 -0.046547
v 0.000854 -0.027830 -0.040330
v -0.002994 -0.028725 -0.036072
v 0.020838 -0.021469 0.044044
v -0.003828 -0.028203 -0.042192
v -0.002544 -0.028319 -0.040094
v -0.002384 -0.027718 -0.042733
v -0.001442 -0.027511 -0.044427
v 0.041211 0.001574 0.047223
v -0.003945 -0.028816 -0.034664
v 0.035500 0.011550 0.032377
v 0.027028 0.021306 0.047168
v 0.025690 0.019873 0.046369
v 0.029061 0.022886 0.031373
v -0.004786 -0.027710 -0.045177
v 0.002607 -0.027196 -0.042529
v -0.003781 -0.028298 -0.040377
v 0.035334 0.011184 0.029976
v 0.035423 0.006899 0.023968
v 0.029647 -0.022100 0.028994
v 0.037020 -0.014597 0.047997
v 0.001319 -0.027346 -0.041162
v -0.002515 -0.027517 -0.047122
v -0.002266 -0.027503 -0.046024
v 0.034978 0.010990 0.027212
v 0.000311 -0.027088 -0.044412
v 0.013955 -0.026044 -0.018344
v 0.002973 -0.026012 -0.046962
v 0.031010 0.018931 0.025888
v 0.017666 -0.005422 -0.051756
v 0.002358 -0.025937 -0.048344
v 0.006005 -0.025376 -0.045400
v 0.003600 -0.025950 -0.048161
v 0.006812 -0.021859 -0.051269
v 0.005062 -0.025178 -0.048049
v -0.005214 -0.026028 -0.049470
v -0.002032 -0.025936 -0.049778
v 0.000527 -0.028651 -0.033434
v 0.000835 -0.028420 -0.034878
v -0.004914 -0.026922 -0.048948
v -0.006388 -0.027889 -0.043450
v -0.008235 -0.028123 -0.042577
v 0.007174 -0.024927 -0.044334
v 0.026075 -0.028429 0.049110
v -0.005949 -0.027334 -0.047440
v -0.011383 -0.028813 -0.026826
v -0.010049 -0.027797 -0.041660
v -0.008613 -0.027954 -0.040488
v -0.006329 -0.026754 -0.048894
v -0.004089 -0.026060 -0.049751
v 0.022352 0.004059 -0.050893
v 0.006075 -0.025760 -0.043234
v -0.008634 -0.029305 -0.031137
v 0.001207 -0.025651 -0.049528
v 0.029789 0.021787 0.030135
v 0.002104 -0.022866 -0.050939
v 0.033541 0.014047 0.024681
v 0.031539 0.015308 0.015904
v -0.001026 -0.027141 -0.046718
v 0.001645 -0.025796 -0.048727
v 0.000895 -0.023617 -0.050978
v 0.002515 -0.026220 -0.047718
v 0.032156 0.013671 0.015553
v 0.000031 -0.024931 -0.050204
v 0.003127 -0.026296 -0.045781
v 0.029201 -0.028694 0.046671
v 0.000800 -0.026349 -0.048646
v -0.007558 -0.029320 -0.033369
v 0.000039 -0.026930 -0.047436
v 0.002167 -0.026460 -0.046216
v 0.002005 -0.026384 -0.046957
v 0.034589 0.009811 0.023438
v 0.003830 -0.029171 -0.024901
v 0.037821 0.012027 0.046765
v 0.038281 0.011512 0.045573
v 0.002403 -0.030259 -0.019626
v 0.003500 -0.028937 -0.026111
v 0.034892 0.009656 0.025531
v 0.006373 -0.027640 -0.031926
v 0.035472 0.004390 0.021919
v 0.033863 0.017296 0.038088
v 0.012217 -0.027703 -0.013827
v 0.013496 -0.028512 -0.005328
v 0.034959 0.013057 0.031590
v 0.007588 -0.025409 -0.040561
v 0.005740 -0.026257 -0.040075
v 0.033088 0.015628 0.028326
v 0.030727 0.020253 0.029038
v 0.006303 -0.024790 -0.047293
v 0.007262 -0.024730 -0.046574
v 0.031928 0.018857 0.031887
v 0.030996 0.022495 0.039358
v 0.034873 0.014029 0.036683
v 0.013670 -0.008751 -0.051726
v 0.003161 -0.030357 -0.019175
v 0.026748 0.015928 0.045546
v -0.000458 -0.026289 -0.048973
v -0.010282 -0.029275 -0.025792
v 0.026635 0.013620 0.045519
v 0.002008 -0.026950 -0.045197
v -0.011563 -0.028252 -0.034279
v 0.003133 -0.026581 -0.044278
v 0.001620 -0.026927 -0.043806
v 0.032992 0.017466 0.034910
v 0.032037 0.021199 0.040248
v 0.032611 0.018697 0.036918
v 0.023312 0.029872 0.036784
v 0.023351 0.026359 0.048074
v 0.029457 0.020751 0.024008
v -0.007344 -0.027567 -0.046203
v 0.028812 0.023028 0.028411
v -0.006715 -0.028457 -0.039949
v -0.005820 -0.027830 -0.045817
v 0.029180 0.021599 0.026047
v -0.008949 -0.027953 -0.039444
v -0.008231 -0.028140 -0.039014
v -0.005800 -0.029526 -0.030480
v 0.027469 0.025593 0.035649
v 0.027991 0.025468 0.037416
v 0.032924 0.022145 0.047613
v -0.010306 -0.027573 -0.043650
v 0.013792 -0.025040 -0.024524
v -0.002562 -0.027315 -0.047943
v 0.009814 -0.022985 -0.047503
v 0.010489 -0.022854 -0.046577
v 0.011189 -0.022338 -0.047191
v 0.012925 0.016177 -0.051034
v 0.012492 0.017148 -0.051112
v 0.017794 -0.022430 -0.020168
v 0.018672 -0.021327 -0.022917
v 0.016512 0.020933 0.046208
v 0.026354 0.025969 0.027102
v 0.003160 -0.028528 -0.031517
v -0.011881 -0.027614 -0.038713
v -0.010128 -0.030619 -0.017602
v -0.013566 -0.030655 -0.009129
v 0.027416 0.022646 0.016278
v -0.006614 -0.028395 -0.038862
v 0.018644 -0.012848 -0.049962
v -0.010238 -0.028184 -0.037021
v -0.003178 -0.026955 -0.048824
v -0.005351 -0.028457 -0.039256
v 0.020017 0.015758 0.045149
v -0.012806 -0.027240 -0.041521
v -0.007499 -0.028480 -0.037131
v -0.008631 -0.028105 -0.037714
v 0.004732 -0.024828 -0.049324
v -0.012922 -0.028388 -0.028104
v -0.006337 -0.027703 -0.046231
v -0.009261 -0.027750 -0.045605
v 0.028420 0.021231 0.018317
v 0.028355 0.026107 0.039255
v -0.000847 -0.028111 -0.037816
v -0.011549 -0.027447 -0.042486
v 0.021258 0.018302 0.046024
v -0.009324 -0.027861 -0.043655
v -0.013744 -0.026691 -0.044707
v -0.011382 -0.027466 -0.044763
v -0.013402 -0.026679 -0.046516
v -0.001497 -0.027005 -0.047436
v 0.026778 0.027316 0.039205
v -0.004154 -0.028433 -0.041367
v -0.003972 -0.027575 -0.047227
v 0.032447 0.014068 0.018682
v 0.008127 -0.024406 -0.045508
v -0.010574 -0.027515 -0.046660
v -0.014150 -0.026418 -0.046796
v -0.012539 -0.024860 -0.049452
v -0.006490 -0.027901 -0.045375
v -0.009378 -0.025356 -0.049813
v -0.013676 -0.026743 -0.043867
v -0.011626 -0.027344 -0.040522
v -0.012979 -0.027033 -0.044901
v -0.014532 -0.026915 -0.038731
v -0.012161 -0.026014 -0.048713
v -0.011040 -0.025538 -0.049272
v -0.016984 -0.025956 -0.044327
v 0.019356 -0.004735 -0.051741
v -0.014116 -0.026666 -0.041119
v -0.012721 -0.026738 -0.046719
v -0.012921 -0.027541 -0.037410
v -0.009972 -0.028941 -0.031679
v -0.013605 -0.026972 -0.043077
v -0.013498 -0.026715 -0.042327
v -0.014541 -0.026304 -0.044584
v -0.014113 -0.025407 -0.048776
v -0.017047 -0.025071 -0.047071
v -0.014236 -0.026313 -0.047621
v -0.015663 -0.025412 -0.047584
v -0.010339 -0.029644 -0.020939
v 0.024014 0.025301 0.012973
v -0.012770 -0.027114 -0.043340
v 0.026128 0.025215 0.023308
v 0.026081 0.026276 0.029495
v -0.010717 -0.026712 -0.048250
v -0.015656 -0.027036 -0.038719
v -0.010642 -0.028306 -0.035525
v -0.016133 -0.026814 -0.040818
v -0.012709 -0.026527 -0.047567
v 0.028931 0.027477 0.046095
v 0.027028 0.023388 0.019132
v 0.026158 0.027579 0.034808
v 0.028089 0.025123 0.033234
v -0.010053 -0.028062 -0.039065
v 0.023874 0.030333 0.041435
v -0.013495 -0.027293 -0.039362
v -0.011538 -0.028385 -0.032271
v 0.021118 0.031170 0.029599
v -0.013309 -0.027696 -0.035842
v 0.023073 -0.013121 -0.030568
v 0.021625 0.031462 0.035543
v -0.013635 -0.027484 -0.034036
v 0.036917 -0.009872 0.047972
v 0.022282 0.030879 0.036896
v 0.023104 0.030598 0.038664
v -0.013845 -0.027162 -0.036548
v 0.022834 -0.010284 -0.040134
v -0.016947 -0.026891 -0.036711
v -0.017880 -0.026290 -0.038069
v -0.013545 -0.027802 -0.031858
v -0.016834 -0.026742 -0.033902
v -0.014952 -0.027007 -0.035476
v -0.016985 -0.026633 -0.038879
v -0.015827 -0.027093 -0.031362
v 0.012181 -0.036610 0.040104
v -0.014555 -0.027002 -0.037538
v -0.014053 -0.028409 -0.026791
v 0.017970 0.031250 0.014477
v 0.032186 0.021625 0.042046
v -0.010639 -0.029868 -0.019797
v 0.029847 0.022677 0.033631
v -0.014064 -0.028692 -0.022057
v -0.013902 -0.030115 -0.012832
v 0.027688 0.026599 0.038086
v -0.011889 -0.028805 -0.030451
v -0.011457 -0.029323 -0.022493
v -0.012369 -0.029074 -0.021729
v -0.011750 -0.029681 -0.018814
v 0.025755 0.027115 0.031448
v -0.010049 0.038687 0.050096
v 0.023143 0.027358 0.018257
v -0.016358 -0.026376 -0.043019
v -0.015398 -0.028315 -0.020696
v -0.014698 -0.029882 -0.010249
v -0.014863 -0.029652 -0.012796
v 0.025550 0.023254 0.010641
v 0.024948 -0.000475 -0.039893
v 0.024000 -0.008085 -0.036033
v -0.010572 -0.031448 -0.008638
v 0.025000 0.024496 0.012242
v 0.013325 -0.028844 0.045755
v 0.025836 0.022725 0.007904
v -0.006825 -0.032442 -0.007622
v 0.027846 0.026866 0.041197
v 0.010434 -0.038650 0.048541
v -0.013403 -0.030071 -0.015387
v 0.021062 0.031559 0.033921
v -0.015588 -0.029656 -0.009183
v -0.013767 -0.029647 -0.016632
v 0.015409 0.034417 0.029421
v 0.020474 0.031966 0.031859
v 0.019430 0.032316 0.030314
v -0.014760 -0.029004 -0.018693
v -0.011750 -0.030688 -0.013332
v 0.025975 0.028885 0.041944
v 0.017381 0.034012 0.037081
v 0.018258 0.033459 0.033712
v 0.018518 0.033458 0.035965
v 0.015860 0.034912 0.033764
v 0.019928 0.032477 0.035673
v 0.018987 0.022934 0.047310
v 0.021244 0.032155 0.039342
v 0.024896 0.029782 0.042478
v 0.020687 0.032264 0.037209
v 0.018811 0.032748 0.031696
v -0.014566 -0.028390 -0.025564
v -0.015518 -0.028045 -0.026573
v -0.016725 -0.027764 -0.026504
v -0.015220 -0.026724 -0.033906
v -0.015665 -0.026791 -0.032236
v -0.011994 -0.028924 -0.024892
v 0.023321 0.026883 0.014661
v -0.012335 -0.028074 -0.033175
v -0.011221 -0.029448 -0.021618
v -0.016136 -0.026782 -0.030928
v -0.014134 -0.028854 -0.024936
v 0.022580 0.028663 0.022609
v -0.015918 -0.028928 -0.014693
v 0.017679 0.033648 0.030125
v -0.017409 -0.026317 -0.030896
v -0.016175 -0.025775 -0.045641
v -0.004809 -0.029825 -0.028743
v 0.021397 0.029980 0.022657
v -0.014631 -0.027840 -0.029696
v -0.014312 -0.027994 -0.028793
v -0.015606 -0.028589 -0.019164
v -0.016229 -0.028067 -0.019653
v -0.009784 -0.029217 -0.030022
v 0.013854 0.035462 0.027687
v -0.011157 -0.029651 -0.023233
v -0.016369 -0.029219 -0.010578
v -0.011730 -0.028085 -0.036401
v 0.016248 0.034752 0.038472
v -0.022633 -0.026287 -0.004969
v -0.013244 -0.029278 -0.020738
v 0.016074 0.035270 0.042903
v -0.015991 -0.029282 -0.013291
v -0.010972 -0.029427 -0.024282
v -0.016746 -0.029062 -0.008576
v -0.015278 -0.027473 -0.030620
v -0.015922 -0.027998 -0.022435
v -0.017523 -0.027254 -0.020343
v 0.016283 0.030719 0.049476
v -0.019433 -0.026634 -0.019177
v -0.020681 -0.026572 -0.014741
v -0.010229 -0.031288 -0.013110
v -0.019620 -0.026156 -0.020440
v -0.022476 -0.025195 -0.013367
v -0.022407 -0.025652 -0.014584
v -0.020758 -0.025420 -0.021127
v -0.014422 -0.029364 -0.017675
v 0.013707 0.034313 0.021973
v 0.025495 0.020482 -0.006996
v 0.015736 0.034298 0.027665
v -0.020489 -0.029045 0.000968
v 0.025297 0.021140 -0.004317
v 0.022781 0.032389 0.048150
v -0.012534 -0.030944 -0.010313
v -0.021629 -0.026132 -0.012985
v 0.032805 0.014555 0.021603
v -0.021848 -0.025641 -0.016288
v -0.023034 -0.026604 -0.002927
v -0.022883 -0.028006 0.007630
v -0.022840 -0.026183 -0.006891
v -0.020246 -0.027020 -0.012304
v 0.022295 0.030789 0.048269
v -0.020826 -0.027387 -0.004407
v -0.021601 -0.027600 -0.002763
v -0.010900 -0.030945 -0.012201
v 0.026741 0.023847 0.020763
v -0.024065 -0.024460 -0.008801
v -0.024561 -0.025387 -0.002531
v -0.023716 -0.024937 -0.010264
v -0.016951 -0.028629 -0.012315
v 0.023857 -0.010077 -0.032923
v 0.023771 -0.010820 -0.032587
v -0.018373 -0.028595 -0.007313
v 0.033033 0.023001 0.044634
v -0.016810 -0.028483 -0.016155
v -0.017156 -0.028548 -0.014120
v -0.016791 -0.027327 -0.022010
v -0.018466 -0.028079 -0.013490
v -0.018462 -0.028196 -0.011224
v -0.021568 -0.027108 -0.006165
v -0.017716 -0.028874 -0.007879
v -0.015564 -0.029370 -0.011812
v -0.010684 -0.029245 -0.028587
v 0.026805 0.027113 0.036955
v -0.019150 -0.028469 -0.006643
v -0.019688 -0.027474 -0.009924
v -0.020017 -0.026317 -0.017914
v -0.016733 -0.028010 -0.018237
v -0.017075 -0.027882 -0.019622
v -0.018085 -0.027443 -0.018954
v 0.028551 0.022334 0.023740
v -0.018432 -0.028408 -0.008910
v 0.022912 0.022541 0.047285
v 0.023116 0.028088 0.020742
v -0.015449 -0.030220 -0.007924
v -0.020243 -0.029476 0.003378
v 0.030703 0.023162 0.041847
v -0.019541 -0.029873 0.001686
v -0.018363 -0.028038 -0.015239
v 0.027243 0.018569 0.046338
v 0.031977 0.024548 0.045584
v -0.019033 -0.027162 -0.017972
v -0.019572 -0.027121 -0.016415
v -0.013326 -0.029238 -0.019126
v 0.022340 0.033580 0.047463
v -0.016565 -0.027765 -0.020922
v -0.019378 -0.027316 -0.014678
v -0.019510 -0.027958 -0.007947
v -0.012929 -0.029868 -0.017693
v 0.015387 0.026790 -0.023378
v -0.018631 -0.026849 -0.020188
v 0.033901 -0.022422 0.046242
v 0.023721 0.017130 0.045425
v 0.020312 -0.026234 0.001881
v 0.036291 0.013723 0.049558
v 0.035155 0.014205 0.049663
v -0.022314 -0.024521 -0.018373
v -0.020993 -0.025776 -0.019396
v -0.021436 -0.025708 -0.017700
v -0.018146 -0.027833 -0.017185
v 0.019376 -0.033634 0.040675
v -0.019047 -0.026740 -0.021113
v -0.019576 -0.026302 -0.021834
v 0.027937 0.027902 0.047209
v 0.032082 -0.016908 0.025352
v -0.018646 -0.026648 -0.023563
v -0.020765 -0.026314 -0.016711
v -0.020239 -0.025642 -0.023490
v 0.027891 0.008893 -0.020044
v -0.017806 -0.027282 -0.022143
v -0.015175 -0.027893 -0.028025
v -0.016583 -0.027810 -0.025462
v -0.015530 -0.028212 -0.024994
v 0.025073 -0.024242 0.014486
v 0.023554 0.019420 0.046124
v -0.015720 -0.028931 -0.017614
v -0.012491 -0.030043 -0.016414
v -0.019385 -0.025823 -0.028422
v -0.013801 -0.026454 -0.045333
v -0.014893 -0.028760 -0.024609
v -0.013787 -0.029065 -0.024157
v -0.015735 -0.026127 -0.044027
v 0.001385 -0.036287 0.018704
v 0.018773 0.017849 0.045816
v 0.031287 0.015740 0.048936
v -0.018753 -0.026338 -0.034529
v -0.018495 -0.026327 -0.024492
v 0.023161 -0.021482 -0.003097
v -0.014394 -0.028870 -0.020088
v 0.034580 0.019765 0.046938
v 0.021513 0.020503 0.046799
v -0.017982 -0.026786 -0.023684
v -0.018187 -0.026095 -0.039864
v 0.019759 0.024794 0.048065
v -0.018652 -0.026387 -0.032337
v 0.017762 0.026287 0.048042
v 0.030266 0.026727 0.045536
v -0.014940 -0.025531 -0.048364
v -0.021650 -0.024912 -0.030616
v -0.020993 -0.025341 -0.023372
v -0.019494 -0.026158 -0.023291
v -0.018343 -0.026579 -0.022773
v -0.018474 -0.026641 -0.021759
v -0.016509 -0.028121 -0.024068
v -0.018751 -0.026310 -0.027100
v 0.029665 0.026350 0.046957
v -0.016798 -0.027376 -0.027609
v -0.018612 -0.026252 -0.029584
v -0.020440 -0.024402 -0.045741
v -0.018157 -0.025176 -0.046029
v -0.014614 -0.026327 -0.046298
v -0.020036 -0.025325 -0.040502
v -0.018734 -0.025718 -0.030870
v -0.019688 -0.025488 -0.037478
v -0.017284 -0.026363 -0.032154
v 0.025128 0.021813 0.047094
v 0.033415 0.020719 0.048421
v -0.017377 -0.027195 -0.024514
v 0.031499 0.023720 0.047863
v -0.017766 -0.027200 -0.025880
v -0.018028 -0.024289 -0.047595
v 0.024117 -0.021702 0.000563
v 0.023941 -0.005278 -0.042100
v -0.018665 -0.025734 -0.043068
v -0.021973 -0.024065 -0.042613
v 0.029701 0.024873 0.047838
v -0.021670 -0.024604 -0.022302
v -0.020617 -0.025765 -0.022594
v 0.029793 0.015138 0.047672
v -0.022418 -0.025051 -0.017098
v 0.019021 0.020511 0.046656
v -0.019120 -0.026437 -0.025655
v -0.021260 -0.024570 -0.029639
v -0.031172 -0.012068 -0.044115
v -0.032111 -0.012267 -0.030409
v -0.032661 -0.009344 -0.041080
v -0.031740 -0.013264 -0.028990
v -0.030327 -0.012982 -0.045861
v -0.032173 -0.012838 -0.024443
v -0.031337 -0.013594 -0.026937
v -0.033130 -0.009647 -0.028619
v -0.032848 -0.010247 -0.030268
v -0.030838 -0.014897 -0.029546
v -0.029934 -0.016350 -0.024537
v 0.028715 -0.019161 0.012975
v -0.032814 -0.011194 -0.025724
v -0.032998 -0.008491 -0.039690
v 0.028365 0.023254 0.047871
v -0.032894 -0.010330 -0.034712
v 0.027000 0.005194 -0.030285
v -0.030663 -0.014266 -0.037945
v -0.031521 -0.012984 -0.037223
v -0.032474 -0.009439 -0.042225
v -0.033581 -0.007814 -0.036399
v 0.028798 0.017825 0.047275
v 0.025227 0.030362 0.047800
v -0.033378 -0.007575 -0.041671
v -0.032795 -0.007775 -0.045031
v -0.031499 -0.008419 -0.048425
v 0.022641 0.017560 0.045727
v -0.034151 -0.004102 -0.043827
v -0.032220 -0.010369 -0.040071
v -0.033595 -0.009374 -0.027299
v -0.033742 -0.007173 -0.037985
v -0.031735 -0.010977 -0.042557
v 0.017032 0.023694 0.046771
v 0.017326 0.022569 0.046581
v -0.031199 -0.012895 -0.039462
v -0.031737 -0.013589 -0.029982
v -0.010998 -0.028271 -0.033385
v -0.031181 -0.014225 -0.034704
v 0.031002 -0.016102 0.016053
v -0.034042 -0.003419 -0.045646
v -0.032840 -0.007309 -0.046096
v -0.032328 -0.011492 -0.028240
v -0.031506 -0.012123 -0.039128
v -0.033995 -0.008514 -0.025645
v -0.033547 -0.008293 -0.030032
v -0.033203 -0.005773 -0.045294
v -0.032673 -0.010910 -0.032626
v 0.020178 0.017347 -0.045043
v -0.030545 -0.015512 -0.027871
v 0.015745 0.025967 0.047187
v -0.033421 -0.006517 -0.043579
v -0.034069 -0.005086 -0.042122
v -0.014670 -0.026444 -0.042845
v 0.014966 0.026803 0.047653
v -0.032248 -0.011770 -0.035050
v -0.033875 -0.009829 -0.023230
v -0.010259 -0.029886 -0.023764
v 0.020699 0.022506 0.047563
v -0.031819 -0.009768 -0.046568
v 0.021517 0.024158 0.048096
v -0.031736 -0.013206 -0.023032
v -0.033662 -0.008465 -0.034234
v 0.017878 0.015734 0.045036
v -0.032608 -0.009219 -0.043654
v -0.034561 -0.006157 -0.027424
v 0.017919 0.024099 0.047190
v -0.033609 -0.006738 -0.039762
v -0.035290 -0.003176 -0.025908
v -0.034354 -0.005945 -0.031867
v -0.034363 -0.005443 -0.038999
v 0.018493 0.036017 0.048857
v 0.016985 0.019120 0.046058
v -0.035302 -0.004067 -0.016102
v -0.033171 -0.009863 -0.026562
v -0.034501 -0.004592 -0.030272
v -0.034553 -0.004543 -0.032615
v -0.034923 -0.004441 -0.034196
v -0.031005 -0.012849 -0.039975
v -0.035151 -0.005818 -0.020902
v -0.034565 -0.006151 -0.022538
v -0.034496 -0.007403 -0.021269
v -0.034572 -0.005304 -0.028833
v -0.034842 -0.002167 -0.033129
v -0.034336 -0.008770 -0.019913
v -0.035212 -0.004481 -0.022387
v -0.036493 -0.001248 -0.002674
v -0.035810 -0.005570 -0.003935
v -0.036240 -0.003677 -0.002785
v -0.034618 -0.006714 -0.019107
v -0.035596 -0.003325 -0.014763
v -0.034825 -0.007442 -0.009886
v -0.034012 -0.007769 -0.023245
v -0.034107 -0.008327 -0.017946
v -0.035485 -0.003364 -0.019770
v 0.025843 -0.007143 -0.027185
v -0.035170 -0.005298 -0.019495
v -0.034293 -0.007385 -0.028134
v -0.035041 -0.010020 -0.001633
v 0.025711 -0.007269 -0.028895
v -0.034603 -0.007126 -0.012996
v -0.034152 -0.008522 -0.014118
v -0.033946 -0.009964 -0.012498
v -0.033490 -0.010098 -0.018291
v -0.033322 -0.011379 -0.011041
v 0.025189 0.003642 -0.039135
v -0.034356 -0.005899 -0.036130
v -0.034606 -0.007476 -0.014839
v -0.034569 -0.006617 -0.016686
v -0.034221 -0.009254 -0.007619
v -0.030137 -0.015645 -0.026459
v -0.030119 -0.015409 -0.020871
v -0.031386 -0.016239 -0.009467
v -0.031378 -0.015493 -0.010858
v 0.025848 -0.009901 -0.024752
v -0.032077 -0.014832 -0.008938
v -0.033921 -0.010842 -0.005977
v -0.031425 -0.013382 -0.035388
v -0.030913 -0.014132 -0.033242
v 0.025333 -0.028748 0.037122
v -0.030502 -0.016601 -0.016238
v -0.031011 -0.016425 -0.010712
v -0.031113 -0.017304 -0.003603
v -0.034445 -0.008853 -0.005589
v 0.025484 -0.001428 -0.036370
v -0.031441 -0.017786 -0.001804
v -0.031421 -0.016242 -0.007239
v 0.032851 -0.006691 0.008930
v -0.031978 -0.014703 -0.006837
v -0.033386 -0.011388 -0.008122
v -0.032868 -0.012024 -0.016810
v -0.031382 -0.014430 -0.020328
v -0.032181 -0.012526 -0.018356
v -0.033171 -0.010425 -0.027346
v 0.018638 0.029691 0.008637
v -0.022669 -0.025749 -0.009199
v -0.023612 -0.025246 -0.007724
v -0.013484 -0.030094 -0.011932
v -0.030428 -0.017828 -0.005158
v -0.029902 -0.018862 -0.008637
v -0.030258 -0.017525 -0.010508
v -0.032045 -0.015405 -0.004245
v -0.034554 -0.004731 -0.027285
v -0.028420 -0.020230 -0.009042
v -0.030573 -0.018382 -0.003442
v -0.030220 -0.017843 -0.007152
v -0.031022 -0.016713 -0.011588
v -0.028947 -0.019832 -0.006460
v -0.029303 -0.019492 -0.003969
v -0.033195 -0.009111 -0.031793
v -0.030905 -0.014528 -0.024439
v -0.032600 -0.013973 -0.007550
v -0.034040 -0.010242 -0.009848
v 0.032499 0.019676 0.048882
v 0.033273 0.017546 0.049312
v -0.033267 -0.011819 -0.009900
v 0.027313 -0.020645 0.009625
v -0.030550 -0.017273 -0.008563
v -0.032665 -0.013217 -0.011612
v -0.034563 -0.006571 -0.026557
v -0.035255 -0.006616 -0.006172
v -0.031175 -0.014675 -0.022265
v -0.031082 -0.015986 -0.013188
v -0.035386 -0.007505 -0.003517
v -0.030273 -0.015766 -0.018982
v -0.024332 -0.028757 0.024726
v -0.026700 -0.024867 0.010710
v -0.033060 -0.013207 -0.008684
v -0.034973 -0.011743 0.008915
v 0.032708 -0.013935 0.018780
v -0.034301 -0.012265 0.000785
v -0.036181 -0.007398 0.005839
v -0.035944 -0.009055 0.007522
v -0.035712 -0.008755 0.011671
v -0.035655 -0.008840 0.002457
v -0.036115 -0.006577 0.003397
v -0.036520 -0.004885 0.008639
v -0.035163 -0.010398 0.010861
v -0.036532 -0.007436 0.007814
v 0.031683 -0.024776 0.048586
v -0.035939 -0.009659 0.014694
v -0.036462 -0.006049 0.005996
v -0.036846 -0.003863 0.007660
v -0.037269 -0.003043 0.010834
v -0.036692 -0.005035 0.010444
v 0.036822 0.015163 0.044473
v -0.036975 -0.005061 0.012082
v -0.036711 -0.008276 0.021256
v -0.035705 -0.008293 0.000847
v -0.037299 -0.004986 0.022378
v -0.038230 -0.003072 0.029441
v 0.034399 0.018583 0.048953
v -0.037810 -0.006721 0.031658
v -0.038649 0.004516 0.033937
v -0.036975 -0.005628 0.016870
v -0.037421 -0.003347 0.017391
v 0.034773 0.016527 0.049485
v -0.037301 -0.007036 0.027415
v -0.036201 -0.010364 0.021306
v 0.028620 -0.014386 -0.001725
v -0.037938 -0.005635 0.030262
v 0.034189 -0.011262 0.023525
v 0.030770 -0.005066 -0.006622
v -0.035719 -0.009260 0.013367
v -0.036799 -0.006785 0.011646
v -0.037365 -0.008121 0.025783
v -0.036958 -0.006311 0.021132
v -0.037642 -0.005569 0.025471
v 0.029906 0.008803 0.047274
v 0.030214 0.023187 0.048109
v -0.036568 -0.010218 0.026241
v 0.015982 -0.022556 -0.026342
v -0.038236 -0.003694 0.026882
v -0.036389 -0.009722 0.023512
v -0.036831 -0.007197 0.019056
v 0.029991 0.017848 0.048254
v -0.036138 -0.009974 0.018749
v -0.035077 -0.013128 0.015468
v 0.034960 0.019714 0.048070
v -0.035515 -0.012255 0.021729
v -0.035590 -0.011945 0.020374
v 0.034193 -0.007789 0.017846
v -0.034330 -0.015567 0.022432
v -0.034844 -0.013360 0.021684
v -0.036648 -0.010611 0.027992
v -0.035436 -0.013482 0.025220
v 0.034577 -0.008430 0.019766
v 0.038706 -0.002120 0.041092
v -0.031443 -0.020690 0.021187
v -0.030467 -0.020752 0.015705
v -0.030900 -0.021937 0.027556
v -0.031766 -0.020297 0.019382
v -0.031711 -0.020071 0.023032
v -0.030374 -0.021108 0.014246
v -0.035996 -0.012077 0.027328
v 0.039089 -0.009289 0.047718
v 0.035389 0.017983 0.048732
v -0.037935 -0.005295 0.028153
v -0.034643 -0.014779 0.020648
v 0.040400 -0.005401 0.045030
v -0.036209 -0.011589 0.025102
v -0.035115 -0.013926 0.023388
v 0.029611 -0.015194 0.004933
v 0.035606 0.005187 0.023174
v -0.033399 -0.017648 0.020893
v -0.035917 -0.011763 0.018778
v 0.028302 0.026526 0.047735
v -0.037243 -0.005009 0.019566
v -0.031938 -0.019927 0.024731
v -0.032980 -0.018279 0.023803
v -0.036587 -0.005930 0.014155
v -0.034970 -0.013665 0.018123
v -0.035371 -0.012709 0.018834
v -0.036470 -0.007848 0.016223
v 0.031051 0.025807 0.045871
v 0.031027 0.024775 0.046849
v -0.033528 -0.015814 0.014423
v -0.034168 -0.013579 0.011209
v -0.035542 -0.010557 0.013684
v -0.034650 -0.014342 0.016345
v -0.034500 -0.013692 0.013664
v -0.034025 -0.014870 0.018583
v -0.034869 -0.013526 0.019748
v -0.035238 -0.011630 0.014967
v 0.026435 0.023357 0.047578
v 0.022827 0.024747 0.047933
v -0.031990 -0.019218 0.017288
v 0.027313 0.027577 0.047768
v -0.029898 -0.022460 0.023322
v 0.027942 0.025436 0.047662
v -0.033881 -0.015931 0.020273
v -0.032177 -0.018842 0.019093
v -0.033346 -0.016921 0.018288
v -0.036026 -0.011614 0.021735
v -0.035381 -0.012173 0.017093
v -0.033520 -0.015610 0.012180
v 0.031055 0.020464 0.048795
v -0.033179 -0.017293 0.016054
v -0.033362 -0.015044 0.010716
v -0.033895 -0.014046 0.004477
v -0.035289 -0.010810 0.004487
v 0.026539 0.027073 0.047619
v -0.037317 -0.004202 0.015032
v -0.035834 -0.005132 -0.002265
v -0.035689 -0.008935 0.004243
v -0.036687 -0.004743 0.005991
v 0.030003 0.021695 0.048321
v -0.033783 -0.015893 0.016712
v 0.022369 -0.024549 0.003581
v -0.033993 -0.012930 -0.001105
v 0.024752 0.026782 0.047938
v 0.016499 -0.027832 -0.001955
v -0.036317 -0.007996 0.013671
v 0.024559 0.024395 0.047789
v 0.028758 0.020178 0.047685
v -0.034957 -0.010538 0.000997
v -0.032973 -0.015816 0.003351
v -0.035465 -0.010525 0.012435
v -0.034853 -0.011531 0.011809
v -0.034663 -0.011488 -0.000473
v -0.034957 -0.012147 0.010845
v -0.036191 -0.005603 0.000069
v 0.026578 0.025185 0.047848
v -0.034118 -0.014220 0.007739
v -0.032729 -0.015560 -0.000460
v -0.031741 -0.018622 0.008817
v -0.033980 -0.013931 0.001617
v -0.031593 -0.020135 0.016392
v -0.035358 -0.010280 0.006192
v -0.032402 -0.017559 0.014255
v -0.035716 -0.010199 0.016460
v -0.031951 -0.017817 0.010888
v -0.032040 -0.017747 0.004980
v -0.029452 -0.021187 0.006582
v -0.036490 -0.006050 0.005250
v -0.026662 -0.021981 -0.011286
v -0.026588 -0.020468 -0.019310
v -0.028126 -0.020182 -0.014764
v -0.031437 -0.013621 -0.031516
v -0.032135 -0.012374 -0.019889
v -0.034098 -0.016374 0.024828
v -0.028281 -0.018460 -0.024414
v -0.028973 -0.018432 -0.016311
v -0.031612 -0.014050 -0.017976
v -0.030375 -0.017670 -0.012336
v -0.029109 -0.017587 -0.018414
v -0.037197 -0.003034 0.006586
v 0.015881 0.027872 0.048611
v -0.032902 -0.013138 -0.006444
v -0.033516 -0.012461 -0.003910
v -0.030172 -0.019614 0.000003
v 0.033408 0.007607 0.013758
v 0.034501 0.007391 0.020355
v -0.027270 -0.021255 -0.009760
v 0.018881 -0.024263 -0.008526
v -0.032559 -0.016609 0.009967
v 0.033952 0.015691 0.049574
v 0.021350 0.026711 0.048516
v -0.030937 -0.021305 0.022850
v -0.029763 -0.023364 0.024363
v -0.028897 -0.023902 0.023318
v -0.029943 -0.020684 0.004958
v -0.034629 -0.015482 0.026164
v -0.030301 -0.019891 0.001439
v -0.028992 -0.021565 0.003600
v -0.030824 -0.020012 0.007687
v -0.031474 -0.020523 0.020062
v 0.035945 -0.001181 0.024342
v -0.031645 -0.019911 0.020192
v -0.028842 -0.023570 0.018634
v -0.028378 -0.024798 0.024331
v -0.029440 -0.021789 0.011438
v -0.029788 -0.022295 0.019048
v -0.030589 -0.021249 0.017491
v -0.028407 -0.025012 0.027951
v -0.029156 -0.023885 0.025674
v -0.029440 -0.023233 0.021045
v -0.023035 -0.028681 0.015345
v -0.022802 -0.029042 0.013916
v -0.031585 -0.019347 0.014048
v -0.029581 -0.021831 0.008237
v 0.015305 -0.032386 0.018237
v -0.030514 -0.020343 0.012011
v -0.027664 -0.025239 0.023178
v -0.031415 -0.018644 0.010301
v -0.027847 -0.023024 0.001929
v 0.018356 0.028774 0.049284
v -0.021793 -0.028310 0.005194
v -0.025456 -0.026053 0.009843
v -0.027875 -0.024536 0.018309
v -0.025036 -0.026163 0.008039
v 0.035062 -0.012187 0.029637
v 0.035532 -0.000755 0.020562
v -0.026033 -0.025242 0.007103
v -0.027313 -0.024435 0.012294
v -0.026184 -0.021439 -0.022634
v -0.025557 -0.027893 0.030386
v -0.025843 -0.027483 0.028884
v -0.025962 -0.028353 0.037197
v 0.018628 0.030887 0.049394
v -0.027204 -0.025327 0.015883
v 0.030895 0.012911 0.005328
v -0.030859 -0.019589 0.006126
v -0.028012 -0.022808 0.003429
v 0.010869 0.035321 0.015647
v -0.025584 -0.025673 0.005828
v 0.017634 0.034976 0.048868
v -0.021743 -0.031072 0.031728
v -0.029648 0.020832 -0.008445
v 0.019472 0.033145 0.048792
v 0.019356 0.034486 0.048766
v -0.033426 0.018229 0.004546
v -0.026721 -0.026462 0.023482
v -0.024121 0.033549 0.047533
v -0.023566 0.033024 0.048993
v -0.027350 -0.025754 0.019320
v 0.033428 -0.010653 0.017479
v -0.026286 -0.025474 0.008420
v -0.025901 -0.025601 0.011641
v 0.018188 0.032324 0.049250
v -0.020885 -0.028827 -0.000365
v -0.031502 -0.020136 0.018204
v -0.028214 -0.024134 0.014682
v -0.026130 -0.026131 0.013949
v 0.011872 0.032835 -0.002430
v -0.027194 -0.024377 0.008043
v -0.019962 -0.030849 0.016113
v -0.025801 -0.024230 -0.002821
v -0.023892 -0.025616 -0.004048
v 0.030225 0.019811 0.048538
v -0.030163 -0.019420 -0.002300
v -0.025478 -0.024759 -0.001216
v -0.033004 -0.011899 -0.014385
v 0.020540 0.035241 0.046278
v -0.017296 -0.027359 -0.021391
v 0.022908 0.028239 0.048442
v 0.034032 -0.011276 0.021972
v -0.011388 -0.030507 -0.015956
v -0.033238 -0.014187 -0.002489
v -0.024298 -0.024113 -0.011655
v -0.011069 -0.031071 -0.013178
v -0.021347 -0.026456 -0.010811
v -0.021058 -0.026975 -0.008263
v -0.023757 -0.025146 -0.006758
v -0.023330 -0.024104 -0.017805
v -0.019101 -0.028806 -0.003850
v 0.021146 0.031819 0.048753
v -0.027169 -0.022012 -0.004664
v 0.025063 0.029565 0.048079
v 0.026214 0.028796 0.047734
v -0.012494 -0.033518 0.007471
v 0.026379 -0.013127 -0.013913
v 0.034864 -0.002034 0.017824
v 0.034918 -0.008983 0.026277
v -0.034702 -0.012566 0.007048
v -0.025477 -0.023305 -0.008900
v -0.026029 -0.023303 -0.004941
v 0.020126 0.028579 0.049125
v 0.019585 0.030010 0.049210
v -0.025929 -0.025056 0.003050
v 0.024020 -0.007929 -0.038279
v 0.024483 0.028936 0.047848
v -0.026737 -0.023887 0.004261
v -0.025649 -0.025360 0.004433
v 0.021130 0.029457 0.048795
v -0.023607 -0.025102 -0.005526
v -0.032939 -0.016541 0.013164
v -0.036389 -0.006374 0.009095
v -0.035810 -0.008493 0.009578
v 0.023249 -0.005778 -0.044695
v -0.031969 -0.018488 0.014579
v -0.030097 -0.022510 0.026332
v 0.019495 0.027047 0.048757
v 0.035726 -0.005674 0.024823
v -0.020027 -0.031024 0.014794
v -0.007187 -0.034257 0.002623
v -0.023406 0.031256 0.049686
v -0.030057 -0.022664 0.025063
v -0.019011 -0.032417 0.029836
v 0.025878 -0.001561 -0.034927
v -0.012181 -0.033276 0.006775
v -0.025833 -0.023763 -0.003967
v -0.025009 -0.023987 -0.006829
v -0.029429 -0.016799 -0.020361
v -0.024587 -0.024055 -0.010064
v -0.026465 -0.022300 -0.009732
v -0.026751 -0.022727 -0.006105
v -0.027233 -0.019914 -0.020277
v -0.028319 -0.020890 -0.004558
v -0.026880 -0.023873 0.002744
v -0.026644 -0.021160 -0.017954
v -0.026046 -0.021888 -0.018050
v -0.026917 -0.021555 -0.013282
v -0.000318 0.037354 0.011426
v -0.027850 -0.020401 -0.011639
v -0.029127 -0.019158 -0.010335
v -0.025198 -0.023110 -0.013225
v 0.017274 0.019987 -0.047210
v 0.027375 0.004737 -0.027420
v 0.033070 -0.006328 0.008068
v -0.022878 -0.024883 -0.016057
v -0.023173 -0.024556 -0.017220
v -0.023577 -0.024571 -0.013694
v 0.034958 0.009494 0.049446
v -0.027011 -0.020201 -0.024490
v -0.026185 -0.022009 -0.016111
v 0.037299 0.013705 0.047818
v -0.026996 -0.019994 -0.026195
v -0.023435 -0.023907 -0.018976
v -0.030533 -0.019882 0.002258
v -0.030648 -0.013395 -0.039034
v -0.027689 -0.019648 -0.017966
v 0.032485 -0.004784 0.003458
v -0.030122 -0.020577 0.009644
v 0.032411 -0.006429 0.004620
v -0.028094 -0.023042 0.009893
v -0.022297 -0.025038 -0.016473
v -0.029296 -0.018952 -0.012237
v 0.032384 -0.008435 0.009169
v -0.025492 -0.022250 -0.023656
v -0.014944 0.031695 -0.008476
v -0.026929 -0.019967 -0.022511
v 0.017843 0.035615 0.049013
v 0.015684 0.036914 0.047810
v -0.003798 0.034062 -0.012678
v -0.025911 -0.021168 -0.027133
v -0.025003 -0.022037 -0.027532
v 0.013567 0.035239 0.049457
v -0.025532 -0.022109 -0.025106
v -0.021993 -0.024875 -0.032690
v -0.020225 -0.025620 -0.031430
v -0.025090 -0.021978 -0.022163
v -0.027376 -0.020839 -0.016762
v -0.025449 -0.021727 -0.029364
v -0.023553 -0.022931 -0.028157
v -0.025927 -0.020978 -0.025559
v -0.025626 -0.021910 -0.020451
v -0.026115 0.029204 0.030027
v -0.025454 -0.021814 -0.026276
v -0.022629 -0.025159 -0.011733
v -0.024255 -0.023606 -0.016438
v -0.000745 0.037167 0.014032
v -0.025102 -0.022646 -0.020281
v 0.032506 0.013962 0.049375
v -0.022132 -0.024421 -0.020173
v -0.020976 -0.024863 -0.027357
v -0.024422 -0.022633 -0.023440
v -0.022928 -0.023849 -0.020160
v -0.023519 -0.023416 -0.025977
v 0.033593 0.009623 0.018175
v -0.022463 -0.024182 -0.027004
v 0.033167 0.004082 0.006840
v -0.024359 -0.022508 -0.021378
v -0.021949 -0.024091 -0.028689
v 0.013352 0.031864 -0.003097
v 0.012129 0.032599 -0.003879
v 0.010758 0.033384 -0.003716
v -0.022033 -0.024926 -0.024163
v -0.022583 -0.024289 -0.025464
v 0.031479 0.018226 0.049027
v -0.021452 -0.025071 -0.025807
v -0.015387 -0.027420 -0.029038
v -0.019994 -0.025209 -0.029862
v -0.022258 -0.024251 -0.029927
v 0.002821 0.032640 -0.021058
v -0.020059 -0.025676 -0.027529
v -0.020277 -0.025773 -0.024607
v 0.032706 0.015742 0.049428
v -0.020113 -0.025867 -0.032978
v 0.008461 0.033898 -0.001665
v 0.009036 0.033907 -0.002166
v -0.020706 -0.025138 -0.028615
v 0.003826 0.023642 -0.050368
v 0.006617 0.023746 -0.050163
v 0.011885 0.025351 -0.043820
v 0.024753 0.005627 -0.040209
v 0.007798 -0.012994 -0.051398
v 0.013668 -0.021026 -0.045446
v 0.031405 -0.012129 0.009999
v 0.038632 -0.001665 0.048206
v 0.010803 -0.021925 -0.048607
v 0.011270 -0.022478 -0.045558
v -0.012800 -0.022249 -0.050327
v -0.014801 -0.024579 -0.049109
v 0.029768 0.010953 -0.007389
v 0.009165 -0.020752 -0.051039
v 0.007304 -0.019591 -0.051430
v 0.009486 -0.019173 -0.051434
v 0.011345 -0.014350 -0.051566
v 0.000252 -0.021937 -0.051067
v 0.016849 0.025253 -0.027240
v -0.005605 -0.026262 -0.049466
v 0.012940 0.020218 -0.050611
v -0.001527 -0.024761 -0.050305
v 0.016737 0.015617 -0.051148
v -0.001075 -0.023825 -0.050863
v 0.015836 0.027095 -0.018432
v -0.002423 -0.021070 -0.051042
v 0.011430 0.032156 -0.006625
v 0.015884 -0.012848 -0.051671
v 0.013519 0.032184 -0.004974
v 0.014340 -0.013885 -0.051454
v 0.025080 0.001965 -0.041246
v -0.021116 -0.018737 -0.050012
v 0.031545 0.013504 0.048658
v 0.002709 -0.024281 -0.050711
v 0.001480 -0.026460 -0.047830
v -0.019940 -0.022732 -0.048505
v -0.019586 -0.023899 -0.047737
v -0.018045 -0.026239 -0.031537
v -0.015943 -0.023357 -0.049639
v -0.021161 -0.023326 -0.047629
v 0.032671 0.015941 0.026635
v -0.023430 -0.023718 -0.030578
v -0.024070 -0.022560 -0.038582
v -0.023818 -0.018609 -0.049278
v -0.024361 -0.021637 -0.042711
v 0.022446 0.015566 -0.035677
v -0.020569 -0.023073 -0.048262
v -0.020668 -0.025398 -0.034519
v 0.022470 0.015843 -0.037320
v -0.025569 -0.014860 -0.050145
v -0.021368 -0.020385 -0.049208
v -0.023581 -0.020741 -0.048376
v -0.025063 -0.020624 -0.045138
v -0.033376 0.008662 -0.044559
v -0.026150 -0.019080 -0.045787
v 0.033234 0.007766 0.048706
v -0.028910 -0.021087 -0.000170
v -0.025889 -0.020157 -0.039618
v -0.034115 -0.013781 0.006356
v -0.031940 -0.013036 -0.033520
v -0.021701 -0.024357 -0.039046
v 0.038453 0.010440 0.048191
v -0.028391 -0.018333 -0.020844
v -0.034768 0.003866 -0.038286
v 0.031447 -0.003236 -0.004529
v -0.028045 -0.019033 -0.027683
v -0.028748 -0.018075 -0.030306
v -0.029432 -0.017022 -0.028501
v -0.029497 -0.016596 -0.030922
v -0.035448 -0.003813 -0.007830
v -0.029518 -0.016509 -0.036479
v -0.026653 -0.020340 -0.035519
v -0.024765 -0.022720 -0.033413
v -0.028671 -0.018134 -0.032773
v -0.027022 -0.020378 -0.031685
v 0.029316 -0.013001 -0.002329
v -0.032975 -0.010052 -0.037275
v -0.030308 -0.015244 -0.034476
v -0.029144 -0.016613 -0.033278
v -0.029098 -0.017301 -0.026370
v -0.027715 -0.019061 -0.029861
v -0.029950 -0.015068 -0.038852
v 0.040319 0.004532 0.048033
v 0.026174 0.021764 0.005653
v -0.028635 -0.018194 -0.034895
v 0.040723 0.002973 0.045872
v -0.029490 -0.015508 -0.041479
v -0.029081 -0.016750 -0.039764
v -0.027840 -0.018374 -0.038454
v -0.030038 -0.010345 -0.049087
v 0.028047 0.016397 -0.002995
v -0.032372 -0.005879 -0.047674
v -0.028655 -0.015867 -0.045306
v -0.027086 -0.018214 -0.045545
v -0.029996 -0.014093 -0.042922
v -0.022262 -0.024408 -0.035910
v -0.029146 -0.015866 -0.043673
v -0.034808 -0.005647 -0.024814
v 0.017010 -0.011608 -0.051428
v 0.018642 -0.009697 -0.051245
v 0.018147 -0.007133 -0.051617
v 0.020839 0.003002 -0.051753
v 0.022755 0.005608 -0.049609
v 0.023135 0.000036 -0.049440
v 0.031564 0.009448 0.002185
v 0.016267 0.000441 -0.051679
v 0.016558 0.003456 -0.051621
v 0.010541 0.029109 -0.028131
v 0.035714 -0.006804 0.047683
v 0.017205 -0.023852 -0.016049
v 0.014920 -0.011328 -0.051650
v 0.016434 -0.009196 -0.051500
v 0.004448 -0.025656 -0.046707
v 0.015136 -0.025765 -0.014840
v 0.014061 -0.026372 -0.015990
v -0.017360 -0.021909 -0.050109
v -0.031828 0.021974 0.015720
v 0.023672 0.003678 -0.046738
v 0.018867 -0.001469 -0.051832
v -0.036697 0.009022 0.018648
v -0.036574 0.010820 0.020837
v -0.037849 -0.002258 0.018769
v -0.036667 0.006857 0.002029
v 0.031639 -0.019781 0.048865
v -0.036546 0.007703 0.003690
v 0.003092 0.018508 -0.050728
v -0.001850 0.018272 -0.050549
v -0.032741 0.020012 0.016960
v -0.031752 0.021998 0.012316
v 0.009510 0.013443 -0.050939
v 0.029387 -0.019774 0.048047
v -0.016789 -0.022768 -0.049719
v -0.015530 -0.022266 -0.049972
v 0.003826 -0.021318 -0.051231
v -0.024559 0.029474 0.021428
v 0.037737 -0.008647 0.047931
v -0.036986 0.007522 0.015999
v 0.032233 0.006793 0.004262
v 0.012648 -0.022223 -0.043822
v -0.028206 -0.016609 -0.046446
v -0.027943 -0.017229 -0.045040
v 0.032676 0.006131 0.006903
v 0.036539 -0.008998 0.047736
v 0.031951 0.008436 0.005503
v -0.029155 -0.014831 -0.046355
v -0.027073 -0.017272 -0.047472
v 0.035692 -0.010069 0.047773
v -0.030964 0.022095 0.006335
v -0.028160 -0.017134 -0.042597
v -0.029784 -0.014297 -0.044720
v 0.032409 0.004922 0.005649
v -0.015054 -0.020344 -0.050337
v -0.015160 0.031664 -0.006976
v -0.028103 -0.017801 -0.040799
v -0.028736 -0.017582 -0.031725
v -0.024914 -0.020592 -0.047002
v -0.026599 -0.019061 -0.042607
v 0.007043 0.018273 -0.050807
v -0.021485 0.030668 0.000885
v -0.021340 0.030686 0.003260
v 0.003389 0.013601 -0.050861
v -0.029678 0.024164 0.005948
v -0.029484 0.024491 0.007792
v -0.030656 0.022041 0.001684
v -0.028581 0.024986 0.003046
v 0.010761 0.018975 -0.050946
v 0.000790 0.017200 -0.050513
v 0.006333 0.030347 -0.035666
v -0.002997 0.021744 -0.050354
v 0.019611 0.019901 -0.038978
v 0.015350 0.022223 -0.046344
v -0.027060 -0.018055 -0.044407
v 0.007007 0.028482 -0.045803
v 0.005206 0.031556 -0.027321
v 0.004656 0.029232 -0.046229
v 0.007449 0.027123 -0.047683
v 0.011318 0.016342 -0.050997
v -0.014800 0.035225 0.020012
v 0.015226 0.025617 -0.029401
v 0.008912 0.003585 -0.051410
v -0.007306 0.013267 -0.050377
v 0.025529 0.007026 -0.035474
v -0.034276 0.017607 0.026749
v 0.032597 -0.007154 0.007209
v 0.036681 -0.007970 0.047836
v -0.024236 0.022577 -0.046423
v -0.022879 0.032655 0.041674
v 0.032732 -0.005647 0.006380
v -0.019448 0.025490 -0.046638
v -0.032379 0.021675 0.025468
v -0.008662 0.021688 -0.049923
v 0.022503 -0.001194 -0.050300
v -0.028964 0.019133 -0.026689
v -0.027022 0.022761 -0.017207
v -0.028099 0.029840 0.040965
v -0.021562 0.026927 -0.022359
v -0.020610 0.032779 0.021037
v -0.035827 0.016689 0.037327
v -0.024496 0.025299 -0.012963
v -0.028193 0.020979 -0.020703
v -0.029132 0.019422 -0.023906
v 0.032032 -0.008613 0.007122
v 0.032775 -0.005740 0.007548
v -0.022207 0.026385 -0.025280
v -0.023385 0.026719 -0.010813
v -0.022406 0.027299 -0.013568
v -0.021709 0.026787 -0.027183
v -0.023274 0.025821 -0.020924
v -0.017875 0.029353 -0.022935
v -0.024706 0.025066 -0.019262
v -0.033317 0.018456 0.011319
v -0.032482 0.020760 0.011060
v -0.021620 0.027269 -0.018588
v -0.014219 0.031130 -0.021709
v -0.014139 0.031650 -0.013588
v -0.021432 0.027699 -0.015508
v -0.024641 0.026680 0.048387
v -0.015998 0.031017 -0.019733
v -0.018183 0.029588 -0.019728
v -0.019673 0.028945 -0.015802
v -0.019768 0.028344 -0.025029
v -0.021947 0.026546 -0.034179
v -0.017632 0.029203 -0.027392
v -0.019799 0.028376 -0.031447
v -0.021376 0.027481 -0.030052
v -0.020736 0.027965 -0.014366
v -0.023652 0.025458 -0.023190
v -0.025418 0.022169 -0.038973
v -0.027971 0.020569 -0.034367
v 0.038574 0.003666 0.048824
v -0.017065 0.029084 -0.032432
v -0.021365 0.027069 -0.028174
v -0.021557 0.025134 -0.043864
v -0.033829 0.021478 0.039303
v -0.016613 0.030045 -0.024205
v -0.023197 0.023826 -0.041822
v -0.021687 0.025513 -0.039861
v -0.017774 0.028488 -0.038505
v -0.019795 0.027773 -0.028203
v -0.018190 0.028880 -0.029820
v -0.013669 0.028035 -0.046794
v -0.010553 0.028413 -0.047317
v 0.014479 0.031379 -0.002360
v -0.018626 0.027799 -0.040917
v -0.011847 0.029900 -0.044115
v -0.021056 0.027408 -0.027519
v -0.020904 0.027380 -0.026556
v -0.014893 0.029642 -0.034680
v -0.012594 0.031670 -0.024028
v -0.016432 0.030544 -0.013391
v -0.019559 0.028240 -0.021545
v 0.031480 -0.004539 -0.000591
v -0.016276 0.034555 0.015436
v -0.012684 0.030407 -0.036042
v -0.015622 0.030164 -0.027767
v -0.012256 0.031920 -0.021387
v -0.007919 0.032011 -0.033214
v -0.010669 0.031170 -0.034285
v -0.006882 0.038339 0.043422
v -0.017371 0.028915 -0.035953
v -0.010367 0.030949 -0.040099
v -0.002082 0.014302 -0.050479
v -0.013008 0.034357 -0.000853
v 0.003188 0.032246 -0.035706
v 0.007488 0.028560 -0.044448
v 0.008552 0.027876 -0.043002
v -0.013738 0.036694 0.033728
v 0.004666 0.029920 -0.041613
v 0.002766 0.031341 -0.031828
v -0.009877 0.035405 -0.000179
v -0.023594 0.025789 -0.028721
v 0.029578 -0.010488 -0.003903
v -0.019203 0.028189 -0.034312
v 0.004509 0.030890 -0.032608
v -0.019512 0.031424 0.002045
v -0.019452 0.027453 -0.037542
v 0.037460 -0.000206 0.047959
v 0.005729 0.030520 -0.037272
v -0.001409 0.036453 0.006215
v -0.007299 0.031095 -0.042221
v -0.003724 0.032415 -0.032837
v -0.003340 0.031516 -0.039016
v 0.007162 0.029354 -0.040762
v -0.012468 0.030397 -0.038485
v -0.018561 0.033358 0.014095
v -0.010208 0.031367 -0.032624
v 0.000541 0.031866 -0.033678
v -0.000901 0.032113 -0.033050
v 0.001648 0.031831 -0.032954
v 0.031816 0.007957 0.003523
v -0.012200 0.030746 -0.033189
v -0.011950 0.020886 -0.049752
v -0.012688 0.014585 -0.050035
v -0.024946 0.024082 -0.023350
v -0.010060 0.031021 -0.036782
v 0.040539 -0.000536 0.045318
v -0.024405 0.024475 -0.025016
v 0.039411 -0.000276 0.044428
v -0.015377 0.029169 -0.038678
v 0.038957 0.002271 0.048599
v -0.010557 0.031716 -0.027431
v 0.032358 -0.003445 0.000225
v -0.011799 0.031473 -0.025889
v 0.002585 0.031647 -0.028974
v 0.003315 0.033011 -0.017594
v -0.000232 0.032505 -0.027711
v 0.008180 0.030243 -0.029340
v -0.009287 0.038253 0.040723
v -0.010714 0.032254 -0.025132
v -0.013288 0.030062 -0.040912
v 0.002903 0.030198 -0.044044
v -0.000111 0.030926 -0.043258
v -0.005856 0.033294 -0.020361
v -0.009026 0.032006 -0.031337
v -0.007774 0.032011 -0.031033
v -0.022085 0.032270 0.026315
v -0.003508 0.033319 -0.021122
v -0.004069 0.033623 -0.018999
v -0.027149 0.022875 -0.013084
v 0.031968 0.004006 -0.001201
v -0.000809 0.031963 -0.036097
v 0.009018 0.036250 0.022149
v -0.002167 0.032276 -0.030131
v -0.017709 0.029375 -0.025112
v -0.015012 0.030703 -0.024221
v 0.005311 0.031582 -0.035881
v 0.006833 0.030397 -0.029705
v 0.032374 0.005885 0.005097
v -0.010399 0.032641 -0.023031
v 0.010406 0.030508 -0.019060
v -0.005842 0.032119 -0.030234
v -0.003392 0.032770 -0.027400
v -0.006115 0.031504 -0.037825
v -0.000304 0.032018 -0.030622
v -0.008052 0.033063 -0.022017
v -0.002238 0.033282 -0.019416
v -0.015948 0.030743 -0.015196
v 0.008248 0.034191 -0.000737
v -0.006821 0.032496 -0.027240
v -0.013887 0.031666 -0.018172
v 0.018301 0.026397 -0.013107
v 0.018790 0.025897 -0.013738
v -0.011729 0.032256 -0.016402
v -0.008951 0.033244 -0.014125
v 0.001092 0.036030 0.004395
v -0.021227 0.030522 -0.001075
v -0.016017 0.029917 -0.025916
v -0.010751 0.032690 -0.013764
v -0.010246 0.032773 -0.019429
v -0.005136 0.033001 -0.023859
v -0.008985 0.038419 0.044326
v -0.000909 0.037646 0.020348
v 0.033147 0.001955 0.006442
v -0.005762 0.038227 0.030387
v -0.011150 0.031494 -0.030661
v 0.005236 0.035219 -0.002624
v -0.013440 0.030719 -0.028982
v -0.001494 0.037446 0.017251
v 0.007637 0.034882 0.003605
v -0.009863 0.035588 0.002772
v 0.007469 0.035510 0.009668
v -0.010845 0.035527 0.007281
v -0.006960 0.035989 0.000885
v -0.013557 0.030946 -0.026403
v -0.000892 0.033009 -0.022872
v 0.002750 0.036001 0.001780
v 0.006342 0.039650 0.048598
v 0.010293 0.033546 -0.005224
v 0.012128 0.029286 -0.019926
v -0.010043 0.035023 -0.002798
v -0.005577 0.036114 0.001719
v -0.007539 0.036215 0.002422
v -0.012426 0.034722 0.005433
v -0.007168 0.036707 0.009799
v -0.009169 0.036030 0.008308
v -0.033673 0.022951 0.050163
v -0.005501 0.036432 0.006921
v -0.033877 0.022166 0.050485
v 0.026412 -0.005883 0.044900
v 0.001586 0.036175 -0.000560
v -0.003718 0.036408 0.003442
v -0.003607 0.036135 0.000111
v -0.002502 0.033913 -0.011491
v 0.032194 -0.007844 0.046501
v -0.007789 0.033038 -0.020214
v 0.004770 0.032841 -0.015241
v 0.031357 -0.005870 -0.000090
v 0.002125 0.033348 -0.014136
v -0.003954 0.033947 -0.011336
v -0.004023 0.034290 -0.009511
v -0.007709 0.035912 -0.001698
v -0.017887 0.030265 -0.010978
v 0.003947 0.033331 -0.013709
v 0.004802 0.033231 -0.011525
v -0.005557 0.033689 -0.017912
v 0.030355 0.011007 -0.005624
v -0.016125 0.030229 -0.022110
v -0.011995 0.034884 0.002181
v -0.003502 0.035844 -0.003569
v -0.011340 0.034928 -0.001454
v -0.014288 0.030197 -0.031598
v -0.014576 0.031877 -0.010267
v -0.016887 0.030437 -0.017026
v -0.011164 0.032945 -0.010487
v -0.005434 0.034483 -0.006746
v -0.000548 0.035897 -0.003495
v -0.002079 0.034723 -0.006665
v 0.008935 0.030015 -0.030136
v 0.020623 0.026878 -0.004991
v 0.021045 0.025905 -0.002926
v -0.009442 0.033400 -0.012419
v -0.012073 0.032938 -0.006770
v -0.005195 0.033894 -0.013751
v -0.001509 0.033433 -0.013773
v -0.003444 0.033805 -0.014053
v 0.011903 0.029974 -0.017514
v -0.007741 0.035927 -0.000237
v -0.005768 0.033942 -0.011501
v 0.003709 0.034234 -0.007910
v -0.009276 0.032764 -0.016294
v -0.016740 0.032833 -0.001030
v -0.016866 0.033175 -0.000063
v -0.007738 0.033076 -0.018285
v 0.005140 0.030990 -0.029988
v -0.013692 0.034104 0.001052
v -0.007717 0.034200 -0.006802
v -0.007633 0.034848 -0.004559
v -0.014572 0.032686 -0.005648
v 0.033910 -0.007032 0.046938
v 0.037141 -0.010461 0.039787
v 0.003235 0.036828 0.013614
v 0.008776 0.035460 0.014308
v 0.029798 0.003678 -0.011709
v -0.009722 0.036153 0.010851
v -0.010017 0.035951 0.012848
v -0.016444 0.033511 0.005560
v -0.016872 0.033572 0.008278
v 0.005845 0.036503 0.011313
v -0.003499 0.037522 0.021900
v -0.014934 0.034318 0.007975
v -0.015847 0.034178 0.008812
v 0.007401 0.030551 -0.031411
v -0.018479 0.032988 0.010810
v 0.030088 0.005107 -0.012026
v 0.035537 -0.008658 0.047354
v -0.008136 0.037090 0.014505
v -0.013791 0.035499 0.023695
v -0.014814 0.036182 0.034612
v 0.002778 0.036578 0.008026
v -0.002409 0.038190 0.026259
v -0.004178 0.037835 0.023771
v -0.014303 0.035526 0.025709
v -0.001385 0.039528 0.044909
v -0.000861 0.038862 0.043084
v -0.016759 0.031408 -0.005917
v -0.000823 0.038915 0.041143
v -0.009299 0.037432 0.029647
v -0.003168 0.037055 0.010510
v -0.002794 0.038745 0.030398
v 0.021287 0.029203 0.016804
v 0.015914 0.032754 0.019982
v -0.023812 -0.022973 -0.022545
v 0.015279 0.033627 0.021249
v -0.011743 0.035616 0.012104
v -0.000751 0.038135 0.027093
v 0.001247 0.037831 0.024162
v -0.004578 0.038712 0.035480
v -0.014354 0.034993 0.012896
v -0.006473 0.030012 -0.045627
v -0.004993 0.037022 0.013659
v -0.005374 0.038101 0.028785
v -0.004468 0.037541 0.019983
v 0.036833 -0.017927 0.045634
v -0.005783 0.036119 -0.002160
v 0.011446 0.034364 0.012336
v -0.005463 0.037343 0.024428
v -0.008290 0.036035 0.000995
v 0.008073 0.037232 0.029092
v 0.006585 0.037305 0.026358
v -0.014234 0.033792 0.003302
v -0.014275 0.035369 0.015132
v -0.019626 0.029279 -0.007591
v -0.008352 0.032032 -0.029567
v -0.011668 0.036291 0.016767
v -0.030502 0.021815 0.050873
v -0.016715 0.034098 0.012616
v -0.008423 0.033869 -0.011121
v -0.008875 0.035674 0.005319
v -0.034631 0.004638 -0.036853
v -0.006153 0.035944 0.004079
v 0.040072 0.001321 0.047926
v -0.004687 0.037836 0.026083
v -0.003063 0.038726 0.040556
v 0.004880 0.030938 -0.033580
v 0.005103 0.031586 -0.034284
v 0.041182 -0.002612 0.047686
v -0.007147 0.036697 0.012126
v -0.010962 0.036899 0.023936
v 0.029830 0.006447 -0.010690
v -0.007861 0.037207 0.027483
v -0.007070 0.037178 0.025000
v 0.028381 0.007421 -0.019219
v -0.011268 0.037077 0.030639
v 0.007074 0.032223 -0.013811
v -0.013165 0.035962 0.020244
v -0.007840 0.037888 0.032281
v -0.005038 0.037165 0.016881
v 0.006971 0.031905 -0.016563
v -0.009768 0.037052 0.025515
v 0.028904 0.006822 -0.017078
v -0.011030 0.036322 0.018100
v -0.017070 0.034866 0.030297
v -0.011712 0.036234 0.025272
v -0.009090 0.036985 0.023126
v -0.007360 0.038067 0.029590
v 0.029774 0.000760 -0.012220
v 0.029479 0.012993 -0.005045
v -0.015565 0.034140 0.010111
v 0.029566 0.002766 -0.012785
v 0.038931 0.000429 0.048273
v -0.011749 0.035961 0.014796
v -0.028069 0.025806 0.005930
v -0.018525 0.034030 0.028128
v -0.009556 0.036541 0.016762
v -0.025707 0.030496 0.036777
v -0.015058 0.035311 0.023259
v -0.017759 0.033984 0.018911
v -0.021444 0.032905 0.037399
v -0.020381 0.033750 0.035857
v 0.040897 -0.004594 0.046906
v -0.020416 0.032820 0.023369
v 0.040128 -0.007613 0.047209
v -0.012518 0.034987 0.009365
v 0.004027 0.031676 -0.033759
v 0.002238 0.032194 -0.033802
v 0.028093 -0.002424 -0.021515
v -0.020592 0.031876 0.012774
v -0.013685 0.035416 0.022127
v -0.020119 0.032559 0.015915
v 0.040207 0.006654 0.048023
v -0.015803 0.034892 0.021492
v -0.017525 0.034334 0.023286
v -0.021051 0.031506 0.009867
v -0.022124 0.032100 0.031161
v -0.023178 0.019612 -0.049092
v -0.027936 0.014111 -0.048304
v -0.027731 0.025538 0.007608
v -0.034577 0.020732 0.050667
v -0.011430 0.036410 0.021780
v -0.011666 0.036074 0.019510
v 0.038878 -0.011452 0.046172
v 0.038999 -0.010232 0.046623
v 0.038987 -0.008270 0.047881
v 0.031275 0.005455 -0.004515
v 0.031732 0.006363 -0.005379
v 0.037400 0.002419 0.048902
v -0.023256 0.031071 0.024900
v -0.019799 0.033302 0.025740
v -0.022838 0.030913 0.020425
v -0.030074 0.022900 0.006177
v -0.025916 0.029265 0.027725
v -0.021584 0.031834 0.018359
v -0.024980 0.029899 0.025900
v 0.007637 0.034461 -0.002564
v -0.022948 0.030071 0.010811
v 0.005665 0.034795 -0.005118
v -0.021453 0.032133 0.024502
v -0.024689 0.029881 0.023680
v 0.023626 0.018257 -0.023940
v -0.026582 0.027192 0.020752
v 0.039847 -0.008666 0.046300
v 0.023832 0.018744 -0.020802
v -0.012023 0.035014 0.000131
v 0.039759 -0.008499 0.044834
v -0.017412 0.034601 0.026104
v -0.023798 0.030868 0.027703
v 0.039767 -0.010207 0.045684
v -0.028555 0.027014 0.032157
v -0.024041 0.030911 0.032731
v -0.006158 -0.025111 -0.050061
v -0.024252 0.031576 0.038071
v -0.032430 0.024641 0.041187
v -0.027492 0.027488 0.028587
v -0.026435 0.028346 0.026551
v 0.025020 0.014452 -0.026115
v -0.027245 0.027309 0.018007
v -0.024666 0.029392 0.018636
v -0.025650 0.028508 0.016793
v -0.018340 0.033972 0.016160
v -0.022509 0.030102 0.007840
v -0.027255 0.026681 0.022421
v 0.025607 0.012849 -0.026236
v -0.026579 0.028509 0.024711
v -0.028911 0.025266 0.016354
v -0.023651 0.029836 0.015092
v -0.025292 0.027544 0.004613
v -0.016758 0.032994 0.001946
v 0.037306 -0.003320 0.047764
v -0.025903 0.028031 0.011344
v -0.025652 0.027355 0.005339
v 0.026818 0.006766 -0.026673
v -0.026431 0.026808 0.004454
v -0.024926 0.028161 0.003802
v -0.026120 0.027126 0.002187
v 0.039583 -0.006248 0.047953
v -0.018416 0.027184 -0.044281
v 0.027135 -0.001031 -0.027716
v -0.024962 -0.024328 -0.004444
v 0.027542 -0.000331 -0.025928
v 0.040397 -0.005036 0.046201
v -0.012845 0.033816 -0.003434
v -0.010363 0.033929 -0.004938
v 0.000055 0.033495 -0.017828
v 0.026261 -0.003260 -0.031670
v 0.033674 -0.005589 0.046646
v -0.009414 0.033595 -0.007067
v -0.027011 0.025750 0.000332
v 0.030108 0.008020 -0.008934
v 0.030363 0.008206 -0.007137
v -0.027975 -0.024630 0.020730
v -0.029118 0.021245 -0.005542
v 0.024605 -0.007231 -0.035203
v -0.024351 0.025448 -0.016961
v -0.026363 0.024020 -0.010119
v -0.026884 0.023164 -0.008823
v -0.026506 0.023783 -0.008309
v -0.023277 0.026998 -0.007982
v -0.020451 0.028526 -0.012655
v -0.016268 0.029995 -0.029660
v -0.026549 0.025549 -0.002620
v -0.023085 0.029180 -0.000697
v -0.021612 0.029326 -0.002745
v -0.023681 0.029169 0.001914
v 0.027709 0.004301 -0.024703
v -0.017997 0.030039 -0.014067
v 0.027236 0.004906 -0.026338
v -0.019375 0.030472 -0.004449
v -0.016378 0.030982 -0.009078
v -0.020501 0.030554 -0.002172
v -0.015176 0.033790 -0.000690
v -0.016260 0.032484 -0.003066
v 0.031488 -0.012173 0.046903
v -0.022125 0.028222 -0.005881
v -0.020872 0.030910 0.004904
v -0.016328 0.031303 -0.007685
v 0.026282 0.006186 -0.031622
v -0.025146 0.025105 -0.008095
v -0.030539 0.021657 -0.002050
v -0.034419 0.007624 -0.041027
v -0.027734 0.022638 -0.008258
v 0.027684 0.006500 -0.024886
v -0.026994 0.023954 -0.005958
v 0.038837 -0.009933 0.047348
v -0.024678 0.028507 0.005830
v -0.024494 0.026240 -0.005682
v 0.038477 -0.011568 0.047466
v -0.001917 -0.026742 -0.048600
v 0.034424 -0.009856 0.047358
v -0.018886 0.031915 -0.000591
v -0.030118 0.022661 0.004710
v -0.031718 0.020940 0.004127
v -0.032411 0.019582 0.004624
v -0.021502 -0.022251 -0.048497
v -0.032398 0.019375 -0.000168
v -0.031769 0.018766 -0.004261
v 0.030979 -0.005953 0.045878
v -0.028267 0.021902 -0.010441
v -0.031654 0.017313 -0.007538
v 0.029748 0.001489 -0.013707
v -0.032255 0.020749 0.006775
v -0.033618 -0.010537 -0.020611
v -0.032606 0.014994 -0.008475
v -0.032934 0.015395 -0.005694
v -0.031944 -0.013245 -0.021572
v 0.029136 -0.006880 0.045388
v 0.035445 -0.013016 0.048658
v -0.035698 0.012745 0.005319
v 0.037049 -0.015684 0.048736
v -0.028129 -0.015656 -0.047727
v -0.027518 -0.014690 -0.049085
v -0.031646 0.020157 0.002189
v 0.028694 0.003114 -0.021474
v -0.028551 0.025716 0.021801
v -0.024408 0.028548 0.008580
v -0.019227 0.031941 0.004226
v -0.028580 -0.018499 -0.029123
v -0.019730 0.031943 0.006984
v -0.035444 0.013871 0.009131
v -0.016563 0.035661 0.036537
v -0.031220 -0.012763 -0.042367
v -0.030850 0.025975 0.038226
v 0.030056 -0.008047 0.045991
v -0.025757 -0.018920 -0.047816
v -0.027211 -0.018150 -0.046522
v -0.032674 0.021762 0.032154
v -0.020423 0.033475 0.035185
v -0.030168 0.023220 0.006987
v -0.028437 0.023394 -0.003392
v -0.028866 0.024075 -0.000445
v -0.008918 -0.022626 -0.050491
v -0.031754 0.022760 0.028440
v -0.028226 0.026686 0.023694
v -0.030637 0.025283 0.036260
v -0.027979 0.025647 0.009476
v -0.022715 0.029885 0.004968
v 0.039340 -0.008813 0.047093
v -0.026283 0.027025 0.007157
v -0.033549 0.018536 0.007207
v -0.031180 0.023568 0.024385
v -0.029652 0.025004 0.024732
v -0.026582 0.027395 0.015075
v -0.028478 0.025207 0.012844
v -0.029320 0.027041 0.035873
v -0.030899 0.022817 0.007758
v -0.034101 0.016939 0.012618
v -0.032955 0.018771 0.009310
v 0.036940 -0.016333 0.048031
v -0.034354 0.016539 0.008368
v -0.032708 0.020858 0.013666
v -0.030862 0.022888 0.010187
v 0.037200 -0.015709 0.047028
v -0.034533 0.016165 0.010650
v -0.028370 0.026624 0.026217
v -0.030774 0.024464 0.026511
v -0.033429 0.019626 0.025787
v -0.034354 0.017481 0.019012
v -0.033698 0.019053 0.022936
v -0.023520 -0.023525 -0.020806
v -0.030428 0.023576 0.020722
v 0.036007 -0.019145 0.048754
v -0.033486 0.018801 0.013988
v -0.035932 0.012636 0.027338
v -0.032338 -0.012501 -0.031857
v -0.032984 0.019968 0.020057
v -0.035425 0.014618 0.017773
v -0.034622 0.016285 0.021673
v -0.037523 0.008219 0.023565
v -0.018434 -0.020056 -0.050248
v -0.036849 0.007760 0.012544
v -0.036016 0.012106 0.018281
v -0.037240 0.002451 0.010708
v 0.028898 0.004305 -0.018723
v -0.041409 0.002318 0.046810
v -0.041018 0.005598 0.047535
v -0.039961 0.003736 0.044804
v -0.035650 0.011051 0.011053
v -0.039015 0.004127 0.040657
v -0.038143 0.006365 0.034431
v -0.038740 0.005874 0.042643
v 0.036653 -0.016271 0.049330
v -0.031429 -0.011881 -0.041045
v -0.030397 -0.013675 -0.040833
v -0.038162 0.006415 0.032498
v -0.026162 -0.016686 -0.048614
v -0.034403 0.016623 0.015240
v -0.030712 -0.015548 -0.023423
v -0.037613 0.008714 0.033901
v -0.037718 0.008822 0.031043
v -0.033690 0.008588 -0.042773
v -0.037774 0.011027 0.039007
v -0.038011 0.006839 0.028456
v -0.036977 0.009286 0.025226
v -0.037104 0.008473 0.021337
v -0.035056 0.014390 0.012242
v -0.037862 0.007642 0.035767
v -0.028436 -0.022892 0.007346
v -0.038021 0.006065 0.030347
v 0.036908 -0.014747 0.049271
v -0.034097 -0.008864 -0.021669
v 0.040297 -0.006823 0.045910
v -0.035186 0.014389 0.024846
v -0.038191 0.001101 0.024039
v 0.029947 0.002231 -0.011753
v -0.038113 0.007376 0.034173
v -0.014707 -0.026934 -0.039741
v -0.038877 0.002911 0.038719
v -0.038303 -0.002033 0.026874
v 0.038138 -0.010036 0.047932
v -0.037337 -0.007171 0.023242
v 0.039949 -0.006873 0.044669
v -0.038216 0.000975 0.026670
v -0.037878 0.001057 0.019327
v 0.037803 -0.013666 0.047163
v -0.037319 -0.001591 0.013709
v -0.037795 0.001761 0.020431
v -0.037989 0.000719 0.021661
v -0.037940 -0.003026 0.023899
v -0.037695 -0.000656 0.017122
v -0.037343 -0.000667 0.006514
v -0.036592 0.002640 -0.002151
v 0.026602 0.006868 -0.029774
v 0.033597 -0.020304 0.048761
v -0.037196 -0.004024 0.013302
v -0.036907 -0.002113 0.003652
v -0.037227 0.000051 0.010345
v -0.037136 0.000601 0.003486
v -0.036493 -0.002986 -0.000889
v -0.035993 -0.001539 -0.005579
v -0.036882 0.000831 0.004875
v 0.035870 -0.015277 0.049099
v 0.022769 -0.006329 -0.046566
v -0.036531 -0.006084 0.007191
v 0.034464 -0.013888 0.048558
v -0.036097 0.010367 0.016331
v -0.038136 0.002730 0.022529
v -0.035067 0.014115 0.002450
v -0.037663 0.004011 0.014120
v -0.037159 0.004936 0.011582
v 0.024056 -0.012075 -0.027713
v 0.027313 -0.002482 -0.026203
v -0.037446 0.000571 0.011847
v -0.037004 0.004325 0.001404
v -0.036946 0.007828 0.009597
v -0.036571 0.007003 -0.000845
v -0.035621 0.013119 0.015135
v -0.034234 0.013245 -0.004278
v 0.037641 -0.012949 0.047948
v -0.033844 0.013033 -0.007314
v -0.036085 0.001637 -0.010136
v -0.036290 0.009304 0.005207
v -0.036811 0.006567 0.008280
v -0.013211 -0.025863 -0.048430
v -0.036087 0.010795 -0.000510
v -0.036747 0.000568 0.001130
v -0.034790 0.013798 -0.001165
v -0.037102 0.002770 0.008537
v -0.038036 -0.001308 0.020571
v -0.016808 -0.026765 -0.029560
v -0.036500 0.010615 0.007904
v -0.035657 0.012513 0.012854
v -0.036224 0.009602 0.002600
v -0.030460 0.018894 -0.009197
v 0.007672 -0.026245 -0.035655
v -0.031200 0.017739 -0.009805
v 0.026946 -0.004199 -0.027079
v -0.031998 -0.014138 -0.014995
v -0.035273 -0.004998 -0.018069
v -0.037202 -0.001195 0.008764
v -0.034107 0.013890 -0.017534
v 0.002691 -0.025432 -0.049251
v -0.034961 0.008315 -0.012675
v -0.034402 -0.004142 -0.038898
v -0.036081 0.011929 0.002407
v -0.036001 0.005311 -0.005002
v -0.036003 0.002772 -0.007484
v -0.035587 0.005838 -0.007896
v -0.034294 0.010260 -0.023561
v -0.034312 0.011634 -0.021377
v -0.034587 0.010440 -0.009551
v -0.019590 -0.021863 -0.049543
v -0.011138 -0.023606 -0.050191
v -0.036856 -0.004026 0.008670
v -0.036824 -0.004009 0.009532
v -0.035635 0.007525 -0.015473
v -0.033513 0.013276 -0.010654
v -0.033994 0.016737 0.001268
v -0.037200 0.002585 0.006401
v -0.032662 0.019167 0.002862
v 0.036272 -0.013664 0.049119
v -0.031358 0.017040 -0.018935
v 0.032949 -0.014211 0.048195
v 0.036887 -0.016604 0.048723
v 0.026957 -0.004188 -0.025603
v -0.026248 0.023152 -0.020388
v -0.029276 0.020864 -0.012161
v -0.026873 0.022042 -0.025738
v -0.030427 0.018928 -0.011549
v 0.032490 -0.012569 0.047544
v 0.036351 -0.018813 0.047179
v -0.031564 0.016650 -0.021164
v -0.031421 0.017200 -0.013206
v 0.036686 -0.017154 0.046551
v -0.026538 0.022466 -0.023736
v -0.018045 -0.023169 -0.048814
v 0.028282 -0.008309 -0.013189
v -0.024643 -0.016950 -0.049858
v -0.030683 0.016776 -0.023430
v -0.029487 0.018421 -0.028183
v -0.032284 0.015665 -0.011313
v -0.028637 0.020193 -0.028338
v -0.033499 0.013913 -0.025897
v -0.034289 0.010076 -0.014769
v -0.033896 0.011902 -0.026542
v -0.033946 0.014672 -0.018284
v -0.033781 0.013343 -0.023892
v 0.028898 -0.014715 0.045767
v -0.025103 0.024623 -0.015095
v -0.023340 0.026546 -0.015306
v -0.029464 0.020073 -0.014507
v -0.033841 0.011452 -0.012782
v -0.032701 0.015466 -0.017721
v -0.029559 0.020291 -0.010313
v -0.009046 -0.027167 -0.047813
v 0.037796 -0.013768 0.044822
v -0.031853 0.016448 -0.009742
v -0.031418 0.016812 -0.016116
v -0.023112 -0.022487 -0.046411
v 0.034092 -0.019134 0.048637
v -0.035372 0.009036 -0.018899
v -0.034994 0.012226 -0.019429
v -0.026280 -0.021301 -0.020944
v 0.028910 -0.009373 -0.008862
v -0.034958 0.009331 -0.020881
v -0.035847 0.005235 -0.020844
v -0.031705 0.017293 -0.011178
v -0.035340 0.005828 -0.025607
v 0.035418 -0.014322 0.048629
v 0.034193 -0.015859 0.048607
v -0.034333 0.014045 -0.019484
v -0.035493 0.007149 -0.022793
v 0.034923 -0.020797 0.048536
v -0.035401 0.007385 -0.009836
v -0.035081 0.008029 -0.007137
v 0.035535 -0.019925 0.048137
v -0.033898 0.013065 -0.017007
v -0.033397 0.012690 -0.016090
v -0.035604 0.004662 -0.009918
v -0.035864 -0.001466 -0.009597
v -0.029756 0.019464 -0.017968
v -0.033738 0.014427 -0.017060
v -0.034064 -0.007464 -0.031957
v -0.034449 -0.006401 -0.030331
v -0.035249 0.006055 -0.011617
v -0.035291 0.000590 -0.025048
v -0.032447 0.014352 -0.013614
v -0.035538 -0.001630 -0.015613
v -0.035493 -0.004022 -0.011601
v 0.027473 -0.004496 -0.021578
v -0.035800 -0.001371 -0.007407
v 0.035450 -0.016835 0.049202
v 0.038132 -0.012549 0.046500
v 0.027112 -0.004420 -0.024383
v 0.031233 -0.013913 0.047165
v -0.029605 -0.018022 -0.014092
v -0.036469 0.000475 -0.004288
v 0.031468 -0.024899 0.044838
v 0.021191 -0.030528 0.048330
v 0.019358 -0.030468 0.047792
v 0.016321 -0.026803 0.045999
v -0.036356 0.005304 -0.017609
v -0.036759 0.007631 0.006927
v -0.037267 0.000650 0.008005
v -0.035606 0.010370 -0.018236
v 0.033963 -0.022834 0.048254
v -0.035930 0.001528 -0.016961
v 0.033912 -0.023281 0.047379
v -0.035607 -0.000743 -0.013623
v -0.035834 0.000403 -0.014680
v -0.035946 0.002134 -0.015253
v 0.031436 0.005567 -0.003570
v 0.033773 -0.023233 0.048255
v -0.035808 0.008158 -0.017568
v -0.035248 0.009819 -0.016430
v -0.035602 0.000424 -0.016292
v 0.031258 -0.001154 -0.004864
v -0.036280 0.003565 -0.016238
v -0.036126 0.005302 -0.015795
v -0.035847 0.000384 -0.006339
v 0.008952 -0.033268 0.047110
v -0.029283 -0.020998 0.001619
v -0.031567 -0.017949 0.002033
v -0.031032 -0.019269 0.004183
v -0.035802 -0.000145 -0.019750
v -0.035462 -0.003450 -0.013568
v -0.035030 -0.005116 -0.014402
v -0.035996 0.003850 -0.011746
v -0.037043 0.003086 0.003747
v 0.031565 -0.003229 -0.005546
v -0.037296 0.005241 0.005528
v -0.035625 0.000583 -0.018133
v -0.032745 -0.011422 -0.018829
v -0.035387 0.002853 -0.028489
v -0.035574 -0.002253 -0.013993
v -0.028155 -0.018810 -0.031493
v -0.035246 -0.003329 -0.024055
v -0.027905 -0.019147 -0.033129
v -0.036024 -0.001050 -0.011727
v -0.035535 0.000523 -0.026526
v -0.036141 0.002945 -0.020218
v 0.036732 -0.017237 0.047460
v -0.034646 -0.004350 -0.039536
v 0.030797 -0.007868 -0.002622
v 0.030282 -0.011369 0.001123
v -0.026907 -0.020043 -0.029289
v -0.035225 -0.002925 -0.027547
v -0.034804 -0.002922 -0.029530
v 0.038453 -0.012699 0.045584
v -0.035414 0.000412 -0.017406
v -0.035805 -0.003046 -0.017452
v -0.035240 -0.002152 -0.022294
v -0.035819 -0.002263 -0.012939
v -0.036261 0.002217 -0.018208
v -0.035532 0.001833 -0.026196
v -0.035474 -0.001493 -0.024414
v -0.035320 0.000533 -0.030711
v 0.038889 -0.011470 0.045352
v -0.035583 0.003378 -0.023756
v -0.034611 0.010717 -0.005996
v 0.024285 -0.012477 0.044794
v -0.034346 -0.005640 -0.037772
v -0.035086 -0.000224 -0.035035
v -0.025175 -0.022019 -0.021001
v -0.035211 0.000961 -0.027888
v -0.034867 -0.003837 -0.031299
v -0.034661 -0.005082 -0.031230
v -0.024634 -0.022585 -0.018658
v -0.034259 -0.004245 -0.041325
v -0.034896 -0.003124 -0.036109
v 0.037737 -0.014362 0.045897
v -0.034635 -0.002938 -0.041620
v -0.034721 -0.003919 -0.040540
v -0.034504 -0.004485 -0.037709
v 0.034023 -0.008314 0.046933
v -0.035435 0.004857 -0.013962
v -0.035603 0.000529 -0.022479
v -0.024484 -0.022752 -0.024786
v -0.034777 -0.002760 -0.038966
v 0.030160 -0.009236 -0.003672
v -0.034233 -0.001288 -0.045796
v -0.023255 -0.023284 -0.024164
v -0.034381 -0.006174 -0.033527
v -0.029990 -0.016725 -0.022354
v -0.035346 -0.000990 -0.027232
v 0.038352 -0.008072 0.047639
v -0.033674 -0.001916 -0.047393
v 0.031130 -0.004200 -0.005197
v 0.032933 -0.003009 0.003538
v 0.031218 -0.004667 -0.002535
v -0.034676 -0.000053 -0.040458
v -0.027807 0.019403 -0.043404
v 0.033987 -0.021859 0.048559
v 0.034861 -0.021656 0.047566
v -0.030267 0.001161 -0.049709
v -0.025138 -0.027401 0.018171
v -0.034257 0.004842 -0.044066
v -0.020673 0.023433 -0.048379
v -0.035931 0.005130 -0.019264
v -0.034698 0.002590 -0.040346
v 0.031511 -0.002236 -0.005187
v 0.030583 0.006942 -0.007590
v -0.035758 0.007055 -0.019489
v -0.035623 0.002991 -0.026267
v 0.032358 -0.001200 0.001527
v 0.036693 -0.014194 0.044300
v 0.029236 0.003303 -0.017119
v -0.034584 -0.000712 -0.043820
v -0.034442 0.001654 -0.042228
v -0.035325 0.005802 -0.029073
v -0.035092 0.001219 -0.037456
v -0.034143 0.001157 -0.045879
v -0.034539 0.004492 -0.041237
v -0.034892 0.005729 -0.037938
v -0.035109 0.001673 -0.032892
v -0.005750 -0.036975 0.028981
v -0.034963 0.001810 -0.034545
v -0.034846 -0.001161 -0.036767
v -0.024559 0.022630 -0.043347
v -0.034883 0.008692 -0.026631
v 0.029372 0.001703 -0.015837
v -0.035896 0.001725 -0.013068
v -0.035518 0.004194 -0.026520
v -0.030588 0.017084 -0.026679
v -0.030945 0.008809 -0.047491
v -0.036609 -0.013781 0.044636
v -0.030091 0.018425 -0.020923
v -0.034341 0.003125 -0.041928
v 0.030426 -0.000604 -0.011305
v -0.032738 -0.011849 -0.022690
v -0.026029 0.023298 -0.026592
v -0.027381 0.022005 -0.027226
v -0.027883 0.020804 -0.025951
v -0.024904 0.024162 -0.021854
v -0.030164 0.017563 -0.036400
v -0.013585 0.019520 -0.049947
v -0.034856 -0.012744 0.012175
v -0.032651 0.015404 -0.022478
v -0.033995 0.013826 -0.021256
v -0.035301 -0.011971 0.013107
v -0.031388 0.014406 -0.043236
v 0.036989 -0.012427 0.043306
v 0.036632 -0.013332 0.043912
v -0.028250 0.019273 -0.037822
v -0.030836 0.015504 -0.039770
v -0.030024 0.016230 -0.044654
v 0.030812 -0.012557 0.046669
v -0.034468 0.002623 -0.043330
v -0.032911 0.011778 -0.043665
v -0.029782 0.018569 -0.029608
v -0.029915 0.017064 -0.039352
v -0.030179 0.015830 -0.040772
v -0.034621 -0.014882 0.024418
v 0.025379 -0.014052 -0.015806
v -0.035161 0.000396 -0.033267
v -0.037559 -0.003331 0.020265
v -0.032685 0.013887 -0.033015
v -0.032498 0.014180 -0.037067
v -0.036185 0.002340 -0.005045
v -0.031563 0.015577 -0.037944
v -0.033080 0.015500 -0.019879
v -0.030735 0.017462 -0.033480
v 0.037079 -0.010082 0.037961
v -0.031180 0.014801 -0.041128
v -0.032615 0.013448 -0.038582
v -0.030846 0.016787 -0.030878
v -0.032522 0.014635 -0.030154
v -0.031415 0.016133 -0.029072
v -0.034089 0.010285 -0.028451
v -0.026868 -0.024260 0.006030
v -0.033689 0.012157 -0.029935
v -0.035892 -0.012147 0.023032
v -0.032915 0.014700 -0.027722
v -0.030307 0.017242 -0.029017
v -0.031692 0.014213 -0.039750
v -0.032870 0.012992 -0.036190
v -0.035160 0.003815 -0.032607
v 0.036144 -0.014690 0.043909
v -0.034245 0.010792 -0.032759
v -0.030468 -0.004725 -0.049740
v 0.024378 -0.012854 -0.023028
v -0.034607 0.008855 -0.030516
v -0.034911 0.005357 -0.035486
v 0.024894 -0.004336 -0.036031
v -0.034789 0.006521 -0.032389
v 0.036023 -0.015241 0.043458
v -0.033503 0.009899 -0.042197
v 0.023121 -0.011755 -0.032819
v -0.030456 0.015541 -0.042111
v 0.025461 -0.012589 -0.018803
v -0.031029 0.013251 -0.045716
v -0.027815 0.017763 -0.046677
v -0.030714 0.004882 -0.048719
v -0.032690 0.001067 -0.048375
v -0.027275 -0.011942 -0.049954
v 0.037305 -0.011265 0.041941
v -0.001835 0.032333 -0.031857
v -0.015795 0.029044 -0.042636
v -0.031772 -0.018711 0.011577
v 0.025523 -0.008595 -0.026907
v -0.033436 0.012310 -0.015047
v -0.034701 -0.001662 -0.035151
v -0.034709 -0.000602 -0.038446
v -0.036761 -0.002621 0.001038
v 0.028537 0.015050 -0.007082
v 0.029317 0.013055 -0.006839
v 0.028375 0.013998 -0.009086
v 0.029510 0.010408 -0.009178
v 0.021155 0.006442 -0.051172
v -0.022042 -0.030022 0.022934
v 0.022314 0.008553 -0.049689
v 0.023449 0.005719 -0.047258
v 0.022248 0.013473 -0.042397
v -0.015121 -0.028405 -0.023686
v 0.022616 0.009482 -0.046760
v 0.025660 0.005142 -0.038112
v 0.025420 0.007189 -0.037712
v 0.025161 0.013715 -0.027845
v 0.024317 0.006321 -0.042536
v 0.033462 -0.018254 0.048712
v 0.024283 0.007427 -0.041315
v 0.024223 0.008771 -0.041187
v 0.023799 0.012301 -0.038598
v 0.032569 -0.024666 0.047386
v 0.019403 0.023654 -0.021760
v 0.030971 0.005263 -0.007147
v 0.030508 0.005683 -0.008984
v 0.028613 0.003123 -0.020441
v 0.020475 0.021754 -0.024679
v 0.025814 0.008008 -0.034084
v 0.027356 0.016058 -0.008823
v 0.026492 0.012122 -0.022245
v 0.026432 0.012814 -0.020258
v 0.030537 -0.026809 0.046766
v 0.030533 -0.026510 0.045340
v 0.021225 0.014667 -0.044017
v 0.022679 0.020124 -0.020025
v 0.015563 0.026840 -0.019693
v 0.016205 0.026735 -0.020911
v 0.029989 -0.027558 0.045823
v 0.023420 0.013950 -0.036370
v 0.023140 0.011645 -0.043146
v 0.022468 0.012368 -0.044779
v 0.025677 0.011215 -0.027358
v 0.023457 -0.013545 -0.026991
v 0.027025 -0.012558 -0.011514
v 0.036083 -0.012010 0.036663
v 0.023134 0.011830 -0.041124
v -0.036624 0.005947 0.003638
v 0.036164 -0.019549 0.045670
v 0.021659 0.011129 -0.049508
v 0.023947 0.010007 -0.039548
v 0.000190 0.028502 -0.048490
v -0.000308 0.029881 -0.046302
v -0.030529 -0.015283 -0.032210
v -0.004621 0.026683 -0.049097
v 0.020968 0.017439 -0.040280
v 0.021221 0.016178 -0.041295
v 0.027230 0.009066 -0.023553
v 0.024972 -0.017239 -0.008731
v 0.025798 0.013555 -0.024587
v 0.037462 -0.010312 0.043309
v -0.035497 -0.001003 -0.017850
v 0.021859 0.015786 -0.039588
v -0.035763 -0.003836 -0.004804
v 0.021301 0.017803 -0.038198
v 0.025999 0.002847 -0.035746
v 0.024750 0.008588 -0.038614
v 0.030938 0.008455 -0.006537
v 0.022804 0.014249 -0.038465
v 0.025924 0.009729 -0.030547
v -0.026607 -0.023395 -0.001420
v 0.023732 0.016262 -0.027237
v 0.021540 0.015210 -0.042491
v 0.023105 0.009359 -0.045888
v 0.027423 -0.010769 -0.013174
v -0.019315 -0.027107 -0.013215
v 0.024176 0.000453 -0.044124
v -0.020296 -0.027865 -0.006463
v 0.023055 0.015353 -0.033574
v 0.024781 0.003383 -0.041022
v 0.023756 0.006917 -0.044005
v 0.024444 0.008000 -0.039624
v 0.035099 -0.015815 0.038663
v 0.025295 0.008204 -0.035791
v 0.027812 -0.001672 -0.024870
v 0.038609 -0.006355 0.042767
v 0.027300 0.003459 -0.027722
v 0.034522 -0.018470 0.042579
v 0.026926 -0.002987 -0.028121
v 0.026728 -0.001764 -0.029257
v 0.027023 0.001499 -0.029984
v 0.027087 -0.000232 -0.028939
v -0.026537 -0.020235 -0.027957
v 0.027154 -0.000742 -0.030250
v 0.025666 0.008916 -0.032500
v -0.026465 -0.021309 -0.024007
v 0.024829 0.009711 -0.034771
v 0.027297 0.009820 -0.021527
v 0.033862 -0.019429 0.041571
v 0.026057 0.001657 -0.034017
v 0.026061 0.003336 -0.034295
v 0.037801 -0.008879 0.041164
v 0.026882 -0.031037 0.046709
v 0.025090 0.019314 -0.009301
v 0.026298 0.014840 -0.016810
v 0.027224 0.013045 -0.017105
v 0.017847 0.020741 -0.044142
v 0.027075 0.005503 -0.028163
v 0.030057 -0.027883 0.046844
v 0.025396 0.014616 -0.022671
v 0.023327 0.019314 -0.018554
v 0.027731 0.012572 -0.013667
v 0.027734 0.011041 -0.015186
v 0.029310 0.003476 -0.014147
v 0.028907 0.004093 -0.020130
v 0.026793 0.008920 -0.026281
v -0.027651 -0.021542 -0.005914
v 0.027184 0.014226 -0.013710
v 0.026045 -0.013961 -0.012215
v 0.029271 0.006453 -0.013551
v 0.028307 0.012833 -0.009608
v 0.027353 -0.013159 -0.009612
v 0.028114 0.013018 -0.011404
v 0.040224 -0.003205 0.044622
v 0.038514 -0.002516 0.042060
v 0.028627 0.009628 -0.013924
v 0.026556 0.017979 -0.007941
v 0.031230 0.007463 -0.006469
v 0.029406 0.004908 -0.013593
v 0.027564 0.018730 0.001129
v 0.022724 0.024987 -0.000537
v 0.035735 -0.015542 0.041977
v 0.024412 0.017968 -0.018618
v 0.031013 0.009275 -0.003046
v 0.030572 0.010466 -0.002579
v -0.034106 -0.005302 -0.040571
v 0.028358 0.016669 0.001797
v 0.031852 0.003825 -0.000003
v -0.032604 -0.017449 0.008482
v 0.029356 0.015996 0.004329
v 0.038291 -0.004818 0.041683
v -0.033862 -0.009387 -0.015764
v 0.029894 0.012726 -0.000426
v 0.029328 0.014711 0.001482
v 0.031236 0.007415 -0.002250
v 0.027088 0.015064 -0.011369
v 0.030729 0.009630 -0.006728
v 0.030235 0.009408 -0.007773
v 0.027953 0.006560 -0.022703
v 0.028576 0.010374 -0.012008
v -0.032424 -0.010580 -0.041515
v 0.031186 0.009032 -0.005846
v 0.023172 0.021397 -0.012020
v 0.027785 0.004889 -0.023518
v 0.025498 -0.010466 -0.022526
v 0.025186 -0.010951 -0.023963
v 0.033148 -0.022967 0.048527
v -0.032110 -0.019135 0.021356
v 0.031718 -0.023100 0.048348
v 0.026184 0.011263 -0.024923
v 0.030662 0.009599 -0.004409
v 0.017898 0.024753 -0.023640
v 0.021723 0.023216 -0.012352
v -0.031537 -0.022958 0.043441
v 0.029104 0.005087 -0.016402
v 0.027424 0.013021 -0.015461
v 0.028047 0.007248 -0.021057
v 0.028914 0.012120 -0.008492
v 0.023446 0.019824 -0.016263
v 0.019577 -0.015927 0.044623
v 0.022855 0.024545 -0.004041
v 0.021010 0.022242 -0.020326
v -0.034375 -0.009901 -0.004232
v 0.018717 -0.018171 -0.040488
v 0.019611 0.018532 -0.043893
v 0.022098 0.025583 -0.005119
v -0.032400 -0.017407 0.012115
v 0.028277 0.004039 -0.020898
v 0.028553 0.005522 -0.020014
v 0.033628 -0.000682 0.010470
v 0.032557 0.008078 0.008762
v -0.029924 -0.022640 0.030328
v 0.032798 0.009309 0.010554
v 0.033140 0.006787 0.009629
v 0.033234 0.011625 0.019054
v 0.031589 0.015683 0.019525
v 0.024349 0.019586 -0.011406
v 0.023884 0.020765 -0.011451
v 0.035908 0.006665 0.026981
v -0.036077 0.000291 -0.008246
v 0.026291 -0.014224 -0.010567
v 0.035504 0.006461 0.025361
v 0.025093 0.012534 -0.029341
v 0.025150 0.011543 -0.030625
v 0.025211 -0.007545 0.044999
v 0.023397 0.007764 -0.045588
v 0.024142 0.022893 -0.003263
v 0.030094 -0.013399 0.046316
v 0.015005 0.025728 -0.034367
v 0.025851 0.020333 -0.002584
v 0.024994 0.021343 -0.002577
v 0.019710 0.027565 -0.003821
v 0.022841 0.025742 0.002253
v 0.025177 0.023274 0.004106
v -0.030734 -0.019149 0.002860
v -0.030755 -0.019170 0.001722
v 0.026428 0.020916 0.002099
v 0.026502 -0.012261 0.045284
v 0.026194 0.019691 -0.003533
v 0.035620 0.005258 0.024546
v -0.017228 -0.027419 -0.023158
v 0.022830 0.026101 0.005791
v 0.024495 0.024011 0.006752
v 0.034268 0.012790 0.027221
v 0.033560 0.013306 0.023112
v 0.027519 -0.015579 0.045513
v 0.033157 0.011363 0.017578
v 0.030703 0.016941 0.015455
v 0.034161 0.006161 0.017560
v 0.028038 -0.011260 0.045796
v 0.030393 0.011109 -0.001243
v -0.031748 -0.015781 -0.008543
v 0.032567 0.010571 0.012954
v 0.035972 0.005090 0.025960
v 0.035782 0.003910 0.024941
v 0.036486 0.001693 0.025765
v 0.036181 0.000119 0.026403
v 0.035871 0.000612 0.024064
v 0.037135 -0.001456 0.032666
v 0.036859 -0.003805 0.031022
v 0.035024 -0.017057 0.041672
v 0.032221 0.016521 0.024533
v 0.030025 0.016237 0.011072
v 0.028852 0.017211 0.006260
v 0.027205 0.021016 0.010146
v 0.033563 0.010846 0.018863
v -0.032291 -0.017968 0.007205
v 0.031883 0.008904 0.004401
v 0.031314 0.010202 0.004334
v 0.033346 0.000579 0.008431
v 0.027209 -0.007389 0.045041
v 0.033116 0.007900 0.011547
v 0.033463 0.006188 0.011632
v -0.032938 -0.015697 0.006149
v 0.027758 0.017609 -0.002119
v 0.030420 0.019211 0.022728
v 0.032391 0.009446 0.008307
v 0.024365 -0.016917 -0.014193
v 0.033512 -0.018961 0.039128
v 0.032116 0.005316 0.003476
v 0.029656 0.019042 0.016574
v 0.033427 -0.018109 0.037251
v 0.036013 -0.020143 0.046579
v 0.021633 0.022494 -0.015699
v -0.034407 -0.005924 -0.027823
v 0.028362 0.016054 -0.000028
v 0.021655 -0.012257 0.044668
v 0.024683 0.016537 -0.022174
v 0.029091 -0.012545 0.046019
v 0.034325 -0.016321 0.037189
v 0.029366 -0.028088 0.045843
v 0.033001 -0.023527 0.046235
v 0.032924 -0.023218 0.044765
v 0.028601 0.021578 0.021460
v 0.031891 -0.024279 0.045805
v 0.035511 -0.016149 0.043842
v 0.034033 0.006585 0.016212
v -0.029593 -0.012887 -0.047953
v 0.034028 0.007979 0.017098
v 0.029235 -0.017689 0.047211
v 0.033955 0.007702 0.015546
v 0.030606 0.014356 0.010124
v 0.031364 -0.016889 0.048242
v 0.022172 0.030016 0.025112
v 0.031684 -0.022706 0.042700
v 0.030307 -0.007147 -0.006606
v 0.023819 0.028443 0.027297
v 0.032582 -0.021523 0.043834
v 0.016168 0.031447 0.008589
v 0.022698 -0.021294 -0.004413
v 0.027706 0.023749 0.025243
v 0.029572 0.017642 0.013210
v 0.030803 0.015918 0.014317
v 0.034057 -0.021999 0.044801
v 0.019301 0.031682 0.024932
v 0.031157 0.017080 0.021274
v 0.034839 0.006582 0.021218
v 0.031459 0.015413 0.017777
v 0.028522 0.018999 0.010830
v 0.028170 0.020444 0.013638
v 0.012878 0.034411 0.016526
v 0.035008 -0.017074 0.043155
v 0.033156 0.011548 0.016056
v 0.022379 -0.019239 -0.013244
v 0.032595 0.012167 0.014566
v 0.031074 0.016878 0.016926
v 0.022217 -0.015018 0.044714
v 0.035028 -0.016315 0.040325
v 0.027361 0.021762 0.014835
v 0.034142 -0.017164 0.038911
v 0.031282 0.012033 0.007552
v 0.030026 0.015509 0.007569
v -0.007582 -0.027429 -0.047634
v 0.026014 0.020765 -0.000717
v 0.026828 0.018977 -0.001673
v 0.034943 -0.018401 0.048979
v -0.016837 -0.024559 -0.048454
v 0.028799 0.011578 -0.011496
v 0.033452 0.009802 0.015365
v 0.029819 -0.010314 -0.005161
v 0.028874 0.018003 0.008562
v 0.013072 0.027582 -0.032374
v 0.011954 0.027860 -0.030484
v 0.023732 0.025459 0.010030
v 0.028820 0.014513 -0.003959
v 0.027985 0.016141 -0.005172
v 0.023551 0.023609 -0.006306
v 0.022184 0.023979 -0.008227
v 0.019307 0.028500 0.003357
v -0.018004 -0.026314 -0.028300
v 0.027814 0.019626 0.006404
v 0.020888 0.027931 0.008034
v 0.024530 0.022851 0.000642
v 0.023419 0.021724 -0.009772
v -0.003058 -0.027770 -0.044263
v 0.029877 -0.015531 0.046811
v 0.032557 0.012787 0.016725
v 0.019976 -0.013843 0.044744
v 0.014918 0.032095 0.004442
v 0.011723 0.033263 -0.004076
v 0.018565 0.025815 -0.015822
v 0.024133 -0.019243 -0.004634
v 0.024159 -0.015308 -0.017474
v 0.023654 -0.020143 -0.004606
v 0.023310 0.021065 -0.013771
v 0.028369 -0.016820 0.046048
v 0.023873 0.020133 -0.012462
v 0.017330 0.026476 -0.017170
v 0.020672 -0.021163 -0.014538
v 0.016605 0.026487 -0.019578
v 0.014895 -0.023710 -0.026286
v 0.017669 0.025582 -0.020266
v 0.014462 0.027658 -0.020343
v 0.017414 0.026374 -0.018733
v 0.010031 0.034517 0.008363
v 0.009321 0.031976 -0.013072
v 0.018280 0.026771 -0.011764
v 0.016867 0.027644 -0.012094
v 0.018503 0.026978 -0.009865
v 0.007127 0.033249 -0.010067
v -0.000328 -0.028044 -0.038647
v 0.005986 0.032221 -0.019018
v 0.032395 -0.021642 0.048615
v 0.030309 -0.022208 0.048833
v 0.003723 0.035383 -0.001009
v 0.020416 0.027195 0.000276
v 0.018044 0.028755 0.000029
v 0.019347 0.028323 0.001248
v 0.005699 -0.026826 -0.036078
v 0.010264 0.033323 -0.002124
v 0.009283 0.034170 -0.002960
v 0.020127 0.029681 0.019127
v 0.021916 0.028734 0.018812
v 0.014592 0.032887 0.011795
v 0.013537 0.033496 0.009157
v 0.017155 0.032363 0.017009
v 0.023055 0.024321 -0.002413
v -0.024982 0.027265 -0.000304
v 0.026304 0.019805 -0.004965
v 0.027974 0.017535 -0.000355
v 0.011095 0.029516 -0.024851
v 0.016186 0.030703 0.003601
v 0.014509 0.031944 0.002761
v 0.027741 -0.013456 0.045721
v -0.000536 -0.027026 -0.045826
v 0.022216 0.028991 0.021418
v 0.014157 0.028568 -0.017009
v 0.019447 0.025355 -0.011746
v 0.019450 0.030871 0.016167
v 0.034320 0.007896 0.018783
v 0.010639 0.033697 0.002344
v 0.011328 0.033228 -0.000868
v 0.012408 0.032520 0.001271
v 0.028934 -0.026067 0.048577
v 0.024302 -0.018538 -0.008669
v 0.008134 0.036743 0.023975
v 0.017975 0.031585 0.019160
v 0.028504 -0.024303 0.048588
v 0.026221 -0.020732 0.046082
v 0.027622 -0.019225 0.046371
v 0.008720 0.034154 -0.004291
v 0.010829 0.035227 0.018366
v 0.007050 0.035291 0.005907
v -0.005973 0.037285 0.022580
v -0.008421 0.032579 -0.024868
v 0.025877 0.017411 -0.010904
v -0.014363 -0.028302 -0.027770
v 0.024223 -0.014986 0.044864
v 0.011669 0.032955 -0.004809
v 0.011442 0.035394 0.021374
v 0.025917 -0.014965 0.045204
v 0.023932 0.014531 -0.030073
v 0.021901 0.018091 -0.030327
v 0.005406 0.036075 0.008514
v 0.013035 0.033755 0.014173
v 0.024529 -0.020776 0.045027
v 0.009574 0.033767 -0.001244
v 0.017651 0.030709 0.011720
v 0.030341 -0.024116 0.048676
v 0.015860 0.030928 0.001100
v 0.033523 -0.022790 0.045483
v 0.014103 0.031044 -0.007180
v 0.026973 -0.024424 0.048287
v 0.015263 0.029305 -0.009668
v -0.003972 -0.030095 -0.027045
v -0.004121 -0.030192 -0.026613
v 0.016185 0.031117 0.005684
v 0.014407 0.028881 -0.013436
v 0.006604 0.033499 -0.008155
v 0.008525 0.033555 -0.006432
v 0.000249 0.034151 -0.010078
v -0.003543 0.033756 -0.016397
v 0.034420 -0.022456 0.047843
v 0.014857 -0.025426 -0.017836
v -0.023900 0.027653 -0.003003
v 0.001543 0.037266 0.011781
v 0.000762 0.036850 0.009370
v -0.000940 0.036300 -0.001391
v 0.024070 -0.010623 -0.031115
v 0.033371 -0.023884 0.048239
v 0.019621 0.031567 0.027970
v 0.005687 0.035461 0.002639
v 0.009494 0.032303 -0.009441
v 0.007663 0.032587 -0.011382
v -0.000515 0.036518 0.002085
v 0.013533 0.025433 -0.039256
v -0.006168 0.035925 -0.000335
v 0.002667 0.032451 -0.025003
v 0.013265 0.027086 -0.028959
v 0.035642 -0.020567 0.047331
v -0.015894 0.027711 -0.045806
v -0.015017 0.023533 -0.049034
v -0.006849 -0.028160 -0.041480
v 0.014181 0.032695 0.006488
v 0.016727 0.029715 -0.003052
v 0.016719 0.029836 -0.002275
v 0.023007 -0.033081 0.048552
v 0.005923 0.031580 -0.024140
v -0.001272 0.031302 -0.040578
v 0.006160 0.030393 -0.033700
v 0.005628 0.029456 -0.044244
v 0.021946 -0.016382 -0.027706
v 0.021441 -0.032987 0.048729
v 0.005737 0.030071 -0.039275
v 0.026022 0.014824 -0.020262
v 0.000939 0.031592 -0.032027
v 0.007371 0.029648 -0.037756
v 0.003676 0.028355 -0.048640
v 0.001530 0.026833 -0.049686
v 0.023361 -0.009232 -0.036488
v 0.032387 -0.024237 0.048646
v 0.011566 0.028134 -0.034777
v 0.009138 0.029230 -0.036043
v 0.010105 0.029192 -0.031366
v 0.008670 0.029580 -0.033754
v 0.011345 -0.029386 -0.009257
v 0.017671 0.023716 -0.029722
v 0.015447 0.026496 -0.025974
v 0.014268 0.027065 -0.026534
v 0.007332 0.030786 -0.027701
v 0.025864 -0.019618 0.045467
v 0.022649 -0.013207 -0.032486
v 0.003385 -0.029919 -0.022138
v 0.017975 0.030155 0.005078
v 0.012278 0.028727 -0.025727
v 0.013969 0.027778 -0.025415
v 0.016532 0.025165 -0.028526
v 0.014946 0.026347 -0.027757
v 0.001391 0.035304 -0.005150
v 0.008945 0.030256 -0.024511
v 0.017434 0.029117 -0.002051
v 0.011531 0.023871 -0.048073
v 0.016279 0.019635 -0.049069
v 0.002099 0.035805 -0.003785
v 0.003282 0.035653 -0.003250
v 0.034482 -0.022302 0.047044
v 0.003651 0.035970 0.005337
v 0.016641 0.024698 -0.029462
v 0.010650 0.029836 -0.022341
v 0.028363 0.017856 0.003895
v 0.026392 -0.017703 0.045205
v 0.008554 0.031616 -0.015363
v 0.012863 0.028735 -0.023117
v 0.009843 0.034223 0.004745
v 0.030523 0.012077 0.002204
v 0.016920 -0.013928 -0.050967
v -0.010204 0.017835 -0.050089
v 0.019563 0.024834 -0.014025
v 0.019157 0.023267 -0.025329
v 0.018382 0.023697 -0.027609
v 0.015823 0.030291 -0.001641
v 0.020726 0.026207 -0.007258
v 0.020965 0.024645 -0.009905
v 0.016234 0.024876 -0.031149
v 0.011707 0.028283 -0.032119
v 0.026639 0.004421 -0.031610
v 0.020766 0.017130 -0.042841
v 0.001427 -0.032725 -0.004833
v 0.033461 -0.003673 0.010308
v 0.033527 -0.002868 0.008741
v -0.003339 -0.035753 0.014163
v 0.024065 0.023597 -0.001526
v 0.024809 0.022222 -0.001474
v 0.019255 0.028008 -0.002018
v 0.010115 0.033978 0.000460
v 0.020552 0.023240 -0.018484
v 0.021202 0.014062 -0.046110
v 0.020610 0.016074 -0.045200
v 0.017037 -0.007110 0.045224
v 0.001250 0.031415 -0.038374
v 0.001960 0.030819 -0.041052
v 0.004016 0.030941 -0.038508
v 0.017254 0.024567 -0.028927
v 0.017966 0.022780 -0.033737
v 0.020768 -0.018541 0.044457
v 0.003818 0.021836 -0.050535
v -0.003352 0.031167 -0.043437
v -0.006738 -0.031471 -0.016350
v -0.004340 0.031480 -0.040793
v 0.025780 0.001028 -0.034760
v 0.025848 0.001476 -0.035448
v 0.011652 -0.006889 0.045198
v 0.020552 0.019756 -0.034512
v 0.021434 0.018048 -0.033333
v 0.024346 0.003463 -0.042449
v 0.017615 -0.016217 -0.047560
v 0.019365 -0.011270 -0.050605
v 0.018461 -0.010717 0.044883
v 0.013537 0.017036 -0.051379
v -0.018146 -0.027149 -0.021151
v 0.023009 -0.009353 0.044745
v 0.013865 0.013929 -0.051350
v 0.009225 0.026898 -0.045623
v 0.024740 0.009442 -0.037258
v 0.022049 0.014885 -0.041348
v 0.019231 0.022264 -0.030321
v 0.020360 0.021314 -0.028037
v 0.012798 0.033346 0.003923
v 0.027678 -0.015579 -0.003744
v 0.015900 0.027520 -0.016868
v 0.020777 0.019033 -0.032314
v 0.021426 0.017358 -0.035580
v 0.020945 0.019026 -0.036789
v 0.016043 -0.006523 -0.051597
v -0.008750 -0.032785 -0.003979
v -0.001284 0.035350 -0.004733
v -0.009602 -0.032796 -0.002935
v 0.023186 -0.006104 -0.045595
v 0.021558 -0.010278 -0.046118
v 0.016565 -0.017360 -0.047107
v 0.021832 -0.007691 -0.049082
v -0.004179 -0.033947 -0.001414
v -0.007816 -0.034451 0.007521
v 0.023861 -0.017244 0.044803
v 0.015486 -0.018636 -0.047235
v 0.022742 0.010182 -0.045973
v 0.023735 -0.000131 -0.047825
v 0.023213 -0.002274 -0.048964
v 0.022381 0.010002 -0.048233
v 0.022390 -0.004657 -0.049732
v 0.023601 -0.001111 -0.046647
v 0.023876 -0.001994 -0.046329
v 0.023750 -0.007335 -0.040624
v 0.022532 -0.002627 -0.050302
v 0.023130 -0.004661 -0.047866
v 0.007654 0.029847 -0.035310
v 0.024578 -0.001163 -0.042296
v -0.009528 -0.032446 -0.003813
v 0.022180 -0.009257 -0.044512
v 0.025011 -0.000571 -0.041153
v 0.023833 -0.000367 -0.045736
v 0.007605 0.036462 0.017388
v 0.024837 -0.003404 -0.038960
v 0.024778 -0.002001 -0.040358
v 0.023176 -0.020793 -0.005705
v 0.023386 0.010126 -0.042064
v -0.003204 -0.035009 0.009255
v 0.021455 -0.002393 -0.051217
v 0.021576 -0.011517 -0.043222
v 0.021417 -0.011127 -0.044166
v -0.003487 -0.035518 0.013018
v 0.024255 -0.006357 -0.036291
v 0.024471 -0.005817 -0.037918
v 0.023104 -0.004015 -0.046914
v 0.024325 -0.003627 -0.040230
v 0.025023 0.000625 -0.040757
v 0.024480 0.000407 -0.042194
v 0.004154 0.031802 -0.026308
v 0.008450 0.031192 -0.021367
v 0.019355 0.021306 -0.032695
v 0.019394 0.021231 -0.034641
v 0.030841 0.007585 -0.004000
v 0.031392 0.007988 -0.005217
v 0.025612 0.001846 -0.037105
v 0.025764 -0.003553 -0.035125
v 0.022338 0.011447 -0.046580
v 0.015121 0.023241 -0.043119
v 0.025525 0.005531 -0.036179
v 0.024098 0.005278 -0.044723
v -0.007266 -0.035191 0.011852
v 0.024266 -0.005098 -0.039630
v 0.023013 -0.008269 -0.043134
v 0.022566 -0.009395 -0.041286
v 0.021148 -0.006182 -0.050863
v 0.023971 -0.001481 -0.045686
v 0.024383 -0.001784 -0.044219
v 0.025987 0.004461 -0.034999
v -0.001720 -0.035519 0.011432
v 0.028535 0.001666 -0.020273
v -0.003706 -0.034931 0.007190
v 0.024324 -0.009368 -0.032102
v 0.024569 -0.007348 -0.033439
v 0.023544 -0.001935 -0.047344
v -0.005548 -0.034120 0.000752
v -0.008545 -0.034904 0.010236
v 0.023586 -0.009068 -0.035675
v 0.025015 0.002093 -0.039962
v 0.020633 0.000190 -0.051723
v 0.023167 -0.010987 -0.036937
v 0.002399 -0.035240 0.012002
v 0.024748 -0.019242 0.045006
v 0.023619 -0.007436 -0.039492
v 0.009686 -0.015268 0.044588
v 0.023649 -0.004077 -0.044200
v 0.023495 -0.006286 -0.043441
v 0.008389 -0.014466 0.044528
v 0.023155 -0.009236 -0.039895
v 0.023564 -0.008327 -0.040613
v 0.025334 0.010783 -0.029145
v 0.023356 -0.007326 -0.041647
v 0.022490 -0.006649 -0.048246
v 0.019786 -0.007358 -0.051342
v 0.020497 -0.009390 -0.050408
v 0.016630 -0.015341 0.044861
v 0.025758 -0.007464 -0.029960
v 0.026522 0.004458 -0.033183
v 0.023955 -0.009498 -0.033479
v 0.024159 -0.008992 -0.034822
v 0.021214 -0.013292 -0.040053
v 0.022073 -0.011468 -0.040384
v 0.020139 -0.016751 -0.040009
v 0.024588 0.004792 -0.042360
v 0.023285 -0.004906 -0.046059
v -0.006505 -0.035611 0.018041
v 0.023557 -0.003232 -0.046252
v 0.019438 -0.019535 -0.027685
v 0.024415 0.002966 -0.043191
v 0.022426 0.001214 -0.050820
v 0.000433 -0.033379 -0.003120
v 0.023386 -0.003173 -0.047650
v 0.025542 -0.001469 -0.038411
v 0.022768 -0.007169 -0.045014
v 0.022116 -0.008304 -0.047119
v 0.019511 -0.014593 -0.044670
v 0.024215 -0.007900 -0.037138
v 0.018025 -0.014826 -0.049528
v 0.020167 -0.013011 -0.045530
v 0.025570 0.002291 -0.038570
v -0.004460 -0.034745 0.007050
v 0.025347 0.000716 -0.038852
v -0.010574 -0.024448 -0.049816
v 0.010606 -0.025171 -0.032328
v 0.015291 -0.012651 0.044812
v 0.020880 -0.011709 -0.046155
v 0.020360 -0.014697 -0.041765
v 0.022480 -0.009720 -0.042975
v 0.024013 -0.014944 -0.019092
v 0.024973 -0.013606 -0.019570
v 0.013852 -0.018907 -0.049878
v 0.014563 -0.017655 -0.050367
v 0.021040 -0.010741 -0.048115
v 0.020198 -0.012510 -0.047234
v 0.021073 -0.017617 -0.033385
v 0.021911 -0.016226 -0.033156
v 0.018267 -0.015074 -0.047915
v 0.018223 -0.021184 -0.023943
v 0.018362 -0.017687 0.044569
v 0.019594 -0.013184 -0.048584
v -0.007891 -0.034046 0.005009
v -0.004437 -0.034524 0.004011
v 0.018804 -0.016723 -0.042952
v 0.027390 -0.003246 -0.024866
v 0.021184 -0.012494 -0.042223
v 0.018649 -0.020858 -0.024925
v 0.023355 -0.010726 -0.033873
v 0.019476 -0.020348 -0.021376
v 0.023021 -0.012160 -0.033719
v 0.023193 -0.011802 -0.031464
v 0.023406 -0.010252 -0.033190
v 0.022764 -0.012824 -0.035022
v -0.006762 -0.035382 0.015315
v -0.009916 -0.034704 0.014886
v 0.017961 -0.020875 -0.029957
v 0.018105 -0.015945 -0.046097
v 0.022714 -0.014406 -0.027688
v 0.022133 -0.015157 -0.031984
v 0.023874 -0.011530 -0.029608
v -0.004408 -0.034548 0.002488
v 0.011871 -0.021082 0.045051
v -0.002813 -0.035615 0.011763
v 0.014171 -0.020770 0.045283
v 0.023194 -0.011592 -0.034483
v 0.023380 -0.010535 -0.035340
v 0.024837 -0.009457 -0.029844
v 0.026862 -0.005838 -0.024968
v 0.020421 -0.013371 -0.043684
v 0.026463 -0.000856 -0.032634
v 0.022755 0.003424 -0.049661
v 0.026189 -0.006996 -0.025535
v 0.026478 -0.005710 -0.026409
v 0.023606 -0.014915 -0.022174
v -0.003222 -0.034771 0.005960
v 0.020121 -0.018701 -0.026286
v 0.022781 -0.013814 -0.028923
v 0.025186 -0.005144 -0.033225
v 0.013611 -0.022212 -0.040662
v 0.026770 -0.003448 -0.029927
v -0.006640 -0.034716 0.007555
v -0.004421 -0.035526 0.012226
v 0.023118 -0.008982 -0.038761
v 0.028401 -0.001688 -0.017655
v 0.027115 -0.005590 -0.023410
v 0.021941 -0.015832 -0.035613
v 0.017757 0.028352 -0.007331
v 0.026424 -0.006908 -0.024279
v 0.003706 -0.035200 0.013702
v 0.019273 -0.019581 -0.027151
v 0.027246 -0.007983 -0.018955
v 0.026971 -0.009578 -0.019541
v 0.027347 -0.006425 -0.020504
v 0.017759 -0.030822 0.047526
v -0.005897 -0.036007 0.020287
v 0.027802 -0.005718 -0.017586
v -0.011379 -0.027659 -0.037665
v 0.024944 -0.011923 -0.023118
v 0.024382 -0.014517 -0.018007
v 0.024365 -0.013875 -0.020843
v 0.021834 -0.015441 -0.030219
v 0.022295 -0.013960 -0.030211
v -0.011443 -0.035017 0.021477
v 0.013743 -0.031790 0.047194
v 0.027546 -0.002730 -0.023188
v 0.025641 -0.006597 -0.029952
v 0.020756 -0.016847 -0.037574
v 0.021072 -0.015156 -0.038838
v 0.019232 -0.019769 -0.025517
v 0.021565 -0.017771 -0.020992
v -0.009331 -0.034726 0.011993
v -0.007396 -0.036590 0.024162
v 0.026825 -0.008523 -0.020638
v 0.026488 -0.008983 -0.022060
v 0.022397 -0.014744 -0.033512
v -0.014092 -0.034850 0.027241
v 0.024181 -0.013723 -0.022496
v 0.023571 -0.014258 -0.022994
v 0.025783 0.002423 -0.034765
v 0.023894 -0.006173 -0.040663
v 0.017996 -0.019937 0.044542
v 0.026904 -0.007617 -0.021679
v 0.027598 -0.004678 -0.019785
v 0.027917 -0.005936 -0.018544
v 0.025755 -0.015614 -0.010077
v 0.028472 -0.009697 -0.011376
v 0.028539 -0.009304 -0.010079
v 0.028513 -0.010744 -0.009566
v 0.024609 -0.016966 -0.011907
v 0.029108 -0.001477 -0.014972
v 0.024505 -0.011564 -0.025796
v -0.013174 -0.034484 0.022108
v 0.027814 -0.012593 -0.008863
v 0.022991 -0.014819 -0.023718
v 0.023859 -0.013819 -0.023316
v 0.029689 -0.009523 -0.006520
v 0.029276 0.000189 -0.014969
v 0.030160 -0.010571 -0.002711
v 0.024146 -0.020629 -0.003333
v 0.032397 -0.002237 0.001076
v 0.027939 -0.012130 -0.006846
v 0.028646 -0.012702 -0.005899
v -0.015220 -0.030360 -0.004477
v 0.022020 0.021216 -0.018679
v 0.030398 -0.012920 0.004353
v 0.029318 -0.014999 0.004227
v 0.029349 -0.011122 -0.006433
v -0.010949 -0.033098 0.002429
v 0.028595 -0.010829 -0.007772
v 0.023450 -0.015110 -0.020720
v 0.023095 -0.016034 -0.021479
v 0.029100 -0.005614 -0.013706
v 0.028661 -0.003133 -0.015853
v 0.018352 0.025936 -0.014259
v 0.020225 0.020313 -0.031280
v 0.027581 0.002333 -0.025612
v 0.028745 -0.000031 -0.018579
v 0.028315 -0.003606 -0.018173
v 0.023225 -0.014003 -0.025434
v 0.026030 -0.011792 -0.017478
v 0.016167 -0.020888 0.044986
v 0.026927 0.003824 -0.029317
v 0.029917 -0.005885 -0.007561
v -0.011059 -0.034847 0.020001
v 0.025569 -0.004516 -0.034646
v 0.022670 0.011117 -0.045668
v 0.009117 -0.022680 0.044399
v 0.008352 -0.020705 0.044133
v 0.025818 0.006222 -0.033912
v -0.007802 -0.035431 0.018396
v 0.027524 0.000933 -0.027545
v 0.016040 -0.024444 0.045591
v 0.020417 -0.018016 -0.035974
v 0.021138 -0.017963 -0.023441
v 0.020862 -0.019207 -0.022330
v 0.022117 -0.027807 0.047530
v 0.026576 0.003061 -0.033398
v 0.026863 0.003497 -0.030656
v 0.026489 0.002616 -0.032125
v 0.023082 -0.026413 0.047368
v 0.021334 -0.027566 0.046709
v 0.021468 -0.011281 -0.045104
v 0.028969 0.003092 -0.019237
v 0.019699 -0.020269 0.044223
v 0.026071 0.007996 -0.031028
v 0.025615 0.007426 -0.032554
v -0.007699 -0.036564 0.027757
v 0.025838 -0.005219 -0.031120
v -0.010356 -0.035423 0.024208
v -0.011572 -0.035226 0.024074
v 0.025744 -0.004250 -0.032283
v 0.025737 -0.007999 -0.025921
v 0.016070 -0.018784 0.044895
v 0.025517 -0.009335 -0.025921
v 0.031165 -0.004716 -0.003957
v 0.020837 -0.018857 -0.020697
v -0.008702 -0.035578 0.019605
v -0.010095 -0.035216 0.019311
v 0.030920 -0.006249 -0.003586
v 0.030915 0.003257 -0.007008
v 0.028293 0.004409 -0.022104
v 0.022980 -0.019825 0.044453
v 0.010648 -0.025245 0.045027
v 0.028268 0.002475 -0.022949
v 0.003266 -0.035546 0.014576
v 0.027782 -0.000035 -0.023959
v 0.028931 -0.000247 -0.016561
v 0.019163 -0.024193 0.045061
v 0.028772 -0.001601 -0.019215
v 0.022233 -0.007627 -0.048290
v 0.018068 -0.023270 0.044877
v 0.028402 -0.000302 -0.020042
v 0.026327 -0.007546 -0.022990
v 0.025603 0.000123 -0.036968
v 0.016693 -0.023027 0.045159
v 0.019554 -0.014132 -0.046765
v 0.021858 0.020756 -0.022171
v 0.022924 -0.010566 -0.038805
v -0.011477 -0.035678 0.027033
v 0.023571 -0.009419 -0.037759
v 0.027999 -0.011132 -0.011104
v 0.016352 -0.003338 -0.051715
v 0.026007 -0.003445 -0.033409
v 0.026184 -0.022016 0.046704
v 0.031137 -0.014826 0.014952
v 0.001639 -0.036225 0.019874
v 0.034630 -0.006200 0.018643
v -0.009046 -0.035876 0.023561
v 0.034247 -0.004816 0.014213
v -0.009134 -0.034918 0.016930
v 0.033767 -0.006166 0.014901
v 0.035755 0.001482 0.023234
v 0.033898 -0.003646 0.012300
v 0.033334 -0.005524 0.012719
v 0.000414 -0.037496 0.026165
v 0.033429 -0.005448 0.011217
v 0.020853 -0.012031 -0.044371
v 0.034111 0.002902 0.012686
v -0.003149 -0.035792 0.015718
v 0.033728 -0.006738 0.013748
v 0.012395 -0.028949 0.045405
v -0.000224 -0.036897 0.023228
v 0.032849 0.001093 0.004227
v 0.031171 0.006518 -0.003144
v 0.012841 -0.029997 0.045945
v 0.020404 -0.029714 0.047690
v 0.027223 0.018208 -0.004017
v 0.029230 -0.007655 -0.010942
v 0.015505 -0.022407 0.045354
v 0.033825 -0.007883 0.015363
v -0.007286 -0.036708 0.029163
v 0.032245 0.001641 0.002268
v 0.024181 -0.015887 -0.015759
v 0.033085 -0.005067 0.008727
v 0.012990 -0.023768 0.045464
v 0.025535 -0.006383 -0.032321
v 0.025236 -0.007537 -0.031125
v 0.032324 -0.012649 0.014926
v 0.032221 -0.001913 0.002467
v 0.033129 -0.002302 0.007383
v 0.019961 -0.011635 -0.049687
v 0.033200 -0.003281 0.006465
v 0.034151 -0.005440 0.016388
v 0.034615 -0.003596 0.015661
v 0.033522 -0.001087 0.008444
v 0.033480 0.002439 0.009520
v 0.033132 0.004443 0.008176
v 0.035105 0.003311 0.020208
v 0.035493 0.002214 0.018486
v 0.034751 0.004306 0.018223
v 0.035679 0.000532 0.019132
v 0.012611 -0.026781 0.045543
v 0.034654 0.006100 0.019000
v 0.008987 -0.031970 0.046228
v 0.033986 -0.000005 0.012976
v 0.035385 -0.002483 0.022104
v 0.035501 -0.000667 0.022422
v -0.000499 -0.037433 0.027070
v 0.033221 0.004929 0.011320
v 0.010990 -0.030817 0.046139
v 0.008632 -0.030556 0.045861
v 0.032049 -0.013462 0.013876
v 0.017366 -0.029965 0.046807
v 0.035194 -0.003050 0.019081
v 0.001791 -0.037445 0.027517
v 0.034562 -0.005823 0.017753
v 0.035487 -0.010628 0.030339
v 0.034794 -0.011749 0.028253
v 0.034361 0.001421 0.013750
v 0.034746 -0.000316 0.015130
v 0.033964 -0.010268 0.019786
v 0.033266 -0.011936 0.019181
v 0.003590 -0.036555 0.023440
v 0.034041 -0.013848 0.031977
v 0.035916 -0.005472 0.027202
v 0.035238 -0.007698 0.024314
v 0.033154 -0.009384 0.013262
v -0.004559 -0.035522 0.013847
v 0.033051 -0.007422 0.011678
v 0.033287 -0.006837 0.010221
v 0.034622 -0.012208 0.027166
v 0.034315 -0.010152 0.023173
v 0.034606 -0.008643 0.021800
v 0.034683 -0.010015 0.026141
v 0.035784 -0.002777 0.024370
v 0.007449 -0.025911 0.044624
v 0.036283 0.002006 0.022620
v 0.036046 0.002316 0.024282
v 0.035534 -0.001290 0.018692
v 0.036027 -0.007429 0.027312
v 0.026029 0.009388 -0.028432
v 0.026816 0.007746 -0.028039
v 0.026061 0.008206 -0.029458
v 0.035223 -0.004787 0.020610
v 0.035883 0.002072 0.020034
v 0.025292 0.022754 0.006077
v 0.036035 0.002770 0.021459
v 0.036089 0.003818 0.023407
v 0.035208 0.006124 0.022108
v 0.034991 0.007895 0.022103
v 0.035092 -0.006194 0.022596
v 0.018976 -0.019610 -0.028449
v 0.034743 -0.009192 0.023815
v 0.036178 -0.008895 0.030421
v 0.033598 -0.012363 0.023231
v 0.034287 0.002955 0.014451
v 0.027966 -0.002879 -0.020121
v 0.009129 -0.025046 0.044765
v 0.000887 -0.036908 0.025414
v 0.034576 -0.002386 0.014268
v 0.024200 0.012928 -0.031942
v 0.024923 0.010807 -0.032440
v 0.001647 -0.035779 0.014232
v 0.031080 0.010024 0.000299
v 0.034006 0.001718 0.011679
v 0.033508 0.003671 0.011248
v 0.035835 0.001480 0.020993
v 0.022126 0.019426 -0.026223
v 0.035410 0.000912 0.016981
v 0.033087 -0.004198 0.007170
v 0.037798 -0.002985 0.035258
v 0.025808 -0.013058 -0.016779
v 0.027466 -0.021304 0.047207
v 0.033358 -0.015889 0.029049
v 0.030916 0.009231 -0.001371
v 0.031459 0.014054 0.013963
v 0.018928 -0.021578 0.044403
v 0.034909 -0.004978 0.018853
v 0.036613 -0.001957 0.026635
v 0.029224 -0.021414 0.024177
v 0.033135 -0.005629 0.009903
v 0.029637 -0.011826 -0.001340
v 0.002837 -0.034623 0.007362
v 0.031532 -0.009035 0.003323
v 0.000965 -0.036501 0.017972
v 0.031194 -0.010640 0.004104
v 0.031859 -0.003123 -0.001498
v 0.031560 -0.004686 -0.001568
v 0.032516 -0.012176 0.016152
v 0.032726 -0.011696 0.013998
v 0.032001 -0.008733 0.005260
v 0.035980 -0.003837 0.025878
v 0.030468 -0.006848 -0.005104
v 0.008706 -0.034599 0.017088
v 0.030915 -0.005468 -0.005266
v 0.008883 -0.034470 0.017930
v 0.033359 -0.009171 0.016490
v 0.024208 -0.021652 0.045239
v 0.028311 -0.001497 -0.020446
v 0.030204 -0.008383 -0.005573
v 0.025044 -0.014276 -0.017240
v 0.003808 -0.037161 0.027173
v 0.024893 -0.013842 -0.018402
v 0.003198 -0.031908 -0.007557
v 0.025257 -0.012997 -0.017739
v 0.030262 -0.007685 -0.004016
v 0.030802 -0.008462 -0.000969
v 0.030628 -0.009376 -0.002175
v 0.024226 -0.022923 0.045329
v 0.031088 -0.011743 0.006570
v 0.031313 -0.012463 0.008349
v 0.031459 -0.012619 0.011154
v 0.029809 -0.025144 0.042636
v 0.028223 -0.017522 0.005686
v 0.029613 -0.025884 0.044147
v 0.024315 -0.022813 0.004561
v 0.031103 -0.007047 -0.000190
v 0.033868 0.010260 0.020648
v 0.029476 -0.002825 -0.013830
v -0.006060 -0.035146 0.011966
v 0.029480 -0.003959 -0.012741
v 0.026229 -0.011170 -0.019142
v 0.032178 -0.000200 0.000744
v 0.032053 -0.001326 0.000829
v 0.014260 -0.020106 -0.046990
v 0.032120 -0.001730 -0.000059
v 0.022860 -0.023706 0.045092
v 0.032460 -0.003655 0.001986
v 0.030469 -0.024043 0.038617
v 0.032862 0.000920 0.005227
v 0.031433 -0.000368 -0.003732
v 0.031751 -0.002081 -0.004005
v 0.031697 -0.001794 -0.002776
v 0.027537 -0.009254 -0.015279
v 0.031574 -0.023214 0.040072
v 0.030325 -0.002475 -0.009635
v 0.031443 -0.003954 -0.004236
v 0.031334 -0.003435 -0.003368
v 0.030986 -0.009582 0.001891
v 0.031599 -0.004853 0.000859
v 0.004215 -0.034479 0.008929
v 0.032007 -0.005415 0.002246
v 0.028875 -0.014318 0.001228
v 0.028241 -0.005224 -0.015497
v 0.032679 -0.001570 0.003677
v 0.031940 0.001104 -0.006033
v 0.031448 0.000111 -0.005386
v -0.001081 -0.035518 0.013784
v -0.002144 -0.035665 0.012961
v -0.000688 -0.035447 0.009949
v 0.031425 -0.006182 -0.001523
v 0.031692 0.001355 -0.003123
v 0.031734 0.001227 -0.004680
v 0.030619 0.011627 0.000149
v 0.031750 0.005222 -0.001793
v 0.025156 -0.021909 0.045785
v 0.031643 -0.007820 0.003641
v 0.031897 -0.006784 0.002741
v 0.030818 -0.018525 0.021798
v 0.030231 -0.019352 0.020811
v -0.007248 -0.035529 0.017698
v 0.029467 -0.007876 -0.008012
v 0.003872 -0.034528 0.007899
v 0.031781 0.002902 -0.001810
v 0.031054 -0.025282 0.045496
v 0.029483 -0.006970 -0.009752
v 0.030274 -0.024868 0.039955
v 0.029387 -0.014750 0.003241
v -0.009241 -0.032412 -0.004698
v 0.032343 0.003812 0.001973
v 0.031560 -0.023546 0.043258
v 0.030309 0.001341 -0.009126
v 0.012397 -0.021340 -0.047009
v 0.032645 -0.000282 0.002770
v 0.032792 0.003149 0.004119
v 0.032697 -0.003950 0.005308
v 0.007350 -0.024286 -0.047247
v 0.032828 -0.002223 0.004720
v 0.032935 -0.002136 0.005953
v 0.033875 -0.001645 0.012503
v 0.033636 -0.002363 0.011341
v 0.031147 -0.013728 0.011838
v 0.030553 -0.006171 -0.006263
v 0.031428 0.004415 -0.003630
v 0.030876 0.000905 -0.007261
v 0.019746 -0.029421 0.047194
v -0.008253 -0.032557 -0.005443
v 0.020767 -0.028789 0.047186
v 0.028776 0.001603 -0.017962
v 0.030471 -0.000125 -0.009323
v 0.018887 -0.034196 0.048786
v 0.019896 0.029224 0.010644
v 0.032063 0.002340 -0.005906
v 0.025123 -0.025191 0.047936
v 0.026649 -0.023158 0.047561
v 0.025202 0.016305 -0.018395
v 0.024594 0.018752 -0.013618
v 0.025033 0.017459 -0.016398
v 0.027469 0.016481 -0.006913
v 0.029708 -0.004796 -0.011591
v 0.029563 -0.005824 -0.010334
v 0.003663 -0.033420 0.000241
v 0.029948 -0.004844 -0.010629
v -0.008690 -0.034348 0.006250
v -0.002898 -0.033937 -0.000301
v -0.033810 0.016328 -0.002183
v 0.027866 -0.013943 -0.006419
v 0.017601 -0.021769 -0.025135
v 0.019022 -0.032465 0.048470
v 0.021789 -0.025509 0.046043
v 0.029013 0.010603 -0.010866
v 0.029574 0.012014 -0.003191
v 0.021437 -0.024219 0.045250
v -0.001771 -0.034841 0.006698
v 0.028254 -0.022479 0.048215
v 0.028722 0.008006 -0.014559
v 0.021980 -0.028898 0.047922
v 0.028228 0.008843 -0.016786
v 0.025340 -0.023234 0.046640
v 0.027290 -0.006451 -0.022132
v 0.023775 -0.028004 0.048536
v 0.031595 0.006907 0.000699
v 0.000495 -0.034633 0.006918
v 0.028578 -0.004642 -0.016795
v 0.028122 -0.005138 -0.017553
v 0.018588 -0.021649 -0.022043
v 0.028279 -0.006071 -0.016798
v 0.023038 -0.027721 0.047921
v 0.017316 -0.034235 0.048749
v 0.030389 0.003245 -0.009278
v 0.018748 -0.029403 0.046733
v 0.025061 -0.010119 -0.027653
v 0.026577 -0.001990 -0.030694
v 0.016568 -0.029315 0.046454
v 0.019880 0.024212 -0.016399
v 0.025671 -0.002402 -0.034245
v 0.028227 -0.000367 -0.021811
v 0.031264 -0.001062 -0.006076
v 0.030943 -0.001871 -0.007565
v 0.007050 -0.034102 0.047665
v 0.026654 -0.011370 -0.015643
v 0.026800 -0.014595 -0.007688
v 0.029379 -0.013646 0.000113
v 0.012056 -0.028141 0.045394
v 0.031179 -0.008261 0.000629
v 0.030737 -0.025194 0.048547
v 0.029979 -0.004700 -0.009464
v 0.010562 -0.032547 0.046686
v -0.013226 -0.034563 0.020929
v 0.029727 0.004379 -0.012662
v 0.029763 -0.000665 -0.013357
v 0.029829 -0.003761 -0.010584
v -0.011837 -0.033007 0.003305
v 0.025190 -0.003191 -0.037335
v 0.010943 -0.034007 0.047816
v 0.011580 -0.035545 0.048364
v 0.028238 0.016587 -0.001422
v 0.033788 0.006018 0.013664
v -0.015354 -0.033331 0.018766
v 0.026024 -0.009354 -0.023494
v 0.033751 0.004482 0.012827
v 0.024694 -0.031995 0.048662
v 0.024636 -0.005743 -0.034907
v 0.029696 -0.002836 -0.011959
v 0.022675 -0.031662 0.048926
v 0.024977 -0.030744 0.048868
v 0.013265 -0.036035 0.048657
v -0.010077 -0.035390 0.020494
v 0.025990 -0.010398 -0.020805
v 0.014992 -0.036563 0.048682
v -0.010974 -0.034547 0.014020
v 0.021395 -0.035177 0.048039
v 0.020694 -0.035780 0.047353
v 0.021403 -0.018152 -0.021466
v 0.024416 -0.019555 -0.003757
v -0.007335 -0.035227 0.013075
v 0.024899 -0.018744 -0.004063
v 0.020218 -0.035904 0.048136
v 0.027976 -0.011795 -0.008292
v -0.008426 -0.034813 0.012568
v 0.016483 -0.020955 -0.036313
v 0.021974 -0.017845 -0.020279
v 0.015333 -0.035056 0.048710
v 0.019103 -0.020171 -0.024206
v 0.029516 -0.006245 -0.009227
v 0.013478 -0.034560 0.048433
v 0.024469 -0.012933 -0.024169
v -0.011782 -0.034152 0.013411
v 0.023102 -0.018250 -0.014856
v 0.027285 -0.015007 -0.005162
v 0.026421 -0.016627 -0.004838
v -0.012750 -0.033887 0.013574
v -0.012026 -0.034391 0.014471
v 0.028206 -0.006978 -0.015268
v 0.027721 -0.011925 -0.009732
v 0.011714 -0.038573 0.047765
v 0.026296 -0.016426 -0.006640
v 0.025729 -0.015714 -0.011717
v 0.022151 -0.017303 -0.021845
v 0.010070 -0.039319 0.047534
v 0.023421 -0.022689 0.001407
v 0.026260 -0.005248 -0.028600
v 0.011089 -0.039112 0.047053
v 0.022765 -0.015862 -0.022559
v 0.016387 -0.036977 0.048008
v 0.017209 -0.024410 -0.015186
v 0.032996 -0.000285 0.004962
v 0.025447 -0.014752 -0.013317
v 0.020039 -0.020914 -0.017328
v 0.021531 -0.019685 -0.017354
v 0.021002 -0.020051 -0.016311
v 0.024953 -0.015824 -0.014169
v 0.019176 -0.019285 -0.033654
v 0.024789 -0.016935 -0.010222
v 0.025608 -0.016601 -0.009169
v 0.004208 -0.032352 -0.003926
v 0.015636 -0.037573 0.047258
v 0.023334 -0.019421 -0.010100
v 0.023817 -0.018413 -0.011329
v 0.016291 -0.030404 0.046756
v 0.024806 -0.018361 -0.006446
v 0.006457 -0.024136 -0.049772
v 0.024869 -0.017616 -0.007531
v 0.026226 -0.017188 -0.003302
v -0.002163 -0.034567 0.003285
v -0.002616 -0.034642 0.004297
v 0.022488 -0.019794 -0.011588
v 0.022307 -0.019998 -0.010260
v 0.022080 -0.021080 -0.009812
v 0.017657 -0.027410 0.046097
v 0.007974 -0.022806 -0.050001
v 0.016456 -0.021799 -0.029672
v 0.008297 -0.031814 -0.002273
v -0.000457 -0.035621 0.012272
v 0.025599 -0.014640 -0.014681
v 0.025648 -0.013509 -0.014994
v 0.013269 -0.036749 0.041570
v 0.022872 -0.019728 -0.008859
v 0.025998 -0.026693 0.048706
v 0.025747 -0.017969 -0.003627
v 0.007097 -0.025575 -0.039363
v 0.026157 -0.015610 -0.007530
v 0.025184 -0.026340 0.048375
v 0.025489 -0.018118 -0.004991
v 0.027538 -0.007448 -0.017083
v 0.016627 -0.028357 0.046183
v 0.026141 0.016373 -0.013919
v 0.008641 -0.027401 -0.026379
v 0.027608 0.019407 0.003495
v 0.004120 -0.028911 -0.028374
v 0.030639 -0.004017 -0.007989
v 0.019848 -0.024128 -0.006922
v 0.020663 -0.019917 -0.018676
v 0.024635 -0.016184 -0.013009
v 0.024558 -0.018685 -0.005170
v 0.015095 -0.028649 0.046166
v 0.030354 -0.011853 0.003070
v 0.023985 -0.033994 0.047307
v 0.029260 -0.011735 -0.003333
v 0.029238 -0.012103 -0.004805
v 0.024535 -0.033072 0.047991
v -0.012157 -0.033771 0.012721
v -0.010945 -0.034318 0.012071
v 0.020854 -0.032234 0.038953
v 0.000258 -0.035547 0.013552
v 0.023848 -0.017683 -0.013100
v 0.022109 -0.018686 -0.016809
v 0.003991 -0.026662 0.045059
v 0.019487 -0.022416 -0.015148
v 0.025609 -0.017306 -0.006372
v 0.019275 -0.023437 0.044663
v 0.012143 -0.032450 0.047059
v 0.013197 -0.033235 0.047779
v 0.022883 -0.022584 -0.001428
v 0.029673 -0.012982 0.001031
v 0.011967 0.030570 -0.012088
v 0.012380 0.029786 -0.014988
v 0.010401 0.030842 -0.015789
v -0.014384 -0.034708 0.025752
v 0.002459 0.035575 -0.001957
v -0.012523 -0.033817 0.011823
v 0.027904 -0.013738 -0.004591
v 0.019451 -0.020674 -0.019915
v 0.014607 -0.026144 0.045712
v 0.021561 -0.021011 -0.011283
v 0.021870 -0.018988 -0.016064
v 0.019525 -0.027300 0.045967
v 0.021500 -0.017401 -0.024624
v 0.020169 -0.019269 -0.023955
v 0.018411 -0.021474 -0.020985
v 0.017111 -0.022533 -0.021451
v 0.019539 -0.020334 -0.023288
v 0.007597 -0.032922 0.001302
v 0.019432 -0.020566 -0.022375
v 0.027681 -0.015645 -0.002103
v 0.028090 -0.014593 -0.003036
v 0.020600 -0.019688 -0.019673
v -0.009917 -0.035173 0.017534
v -0.013134 -0.034412 0.019559
v 0.009304 -0.036078 0.048595
v 0.005697 -0.028083 -0.026909
v -0.010341 -0.034092 0.006975
v 0.006257 -0.028294 -0.025368
v 0.021400 -0.028232 0.047376
v 0.027834 -0.006250 -0.017498
v 0.022574 -0.015238 -0.026734
v 0.022316 -0.015005 -0.027902
v 0.022237 -0.020756 -0.008086
v 0.017190 -0.021813 0.044679
v 0.021121 -0.023036 -0.005495
v -0.005957 -0.032465 -0.006935
v 0.020682 -0.023389 -0.004488
v 0.022131 -0.023388 -0.000749
v 0.025244 -0.012231 -0.020231
v 0.015588 -0.022740 -0.031280
v 0.021293 -0.022041 -0.009226
v 0.010810 -0.027269 0.045107
v 0.026907 -0.014360 -0.009078
v 0.026111 -0.014879 -0.009568
v 0.024286 -0.026848 0.048252
v 0.018244 -0.025641 -0.004009
v -0.011990 -0.033718 0.010320
v 0.011413 -0.029005 0.044899
v -0.007579 -0.035043 0.014743
v 0.016880 -0.021638 -0.028379
v 0.019284 -0.021138 -0.018499
v 0.018369 -0.021962 -0.019047
v 0.026317 -0.012310 -0.016453
v 0.016132 -0.022520 -0.027553
v 0.019725 -0.018905 -0.029200
v 0.032075 0.001798 0.000181
v 0.032471 0.002703 0.001113
v 0.011372 -0.036034 0.034765
v 0.023847 -0.024505 0.046514
v 0.016442 -0.035096 0.040250
v 0.022175 -0.014108 -0.031123
v -0.009792 -0.033686 0.005062
v 0.020406 -0.018169 -0.031442
v 0.010182 -0.027518 -0.019789
v -0.012826 -0.031246 -0.005075
v 0.021063 -0.017378 -0.025727
v 0.021896 -0.016528 -0.026416
v -0.015455 -0.032741 0.009987
v 0.025231 -0.008354 -0.028297
v 0.018169 -0.025543 0.045656
v 0.014674 -0.024913 -0.020189
v 0.017758 -0.028869 0.046030
v 0.018916 -0.024576 -0.007391
v -0.013787 -0.033332 0.013429
v 0.023236 0.004169 -0.048533
v 0.012891 -0.036180 0.037756
v 0.022155 -0.015947 -0.026081
v -0.023017 -0.029040 0.048854
v 0.025458 -0.002771 -0.035713
v 0.014731 -0.019306 -0.048671
v 0.015318 -0.017879 -0.049587
v 0.018842 -0.033349 0.039335
v 0.008332 -0.030623 -0.007721
v 0.019761 -0.033349 0.039951
v 0.021419 -0.016748 -0.031662
v 0.018146 -0.011943 -0.050902
v 0.021986 -0.010596 -0.043634
v 0.022060 -0.010901 -0.042158
v 0.019989 -0.021731 -0.013766
v -0.022105 -0.030516 0.025912
v 0.013655 -0.026486 -0.017238
v 0.014870 -0.025320 -0.016491
v -0.012525 -0.035201 0.026984
v -0.012300 -0.035408 0.027709
v 0.016846 -0.021869 -0.031123
v 0.017920 -0.034455 0.040060
v 0.020886 -0.017581 -0.027211
v 0.021717 -0.010527 -0.044729
v 0.028688 -0.013203 -0.003350
v 0.022737 -0.021019 -0.006901
v 0.017907 -0.025075 -0.006602
v 0.016605 -0.023652 -0.019825
v 0.027437 -0.018109 0.002719
v 0.018053 -0.024821 -0.008638
v 0.018640 -0.022320 -0.017884
v -0.014222 -0.033623 0.018513
v 0.019972 -0.028562 0.046532
v 0.019003 -0.022188 -0.016547
v 0.017214 -0.022246 -0.022915
v 0.012455 -0.025521 -0.025281
v 0.017580 -0.018287 -0.042347
v 0.022110 -0.017782 -0.018821
v 0.021234 -0.018775 -0.019415
v 0.021397 -0.018789 -0.018269
v 0.017492 -0.020670 -0.028646
v 0.021205 -0.017215 -0.030415
v 0.020310 -0.023404 0.044607
v 0.008418 -0.026170 -0.033557
v 0.007575 -0.027147 -0.031282
v 0.014744 -0.023306 -0.029176
v 0.015393 -0.022619 -0.029718
v 0.016119 -0.018640 -0.044950
v 0.017000 -0.021788 -0.026260
v 0.020746 -0.018538 -0.024897
v 0.018185 -0.023032 -0.015928
v 0.021193 -0.032887 0.042833
v 0.020989 -0.016955 -0.028407
v 0.015813 -0.022380 -0.033271
v 0.010290 -0.021426 -0.049964
v 0.007413 -0.024175 -0.047991
v 0.007497 -0.023887 -0.049034
v 0.012390 -0.020514 -0.049312
v -0.016006 -0.033850 0.025776
v 0.020085 -0.024980 0.045477
v 0.012139 -0.023689 -0.039314
v 0.026086 -0.012875 -0.015612
v 0.028141 -0.027007 0.039574
v 0.019983 -0.018074 -0.028489
v 0.020639 -0.017534 -0.028973
v 0.008413 -0.023969 -0.047117
v 0.027231 -0.027276 0.037522
v 0.009562 -0.023246 -0.046119
v 0.015370 -0.022582 -0.030347
v 0.009565 -0.022642 -0.049033
v -0.013846 -0.034408 0.022921
v 0.006290 -0.024646 -0.048665
v 0.018442 -0.018936 -0.037324
v 0.019744 -0.017837 -0.038119
v 0.019845 -0.030994 0.029412
v 0.011982 -0.021610 -0.048025
v 0.019143 -0.031733 0.030258
v 0.012581 -0.016105 -0.051626
v -0.019584 -0.031698 0.021760
v -0.020578 -0.030897 0.022329
v 0.014728 -0.016265 -0.051094
v 0.020949 -0.016715 -0.029487
v 0.021631 -0.015628 -0.028804
v 0.012059 -0.037117 0.041938
v 0.007666 -0.025132 -0.043351
v 0.018112 -0.021020 -0.025818
v 0.012808 -0.024048 -0.032226
v 0.011546 -0.037476 0.043107
v 0.018953 -0.034342 0.043232
v 0.011575 -0.024405 -0.036802
v -0.008743 -0.029402 -0.032161
v 0.011690 -0.023134 -0.042472
v 0.011595 -0.025776 -0.026605
v 0.016157 -0.024051 -0.018731
v 0.010697 -0.025647 -0.030240
v 0.011865 -0.025453 -0.028013
v 0.014566 -0.020769 -0.043338
v 0.018036 -0.035483 0.044729
v 0.016266 -0.036157 0.044597
v 0.016318 -0.034513 0.036305
v 0.013408 -0.025586 -0.022592
v -0.014222 -0.033712 0.016829
v 0.012056 -0.018871 -0.051014
v 0.020064 -0.020929 -0.015742
v 0.007793 -0.031552 0.045973
v 0.016479 -0.025094 -0.013663
v 0.015715 -0.023606 -0.024870
v 0.015812 -0.023358 -0.023689
v 0.014831 -0.024192 -0.024263
v 0.017236 -0.022874 -0.019268
v 0.017747 -0.023339 -0.016989
v 0.017329 -0.023509 -0.017939
v 0.019448 -0.019535 -0.030487
v 0.020494 -0.018142 -0.029659
v 0.020157 -0.022332 -0.012368
v 0.009168 -0.028653 0.044844
v 0.020509 -0.023552 -0.005511
v 0.006616 -0.028705 0.045263
v 0.019013 -0.022935 -0.013786
v 0.017934 -0.025203 -0.007884
v 0.008448 -0.023361 -0.048591
v 0.007699 -0.029728 0.045483
v 0.021473 -0.021932 -0.007635
v 0.021364 -0.022677 -0.006520
v 0.028032 0.008296 -0.021990
v -0.016799 -0.031232 0.005532
v 0.023024 -0.016541 -0.019917
v 0.003068 -0.029780 0.045024
v 0.019880 -0.018947 -0.027562
v 0.013118 -0.020653 -0.048073
v 0.011240 -0.023722 -0.041032
v 0.010436 -0.024141 -0.039551
v -0.018343 -0.032318 0.023224
v -0.017434 -0.032953 0.022087
v 0.014052 -0.023561 -0.033133
v 0.024721 0.001371 -0.041987
v 0.017594 0.009969 -0.051715
v 0.022112 -0.012860 -0.037804
v 0.010792 -0.036387 0.033957
v 0.017592 -0.024014 -0.013701
v 0.011262 -0.027194 -0.019730
v 0.010823 -0.026985 -0.020716
v -0.025620 -0.023262 -0.010713
v 0.015831 -0.022217 -0.028762
v 0.013170 -0.024848 -0.026437
v 0.009281 -0.024431 -0.040788
v 0.009774 -0.023896 -0.042492
v 0.021691 -0.020420 -0.014067
v 0.021792 -0.020052 -0.015135
v 0.011582 -0.024176 -0.038173
v 0.012011 -0.024295 -0.034605
v -0.017905 -0.031202 0.007269
v 0.008370 -0.025678 -0.035914
v 0.008663 -0.024379 -0.043101
v 0.013434 -0.023284 -0.036516
v 0.010798 -0.023284 -0.043893
v 0.010375 -0.024661 -0.036236
v -0.017091 -0.031520 0.006347
v 0.010323 -0.024581 -0.037943
v 0.013212 -0.024496 -0.027765
v 0.004914 -0.027752 -0.032664
v 0.015205 -0.034697 0.035187
v 0.006990 -0.026489 -0.034102
v 0.017703 -0.020961 -0.032290
v 0.006769 -0.026193 -0.037680
v -0.025982 -0.026402 0.018237
v 0.006947 -0.026472 -0.035341
v 0.008311 -0.026762 -0.030762
v 0.016237 -0.024974 -0.015821
v 0.012681 -0.025368 -0.027289
v 0.010683 -0.025910 -0.029026
v 0.011781 -0.024859 -0.031682
v 0.010448 -0.027476 -0.023812
v 0.009098 -0.027156 -0.025536
v 0.009288 -0.027254 -0.026444
v 0.005799 -0.029674 -0.018793
v 0.009558 -0.027920 -0.018587
v 0.009756 -0.025044 -0.034350
v 0.009410 -0.025342 -0.036197
v 0.004922 -0.027468 -0.035602
v 0.006598 -0.040336 0.045802
v -0.026479 -0.022836 -0.003345
v 0.008527 -0.025451 -0.036971
v 0.015971 -0.023658 -0.022456
v 0.006821 -0.027692 -0.028968
v 0.006672 -0.030820 0.045773
v 0.012382 -0.026509 -0.020298
v -0.024646 -0.027033 0.011355
v 0.011657 -0.024953 -0.030555
v 0.008010 -0.027928 -0.025563
v 0.011358 -0.027931 -0.016636
v 0.011093 -0.037239 0.040934
v 0.010848 -0.036956 0.039697
v 0.006300 -0.025796 -0.041470
v 0.016745 -0.016850 -0.048678
v 0.016298 -0.016362 -0.050087
v 0.012039 -0.026068 -0.022392
v 0.005652 -0.029738 -0.017374
v 0.014142 -0.034936 0.034287
v 0.006314 -0.028865 -0.020779
v 0.012851 -0.035793 0.034782
v 0.014688 -0.024376 -0.025114
v 0.005814 -0.028087 -0.028113
v 0.018033 -0.020917 -0.027185
v 0.007008 -0.028486 -0.021674
v 0.011007 -0.037040 0.048784
v 0.005911 -0.027232 -0.033476
v 0.005764 -0.027028 -0.034765
v 0.005413 -0.026886 -0.037528
v 0.004526 -0.025835 -0.044262
v 0.013148 -0.025697 -0.021547
v 0.008481 -0.028699 -0.018092
v 0.008265 -0.028652 -0.019422
v 0.016719 -0.036866 0.045550
v 0.011383 -0.029678 -0.004612
v 0.009190 -0.026927 -0.027289
v 0.008352 -0.030116 -0.010677
v 0.008175 -0.028351 -0.020894
v 0.014647 -0.037554 0.047880
v 0.014247 -0.038385 0.046904
v 0.004786 -0.033376 -0.000070
v 0.007010 -0.030239 -0.012697
v 0.006714 -0.030554 -0.011293
v 0.015367 -0.028562 -0.002060
v 0.010843 -0.031273 -0.001020
v 0.012287 -0.030805 -0.001208
v 0.008272 -0.030679 -0.008997
v 0.010410 -0.029623 -0.006869
v 0.011275 -0.031231 -0.000216
v 0.011001 -0.031622 0.001103
v 0.010260 -0.032768 0.006753
v 0.011154 -0.029671 -0.005667
v -0.017204 -0.031071 0.004484
v 0.009122 -0.028058 -0.020029
v 0.009666 -0.028949 -0.013501
v -0.028669 -0.022164 0.002652
v 0.009278 -0.029024 -0.015545
v 0.012478 -0.028821 -0.006054
v 0.019328 -0.026280 -0.000105
v 0.017996 -0.027759 -0.000274
v -0.019549 -0.029448 -0.000194
v 0.018586 -0.026480 -0.001247
v 0.008974 -0.039802 0.046822
v 0.009774 -0.028297 -0.016996
v 0.016693 -0.022330 -0.024284
v -0.022719 -0.029774 0.022002
v -0.023108 -0.029129 0.021058
v -0.023267 -0.029507 0.025884
v 0.010297 -0.039661 0.046871
v 0.013578 -0.024151 -0.028935
v 0.014009 -0.027174 -0.011594
v -0.017468 -0.031021 0.003541
v 0.008325 -0.039698 0.047854
v 0.007684 -0.030922 -0.006601
v 0.010002 -0.039672 0.046159
v 0.014757 -0.023883 -0.027919
v -0.034660 -0.011941 0.003059
v 0.006102 -0.039003 0.048961
v 0.015026 -0.036393 0.043593
v 0.011841 -0.026865 -0.018836
v 0.010775 -0.027424 -0.018918
v 0.008763 -0.024900 -0.039142
v -0.028534 -0.022720 0.005231
v 0.010986 -0.027874 -0.017961
v 0.015120 -0.036967 0.044897
v 0.018221 -0.026447 -0.003048
v 0.008639 -0.039835 0.045690
v 0.010072 -0.026672 -0.026466
v 0.022340 -0.018269 -0.017559
v 0.022758 -0.017866 -0.016395
v -0.026144 -0.024554 0.000891
v 0.023131 -0.016653 -0.017822
v 0.008729 -0.038888 0.044906
v 0.013197 -0.038278 0.047723
v 0.011496 -0.026423 -0.021499
v 0.022797 -0.029984 0.033722
v 0.013974 -0.026959 -0.015161
v 0.005471 -0.023382 -0.050565
v 0.022850 -0.030273 0.034953
v 0.012500 -0.027960 -0.012392
v 0.008026 -0.038639 0.044366
v 0.009752 -0.029929 -0.008613
v 0.016700 -0.025083 -0.014755
v 0.016424 -0.025643 -0.011654
v 0.017336 -0.025314 -0.010837
v 0.010394 -0.037789 0.042699
v 0.009585 -0.030066 -0.004866
v 0.010950 -0.029961 -0.003776
v 0.014761 -0.028025 -0.006872
v 0.012189 -0.027062 -0.017464
v 0.011167 -0.031969 0.002836
v -0.020113 -0.031910 0.030035
v 0.010584 -0.032430 0.004060
v 0.010807 -0.028926 -0.012267
v 0.011144 -0.028331 -0.013495
v 0.009515 -0.024023 -0.043607
v 0.009654 -0.023846 -0.044840
v 0.004397 -0.026932 -0.038769
v 0.018152 -0.024363 -0.010272
v 0.017530 -0.035641 0.048592
v 0.014392 -0.025166 -0.018782
v 0.014354 -0.024662 -0.023304
v 0.016337 -0.022527 -0.025540
v 0.013000 -0.036934 0.043851
v 0.009068 -0.038004 0.043471
v 0.013617 -0.026995 -0.013611
v 0.006322 -0.038634 0.041324
v 0.015378 -0.026232 -0.011141
v 0.018963 -0.023555 -0.012625
v 0.022265 -0.016645 -0.023624
v 0.022478 -0.016228 -0.025236
v 0.006497 -0.038739 0.042508
v 0.012286 -0.026182 -0.023744
v 0.017118 -0.025480 -0.008897
v 0.008402 -0.029132 -0.017058
v 0.011404 -0.024601 -0.032996
v 0.010951 -0.038635 0.045187
v -0.027612 -0.024517 0.016601
v -0.028246 -0.023738 0.016864
v 0.010449 -0.026662 -0.025078
v 0.009404 -0.027098 -0.024959
v 0.008658 -0.027078 -0.028527
v 0.017221 -0.024749 -0.012902
v -0.023730 -0.028680 0.019450
v 0.016609 -0.023652 -0.020687
v 0.008444 -0.024372 -0.044089
v 0.008034 -0.037833 0.039270
v 0.015931 -0.018111 -0.047980
v 0.017646 -0.034940 0.042657
v -0.026622 -0.026076 0.018185
v 0.018227 -0.034893 0.043776
v 0.006928 -0.026105 -0.036487
v 0.012909 -0.024143 -0.030368
v 0.010403 -0.037451 0.041622
v 0.013995 -0.036150 0.041539
v 0.012655 -0.035361 0.033273
v 0.010915 -0.036076 0.032744
v -0.028531 -0.021526 -0.002371
v -0.028103 -0.022555 0.000052
v -0.029531 -0.022272 0.013455
v -0.028364 -0.023049 0.012449
v 0.015491 -0.037622 0.045526
v 0.008082 -0.025942 -0.034744
v 0.008166 -0.028369 -0.022725
v 0.014389 -0.023219 -0.030808
v 0.014041 -0.038050 0.045508
v 0.017094 -0.037055 0.046783
v -0.030323 -0.021765 0.021114
v -0.030928 -0.021085 0.019514
v 0.018668 -0.036491 0.046830
v -0.023666 -0.028898 0.022622
v 0.010968 -0.025568 -0.031225
v 0.011201 -0.037453 0.042181
v 0.021311 -0.020759 -0.013034
v 0.009000 -0.037446 0.039859
v -0.026683 -0.024596 0.009424
v -0.020659 -0.032009 0.034514
v 0.017214 -0.025771 -0.005754
v -0.027195 -0.025382 0.017514
v 0.007325 -0.028505 -0.024154
v 0.005782 -0.028796 -0.023842
v 0.017807 -0.027169 -0.001295
v 0.012540 -0.028482 -0.008785
v 0.025629 -0.032767 0.047170
v 0.010688 -0.029893 -0.004690
v 0.016520 -0.028678 0.000663
v 0.018179 -0.023644 -0.015036
v 0.026633 -0.015285 -0.006359
v 0.014075 -0.036594 0.042438
v 0.014442 -0.024512 -0.021859
v 0.012502 -0.031181 0.002614
v 0.007750 -0.028819 -0.017842
v 0.018552 -0.036323 0.045858
v 0.009627 -0.025881 -0.031288
v 0.020884 -0.024546 -0.001330
v 0.013382 -0.028545 -0.006842
v 0.019255 -0.024371 -0.004641
v 0.024046 0.002859 -0.044573
v 0.024254 0.003858 -0.043438
v 0.020123 -0.023010 -0.008665
v 0.018009 -0.024360 -0.011948
v 0.019429 -0.024007 -0.009683
v 0.015827 -0.023744 -0.021328
v 0.020198 -0.022941 -0.009926
v 0.016344 -0.024492 -0.017234
v 0.014941 -0.027974 -0.005430
v 0.009533 -0.037655 0.041499
v -0.038100 -0.008203 0.040625
v 0.017250 -0.025022 -0.012065
v 0.009359 -0.025713 -0.032677
v 0.017377 -0.027718 -0.001338
v 0.030944 -0.009671 0.000310
v 0.014911 -0.027095 -0.009956
v 0.020566 -0.023520 -0.006357
v 0.019928 -0.023894 -0.005682
v 0.010600 -0.027155 -0.021563
v 0.020543 -0.024417 -0.003094
v 0.022334 -0.022634 -0.003125
v 0.006880 -0.027625 -0.030285
v 0.021905 -0.023592 -0.001966
v 0.012761 -0.027067 -0.015965
v 0.017995 -0.036492 0.047797
v 0.021686 -0.024408 -0.000285
v 0.016726 -0.025401 -0.012688
v 0.018954 -0.035975 0.048222
v 0.019614 -0.023683 -0.007842
v 0.013672 -0.028616 -0.003902
v 0.015752 -0.037830 0.046269
v 0.023275 -0.022774 -0.000218
v 0.019856 -0.025829 -0.001138
v 0.018838 -0.034300 0.042087
v 0.013910 -0.032812 0.018629
v 0.017861 -0.027165 -0.002245
v 0.017342 -0.034660 0.041353
v 0.018390 -0.024661 -0.009228
v 0.021980 -0.029437 0.030252
v 0.021317 -0.030104 0.029285
v 0.016279 -0.026076 -0.010209
v 0.011856 -0.028954 -0.009075
v 0.013895 -0.036089 0.040079
v -0.033164 -0.018590 0.031239
v 0.010722 -0.029072 -0.010547
v 0.022566 -0.023765 0.001485
v 0.013247 -0.027159 -0.014942
v 0.012601 -0.027722 -0.014803
v 0.012260 -0.028841 -0.009757
v 0.019368 -0.023357 -0.011092
v 0.020740 -0.022015 -0.010601
v 0.010655 -0.026879 -0.022517
v 0.017290 -0.033672 0.036007
v 0.022375 -0.034746 0.046916
v 0.010359 -0.028463 -0.014614
v -0.032604 -0.019380 0.029530
v 0.010512 -0.028132 -0.015597
v 0.011469 -0.028186 -0.014661
v 0.014046 -0.027800 -0.008265
v 0.013371 -0.027840 -0.009858
v 0.006612 -0.028930 -0.022807
v 0.011655 -0.028489 -0.011427
v 0.009473 -0.027701 -0.022997
v 0.009696 -0.029328 -0.012508
v 0.008645 -0.029540 -0.012599
v 0.011116 -0.030591 -0.002589
v 0.013762 -0.030038 0.000375
v 0.016070 -0.029605 0.003275
v 0.012641 -0.032704 0.011206
v 0.017383 -0.026009 -0.006976
v 0.011969 -0.032477 0.009904
v 0.021486 -0.033119 0.044614
v 0.015095 -0.030693 0.007345
v 0.016393 -0.030089 0.007460
v 0.014952 -0.031134 0.008409
v 0.015679 -0.030420 0.008138
v 0.012499 -0.030035 -0.002699
v 0.014822 -0.032057 0.014623
v 0.007843 -0.029506 -0.016130
v 0.017762 -0.028894 0.004997
v 0.020377 -0.035657 0.046369
v 0.016670 -0.029461 0.005887
v 0.010512 -0.032986 0.009376
v -0.029618 -0.024278 0.034884
v 0.011694 -0.032484 0.008503
v 0.011107 -0.033472 0.011793
v 0.018535 -0.030125 0.015118
v 0.017933 -0.030399 0.016113
v 0.013871 -0.031132 0.006035
v 0.012588 -0.031969 0.006929
v 0.013331 -0.030757 0.001586
v 0.021020 -0.033141 0.043711
v 0.013610 -0.032584 0.014880
v 0.012222 -0.033172 0.014954
v 0.016604 -0.030836 0.013744
v 0.009029 -0.032668 0.001029
v 0.015673 -0.031564 0.014262
v 0.015161 -0.031446 0.013374
v 0.022604 -0.033780 0.045420
v 0.010894 -0.033276 0.010498
v 0.015046 -0.031546 0.012408
v 0.021330 -0.028328 0.017404
v 0.018156 -0.028698 0.005989
v 0.018270 -0.029716 0.013919
v 0.022024 -0.028056 0.018514
v 0.020221 -0.033814 0.048789
v -0.035504 -0.016144 0.039822
v 0.018513 -0.028900 0.009136
v 0.019448 -0.029068 0.013549
v 0.016081 -0.031668 0.017728
v 0.009958 -0.032289 0.002058
v 0.020303 -0.029540 0.018663
v 0.019912 -0.035010 0.048623
v -0.034939 -0.016422 0.038309
v 0.009470 -0.032859 0.003922
v 0.017076 -0.032513 0.024853
v 0.016793 -0.029569 0.004451
v 0.020792 -0.028496 0.015443
v 0.015474 -0.030468 0.006300
v 0.017713 -0.028189 0.001472
v -0.035694 -0.015120 0.037710
v -0.035826 -0.014603 0.035639
v 0.021200 -0.027131 0.010685
v 0.022563 -0.026211 0.012120
v 0.019099 -0.029356 0.012618
v 0.011711 -0.027765 -0.015602
v 0.014637 -0.032505 0.015936
v 0.021533 -0.025472 0.004850
v 0.022816 -0.026287 0.014105
v 0.015974 -0.031763 0.018686
v 0.019026 -0.027967 0.005126
v 0.015414 -0.025938 -0.012772
v 0.019552 -0.027888 0.006686
v 0.023366 -0.026922 0.018132
v 0.017497 -0.022970 -0.018599
v 0.015169 -0.030484 0.004685
v 0.022013 -0.024684 0.002279
v -0.033336 -0.018408 0.032940
v -0.034091 -0.019430 0.046235
v -0.033281 -0.020135 0.044639
v -0.035242 -0.016405 0.042177
v 0.027475 -0.027669 0.048863
v 0.021227 -0.026783 0.007535
v 0.025844 -0.028618 0.038025
v 0.026692 -0.028396 0.039488
v 0.021146 -0.026692 0.006117
v 0.021386 -0.027520 0.013747
v -0.041334 0.000382 0.048130
v 0.022933 -0.032411 0.044383
v 0.019253 -0.030241 0.019023
v 0.024515 -0.031396 0.044565
v 0.013947 -0.031144 0.007492
v 0.013518 -0.031601 0.008289
v -0.030689 -0.023354 0.039532
v 0.022535 -0.025669 0.010452
v 0.023776 -0.024881 0.010334
v 0.020923 -0.026007 0.003882
v 0.026973 -0.028769 0.048971
v -0.028335 -0.025533 0.031748
v 0.020393 -0.028920 0.016956
v 0.031410 -0.024269 0.048341
v 0.021255 -0.030014 0.025471
v 0.023694 -0.025755 0.014440
v 0.023548 -0.027162 0.020113
v 0.023915 -0.026898 0.021302
v 0.015897 -0.032433 0.020567
v 0.019514 -0.031103 0.026575
v 0.024030 -0.033738 0.046396
v 0.025154 -0.032338 0.045878
v 0.022938 -0.034230 0.048008
v 0.014304 -0.033311 0.023644
v 0.018819 -0.030673 0.021038
v 0.024301 -0.026766 0.022237
v 0.016571 -0.033803 0.034654
v 0.026341 -0.023982 0.017106
v 0.025200 -0.025186 0.018178
v 0.021016 -0.029647 0.024200
v 0.022105 -0.029432 0.024913
v 0.018624 -0.030687 0.018978
v 0.026002 -0.029560 0.048927
v 0.017298 -0.031315 0.018635
v 0.021100 -0.029504 0.022414
v 0.021945 -0.029132 0.023649
v 0.023250 -0.030037 0.036126
v 0.022553 -0.028341 0.020769
v 0.023796 -0.027867 0.024679
v 0.024005 -0.029419 0.048833
v 0.024884 -0.025962 0.019774
v 0.024083 -0.026325 0.018831
v -0.031200 -0.024005 0.043485
v 0.017795 -0.031853 0.023450
v -0.024805 -0.029139 0.035759
v 0.021589 -0.028892 0.021258
v -0.019444 -0.034211 0.048935
v 0.021438 -0.028960 0.019946
v -0.020565 -0.034038 0.049190
v 0.020047 -0.030443 0.023231
v 0.026270 -0.024091 0.019772
v 0.015473 -0.026518 -0.008615
v -0.028612 -0.024930 0.030075
v 0.025627 -0.025005 0.020297
v 0.022352 -0.028327 0.019447
v 0.022152 -0.029716 0.028048
v 0.018754 -0.032345 0.033918
v 0.017296 -0.032640 0.029004
v 0.026033 -0.031292 0.048736
v -0.029885 -0.026689 0.050179
v -0.032338 -0.021450 0.041733
v 0.016375 -0.033059 0.028683
v 0.028688 -0.027374 0.048390
v 0.029378 -0.026915 0.048431
v 0.025724 -0.032108 0.048171
v 0.026396 -0.030448 0.048748
v 0.013361 -0.034387 0.025975
v 0.018047 -0.031427 0.020348
v 0.027113 -0.031093 0.048162
v 0.013922 -0.035207 0.035392
v 0.013146 -0.033568 0.020994
v 0.028292 -0.028647 0.048836
v 0.017431 -0.029318 0.008224
v 0.020242 -0.028429 0.012893
v 0.011872 -0.034018 0.020689
v 0.014273 -0.034677 0.030379
v 0.017055 -0.032930 0.027503
v 0.017609 -0.032695 0.028058
v 0.022996 -0.025102 0.009443
v 0.027177 -0.029726 0.048725
v 0.028193 -0.029811 0.048387
v 0.020237 -0.028409 0.014057
v 0.019262 -0.030386 0.019979
v 0.013756 -0.034168 0.024805
v -0.012307 -0.037481 0.043928
v -0.027114 -0.026537 0.028370
v 0.014917 -0.034006 0.027640
v 0.013903 -0.034604 0.027299
v -0.025763 -0.027774 0.026926
v 0.024117 -0.028563 0.033062
v -0.031322 -0.021888 0.032259
v 0.029577 -0.027819 0.048610
v 0.018340 -0.032337 0.027773
v -0.027386 -0.025774 0.025443
v 0.018681 -0.031840 0.029206
v 0.009713 -0.035589 0.026190
v 0.023148 -0.021974 0.044577
v 0.013317 -0.033414 0.019842
v 0.015123 -0.033491 0.025212
v 0.011199 -0.035761 0.031833
v 0.027345 -0.026046 0.035447
v 0.012297 -0.035434 0.029743
v 0.007629 -0.037402 0.034662
v 0.008545 -0.037019 0.035012
v 0.024832 -0.030532 0.042873
v 0.026302 -0.030589 0.045545
v 0.027967 -0.029492 0.046404
v 0.030916 -0.027388 0.048002
v 0.016415 -0.034595 0.038928
v 0.015586 -0.032869 0.021649
v 0.006616 -0.036189 0.028622
v 0.001473 -0.037369 0.026285
v 0.006873 -0.035061 0.015372
v 0.007155 -0.035016 0.014237
v 0.030262 -0.026492 0.048665
v 0.007132 -0.034147 0.010478
v 0.007607 -0.035409 0.018929
v 0.031735 -0.025763 0.048569
v 0.008639 -0.034819 0.020264
v -0.027582 -0.026322 0.033488
v 0.012995 -0.034769 0.026966
v 0.013149 -0.033950 0.022295
v 0.024198 -0.023661 0.008300
v 0.028551 -0.028657 0.045354
v 0.012467 -0.034017 0.023493
v 0.010754 -0.034880 0.022884
v 0.013197 -0.032290 0.012435
v 0.009748 -0.034696 0.019432
v 0.009741 -0.034642 0.018564
v 0.006653 -0.034651 0.013075
v -0.017133 -0.033102 0.025351
v 0.010381 -0.035886 0.029771
v -0.017341 -0.033507 0.026667
v 0.012139 -0.032969 0.012677
v 0.010073 -0.033605 0.012245
v 0.009528 -0.033737 0.013279
v 0.013502 -0.027472 -0.012533
v 0.008730 -0.034901 0.018746
v 0.004379 -0.035858 0.016808
v 0.012478 -0.034489 0.024876
v 0.011492 -0.034651 0.024017
v 0.024746 -0.026293 0.021189
v 0.025451 -0.025809 0.022432
v 0.015785 -0.033384 0.026579
v 0.014438 -0.033791 0.026193
v 0.010863 -0.033143 0.012970
v 0.008222 -0.035963 0.025550
v 0.030906 -0.025477 0.046596
v 0.002853 -0.037326 0.026399
v 0.009609 -0.034134 0.014643
v 0.031440 -0.026115 0.047502
v 0.030989 -0.024004 0.042818
v 0.015922 -0.031413 0.015185
v 0.010484 -0.035301 0.028419
v 0.035182 -0.021158 0.046124
v 0.004969 -0.036724 0.025526
v 0.028842 -0.026422 0.041279
v 0.003345 -0.036865 0.028406
v 0.006911 -0.035683 0.022687
v 0.027614 -0.027802 0.041118
v 0.011706 -0.035238 0.028384
v 0.028316 -0.026853 0.042976
v -0.015222 -0.031764 0.001262
v 0.010790 -0.033449 0.014265
v 0.020770 -0.027420 0.009567
v 0.031041 -0.024413 0.043833
v 0.031982 -0.024042 0.044582
v 0.019031 -0.029746 0.016048
v 0.031796 -0.023162 0.043906
v 0.026207 -0.029771 0.044129
v 0.004788 -0.034426 0.008121
v 0.021766 -0.031391 0.037732
v 0.021930 -0.031522 0.039137
v 0.027544 -0.029526 0.044945
v 0.020212 -0.034813 0.045219
v 0.010526 -0.032646 0.005724
v 0.004290 -0.032666 -0.003167
v 0.019696 -0.034268 0.044194
v 0.027096 -0.028268 0.042444
v 0.022934 -0.030520 0.037072
v 0.014173 -0.030462 0.003051
v 0.003125 -0.034446 0.005875
v 0.009928 -0.030763 -0.003421
v 0.026266 -0.029176 0.042922
v 0.013500 -0.032854 0.016996
v -0.000823 -0.027490 -0.043290
v 0.015833 -0.028939 -0.000813
v 0.016790 -0.028207 -0.000683
v 0.004126 -0.034031 0.003666
v 0.014277 -0.031810 0.011758
v 0.014420 -0.033274 0.022120
v 0.019360 -0.028164 0.010397
v 0.001170 -0.035242 0.012721
v 0.024489 -0.031010 0.041218
v 0.016304 -0.033249 0.029509
v 0.017919 -0.028302 0.003243
v 0.013993 -0.031428 0.009934
v 0.021317 -0.027754 0.012159
v 0.029588 -0.025129 0.041194
v 0.029286 -0.025897 0.040083
v 0.029026 -0.025655 0.037884
v 0.012476 -0.034126 0.021461
v 0.024434 -0.026358 0.017418
v 0.030066 -0.024123 0.037096
v 0.025552 -0.025951 0.024927
v 0.033462 -0.021109 0.041051
v 0.022736 -0.027441 0.018886
v 0.022552 -0.027674 0.017587
v 0.019473 -0.031575 0.031235
v 0.032528 -0.021289 0.042049
v 0.026816 -0.024648 0.022374
v 0.027275 -0.023711 0.022317
v 0.030823 -0.023903 0.041629
v 0.025553 -0.026183 0.025952
v 0.025649 -0.025884 0.026751
v 0.023229 -0.026637 0.016760
v 0.023993 -0.025921 0.016277
v 0.023642 -0.028358 0.025957
v 0.024213 -0.027529 0.026522
v 0.027435 -0.028328 0.044016
v 0.034624 -0.018049 0.043981
v 0.010980 -0.033888 0.017080
v 0.030848 -0.025535 0.044651
v 0.023832 -0.024373 0.009238
v 0.025607 -0.023751 0.014039
v 0.024834 -0.023981 0.011965
v 0.033962 -0.020213 0.041120
v 0.033839 -0.020530 0.044093
v 0.024869 -0.024932 0.016559
v 0.022395 -0.023521 0.000400
v 0.025993 -0.029479 0.041122
v 0.021596 -0.025145 0.003360
v 0.022284 -0.027358 0.015844
v 0.023538 -0.031470 0.043435
v 0.028174 -0.022375 0.020622
v 0.024041 -0.025119 0.013204
v 0.019751 -0.026846 0.003338
v 0.031895 -0.022508 0.041544
v 0.024752 -0.029063 0.036990
v -0.027705 -0.025642 0.029338
v 0.029112 -0.027442 0.044670
v 0.012420 -0.029026 -0.003952
v 0.011344 -0.029212 -0.008292
v 0.012418 -0.028050 -0.010868
v 0.013607 -0.025670 -0.018957
v 0.033849 -0.017258 0.035901
v 0.015088 -0.027387 -0.007699
v -0.004111 -0.034666 0.006489
v 0.020375 -0.026948 0.005122
v 0.024997 -0.028325 0.036001
v 0.024077 -0.029363 0.035377
v 0.005274 -0.034477 0.008872
v 0.028249 -0.023995 0.032237
v 0.024616 -0.029450 0.038137
v 0.017250 -0.026158 -0.007794
v 0.012233 -0.029184 -0.005162
v -0.022060 -0.028535 0.006605
v 0.028800 -0.023961 0.033157
v 0.028918 -0.019307 0.014653
v 0.023683 -0.032002 0.042073
v 0.025216 -0.024547 0.015165
v 0.019015 -0.032835 0.036240
v 0.020694 -0.025159 0.000790
v 0.019686 -0.032394 0.035016
v 0.028166 -0.022617 0.021821
v 0.019941 -0.031794 0.033920
v 0.025211 -0.026787 0.026430
v 0.021899 -0.032467 0.041722
v 0.020700 -0.032879 0.040430
v 0.018924 -0.026954 0.001480
v 0.007738 -0.034576 0.013780
v 0.014140 -0.032059 0.012928
v 0.026085 -0.027988 0.036722
v 0.018490 -0.029566 0.011495
v 0.017701 -0.029951 0.012661
v 0.023319 -0.026375 0.015306
v 0.026831 -0.020783 0.008261
v 0.019860 -0.030474 0.021574
v 0.025428 -0.020843 0.003086
v 0.020244 -0.033135 0.041878
v 0.029233 -0.013352 -0.000966
v 0.019810 -0.032842 0.039337
v 0.027406 -0.013166 -0.008003
v 0.031868 -0.000210 -0.001483
v 0.015035 -0.036032 0.041775
v 0.031832 -0.006663 0.001011
v 0.029394 -0.011008 -0.004472
v 0.021525 -0.024434 0.000839
v 0.020667 -0.031082 0.031936
v 0.029972 0.014208 0.004347
v 0.023157 -0.026068 0.014624
v 0.019375 -0.031909 0.032615
v 0.027175 -0.020659 0.010815
v 0.027193 -0.021354 0.012153
v 0.022970 -0.023376 0.002974
v 0.016576 -0.035478 0.043358
v 0.021190 -0.031328 0.034821
v 0.025517 -0.016619 -0.007825
v 0.027228 -0.019604 0.006687
v 0.028571 -0.016612 0.003292
v 0.028289 -0.016139 0.001860
v 0.028753 -0.014250 -0.000312
v 0.020162 -0.030951 0.030011
v 0.028413 -0.015856 -0.000228
v 0.021042 -0.025718 0.002630
v 0.020498 -0.030530 0.029869
v 0.021675 -0.032153 0.040682
v 0.019192 -0.025823 -0.002325
v 0.023592 -0.023931 0.005809
v 0.023563 -0.024410 0.007032
v 0.023111 -0.024393 0.004561
v 0.022901 -0.031561 0.040419
v 0.031927 -0.013316 0.015515
v 0.018151 -0.033283 0.035053
v 0.028015 -0.023322 0.023186
v 0.019488 -0.032795 0.037883
v -0.003240 -0.039776 0.045537
v 0.027371 -0.018526 0.004251
v -0.005693 -0.037349 0.030406
v 0.028050 -0.021179 0.016008
v 0.021973 -0.030555 0.034021
v 0.019779 -0.027860 0.009262
v 0.019955 -0.028403 0.011658
v 0.029978 -0.019487 0.017832
v 0.004953 -0.030013 0.045377
v 0.029573 -0.019235 0.016315
v 0.030211 -0.017779 0.016079
v 0.031285 -0.018037 0.023363
v 0.019957 -0.029226 0.016049
v 0.031191 -0.017839 0.022130
v 0.027111 -0.023568 0.021074
v 0.026344 -0.024640 0.020583
v 0.025616 -0.024195 0.016076
v 0.026941 -0.022454 0.015730
v 0.020227 -0.030717 0.024891
v 0.023908 -0.027640 0.022951
v 0.023328 -0.027450 0.021716
v 0.027360 -0.021447 0.013397
v 0.001739 -0.034924 0.009723
v 0.028428 -0.024419 0.034234
v -0.011477 -0.035361 0.025519
v 0.029061 -0.024386 0.035873
v 0.030292 -0.019565 0.022826
v 0.025487 -0.022308 0.008360
v 0.028459 -0.018780 0.011468
v 0.023638 -0.029250 0.034139
v 0.021174 -0.030846 0.033210
v 0.021996 -0.030201 0.033550
v 0.032074 -0.014334 0.017147
v 0.032879 -0.013462 0.019861
v 0.012280 -0.033541 0.016357
v 0.012395 -0.033458 0.017869
v 0.028184 -0.021937 0.018523
v -0.007343 -0.035869 0.021985
v 0.028131 -0.021491 0.017304
v 0.029612 -0.019669 0.019601
v 0.031356 -0.018849 0.026360
v 0.025484 -0.029320 0.039277
v 0.030975 -0.020359 0.029012
v 0.002206 -0.037891 0.033261
v 0.030059 -0.021563 0.030835
v 0.030086 -0.015820 0.011432
v 0.031559 -0.019239 0.029556
v 0.028000 -0.017222 0.004177
v 0.003889 -0.035214 0.011646
v 0.023237 -0.030614 0.038447
v 0.030195 -0.020247 0.024656
v 0.030254 -0.018801 0.019319
v 0.030990 -0.017330 0.019745
v 0.027236 -0.023916 0.024758
v 0.024160 -0.029770 0.036788
v 0.032788 -0.017506 0.028993
v 0.032158 -0.018578 0.029178
v 0.030508 -0.020271 0.025713
v 0.028281 -0.022862 0.024962
v 0.024599 -0.024796 0.014345
v 0.003365 -0.039299 0.044096
v 0.028520 -0.022904 0.026207
v 0.028047 -0.023427 0.027404
v 0.029034 -0.016473 0.004687
v 0.028526 -0.021524 0.019767
v 0.029178 -0.020528 0.018637
v 0.002653 -0.035761 0.015502
v 0.003555 -0.035756 0.016775
v 0.023805 -0.021454 -0.000702
v 0.023683 -0.028342 0.028835
v 0.029238 -0.020355 0.020109
v 0.028959 -0.015751 0.004084
v 0.026237 -0.021643 0.010210
v 0.026560 -0.022111 0.013904
v 0.023265 -0.029156 0.032187
v 0.023203 -0.029164 0.033280
v 0.022403 -0.029864 0.032944
v 0.025871 -0.019442 0.001359
v -0.016013 -0.035784 0.044564
v 0.029365 -0.023437 0.034785
v 0.028790 -0.020238 0.016893
v 0.025028 -0.020584 -0.000163
v 0.030378 -0.022880 0.035749
v 0.027771 -0.019802 0.010422
v 0.020448 -0.023126 -0.007449
v 0.026297 -0.019746 0.003697
v 0.029646 -0.023403 0.033681
v 0.029332 -0.017392 0.011341
v 0.024496 -0.030588 0.039677
v 0.022360 -0.021790 -0.006187
v 0.022380 -0.032618 0.043249
v 0.004869 -0.037542 0.034089
v 0.005117 -0.037598 0.033212
v 0.024384 -0.022008 0.002944
v 0.026592 -0.018770 0.001510
v 0.029402 -0.016439 0.008654
v 0.024438 -0.025510 0.015245
v 0.031451 -0.016319 0.017672
v 0.023264 -0.024918 0.008304
v 0.024965 -0.023543 0.010148
v 0.018623 -0.033426 0.037032
v 0.023415 -0.028376 0.031175
v 0.027515 -0.024266 0.026799
v 0.027799 -0.023968 0.025642
v 0.024751 -0.028509 0.034297
v 0.022712 -0.028583 0.022474
v 0.025701 -0.027743 0.034338
v 0.026144 -0.027211 0.035438
v 0.024252 -0.021575 0.001680
v 0.029463 -0.017981 0.012833
v 0.030716 -0.016552 0.013176
v 0.025412 -0.026794 0.027833
v 0.029519 -0.015813 0.005853
v 0.015775 -0.033125 0.024485
v 0.028598 -0.016528 0.004037
v 0.031550 -0.022546 0.037849
v 0.027543 -0.022446 0.019823
v 0.031784 0.002801 -0.004180
v 0.031738 0.004311 -0.005481
v 0.024389 -0.024210 0.011034
v 0.026592 -0.019983 0.005065
v 0.028937 -0.009751 -0.007387
v 0.031110 -0.014856 0.012870
v 0.030550 -0.014710 0.011828
v 0.022602 -0.025637 0.007644
v 0.032021 -0.011153 0.011724
v 0.032525 -0.009447 0.011172
v 0.032848 -0.014083 0.022226
v 0.032040 -0.015194 0.019694
v 0.032757 -0.012714 0.018235
v 0.029402 -0.018475 0.014934
v 0.030771 -0.017893 0.018122
v 0.024542 -0.020231 -0.001261
v 0.026319 -0.018057 -0.002381
v 0.026166 -0.018555 -0.001056
v 0.026949 -0.017133 -0.000981
v -0.004910 -0.038451 0.036844
v 0.025509 -0.008128 -0.029626
v 0.024103 -0.027580 0.030223
v 0.024325 -0.028121 0.031769
v 0.029652 -0.018852 0.015402
v 0.031241 -0.008086 0.002258
v 0.030928 -0.013846 0.009335
v 0.023106 -0.029195 0.028271
v 0.020581 -0.029698 0.020584
v -0.000923 -0.036674 0.022205
v 0.026320 -0.019041 0.000199
v 0.023162 -0.025311 0.011100
v 0.025557 -0.021366 0.004020
v 0.020678 -0.025327 -0.000116
v 0.020197 -0.025935 0.000788
v 0.027880 -0.024212 0.030954
v 0.033113 0.009235 0.012904
v 0.014888 -0.032343 0.017314
v 0.031551 -0.020439 0.033702
v 0.031944 -0.019441 0.033825
v 0.025476 -0.024717 0.019378
v -0.005385 -0.036855 0.025268
v -0.005224 -0.037101 0.026470
v 0.031031 -0.019744 0.027361
v 0.030968 -0.019754 0.026231
v 0.031536 -0.018791 0.028150
v 0.032274 -0.017769 0.026643
v 0.031463 -0.017834 0.025130
v 0.028296 -0.020150 0.015429
v 0.033550 -0.016854 0.034307
v 0.028268 -0.023670 0.028056
v 0.033914 -0.014038 0.026657
v 0.035927 -0.010369 0.033173
v 0.035731 -0.011570 0.034388
v 0.021014 -0.030671 0.028443
v 0.032599 -0.017368 0.030795
v 0.025380 -0.026864 0.029653
v 0.027799 -0.024658 0.027986
v 0.024693 -0.027639 0.028832
v 0.028934 -0.021490 0.020971
v 0.034096 -0.012454 0.026242
v 0.033415 -0.020072 0.042855
v 0.034324 -0.019193 0.044027
v 0.031704 -0.002455 -0.006291
v 0.034267 -0.011664 0.025021
v 0.034820 -0.010330 0.024437
v 0.032099 -0.020859 0.037427
v 0.027842 -0.023883 0.030103
v 0.031667 -0.016606 0.020060
v 0.001635 -0.038590 0.037908
v 0.031393 -0.017125 0.019198
v 0.032551 -0.021964 0.040903
v 0.032925 -0.021737 0.039749
v 0.033206 -0.016196 0.030523
v 0.010740 -0.035111 0.023854
v 0.030069 -0.015277 0.009149
v 0.000922 -0.037894 0.033777
v 0.029026 -0.022102 0.025304
v 0.037236 0.004142 0.030937
v 0.033576 -0.012804 0.022033
v -0.002239 -0.039724 0.045548
v -0.002005 -0.039485 0.044907
v 0.034364 -0.001099 0.013662
v 0.031236 -0.021267 0.036178
v 0.029625 -0.015625 0.007442
v 0.028389 -0.017593 0.007392
v 0.039093 -0.010346 0.044702
v 0.000624 -0.037521 0.027093
v 0.038251 -0.009141 0.044243
v 0.036657 0.007553 0.030074
v 0.031193 -0.019554 0.030903
v 0.032600 -0.019063 0.036771
v 0.033020 -0.020791 0.038587
v 0.032623 -0.019591 0.037691
v 0.038163 -0.000709 0.039081
v 0.038682 -0.001280 0.039912
v 0.030046 -0.022617 0.034235
v 0.030905 -0.021455 0.034258
v 0.034938 -0.009004 0.025194
v 0.006880 -0.037421 0.031587
v 0.035393 -0.008108 0.026045
v 0.026237 -0.026715 0.034087
v 0.027801 -0.024704 0.032955
v 0.033537 -0.013400 0.024627
v 0.000836 -0.037747 0.032449
v 0.035029 -0.010156 0.028032
v 0.027711 -0.024965 0.031745
v -0.001126 -0.037229 0.027954
v -0.000370 -0.037197 0.027871
v 0.026920 -0.025772 0.032233
v -0.000060 -0.037967 0.032561
v 0.035420 -0.008862 0.027059
v 0.035777 -0.008503 0.028853
v 0.012769 -0.033825 0.018921
v 0.038244 -0.007173 0.040989
v 0.035440 -0.006687 0.026090
v 0.003076 -0.037980 0.032444
v 0.027591 -0.025426 0.033644
v 0.033671 -0.015047 0.031706
v 0.033966 -0.015099 0.030329
v 0.026903 -0.026253 0.033485
v 0.034207 -0.015581 0.035741
v 0.034949 -0.014449 0.035623
v 0.035216 -0.013847 0.035694
v 0.035180 -0.013744 0.036455
v 0.035533 -0.010804 0.031813
v 0.035815 -0.010418 0.032261
v 0.035537 -0.010148 0.031706
v 0.036395 -0.015410 0.044218
v 0.036743 -0.005735 0.030412
v -0.003063 -0.039607 0.044702
v 0.025245 -0.027309 0.031198
v 0.036792 -0.012367 0.042336
v 0.002088 -0.038451 0.036369
v 0.037819 -0.008715 0.043003
v 0.038776 -0.003364 0.043955
v 0.039531 -0.001856 0.044331
v 0.038214 -0.000629 0.042760
v -0.003394 -0.038626 0.048895
v 0.038329 -0.001943 0.042129
v 0.036258 -0.013055 0.037762
v 0.036571 -0.011662 0.038560
v 0.034985 -0.020250 0.044714
v 0.031382 -0.019923 0.033112
v 0.002122 -0.039569 0.043950
v 0.032742 -0.018367 0.033270
v 0.000769 -0.039681 0.044720
v 0.032672 -0.018596 0.035294
v 0.006151 -0.035943 0.021641
v 0.031753 -0.019394 0.032592
v 0.032208 -0.018257 0.031724
v 0.025845 -0.025990 0.030906
v 0.026096 -0.023859 0.015631
v -0.007018 -0.039807 0.048412
v 0.025240 -0.020581 0.001236
v 0.027228 -0.023689 0.018131
v -0.006314 -0.037956 0.037023
v -0.005880 -0.037745 0.036113
v 0.022773 -0.028557 0.024108
v 0.002851 -0.039601 0.042623
v 0.026668 -0.024992 0.030901
v -0.012579 -0.038999 0.046898
v 0.026694 -0.025603 0.029188
v 0.032088 -0.018490 0.030275
v 0.026024 -0.026723 0.032525
v 0.033871 -0.014368 0.031086
v 0.036850 -0.012987 0.042560
v 0.035675 -0.014692 0.039752
v 0.035384 -0.014537 0.037492
v 0.026696 -0.027094 0.036328
v 0.029917 -0.017243 0.014145
v 0.029601 -0.017722 0.014946
v 0.035172 -0.011521 0.031859
v -0.009161 -0.040153 0.047420
v 0.033424 -0.012320 0.020851
v 0.025147 -0.027681 0.032912
v 0.009227 -0.035407 0.024958
v 0.025666 -0.027145 0.033411
v 0.036337 -0.007428 0.030513
v 0.036296 -0.003573 0.028390
v 0.034185 -0.013958 0.030347
v 0.008270 -0.035852 0.024467
v 0.035402 -0.016347 0.041296
v -0.006820 -0.038545 0.040873
v 0.032461 -0.016191 0.024297
v 0.030230 -0.010181 -0.000928
v 0.034812 -0.011441 0.026700
v 0.022679 -0.029176 0.029132
v 0.023073 -0.028706 0.030140
v 0.029452 -0.021245 0.025862
v 0.029343 -0.017019 0.009827
v 0.026711 -0.025511 0.027324
v 0.021199 -0.030196 0.030186
v 0.028594 -0.023032 0.030297
v 0.026187 -0.019995 0.002266
v 0.026578 -0.025171 0.025751
v 0.029056 -0.022937 0.031602
v 0.018124 -0.032358 0.030948
v 0.007810 -0.036199 0.029555
v 0.020429 -0.030656 0.030508
v 0.015981 -0.033646 0.029889
v 0.015320 -0.034475 0.033971
v 0.002470 -0.039770 0.044977
v 0.021391 -0.030336 0.031035
v 0.014488 -0.034633 0.032776
v 0.013148 -0.035144 0.032011
v 0.002803 -0.038775 0.040055
v 0.020315 -0.030933 0.031109
v -0.000117 -0.039404 0.043656
v 0.022804 -0.029466 0.031108
v 0.025039 -0.026971 0.025366
v -0.004961 -0.038917 0.042190
v -0.007090 -0.040154 0.047921
v 0.036418 -0.013903 0.043130
v 0.036636 -0.013025 0.041113
v 0.029163 -0.023296 0.032623
v 0.007032 -0.035471 0.020111
v 0.005976 -0.034990 0.015394
v 0.007197 -0.033598 0.007913
v 0.027280 -0.024522 0.030070
v 0.028287 -0.023867 0.029076
v 0.004950 -0.036832 0.028837
v -0.005389 -0.037573 0.034126
v 0.027543 -0.021232 0.014730
v 0.019806 -0.031348 0.028065
v 0.015954 -0.033667 0.027983
v 0.019737 -0.031136 0.030470
v 0.016503 -0.033373 0.030888
v 0.031045 -0.020661 0.032574
v 0.030127 -0.020797 0.027204
v 0.029094 -0.021411 0.022445
v 0.009371 -0.035864 0.029064
v 0.009969 -0.035607 0.027278
v 0.010965 -0.035459 0.027050
v -0.003608 -0.037319 0.026394
v 0.032294 -0.020062 0.036387
v -0.007647 -0.034575 0.009407
v -0.009527 -0.035938 0.024558
v -0.009383 -0.035944 0.025412
v 0.009226 -0.035678 0.028001
v 0.008287 -0.036007 0.028688
v 0.016272 -0.030837 0.011647
v 0.011131 -0.036750 0.038572
v 0.029952 -0.022147 0.032838
v 0.012760 -0.034588 0.028249
v 0.030886 -0.017830 0.020944
v 0.013271 -0.034795 0.029704
v 0.005801 -0.037465 0.033784
v 0.034892 -0.013727 0.034801
v 0.007697 -0.034485 0.011583
v -0.001098 -0.038826 0.039225
v 0.008707 -0.036226 0.029568
v 0.009472 -0.036127 0.029978
v 0.014731 -0.035125 0.036648
v 0.005955 -0.037846 0.035132
v 0.008427 -0.036300 0.026497
v 0.008137 -0.036251 0.027500
v 0.009173 -0.036013 0.027018
v -0.010357 -0.035706 0.027694
v 0.004466 -0.037087 0.031293
v 0.020900 -0.030430 0.026233
v 0.003300 -0.037635 0.031188
v -0.003458 -0.036094 0.018953
v 0.004085 -0.039072 0.043256
v 0.005562 -0.038525 0.042001
v 0.005113 -0.038133 0.037951
v 0.031979 -0.017246 0.023990
v 0.008070 -0.034292 0.012812
v 0.026974 -0.016830 -0.002857
v 0.013051 -0.034969 0.030734
v 0.006370 -0.037241 0.034335
v 0.014957 -0.035372 0.038650
v 0.008777 -0.037272 0.038162
v -0.013038 -0.035204 0.025958
v 0.008081 -0.034461 0.014927
v 0.016375 -0.031890 0.019543
v 0.015310 -0.032361 0.019328
v -0.017950 -0.033227 0.030179
v 0.022103 -0.030199 0.032075
v 0.007151 -0.034357 0.012198
v 0.014403 -0.032871 0.020453
v 0.017631 -0.033031 0.032980
v -0.008467 -0.037299 0.033358
v 0.021707 -0.023030 0.044357
v 0.020662 -0.032187 0.037719
v 0.011185 -0.035444 0.029340
v -0.008967 -0.036467 0.026592
v -0.008448 -0.036637 0.029171
v -0.008244 -0.037189 0.030101
v 0.023381 -0.028187 0.023571
v -0.008536 -0.036950 0.032173
v 0.018666 -0.031648 0.024991
v 0.015963 -0.031748 0.016520
v 0.022081 -0.030807 0.036184
v 0.011741 -0.035904 0.033983
v 0.012346 -0.030732 0.000411
v 0.009393 -0.034382 0.016154
v 0.009968 -0.037186 0.039002
v 0.021035 -0.030688 0.027254
v 0.018014 -0.032248 0.026212
v -0.003411 -0.038184 0.036529
v 0.038054 0.001217 0.042884
v 0.033026 -0.016571 0.032394
v 0.016780 -0.032694 0.026147
v 0.015960 -0.032699 0.023222
v 0.020435 -0.031858 0.036570
v 0.033524 -0.020361 0.041761
v 0.005819 -0.031908 -0.005941
v 0.019396 -0.022664 0.044320
v 0.023354 -0.028796 0.027161
v 0.022960 -0.028868 0.025591
v 0.024274 -0.027844 0.027778
v 0.004234 -0.032197 -0.006137
v 0.029167 -0.022774 0.027594
v 0.018093 -0.033275 0.036410
v 0.015662 -0.035028 0.039459
v 0.021709 -0.032195 0.039934
v 0.026899 -0.023172 0.019683
v 0.015205 -0.033914 0.029933
v -0.025291 -0.030575 0.049700
v 0.014994 -0.034034 0.031427
v 0.016906 -0.032026 0.021735
v -0.014336 -0.035953 0.038963
v 0.001067 -0.026720 -0.046344
v 0.015044 -0.033564 0.028741
v -0.004054 -0.039675 0.048733
v 0.015761 -0.033403 0.029148
v 0.018433 0.035278 0.049036
v 0.021789 -0.026105 0.009000
v -0.015446 -0.033236 0.015389
v 0.016017 -0.034677 0.037615
v 0.014098 -0.034146 0.028872
v 0.027386 0.017673 -0.005923
v 0.021434 0.013056 -0.048088
v 0.031215 -0.004755 -0.005954
v 0.035536 -0.011161 0.032790
v 0.019914 -0.033767 0.043115
v -0.029290 -0.025192 0.038863
v 0.021625 -0.034041 0.048450
v 0.019424 -0.036074 0.047427
v 0.001351 -0.038594 0.038922
v 0.014221 -0.032360 0.013870
v 0.010115 -0.037488 0.040433
v 0.015372 -0.035602 0.040197
v -0.017390 -0.034236 0.036187
v -0.024398 -0.029027 0.027518
v -0.024417 -0.028944 0.029058
v 0.011386 -0.039458 0.046359
v -0.005371 -0.039277 0.045560
v 0.011659 -0.034498 0.021795
v 0.007866 -0.035610 0.021894
v -0.028950 -0.025414 0.035723
v -0.029761 -0.024746 0.037736
v -0.021043 -0.031440 0.030267
v 0.009530 -0.035131 0.021692
v 0.014013 -0.034639 0.031545
v -0.005472 -0.038254 0.038416
v 0.007589 -0.035687 0.023367
v 0.010651 -0.034983 0.021743
v 0.004749 -0.039291 0.044250
v 0.010158 -0.037155 0.037846
v 0.011134 -0.036674 0.037327
v 0.009783 -0.036877 0.036513
v -0.031233 -0.021524 0.029800
v -0.020120 -0.032467 0.033277
v 0.019262 -0.034236 0.042966
v 0.037205 -0.016228 0.045751
v 0.036436 -0.016746 0.044660
v 0.037303 -0.015259 0.044783
v -0.032494 -0.020098 0.031945
v -0.032807 -0.019399 0.032528
v -0.032040 -0.018444 0.015668
v 0.033642 -0.019188 0.040548
v 0.033974 -0.017898 0.040731
v 0.036315 -0.010424 0.036827
v 0.033799 -0.020283 0.040124
v -0.030115 -0.020210 0.003392
v -0.035060 -0.010122 0.003009
v 0.008562 -0.032759 0.002272
v 0.000335 -0.038887 0.038735
v 0.015928 -0.033861 0.032861
v 0.005153 -0.038569 0.040503
v 0.007330 -0.036671 0.030355
v -0.034499 -0.012291 0.005359
v 0.036029 -0.013261 0.039046
v -0.021761 -0.030189 0.021266
v 0.038073 -0.010699 0.044354
v 0.038587 -0.011402 0.046682
v -0.033350 -0.016152 0.008324
v 0.011165 -0.035680 0.030247
v 0.035459 -0.017299 0.044211
v 0.035800 -0.018450 0.044548
v 0.038044 -0.007459 0.042480
v 0.037984 -0.006835 0.043351
v 0.034981 -0.013475 0.033096
v -0.029552 -0.022541 0.016233
v 0.034788 -0.012620 0.031191
v 0.040545 -0.005966 0.047046
v -0.008773 -0.029930 -0.022181
v 0.034217 -0.012717 0.027385
v 0.034262 -0.013138 0.028912
v -0.023449 -0.033873 0.047985
v 0.012341 -0.034485 0.025967
v 0.038556 0.000792 0.044217
v 0.040167 0.001055 0.044800
v 0.038479 -0.003631 0.042250
v 0.038300 -0.002366 0.043010
v 0.037664 0.009738 0.049203
v 0.035679 0.017142 0.049187
v -0.021108 -0.032081 0.032099
v 0.009028 -0.030576 -0.006545
v 0.038642 0.009105 0.045021
v 0.037609 0.009094 0.044718
v 0.036306 0.015995 0.046243
v 0.037886 0.012169 0.048277
v 0.035879 0.013273 0.039468
v 0.033772 0.013979 0.049618
v 0.038748 0.010236 0.045884
v 0.007821 -0.034793 0.016260
v 0.035534 0.018580 0.048370
v 0.007941 -0.035299 0.017626
v 0.032528 0.023449 0.046385
v 0.035929 0.010991 0.034128
v 0.031627 0.021861 0.048522
v 0.009680 -0.032365 0.003167
v 0.038307 0.002288 0.043859
v 0.029114 -0.029251 0.047873
v -0.011507 -0.039289 0.047418
v 0.017706 -0.033915 0.037718
v 0.021386 0.033816 0.048747
v 0.024763 0.031901 0.044924
v 0.020329 0.033559 0.048777
v 0.020147 0.031555 0.049192
v 0.016450 0.035881 0.048638
v -0.024093 -0.029737 0.035558
v 0.028899 0.027752 0.043924
v 0.011293 0.037343 0.049888
v 0.017789 0.033790 0.048822
v 0.021086 0.032530 0.048662
v -0.018332 -0.034539 0.040677
v 0.020274 0.034843 0.047995
v 0.016144 -0.033040 0.025411
v 0.016632 0.027152 -0.014893
v 0.027991 -0.030264 0.047490
v 0.034526 0.015455 0.036009
v 0.007640 0.035501 0.008141
v 0.025878 0.000022 -0.034884
v 0.024885 0.031878 0.046991
v 0.017043 0.025393 -0.022291
v 0.017081 0.025739 -0.023740
v 0.014629 0.037832 0.044705
v 0.016619 0.037015 0.046960
v -0.019228 -0.033476 0.039167
v 0.013382 0.025933 0.046548
v 0.022624 0.031446 0.040393
v 0.023504 0.031396 0.043550
v 0.029468 0.024928 0.041244
v 0.008487 0.031282 -0.018052
v 0.016466 0.036815 0.048246
v 0.023974 0.031188 0.048021
v -0.031249 -0.024501 0.045323
v 0.023252 0.033243 0.046078
v 0.033805 0.002763 0.047151
v 0.020710 -0.027178 0.008742
v -0.031167 -0.025336 0.046905
v 0.014380 0.033961 0.018947
v 0.016671 0.022972 -0.039040
v 0.013362 0.027967 -0.027226
v 0.011382 -0.032343 0.006090
v 0.016791 0.017244 0.045653
v -0.021674 -0.032873 0.045311
v 0.034702 -0.006796 0.019991
v 0.022401 -0.025229 0.006265
v 0.026808 0.020751 0.004365
v 0.026704 0.029817 0.046971
v 0.028224 0.028946 0.046009
v 0.022953 0.007751 -0.047925
v -0.039621 -0.010218 0.048040
v 0.023951 -0.025020 0.011602
v 0.036057 0.015327 0.049245
v 0.017658 0.030350 0.006746
v 0.031134 0.024922 0.043798
v -0.017730 -0.036876 0.047852
v 0.022374 0.016142 0.045457
v 0.024195 0.030258 0.048041
v 0.037078 0.013318 0.048983
v 0.014779 0.018072 0.045817
v 0.025400 0.027501 0.029077
v 0.018875 0.034025 0.041424
v 0.014301 0.036021 0.041422
v 0.016361 0.035298 0.042053
v 0.024913 0.028918 0.037898
v 0.014219 0.035238 0.030531
v -0.025077 -0.032948 0.047941
v 0.024771 -0.026530 0.023867
v -0.019765 -0.036011 0.047767
v 0.015231 0.035928 0.043060
v 0.033716 -0.019737 0.040905
v 0.038299 0.009658 0.048907
v 0.016624 0.024606 0.046792
v -0.020102 -0.033745 0.042766
v 0.029363 0.023692 0.036186
v 0.026424 0.022850 0.013540
v 0.021999 0.031164 0.032705
v -0.018995 -0.033367 0.036916
v 0.025171 0.030601 0.043502
v 0.016237 0.032511 0.018709
v -0.018404 -0.034590 0.045238
v 0.035762 0.012502 0.036973
v 0.023955 0.028838 0.030267
v 0.032515 0.019707 0.039579
v 0.027316 0.025112 0.030306
v 0.029514 -0.020385 0.021375
v 0.026387 -0.024311 0.018613
v -0.018445 -0.034830 0.044032
v -0.017103 -0.035114 0.041467
v 0.022421 0.030524 0.031067
v 0.018714 0.033865 0.038717
v 0.016648 0.035165 0.040182
v 0.014299 0.031164 0.049494
v -0.014784 -0.036430 0.043720
v 0.008005 0.038368 0.042519
v 0.014452 0.035831 0.037078
v 0.030684 -0.018341 0.022586
v 0.031497 0.020458 0.035464
v 0.034942 0.008563 0.024076
v 0.033163 0.016848 0.031963
v -0.004168 -0.039387 0.043149
v -0.002731 -0.039485 0.042817
v 0.017325 0.024279 -0.028314
v 0.012941 -0.032455 0.013647
v 0.034042 0.018829 0.042438
v -0.017299 -0.035022 0.042381
v 0.031722 -0.020240 0.034947
v -0.011244 -0.036828 0.035960
v 0.035094 0.013492 0.035139
v 0.036312 0.008663 0.033585
v -0.013197 -0.037197 0.044969
v 0.036280 0.016119 0.048570
v 0.032818 0.012522 0.018246
v 0.030858 -0.019168 0.024842
v 0.011088 -0.032139 0.005128
v 0.035974 -0.009025 0.032220
v 0.036873 0.015875 0.045381
v 0.035124 -0.012769 0.034281
v 0.034053 0.011657 0.024303
v 0.032456 0.016964 0.026919
v 0.035702 -0.013175 0.035578
v 0.036711 0.009153 0.035617
v 0.036192 -0.009898 0.034264
v 0.024281 0.012316 -0.034239
v 0.036419 -0.004985 0.029094
v 0.037032 0.006598 0.035439
v -0.015814 -0.035180 0.038624
v 0.034294 -0.015008 0.033652
v 0.036718 -0.009692 0.035539
v 0.037283 0.002120 0.034376
v 0.031776 0.012370 0.011278
v 0.036733 -0.009232 0.036649
v 0.037392 0.005210 0.036513
v 0.033214 -0.010156 0.015430
v 0.035442 0.000488 0.020553
v 0.032817 -0.015997 0.026739
v 0.039717 0.002603 0.044559
v 0.039295 0.001587 0.044355
v 0.034952 0.019417 0.045833
v 0.009713 -0.033768 0.011161
v 0.035165 0.012518 0.033459
v 0.036147 -0.010668 0.035572
v 0.031246 0.006297 -0.004235
v 0.037312 -0.003291 0.033760
v 0.038643 0.001874 0.040210
v 0.036650 0.011403 0.043874
v -0.011875 -0.037106 0.049070
v 0.037308 0.012685 0.045007
v 0.034632 0.014577 0.034611
v 0.035498 0.008772 0.028190
v 0.037587 0.010479 0.045004
v 0.036872 0.014219 0.046851
v 0.037046 0.014317 0.045816
v 0.037201 -0.008355 0.037928
v -0.021822 -0.032809 0.042641
v -0.021700 -0.033048 0.041255
v 0.038264 0.004892 0.044214
v 0.034526 0.020408 0.044174
v -0.005061 -0.040614 0.047398
v 0.035934 0.017641 0.044799
v 0.037689 0.005062 0.049201
v 0.033831 0.015533 0.033589
v 0.037577 0.007710 0.042832
v 0.037843 0.007702 0.044353
v 0.036024 0.017390 0.048282
v 0.035806 -0.013334 0.036875
v 0.037051 0.010824 0.042545
v 0.033817 -0.014675 0.028635
v 0.034885 0.014179 0.033281
v 0.033895 0.015099 0.031146
v 0.035575 0.007974 0.025718
v 0.033123 -0.014847 0.024566
v 0.015807 0.015649 0.045272
v 0.031871 -0.016486 0.022080
v 0.032355 -0.015481 0.023301
v 0.036709 -0.008328 0.035014
v -0.025686 -0.030063 0.043059
v 0.035368 0.016074 0.042698
v -0.028613 -0.026933 0.049885
v 0.031820 -0.016657 0.018879
v 0.038272 0.006382 0.041594
v 0.037949 0.006599 0.040055
v 0.014955 0.014329 0.045001
v 0.035813 0.013809 0.041713
v -0.027762 -0.029835 0.049991
v -0.028933 -0.029472 0.049276
v 0.030254 -0.017034 0.015211
v 0.031986 0.014126 0.016826
v 0.026204 -0.025007 0.023944
v 0.034039 0.017537 0.040830
v 0.032669 0.004462 0.004774
v 0.032783 0.003946 0.005829
v 0.013996 0.020573 0.045860
v 0.033516 0.004802 0.010055
v 0.029157 -0.018270 0.013996
v -0.018235 -0.034793 0.042590
v 0.030510 -0.014815 0.010596
v 0.027501 -0.023139 0.022189
v 0.036885 0.012135 0.043090
v 0.036400 0.013337 0.043444
v 0.008587 0.019895 0.045562
v 0.007385 0.017928 0.045124
v -0.011820 -0.038725 0.047944
v 0.026979 -0.021975 0.012845
v 0.034869 -0.004549 0.017735
v 0.034497 -0.003442 0.017208
v 0.034610 -0.002126 0.016268
v 0.033155 0.012797 0.019906
v 0.030372 0.010292 -0.003369
v 0.023190 -0.026859 0.019010
v 0.025394 -0.025754 0.020630
v -0.025205 -0.031518 0.047393
v 0.006480 0.036379 0.014205
v -0.015934 0.035704 0.043189
v -0.006691 0.016123 0.044046
v -0.008892 0.017608 0.044102
v 0.000984 0.038489 0.029601
v 0.000280 0.023773 0.045686
v 0.017573 0.033319 0.027272
v 0.030142 -0.015982 0.009806
v 0.012089 0.033892 0.006227
v 0.030495 -0.013982 0.006392
v 0.012086 0.035916 0.030709
v -0.026418 -0.029518 0.044505
v -0.027674 -0.025928 0.030401
v 0.004349 0.038486 0.041083
v 0.010226 0.036283 0.023646
v 0.016558 0.034240 0.028682
v 0.028011 -0.020119 0.011829
v 0.001429 0.037296 0.020627
v 0.002885 0.037360 0.021252
v 0.002347 0.037157 0.018949
v -0.022844 -0.026061 0.049707
v -0.030909 -0.022599 0.035076
v -0.030418 -0.023411 0.034432
v 0.005885 0.038545 0.039396
v 0.009194 0.039140 0.048259
v -0.020298 -0.031719 0.048736
v -0.037684 -0.010885 0.044451
v 0.028265 -0.018666 0.009643
v 0.029810 -0.012699 -0.000069
v 0.028811 -0.017723 0.008489
v 0.026201 -0.021550 0.007044
v -0.004914 0.038534 0.031547
v 0.029751 -0.014223 0.004680
v -0.002783 0.038882 0.042881
v 0.013917 0.038440 0.046963
v 0.009803 0.038047 0.050211
v 0.029959 -0.012996 0.002379
v -0.004595 0.038578 0.033430
v 0.010977 0.037028 0.038497
v -0.038111 -0.006196 0.038220
v 0.004654 0.039713 0.048273
v 0.004554 0.039566 0.048949
v 0.010978 0.037984 0.043761
v -0.032851 -0.021475 0.043951
v 0.013292 0.036683 0.043162
v 0.012206 0.036734 0.041809
v 0.031739 -0.012502 0.012628
v -0.028133 -0.028361 0.050260
v 0.010009 0.022004 0.045495
v 0.005436 0.030019 0.048728
v -0.028546 -0.029611 0.047923
v -0.028989 -0.026880 0.046831
v -0.028275 -0.026993 0.045768
v 0.000147 0.033239 0.049958
v -0.013399 -0.038894 0.047232
v 0.031813 -0.009915 0.006980
v 0.031984 -0.010900 0.009050
v -0.008349 -0.038123 0.048998
v 0.008748 0.040090 0.047099
v 0.004425 0.025985 0.046409
v 0.000706 0.019277 0.045045
v -0.010631 -0.037659 0.049075
v 0.026145 -0.008358 -0.024739
v 0.012579 0.033390 0.007693
v 0.003451 0.039721 0.049722
v 0.011757 0.035886 0.049899
v 0.005220 0.038062 0.050870
v 0.003771 0.033329 0.049845
v 0.013099 0.037306 0.049089
v 0.004049 0.035110 0.050212
v -0.004701 0.039851 0.049517
v 0.009852 -0.034374 0.017606
v 0.005857 0.038182 0.033799
v 0.008404 0.035420 0.011818
v -0.003802 0.040981 0.048186
v 0.006893 0.025015 0.046212
v 0.014299 0.036110 0.048878
v 0.010009 0.037392 0.050216
v 0.006275 0.039126 0.049991
v 0.025117 -0.021262 0.002259
v 0.027917 -0.020375 0.013538
v 0.026059 -0.021180 0.006021
v 0.027419 -0.019741 0.008910
v 0.005613 0.038469 0.032431
v 0.027714 -0.019807 0.009483
v -0.013092 0.034436 0.050871
v 0.027336 -0.017483 0.000855
v 0.025745 -0.019492 -0.000742
v 0.027897 -0.019083 0.008061
v -0.004539 0.040943 0.046543
v 0.000664 0.039503 0.050417
v 0.025074 -0.019785 -0.001907
v 0.001855 0.034213 0.050050
v 0.025123 -0.019317 -0.002766
v 0.025621 -0.019265 -0.001651
v -0.006811 0.036391 0.050910
v -0.011363 0.037433 0.035871
v -0.005644 0.038127 0.032220
v 0.023665 -0.019677 -0.006551
v -0.002465 0.029015 0.049032
v 0.022534 0.033219 0.044558
v 0.021669 0.032129 0.042239
v 0.006443 0.019806 0.045020
v 0.013650 0.023877 0.045869
v -0.038028 0.004542 0.024769
v -0.037537 0.006886 0.024807
v 0.026169 -0.022674 0.012134
v 0.027408 -0.022685 0.017650
v 0.025766 -0.025146 0.021271
v 0.021579 -0.022407 -0.004477
v 0.012280 -0.031763 0.005680
v 0.016819 -0.031656 0.020402
v 0.010576 0.022627 0.045579
v 0.019026 -0.030946 0.023834
v 0.018690 -0.031173 0.022184
v -0.016135 0.018978 0.044760
v 0.019133 -0.029946 0.018273
v -0.037517 -0.006957 0.030580
v -0.020147 0.012367 0.045997
v 0.013138 -0.032602 0.015917
v -0.006973 0.025380 0.048020
v -0.009270 0.022267 0.046093
v -0.013218 0.021901 0.045438
v -0.013662 0.038691 0.047404
v -0.011607 0.039440 0.047020
v -0.012524 0.039421 0.047670
v -0.020933 0.018287 0.045848
v 0.010855 -0.033541 0.015626
v -0.021473 -0.028516 0.049464
v -0.013301 0.036766 0.043763
v -0.011975 0.037686 0.040973
v -0.011956 0.019435 0.044811
v 0.021796 -0.029435 0.026468
v -0.004788 0.038381 0.050091
v -0.009729 0.036383 0.050765
v -0.007208 0.038119 0.049971
v -0.015540 0.034045 0.050751
v -0.015153 0.035804 0.050210
v -0.020237 0.027911 0.048683
v -0.015259 0.037553 0.049724
v -0.016564 0.036607 0.049979
v -0.015133 0.036755 0.050311
v -0.012060 0.037409 0.034395
v 0.001336 0.036291 0.006747
v -0.022116 0.034549 0.048781
v -0.019320 0.036303 0.049034
v -0.022869 0.033833 0.046388
v -0.021328 0.035578 0.047170
v -0.026343 0.029713 0.035040
v -0.024990 0.030791 0.033767
v -0.008357 0.038062 0.042447
v -0.018766 0.036036 0.045992
v -0.014044 0.036559 0.042287
v -0.022888 0.032285 0.039032
v -0.023446 0.031842 0.042613
v 0.021039 -0.025458 0.001388
v -0.021808 0.033551 0.040190
v -0.013230 0.036749 0.034328
v -0.012803 0.036805 0.033520
v -0.031656 -0.026266 0.048442
v -0.014583 0.036486 0.036787
v -0.031709 -0.023132 0.046130
v 0.017147 -0.031732 0.019760
v -0.017234 0.034944 0.035130
v -0.013031 0.037209 0.036954
v -0.012978 0.036726 0.035511
v -0.014834 0.036317 0.037753
v -0.011172 0.036783 0.027602
v -0.019326 0.033922 0.029712
v -0.012699 0.036078 0.023784
v -0.016082 0.034973 0.027958
v -0.009389 0.037955 0.043405
v -0.015222 0.036478 0.041084
v -0.004640 0.011506 0.044077
v -0.014070 0.036156 0.029103
v 0.017789 -0.029204 0.007118
v -0.034431 -0.018737 0.043421
v -0.034721 0.017935 0.032080
v -0.026042 0.028024 0.022901
v -0.011917 0.037518 0.038272
v -0.013449 0.037308 0.039739
v -0.014505 0.036605 0.038591
v 0.016123 -0.026708 -0.006746
v -0.039752 0.000025 0.051546
v -0.034005 0.019573 0.030685
v 0.009741 -0.029385 -0.011613
v 0.026919 -0.009805 -0.017639
v -0.038202 -0.000668 0.024325
v -0.035740 0.012816 0.020429
v -0.006221 0.010159 0.044250
v -0.037259 0.008548 0.026909
v -0.018610 0.034591 0.038190
v -0.017748 0.035564 0.040010
v -0.032900 0.014190 -0.016104
v -0.033968 0.018806 0.027498
v -0.036063 -0.013238 0.031272
v -0.035496 0.014968 0.023379
v -0.035270 0.015800 0.022583
v -0.021957 0.005715 0.047608
v -0.024266 0.004496 0.047974
v 0.011865 -0.033308 0.013681
v 0.019055 -0.030641 0.019295
v -0.035466 0.014266 0.021841
v -0.035147 0.014809 0.019869
v -0.022272 0.004687 0.047743
v -0.037898 0.005605 0.022146
v -0.035193 -0.017947 0.045970
v -0.037511 0.001797 0.012800
v -0.037590 -0.011627 0.042805
v -0.037908 -0.010007 0.043478
v -0.038066 -0.002848 0.027803
v -0.038160 0.009232 0.038779
v -0.039203 0.001315 0.040718
v -0.038265 -0.008332 0.043725
v -0.041059 -0.003526 0.047720
v -0.021519 -0.033878 0.049265
v -0.036746 -0.013109 0.043046
v -0.040179 -0.002450 0.045432
v 0.019540 -0.027683 0.008284
v -0.036020 0.014451 0.035954
v -0.032001 -0.016135 0.050653
v -0.030911 -0.026337 0.050071
v -0.039570 0.000665 0.043113
v -0.039188 -0.000938 0.041666
v -0.038355 0.003951 0.030749
v -0.037739 0.005887 0.026461
v 0.019520 -0.027521 0.005753
v -0.032888 0.022694 0.036849
v -0.035168 0.017832 0.034698
v -0.035796 0.015389 0.034628
v -0.038187 -0.000675 0.026696
v -0.035403 0.011462 -0.003197
v 0.017369 -0.030593 0.014985
v -0.034891 0.016635 0.023749
v -0.027608 0.029120 0.042277
v -0.030682 0.025290 0.034140
v -0.025397 0.030097 0.044611
v -0.016225 0.036142 0.037792
v -0.025405 0.030799 0.035409
v -0.023916 0.031725 0.035674
v -0.036147 0.012378 0.022120
v 0.018554 -0.028658 0.007977
v -0.030798 0.023247 0.014360
v -0.032717 0.023451 0.044358
v -0.029317 0.028372 0.039272
v -0.027898 0.028548 0.034574
v -0.026991 0.030177 0.042151
v -0.026947 0.029420 0.042295
v -0.029887 0.024220 0.022996
v -0.024721 0.031838 0.049826
v -0.027408 0.031306 0.047655
v -0.027177 0.028193 0.049653
v 0.018444 -0.030425 0.017477
v -0.026932 0.029374 0.050094
v -0.027654 0.020241 0.049295
v -0.038391 -0.009805 0.050407
v -0.025791 0.025924 0.048775
v -0.032547 0.022690 0.034878
v 0.016997 -0.031278 0.015929
v -0.033640 0.017931 0.025512
v 0.017229 -0.031359 0.016998
v -0.002774 0.037658 0.018586
v -0.026650 0.014804 0.048481
v -0.020094 0.034378 0.041680
v -0.029168 0.027416 0.045363
v -0.022413 0.031462 0.022759
v -0.038304 0.003747 0.027600
v -0.030942 0.024285 0.050870
v -0.037535 0.017689 0.049584
v -0.023792 0.029612 0.049608
v -0.039516 0.002661 0.051620
v -0.029080 0.027808 0.042216
v -0.038881 0.002720 0.051367
v -0.025309 0.029656 0.049799
v -0.022000 0.032703 0.050080
v 0.019776 -0.029875 0.017146
v -0.034993 0.003484 -0.035828
v 0.021273 -0.028428 0.018899
v -0.035082 0.005923 -0.033908
v -0.035017 0.010441 -0.019684
v -0.039391 0.003094 0.042374
v -0.006797 0.038339 0.041931
v -0.029549 0.025132 0.050604
v 0.040516 -0.005006 0.047659
v 0.016376 -0.030146 0.009290
v 0.017740 -0.029427 0.010406
v 0.005118 -0.040592 0.045809
v -0.021083 -0.026906 0.049635
v 0.016624 -0.028893 0.002126
v -0.026596 0.027085 0.049008
v -0.032986 0.004807 -0.046748
v -0.015828 0.037874 0.048438
v -0.011384 0.037096 0.032865
v -0.027646 0.029115 0.036706
v -0.026368 0.029427 0.032767
v -0.026217 0.028909 0.049582
v -0.037978 0.013366 0.051083
v -0.027357 0.030376 0.049411
v -0.027809 0.030707 0.048230
v -0.034582 0.016008 0.051265
v -0.038463 0.002454 0.025030
v -0.037765 0.003034 0.016961
v -0.019490 0.034088 0.050032
v 0.017177 -0.027044 -0.003410
v -0.037281 -0.011513 0.041350
v -0.020779 0.034527 0.050128
v -0.036276 0.014865 0.051360
v -0.036768 0.012794 0.051437
v 0.012787 -0.031529 0.004285
v -0.037604 0.013882 0.051272
v -0.032109 0.023096 0.050783
v 0.008860 -0.034076 0.011991
v -0.037104 0.016896 0.050870
v -0.038142 0.000509 0.050904
v -0.024306 0.030298 0.049685
v -0.035490 0.019195 0.045050
v -0.036040 0.017840 0.045080
v -0.031251 0.027212 0.047068
v -0.038476 0.008531 0.041471
v -0.037144 0.013116 0.039956
v -0.037645 0.010707 0.040988
v -0.038974 0.010111 0.051164
v -0.040152 0.006852 0.045246
v -0.040071 0.003174 0.051749
v -0.039522 -0.001067 0.042498
v -0.034493 0.022821 0.049099
v -0.036010 0.019484 0.050037
v -0.028848 0.026734 0.043696
v -0.027813 0.027845 0.043790
v 0.016720 -0.026460 -0.004725
v -0.037017 0.001408 0.050310
v -0.033886 0.020862 0.036924
v -0.035502 0.006310 0.050259
v -0.028392 0.029956 0.046850
v -0.034995 0.015117 0.026554
v -0.018396 0.035730 0.050156
v -0.033109 0.025633 0.048219
v -0.038307 0.010230 0.043837
v -0.039350 0.001527 0.051671
v -0.026887 0.013846 0.048469
v 0.018804 0.000228 -0.051864
v 0.019096 0.001573 -0.051862
v 0.000277 -0.019168 -0.051286
v 0.000985 -0.019092 -0.051314
v 0.019245 0.004407 -0.051840
v 0.019225 0.002146 -0.051862
v 0.018818 0.005099 -0.051816
v 0.010007 -0.016438 -0.051663
v 0.010219 -0.016785 -0.051676
v 0.017620 0.009842 -0.051719
v 0.005802 -0.010336 -0.051428
v 0.007740 -0.008828 -0.051493
v 0.009336 -0.016205 -0.051633
v 0.009782 -0.017016 -0.051660
v 0.004257 -0.013339 -0.051393
v 0.005798 -0.018090 -0.051505
v 0.004492 -0.018408 -0.051454
v 0.009276 -0.017396 -0.051643
v 0.009663 -0.017204 -0.051657
v 0.008325 0.006302 -0.051367
v 0.008665 0.003687 -0.051407
v -0.005939 -0.020759 -0.051043
v -0.004754 -0.020387 -0.051089
v -0.016944 0.014767 -0.050231
v -0.015939 0.013938 -0.050282
v 0.006062 -0.015360 -0.051489
v 0.002216 0.009696 -0.051079
v 0.000987 0.009752 -0.051028
v -0.012272 -0.019259 -0.050765
v -0.011780 -0.019054 -0.050783
v -0.005278 0.011447 -0.050750
v -0.003325 0.011553 -0.050830
v -0.009827 -0.018031 -0.050854
v 0.005796 -0.005289 -0.051377
v 0.005431 -0.008754 -0.051397
v 0.012225 -0.011705 -0.051709
v 0.012076 -0.011824 -0.051704
v 0.012882 -0.010145 -0.051720
v 0.009366 0.003646 -0.051437
v 0.012184 -0.000895 -0.051599
v -0.009562 0.010317 -0.050583
v -0.007040 0.011320 -0.050678
v -0.007950 -0.019038 -0.050942
v 0.018089 0.002359 -0.051813
v 0.017764 0.001318 -0.051810
v 0.008877 0.003430 -0.051419
v 0.012170 -0.000922 -0.051599
v 0.017855 0.004420 -0.051782
v 0.008043 0.003165 -0.051387
v 0.014895 0.002322 -0.051680
v -0.000446 -0.019223 -0.051256
v 0.009039 -0.003824 -0.051498
v 0.007403 -0.004660 -0.051438
v -0.003473 -0.019256 -0.051131
v -0.007380 -0.019431 -0.050970
v 0.015128 0.005531 -0.051658
v 0.012981 0.007447 -0.051549
v 0.011326 -0.010864 -0.051663
v 0.011572 -0.011862 -0.051683
v 0.011917 -0.012006 -0.051699
v 0.008642 0.008874 -0.051355
v 0.007809 0.008932 -0.051320
v 0.012864 0.004769 -0.051571
v 0.014722 0.003908 -0.051657
v -0.015532 -0.017558 -0.050612
v -0.018942 -0.018474 -0.050479
v -0.021736 -0.017612 -0.050354
v -0.022765 -0.017067 -0.050306
v -0.019690 -0.017963 -0.050443
v -0.023933 0.016086 -0.049928
v -0.025248 0.014059 -0.049893
v -0.019759 0.017771 -0.050084
v -0.012549 -0.019135 -0.050752
v -0.015280 -0.017544 -0.050622
v -0.026459 0.011401 -0.049869
v -0.026971 0.008994 -0.049872
v -0.028191 0.006733 -0.049843
v -0.019583 0.017828 -0.050091
v 0.007878 0.008767 -0.051324
v 0.017063 0.005774 -0.051736
v 0.003054 0.010581 -0.051105
v 0.007631 0.009003 -0.051311
v 0.000161 0.011432 -0.050976
v -0.000045 0.010671 -0.050975
v -0.000991 0.011325 -0.050930
v -0.013621 0.011420 -0.050403
v -0.010303 0.010338 -0.050552
v -0.019499 0.017739 -0.050096
v -0.025393 -0.014949 -0.050176
v -0.023524 -0.016718 -0.050271
v -0.025461 -0.014789 -0.050171
v -0.027170 -0.010314 -0.050056
v -0.027888 -0.010841 -0.050031
v -0.026798 -0.011811 -0.050086
v -0.026689 -0.012282 -0.050095
v -0.025546 -0.014730 -0.050167
v -0.027046 -0.011550 -0.050073
v -0.028704 -0.009784 -0.049987
v -0.030014 -0.007588 -0.049910
v -0.029888 -0.003770 -0.049877
v -0.029551 -0.002032 -0.049874
v -0.028759 0.004904 -0.049838
v -0.030046 -0.004833 -0.049881
v -0.030029 -0.007479 -0.049908
v -0.030019 -0.007571 -0.049910
v -0.030019 -0.007577 -0.049910
v -0.029812 0.000170 -0.049841
v -0.029887 0.001295 -0.049827
v -0.029699 0.002225 -0.049826
v 0.013163 0.003818 -0.051593
v -0.009874 -0.004484 -0.050717
v 0.018358 0.003717 -0.051810
v 0.012000 -0.011401 -0.051696
vt 0.000037 0.832840
vt 0.000110 0.116441
vt 0.000110 0.227435
vt 0.000110 0.259981
vt 0.000110 0.273439
vt 0.000115 0.843102
vt 0.000232 0.177518
vt 0.000250 0.213926
vt 0.000300 0.148998
vt 0.000304 0.245739
vt 0.000841 0.305995
vt 0.001335 0.201188
vt 0.001551 0.325869
vt 0.001858 0.315442
vt 0.002198 0.190840
vt 0.002834 0.288978
vt 0.002945 0.349676
vt 0.003524 0.335757
vt 0.004103 0.847572
vt 0.004211 0.268569
vt 0.004315 0.281667
vt 0.006191 0.318120
vt 0.006656 0.378856
vt 0.007467 0.325738
vt 0.008109 0.331123
vt 0.008301 0.293054
vt 0.008862 0.320263
vt 0.009128 0.311830
vt 0.009306 0.299235
vt 0.009651 0.262435
vt 0.009700 0.359671
vt 0.009942 0.280201
vt 0.010267 0.367204
vt 0.011311 0.923432
vt 0.011355 0.304244
vt 0.011454 0.227859
vt 0.011510 0.356126
vt 0.011632 0.252960
vt 0.011679 0.310228
vt 0.011954 0.882908
vt 0.012471 0.332018
vt 0.012495 0.916166
vt 0.012553 0.290077
vt 0.012572 0.863911
vt 0.012655 0.211631
vt 0.012932 0.314548
vt 0.013212 0.397497
vt 0.013996 0.343260
vt 0.014310 0.271212
vt 0.014593 0.897320
vt 0.014818 0.354634
vt 0.015174 0.321251
vt 0.015235 0.306740
vt 0.015305 0.840642
vt 0.015312 0.350576
vt 0.015346 0.829627
vt 0.015481 0.239467
vt 0.015695 0.295359
vt 0.015772 0.871914
vt 0.015775 0.359978
vt 0.015915 0.284255
vt 0.016494 0.311374
vt 0.016689 0.300945
vt 0.017042 0.279334
vt 0.017623 0.366368
vt 0.018264 0.288460
vt 0.018359 0.199329
vt 0.018372 0.373592
vt 0.018589 0.184333
vt 0.018781 0.135083
vt 0.018797 0.851718
vt 0.018853 0.315040
vt 0.018907 0.263229
vt 0.019000 0.907779
vt 0.019267 0.884332
vt 0.019516 0.327460
vt 0.019592 0.847012
vt 0.019600 0.293273
vt 0.020085 0.385149
vt 0.020154 0.349492
vt 0.020169 0.353150
vt 0.020373 0.283575
vt 0.020638 0.309880
vt 0.020863 0.356831
vt 0.020934 0.895029
vt 0.021670 0.270302
vt 0.021803 0.277382
vt 0.021855 0.288353
vt 0.022016 0.318886
vt 0.022168 0.301535
vt 0.022320 0.223507
vt 0.022618 0.296126
vt 0.022631 0.915171
vt 0.022801 0.362924
vt 0.023118 0.265424
vt 0.023359 0.354444
vt 0.023586 0.864894
vt 0.023616 0.087900
vt 0.024050 0.390975
vt 0.024178 0.413553
vt 0.024242 0.379872
vt 0.024441 0.336751
vt 0.024743 0.904061
vt 0.024767 0.290904
vt 0.024771 0.248794
vt 0.025168 0.352717
vt 0.025184 0.307701
vt 0.025457 0.268526
vt 0.025519 0.357438
vt 0.025559 0.274574
vt 0.026130 0.285179
vt 0.026276 0.314322
vt 0.026362 0.347031
vt 0.026416 0.260583
vt 0.026419 0.729896
vt 0.026522 0.168971
vt 0.026579 0.233000
vt 0.026785 0.324929
vt 0.026975 0.888815
vt 0.027060 0.844099
vt 0.027386 0.294014
vt 0.027487 0.873807
vt 0.027735 0.207716
vt 0.027828 0.909306
vt 0.028035 0.370719
vt 0.028075 0.278621
vt 0.028155 0.272210
vt 0.028194 0.302815
vt 0.028929 0.289486
vt 0.029172 0.817429
vt 0.029405 0.395167
vt 0.029425 0.376722
vt 0.029533 0.760855
vt 0.029936 0.920180
vt 0.030396 0.266108
vt 0.030430 0.836792
vt 0.030709 0.309068
vt 0.030736 0.271485
vt 0.030840 0.318728
vt 0.031271 0.344016
vt 0.031370 0.391127
vt 0.031421 0.297528
vt 0.031507 0.904930
vt 0.031549 0.408248
vt 0.031913 0.897360
vt 0.031917 0.284494
vt 0.032246 0.363990
vt 0.032323 0.422562
vt 0.032448 0.275827
vt 0.032546 0.355064
vt 0.032991 0.912186
vt 0.033153 0.290779
vt 0.033215 0.248453
vt 0.033247 0.257094
vt 0.033273 0.396108
vt 0.033438 0.218814
vt 0.033610 0.851926
vt 0.033876 0.386057
vt 0.034082 0.380820
vt 0.034246 0.268874
vt 0.034349 0.401763
vt 0.034762 0.263646
vt 0.034780 0.303467
vt 0.035151 0.426709
vt 0.035753 0.430604
vt 0.035776 0.313665
vt 0.035796 0.331408
vt 0.035899 0.845369
vt 0.036039 0.416605
vt 0.036125 0.915291
vt 0.036128 0.377030
vt 0.036185 0.279108
vt 0.036358 0.322850
vt 0.036470 0.745280
vt 0.036604 0.883419
vt 0.036722 0.151295
vt 0.036756 0.349051
vt 0.036947 0.931759
vt 0.037204 0.907799
vt 0.037220 0.189265
vt 0.037226 0.233212
vt 0.037269 0.251347
vt 0.037277 0.297553
vt 0.037504 0.273763
vt 0.037636 0.255823
vt 0.037680 0.371051
vt 0.037687 0.259785
vt 0.037950 0.719590
vt 0.038091 0.866180
vt 0.038159 0.269849
vt 0.038356 0.395262
vt 0.038376 0.894723
vt 0.038419 0.341120
vt 0.038530 0.422360
vt 0.038650 0.307271
vt 0.038658 0.284107
vt 0.038790 0.205536
vt 0.039088 0.903041
vt 0.039464 0.366408
vt 0.039497 0.355340
vt 0.039525 0.697197
vt 0.039751 0.773233
vt 0.039875 0.945127
vt 0.040258 0.063185
vt 0.040464 0.360921
vt 0.040518 0.264432
vt 0.040629 0.922210
vt 0.040699 0.243743
vt 0.040850 0.933763
vt 0.041039 0.674259
vt 0.041076 0.427044
vt 0.041165 0.291741
vt 0.041337 0.438290
vt 0.041583 0.759497
vt 0.041649 0.849845
vt 0.041674 0.742341
vt 0.041754 0.238209
vt 0.041796 0.433069
vt 0.041864 0.257491
vt 0.042023 0.384060
vt 0.042216 0.960938
vt 0.042279 0.270111
vt 0.042412 0.250742
vt 0.042475 0.115033
vt 0.042492 0.409758
vt 0.042551 0.318628
vt 0.042816 0.812203
vt 0.042822 0.843622
vt 0.042904 0.390783
vt 0.042918 0.277667
vt 0.043004 0.401802
vt 0.043352 0.911109
vt 0.043363 0.928674
vt 0.043492 0.311602
vt 0.043555 0.708329
vt 0.044056 0.377185
vt 0.044073 0.687622
vt 0.044074 0.835454
vt 0.044104 0.451117
vt 0.044268 0.253270
vt 0.044416 0.302625
vt 0.044432 0.887700
vt 0.045053 0.284936
vt 0.045107 0.658596
vt 0.045125 0.213804
vt 0.045373 0.927480
vt 0.045468 0.356901
vt 0.045482 0.369773
vt 0.045764 0.733641
vt 0.045803 0.436163
vt 0.046053 0.235962
vt 0.046064 0.935512
vt 0.046178 0.900246
vt 0.046223 0.259199
vt 0.046459 0.334209
vt 0.046710 0.349926
vt 0.046769 0.847668
vt 0.046772 0.749560
vt 0.046785 0.253810
vt 0.046872 0.420500
vt 0.047162 0.324188
vt 0.047197 0.441993
vt 0.047275 0.363253
vt 0.047280 0.854996
vt 0.047343 0.250127
vt 0.047473 0.430115
vt 0.047708 0.271954
vt 0.047718 0.396891
vt 0.048027 0.243690
vt 0.048209 0.134123
vt 0.048271 0.199525
vt 0.048307 0.894326
vt 0.048323 0.905720
vt 0.048460 0.668858
vt 0.048492 0.316536
vt 0.048881 0.874956
vt 0.049152 0.264478
vt 0.049449 0.376649
vt 0.049508 0.224574
vt 0.049527 0.841229
vt 0.049555 0.917417
vt 0.049568 0.864698
vt 0.049648 0.254406
vt 0.050031 0.390042
vt 0.050169 0.311147
vt 0.050344 0.382613
vt 0.050605 0.343011
vt 0.050657 0.720150
vt 0.050784 0.434545
vt 0.051179 0.404783
vt 0.051328 0.278324
vt 0.051355 0.696106
vt 0.051359 0.850200
vt 0.051487 0.295133
vt 0.051594 0.286033
vt 0.051626 0.926860
vt 0.051865 0.846146
vt 0.051874 0.357515
vt 0.052205 0.676827
vt 0.052232 0.932665
vt 0.052301 0.413068
vt 0.052416 0.236691
vt 0.052468 0.249474
vt 0.052612 0.885670
vt 0.052735 0.765187
vt 0.052822 0.365085
vt 0.052897 0.374342
vt 0.052898 0.256131
vt 0.052953 0.378879
vt 0.052988 0.305478
vt 0.053111 0.899262
vt 0.053533 0.317104
vt 0.053698 0.728156
vt 0.053709 0.456917
vt 0.053765 0.910652
vt 0.053843 0.446013
vt 0.053888 0.686794
vt 0.054019 0.854453
vt 0.054251 0.229653
vt 0.054321 0.187336
vt 0.054474 0.831212
vt 0.054509 0.215137
vt 0.054676 0.690823
vt 0.054692 0.429765
vt 0.054916 0.269694
vt 0.054984 0.240894
vt 0.055439 0.336914
vt 0.055505 0.438741
vt 0.055994 0.245701
vt 0.056054 0.205169
vt 0.056117 0.461675
vt 0.056131 0.353433
vt 0.056154 0.754721
vt 0.056163 0.743046
vt 0.056349 0.387900
vt 0.056410 0.703877
vt 0.056533 0.320126
vt 0.056563 0.168615
vt 0.056573 0.848486
vt 0.056819 0.312724
vt 0.056895 0.693232
vt 0.057033 0.283224
vt 0.057124 0.732987
vt 0.057124 0.195907
vt 0.057266 0.380723
vt 0.057306 0.396854
vt 0.057347 0.302670
vt 0.057388 0.328313
vt 0.057474 0.361620
vt 0.057531 0.289142
vt 0.057700 0.712717
vt 0.057705 0.841517
vt 0.057707 0.221210
vt 0.057718 0.233757
vt 0.057933 0.342676
vt 0.057981 0.813784
vt 0.058100 0.078705
vt 0.058180 0.317361
vt 0.058193 0.697668
vt 0.058197 0.468452
vt 0.058211 0.227034
vt 0.058269 0.089690
vt 0.058323 0.943953
vt 0.058559 0.892129
vt 0.058658 0.648370
vt 0.058691 0.348338
vt 0.058867 0.249065
vt 0.058969 0.373686
vt 0.059045 0.875506
vt 0.059299 0.298760
vt 0.059310 0.294676
vt 0.059412 0.452743
vt 0.059427 0.664007
vt 0.059557 0.862202
vt 0.059715 0.904763
vt 0.059725 0.241804
vt 0.059917 0.420956
vt 0.059950 0.443646
vt 0.060153 0.689296
vt 0.060182 0.222765
vt 0.060248 0.409005
vt 0.060783 0.899013
vt 0.060858 0.259428
vt 0.060953 0.230396
vt 0.060968 0.023216
vt 0.060978 0.309629
vt 0.061234 0.235278
vt 0.061293 0.367463
vt 0.061752 0.604340
vt 0.061896 0.276909
vt 0.061922 0.883388
vt 0.062086 0.318609
vt 0.062175 0.935118
vt 0.062197 0.749125
vt 0.062388 0.476525
vt 0.062394 0.682483
vt 0.062623 0.189256
vt 0.062808 0.345823
vt 0.063079 0.224210
vt 0.063114 0.401566
vt 0.063154 0.615802
vt 0.063319 0.242779
vt 0.063397 0.464486
vt 0.063422 0.917201
vt 0.063536 0.291353
vt 0.063597 0.926441
vt 0.063772 0.388413
vt 0.063807 0.211351
vt 0.063826 0.693098
vt 0.063851 0.338170
vt 0.063908 0.360772
vt 0.063908 0.268345
vt 0.064156 0.739892
vt 0.064220 0.482850
vt 0.064232 0.724910
vt 0.064276 0.109277
vt 0.064282 0.180661
vt 0.064398 0.759821
vt 0.064404 0.435329
vt 0.064480 0.707628
vt 0.064501 0.773385
vt 0.064525 0.919718
vt 0.064844 0.379848
vt 0.064933 0.304321
vt 0.064968 0.286313
vt 0.065064 0.911183
vt 0.065143 0.674015
vt 0.065168 0.352617
vt 0.065226 0.373359
vt 0.065228 0.959309
vt 0.065257 0.629871
vt 0.065416 0.833044
vt 0.065462 0.895962
vt 0.065553 0.406242
vt 0.065726 0.235952
vt 0.065741 0.396342
vt 0.065765 0.845546
vt 0.065861 0.197862
vt 0.065877 0.700973
vt 0.065888 0.415626
vt 0.065931 0.146862
vt 0.066198 0.867794
vt 0.066226 0.228505
vt 0.066263 0.496700
vt 0.066297 0.410609
vt 0.066298 0.219200
vt 0.066435 0.050494
vt 0.066742 0.248458
vt 0.066807 0.874050
vt 0.066825 0.460084
vt 0.067027 0.401708
vt 0.067260 0.420369
vt 0.067427 0.291230
vt 0.067578 0.965594
vt 0.067604 0.426228
vt 0.067676 0.445319
vt 0.067714 0.913632
vt 0.067796 0.296584
vt 0.067897 0.468744
vt 0.068012 0.346348
vt 0.068458 0.485576
vt 0.068526 0.123097
vt 0.068599 0.688052
vt 0.069007 0.888959
vt 0.069073 0.239098
vt 0.069122 0.327067
vt 0.069265 0.703276
vt 0.069651 0.658434
vt 0.069856 0.705678
vt 0.069859 0.951756
vt 0.069990 0.234878
vt 0.070013 0.881191
vt 0.070017 0.072150
vt 0.070042 0.406778
vt 0.070047 0.369174
vt 0.070153 0.956260
vt 0.070385 0.221259
vt 0.070432 0.263576
vt 0.070434 0.713184
vt 0.070683 0.906967
vt 0.070693 0.441719
vt 0.070851 0.230549
vt 0.070877 0.313409
vt 0.070941 0.399041
vt 0.071368 0.900681
vt 0.071420 0.749968
vt 0.071439 0.914581
vt 0.071564 0.385049
vt 0.071653 0.378096
vt 0.071679 0.255412
vt 0.071701 0.945578
vt 0.071724 0.695211
vt 0.071774 0.392540
vt 0.071822 0.414866
vt 0.071886 0.203741
vt 0.071934 0.272190
vt 0.072006 0.335919
vt 0.072040 0.610825
vt 0.072196 0.651360
vt 0.072236 0.763608
vt 0.072334 0.342521
vt 0.072380 0.856964
vt 0.072442 0.441413
vt 0.072502 0.290875
vt 0.072515 0.452145
vt 0.072782 0.702011
vt 0.073018 0.804587
vt 0.073160 0.431402
vt 0.073160 0.304228
vt 0.073171 0.212799
vt 0.073367 0.870357
vt 0.073388 0.620829
vt 0.073485 0.478864
vt 0.073495 0.439139
vt 0.073658 0.444591
vt 0.073814 0.282781
vt 0.074032 0.184084
vt 0.074205 0.350851
vt 0.074316 0.839443
vt 0.074421 0.491074
vt 0.074561 0.233946
vt 0.074672 0.776513
vt 0.074677 0.399819
vt 0.074795 0.678412
vt 0.074813 0.361089
vt 0.074815 0.936708
vt 0.074825 0.668011
vt 0.074892 0.884557
vt 0.074925 0.423331
vt 0.074959 0.893495
vt 0.074968 0.501567
vt 0.075014 0.396852
vt 0.075087 0.959887
vt 0.075242 0.470394
vt 0.075267 0.916970
vt 0.075284 0.510906
vt 0.075409 0.881610
vt 0.075411 0.171772
vt 0.075474 0.403838
vt 0.075870 0.229442
vt 0.075978 0.463096
vt 0.076021 0.260612
vt 0.076210 0.644334
vt 0.076353 0.244322
vt 0.076725 0.410598
vt 0.076770 0.331745
vt 0.076800 0.224693
vt 0.076912 0.923235
vt 0.077017 0.338706
vt 0.077152 0.826520
vt 0.077308 0.369688
vt 0.077331 0.271352
vt 0.077445 0.389676
vt 0.077454 0.735173
vt 0.077462 0.394204
vt 0.077514 0.162314
vt 0.077523 0.722133
vt 0.077604 0.151686
vt 0.077866 0.375842
vt 0.078289 0.383596
vt 0.078373 0.757321
vt 0.078603 0.216182
vt 0.078640 0.887937
vt 0.078754 0.116443
vt 0.078866 0.210619
vt 0.078976 0.877590
vt 0.078994 0.968945
vt 0.079027 0.697987
vt 0.079104 0.297921
vt 0.079250 0.706791
vt 0.079281 0.322964
vt 0.079323 0.916208
vt 0.079343 0.400145
vt 0.079424 0.193829
vt 0.079500 0.344631
vt 0.079632 0.601459
vt 0.079748 0.205136
vt 0.079778 0.290347
vt 0.079900 0.350321
vt 0.079977 0.689525
vt 0.080069 0.655677
vt 0.080215 0.276197
vt 0.080286 0.446864
vt 0.080337 0.255729
vt 0.080408 0.417962
vt 0.080559 0.267036
vt 0.080574 0.438209
vt 0.080684 0.919850
vt 0.080694 0.881843
vt 0.080775 0.407629
vt 0.080886 0.746979
vt 0.080918 0.767136
vt 0.080979 0.126276
vt 0.081108 0.955840
vt 0.081115 0.329892
vt 0.081123 0.474735
vt 0.081157 0.354932
vt 0.081186 0.235921
vt 0.081281 0.911498
vt 0.081500 0.521894
vt 0.081698 0.086483
vt 0.081771 0.907843
vt 0.081841 0.430482
vt 0.081885 0.133591
vt 0.081966 0.504977
vt 0.082002 0.367900
vt 0.082074 0.846597
vt 0.082078 0.497034
vt 0.082098 0.632151
vt 0.082132 0.948210
vt 0.082358 0.228221
vt 0.082487 0.867511
vt 0.082551 0.309637
vt 0.082568 0.914274
vt 0.082601 0.336243
vt 0.082738 0.487811
vt 0.082813 0.373658
vt 0.082852 0.457045
vt 0.082866 0.469965
vt 0.082880 0.515852
vt 0.083110 0.412888
vt 0.083208 0.671931
vt 0.083310 0.284912
vt 0.083478 0.715022
vt 0.083638 0.143295
vt 0.083680 0.884734
vt 0.084130 0.936884
vt 0.084249 0.664825
vt 0.084322 0.779598
vt 0.084398 0.480353
vt 0.084520 0.961354
vt 0.084541 0.380510
vt 0.084617 0.694939
vt 0.084703 0.898306
vt 0.084783 0.213115
vt 0.084873 0.420709
vt 0.084882 0.424189
vt 0.085012 0.392163
vt 0.085113 0.362713
vt 0.085274 0.342684
vt 0.085307 0.349423
vt 0.085407 0.889720
vt 0.085414 0.240613
vt 0.085673 0.201356
vt 0.085674 0.207480
vt 0.085674 0.195974
vt 0.085723 0.217015
vt 0.085729 0.328343
vt 0.085778 0.618342
vt 0.085877 0.098956
vt 0.085927 0.464044
vt 0.086052 0.248928
vt 0.086084 0.509950
vt 0.086091 0.880334
vt 0.086680 0.931458
vt 0.086764 0.220916
vt 0.086778 0.156132
vt 0.086814 0.970563
vt 0.086860 0.833944
vt 0.086870 0.966681
vt 0.086895 0.920760
vt 0.086903 0.475760
vt 0.086956 0.292903
vt 0.087069 0.855649
vt 0.087295 0.175474
vt 0.087483 0.355736
vt 0.087540 0.183581
vt 0.087608 0.417835
vt 0.087710 0.436292
vt 0.088080 0.111606
vt 0.088086 0.281334
vt 0.088143 0.700862
vt 0.088233 0.258243
vt 0.088481 0.884663
vt 0.088592 0.524185
vt 0.088612 0.709025
vt 0.088721 0.274646
vt 0.088747 0.319190
vt 0.088759 0.018670
vt 0.088815 0.189039
vt 0.088861 0.875700
vt 0.088977 0.443773
vt 0.089296 0.406924
vt 0.089409 0.976805
vt 0.089416 0.372997
vt 0.089510 0.908174
vt 0.089652 0.452341
vt 0.089660 0.430381
vt 0.089676 0.300743
vt 0.089714 0.754535
vt 0.089841 0.151837
vt 0.089886 0.502346
vt 0.090043 0.493545
vt 0.090137 0.739508
vt 0.090158 0.344389
vt 0.090239 0.956539
vt 0.090527 0.233418
vt 0.090533 0.940968
vt 0.090594 0.647028
vt 0.090655 0.470589
vt 0.090782 0.904319
vt 0.090876 0.382779
vt 0.090905 0.969285
vt 0.090947 0.516174
vt 0.090996 0.679444
vt 0.091067 0.146839
vt 0.091081 0.725155
vt 0.091108 0.286479
vt 0.091203 0.336086
vt 0.091348 0.123457
vt 0.091368 0.659595
vt 0.091424 0.459762
vt 0.091439 0.224510
vt 0.091460 0.840150
vt 0.091573 0.211287
vt 0.091796 0.197666
vt 0.091882 0.478324
vt 0.091897 0.847132
vt 0.091914 0.440199
vt 0.091986 0.668335
vt 0.092003 0.242074
vt 0.092066 0.768114
vt 0.092139 0.267545
vt 0.092192 0.163851
vt 0.092242 0.913223
vt 0.092299 0.883827
vt 0.092325 0.326979
vt 0.092352 0.464966
vt 0.092477 0.397522
vt 0.092492 0.484238
vt 0.092610 0.821267
vt 0.092622 0.962986
vt 0.092738 0.865463
vt 0.092813 0.358602
vt 0.092836 0.690841
vt 0.092854 0.713887
vt 0.093174 0.609604
vt 0.093192 0.424332
vt 0.093243 0.391030
vt 0.093303 0.350552
vt 0.093533 0.190764
vt 0.093560 0.804346
vt 0.093746 0.280872
vt 0.094067 0.926014
vt 0.094147 0.365990
vt 0.094225 0.920296
vt 0.094680 0.310319
vt 0.094728 0.217218
vt 0.094789 0.429682
vt 0.094789 0.294329
vt 0.094797 0.435019
vt 0.094802 0.510765
vt 0.095074 0.342699
vt 0.095106 0.203684
vt 0.095351 0.949941
vt 0.095434 0.139741
vt 0.095466 0.151614
vt 0.095475 0.076876
vt 0.095511 0.519859
vt 0.095602 0.260892
vt 0.095604 0.377870
vt 0.095656 0.416858
vt 0.095773 0.631499
vt 0.095784 0.894328
vt 0.095841 0.900986
vt 0.095921 0.250974
vt 0.096036 0.597389
vt 0.096387 0.955154
vt 0.096399 0.875753
vt 0.096470 0.372127
vt 0.096482 0.441610
vt 0.096568 0.356419
vt 0.096639 0.620367
vt 0.096649 0.987792
vt 0.096649 0.766640
vt 0.096677 0.448307
vt 0.096711 0.497047
vt 0.096737 0.178391
vt 0.096784 0.761356
vt 0.096989 0.475773
vt 0.097045 0.755186
vt 0.097180 0.504160
vt 0.097567 0.694585
vt 0.097583 0.301083
vt 0.097653 0.653991
vt 0.097720 0.966972
vt 0.097781 0.403321
vt 0.097883 0.697942
vt 0.098140 0.916403
vt 0.098165 0.707356
vt 0.098165 0.661041
vt 0.098226 0.735996
vt 0.098271 0.489421
vt 0.098384 0.361052
vt 0.098474 0.772053
vt 0.098510 0.886580
vt 0.098588 0.172043
vt 0.098658 0.384379
vt 0.098665 0.959058
vt 0.098671 0.184665
vt 0.098687 0.337844
vt 0.098881 0.421865
vt 0.098907 0.330788
vt 0.098907 0.286441
vt 0.098953 0.206675
vt 0.098966 0.902328
vt 0.099089 0.320748
vt 0.099196 0.900775
vt 0.099414 0.766232
vt 0.099446 0.606882
vt 0.099453 0.746994
vt 0.099719 0.466532
vt 0.099933 0.394399
vt 0.099970 0.376365
vt 0.100130 0.923068
vt 0.100132 0.456156
vt 0.100226 0.275738
vt 0.100413 0.257514
vt 0.100468 0.353544
vt 0.100507 0.515926
vt 0.100542 0.830932
vt 0.100613 0.197314
vt 0.100674 0.228230
vt 0.100720 0.840612
vt 0.100800 0.265433
vt 0.100870 0.909076
vt 0.100930 0.428347
vt 0.100958 0.481406
vt 0.101122 0.716858
vt 0.101339 0.612384
vt 0.101362 0.851443
vt 0.101647 0.219945
vt 0.101713 0.692833
vt 0.101718 0.864477
vt 0.101746 0.953739
vt 0.101752 0.345143
vt 0.101824 0.509521
vt 0.101862 0.190143
vt 0.102015 0.410762
vt 0.102050 0.368934
vt 0.102112 0.210969
vt 0.102336 0.146579
vt 0.102343 0.645029
vt 0.102438 0.932256
vt 0.102502 0.418901
vt 0.102507 0.756426
vt 0.102620 0.872940
vt 0.102957 0.117532
vt 0.103005 0.502084
vt 0.103047 0.762771
vt 0.103216 0.474050
vt 0.103251 0.436327
vt 0.103276 0.999733
vt 0.103302 0.655935
vt 0.103322 0.443259
vt 0.103706 0.899275
vt 0.103720 0.879345
vt 0.103765 0.092712
vt 0.103961 0.683111
vt 0.103993 0.295579
vt 0.104012 0.487359
vt 0.104085 0.313214
vt 0.104202 0.239286
vt 0.104233 0.605853
vt 0.104311 0.494157
vt 0.104403 0.422403
vt 0.104452 0.976067
vt 0.104464 0.387983
vt 0.104561 0.776622
vt 0.104596 0.305071
vt 0.104713 0.700915
vt 0.104873 0.251088
vt 0.104883 0.336620
vt 0.104931 0.916045
vt 0.105116 0.461357
vt 0.105149 0.768834
vt 0.105358 0.911393
vt 0.105373 0.734538
vt 0.105433 0.360001
vt 0.105505 0.739969
vt 0.105542 0.727043
vt 0.105576 0.457656
vt 0.105676 0.177295
vt 0.105676 0.202106
vt 0.105932 0.134273
vt 0.106020 0.813766
vt 0.106040 0.820906
vt 0.106302 0.401923
vt 0.106357 0.478808
vt 0.106461 0.470808
vt 0.106475 0.184064
vt 0.106599 0.744323
vt 0.106608 0.923710
vt 0.106632 0.483365
vt 0.106635 0.901618
vt 0.106904 0.166480
vt 0.106907 0.742822
vt 0.107015 0.710334
vt 0.107020 0.448640
vt 0.107173 0.751036
vt 0.107219 0.106184
vt 0.107276 0.351174
vt 0.107550 0.945815
vt 0.107553 0.379027
vt 0.107593 0.154495
vt 0.107706 0.230493
vt 0.107804 0.500649
vt 0.107838 0.636245
vt 0.107839 0.329177
vt 0.107954 0.668634
vt 0.108068 0.622895
vt 0.108197 0.124413
vt 0.108230 0.394154
vt 0.108274 0.285324
vt 0.108308 0.508371
vt 0.108458 0.598437
vt 0.108599 0.429592
vt 0.108601 0.439141
vt 0.108681 0.342850
vt 0.108910 0.454497
vt 0.108941 0.867864
vt 0.108979 0.259098
vt 0.108994 0.143587
vt 0.109069 0.215624
vt 0.109078 0.520555
vt 0.109126 0.677621
vt 0.109386 0.424627
vt 0.109422 0.474592
vt 0.109546 0.443090
vt 0.109594 0.269002
vt 0.109645 0.908834
vt 0.109781 0.038450
vt 0.109890 0.488448
vt 0.110105 0.887038
vt 0.110161 0.193811
vt 0.110210 0.386910
vt 0.110241 0.276870
vt 0.110242 0.833478
vt 0.110384 0.874099
vt 0.110424 0.693021
vt 0.110467 0.033441
vt 0.110710 0.417589
vt 0.110849 0.050652
vt 0.110940 0.459355
vt 0.111147 0.761705
vt 0.111148 0.320235
vt 0.111309 0.495205
vt 0.111403 0.367986
vt 0.111551 0.857666
vt 0.111711 0.986031
vt 0.111814 0.841025
vt 0.111919 0.149270
vt 0.111961 0.467278
vt 0.112085 0.206248
vt 0.112155 0.735017
vt 0.112187 0.183170
vt 0.112238 0.882028
vt 0.112318 0.927786
vt 0.112343 0.310763
vt 0.112499 0.223544
vt 0.112548 0.357561
vt 0.112560 0.960568
vt 0.112581 0.744229
vt 0.112828 0.919070
vt 0.112947 0.427434
vt 0.113011 0.825378
vt 0.113070 0.338157
vt 0.113103 0.892394
vt 0.113136 0.301641
vt 0.113136 0.293174
vt 0.113173 0.481260
vt 0.113314 0.439708
vt 0.113463 0.503303
vt 0.113536 0.701773
vt 0.113679 0.610728
vt 0.113762 0.898998
vt 0.113782 0.995381
vt 0.113885 0.232355
vt 0.114099 0.249472
vt 0.114216 0.936255
vt 0.114277 0.066036
vt 0.114368 0.648578
vt 0.114453 0.974512
vt 0.114586 0.433267
vt 0.114634 0.197815
vt 0.114654 0.348168
vt 0.114655 0.408951
vt 0.114772 0.775075
vt 0.114878 0.486705
vt 0.115011 0.682406
vt 0.115313 0.513503
vt 0.115425 0.718198
vt 0.115501 0.118980
vt 0.115511 0.390649
vt 0.115545 0.474529
vt 0.115563 0.847848
vt 0.115579 0.817718
vt 0.115695 0.398919
vt 0.115740 0.214666
vt 0.115871 0.280329
vt 0.115895 0.449342
vt 0.116111 0.443118
vt 0.116131 0.754335
vt 0.116177 0.383393
vt 0.116253 0.490954
vt 0.116267 0.496646
vt 0.116273 0.018526
vt 0.116451 0.424389
vt 0.116797 0.161607
vt 0.116865 0.601491
vt 0.116870 0.375511
vt 0.116872 0.905383
vt 0.116993 0.153702
vt 0.117178 0.861256
vt 0.117304 0.172031
vt 0.117334 0.438614
vt 0.117367 0.868701
vt 0.117640 0.454872
vt 0.117649 0.708113
vt 0.118154 0.942115
vt 0.118333 0.201233
vt 0.118342 0.363473
vt 0.118343 0.889184
vt 0.118471 0.370100
vt 0.118513 0.273216
vt 0.118732 0.728545
vt 0.118757 0.634395
vt 0.118907 0.331224
vt 0.118907 0.287929
vt 0.119129 0.316203
vt 0.119187 0.460704
vt 0.119410 0.355504
vt 0.119558 0.146987
vt 0.119636 0.208051
vt 0.119753 0.296768
vt 0.119830 0.349545
vt 0.119939 0.322761
vt 0.119971 0.829831
vt 0.120059 0.762853
vt 0.120428 0.033505
vt 0.120592 0.238693
vt 0.120628 0.261287
vt 0.120684 0.876029
vt 0.120758 0.998188
vt 0.120765 0.195334
vt 0.120770 0.503377
vt 0.121090 0.178717
vt 0.121097 0.127457
vt 0.121184 0.343020
vt 0.121193 0.465850
vt 0.121240 0.485596
vt 0.121307 0.403947
vt 0.121320 0.912820
vt 0.121348 0.393743
vt 0.121368 0.471172
vt 0.121433 0.899934
vt 0.121445 0.187972
vt 0.121503 0.478202
vt 0.121666 0.956697
vt 0.121723 0.853436
vt 0.121769 0.970661
vt 0.121835 0.989747
vt 0.122134 0.043753
vt 0.122259 0.810513
vt 0.122288 0.445234
vt 0.122554 0.373013
vt 0.122575 0.949879
vt 0.122651 0.153970
vt 0.122665 0.696929
vt 0.122688 0.904909
vt 0.122722 0.387086
vt 0.123041 0.368003
vt 0.123079 0.492999
vt 0.123321 0.398574
vt 0.123456 0.449724
vt 0.123591 0.438113
vt 0.123615 0.428567
vt 0.123652 0.280629
vt 0.123772 0.927225
vt 0.123780 0.770384
vt 0.123885 0.864652
vt 0.123930 0.159729
vt 0.123944 0.351119
vt 0.124138 0.978343
vt 0.124183 0.095580
vt 0.124266 0.939270
vt 0.124488 0.337947
vt 0.124544 0.326694
vt 0.124642 0.408919
vt 0.124744 0.120166
vt 0.124749 0.082297
vt 0.124812 0.417922
vt 0.124814 0.858010
vt 0.124837 0.166640
vt 0.124861 0.839007
vt 0.124896 0.751831
vt 0.124915 0.870463
vt 0.124992 0.722465
vt 0.125015 0.738779
vt 0.125032 0.228311
vt 0.125075 0.893069
vt 0.125129 0.394959
vt 0.125231 0.378483
vt 0.125338 0.307114
vt 0.125539 0.964064
vt 0.125542 0.820058
vt 0.125740 0.215593
vt 0.125786 0.604283
vt 0.125822 0.202182
vt 0.125918 0.286341
vt 0.125952 0.884433
vt 0.126173 0.899923
vt 0.126218 0.360906
vt 0.126287 0.708970
vt 0.126296 0.957708
vt 0.126313 0.391066
vt 0.126394 0.659039
vt 0.126541 0.137875
vt 0.126707 0.455023
vt 0.126765 0.849649
vt 0.126958 0.620735
vt 0.127238 0.462655
vt 0.127302 0.675329
vt 0.127348 0.873901
vt 0.127477 0.326478
vt 0.127503 0.320467
vt 0.127558 0.847141
vt 0.127562 0.162636
vt 0.127617 0.468338
vt 0.127620 0.370367
vt 0.127669 0.508494
vt 0.127688 0.332639
vt 0.127723 0.050926
vt 0.127994 0.192017
vt 0.128009 0.145323
vt 0.128024 0.109955
vt 0.128106 0.403446
vt 0.128144 0.687306
vt 0.128164 0.481069
vt 0.128194 0.249350
vt 0.128200 0.294053
vt 0.128692 0.343551
vt 0.128740 0.852891
vt 0.129024 0.170594
vt 0.129091 0.998460
vt 0.129240 0.859572
vt 0.129451 0.153053
vt 0.129492 0.764340
vt 0.129623 0.180591
vt 0.129696 0.445954
vt 0.129762 0.426327
vt 0.129814 0.917599
vt 0.129899 0.474129
vt 0.129965 0.907333
vt 0.130041 0.431991
vt 0.130098 0.352861
vt 0.130168 0.778772
vt 0.130668 0.395658
vt 0.130863 0.497165
vt 0.130920 0.186025
vt 0.131039 0.969023
vt 0.131122 0.487443
vt 0.131180 0.876649
vt 0.131317 0.327239
vt 0.131337 0.640521
vt 0.131748 0.935352
vt 0.131775 0.272024
vt 0.131777 0.986818
vt 0.131995 0.944821
vt 0.132079 0.323422
vt 0.132148 0.120797
vt 0.132203 0.897598
vt 0.132260 0.315280
vt 0.132428 0.410608
vt 0.132660 0.828397
vt 0.132660 0.285465
vt 0.132692 0.703922
vt 0.132739 0.365733
vt 0.132952 0.951038
vt 0.133063 0.608726
vt 0.133154 0.422302
vt 0.133197 0.260272
vt 0.133249 0.384915
vt 0.133445 0.438466
vt 0.133537 0.190139
vt 0.133555 0.866746
vt 0.133739 0.770073
vt 0.133782 0.016204
vt 0.133804 0.466123
vt 0.133852 0.159355
vt 0.133963 0.727942
vt 0.133985 0.373172
vt 0.133989 0.597705
vt 0.134043 0.357814
vt 0.134444 0.238130
vt 0.134597 0.417658
vt 0.134789 0.696397
vt 0.134795 0.451602
vt 0.134847 0.153745
vt 0.135009 0.458422
vt 0.135324 0.335124
vt 0.135399 0.503121
vt 0.135902 0.042529
vt 0.135930 0.736871
vt 0.135990 0.056751
vt 0.136048 0.480451
vt 0.136098 0.835727
vt 0.136118 0.197466
vt 0.136126 0.715639
vt 0.136157 0.185300
vt 0.136165 0.347827
vt 0.136277 0.849570
vt 0.136281 0.141714
vt 0.136369 0.209003
vt 0.136391 0.173215
vt 0.136481 0.856613
vt 0.136489 0.744151
vt 0.136667 0.628298
vt 0.136742 0.401967
vt 0.136746 0.294203
vt 0.136806 0.842776
vt 0.136989 0.927008
vt 0.137018 0.302145
vt 0.137083 0.322880
vt 0.137170 0.098883
vt 0.137312 0.430209
vt 0.137367 0.485571
vt 0.137372 0.179540
vt 0.137413 0.884167
vt 0.137518 0.958027
vt 0.137592 0.490972
vt 0.137600 0.148879
vt 0.137614 0.164416
vt 0.137615 0.819915
vt 0.137734 0.265475
vt 0.137772 0.027918
vt 0.137865 0.811765
vt 0.137986 0.693391
vt 0.138114 0.655385
vt 0.138361 0.608855
vt 0.138417 0.978146
vt 0.138584 0.189932
vt 0.138634 0.154037
vt 0.138704 0.445217
vt 0.138760 0.311271
vt 0.138791 0.985679
vt 0.138834 0.754137
vt 0.139141 0.891818
vt 0.139230 0.421408
vt 0.139660 0.471732
vt 0.139697 0.414465
vt 0.139702 0.915137
vt 0.139914 0.355018
vt 0.139977 0.408413
vt 0.140058 0.006187
vt 0.140153 0.363798
vt 0.140204 0.129244
vt 0.140361 0.993147
vt 0.140465 0.438059
vt 0.140642 0.261224
vt 0.140668 0.621058
vt 0.140721 0.222886
vt 0.140841 0.157691
vt 0.140848 0.250648
vt 0.140996 0.683675
vt 0.141067 0.070915
vt 0.141102 0.404463
vt 0.141177 0.485023
vt 0.141184 0.763599
vt 0.141332 0.499940
vt 0.141463 0.702166
vt 0.141677 0.393883
vt 0.141761 0.116764
vt 0.141781 0.874863
vt 0.141833 0.901794
vt 0.141839 0.941751
vt 0.141957 0.151270
vt 0.142349 0.669053
vt 0.142382 0.166513
vt 0.142495 0.867858
vt 0.142508 0.106076
vt 0.142629 0.291143
vt 0.142752 0.462918
vt 0.142872 0.385107
vt 0.142902 0.144227
vt 0.143114 0.340730
vt 0.143163 0.452763
vt 0.143276 0.824429
vt 0.143282 0.305484
vt 0.143334 0.489095
vt 0.143382 0.831686
vt 0.143584 0.401763
vt 0.143668 0.375806
vt 0.143710 0.587752
vt 0.143710 0.625873
vt 0.143710 0.683419
vt 0.143714 0.797934
vt 0.143726 0.603188
vt 0.143737 0.743072
vt 0.143790 0.657989
vt 0.143795 0.202905
vt 0.143832 0.282302
vt 0.143833 0.852909
vt 0.143841 0.614695
vt 0.143853 0.765982
vt 0.143869 0.967624
vt 0.143917 0.176869
vt 0.143942 0.406368
vt 0.143960 0.089865
vt 0.144005 0.195238
vt 0.144084 0.356408
vt 0.144099 0.700148
vt 0.144103 0.839104
vt 0.144159 0.842829
vt 0.144230 0.331818
vt 0.144621 0.846210
vt 0.144633 0.467723
vt 0.144637 0.425626
vt 0.144767 0.348523
vt 0.144768 0.269425
vt 0.144793 0.723881
vt 0.144802 0.418554
vt 0.144817 0.985557
vt 0.145248 0.434359
vt 0.145470 0.184255
vt 0.145492 0.479161
vt 0.145517 0.171447
vt 0.145598 0.300144
vt 0.145693 0.154262
vt 0.146039 0.160229
vt 0.146316 0.412675
vt 0.146372 0.472092
vt 0.146415 0.443444
vt 0.146533 0.210694
vt 0.146550 0.894504
vt 0.146669 0.324804
vt 0.147207 0.360958
vt 0.147223 0.494888
vt 0.147308 0.318054
vt 0.147382 0.259299
vt 0.147508 0.860768
vt 0.147527 0.487198
vt 0.147647 0.199768
vt 0.147681 0.973308
vt 0.147813 0.912203
vt 0.147862 0.366417
vt 0.147960 0.593552
vt 0.148178 0.816486
vt 0.148189 0.632650
vt 0.148247 0.389360
vt 0.148252 0.020916
vt 0.148297 0.342986
vt 0.148317 0.309581
vt 0.148336 0.980255
vt 0.148395 0.147600
vt 0.148428 0.881313
vt 0.148473 0.014101
vt 0.148593 0.237566
vt 0.148998 0.130718
vt 0.149043 0.869703
vt 0.149194 0.382599
vt 0.149361 0.467179
vt 0.149617 0.078881
vt 0.149699 0.398940
vt 0.149828 0.502393
vt 0.149876 0.393928
vt 0.149943 0.421690
vt 0.149971 0.337023
vt 0.150291 0.163506
vt 0.150478 0.123995
vt 0.150541 0.354271
vt 0.150548 0.137710
vt 0.150572 0.991879
vt 0.150632 0.110035
vt 0.150909 0.923230
vt 0.151140 0.437686
vt 0.151156 0.204712
vt 0.151166 0.278065
vt 0.151306 0.430422
vt 0.151376 0.639288
vt 0.151586 0.198438
vt 0.151631 0.905872
vt 0.151663 0.407510
vt 0.151667 0.101091
vt 0.151674 0.450697
vt 0.151816 0.669299
vt 0.151819 0.842898
vt 0.151875 0.330001
vt 0.151927 0.804103
vt 0.151965 0.898925
vt 0.151997 0.117635
vt 0.152142 0.155190
vt 0.152146 0.835634
vt 0.152318 0.227169
vt 0.152346 0.377212
vt 0.152465 0.966923
vt 0.152506 0.191750
vt 0.152563 0.292952
vt 0.152663 0.954390
vt 0.152766 0.250837
vt 0.152944 0.889977
vt 0.152982 0.370436
vt 0.153009 0.416444
vt 0.153038 0.577932
vt 0.153158 0.493784
vt 0.153295 0.986548
vt 0.153567 0.826289
vt 0.153768 0.485005
vt 0.153995 0.460491
vt 0.154033 0.323487
vt 0.154072 0.712028
vt 0.154157 0.284711
vt 0.154177 0.175321
vt 0.154272 0.444858
vt 0.154452 0.850051
vt 0.154454 0.391683
vt 0.154519 0.645934
vt 0.154526 0.000199
vt 0.154674 0.607538
vt 0.154766 0.344973
vt 0.154799 0.233397
vt 0.154844 0.361205
vt 0.154916 0.475019
vt 0.154939 0.467819
vt 0.155049 0.624479
vt 0.155160 0.378041
vt 0.155231 0.386421
vt 0.155305 0.184896
vt 0.155560 0.912925
vt 0.155607 0.129786
vt 0.155646 0.396387
vt 0.155687 0.261773
vt 0.155760 0.380467
vt 0.155784 0.401934
vt 0.156077 0.093656
vt 0.156135 0.599247
vt 0.156281 0.536170
vt 0.156742 0.936599
vt 0.156779 0.632062
vt 0.156875 0.061198
vt 0.156916 0.305385
vt 0.157214 0.046634
vt 0.157317 0.114647
vt 0.157369 0.612436
vt 0.157391 0.589680
vt 0.157400 0.272301
vt 0.157402 0.818284
vt 0.157532 0.316140
vt 0.157571 0.145101
vt 0.157579 0.978250
vt 0.157591 0.424725
vt 0.157614 0.335383
vt 0.157765 0.086014
vt 0.157941 0.639277
vt 0.158178 0.352382
vt 0.158183 0.436488
vt 0.158421 0.166666
vt 0.158522 0.279932
vt 0.158609 0.328671
vt 0.158646 0.025720
vt 0.158734 0.375203
vt 0.158774 0.216574
vt 0.158875 0.414955
vt 0.158927 0.228829
vt 0.159053 0.811677
vt 0.159391 0.151608
vt 0.159420 0.452061
vt 0.159555 0.121962
vt 0.159560 0.070224
vt 0.159607 0.156895
vt 0.159626 0.837599
vt 0.159665 0.200042
vt 0.159833 0.583130
vt 0.159904 0.491293
vt 0.160084 0.905118
vt 0.160269 0.729485
vt 0.160345 0.617603
vt 0.160406 0.406841
vt 0.160502 0.896832
vt 0.160513 0.856879
vt 0.160613 0.558573
vt 0.160743 0.134895
vt 0.160810 0.499206
vt 0.160852 0.018178
vt 0.160870 0.966031
vt 0.160901 0.190824
vt 0.161190 0.482902
vt 0.161203 0.324114
vt 0.161238 0.627759
vt 0.161551 0.110686
vt 0.161625 0.831696
vt 0.161749 0.008013
vt 0.161915 0.843208
vt 0.161986 0.716450
vt 0.162024 0.170510
vt 0.162105 0.399119
vt 0.162450 0.869287
vt 0.162469 0.645538
vt 0.162563 0.389952
vt 0.162577 0.574072
vt 0.162628 0.239776
vt 0.162883 0.880715
vt 0.163001 0.467469
vt 0.163141 0.033213
vt 0.163245 0.928783
vt 0.163394 0.366272
vt 0.163417 0.175505
vt 0.163432 0.381279
vt 0.163457 0.445564
vt 0.163558 0.634543
vt 0.163661 0.101374
vt 0.163699 0.128120
vt 0.163771 0.703740
vt 0.163849 0.823371
vt 0.163904 0.601868
vt 0.163963 0.816179
vt 0.163966 0.141197
vt 0.163992 0.330466
vt 0.164014 0.583563
vt 0.164233 0.682488
vt 0.164321 0.338475
vt 0.164340 0.890230
vt 0.164432 0.476102
vt 0.164657 0.992927
vt 0.164691 0.254192
vt 0.164765 0.738324
vt 0.164854 0.147443
vt 0.165053 0.625260
vt 0.165071 0.346965
vt 0.165274 0.421341
vt 0.165399 0.974417
vt 0.165550 0.430116
vt 0.165561 0.655530
vt 0.165564 0.286841
vt 0.165630 0.934779
vt 0.165913 0.165824
vt 0.166020 0.136065
vt 0.166063 0.298993
vt 0.166087 0.943200
vt 0.166323 0.275822
vt 0.166334 0.489116
vt 0.166351 0.182932
vt 0.166441 0.412719
vt 0.166505 0.496188
vt 0.166562 0.159319
vt 0.166577 0.356055
vt 0.166596 0.916338
vt 0.166985 0.592917
vt 0.167138 0.765861
vt 0.167287 0.404248
vt 0.167316 0.749402
vt 0.167367 0.018648
vt 0.167423 0.981696
vt 0.167428 0.837379
vt 0.167445 0.265319
vt 0.167470 0.639040
vt 0.167690 0.131666
vt 0.167730 0.310154
vt 0.167783 0.609050
vt 0.167827 0.439023
vt 0.167951 0.125433
vt 0.168052 0.956663
vt 0.168166 0.805373
vt 0.168175 0.373158
vt 0.168292 0.451441
vt 0.168671 0.139980
vt 0.168765 0.229205
vt 0.168961 0.671887
vt 0.169206 0.161033
vt 0.169289 0.172791
vt 0.169317 0.015386
vt 0.169591 0.119927
vt 0.169619 0.458596
vt 0.169735 0.321978
vt 0.169772 0.692902
vt 0.169787 0.021421
vt 0.169831 0.847608
vt 0.169935 0.395774
vt 0.169965 0.134816
vt 0.170036 0.383615
vt 0.170406 0.091834
vt 0.170472 0.482062
vt 0.170507 0.796959
vt 0.170639 0.333192
vt 0.170641 0.568369
vt 0.170659 0.856579
vt 0.170671 0.340301
vt 0.170679 0.362264
vt 0.170698 0.425374
vt 0.170730 0.237709
vt 0.170825 0.128882
vt 0.170904 0.241952
vt 0.171262 0.976464
vt 0.171302 0.292642
vt 0.171303 0.633275
vt 0.171376 0.194920
vt 0.171414 0.842178
vt 0.171464 0.150705
vt 0.171556 0.643206
vt 0.171731 0.599198
vt 0.171738 0.367539
vt 0.171768 0.080252
vt 0.171803 0.065224
vt 0.171844 0.206580
vt 0.171889 0.579591
vt 0.171933 0.247490
vt 0.171958 0.388218
vt 0.171976 0.418009
vt 0.172069 0.473369
vt 0.172248 0.820066
vt 0.172401 0.884878
vt 0.172476 0.143745
vt 0.172664 0.109605
vt 0.172809 0.052169
vt 0.173095 0.620880
vt 0.173243 0.164754
vt 0.173292 0.830250
vt 0.173348 0.986795
vt 0.173482 0.303533
vt 0.173495 0.466227
vt 0.173516 0.157676
vt 0.173530 0.132186
vt 0.173555 0.877699
vt 0.173587 0.890707
vt 0.173614 0.410340
vt 0.173676 0.899134
vt 0.173700 0.046193
vt 0.173957 0.431729
vt 0.173985 0.279231
vt 0.174277 0.931836
vt 0.174303 0.447024
vt 0.174311 0.493904
vt 0.174328 0.126248
vt 0.174512 0.777276
vt 0.174555 0.297379
vt 0.174645 0.452354
vt 0.174780 0.969790
vt 0.174803 0.945969
vt 0.174818 0.663129
vt 0.175056 0.256339
vt 0.175083 0.402194
vt 0.175093 0.719454
vt 0.175195 0.378297
vt 0.175403 0.553612
vt 0.175421 0.008127
vt 0.175468 0.314542
vt 0.175506 0.101051
vt 0.175583 0.270761
vt 0.175719 0.391350
vt 0.175869 0.483868
vt 0.175884 0.729360
vt 0.175966 0.383580
vt 0.176082 0.336145
vt 0.176208 0.308631
vt 0.176385 0.242104
vt 0.176391 0.087263
vt 0.176470 0.683622
vt 0.176582 0.234745
vt 0.176756 0.737553
vt 0.176762 0.590226
vt 0.176773 0.396363
vt 0.176798 0.356414
vt 0.176809 0.362169
vt 0.177158 0.138907
vt 0.177229 0.344921
vt 0.177281 0.264204
vt 0.177307 0.328878
vt 0.177625 0.920569
vt 0.177640 0.638322
vt 0.177640 0.219242
vt 0.177730 0.228889
vt 0.177940 0.451691
vt 0.177950 0.179336
vt 0.177982 0.104909
vt 0.178045 0.415862
vt 0.178054 0.982215
vt 0.178100 0.868321
vt 0.178205 0.837074
vt 0.178405 0.146100
vt 0.178500 0.888199
vt 0.178533 0.423946
vt 0.178622 0.456131
vt 0.178698 0.439789
vt 0.178719 0.169706
vt 0.178860 0.189959
vt 0.178939 0.387649
vt 0.179112 0.648103
vt 0.179435 0.369923
vt 0.179573 0.120015
vt 0.179648 0.629599
vt 0.179716 0.469336
vt 0.179883 0.130131
vt 0.180012 0.484402
vt 0.180038 0.162342
vt 0.180039 0.450144
vt 0.180058 0.845818
vt 0.180113 0.152405
vt 0.180177 0.576918
vt 0.180180 0.810559
vt 0.180246 0.704568
vt 0.180466 0.095963
vt 0.180468 0.611704
vt 0.180632 0.311194
vt 0.180648 0.210336
vt 0.180651 0.287179
vt 0.180728 0.319475
vt 0.180775 0.156342
vt 0.180829 0.392030
vt 0.180859 0.477467
vt 0.180916 0.817454
vt 0.180947 0.040004
vt 0.181268 0.600426
vt 0.181276 0.874574
vt 0.181464 0.335258
vt 0.181554 0.399808
vt 0.181567 0.488846
vt 0.181577 0.101892
vt 0.181667 0.842315
vt 0.181718 0.084949
vt 0.181848 0.882631
vt 0.181857 0.956629
vt 0.182035 0.274721
vt 0.182187 0.267101
vt 0.182231 0.825364
vt 0.182258 0.518320
vt 0.182369 0.233329
vt 0.182462 0.107625
vt 0.182483 0.668546
vt 0.182553 0.674541
vt 0.182602 0.452864
vt 0.182616 0.942606
vt 0.182647 0.831773
vt 0.182746 0.910349
vt 0.182747 0.462275
vt 0.182803 0.302003
vt 0.182821 0.621099
vt 0.182931 0.249387
vt 0.183034 0.091148
vt 0.183131 0.447404
vt 0.183137 0.239882
vt 0.183325 0.073759
vt 0.183382 0.383322
vt 0.183512 0.890165
vt 0.183517 0.408251
vt 0.183592 0.259897
vt 0.183630 0.418872
vt 0.183661 0.361459
vt 0.183737 0.395271
vt 0.183783 0.424481
vt 0.183830 0.113156
vt 0.183840 0.013725
vt 0.184170 0.228273
vt 0.184179 0.430988
vt 0.184224 0.058931
vt 0.184258 0.833719
vt 0.184294 0.456346
vt 0.184322 0.849895
vt 0.184342 0.638295
vt 0.184557 0.588490
vt 0.184914 0.923070
vt 0.185080 0.153196
vt 0.185124 0.124252
vt 0.185173 0.764712
vt 0.185176 0.118165
vt 0.185489 0.081155
vt 0.185573 0.873232
vt 0.185636 0.656797
vt 0.185835 0.400287
vt 0.185992 0.214850
vt 0.186076 0.046845
vt 0.186209 0.377479
vt 0.186235 0.158411
vt 0.186276 0.203661
vt 0.186364 0.138408
vt 0.186378 0.326642
vt 0.186507 0.933891
vt 0.186584 0.869138
vt 0.186607 0.100479
vt 0.186721 0.096140
vt 0.186922 0.831725
vt 0.187113 0.319595
vt 0.187143 0.130633
vt 0.187183 0.741168
vt 0.187196 0.968546
vt 0.187380 0.165239
vt 0.187413 0.110693
vt 0.187434 0.664122
vt 0.187524 0.067358
vt 0.187627 0.793655
vt 0.187745 0.782778
vt 0.187790 0.277773
vt 0.187849 0.113826
vt 0.187987 0.174361
vt 0.188034 0.424039
vt 0.188042 0.470587
vt 0.188071 0.185889
vt 0.188071 0.365970
vt 0.188176 0.441552
vt 0.188183 0.098402
vt 0.188362 0.835414
vt 0.188407 0.605686
vt 0.188590 0.126630
vt 0.188712 0.092713
vt 0.188727 0.390684
vt 0.188918 0.088032
vt 0.188922 0.311986
vt 0.189185 0.875667
vt 0.189185 0.565328
vt 0.189419 0.371559
vt 0.189467 0.194660
vt 0.189505 0.455119
vt 0.189695 0.103637
vt 0.189736 0.629181
vt 0.189799 0.731163
vt 0.189817 0.396937
vt 0.189889 0.243287
vt 0.190042 0.337386
vt 0.190108 0.119409
vt 0.190152 0.351332
vt 0.190327 0.417449
vt 0.190411 0.076990
vt 0.190531 0.978057
vt 0.190575 0.255789
vt 0.190674 0.236040
vt 0.190684 0.401980
vt 0.190882 0.615392
vt 0.190896 0.153582
vt 0.190898 0.485357
vt 0.190954 0.897655
vt 0.190980 0.144611
vt 0.191012 0.110721
vt 0.191058 0.268164
vt 0.191105 0.717325
vt 0.191118 0.821339
vt 0.191182 0.915797
vt 0.191228 0.293024
vt 0.191314 0.533950
vt 0.191315 0.595930
vt 0.191317 0.476114
vt 0.191425 0.860781
vt 0.191541 0.096231
vt 0.191560 0.827631
vt 0.191677 0.360377
vt 0.191683 0.685608
vt 0.191724 0.657843
vt 0.191745 0.556635
vt 0.191804 0.058853
vt 0.191944 0.062704
vt 0.192021 0.841668
vt 0.192037 0.082953
vt 0.192127 0.225690
vt 0.192194 0.448205
vt 0.192332 0.248829
vt 0.192468 0.126272
vt 0.192488 0.812303
vt 0.192600 0.134187
vt 0.192834 0.580506
vt 0.192847 0.091519
vt 0.192869 0.436449
vt 0.193000 0.645599
vt 0.193026 0.024448
vt 0.193187 0.320005
vt 0.193295 0.750547
vt 0.193455 0.167672
vt 0.193499 0.962786
vt 0.193569 0.882939
vt 0.193722 0.160850
vt 0.194215 0.327585
vt 0.194281 0.706908
vt 0.194373 0.427948
vt 0.194378 0.197118
vt 0.194493 0.099379
vt 0.195012 0.697933
vt 0.195118 0.063453
vt 0.195119 0.301513
vt 0.195213 0.193422
vt 0.195220 0.927441
vt 0.195310 0.888324
vt 0.195313 0.201148
vt 0.195399 0.384019
vt 0.195401 0.907615
vt 0.195646 0.216105
vt 0.195661 0.053409
vt 0.195743 0.463338
vt 0.195781 0.944870
vt 0.195907 0.408859
vt 0.195971 0.398751
vt 0.195996 0.376052
vt 0.196113 0.281995
vt 0.196315 0.971846
vt 0.196335 0.356992
vt 0.196396 0.443549
vt 0.196410 0.471658
vt 0.196431 0.795453
vt 0.196456 0.606011
vt 0.196507 0.081743
vt 0.196645 0.550258
vt 0.196705 0.069797
vt 0.196821 0.182273
vt 0.196849 0.360740
vt 0.196896 0.863110
vt 0.197006 0.823956
vt 0.197215 0.094204
vt 0.197232 0.544071
vt 0.197257 0.087135
vt 0.197300 0.768434
vt 0.197329 0.103226
vt 0.197814 0.252128
vt 0.197896 0.154985
vt 0.198069 0.476307
vt 0.198117 0.367265
vt 0.198444 0.076567
vt 0.198557 0.815705
vt 0.198681 0.197499
vt 0.198818 0.167142
vt 0.198843 0.569648
vt 0.198848 0.632227
vt 0.198992 0.916126
vt 0.199023 0.663788
vt 0.199035 0.041162
vt 0.199045 0.613475
vt 0.199094 0.418765
vt 0.199115 0.835715
vt 0.199357 0.110149
vt 0.199363 0.082354
vt 0.199562 0.259816
vt 0.199609 0.122706
vt 0.199697 0.133125
vt 0.199812 0.098682
vt 0.199894 0.292746
vt 0.199915 0.819602
vt 0.200078 0.621779
vt 0.200226 0.758823
vt 0.200242 0.234031
vt 0.200265 0.331386
vt 0.200320 0.229232
vt 0.200422 0.243914
vt 0.200531 0.871899
vt 0.200637 0.080706
vt 0.200739 0.487638
vt 0.200770 0.359209
vt 0.200887 0.392918
vt 0.200904 0.162394
vt 0.200924 0.710607
vt 0.200977 0.452977
vt 0.201002 0.224414
vt 0.201021 0.173585
vt 0.201077 0.967365
vt 0.201097 0.786135
vt 0.201146 0.210406
vt 0.201403 0.190501
vt 0.201507 0.126182
vt 0.201539 0.436838
vt 0.201760 0.352509
vt 0.201822 0.311401
vt 0.202061 0.322268
vt 0.202078 0.595223
vt 0.202123 0.149076
vt 0.202335 0.828545
vt 0.202411 0.167425
vt 0.202629 0.015231
vt 0.202651 0.468796
vt 0.202716 0.958632
vt 0.202853 0.473894
vt 0.202860 0.141382
vt 0.202915 0.899941
vt 0.202957 0.724797
vt 0.203007 0.615415
vt 0.203050 0.578244
vt 0.203125 0.412634
vt 0.203581 0.975092
vt 0.203676 0.637896
vt 0.203701 0.341316
vt 0.203702 0.585595
vt 0.203738 0.517240
vt 0.203782 0.197062
vt 0.203887 0.923229
vt 0.203991 0.381062
vt 0.204076 0.479640
vt 0.204079 0.157091
vt 0.204122 0.444573
vt 0.204163 0.219097
vt 0.204163 0.084002
vt 0.204185 0.078538
vt 0.204315 0.908408
vt 0.204509 0.092745
vt 0.204559 0.703772
vt 0.204580 0.647524
vt 0.204622 0.230595
vt 0.204699 0.374771
vt 0.204731 0.073167
vt 0.204866 0.857449
vt 0.204873 0.270759
vt 0.204892 0.890246
vt 0.204895 0.427131
vt 0.204971 0.736203
vt 0.205090 0.796241
vt 0.205148 0.122693
vt 0.205195 0.883309
vt 0.205433 0.280184
vt 0.205514 0.103857
vt 0.205785 0.182053
vt 0.205798 0.692179
vt 0.205802 0.846465
vt 0.205973 0.607447
vt 0.206237 0.363020
vt 0.206323 0.064599
vt 0.206431 0.403442
vt 0.206542 0.710051
vt 0.206572 0.386764
vt 0.206615 0.253963
vt 0.206776 0.113280
vt 0.206804 0.287485
vt 0.206870 0.419103
vt 0.206982 0.166684
vt 0.207035 0.777146
vt 0.207139 0.357076
vt 0.207574 0.052028
vt 0.207647 0.441280
vt 0.207701 0.655155
vt 0.207704 0.813468
vt 0.207819 0.557013
vt 0.207820 0.627810
vt 0.208056 0.463613
vt 0.208104 0.151630
vt 0.208191 0.143692
vt 0.208210 0.915688
vt 0.208231 0.204617
vt 0.208233 0.562367
vt 0.208254 0.262009
vt 0.208254 0.299457
vt 0.208399 0.935486
vt 0.208455 0.472129
vt 0.208558 0.896659
vt 0.208616 0.225678
vt 0.208675 0.135455
vt 0.208806 0.676687
vt 0.208866 0.412612
vt 0.209102 0.545089
vt 0.209247 0.714790
vt 0.209301 0.708420
vt 0.209308 0.582868
vt 0.209347 0.195394
vt 0.209459 0.752782
vt 0.209988 0.394262
vt 0.210090 0.329445
vt 0.210247 0.615717
vt 0.210504 0.383606
vt 0.210565 0.760400
vt 0.210615 0.590036
vt 0.210664 0.423931
vt 0.210895 0.415980
vt 0.211035 0.598803
vt 0.211099 0.435919
vt 0.211122 0.826725
vt 0.211148 0.379088
vt 0.211223 0.637737
vt 0.211436 0.216925
vt 0.211458 0.234808
vt 0.211558 0.186837
vt 0.211632 0.834651
vt 0.211808 0.924873
vt 0.211814 0.360154
vt 0.211832 0.455742
vt 0.211846 0.534112
vt 0.211856 0.369822
vt 0.211907 0.031794
vt 0.212048 0.574978
vt 0.212048 0.176632
vt 0.212085 0.862130
vt 0.212117 0.949772
vt 0.212132 0.892614
vt 0.212136 0.158284
vt 0.212150 0.447139
vt 0.212203 0.508823
vt 0.212213 0.485089
vt 0.212348 0.441448
vt 0.212379 0.555034
vt 0.212394 0.117241
vt 0.212415 0.963689
vt 0.212628 0.886731
vt 0.212693 0.086868
vt 0.212826 0.076830
vt 0.212829 0.801626
vt 0.212836 0.662345
vt 0.213010 0.013816
vt 0.213036 0.266673
vt 0.213067 0.279527
vt 0.213228 0.419250
vt 0.213244 0.271872
vt 0.213494 0.768661
vt 0.213582 0.787970
vt 0.213661 0.350694
vt 0.213741 0.308675
vt 0.213777 0.019375
vt 0.213876 0.318482
vt 0.214049 0.125626
vt 0.214421 0.855592
vt 0.214608 0.423760
vt 0.214634 0.428356
vt 0.214697 0.648905
vt 0.214741 0.813697
vt 0.214744 0.476586
vt 0.214751 0.387474
vt 0.214850 0.149472
vt 0.214980 0.901733
vt 0.215031 0.702596
vt 0.215117 0.108881
vt 0.215218 0.469203
vt 0.215308 0.584289
vt 0.215500 0.138029
vt 0.215544 0.604750
vt 0.216029 0.874416
vt 0.216127 0.227056
vt 0.216176 0.744347
vt 0.216296 0.058276
vt 0.216326 0.725462
vt 0.216385 0.041622
vt 0.216608 0.411745
vt 0.216727 0.096882
vt 0.216734 0.822374
vt 0.216752 0.930786
vt 0.216987 0.440588
vt 0.216990 0.192821
vt 0.217023 0.621208
vt 0.217091 0.338252
vt 0.217149 0.050256
vt 0.217378 0.976095
vt 0.217674 0.926013
vt 0.217810 0.554372
vt 0.217815 0.248066
vt 0.218223 0.629596
vt 0.218224 0.453078
vt 0.218267 0.293184
vt 0.218364 0.398410
vt 0.218583 0.884387
vt 0.218714 0.379750
vt 0.218861 0.260245
vt 0.218921 0.312815
vt 0.219016 0.158507
vt 0.219074 0.734841
vt 0.219102 0.210930
vt 0.219144 0.842498
vt 0.219228 0.889781
vt 0.219264 0.592549
vt 0.219269 0.303142
vt 0.219273 0.639103
vt 0.219296 0.272012
vt 0.219327 0.200465
vt 0.219453 0.917370
vt 0.219577 0.115697
vt 0.219698 0.433916
vt 0.219778 0.067759
vt 0.220052 0.421547
vt 0.220097 0.461996
vt 0.220142 0.361328
vt 0.220201 0.557939
vt 0.220349 0.143068
vt 0.220438 0.956539
vt 0.220443 0.687320
vt 0.220517 0.548759
vt 0.220652 0.866645
vt 0.221141 0.657587
vt 0.221237 0.753011
vt 0.221620 0.075190
vt 0.221681 0.344687
vt 0.221731 0.309951
vt 0.221839 0.183847
vt 0.221957 0.567469
vt 0.222009 0.137033
vt 0.222009 0.445990
vt 0.222040 0.428217
vt 0.222056 0.026324
vt 0.222084 0.481308
vt 0.222233 0.802177
vt 0.222370 0.327727
vt 0.222396 0.169067
vt 0.222526 0.853871
vt 0.222631 0.129699
vt 0.222655 0.611122
vt 0.222683 0.222471
vt 0.222691 0.712657
vt 0.222741 0.014762
vt 0.222798 0.847902
vt 0.222930 0.907550
vt 0.222999 0.116399
vt 0.223152 0.047129
vt 0.223505 0.647701
vt 0.223742 0.019688
vt 0.223886 0.761940
vt 0.224058 0.599975
vt 0.224088 0.951666
vt 0.224134 0.123272
vt 0.224202 0.283684
vt 0.224554 0.580538
vt 0.224573 0.351411
vt 0.224589 0.387031
vt 0.224627 0.372985
vt 0.224745 0.858288
vt 0.224839 0.671245
vt 0.224864 0.405568
vt 0.224915 0.254673
vt 0.224919 0.775948
vt 0.224964 0.316429
vt 0.225121 0.472929
vt 0.225287 0.928473
vt 0.225397 0.641223
vt 0.225399 0.506023
vt 0.225402 0.083767
vt 0.225468 0.234713
vt 0.225526 0.193922
vt 0.225643 0.107537
vt 0.225743 0.054688
vt 0.225755 0.140044
vt 0.225903 0.134576
vt 0.226153 0.940443
vt 0.226186 0.871314
vt 0.226217 0.452238
vt 0.226221 0.729892
vt 0.226321 0.488268
vt 0.226329 0.267670
vt 0.226391 0.465910
vt 0.226430 0.149648
vt 0.226510 0.214096
vt 0.226528 0.431414
vt 0.226561 0.198854
vt 0.226618 0.524989
vt 0.226679 0.621848
vt 0.226774 0.205383
vt 0.226854 0.468034
vt 0.226968 0.437994
vt 0.227028 0.063655
vt 0.227142 0.308367
vt 0.227165 0.633859
vt 0.227475 0.035467
vt 0.227500 0.747043
vt 0.227508 0.880764
vt 0.227587 0.398267
vt 0.227677 0.301088
vt 0.227731 0.847214
vt 0.227739 0.130552
vt 0.227883 0.544357
vt 0.227914 0.912229
vt 0.227918 0.196520
vt 0.228189 0.827092
vt 0.228229 0.893571
vt 0.228334 0.956742
vt 0.228366 0.887871
vt 0.228606 0.791312
vt 0.228800 0.854382
vt 0.228820 0.966426
vt 0.229012 0.340147
vt 0.229078 0.903583
vt 0.229119 0.159955
vt 0.229160 0.425098
vt 0.229166 0.049538
vt 0.229168 0.362065
vt 0.229264 0.592247
vt 0.229409 0.227120
vt 0.229491 0.738346
vt 0.229565 0.017931
vt 0.229720 0.072021
vt 0.229736 0.721751
vt 0.230066 0.276589
vt 0.230102 0.467138
vt 0.230146 0.414333
vt 0.230311 0.700626
vt 0.230345 0.459202
vt 0.230425 0.261332
vt 0.230682 0.445178
vt 0.230713 0.132935
vt 0.230766 0.643966
vt 0.230789 0.814471
vt 0.230896 0.754423
vt 0.231033 0.294252
vt 0.231277 0.404213
vt 0.231648 0.602126
vt 0.231673 0.556541
vt 0.231816 0.197105
vt 0.231838 0.804314
vt 0.231982 0.390659
vt 0.232008 0.123501
vt 0.232027 0.369674
vt 0.232087 0.050386
vt 0.232109 0.611991
vt 0.232280 0.657041
vt 0.232285 0.044946
vt 0.232291 0.189518
vt 0.232831 0.097219
vt 0.232866 0.053346
vt 0.232869 0.211969
vt 0.232918 0.220955
vt 0.232977 0.952353
vt 0.233098 0.712687
vt 0.233317 0.313688
vt 0.233394 0.397862
vt 0.233502 0.845532
vt 0.233502 0.877652
vt 0.233634 0.570129
vt 0.233674 0.307411
vt 0.234004 0.958917
vt 0.234125 0.063224
vt 0.234220 0.919774
vt 0.234499 0.852431
vt 0.234520 0.141037
vt 0.234660 0.249999
vt 0.234759 0.431789
vt 0.234886 0.685332
vt 0.235047 0.896234
vt 0.235075 0.472501
vt 0.235100 0.286336
vt 0.235192 0.179933
vt 0.235280 0.378370
vt 0.235289 0.270149
vt 0.235318 0.352042
vt 0.235357 0.049413
vt 0.235488 0.230319
vt 0.235527 0.109375
vt 0.235601 0.764053
vt 0.235616 0.536289
vt 0.235638 0.628192
vt 0.235690 0.438577
vt 0.235764 0.729355
vt 0.236059 0.302284
vt 0.236242 0.167250
vt 0.236326 0.637261
vt 0.236378 0.450873
vt 0.236392 0.028158
vt 0.236434 0.325766
vt 0.236449 0.401365
vt 0.236753 0.911614
vt 0.236826 0.407302
vt 0.236937 0.045241
vt 0.237107 0.869498
vt 0.237108 0.582374
vt 0.237109 0.039246
vt 0.237301 0.514961
vt 0.237309 0.781332
vt 0.237348 0.156811
vt 0.237379 0.148210
vt 0.237584 0.618661
vt 0.237621 0.462546
vt 0.237744 0.746851
vt 0.237869 0.238005
vt 0.238205 0.963220
vt 0.238316 0.205099
vt 0.238397 0.083966
vt 0.238471 0.754824
vt 0.238624 0.364057
vt 0.238680 0.932777
vt 0.238725 0.795492
vt 0.238739 0.422152
vt 0.238786 0.594260
vt 0.239074 0.813732
vt 0.239119 0.072320
vt 0.239337 0.455847
vt 0.239459 0.278008
vt 0.239546 0.827530
vt 0.239620 0.391503
vt 0.239806 0.055903
vt 0.239813 0.773740
vt 0.239936 0.262707
vt 0.240053 0.546313
vt 0.240055 0.501236
vt 0.240091 0.902510
vt 0.240312 0.273167
vt 0.240446 0.525903
vt 0.240588 0.563346
vt 0.240959 0.092211
vt 0.240969 0.647067
vt 0.241104 0.443605
vt 0.241391 0.737271
vt 0.241620 0.670792
vt 0.241710 0.823729
vt 0.241723 0.269710
vt 0.241856 0.401961
vt 0.241862 0.888907
vt 0.241883 0.341433
vt 0.242088 0.638955
vt 0.242518 0.719035
vt 0.242527 0.707247
vt 0.242535 0.688659
vt 0.242705 0.696002
vt 0.242751 0.625051
vt 0.242818 0.471024
vt 0.242835 0.606726
vt 0.243000 0.192609
vt 0.243086 0.310870
vt 0.243459 0.465420
vt 0.243461 0.120476
vt 0.243504 0.435499
vt 0.243547 0.214999
vt 0.243617 0.658204
vt 0.243748 0.273275
vt 0.243784 0.131042
vt 0.243885 0.958331
vt 0.243953 0.411633
vt 0.244045 0.370810
vt 0.244075 0.427972
vt 0.244130 0.779157
vt 0.244185 0.596411
vt 0.244284 0.632661
vt 0.244321 0.682200
vt 0.244322 0.759294
vt 0.244332 0.234158
vt 0.244350 0.046567
vt 0.244438 0.296842
vt 0.244553 0.034497
vt 0.244560 0.916056
vt 0.244685 0.152495
vt 0.245160 0.946531
vt 0.245189 0.617842
vt 0.245383 0.226728
vt 0.245451 0.013066
vt 0.245469 0.098968
vt 0.245516 0.910390
vt 0.245534 0.285715
vt 0.245577 0.378176
vt 0.245720 0.849587
vt 0.245805 0.555968
vt 0.245868 0.571331
vt 0.246116 0.066941
vt 0.246244 0.767792
vt 0.246300 0.786128
vt 0.246341 0.588837
vt 0.246367 0.403055
vt 0.246395 0.830064
vt 0.246468 0.860826
vt 0.246708 0.207988
vt 0.246758 0.563022
vt 0.246852 0.579896
vt 0.246859 0.332334
vt 0.246866 0.752056
vt 0.247026 0.743709
vt 0.247146 0.161386
vt 0.247278 0.729274
vt 0.247287 0.458378
vt 0.247397 0.184377
vt 0.247449 0.775947
vt 0.247488 0.345400
vt 0.247522 0.352031
vt 0.247709 0.532270
vt 0.247720 0.057204
vt 0.247858 0.677112
vt 0.247866 0.395446
vt 0.248037 0.256770
vt 0.248114 0.839509
vt 0.248398 0.640822
vt 0.248454 0.142713
vt 0.248511 0.277117
vt 0.248515 0.800717
vt 0.248533 0.688878
vt 0.248671 0.450889
vt 0.248696 0.970801
vt 0.248834 0.421512
vt 0.249108 0.386089
vt 0.249263 0.464907
vt 0.249286 0.175114
vt 0.249309 0.869001
vt 0.249363 0.812061
vt 0.249572 0.268608
vt 0.249745 0.201915
vt 0.249783 0.322291
vt 0.249808 0.541491
vt 0.249836 0.091152
vt 0.249841 0.362403
vt 0.249913 0.188655
vt 0.250190 0.596698
vt 0.250377 0.110514
vt 0.250405 0.548742
vt 0.250493 0.243763
vt 0.250556 0.234352
vt 0.250675 0.624877
vt 0.250727 0.026069
vt 0.250840 0.369975
vt 0.250857 0.902474
vt 0.251157 0.455840
vt 0.251254 0.702520
vt 0.251279 0.520579
vt 0.251592 0.220114
vt 0.251628 0.614612
vt 0.251663 0.927142
vt 0.251664 0.663493
vt 0.251708 0.695252
vt 0.251830 0.461816
vt 0.252006 0.575913
vt 0.252089 0.122179
vt 0.252350 0.340772
vt 0.252377 0.633249
vt 0.252480 0.212140
vt 0.252533 0.651082
vt 0.252671 0.937638
vt 0.253036 0.711820
vt 0.253096 0.504389
vt 0.253160 0.680924
vt 0.253200 0.736902
vt 0.253226 0.290162
vt 0.253324 0.672432
vt 0.253365 0.855980
vt 0.253454 0.402924
vt 0.253509 0.428534
vt 0.253550 0.581997
vt 0.253574 0.081010
vt 0.253578 0.862756
vt 0.253609 0.193032
vt 0.253765 0.604707
vt 0.253970 0.330372
vt 0.253972 0.824019
vt 0.253987 0.877061
vt 0.254057 0.053942
vt 0.254426 0.414161
vt 0.254610 0.282247
vt 0.254734 0.561372
vt 0.254739 0.100532
vt 0.254930 0.314418
vt 0.254936 0.185327
vt 0.254954 0.275814
vt 0.255069 0.440039
vt 0.255321 0.305264
vt 0.255525 0.553210
vt 0.255546 0.760537
vt 0.255553 0.356280
vt 0.255588 0.131817
vt 0.255962 0.952880
vt 0.256032 0.846149
vt 0.256439 0.153235
vt 0.256477 0.913250
vt 0.256519 0.815601
vt 0.256568 0.774730
vt 0.256620 0.252504
vt 0.256643 0.374856
vt 0.256802 0.722103
vt 0.256932 0.228849
vt 0.257039 0.420623
vt 0.257039 0.497892
vt 0.257244 0.296586
vt 0.257322 0.629298
vt 0.257469 0.588622
vt 0.257569 0.729791
vt 0.257603 0.621210
vt 0.257608 0.363596
vt 0.257643 0.064029
vt 0.257755 0.597707
vt 0.257876 0.864821
vt 0.257900 0.348402
vt 0.257949 0.689503
vt 0.258015 0.945683
vt 0.258124 0.388875
vt 0.258308 0.569756
vt 0.258346 0.460814
vt 0.258359 0.697860
vt 0.258575 0.198221
vt 0.258621 0.871004
vt 0.258821 0.582467
vt 0.258862 0.237467
vt 0.258864 0.271359
vt 0.258964 0.639244
vt 0.259036 0.246265
vt 0.259451 0.165335
vt 0.259524 0.940196
vt 0.259616 0.705104
vt 0.259795 0.333502
vt 0.259820 0.262519
vt 0.259876 0.035833
vt 0.259904 0.613032
vt 0.260263 0.093907
vt 0.260296 0.935049
vt 0.260363 0.534956
vt 0.260420 0.416716
vt 0.260432 0.666898
vt 0.260455 0.547196
vt 0.260490 0.491673
vt 0.260555 0.788543
vt 0.260609 0.604468
vt 0.260694 0.892111
vt 0.260804 0.206526
vt 0.260968 0.340826
vt 0.261034 0.106120
vt 0.261051 0.658639
vt 0.261069 0.903816
vt 0.261148 0.577142
vt 0.261268 0.450873
vt 0.261376 0.423125
vt 0.261523 0.829426
vt 0.261537 0.746765
vt 0.261899 0.805389
vt 0.262085 0.556087
vt 0.262133 0.219403
vt 0.262394 0.233009
vt 0.262433 0.226704
vt 0.262438 0.397391
vt 0.262467 0.855333
vt 0.262511 0.694489
vt 0.262641 0.480292
vt 0.262793 0.132443
vt 0.262869 0.594068
vt 0.263012 0.649952
vt 0.263061 0.354398
vt 0.263113 0.278562
vt 0.263125 0.141777
vt 0.263171 0.407576
vt 0.263299 0.190562
vt 0.263353 0.053306
vt 0.263644 0.582709
vt 0.263813 0.796423
vt 0.263882 0.811312
vt 0.263942 0.727313
vt 0.263942 0.950681
vt 0.264016 0.600007
vt 0.264020 0.515208
vt 0.264188 0.310395
vt 0.264589 0.322951
vt 0.264748 0.230473
vt 0.264907 0.074828
vt 0.265023 0.524653
vt 0.265121 0.288299
vt 0.265280 0.817163
vt 0.265281 0.506161
vt 0.265447 0.498452
vt 0.265449 0.562790
vt 0.265543 0.122479
vt 0.265565 0.243886
vt 0.265580 0.712139
vt 0.265637 0.254295
vt 0.265745 0.389966
vt 0.265933 0.940661
vt 0.265933 0.734160
vt 0.266014 0.179715
vt 0.266018 0.899056
vt 0.266061 0.345247
vt 0.266168 0.626304
vt 0.266255 0.377848
vt 0.266274 0.926104
vt 0.266354 0.385017
vt 0.266361 0.677157
vt 0.266528 0.689160
vt 0.266594 0.271397
vt 0.266656 0.364206
vt 0.266746 0.780180
vt 0.266776 0.429819
vt 0.266863 0.282558
vt 0.266884 0.418349
vt 0.266886 0.400247
vt 0.267007 0.335686
vt 0.267680 0.235771
vt 0.267689 0.791964
vt 0.267820 0.301015
vt 0.267863 0.664782
vt 0.267956 0.085453
vt 0.267998 0.491176
vt 0.268109 0.570919
vt 0.268161 0.588818
vt 0.268256 0.722336
vt 0.268455 0.836426
vt 0.268682 0.699548
vt 0.268914 0.757219
vt 0.269053 0.352046
vt 0.269245 0.100494
vt 0.269310 0.263776
vt 0.269495 0.793394
vt 0.269539 0.443683
vt 0.269595 0.450929
vt 0.269728 0.155029
vt 0.269744 0.864335
vt 0.269854 0.144615
vt 0.269877 0.769468
vt 0.269994 0.597662
vt 0.270000 0.135904
vt 0.270112 0.394083
vt 0.270127 0.167999
vt 0.270162 0.459259
vt 0.270184 0.227882
vt 0.270260 0.879800
vt 0.270275 0.890805
vt 0.270732 0.555134
vt 0.270795 0.610653
vt 0.270847 0.200166
vt 0.270902 0.727308
vt 0.270930 0.063948
vt 0.270965 0.579691
vt 0.271150 0.280140
vt 0.271258 0.788406
vt 0.271453 0.656131
vt 0.271592 0.243483
vt 0.271677 0.909364
vt 0.271702 0.249047
vt 0.271725 0.402410
vt 0.271780 0.643271
vt 0.272007 0.212363
vt 0.272174 0.385447
vt 0.272256 0.950241
vt 0.272298 0.544018
vt 0.272422 0.190019
vt 0.272478 0.411057
vt 0.272739 0.532038
vt 0.273045 0.184163
vt 0.273147 0.796967
vt 0.273470 0.806788
vt 0.273717 0.724754
vt 0.273852 0.112355
vt 0.273907 0.510183
vt 0.274367 0.239728
vt 0.274456 0.342736
vt 0.274716 0.708860
vt 0.274850 0.051551
vt 0.274887 0.564827
vt 0.275072 0.118170
vt 0.275359 0.436487
vt 0.275460 0.390828
vt 0.275517 0.585201
vt 0.275603 0.355175
vt 0.275677 0.309883
vt 0.275698 0.131925
vt 0.275721 0.065876
vt 0.275754 0.818599
vt 0.275754 0.718120
vt 0.275872 0.329186
vt 0.275918 0.293703
vt 0.276004 0.472732
vt 0.276067 0.520000
vt 0.276168 0.848962
vt 0.276195 0.780315
vt 0.276318 0.258004
vt 0.276371 0.633387
vt 0.276526 0.939849
vt 0.276570 0.602708
vt 0.276650 0.142191
vt 0.277035 0.176154
vt 0.277091 0.750231
vt 0.277148 0.419741
vt 0.277176 0.319870
vt 0.277176 0.396591
vt 0.277233 0.271720
vt 0.277323 0.221104
vt 0.277360 0.499820
vt 0.277421 0.739872
vt 0.277688 0.688507
vt 0.277831 0.184659
vt 0.278035 0.624542
vt 0.278100 0.572395
vt 0.278153 0.788850
vt 0.278163 0.370661
vt 0.278374 0.073496
vt 0.278502 0.105914
vt 0.278629 0.458636
vt 0.278693 0.593368
vt 0.278693 0.552223
vt 0.278850 0.537785
vt 0.278880 0.279051
vt 0.278942 0.799879
vt 0.278953 0.923915
vt 0.279064 0.286235
vt 0.279122 0.957682
vt 0.279178 0.404288
vt 0.279539 0.429416
vt 0.279589 0.166255
vt 0.279624 0.061412
vt 0.279636 0.727819
vt 0.279720 0.246738
vt 0.279882 0.234347
vt 0.279908 0.485040
vt 0.280118 0.666265
vt 0.280414 0.298225
vt 0.280526 0.559317
vt 0.280666 0.443937
vt 0.280722 0.411614
vt 0.280840 0.941789
vt 0.281032 0.208381
vt 0.281201 0.134676
vt 0.281273 0.609226
vt 0.281465 0.292473
vt 0.281536 0.125584
vt 0.281610 0.794157
vt 0.281653 0.386547
vt 0.282120 0.772651
vt 0.282145 0.347455
vt 0.282153 0.701386
vt 0.282217 0.711776
vt 0.282229 0.677148
vt 0.282337 0.872558
vt 0.282523 0.180836
vt 0.282533 0.197897
vt 0.282619 0.357480
vt 0.282696 0.883602
vt 0.282719 0.436126
vt 0.283282 0.095984
vt 0.283368 0.566449
vt 0.283569 0.255772
vt 0.283573 0.545575
vt 0.283727 0.582090
vt 0.283820 0.215369
vt 0.283845 0.632693
vt 0.284073 0.761421
vt 0.284088 0.617170
vt 0.284168 0.718747
vt 0.284220 0.641709
vt 0.284285 0.528233
vt 0.284605 0.154271
vt 0.284632 0.912514
vt 0.284669 0.396904
vt 0.284739 0.334826
vt 0.284751 0.653423
vt 0.285010 0.602894
vt 0.285161 0.753022
vt 0.285314 0.537903
vt 0.285341 0.323203
vt 0.285763 0.450955
vt 0.286080 0.934869
vt 0.286165 0.509048
vt 0.286202 0.896332
vt 0.286283 0.277548
vt 0.286321 0.493382
vt 0.286322 0.312194
vt 0.286525 0.133513
vt 0.286686 0.784731
vt 0.286717 0.414378
vt 0.286853 0.423159
vt 0.286937 0.301956
vt 0.287124 0.802164
vt 0.287166 0.554790
vt 0.287169 0.264472
vt 0.287219 0.242070
vt 0.287263 0.405269
vt 0.287343 0.224126
vt 0.287421 0.573122
vt 0.287754 0.141710
vt 0.287773 0.499927
vt 0.287832 0.175698
vt 0.287855 0.745807
vt 0.287954 0.684057
vt 0.288087 0.596921
vt 0.288104 0.251154
vt 0.288252 0.590500
vt 0.288389 0.925095
vt 0.288402 0.769287
vt 0.288563 0.351508
vt 0.288601 0.469864
vt 0.288629 0.561516
vt 0.288735 0.518126
vt 0.288839 0.189358
vt 0.288851 0.438329
vt 0.289059 0.678937
vt 0.289245 0.115158
vt 0.289254 0.822549
vt 0.289279 0.289949
vt 0.289320 0.627301
vt 0.289415 0.692564
vt 0.289525 0.389977
vt 0.289935 0.753474
vt 0.290013 0.458299
vt 0.290179 0.967722
vt 0.290361 0.444077
vt 0.290447 0.947752
vt 0.290457 0.672925
vt 0.290572 0.886293
vt 0.290586 0.342247
vt 0.290699 0.774756
vt 0.290839 0.734786
vt 0.290872 0.477558
vt 0.291113 0.431199
vt 0.291116 0.533192
vt 0.291200 0.944893
vt 0.291350 0.130082
vt 0.291462 0.723966
vt 0.291552 0.938682
vt 0.291631 0.740869
vt 0.291655 0.541311
vt 0.291696 0.378703
vt 0.291696 0.398124
vt 0.291777 0.611184
vt 0.292000 0.449328
vt 0.292576 0.148701
vt 0.292678 0.549316
vt 0.292683 0.215781
vt 0.292688 0.280773
vt 0.292810 0.164288
vt 0.292828 0.208710
vt 0.292885 0.711755
vt 0.293058 0.297101
vt 0.293093 0.877500
vt 0.293103 0.155869
vt 0.293154 0.361658
vt 0.293357 0.636814
vt 0.293482 0.602364
vt 0.293550 0.701309
vt 0.293560 0.838757
vt 0.293567 0.258291
vt 0.293637 0.915375
vt 0.293725 0.315589
vt 0.293900 0.554074
vt 0.293915 0.424310
vt 0.293976 0.325168
vt 0.294052 0.663948
vt 0.294133 0.495012
vt 0.294156 0.847979
vt 0.294169 0.088578
vt 0.294229 0.957676
vt 0.294353 0.595205
vt 0.294362 0.234856
vt 0.294434 0.417297
vt 0.294530 0.656217
vt 0.294756 0.184713
vt 0.294817 0.567152
vt 0.295182 0.245238
vt 0.295183 0.334703
vt 0.295271 0.251914
vt 0.295365 0.524168
vt 0.295433 0.486838
vt 0.295505 0.271883
vt 0.295515 0.904397
vt 0.295676 0.264863
vt 0.295726 0.347904
vt 0.295793 0.621076
vt 0.295870 0.465662
vt 0.295925 0.687089
vt 0.296006 0.303331
vt 0.296017 0.648526
vt 0.296351 0.741831
vt 0.296356 0.588022
vt 0.296396 0.177689
vt 0.296594 0.558669
vt 0.296657 0.340554
vt 0.296919 0.789394
vt 0.296984 0.705753
vt 0.297075 0.501908
vt 0.297078 0.405932
vt 0.297123 0.758288
vt 0.297409 0.115887
vt 0.297596 0.679218
vt 0.297693 0.446484
vt 0.297734 0.767384
vt 0.297803 0.101465
vt 0.297947 0.778998
vt 0.297977 0.749972
vt 0.298332 0.544468
vt 0.298340 0.390453
vt 0.298359 0.201405
vt 0.298373 0.291010
vt 0.298405 0.281610
vt 0.298619 0.260503
vt 0.298916 0.577314
vt 0.298933 0.693859
vt 0.298983 0.225581
vt 0.299027 0.593920
vt 0.299076 0.936124
vt 0.299166 0.422116
vt 0.299207 0.111233
vt 0.299358 0.255444
vt 0.299496 0.729071
vt 0.299503 0.888738
vt 0.299511 0.551535
vt 0.299646 0.671472
vt 0.299671 0.248389
vt 0.299756 0.138493
vt 0.299770 0.707741
vt 0.299950 0.075131
vt 0.300037 0.427927
vt 0.300079 0.964658
vt 0.300154 0.599274
vt 0.300258 0.432878
vt 0.300352 0.370880
vt 0.300421 0.629867
vt 0.300496 0.512482
vt 0.300666 0.439538
vt 0.300915 0.519469
vt 0.300944 0.209681
vt 0.300948 0.606912
vt 0.301007 0.946916
vt 0.301065 0.973267
vt 0.301079 0.152661
vt 0.301145 0.534351
vt 0.301528 0.266667
vt 0.301562 0.122447
vt 0.301709 0.191976
vt 0.301967 0.720707
vt 0.302013 0.327959
vt 0.302131 0.474349
vt 0.302604 0.320061
vt 0.302701 0.379981
vt 0.302741 0.162058
vt 0.302754 0.736180
vt 0.302900 0.243242
vt 0.302956 0.415910
vt 0.303072 0.657406
vt 0.303233 0.462643
vt 0.303553 0.593801
vt 0.303710 0.701253
vt 0.303933 0.172340
vt 0.303970 0.103950
vt 0.304092 0.614684
vt 0.304213 0.850028
vt 0.304292 0.562555
vt 0.304367 0.183968
vt 0.304532 0.216918
vt 0.304658 0.112061
vt 0.304722 0.259260
vt 0.304829 0.310042
vt 0.304869 0.351158
vt 0.305057 0.493426
vt 0.305113 0.686636
vt 0.305165 0.338032
vt 0.305651 0.623212
vt 0.305716 0.785010
vt 0.305890 0.754111
vt 0.306118 0.760994
vt 0.306120 0.521450
vt 0.306133 0.234956
vt 0.306136 0.501452
vt 0.306240 0.801153
vt 0.306302 0.093113
vt 0.306306 0.693229
vt 0.306350 0.363161
vt 0.306439 0.932608
vt 0.306493 0.251608
vt 0.306588 0.284647
vt 0.306677 0.397750
vt 0.306725 0.601103
vt 0.306737 0.555113
vt 0.306843 0.745254
vt 0.306855 0.665834
vt 0.306880 0.824095
vt 0.306935 0.980341
vt 0.307048 0.408151
vt 0.307112 0.640423
vt 0.307249 0.387957
vt 0.307370 0.424735
vt 0.307383 0.586138
vt 0.307454 0.297102
vt 0.307463 0.650813
vt 0.307732 0.711535
vt 0.307776 0.607801
vt 0.307959 0.324248
vt 0.307986 0.774783
vt 0.308089 0.451671
vt 0.308118 0.483170
vt 0.308261 0.958117
vt 0.308293 0.728943
vt 0.308466 0.901812
vt 0.308557 0.192686
vt 0.308625 0.434558
vt 0.308651 0.544244
vt 0.308694 0.329023
vt 0.308760 0.226374
vt 0.308906 0.143449
vt 0.308970 0.197920
vt 0.309015 0.271042
vt 0.309149 0.372680
vt 0.309556 0.766706
vt 0.309588 0.569101
vt 0.309746 0.675987
vt 0.309901 0.152932
vt 0.310510 0.455660
vt 0.310559 0.106304
vt 0.310737 0.129028
vt 0.310796 0.164630
vt 0.311317 0.117298
vt 0.311354 0.344799
vt 0.311431 0.594368
vt 0.311451 0.332395
vt 0.311503 0.970771
vt 0.311531 0.757628
vt 0.311586 0.513589
vt 0.312291 0.859604
vt 0.312292 0.884402
vt 0.312456 0.984735
vt 0.312526 0.209267
vt 0.312588 0.327618
vt 0.312703 0.721736
vt 0.312839 0.244897
vt 0.312907 0.930266
vt 0.312938 0.287260
vt 0.313028 0.560975
vt 0.313161 0.619052
vt 0.313187 0.938659
vt 0.313261 0.629611
vt 0.313403 0.981881
vt 0.313453 0.505320
vt 0.313635 0.737378
vt 0.313702 0.602558
vt 0.313835 0.230392
vt 0.313837 0.497360
vt 0.314046 0.279543
vt 0.314088 0.255797
vt 0.314241 0.176957
vt 0.314242 0.380981
vt 0.314428 0.392519
vt 0.314545 0.189690
vt 0.314639 0.994998
vt 0.314766 0.610398
vt 0.314811 0.949797
vt 0.314912 0.752577
vt 0.314971 0.417282
vt 0.315031 0.658455
vt 0.315355 0.237855
vt 0.315503 0.403315
vt 0.315580 0.320417
vt 0.315637 0.784056
vt 0.315709 0.373348
vt 0.315809 0.760741
vt 0.315887 0.367092
vt 0.315949 0.518708
vt 0.316013 0.530452
vt 0.316177 0.692761
vt 0.316260 0.588442
vt 0.316427 0.682866
vt 0.316483 0.579082
vt 0.316870 0.811798
vt 0.317020 0.702701
vt 0.317135 0.336193
vt 0.317232 0.648182
vt 0.317278 0.305496
vt 0.317504 0.471329
vt 0.317610 0.745051
vt 0.317804 0.155870
vt 0.317999 0.918950
vt 0.318054 0.571424
vt 0.318246 0.353812
vt 0.318295 0.639162
vt 0.318460 0.771170
vt 0.318683 0.432332
vt 0.318744 0.668085
vt 0.318954 0.829169
vt 0.319252 0.164583
vt 0.319269 0.552176
vt 0.319275 0.293599
vt 0.319309 0.715454
vt 0.319360 0.595555
vt 0.319390 0.559484
vt 0.319450 0.540871
vt 0.319602 0.709071
vt 0.319781 0.613954
vt 0.319912 0.455026
vt 0.319986 0.396700
vt 0.320329 0.221588
vt 0.320451 0.116769
vt 0.320477 0.978760
vt 0.320540 0.487915
vt 0.320559 0.283284
vt 0.320734 0.263350
vt 0.321016 0.960362
vt 0.321067 0.565088
vt 0.321112 0.730604
vt 0.321140 0.375568
vt 0.321141 0.755748
vt 0.321249 0.242551
vt 0.321327 0.609303
vt 0.321453 0.943704
vt 0.321545 0.603786
vt 0.321756 0.721589
vt 0.321793 0.249855
vt 0.321852 0.138176
vt 0.321889 0.931457
vt 0.322110 0.621556
vt 0.322141 0.510900
vt 0.322157 0.744788
vt 0.322523 0.741156
vt 0.322555 0.798938
vt 0.323087 0.400578
vt 0.323224 0.499968
vt 0.323308 0.256250
vt 0.323389 0.676418
vt 0.323471 0.273375
vt 0.323608 0.198458
vt 0.323696 0.558474
vt 0.323780 0.209420
vt 0.324076 0.460114
vt 0.324150 0.519585
vt 0.324233 0.234221
vt 0.324459 0.184424
vt 0.324878 0.588563
vt 0.324893 0.367093
vt 0.325222 0.170873
vt 0.325257 0.684663
vt 0.325298 0.662204
vt 0.325309 0.450989
vt 0.325352 0.632795
vt 0.325570 0.851334
vt 0.325679 0.387845
vt 0.325714 0.969068
vt 0.325847 0.812952
vt 0.325934 0.749206
vt 0.325944 0.410626
vt 0.325988 0.990183
vt 0.326143 0.951017
vt 0.326169 0.698059
vt 0.326209 0.654923
vt 0.326212 0.596077
vt 0.326233 0.926005
vt 0.326328 0.571802
vt 0.326478 0.936522
vt 0.326592 0.466323
vt 0.326630 0.534509
vt 0.326685 0.342593
vt 0.326863 0.241845
vt 0.326991 0.711179
vt 0.327086 0.762668
vt 0.327231 0.494775
vt 0.327544 0.705158
vt 0.327605 0.922794
vt 0.327737 0.552979
vt 0.327864 0.246314
vt 0.327888 0.724869
vt 0.327897 0.600812
vt 0.328533 0.645100
vt 0.328731 0.543554
vt 0.328837 0.580919
vt 0.328902 0.279942
vt 0.329059 0.155622
vt 0.329152 0.609698
vt 0.329181 0.252940
vt 0.329365 0.915848
vt 0.329409 0.359718
vt 0.329448 0.942857
vt 0.329632 0.931112
vt 0.329721 0.376057
vt 0.329887 0.717906
vt 0.330044 0.425590
vt 0.330076 0.525672
vt 0.330107 0.301205
vt 0.330134 0.399168
vt 0.330350 0.561150
vt 0.330368 0.288404
vt 0.330490 0.668493
vt 0.330532 0.243476
vt 0.330957 0.332203
vt 0.331053 0.623405
vt 0.331245 0.505341
vt 0.331331 0.782145
vt 0.331487 0.262284
vt 0.331872 0.691079
vt 0.331986 0.219648
vt 0.332012 0.638464
vt 0.332098 0.632200
vt 0.332179 0.730079
vt 0.332429 0.462643
vt 0.332603 0.498287
vt 0.332644 0.213397
vt 0.332691 0.240756
vt 0.332835 0.436527
vt 0.332884 0.350662
vt 0.332938 0.826897
vt 0.332962 0.491096
vt 0.333006 0.925167
vt 0.333006 0.679662
vt 0.333277 0.470178
vt 0.333480 0.164920
vt 0.333678 0.906855
vt 0.333688 0.661107
vt 0.333717 0.403861
vt 0.333748 0.245453
vt 0.333877 0.738656
vt 0.333893 0.984153
vt 0.334025 0.203217
vt 0.334110 0.273637
vt 0.334180 0.256109
vt 0.334250 0.316485
vt 0.334269 0.369197
vt 0.334365 0.975998
vt 0.334465 0.654152
vt 0.334567 0.937433
vt 0.334608 0.176267
vt 0.334756 0.225949
vt 0.334864 0.949433
vt 0.334924 0.674273
vt 0.334990 0.684155
vt 0.335333 0.341565
vt 0.335401 0.514546
vt 0.335438 0.551131
vt 0.335483 0.282203
vt 0.335713 0.592861
vt 0.335809 0.233332
vt 0.335858 0.258013
vt 0.335983 0.140002
vt 0.336068 0.959196
vt 0.336312 0.931955
vt 0.336598 0.805119
vt 0.336815 0.251973
vt 0.336842 0.724425
vt 0.336993 0.480436
vt 0.337050 0.635257
vt 0.337352 0.155928
vt 0.337478 0.296168
vt 0.337494 0.747949
vt 0.337581 0.969956
vt 0.337630 0.699229
vt 0.337762 0.533915
vt 0.337984 0.709234
vt 0.338087 0.756729
vt 0.338167 0.573246
vt 0.338309 0.941985
vt 0.338365 0.148900
vt 0.338390 0.617254
vt 0.338390 0.627845
vt 0.338510 0.990775
vt 0.338796 0.642333
vt 0.338926 0.542586
vt 0.338949 0.418045
vt 0.339092 0.559093
vt 0.339123 0.649979
vt 0.339426 0.838772
vt 0.339719 0.245373
vt 0.339743 0.465030
vt 0.339826 0.187380
vt 0.340134 0.926662
vt 0.340155 0.395414
vt 0.340462 0.494859
vt 0.340594 0.337060
vt 0.340599 0.159108
vt 0.340605 0.217640
vt 0.340688 0.278160
vt 0.340691 0.972804
vt 0.340757 0.936056
vt 0.341257 0.950372
vt 0.341280 0.289133
vt 0.341357 0.731284
vt 0.341505 0.906011
vt 0.341655 0.605252
vt 0.342148 0.265224
vt 0.342421 0.686306
vt 0.342599 0.917715
vt 0.342606 0.717684
vt 0.342702 0.667550
vt 0.342735 0.503628
vt 0.342769 0.657137
vt 0.342935 0.380694
vt 0.343016 0.770804
vt 0.343306 0.488504
vt 0.343654 0.691972
vt 0.343719 0.523014
vt 0.343757 0.150648
vt 0.344099 0.744665
vt 0.344389 0.362423
vt 0.344504 0.167919
vt 0.344579 0.678300
vt 0.344810 0.996048
vt 0.345051 0.581230
vt 0.345361 0.901304
vt 0.345448 0.597111
vt 0.345593 0.980738
vt 0.345608 0.622921
vt 0.346198 0.549692
vt 0.346320 0.929249
vt 0.346481 0.572858
vt 0.346491 0.562777
vt 0.346732 0.345562
vt 0.346739 0.634478
vt 0.346770 0.467722
vt 0.346799 0.725368
vt 0.347267 0.306782
vt 0.347275 0.967692
vt 0.347456 0.161071
vt 0.347524 0.937915
vt 0.347564 0.328397
vt 0.347835 0.177471
vt 0.347927 0.946257
vt 0.348221 0.590287
vt 0.348254 0.752575
vt 0.348818 0.762073
vt 0.349129 0.539037
vt 0.349130 0.238073
vt 0.349130 0.398685
vt 0.349130 0.391969
vt 0.349172 0.362565
vt 0.349180 0.696088
vt 0.349255 0.350482
vt 0.349255 0.613068
vt 0.349263 0.373964
vt 0.349487 0.990423
vt 0.349498 0.218513
vt 0.349565 0.703690
vt 0.349764 0.730313
vt 0.349845 0.406693
vt 0.349906 0.825156
vt 0.350030 0.382846
vt 0.350051 0.906348
vt 0.350080 0.167459
vt 0.350328 0.738103
vt 0.350411 0.648633
vt 0.350733 0.712058
vt 0.351285 0.556214
vt 0.351403 0.852024
vt 0.351450 0.494340
vt 0.351451 0.195661
vt 0.351460 0.955666
vt 0.351490 0.323281
vt 0.351906 0.898496
vt 0.351913 0.529933
vt 0.352045 0.746225
vt 0.352228 0.335610
vt 0.352230 0.568772
vt 0.352636 0.512178
vt 0.352776 0.660533
vt 0.352794 0.250033
vt 0.353006 0.922048
vt 0.353272 0.795150
vt 0.353481 0.561882
vt 0.353506 0.473333
vt 0.353598 0.599654
vt 0.353730 0.306964
vt 0.353764 0.551229
vt 0.353777 0.719443
vt 0.353814 0.329777
vt 0.353949 0.502355
vt 0.353951 0.913944
vt 0.354311 0.399044
vt 0.354845 0.317361
vt 0.355050 0.578132
vt 0.355264 0.344034
vt 0.355342 0.669508
vt 0.355502 0.945295
vt 0.356283 0.414046
vt 0.356598 0.522077
vt 0.356655 0.258359
vt 0.356841 0.890986
vt 0.356849 0.751730
vt 0.357139 0.325387
vt 0.357173 0.481329
vt 0.357273 0.755580
vt 0.357363 0.623653
vt 0.357396 0.986228
vt 0.357648 0.380542
vt 0.357819 0.588192
vt 0.357897 0.393863
vt 0.358218 0.284011
vt 0.358333 0.686358
vt 0.358440 0.761527
vt 0.358612 0.774075
vt 0.358679 0.676529
vt 0.358878 0.452005
vt 0.359278 0.357906
vt 0.359298 0.997914
vt 0.359509 0.312813
vt 0.359708 0.535811
vt 0.359842 0.497322
vt 0.360067 0.714327
vt 0.360215 0.728288
vt 0.360303 0.610089
vt 0.360339 0.334366
vt 0.360483 0.697803
vt 0.360539 0.655176
vt 0.360575 0.908368
vt 0.360677 0.278046
vt 0.360798 0.556479
vt 0.360804 0.461915
vt 0.360830 0.963710
vt 0.360892 0.350143
vt 0.360930 0.931534
vt 0.360974 0.404400
vt 0.361017 0.567340
vt 0.361100 0.389062
vt 0.361611 0.900694
vt 0.361749 0.648526
vt 0.361878 0.297453
vt 0.361888 0.637555
vt 0.362075 0.974121
vt 0.362162 0.545509
vt 0.362375 0.503835
vt 0.362406 0.372806
vt 0.362418 0.747505
vt 0.362419 0.322847
vt 0.362584 0.719650
vt 0.362673 0.950347
vt 0.362769 0.629401
vt 0.363044 0.581664
vt 0.363164 0.738760
vt 0.363182 0.671417
vt 0.363289 0.270531
vt 0.363330 0.707302
vt 0.363357 0.396467
vt 0.363740 0.887986
vt 0.364016 0.956308
vt 0.364288 0.894027
vt 0.364329 0.575026
vt 0.364649 0.916247
vt 0.364901 0.498987
vt 0.364948 0.416809
vt 0.364987 0.344873
vt 0.365055 0.600767
vt 0.365094 0.470040
vt 0.365125 0.663107
vt 0.365386 0.676886
vt 0.365676 0.154700
vt 0.366148 0.943196
vt 0.366162 0.757362
vt 0.366227 0.310168
vt 0.366338 0.646510
vt 0.366397 0.517392
vt 0.366629 0.589661
vt 0.366836 0.319010
vt 0.367028 0.838311
vt 0.367353 0.421661
vt 0.367355 0.387184
vt 0.367605 0.232320
vt 0.368265 0.616158
vt 0.368293 0.489747
vt 0.368484 0.508439
vt 0.368561 0.281729
vt 0.368565 0.537694
vt 0.368603 0.397999
vt 0.368721 0.966821
vt 0.368954 0.353003
vt 0.369099 0.721729
vt 0.369181 0.362476
vt 0.369365 0.714740
vt 0.369587 0.528428
vt 0.369637 0.606824
vt 0.369979 0.626859
vt 0.370110 0.570074
vt 0.370119 0.328406
vt 0.370286 0.894842
vt 0.370404 0.413690
vt 0.370517 0.984195
vt 0.370650 0.291437
vt 0.370651 0.653154
vt 0.370699 0.601546
vt 0.370728 0.882308
vt 0.370760 0.904578
vt 0.371005 0.678268
vt 0.371119 0.311042
vt 0.371234 0.554232
vt 0.371334 0.670638
vt 0.371372 0.700792
vt 0.371523 0.339426
vt 0.371823 0.644021
vt 0.371877 0.693259
vt 0.371896 0.405829
vt 0.371904 0.430402
vt 0.371944 0.744863
vt 0.371965 0.542497
vt 0.371973 0.771119
vt 0.372075 0.960260
vt 0.372315 0.303353
vt 0.372345 0.563466
vt 0.372797 0.377728
vt 0.372814 0.636769
vt 0.372878 0.576962
vt 0.373016 0.317891
vt 0.373030 0.911381
vt 0.373060 0.348134
vt 0.373304 0.371325
vt 0.373784 0.737277
vt 0.373954 0.595482
vt 0.374175 0.727879
vt 0.374212 0.852148
vt 0.374387 0.268459
vt 0.374822 0.871430
vt 0.374869 0.569665
vt 0.374935 0.993396
vt 0.375058 0.618707
vt 0.375173 0.918167
vt 0.375221 0.310448
vt 0.375370 0.818538
vt 0.375422 0.498429
vt 0.375641 0.365606
vt 0.375684 0.386407
vt 0.375741 0.602006
vt 0.375936 0.246608
vt 0.376110 0.519767
vt 0.376114 0.403565
vt 0.376136 0.512219
vt 0.376181 0.294234
vt 0.376224 0.662852
vt 0.376264 0.506257
vt 0.376830 0.397069
vt 0.377138 0.327078
vt 0.377221 0.791582
vt 0.377271 0.257989
vt 0.377376 0.474268
vt 0.377526 0.753475
vt 0.377555 0.683169
vt 0.377719 0.932606
vt 0.377912 0.358166
vt 0.377936 0.986903
vt 0.378033 0.286235
vt 0.378062 0.428183
vt 0.378130 0.336367
vt 0.378240 0.949529
vt 0.378531 0.460548
vt 0.378599 0.345877
vt 0.378710 0.648655
vt 0.378766 0.549199
vt 0.379066 0.584620
vt 0.379364 0.733354
vt 0.379569 0.275933
vt 0.379592 0.718862
vt 0.379772 0.318059
vt 0.379879 0.539112
vt 0.379907 0.672241
vt 0.379934 0.641317
vt 0.379943 0.764719
vt 0.380148 0.404390
vt 0.380211 0.895545
vt 0.380275 0.968827
vt 0.380542 0.558713
vt 0.380568 0.301695
vt 0.380748 0.311656
vt 0.380834 0.632821
vt 0.380891 0.697646
vt 0.381143 0.611049
vt 0.381207 0.412818
vt 0.381230 0.707302
vt 0.381368 0.981264
vt 0.381654 0.380870
vt 0.381791 0.332641
vt 0.382388 0.369683
vt 0.382529 0.838545
vt 0.382688 0.623159
vt 0.382775 0.569761
vt 0.382828 0.655151
vt 0.382831 0.396847
vt 0.383098 0.958284
vt 0.383340 0.326160
vt 0.383582 0.292378
vt 0.383982 0.236304
vt 0.384223 0.690783
vt 0.384391 0.404767
vt 0.384408 0.524565
vt 0.384615 0.745637
vt 0.384817 0.223208
vt 0.384857 0.423764
vt 0.384890 0.904742
vt 0.385300 0.353070
vt 0.385357 0.532277
vt 0.385472 0.253965
vt 0.385670 0.515470
vt 0.385716 0.677439
vt 0.385895 0.736962
vt 0.385955 0.868421
vt 0.386111 0.392426
vt 0.386135 0.342222
vt 0.386235 0.506037
vt 0.386467 0.595785
vt 0.386468 0.266999
vt 0.386470 0.316441
vt 0.386496 0.332337
vt 0.386509 0.243796
vt 0.386514 0.892504
vt 0.386762 0.484723
vt 0.386775 0.727189
vt 0.386847 0.663924
vt 0.386986 0.435022
vt 0.387172 0.307284
vt 0.387319 0.778617
vt 0.387324 0.646951
vt 0.387402 0.807675
vt 0.387643 0.363083
vt 0.387700 0.639593
vt 0.387862 0.473510
vt 0.387910 0.211956
vt 0.387981 0.299278
vt 0.387984 0.881809
vt 0.388060 0.976409
vt 0.388064 0.989763
vt 0.388141 0.753347
vt 0.388243 0.282003
vt 0.388289 0.760419
vt 0.388454 0.938152
vt 0.388520 0.671384
vt 0.388899 0.916978
vt 0.388960 0.402244
vt 0.389235 0.684147
vt 0.389352 0.325506
vt 0.389663 0.617175
vt 0.389933 0.580420
vt 0.389992 0.294452
vt 0.390027 0.338220
vt 0.390051 0.828220
vt 0.390351 0.237616
vt 0.390856 0.460709
vt 0.390886 0.623477
vt 0.390940 0.559130
vt 0.390956 0.768668
vt 0.391139 0.389111
vt 0.391350 0.791707
vt 0.391408 0.800193
vt 0.391536 0.351563
vt 0.391604 0.371035
vt 0.391651 0.303885
vt 0.391704 0.893500
vt 0.391759 0.630760
vt 0.391801 0.358057
vt 0.391937 0.900413
vt 0.391983 0.696376
vt 0.391991 0.416497
vt 0.392095 0.689627
vt 0.392125 0.187417
vt 0.392194 0.446357
vt 0.392237 0.953241
vt 0.392241 0.547978
vt 0.392258 0.230139
vt 0.392364 0.851917
vt 0.392407 0.257505
vt 0.392486 0.380523
vt 0.392839 0.538628
vt 0.392847 0.962039
vt 0.392993 0.311066
vt 0.393166 0.333047
vt 0.393180 0.969763
vt 0.393184 0.945202
vt 0.393628 0.676573
vt 0.393678 0.520767
vt 0.393684 0.818273
vt 0.393763 0.919023
vt 0.393833 0.926652
vt 0.393897 0.904897
vt 0.393942 0.494664
vt 0.393947 0.250161
vt 0.393959 0.326011
vt 0.394421 0.655712
vt 0.394497 0.274723
vt 0.394564 0.200322
vt 0.394613 0.319593
vt 0.394703 0.570232
vt 0.394872 0.343909
vt 0.394968 0.511980
vt 0.394987 0.241227
vt 0.395106 0.756483
vt 0.395229 0.715387
vt 0.395483 0.837762
vt 0.395635 0.366006
vt 0.395759 0.265785
vt 0.395824 0.215416
vt 0.395874 0.401644
vt 0.395940 0.742069
vt 0.395950 0.282171
vt 0.396063 0.896743
vt 0.396066 0.171122
vt 0.396120 0.587621
vt 0.396172 0.750126
vt 0.396234 0.910248
vt 0.396518 0.704903
vt 0.396519 0.733401
vt 0.396523 0.290333
vt 0.396533 0.877105
vt 0.396852 0.191833
vt 0.396901 0.503587
vt 0.397018 0.667167
vt 0.397179 0.763900
vt 0.397285 0.871015
vt 0.397353 0.474257
vt 0.397353 0.300573
vt 0.397444 0.644099
vt 0.398208 0.234585
vt 0.398383 0.596156
vt 0.398501 0.622729
vt 0.398558 0.978937
vt 0.398921 0.890414
vt 0.398938 0.310248
vt 0.399010 0.565221
vt 0.399022 0.179479
vt 0.399033 0.724199
vt 0.399084 0.608586
vt 0.399163 0.809023
vt 0.399174 0.916408
vt 0.399196 0.788185
vt 0.399199 0.538019
vt 0.399275 0.391140
vt 0.399376 0.531119
vt 0.399401 0.430944
vt 0.399424 0.579103
vt 0.399599 0.358236
vt 0.399607 0.686692
vt 0.399781 0.327986
vt 0.399834 0.338202
vt 0.399965 0.798873
vt 0.400315 0.385045
vt 0.400375 0.254551
vt 0.400890 0.880038
vt 0.401056 0.227283
vt 0.401636 0.901823
vt 0.401695 0.128107
vt 0.401761 0.377085
vt 0.401866 0.318564
vt 0.401959 0.414311
vt 0.402056 0.368598
vt 0.402110 0.676422
vt 0.402249 0.958884
vt 0.402561 0.698083
vt 0.402593 0.543475
vt 0.402766 0.276570
vt 0.402826 0.185628
vt 0.402916 0.713587
vt 0.402963 0.442882
vt 0.403065 0.937183
vt 0.403129 0.844572
vt 0.403183 0.558569
vt 0.403231 0.287717
vt 0.403384 0.240580
vt 0.403453 0.569470
vt 0.403477 0.518522
vt 0.403540 0.828445
vt 0.403588 0.737228
vt 0.403651 0.776423
vt 0.403716 0.968793
vt 0.403747 0.991202
vt 0.403902 0.296789
vt 0.403965 0.865757
vt 0.404057 0.508907
vt 0.404140 0.265725
vt 0.404337 0.464231
vt 0.404457 0.169177
vt 0.404622 0.756380
vt 0.404959 0.924403
vt 0.405177 0.949411
vt 0.405187 0.481050
vt 0.405209 0.661698
vt 0.405316 0.653659
vt 0.405330 0.836264
vt 0.405578 0.716688
vt 0.405634 0.722944
vt 0.405675 0.206404
vt 0.405701 0.498125
vt 0.405721 0.155641
vt 0.405729 0.600395
vt 0.406038 0.633757
vt 0.406042 0.346965
vt 0.406472 0.745168
vt 0.406594 0.859363
vt 0.406643 0.728719
vt 0.406754 0.138930
vt 0.406863 0.309841
vt 0.406945 0.788265
vt 0.406954 0.765312
vt 0.406996 0.707398
vt 0.407003 0.366971
vt 0.407108 0.873030
vt 0.407121 0.589335
vt 0.407195 0.216335
vt 0.407371 0.374097
vt 0.407674 0.334963
vt 0.407746 0.817602
vt 0.407995 0.577771
vt 0.408080 0.605432
vt 0.408152 0.796829
vt 0.408153 0.432880
vt 0.408337 0.670666
vt 0.408343 0.405359
vt 0.408500 0.646076
vt 0.408502 0.565694
vt 0.408693 0.391116
vt 0.408854 0.895397
vt 0.408927 0.323997
vt 0.409130 0.293944
vt 0.409616 0.229428
vt 0.409907 0.720984
vt 0.409941 0.286847
vt 0.410047 0.681058
vt 0.410117 0.258132
vt 0.410192 0.420200
vt 0.410205 0.197499
vt 0.410251 0.884889
vt 0.410262 0.659449
vt 0.410531 0.958350
vt 0.410543 0.865738
vt 0.410578 0.186194
vt 0.410843 0.980437
vt 0.411053 0.620891
vt 0.411185 0.965296
vt 0.411315 0.360741
vt 0.411382 0.852371
vt 0.411494 0.301917
vt 0.411539 0.807378
vt 0.411545 0.372983
vt 0.411611 0.367878
vt 0.411790 0.610737
vt 0.411827 0.736304
vt 0.411834 0.833687
vt 0.411862 0.275783
vt 0.411947 0.308929
vt 0.411970 0.174294
vt 0.412284 0.693965
vt 0.412318 0.116383
vt 0.412542 0.840987
vt 0.412598 0.935879
vt 0.412691 0.996147
vt 0.412793 0.571309
vt 0.413039 0.928626
vt 0.413085 0.244411
vt 0.413132 0.793719
vt 0.413147 0.664174
vt 0.413243 0.552081
vt 0.413322 0.442653
vt 0.413548 0.911328
vt 0.413658 0.989335
vt 0.413905 0.144855
vt 0.414009 0.497875
vt 0.414038 0.315218
vt 0.414075 0.787290
vt 0.414091 0.341431
vt 0.414239 0.891338
vt 0.414332 0.527195
vt 0.414407 0.428931
vt 0.414502 0.092436
vt 0.414741 0.157415
vt 0.414810 0.770659
vt 0.414868 0.870178
vt 0.415128 0.714172
vt 0.415145 0.296823
vt 0.415192 0.307992
vt 0.415233 0.751622
vt 0.415272 0.941674
vt 0.415307 0.859381
vt 0.415482 0.561866
vt 0.415622 0.382425
vt 0.415624 0.482679
vt 0.415682 0.541252
vt 0.415776 0.669595
vt 0.415818 0.165953
vt 0.415832 0.601401
vt 0.415852 0.656213
vt 0.416152 0.209044
vt 0.416247 0.973135
vt 0.416258 0.512779
vt 0.416530 0.760643
vt 0.416616 0.779152
vt 0.416718 0.269233
vt 0.416779 0.160004
vt 0.416846 0.675711
vt 0.416855 0.960991
vt 0.416863 0.350199
vt 0.417159 0.467279
vt 0.417423 0.742015
vt 0.417453 0.631126
vt 0.417573 0.220766
vt 0.417579 0.393330
vt 0.417616 0.875763
vt 0.417780 0.045545
vt 0.417821 0.642995
vt 0.417879 0.135581
vt 0.417968 0.331160
vt 0.418012 0.320856
vt 0.418020 0.371299
vt 0.418205 0.400794
vt 0.418240 0.952202
vt 0.418267 0.827319
vt 0.418551 0.724241
vt 0.418577 0.870202
vt 0.418626 0.987478
vt 0.418776 0.259085
vt 0.418803 0.581370
vt 0.418832 0.966234
vt 0.418904 0.684900
vt 0.418986 0.981344
vt 0.418990 0.421553
vt 0.418996 0.591508
vt 0.419046 0.866525
vt 0.419442 0.896572
vt 0.419489 0.288954
vt 0.419590 0.801353
vt 0.419608 0.232951
vt 0.419611 0.734212
vt 0.419615 0.277438
vt 0.419684 0.785903
vt 0.419698 0.702816
vt 0.419863 0.121505
vt 0.419868 0.935564
vt 0.419988 0.490860
vt 0.420217 0.412005
vt 0.420253 0.886610
vt 0.420295 0.794805
vt 0.420319 0.668847
vt 0.420367 0.186441
vt 0.420517 0.836464
vt 0.420652 0.177127
vt 0.420670 0.446832
vt 0.420701 0.995029
vt 0.420730 0.313462
vt 0.420825 0.303606
vt 0.421035 0.549889
vt 0.421132 0.523896
vt 0.421166 0.197783
vt 0.421326 0.754336
vt 0.421338 0.166351
vt 0.421463 0.926341
vt 0.421582 0.817196
vt 0.421604 0.555082
vt 0.421811 0.113776
vt 0.421818 0.844472
vt 0.421860 0.145669
vt 0.422279 0.428582
vt 0.422305 0.625610
vt 0.422317 0.502354
vt 0.422739 0.247891
vt 0.422966 0.614315
vt 0.423043 0.360803
vt 0.423065 0.341030
vt 0.423164 0.859193
vt 0.423540 0.978845
vt 0.423571 0.961475
vt 0.423663 0.677945
vt 0.423752 0.597067
vt 0.423778 0.225530
vt 0.423783 0.765492
vt 0.423838 0.437501
vt 0.423840 0.570058
vt 0.423874 0.869865
vt 0.423915 0.692213
vt 0.423920 0.378676
vt 0.424028 0.018907
vt 0.424257 0.155334
vt 0.424370 0.217665
vt 0.424528 0.283068
vt 0.424712 0.652187
vt 0.424780 0.809426
vt 0.424820 0.271101
vt 0.424898 0.773674
vt 0.425219 0.790879
vt 0.425238 0.782473
vt 0.425264 0.127535
vt 0.425326 0.451249
vt 0.425408 0.661967
vt 0.425430 0.933446
vt 0.425517 0.180216
vt 0.425538 0.729802
vt 0.425541 0.114910
vt 0.425737 0.898178
vt 0.425807 0.238674
vt 0.425834 0.208902
vt 0.426067 0.644067
vt 0.426110 0.737360
vt 0.426138 0.309241
vt 0.426161 0.120489
vt 0.426486 0.260894
vt 0.426561 0.746385
vt 0.426592 0.320895
vt 0.426641 0.683918
vt 0.426644 0.202271
vt 0.426663 0.522530
vt 0.426716 0.395747
vt 0.426817 0.970831
vt 0.427057 0.917248
vt 0.427107 0.986876
vt 0.427152 0.635955
vt 0.427159 0.223593
vt 0.427220 0.300605
vt 0.427362 0.351482
vt 0.427370 0.905774
vt 0.427432 0.443666
vt 0.427550 0.290571
vt 0.427581 0.942174
vt 0.427651 0.798102
vt 0.427714 0.418823
vt 0.427775 0.710726
vt 0.427793 0.517672
vt 0.428111 0.230413
vt 0.428471 0.560491
vt 0.428499 0.172027
vt 0.428769 0.132736
vt 0.428798 0.953974
vt 0.428844 0.431101
vt 0.428936 0.187752
vt 0.428985 0.412296
vt 0.429063 0.933558
vt 0.429085 0.604526
vt 0.429223 0.928421
vt 0.429304 0.137769
vt 0.429352 0.642522
vt 0.429475 0.548648
vt 0.429762 0.080677
vt 0.429792 0.532755
vt 0.429844 0.332207
vt 0.429878 0.458311
vt 0.429890 0.406706
vt 0.429943 0.893608
vt 0.429974 0.511821
vt 0.429977 0.496413
vt 0.429999 0.673073
vt 0.430186 0.877734
vt 0.430263 0.163755
vt 0.430359 0.979199
vt 0.430625 0.698736
vt 0.430770 0.504208
vt 0.430866 0.591410
vt 0.430917 0.244489
vt 0.430934 0.373442
vt 0.430972 0.197620
vt 0.431035 0.625109
vt 0.431140 0.756799
vt 0.431167 0.174961
vt 0.431210 0.115289
vt 0.431330 0.852330
vt 0.431430 0.145316
vt 0.431433 0.648036
vt 0.431454 0.154308
vt 0.431615 0.254359
vt 0.431677 0.823879
vt 0.431810 0.223814
vt 0.431901 0.386598
vt 0.431926 0.236953
vt 0.432038 0.427513
vt 0.432130 0.437655
vt 0.432208 0.578602
vt 0.432302 0.913864
vt 0.432306 0.804908
vt 0.432435 0.721564
vt 0.433007 0.729965
vt 0.433081 0.283273
vt 0.433232 0.205753
vt 0.433233 0.448344
vt 0.433452 0.836835
vt 0.433491 0.295900
vt 0.433499 0.963385
vt 0.433590 0.177738
vt 0.433591 0.092097
vt 0.433670 0.455654
vt 0.433731 0.413757
vt 0.433773 0.861122
vt 0.433821 0.767439
vt 0.433865 0.343340
vt 0.434202 0.127394
vt 0.434260 0.641676
vt 0.434346 0.361508
vt 0.434465 0.776392
vt 0.434631 0.103661
vt 0.434687 0.975642
vt 0.434828 0.931554
vt 0.434847 0.309853
vt 0.434940 0.785708
vt 0.434940 0.658664
vt 0.434940 0.999926
vt 0.435002 0.183595
vt 0.435059 0.909690
vt 0.435094 0.616916
vt 0.435109 0.919713
vt 0.435371 0.231222
vt 0.435430 0.568249
vt 0.435461 0.351982
vt 0.435692 0.686423
vt 0.435769 0.736341
vt 0.435802 0.177821
vt 0.435966 0.970840
vt 0.436072 0.948006
vt 0.436126 0.215248
vt 0.436209 0.813960
vt 0.436546 0.192890
vt 0.436572 0.165378
vt 0.436816 0.955521
vt 0.436911 0.257120
vt 0.436965 0.135219
vt 0.437039 0.608620
vt 0.437046 0.267210
vt 0.437183 0.507680
vt 0.437424 0.240661
vt 0.437579 0.250126
vt 0.437580 0.395711
vt 0.437594 0.914126
vt 0.437643 0.695183
vt 0.437645 0.903742
vt 0.437768 0.335091
vt 0.437877 0.076957
vt 0.437901 0.870042
vt 0.437903 0.501057
vt 0.437916 0.633960
vt 0.437995 0.701664
vt 0.438106 0.886804
vt 0.438212 0.625890
vt 0.438343 0.795265
vt 0.438433 0.523043
vt 0.438445 0.402116
vt 0.438676 0.186720
vt 0.438792 0.468537
vt 0.438918 0.201640
vt 0.438937 0.421784
vt 0.438998 0.324142
vt 0.439048 0.602475
vt 0.439102 0.983876
vt 0.439134 0.369535
vt 0.439284 0.222517
vt 0.439385 0.540594
vt 0.439418 0.147291
vt 0.439478 0.711104
vt 0.439572 0.744173
vt 0.439603 0.083248
vt 0.439817 0.910329
vt 0.439868 0.939177
vt 0.439875 0.180212
vt 0.439906 0.228187
vt 0.440029 0.445320
vt 0.440301 0.155040
vt 0.440527 0.646213
vt 0.440591 0.290983
vt 0.440681 0.172052
vt 0.440692 0.433841
vt 0.440854 0.116032
vt 0.440968 0.967093
vt 0.441013 0.547484
vt 0.441117 0.923290
vt 0.441169 0.556626
vt 0.441237 0.718073
vt 0.441308 0.215622
vt 0.441324 0.357853
vt 0.441347 0.586138
vt 0.441382 0.375729
vt 0.441591 0.780608
vt 0.441675 0.760180
vt 0.441786 0.671216
vt 0.441819 0.234354
vt 0.441962 0.895776
vt 0.442023 0.929526
vt 0.442071 0.457523
vt 0.442138 0.192220
vt 0.442322 0.350460
vt 0.442373 0.256028
vt 0.442448 0.210408
vt 0.442488 0.364623
vt 0.442616 0.959583
vt 0.442676 0.383995
vt 0.442987 0.412178
vt 0.443375 0.515063
vt 0.443387 0.341579
vt 0.443427 0.301545
vt 0.443514 0.576340
vt 0.443553 0.127259
vt 0.443620 0.660925
vt 0.443656 0.877910
vt 0.443668 0.787066
vt 0.443674 0.725825
vt 0.443841 0.974869
vt 0.443880 0.915415
vt 0.444000 0.654906
vt 0.444037 0.245664
vt 0.444066 0.949686
vt 0.444224 0.594456
vt 0.444253 0.200567
vt 0.444276 0.392128
vt 0.444544 0.280825
vt 0.444722 0.226251
vt 0.444895 0.625441
vt 0.444913 0.333337
vt 0.445051 0.186021
vt 0.445189 0.612934
vt 0.445233 0.848773
vt 0.445263 0.751013
vt 0.445377 0.428436
vt 0.445552 0.108461
vt 0.445600 0.734249
vt 0.445608 0.703350
vt 0.445652 0.681891
vt 0.445678 0.405079
vt 0.445736 0.372009
vt 0.445756 0.312941
vt 0.445904 0.933726
vt 0.445911 0.361713
vt 0.446031 0.087370
vt 0.446083 0.161162
vt 0.446102 0.219600
vt 0.446233 0.803150
vt 0.446310 0.887894
vt 0.446390 0.927891
vt 0.446459 0.509774
vt 0.446599 0.542703
vt 0.446731 0.824622
vt 0.446742 0.400004
vt 0.446792 0.868771
vt 0.446848 0.692339
vt 0.446981 0.905573
vt 0.447013 0.567202
vt 0.447019 0.463393
vt 0.447073 0.177464
vt 0.447081 0.137257
vt 0.447195 0.729794
vt 0.447210 0.770043
vt 0.447223 0.379146
vt 0.447345 0.240003
vt 0.447526 0.442459
vt 0.447539 0.357585
vt 0.447619 0.590042
vt 0.447724 0.548709
vt 0.447759 0.922356
vt 0.448010 0.526422
vt 0.448057 0.451334
vt 0.448104 0.941736
vt 0.448145 0.271565
vt 0.448177 0.423265
vt 0.448295 0.993697
vt 0.448394 0.836960
vt 0.448418 0.262553
vt 0.448438 0.982419
vt 0.448573 0.434949
vt 0.448694 0.663285
vt 0.448765 0.461383
vt 0.448848 0.712040
vt 0.448904 0.553392
vt 0.448941 0.073983
vt 0.448966 0.223745
vt 0.449059 0.146125
vt 0.449098 0.657965
vt 0.449274 0.967180
vt 0.449428 0.533684
vt 0.449445 0.306311
vt 0.449478 0.194607
vt 0.449537 0.503066
vt 0.449569 0.233245
vt 0.449730 0.390136
vt 0.449757 0.203024
vt 0.449877 0.365875
vt 0.449963 0.253393
vt 0.449976 0.292230
vt 0.449994 0.152646
vt 0.450053 0.781062
vt 0.450054 0.602994
vt 0.450055 0.584051
vt 0.450338 0.246157
vt 0.450371 0.168250
vt 0.450442 0.429800
vt 0.450513 0.097665
vt 0.450576 0.301393
vt 0.450810 0.649988
vt 0.450816 0.927506
vt 0.451005 0.514794
vt 0.451090 0.469698
vt 0.451246 0.458655
vt 0.451295 0.874086
vt 0.451314 0.895187
vt 0.451342 0.675504
vt 0.451424 0.728698
vt 0.451513 0.349935
vt 0.451699 0.385017
vt 0.451782 0.934800
vt 0.451803 0.559395
vt 0.451832 0.189212
vt 0.451904 0.637801
vt 0.451912 0.668165
vt 0.452189 0.339756
vt 0.452226 0.958422
vt 0.452325 0.882313
vt 0.452436 0.629091
vt 0.452521 0.575426
vt 0.452524 0.241739
vt 0.452643 0.811763
vt 0.452727 0.948902
vt 0.452870 0.758212
vt 0.453098 0.117560
vt 0.453296 0.888690
vt 0.453299 0.790403
vt 0.453351 0.622096
vt 0.453399 0.683521
vt 0.453400 0.739156
vt 0.453423 0.434372
vt 0.453436 0.720208
vt 0.453455 0.376108
vt 0.453478 0.441249
vt 0.453487 0.208736
vt 0.453495 0.127931
vt 0.453561 0.464910
vt 0.453757 0.542917
vt 0.453778 0.284737
vt 0.454036 0.419178
vt 0.454305 0.325622
vt 0.454314 0.521168
vt 0.454550 0.174247
vt 0.454614 0.448347
vt 0.454722 0.671920
vt 0.454751 0.182952
vt 0.454779 0.593107
vt 0.454861 0.922157
vt 0.455005 0.869820
vt 0.455024 0.408462
vt 0.455028 0.700703
vt 0.455065 0.749409
vt 0.455072 0.227468
vt 0.455112 0.912944
vt 0.455112 0.269419
vt 0.455185 0.216726
vt 0.455282 0.058308
vt 0.455378 0.249128
vt 0.455578 0.277316
vt 0.455580 0.566993
vt 0.456031 0.359936
vt 0.456084 0.200915
vt 0.456253 0.845762
vt 0.456306 0.612026
vt 0.456358 0.976645
vt 0.456569 0.109033
vt 0.456598 0.298308
vt 0.456687 0.953707
vt 0.456803 0.991899
vt 0.456879 0.087536
vt 0.456909 0.395640
vt 0.456946 0.237164
vt 0.456962 0.431218
vt 0.457020 0.986723
vt 0.457038 0.941956
vt 0.457133 0.456450
vt 0.457349 0.257469
vt 0.457424 0.369415
vt 0.457441 0.308067
vt 0.457451 0.244801
vt 0.457508 0.439909
vt 0.457607 0.551178
vt 0.457647 0.902557
vt 0.457699 0.157098
vt 0.457853 0.345741
vt 0.457869 0.690177
vt 0.458030 0.659448
vt 0.458058 0.878112
vt 0.458109 0.996274
vt 0.458126 0.264196
vt 0.458190 0.463840
vt 0.458492 0.206275
vt 0.458723 0.149023
vt 0.458896 0.211656
vt 0.459020 0.282987
vt 0.459208 0.416878
vt 0.459286 0.817898
vt 0.459385 0.475031
vt 0.459411 0.509686
vt 0.459646 0.583173
vt 0.459677 0.290151
vt 0.459707 0.799921
vt 0.459791 0.710818
vt 0.459820 0.627659
vt 0.459849 0.669554
vt 0.459883 0.950427
vt 0.459892 0.929804
vt 0.459921 0.439373
vt 0.460186 0.683732
vt 0.460297 0.678141
vt 0.460508 0.384887
vt 0.460514 0.251069
vt 0.460544 0.618627
vt 0.460583 0.193296
vt 0.460588 0.967049
vt 0.460596 0.870947
vt 0.460709 0.829546
vt 0.460759 0.776430
vt 0.460766 0.166096
vt 0.460781 0.375879
vt 0.460843 0.990434
vt 0.460926 0.444683
vt 0.461385 0.573002
vt 0.461679 0.744593
vt 0.461782 0.176059
vt 0.461898 0.723796
vt 0.461906 0.371403
vt 0.461962 0.016737
vt 0.462013 0.764710
vt 0.462173 0.646065
vt 0.462208 0.141788
vt 0.462399 0.203482
vt 0.462422 0.602072
vt 0.462571 0.561941
vt 0.462677 0.890417
vt 0.462728 0.133097
vt 0.462794 0.665384
vt 0.463004 0.413700
vt 0.463013 0.419057
vt 0.463299 0.216525
vt 0.463332 0.256143
vt 0.463423 0.365705
vt 0.463457 0.052287
vt 0.463548 0.686183
vt 0.463622 0.791312
vt 0.463625 0.425774
vt 0.463682 0.918301
vt 0.463843 0.298497
vt 0.464100 0.753340
vt 0.464143 0.957613
vt 0.464157 0.223540
vt 0.464204 0.453479
vt 0.464254 0.232813
vt 0.464335 0.340445
vt 0.464445 0.261458
vt 0.464714 0.540767
vt 0.464772 0.438062
vt 0.464781 0.353670
vt 0.464829 0.210612
vt 0.464970 0.945474
vt 0.465170 0.635404
vt 0.465191 0.184079
vt 0.465304 0.486788
vt 0.465382 0.372887
vt 0.465412 0.036889
vt 0.465437 0.150625
vt 0.465474 0.611316
vt 0.465480 0.995936
vt 0.465533 0.123737
vt 0.465582 0.463141
vt 0.465735 0.270925
vt 0.465780 0.105311
vt 0.466015 0.281787
vt 0.466120 0.316180
vt 0.466239 0.244241
vt 0.466316 0.950743
vt 0.466317 0.985570
vt 0.466457 0.590477
vt 0.466464 0.419124
vt 0.466873 0.845504
vt 0.466879 0.398490
vt 0.466892 0.697324
vt 0.467037 0.674498
vt 0.467097 0.808153
vt 0.467149 0.080502
vt 0.467160 0.390867
vt 0.467322 0.661794
vt 0.467375 0.346959
vt 0.467381 0.414331
vt 0.467516 0.255179
vt 0.467645 0.784137
vt 0.467721 0.160059
vt 0.467751 0.620257
vt 0.468038 0.735194
vt 0.468109 0.168888
vt 0.468317 0.875362
vt 0.468342 0.406882
vt 0.468358 0.527921
vt 0.468400 0.745300
vt 0.468441 0.627744
vt 0.468460 0.667877
vt 0.468716 0.446472
vt 0.468948 0.570230
vt 0.469051 0.113842
vt 0.469149 0.380140
vt 0.469199 0.836812
vt 0.469236 0.579631
vt 0.469270 0.362132
vt 0.469284 0.458338
vt 0.469362 0.276825
vt 0.469482 0.682971
vt 0.469537 0.776938
vt 0.469539 0.906440
vt 0.469606 0.552251
vt 0.469656 0.327044
vt 0.469737 0.976087
vt 0.470091 0.349973
vt 0.470173 0.712118
vt 0.470254 0.818843
vt 0.470379 0.346323
vt 0.470516 0.262891
vt 0.470544 0.433596
vt 0.470736 0.098038
vt 0.470750 0.280246
vt 0.470847 0.946495
vt 0.470893 0.604548
vt 0.470943 0.653805
vt 0.471114 0.597922
vt 0.471277 0.967070
vt 0.471315 0.237513
vt 0.471328 0.229893
vt 0.471339 0.925004
vt 0.471524 0.939032
vt 0.471533 0.291558
vt 0.471871 0.369185
vt 0.471911 0.461320
vt 0.471980 0.149127
vt 0.471984 0.538053
vt 0.472035 0.206222
vt 0.472037 0.917268
vt 0.472078 0.219369
vt 0.472121 0.417380
vt 0.472283 0.770586
vt 0.472312 0.896096
vt 0.472559 0.426762
vt 0.472643 0.952589
vt 0.472665 0.469247
vt 0.472722 0.342868
vt 0.472886 0.453332
vt 0.472898 0.793723
vt 0.472915 0.397576
vt 0.473078 0.441326
vt 0.473136 0.173836
vt 0.473357 0.132488
vt 0.473481 0.510653
vt 0.473605 0.352795
vt 0.473678 0.562745
vt 0.473689 0.275626
vt 0.473786 0.336439
vt 0.473820 0.250540
vt 0.473928 0.812358
vt 0.474045 0.611579
vt 0.474048 0.722913
vt 0.474052 0.631580
vt 0.474242 0.304171
vt 0.474291 0.585940
vt 0.474577 0.141579
vt 0.474657 0.191589
vt 0.474682 0.164809
vt 0.474702 0.348137
vt 0.474825 0.959371
vt 0.475016 0.760206
vt 0.475020 0.412991
vt 0.475035 0.741056
vt 0.475391 0.067301
vt 0.475394 0.682446
vt 0.475470 0.283084
vt 0.475494 0.674890
vt 0.475723 0.690498
vt 0.475796 0.573061
vt 0.475906 0.749781
vt 0.475920 0.448129
vt 0.475988 0.994204
vt 0.476276 0.258465
vt 0.476459 0.329830
vt 0.476474 0.236183
vt 0.476515 0.359195
vt 0.476715 0.592021
vt 0.476738 0.888187
vt 0.476950 0.621449
vt 0.477013 0.702463
vt 0.477067 0.460148
vt 0.477108 0.403111
vt 0.477133 0.243967
vt 0.477246 0.827894
vt 0.477265 0.581126
vt 0.477306 0.267675
vt 0.477360 0.417132
vt 0.477433 0.543759
vt 0.477733 0.000273
vt 0.477769 0.534147
vt 0.477927 0.022171
vt 0.477961 0.804317
vt 0.478006 0.376004
vt 0.478069 0.289039
vt 0.478070 0.074100
vt 0.478190 0.323923
vt 0.478238 0.157306
vt 0.478269 0.484637
vt 0.478559 0.641929
vt 0.478712 0.230346
vt 0.478786 0.315500
vt 0.478841 0.106194
vt 0.478911 0.430276
vt 0.479009 0.983813
vt 0.479149 0.388475
vt 0.479165 0.522725
vt 0.479190 0.662432
vt 0.479276 0.414170
vt 0.479429 0.921995
vt 0.479468 0.423913
vt 0.479583 0.409325
vt 0.479671 0.713720
vt 0.479725 0.436226
vt 0.479891 0.397441
vt 0.480035 0.367466
vt 0.480043 0.350571
vt 0.480131 0.651907
vt 0.480204 0.554435
vt 0.480212 0.874858
vt 0.480338 0.778896
vt 0.480366 0.946544
vt 0.480444 0.600082
vt 0.480523 0.089837
vt 0.480701 0.333845
vt 0.480742 0.216151
vt 0.480753 0.181925
vt 0.480928 0.897418
vt 0.481004 0.148404
vt 0.481016 0.342131
vt 0.481032 0.914060
vt 0.481053 0.275179
vt 0.481170 0.585172
vt 0.481186 0.683140
vt 0.481404 0.280870
vt 0.481463 0.095115
vt 0.481496 0.293635
vt 0.481566 0.253399
vt 0.481569 0.796780
vt 0.481625 0.444865
vt 0.481633 0.846214
vt 0.481701 0.814079
vt 0.481782 0.965371
vt 0.481784 0.224571
vt 0.482018 0.473817
vt 0.482144 0.477906
vt 0.482157 0.989866
vt 0.482243 0.721249
vt 0.482297 0.123715
vt 0.482387 0.731142
vt 0.482628 0.285756
vt 0.482695 0.954969
vt 0.482792 0.766775
vt 0.483445 0.976376
vt 0.483464 0.742873
vt 0.483471 0.327785
vt 0.483534 0.577012
vt 0.483579 0.239195
vt 0.483582 0.454525
vt 0.483691 0.247922
vt 0.483834 0.082480
vt 0.483868 0.566162
vt 0.483890 0.694400
vt 0.483892 0.905940
vt 0.484044 0.430979
vt 0.484160 0.628576
vt 0.484211 0.402527
vt 0.484240 0.059255
vt 0.484283 0.298691
vt 0.484510 0.920069
vt 0.484585 0.610398
vt 0.484704 0.483336
vt 0.484706 0.367130
vt 0.484972 0.371726
vt 0.485008 0.932071
vt 0.485024 0.379242
vt 0.485071 0.361648
vt 0.485074 0.113287
vt 0.485094 0.230939
vt 0.485156 0.133687
vt 0.485240 0.673576
vt 0.485307 0.279395
vt 0.485398 0.269957
vt 0.485411 0.547260
vt 0.485434 0.320871
vt 0.485605 0.941673
vt 0.485654 0.532076
vt 0.485658 0.705441
vt 0.485691 0.995462
vt 0.485724 0.591339
vt 0.485819 0.354103
vt 0.486046 0.169630
vt 0.486051 0.206730
vt 0.486067 0.656033
vt 0.486167 0.486965
vt 0.486261 0.790485
vt 0.486327 0.347122
vt 0.486381 0.539549
vt 0.486403 0.417685
vt 0.486711 0.288950
vt 0.486746 0.479033
vt 0.486793 0.143613
vt 0.486893 0.648751
vt 0.487091 0.087479
vt 0.487105 0.253275
vt 0.487184 0.465534
vt 0.487229 0.724191
vt 0.487306 0.426201
vt 0.487318 0.395405
vt 0.487436 0.989736
vt 0.487617 0.715821
vt 0.487710 0.911067
vt 0.487738 0.262242
vt 0.487897 0.442266
vt 0.488235 0.831329
vt 0.488304 0.189340
vt 0.488304 0.961729
vt 0.488424 0.821656
vt 0.488432 0.659777
vt 0.488485 0.924601
vt 0.488521 0.274911
vt 0.488574 0.523432
vt 0.488646 0.984658
vt 0.488812 0.283890
vt 0.488949 0.967683
vt 0.489021 0.154217
vt 0.489072 0.619448
vt 0.489189 0.333506
vt 0.489338 0.596039
vt 0.489458 0.436539
vt 0.489698 0.366456
vt 0.489970 0.899060
vt 0.490004 0.039506
vt 0.490057 0.448518
vt 0.490062 0.408897
vt 0.490073 0.683985
vt 0.490229 0.801127
vt 0.490257 0.555007
vt 0.490384 0.075325
vt 0.490584 0.293573
vt 0.490634 0.224300
vt 0.490759 0.601669
vt 0.491024 0.341856
vt 0.491058 0.583169
vt 0.491067 0.270303
vt 0.491086 0.303546
vt 0.491195 0.753664
vt 0.491282 0.374974
vt 0.491298 0.288184
vt 0.491628 0.246863
vt 0.491688 0.886757
vt 0.491719 0.237053
vt 0.491743 0.664687
vt 0.491789 0.279216
vt 0.491793 0.999985
vt 0.491842 0.090635
vt 0.491908 0.573892
vt 0.491964 0.643097
vt 0.492063 0.543287
vt 0.492096 0.460173
vt 0.492210 0.348079
vt 0.492243 0.385273
vt 0.492251 0.431575
vt 0.492386 0.565047
vt 0.492395 0.625348
vt 0.492511 0.084474
vt 0.492594 0.314678
vt 0.492627 0.255303
vt 0.492839 0.401961
vt 0.492880 0.129019
vt 0.492978 0.696575
vt 0.493487 0.917886
vt 0.493582 0.324048
vt 0.493939 0.673793
vt 0.493991 0.101867
vt 0.494051 0.949417
vt 0.494064 0.812858
vt 0.494138 0.838914
vt 0.494296 0.768917
vt 0.494298 0.288565
vt 0.494315 0.781535
vt 0.494335 0.737108
vt 0.494350 0.474994
vt 0.494435 0.466849
vt 0.494476 0.964490
vt 0.494588 0.989246
vt 0.494600 0.123772
vt 0.494634 0.357212
vt 0.494642 0.653181
vt 0.494724 0.203677
vt 0.494865 0.274276
vt 0.494987 0.633145
vt 0.494988 0.971602
vt 0.494994 0.906647
vt 0.495015 0.017147
vt 0.495244 0.958576
vt 0.495247 0.336821
vt 0.495275 0.609824
vt 0.495317 0.445915
vt 0.495339 0.344317
vt 0.495494 0.723052
vt 0.495747 0.413882
vt 0.495786 0.198196
vt 0.495817 0.995732
vt 0.495857 0.485955
vt 0.496065 0.284422
vt 0.496116 0.147939
vt 0.496130 0.426139
vt 0.496154 0.341015
vt 0.496293 0.469246
vt 0.496302 0.440935
vt 0.496344 0.708666
vt 0.496424 0.259098
vt 0.496512 0.116521
vt 0.496629 0.331770
vt 0.496656 0.268431
vt 0.496715 0.290361
vt 0.496780 0.464948
vt 0.496901 0.263604
vt 0.496974 0.455721
vt 0.496992 0.436502
vt 0.497041 0.295188
vt 0.497120 0.460900
vt 0.497132 0.450159
vt 0.497134 0.406539
vt 0.497249 0.792292
vt 0.497390 0.981708
vt 0.497391 0.394897
vt 0.497764 0.346541
vt 0.497764 0.378123
vt 0.497938 0.388865
vt 0.498143 0.069365
vt 0.498186 0.689182
vt 0.498229 0.940285
vt 0.498308 0.159165
vt 0.498321 0.214242
vt 0.498408 0.559622
vt 0.498610 0.592258
vt 0.498710 0.409994
vt 0.498789 0.368816
vt 0.498810 0.601637
vt 0.498889 0.173663
vt 0.498891 0.659468
vt 0.498967 0.569044
vt 0.499026 0.279675
vt 0.499285 0.894108
vt 0.499306 0.546624
vt 0.499402 0.679155
vt 0.499424 0.761038
vt 0.499587 0.203655
vt 0.499970 0.823194
vt 0.500194 0.401376
vt 0.500237 0.233877
vt 0.500262 0.528854
vt 0.500478 0.930844
vt 0.500516 0.242965
vt 0.500730 0.137184
vt 0.500756 0.191218
vt 0.500823 0.444412
vt 0.500850 0.743235
vt 0.501031 0.447911
vt 0.501225 0.667644
vt 0.501363 0.384294
vt 0.501416 0.057401
vt 0.501617 0.420132
vt 0.501639 0.261496
vt 0.501735 0.327323
vt 0.501809 0.433183
vt 0.501926 0.799272
vt 0.501963 0.253674
vt 0.501989 0.126604
vt 0.502039 0.804745
vt 0.502241 0.307650
vt 0.502290 0.225456
vt 0.502291 0.709247
vt 0.502641 0.274160
vt 0.502646 0.338302
vt 0.502770 0.266837
vt 0.502894 0.468195
vt 0.502940 0.966269
vt 0.502979 0.390115
vt 0.502991 0.974485
vt 0.503094 0.081607
vt 0.503125 0.472603
vt 0.503138 0.578465
vt 0.503142 0.706619
vt 0.503267 0.775788
vt 0.503407 0.784612
vt 0.503539 0.350446
vt 0.503562 0.713869
vt 0.503585 0.451964
vt 0.503677 0.298921
vt 0.503689 0.902290
vt 0.503697 0.698022
vt 0.503706 0.290669
vt 0.503740 0.090152
vt 0.503749 0.619667
vt 0.503778 0.729395
vt 0.503781 0.834202
vt 0.503804 0.607081
vt 0.503860 0.991405
vt 0.504018 0.462447
vt 0.504268 0.812648
vt 0.504501 0.284147
vt 0.504798 0.377471
vt 0.505178 0.360741
vt 0.505243 0.747895
vt 0.505371 0.600394
vt 0.505413 0.736998
vt 0.505524 0.685734
vt 0.505625 0.477854
vt 0.506027 0.413242
vt 0.506044 0.239347
vt 0.506175 0.642720
vt 0.506259 0.755046
vt 0.506379 0.490291
vt 0.506380 0.565027
vt 0.506414 0.912234
vt 0.506420 0.000273
vt 0.506490 0.405614
vt 0.506500 0.317069
vt 0.506619 0.742395
vt 0.506645 0.946932
vt 0.506740 0.440788
vt 0.506818 0.474134
vt 0.506939 0.179765
vt 0.506939 0.554197
vt 0.506984 0.655941
vt 0.507026 0.435040
vt 0.507078 0.631467
vt 0.507095 0.985301
vt 0.507190 0.448201
vt 0.507224 0.209830
vt 0.507310 0.538611
vt 0.507338 0.676841
vt 0.507677 0.309381
vt 0.507678 0.201738
vt 0.507776 0.108389
vt 0.507810 0.395772
vt 0.507973 0.161849
vt 0.508279 0.956086
vt 0.508516 0.998987
vt 0.508605 0.150140
vt 0.508734 0.706916
vt 0.508906 0.263122
vt 0.508932 0.417979
vt 0.509031 0.922399
vt 0.509097 0.219381
vt 0.509252 0.595535
vt 0.509253 0.271344
vt 0.509262 0.097872
vt 0.509281 0.370254
vt 0.509454 0.765040
vt 0.509595 0.588118
vt 0.509618 0.472735
vt 0.509622 0.467492
vt 0.509631 0.385883
vt 0.509632 0.430360
vt 0.509744 0.457616
vt 0.509781 0.294772
vt 0.509799 0.328885
vt 0.509941 0.031902
vt 0.510107 0.721367
vt 0.510235 0.544845
vt 0.510279 0.278315
vt 0.510334 0.436051
vt 0.510565 0.309914
vt 0.510612 0.346075
vt 0.510729 0.070562
vt 0.510736 0.794750
vt 0.510743 0.815612
vt 0.511043 0.452516
vt 0.511085 0.304792
vt 0.511293 0.681780
vt 0.511305 0.354598
vt 0.511377 0.290420
vt 0.511389 0.805062
vt 0.511389 0.873830
vt 0.511489 0.772472
vt 0.511503 0.749921
vt 0.511665 0.047953
vt 0.511688 0.337304
vt 0.511830 0.190426
vt 0.511914 0.713158
vt 0.511936 0.298449
vt 0.512030 0.169308
vt 0.512106 0.141256
vt 0.512209 0.780174
vt 0.512275 0.974262
vt 0.512398 0.731592
vt 0.512455 0.931248
vt 0.512498 0.485554
vt 0.512632 0.119546
vt 0.512634 0.447351
vt 0.512640 0.206415
vt 0.512666 0.940676
vt 0.512801 0.422192
vt 0.512919 0.377540
vt 0.513080 0.497523
vt 0.513135 0.231403
vt 0.513172 0.243917
vt 0.513174 0.964493
vt 0.513229 0.689425
vt 0.513308 0.991877
vt 0.513364 0.666843
vt 0.513543 0.091955
vt 0.513737 0.550375
vt 0.513761 0.284943
vt 0.513792 0.904171
vt 0.513930 0.810622
vt 0.514151 0.950154
vt 0.514305 0.463929
vt 0.514356 0.275535
vt 0.514598 0.546207
vt 0.514683 0.254329
vt 0.515200 0.211658
vt 0.515254 0.133010
vt 0.515368 0.202383
vt 0.515412 0.627202
vt 0.515530 0.741149
vt 0.515587 0.450431
vt 0.515619 0.829413
vt 0.515661 0.605056
vt 0.515679 0.311362
vt 0.515793 0.295754
vt 0.515940 0.305788
vt 0.515990 0.438443
vt 0.516038 0.270036
vt 0.516050 0.569220
vt 0.516196 0.642582
vt 0.516299 0.557128
vt 0.516407 0.635978
vt 0.516455 0.416779
vt 0.516472 0.801858
vt 0.516643 0.771448
vt 0.516652 0.016902
vt 0.516749 0.372092
vt 0.516755 0.362602
vt 0.516816 0.986769
vt 0.516833 0.469807
vt 0.516993 0.678748
vt 0.517153 0.301765
vt 0.517177 0.593135
vt 0.517256 0.658018
vt 0.517295 0.377253
vt 0.517375 0.708473
vt 0.517401 0.062734
vt 0.517474 0.290423
vt 0.517475 0.158716
vt 0.517504 0.956672
vt 0.517756 0.699497
vt 0.517875 0.445968
vt 0.518026 0.179479
vt 0.518120 0.582479
vt 0.518169 0.266920
vt 0.518289 0.262754
vt 0.518326 0.104054
vt 0.518443 0.476636
vt 0.518615 0.331944
vt 0.518620 0.409682
vt 0.518683 0.401790
vt 0.518685 0.274546
vt 0.518699 0.281377
vt 0.519067 0.648691
vt 0.519163 0.306157
vt 0.519294 0.776418
vt 0.519389 0.734603
vt 0.519427 0.427136
vt 0.519462 0.341455
vt 0.519476 0.454811
vt 0.519480 0.351809
vt 0.519564 0.083793
vt 0.519578 0.933305
vt 0.519588 0.321724
vt 0.519690 0.450091
vt 0.519765 0.619270
vt 0.519876 0.752378
vt 0.519912 0.381687
vt 0.519954 0.926478
vt 0.520100 0.502656
vt 0.520131 0.197009
vt 0.520355 0.310109
vt 0.520519 0.460176
vt 0.520579 0.277685
vt 0.520597 0.300698
vt 0.520691 0.670565
vt 0.520873 0.422471
vt 0.520947 0.392489
vt 0.520972 0.112939
vt 0.521031 0.327292
vt 0.521064 0.491534
vt 0.521159 0.716011
vt 0.521276 0.189330
vt 0.521440 0.375536
vt 0.521526 0.287414
vt 0.521649 0.885801
vt 0.521747 0.872924
vt 0.521767 0.218463
vt 0.521784 0.293800
vt 0.521784 0.497748
vt 0.522107 0.246364
vt 0.522178 0.818624
vt 0.522375 0.146299
vt 0.522380 0.993241
vt 0.522426 0.877265
vt 0.522494 0.663238
vt 0.522518 0.465089
vt 0.522566 0.965348
vt 0.522579 0.238593
vt 0.522616 0.726655
vt 0.522700 0.313956
vt 0.522711 0.266815
vt 0.522731 0.167255
vt 0.523144 0.902188
vt 0.523173 0.206083
vt 0.523209 0.935901
vt 0.523301 0.284656
vt 0.523523 0.357519
vt 0.523544 0.762317
vt 0.523544 0.807534
vt 0.523560 0.889004
vt 0.523590 0.095325
vt 0.523610 0.735924
vt 0.523682 0.913645
vt 0.523690 0.796579
vt 0.523772 0.309810
vt 0.523892 0.598333
vt 0.523907 0.369753
vt 0.524203 0.951464
vt 0.524231 0.414268
vt 0.524286 0.688404
vt 0.524364 0.989007
vt 0.524407 0.590718
vt 0.524416 0.639998
vt 0.524422 0.434342
vt 0.524577 0.273773
vt 0.524695 0.976780
vt 0.524948 0.028629
vt 0.525056 0.484712
vt 0.525077 0.783091
vt 0.525144 0.940945
vt 0.525156 0.443089
vt 0.525312 0.771704
vt 0.525315 0.305538
vt 0.525318 0.887371
vt 0.525464 0.450045
vt 0.525568 0.611957
vt 0.525591 0.881528
vt 0.525761 0.328195
vt 0.525809 0.124662
vt 0.525951 0.470039
vt 0.525991 0.289696
vt 0.526192 0.259685
vt 0.526350 0.741742
vt 0.526364 0.570041
vt 0.526431 0.629911
vt 0.526434 0.045316
vt 0.526447 0.706190
vt 0.526456 0.281892
vt 0.526615 0.362257
vt 0.526652 0.411415
vt 0.526668 0.419314
vt 0.526769 0.067280
vt 0.526792 0.462159
vt 0.527014 0.930190
vt 0.527226 0.252242
vt 0.527382 0.676902
vt 0.527441 0.668311
vt 0.527508 0.315799
vt 0.527617 0.604719
vt 0.527735 0.073020
vt 0.527817 0.298392
vt 0.527899 0.719975
vt 0.528080 0.174782
vt 0.528089 0.355112
vt 0.528307 0.336271
vt 0.528420 0.655284
vt 0.528508 0.346123
vt 0.528562 0.507148
vt 0.528766 0.554306
vt 0.528771 0.157422
vt 0.528782 0.376821
vt 0.528833 0.184506
vt 0.528952 0.492645
vt 0.529040 0.062050
vt 0.529238 0.263242
vt 0.529411 0.268293
vt 0.529429 0.107179
vt 0.529537 0.196961
vt 0.529569 0.464605
vt 0.529721 0.000392
vt 0.529744 0.400407
vt 0.529755 0.426915
vt 0.529852 0.385897
vt 0.529886 0.662935
vt 0.529961 0.457810
vt 0.529965 0.533392
vt 0.529967 0.746196
vt 0.529977 0.084691
vt 0.530182 0.923904
vt 0.530250 0.407661
vt 0.530355 0.322031
vt 0.530720 0.584127
vt 0.530740 0.732882
vt 0.530765 0.690563
vt 0.530946 0.618766
vt 0.530963 0.452491
vt 0.531069 0.695679
vt 0.531099 0.638241
vt 0.531281 0.414607
vt 0.531284 0.136646
vt 0.531354 0.311579
vt 0.531409 0.644928
vt 0.531425 0.905929
vt 0.531435 0.500806
vt 0.531445 0.474552
vt 0.531502 0.019942
vt 0.531507 0.290609
vt 0.531555 0.597315
vt 0.531629 0.946585
vt 0.531686 0.279118
vt 0.531724 0.229157
vt 0.531778 0.919151
vt 0.531914 0.485670
vt 0.531940 0.258424
vt 0.531970 0.394086
vt 0.532004 0.932693
vt 0.532356 0.447863
vt 0.532365 0.869605
vt 0.532538 0.894311
vt 0.532569 0.241349
vt 0.532609 0.792296
vt 0.532784 0.367904
vt 0.532812 0.610441
vt 0.532920 0.724884
vt 0.532960 0.166742
vt 0.533129 0.284513
vt 0.533325 0.360142
vt 0.533343 0.762656
vt 0.533360 0.148742
vt 0.533413 0.433680
vt 0.533438 0.604510
vt 0.533507 0.304791
vt 0.533739 0.468235
vt 0.533887 0.676716
vt 0.533929 0.340915
vt 0.534077 0.317457
vt 0.534213 0.684893
vt 0.534260 0.740578
vt 0.534285 0.801023
vt 0.534383 0.479278
vt 0.534499 0.955392
vt 0.534502 0.969448
vt 0.534534 0.830474
vt 0.534600 0.714474
vt 0.534952 0.440342
vt 0.535175 0.751254
vt 0.535175 0.980790
vt 0.535176 0.404414
vt 0.535212 0.264111
vt 0.535215 0.879662
vt 0.535343 0.328752
vt 0.535349 0.247402
vt 0.535603 0.420965
vt 0.535673 0.353231
vt 0.535738 0.380868
vt 0.536194 0.770943
vt 0.536291 0.273264
vt 0.536351 0.668946
vt 0.536408 0.568386
vt 0.536594 0.117252
vt 0.536605 0.464424
vt 0.536759 0.785545
vt 0.536792 0.390689
vt 0.536842 0.079300
vt 0.536907 0.298067
vt 0.536919 0.156505
vt 0.536933 0.659034
vt 0.536960 0.056437
vt 0.536968 0.452763
vt 0.537090 0.339877
vt 0.537117 0.923358
vt 0.537291 0.211242
vt 0.537373 0.344833
vt 0.537550 0.651339
vt 0.537576 0.430225
vt 0.537589 0.490658
vt 0.537692 0.336163
vt 0.537694 0.496423
vt 0.537741 0.814331
vt 0.537743 0.252360
vt 0.537799 0.321887
vt 0.538047 0.290046
vt 0.538050 0.282503
vt 0.538114 0.625205
vt 0.538190 0.778491
vt 0.538250 0.604913
vt 0.538488 0.109666
vt 0.538507 0.385614
vt 0.538526 0.676928
vt 0.538551 0.702843
vt 0.538569 0.401626
vt 0.538628 0.199531
vt 0.538699 0.316939
vt 0.538831 0.732261
vt 0.538873 0.581395
vt 0.538885 0.090770
vt 0.538898 0.176773
vt 0.538938 0.426274
vt 0.539024 0.102129
vt 0.539041 0.258903
vt 0.539060 0.634994
vt 0.539077 0.406904
vt 0.539219 0.469755
vt 0.539273 0.130832
vt 0.539452 0.896257
vt 0.539685 0.340208
vt 0.539755 0.068272
vt 0.540133 0.615955
vt 0.540174 0.447009
vt 0.540232 0.483234
vt 0.540269 0.309640
vt 0.540283 0.189598
vt 0.540322 0.395658
vt 0.540334 0.374257
vt 0.540368 0.554209
vt 0.540560 0.459274
vt 0.540830 0.434735
vt 0.540837 0.037102
vt 0.540918 0.304055
vt 0.540951 0.739718
vt 0.540952 0.511160
vt 0.541039 0.946010
vt 0.541072 0.287362
vt 0.541693 0.413991
vt 0.541849 0.873744
vt 0.541995 0.691441
vt 0.542000 0.887037
vt 0.542007 0.594426
vt 0.542156 0.390786
vt 0.542343 0.503227
vt 0.542344 0.962704
vt 0.542545 0.381403
vt 0.542593 0.295919
vt 0.542910 0.362455
vt 0.542967 0.430097
vt 0.543001 0.909801
vt 0.543102 0.324665
vt 0.543192 0.290894
vt 0.543247 0.050817
vt 0.543263 0.338586
vt 0.543270 0.350573
vt 0.543280 0.538246
vt 0.543456 0.662302
vt 0.543516 0.975036
vt 0.543524 0.278973
vt 0.543679 0.343320
vt 0.543680 0.234979
vt 0.543715 0.245412
vt 0.543977 0.285180
vt 0.544148 0.673036
vt 0.544203 0.622926
vt 0.544209 0.466205
vt 0.544218 0.643681
vt 0.544297 0.146297
vt 0.544332 0.954285
vt 0.544373 0.680326
vt 0.544479 0.791996
vt 0.544495 0.300709
vt 0.544528 0.722607
vt 0.544707 0.744559
vt 0.544857 0.273932
vt 0.544863 0.400554
vt 0.544867 0.880941
vt 0.544883 0.495062
vt 0.544898 0.931246
vt 0.545062 0.573076
vt 0.545109 0.406220
vt 0.545268 0.475523
vt 0.545282 0.332990
vt 0.545509 0.293426
vt 0.545855 0.667655
vt 0.546182 0.653899
vt 0.546330 0.423802
vt 0.546601 0.606898
vt 0.546627 0.266124
vt 0.546654 0.627599
vt 0.546685 0.446341
vt 0.546718 0.970003
vt 0.546721 0.452675
vt 0.546805 0.394653
vt 0.546824 0.061316
vt 0.547009 0.585803
vt 0.547166 0.161873
vt 0.547205 0.440916
vt 0.547314 0.021937
vt 0.547355 0.781426
vt 0.547464 0.770275
vt 0.547554 0.387223
vt 0.547571 0.321127
vt 0.547646 0.755460
vt 0.547789 0.313949
vt 0.547802 0.710911
vt 0.547840 0.289901
vt 0.547852 0.127212
vt 0.547958 0.460675
vt 0.548221 0.083142
vt 0.548491 0.878237
vt 0.548533 0.873996
vt 0.548541 0.896521
vt 0.548573 0.734075
vt 0.548608 0.979461
vt 0.548709 0.113377
vt 0.548752 0.346646
vt 0.548765 0.803652
vt 0.548906 0.257352
vt 0.549040 0.593337
vt 0.549239 0.000273
vt 0.549296 0.199060
vt 0.549317 0.278149
vt 0.549334 0.487441
vt 0.549646 0.957484
vt 0.549698 0.480630
vt 0.549712 0.432511
vt 0.549713 0.794451
vt 0.549747 0.225471
vt 0.549832 0.570643
vt 0.549853 0.283017
vt 0.550041 0.340264
vt 0.550214 0.370929
vt 0.550238 0.378757
vt 0.550282 0.306286
vt 0.550467 0.296230
vt 0.550578 0.697686
vt 0.550753 0.921670
vt 0.550787 0.327544
vt 0.550818 0.634648
vt 0.550972 0.500745
vt 0.551062 0.618342
vt 0.551156 0.098849
vt 0.551161 0.409032
vt 0.551297 0.512932
vt 0.551334 0.273815
vt 0.551371 0.661878
vt 0.551447 0.400739
vt 0.551505 0.889329
vt 0.551704 0.599090
vt 0.551903 0.884180
vt 0.551973 0.467100
vt 0.552071 0.684021
vt 0.552105 0.416494
vt 0.552122 0.392735
vt 0.552174 0.672479
vt 0.552192 0.446209
vt 0.552201 0.073195
vt 0.552345 0.742195
vt 0.552730 0.826433
vt 0.552805 0.975453
vt 0.552806 0.048516
vt 0.552831 0.353918
vt 0.553549 0.507531
vt 0.553664 0.363504
vt 0.553724 0.963717
vt 0.553727 0.477721
vt 0.553851 0.241028
vt 0.553885 0.955749
vt 0.553891 0.234196
vt 0.554210 0.590838
vt 0.554286 0.436772
vt 0.554292 0.427744
vt 0.554347 0.579827
vt 0.554479 0.345575
vt 0.554661 0.288013
vt 0.554751 0.312835
vt 0.554799 0.422387
vt 0.555071 0.066481
vt 0.555185 0.495506
vt 0.555460 0.643486
vt 0.555462 0.879278
vt 0.555477 0.333334
vt 0.555619 0.626185
vt 0.555713 0.909940
vt 0.555802 0.654063
vt 0.555804 0.211751
vt 0.555866 0.457930
vt 0.555947 0.939548
vt 0.555998 0.092005
vt 0.556053 0.263807
vt 0.556066 0.450513
vt 0.556115 0.299898
vt 0.556475 0.477247
vt 0.556711 0.395832
vt 0.556841 0.570559
vt 0.556867 0.873264
vt 0.556915 0.134698
vt 0.557064 0.480984
vt 0.557281 0.440355
vt 0.557283 0.316928
vt 0.557361 0.324494
vt 0.557427 0.280409
vt 0.557468 0.473632
vt 0.557864 0.607320
vt 0.557894 0.550128
vt 0.557914 0.060445
vt 0.557956 0.083962
vt 0.558151 0.109316
vt 0.558187 0.041731
vt 0.558264 0.270519
vt 0.558301 0.596782
vt 0.558357 0.402477
vt 0.558427 0.744465
vt 0.558471 0.259355
vt 0.558636 0.789184
vt 0.558676 0.293534
vt 0.558685 0.309709
vt 0.558778 0.722185
vt 0.558845 0.410484
vt 0.558914 0.287496
vt 0.559157 0.250972
vt 0.559187 0.514248
vt 0.559289 0.761712
vt 0.559434 0.773763
vt 0.559479 0.303846
vt 0.559506 0.146955
vt 0.559622 0.341141
vt 0.559751 0.178831
vt 0.560077 0.433099
vt 0.560399 0.386035
vt 0.560500 0.735321
vt 0.560646 0.465282
vt 0.560725 0.445446
vt 0.560774 0.894350
vt 0.560835 0.417396
vt 0.561211 0.811109
vt 0.561332 0.371414
vt 0.561403 0.632001
vt 0.561430 0.424995
vt 0.561501 0.221467
vt 0.561514 0.359004
vt 0.561721 0.258658
vt 0.561759 0.501504
vt 0.561779 0.912874
vt 0.561872 0.676434
vt 0.561932 0.688794
vt 0.562058 0.488180
vt 0.562083 0.299122
vt 0.562153 0.051838
vt 0.562178 0.395171
vt 0.562222 0.587158
vt 0.562325 0.239483
vt 0.562479 0.348923
vt 0.562498 0.887163
vt 0.562498 0.704591
vt 0.562551 0.934467
vt 0.562650 0.662113
vt 0.562835 0.323486
vt 0.562849 0.229772
vt 0.562913 0.750021
vt 0.563117 0.158449
vt 0.563184 0.470434
vt 0.563231 0.648369
vt 0.563234 0.451136
vt 0.563300 0.619831
vt 0.563612 0.122310
vt 0.563622 0.293883
vt 0.563688 0.304665
vt 0.563704 0.400069
vt 0.563724 0.017453
vt 0.563841 0.328370
vt 0.563875 0.335762
vt 0.564163 0.319939
vt 0.564247 0.264536
vt 0.564338 0.311919
vt 0.564817 0.638431
vt 0.564898 0.288503
vt 0.565319 0.681308
vt 0.565492 0.339583
vt 0.565540 0.403659
vt 0.565688 0.316020
vt 0.565692 0.872699
vt 0.565703 0.429372
vt 0.565744 0.598445
vt 0.565780 0.476341
vt 0.565832 0.101037
vt 0.565872 0.495201
vt 0.566075 0.880124
vt 0.566263 0.457902
vt 0.566286 0.571947
vt 0.566322 0.199890
vt 0.566371 0.410659
vt 0.566566 0.439548
vt 0.566999 0.259805
vt 0.567006 0.343331
vt 0.567015 0.076435
vt 0.567074 0.740356
vt 0.567754 0.000273
vt 0.567840 0.483374
vt 0.567852 0.609488
vt 0.567937 0.298281
vt 0.567978 0.332045
vt 0.568068 0.395985
vt 0.568080 0.917201
vt 0.568082 0.389531
vt 0.568171 0.694382
vt 0.568249 0.755750
vt 0.568295 0.415655
vt 0.568312 0.361461
vt 0.568333 0.508897
vt 0.568374 0.445682
vt 0.568433 0.354737
vt 0.568640 0.420551
vt 0.568683 0.886814
vt 0.568702 0.313537
vt 0.568776 0.306822
vt 0.568943 0.766676
vt 0.569057 0.677853
vt 0.569378 0.384241
vt 0.569444 0.425728
vt 0.569512 0.254129
vt 0.569529 0.048165
vt 0.569543 0.904757
vt 0.569730 0.323252
vt 0.569752 0.685475
vt 0.569896 0.246725
vt 0.569941 0.466023
vt 0.570293 0.338738
vt 0.570303 0.059297
vt 0.570420 0.488698
vt 0.570457 0.651707
vt 0.570468 0.311184
vt 0.570524 0.431819
vt 0.570723 0.629865
vt 0.570758 0.035742
vt 0.570805 0.716737
vt 0.570898 0.776713
vt 0.570902 0.671774
vt 0.570936 0.276558
vt 0.571038 0.224406
vt 0.571211 0.640591
vt 0.571242 0.316638
vt 0.571359 0.815035
vt 0.571369 0.587491
vt 0.571409 0.478242
vt 0.571457 0.797378
vt 0.571580 0.378096
vt 0.571634 0.484327
vt 0.571693 0.700513
vt 0.571791 0.499282
vt 0.571887 0.214680
vt 0.571938 0.134518
vt 0.572111 0.405112
vt 0.572334 0.915092
vt 0.572402 0.312114
vt 0.572532 0.348021
vt 0.572547 0.267266
vt 0.572554 0.332925
vt 0.572588 0.450157
vt 0.572733 0.707456
vt 0.572923 0.441982
vt 0.573391 0.398570
vt 0.573564 0.236221
vt 0.573624 0.327898
vt 0.573788 0.866423
vt 0.573929 0.367010
vt 0.573961 0.883974
vt 0.574240 0.938527
vt 0.574379 0.457441
vt 0.574381 0.118741
vt 0.574384 0.603480
vt 0.574409 0.493093
vt 0.574719 0.728785
vt 0.574738 0.308876
vt 0.574787 0.680024
vt 0.574873 0.410643
vt 0.574905 0.877996
vt 0.574948 0.261821
vt 0.575112 0.290858
vt 0.575133 0.357516
vt 0.575202 0.384775
vt 0.575365 0.663271
vt 0.575478 0.313394
vt 0.575492 0.301104
vt 0.575552 0.713454
vt 0.575739 0.336392
vt 0.575927 0.415994
vt 0.575963 0.758655
vt 0.576076 0.891958
vt 0.576118 0.436856
vt 0.576192 0.643750
vt 0.576567 0.420646
vt 0.576655 0.390902
vt 0.576902 0.253733
vt 0.576995 0.163185
vt 0.577006 0.744632
vt 0.577122 0.783118
vt 0.577492 0.618523
vt 0.577498 0.803385
vt 0.577613 0.148407
vt 0.577777 0.691337
vt 0.577801 0.405399
vt 0.577820 0.488152
vt 0.577854 0.093365
vt 0.578042 0.013377
vt 0.578178 0.701900
vt 0.578211 0.652566
vt 0.578270 0.471867
vt 0.578392 0.332904
vt 0.578434 0.908072
vt 0.578446 0.246020
vt 0.578481 0.319772
vt 0.578757 0.425954
vt 0.579333 0.502847
vt 0.579353 0.430746
vt 0.579420 0.342499
vt 0.579449 0.401167
vt 0.579609 0.175748
vt 0.579902 0.189486
vt 0.579922 0.479786
vt 0.580036 0.571262
vt 0.580283 0.915131
vt 0.580393 0.596525
vt 0.580486 0.275087
vt 0.580588 0.633378
vt 0.580670 0.672893
vt 0.580717 0.312737
vt 0.580816 0.709797
vt 0.581162 0.461595
vt 0.581191 0.385649
vt 0.581227 0.305748
vt 0.581399 0.660068
vt 0.581427 0.269531
vt 0.581482 0.420647
vt 0.581504 0.442245
vt 0.581647 0.380072
vt 0.581658 0.395237
vt 0.581767 0.643450
vt 0.581819 0.051516
vt 0.581825 0.066869
vt 0.582045 0.451889
vt 0.582069 0.328260
vt 0.582259 0.902895
vt 0.582274 0.681596
vt 0.582311 0.760387
vt 0.582545 0.262348
vt 0.582734 0.408130
vt 0.582735 0.885610
vt 0.582746 0.025555
vt 0.582765 0.371410
vt 0.582915 0.361809
vt 0.583062 0.388108
vt 0.583069 0.496227
vt 0.583093 0.417030
vt 0.583161 0.134616
vt 0.583176 0.351135
vt 0.583257 0.412095
vt 0.583442 0.000273
vt 0.583490 0.655724
vt 0.583637 0.907347
vt 0.583689 0.335718
vt 0.584215 0.283558
vt 0.584254 0.404334
vt 0.584718 0.309960
vt 0.584729 0.124058
vt 0.584769 0.108885
vt 0.584786 0.423421
vt 0.584866 0.689068
vt 0.584894 0.649770
vt 0.584961 0.225817
vt 0.585086 0.874236
vt 0.585185 0.082171
vt 0.585239 0.433621
vt 0.585283 0.312806
vt 0.585791 0.139612
vt 0.585818 0.297686
vt 0.585863 0.018311
vt 0.585868 0.750176
vt 0.585988 0.323087
vt 0.586076 0.205962
vt 0.586081 0.773391
vt 0.586382 0.420754
vt 0.586472 0.610177
vt 0.586598 0.474877
vt 0.586836 0.593532
vt 0.587016 0.316987
vt 0.587105 0.389499
vt 0.587410 0.485515
vt 0.587554 0.660589
vt 0.587568 0.666826
vt 0.588008 0.406223
vt 0.588266 0.398210
vt 0.588343 0.256779
vt 0.588479 0.382313
vt 0.588528 0.653719
vt 0.588574 0.342209
vt 0.588660 0.416760
vt 0.588692 0.329226
vt 0.588910 0.375241
vt 0.589049 0.422801
vt 0.589066 0.242933
vt 0.589152 0.425929
vt 0.589464 0.305998
vt 0.589570 0.393131
vt 0.589661 0.773276
vt 0.589727 0.166553
vt 0.589737 0.039454
vt 0.589740 0.719158
vt 0.589837 0.603726
vt 0.589842 0.674074
vt 0.589958 0.194196
vt 0.589960 0.942522
vt 0.589989 0.586327
vt 0.589989 0.624121
vt 0.589989 0.640294
vt 0.589989 0.683169
vt 0.589989 0.698929
vt 0.589989 0.735049
vt 0.589991 0.356875
vt 0.590012 0.444860
vt 0.590022 0.892827
vt 0.590035 0.312062
vt 0.590048 0.010787
vt 0.590190 0.277928
vt 0.590316 0.402596
vt 0.590434 0.335065
vt 0.590771 0.413400
vt 0.590851 0.454242
vt 0.591117 0.465994
vt 0.591268 0.269196
vt 0.591334 0.493344
vt 0.591456 0.149599
vt 0.591564 0.419388
vt 0.591587 0.096555
vt 0.591926 0.407902
vt 0.592016 0.060996
vt 0.592285 0.905625
vt 0.592307 0.501123
vt 0.592589 0.322927
vt 0.593481 0.365927
vt 0.593636 0.435461
vt 0.593805 0.348989
vt 0.594072 0.336288
vt 0.594162 0.286194
vt 0.594358 0.020694
vt 0.594505 0.182982
vt 0.594549 0.477022
vt 0.594587 0.330339
vt 0.594983 0.427988
vt 0.595134 0.868177
vt 0.595180 0.252277
vt 0.595235 0.389556
vt 0.595445 0.417158
vt 0.595498 0.316720
vt 0.595518 0.421574
vt 0.595561 0.120528
vt 0.595685 0.293241
vt 0.596196 0.073803
vt 0.596226 0.133215
vt 0.596271 0.030337
vt 0.596410 0.881376
vt 0.596594 0.487418
vt 0.596686 0.445237
vt 0.596694 0.338281
vt 0.596821 0.394533
vt 0.596862 0.356981
vt 0.597215 0.051789
vt 0.597231 0.495172
vt 0.597439 0.331748
vt 0.597567 0.456402
vt 0.597573 0.325545
vt 0.597575 0.281037
vt 0.597740 0.275946
vt 0.597768 0.375567
vt 0.597811 0.450937
vt 0.597855 0.401369
vt 0.598267 0.087354
vt 0.598287 0.383264
vt 0.598315 0.234107
vt 0.598358 0.301683
vt 0.598700 0.310777
vt 0.598815 0.434670
vt 0.598988 0.315663
vt 0.599001 0.916720
vt 0.599117 0.000281
vt 0.599413 0.438882
vt 0.599664 0.737577
vt 0.599795 0.320721
vt 0.600257 0.752203
vt 0.600323 0.344031
vt 0.600445 0.272005
vt 0.600448 0.866322
vt 0.600449 0.779432
vt 0.600694 0.906671
vt 0.600825 0.413008
vt 0.600884 0.468820
vt 0.600975 0.285730
vt 0.601369 0.261756
vt 0.601612 0.407159
vt 0.601715 0.110085
vt 0.601981 0.316597
vt 0.602190 0.481236
vt 0.602209 0.199791
vt 0.602227 0.431523
vt 0.602256 0.351911
vt 0.602307 0.788138
vt 0.602326 0.723062
vt 0.602464 0.714272
vt 0.602539 0.063199
vt 0.602629 0.328027
vt 0.602700 0.422131
vt 0.602738 0.335849
vt 0.602898 0.291830
vt 0.603126 0.456668
vt 0.603199 0.895714
vt 0.603248 0.247165
vt 0.603427 0.448235
vt 0.603750 0.599731
vt 0.603883 0.369607
vt 0.603922 0.872170
vt 0.603947 0.298334
vt 0.604126 0.282307
vt 0.604346 0.389346
vt 0.604386 0.486807
vt 0.604595 0.011567
vt 0.604823 0.491695
vt 0.604828 0.798746
vt 0.604931 0.708404
vt 0.605472 0.276501
vt 0.605615 0.436514
vt 0.605646 0.361115
vt 0.605713 0.039959
vt 0.605886 0.322453
vt 0.606332 0.823749
vt 0.606383 0.441626
vt 0.606947 0.218878
vt 0.606970 0.604212
vt 0.606972 0.097830
vt 0.607052 0.288894
vt 0.607108 0.333451
vt 0.607131 0.907445
vt 0.607260 0.913286
vt 0.607350 0.868691
vt 0.607490 0.813631
vt 0.607661 0.316871
vt 0.607670 0.083334
vt 0.607704 0.278900
vt 0.607708 0.169274
vt 0.607711 0.328091
vt 0.608025 0.146335
vt 0.608038 0.396522
vt 0.608104 0.345703
vt 0.608131 0.403902
vt 0.608158 0.025087
vt 0.608283 0.409973
vt 0.608292 0.090288
vt 0.608314 0.918725
vt 0.608415 0.384097
vt 0.608667 0.433452
vt 0.608938 0.268939
vt 0.609147 0.236232
vt 0.609164 0.699044
vt 0.609179 0.376980
vt 0.609255 0.764177
vt 0.609349 0.283140
vt 0.609503 0.455022
vt 0.609614 0.464748
vt 0.609910 0.640252
vt 0.609918 0.187935
vt 0.610024 0.124511
vt 0.610212 0.695491
vt 0.610420 0.308944
vt 0.610459 0.690519
vt 0.610501 0.073352
vt 0.610600 0.680931
vt 0.610613 0.436547
vt 0.610653 0.476287
vt 0.610726 0.673692
vt 0.610784 0.135633
vt 0.610790 0.936989
vt 0.610925 0.669170
vt 0.610946 0.299631
vt 0.610998 0.320376
vt 0.611048 0.339142
vt 0.611115 0.446495
vt 0.611168 0.633211
vt 0.611434 0.391935
vt 0.611748 0.440639
vt 0.611783 0.695436
vt 0.611814 0.634831
vt 0.611941 0.056962
vt 0.611990 0.488870
vt 0.612144 0.368404
vt 0.612149 0.427280
vt 0.612157 0.325327
vt 0.612325 0.631262
vt 0.612330 0.416301
vt 0.612368 0.592463
vt 0.612435 0.670417
vt 0.612466 0.615876
vt 0.612603 0.432757
vt 0.612640 0.616839
vt 0.612693 0.277551
vt 0.612735 0.315920
vt 0.612736 0.749019
vt 0.612857 0.617287
vt 0.613149 0.305322
vt 0.613166 0.616653
vt 0.613244 0.605846
vt 0.613358 0.639925
vt 0.613551 0.331930
vt 0.613678 0.633738
vt 0.613755 0.355123
vt 0.613775 0.879471
vt 0.614073 0.382544
vt 0.614139 0.923238
vt 0.614339 0.709446
vt 0.614363 0.292507
vt 0.614389 0.909922
vt 0.614413 0.646435
vt 0.614829 0.361877
vt 0.615028 0.387503
vt 0.615220 0.898043
vt 0.615272 0.736815
vt 0.615519 0.459432
vt 0.615699 0.320954
vt 0.615766 0.046924
vt 0.615889 0.659262
vt 0.615945 0.244190
vt 0.616033 0.658898
vt 0.616042 0.658873
vt 0.616050 0.658820
vt 0.616113 0.722351
vt 0.616214 0.821004
vt 0.616214 0.450772
vt 0.616232 0.285081
vt 0.616432 0.379277
vt 0.616500 0.861373
vt 0.616598 0.435312
vt 0.616643 0.258296
vt 0.616827 0.400868
vt 0.616917 0.326662
vt 0.617188 0.407214
vt 0.617344 0.467659
vt 0.617399 0.753654
vt 0.617539 0.578860
vt 0.617576 0.915982
vt 0.617784 0.784686
vt 0.617886 0.304976
vt 0.617906 0.347161
vt 0.618255 0.110230
vt 0.618328 0.131551
vt 0.618332 0.000273
vt 0.618859 0.036128
vt 0.619007 0.013522
vt 0.619111 0.024260
vt 0.619171 0.329538
vt 0.619183 0.393644
vt 0.619295 0.944057
vt 0.619363 0.373937
vt 0.619503 0.684374
vt 0.619517 0.919999
vt 0.619523 0.443077
vt 0.619590 0.454408
vt 0.620053 0.474048
vt 0.620420 0.280377
vt 0.620461 0.339732
vt 0.620661 0.333826
vt 0.620765 0.428511
vt 0.621274 0.090117
vt 0.621366 0.420558
vt 0.621398 0.759368
vt 0.621605 0.141569
vt 0.621786 0.271251
vt 0.621838 0.480419
vt 0.621865 0.381779
vt 0.621950 0.927119
vt 0.621956 0.462146
vt 0.621967 0.323896
vt 0.622064 0.768021
vt 0.622106 0.365874
vt 0.622192 0.309471
vt 0.622406 0.398512
vt 0.622473 0.745363
vt 0.622519 0.359407
vt 0.622569 0.401330
vt 0.622663 0.386732
vt 0.623013 0.185007
vt 0.623300 0.316181
vt 0.623352 0.752692
vt 0.623389 0.286048
vt 0.623512 0.158634
vt 0.623564 0.300613
vt 0.623754 0.698258
vt 0.623902 0.028460
vt 0.623982 0.436215
vt 0.624086 0.412009
vt 0.624113 0.811839
vt 0.624208 0.608541
vt 0.624486 0.647395
vt 0.624521 0.263760
vt 0.624552 0.570292
vt 0.624615 0.827402
vt 0.624623 0.621543
vt 0.624920 0.249152
vt 0.625032 0.404890
vt 0.625101 0.219451
vt 0.625115 0.203575
vt 0.625167 0.329872
vt 0.625410 0.450578
vt 0.625508 0.071950
vt 0.625720 0.293069
vt 0.625813 0.916246
vt 0.625952 0.429563
vt 0.625980 0.384290
vt 0.625991 0.458246
vt 0.626027 0.306263
vt 0.626185 0.345770
vt 0.626457 0.053875
vt 0.626474 0.735383
vt 0.626480 0.021659
vt 0.626505 0.006303
vt 0.626555 0.369950
vt 0.626571 0.336073
vt 0.626584 0.711827
vt 0.626609 0.903723
vt 0.626678 0.479013
vt 0.626711 0.234444
vt 0.626906 0.938759
vt 0.627131 0.174144
vt 0.627222 0.387696
vt 0.627310 0.279356
vt 0.627414 0.657531
vt 0.627595 0.756522
vt 0.628120 0.584853
vt 0.628354 0.889200
vt 0.628377 0.353710
vt 0.628445 0.669521
vt 0.628606 0.375529
vt 0.628886 0.751169
vt 0.628897 0.341350
vt 0.628961 0.872952
vt 0.629103 0.565059
vt 0.629178 0.417488
vt 0.629238 0.444053
vt 0.629318 0.396783
vt 0.629385 0.424163
vt 0.629759 0.773570
vt 0.629937 0.361140
vt 0.630010 0.274059
vt 0.630185 0.761673
vt 0.630270 0.287123
vt 0.630272 0.724636
vt 0.630274 0.944066
vt 0.630330 0.268109
vt 0.630473 0.366682
vt 0.630476 0.304341
vt 0.630478 0.541360
vt 0.630609 0.598247
vt 0.630647 0.381759
vt 0.630724 0.557779
vt 0.630910 0.928992
vt 0.631187 0.258545
vt 0.631287 0.472091
vt 0.631503 0.012361
vt 0.631531 0.635448
vt 0.631616 0.688479
vt 0.631834 0.033524
vt 0.632010 0.277675
vt 0.632080 0.405502
vt 0.632096 0.437952
vt 0.632151 0.045214
vt 0.632262 0.755493
vt 0.632354 0.309471
vt 0.632551 0.452604
vt 0.632742 0.619201
vt 0.633306 0.063840
vt 0.633311 0.324657
vt 0.633400 0.609358
vt 0.633410 0.128387
vt 0.633528 0.566381
vt 0.633666 0.332317
vt 0.633695 0.081439
vt 0.633778 0.412483
vt 0.633823 0.461102
vt 0.633931 0.431692
vt 0.633936 0.281343
vt 0.634220 0.301390
vt 0.634262 0.742974
vt 0.634374 0.921181
vt 0.634526 0.305825
vt 0.634646 0.338681
vt 0.635080 0.895227
vt 0.635097 0.345796
vt 0.635203 0.750194
vt 0.635283 0.731703
vt 0.635521 0.937592
vt 0.635612 0.371117
vt 0.635713 0.445450
vt 0.635755 0.932569
vt 0.635776 0.700388
vt 0.635785 0.072748
vt 0.635885 0.000273
vt 0.635989 0.826137
vt 0.635999 0.386688
vt 0.636391 0.927247
vt 0.636392 0.727987
vt 0.636552 0.800701
vt 0.636719 0.023370
vt 0.636833 0.418527
vt 0.637026 0.249142
vt 0.637203 0.274573
vt 0.637340 0.907534
vt 0.637343 0.589785
vt 0.637384 0.666418
vt 0.637478 0.106856
vt 0.637704 0.150457
vt 0.637717 0.399951
vt 0.637734 0.316820
vt 0.638182 0.943362
vt 0.638201 0.265852
vt 0.638310 0.683493
vt 0.638347 0.692570
vt 0.638420 0.306826
vt 0.638440 0.653858
vt 0.638555 0.713518
vt 0.638730 0.900491
vt 0.638773 0.529500
vt 0.638935 0.365932
vt 0.638960 0.377289
vt 0.639451 0.615871
vt 0.639484 0.672701
vt 0.639549 0.358978
vt 0.639593 0.784284
vt 0.639626 0.757694
vt 0.639788 0.626671
vt 0.639843 0.054284
vt 0.640021 0.393178
vt 0.640090 0.768543
vt 0.640152 0.373457
vt 0.640185 0.438523
vt 0.640235 0.933718
vt 0.640259 0.460960
vt 0.640262 0.606730
vt 0.640405 0.295861
vt 0.640611 0.454471
vt 0.640626 0.009593
vt 0.640665 0.327987
vt 0.640812 0.334064
vt 0.640819 0.168506
vt 0.640905 0.311440
vt 0.640986 0.259389
vt 0.640993 0.467538
vt 0.641041 0.576282
vt 0.641044 0.432810
vt 0.641126 0.413215
vt 0.641135 0.449195
vt 0.641338 0.406402
vt 0.641388 0.285589
vt 0.641677 0.940075
vt 0.641740 0.426374
vt 0.641814 0.866162
vt 0.641821 0.748877
vt 0.641860 0.091433
vt 0.641889 0.340794
vt 0.641891 0.372251
vt 0.642000 0.303314
vt 0.642105 0.043196
vt 0.642303 0.887319
vt 0.642447 0.352098
vt 0.642605 0.219329
vt 0.642684 0.927195
vt 0.642773 0.665668
vt 0.642863 0.637944
vt 0.642953 0.270832
vt 0.643058 0.187767
vt 0.643193 0.381884
vt 0.643410 0.706525
vt 0.643511 0.556888
vt 0.643638 0.387973
vt 0.643710 0.600056
vt 0.643762 0.346097
vt 0.643781 0.828662
vt 0.644435 0.444139
vt 0.644443 0.308329
vt 0.644557 0.621341
vt 0.644697 0.907552
vt 0.644897 0.079789
vt 0.645045 0.725383
vt 0.645436 0.018107
vt 0.645451 0.391788
vt 0.645467 0.607197
vt 0.645472 0.695436
vt 0.645679 0.368278
vt 0.645732 0.914563
vt 0.645759 0.753389
vt 0.645777 0.945203
vt 0.646045 0.434602
vt 0.646068 0.031597
vt 0.646251 0.068293
vt 0.646313 0.518940
vt 0.646354 0.375097
vt 0.646467 0.457914
vt 0.646558 0.417900
vt 0.646809 0.396673
vt 0.646819 0.682647
vt 0.646907 0.613779
vt 0.647000 0.265500
vt 0.647253 0.204270
vt 0.647378 0.817984
vt 0.647510 0.313559
vt 0.647619 0.709804
vt 0.647622 0.342765
vt 0.647754 0.902186
vt 0.647800 0.739036
vt 0.647808 0.051735
vt 0.648001 0.759912
vt 0.648019 0.671842
vt 0.648055 0.829211
vt 0.648081 0.590618
vt 0.648096 0.328770
vt 0.648388 0.410800
vt 0.648403 0.239059
vt 0.648482 0.715199
vt 0.648538 0.293107
vt 0.648546 0.362264
vt 0.648572 0.704505
vt 0.648585 0.936899
vt 0.648602 0.336252
vt 0.648696 0.631941
vt 0.648773 0.276406
vt 0.649093 0.535860
vt 0.649164 0.446729
vt 0.649258 0.254886
vt 0.649361 0.381422
vt 0.649494 0.346615
vt 0.649702 0.305626
vt 0.649815 0.388780
vt 0.650055 0.644448
vt 0.650140 0.354806
vt 0.650181 0.660308
vt 0.650546 0.906832
vt 0.650746 0.527722
vt 0.650797 0.131370
vt 0.650867 0.607951
vt 0.650974 0.101665
vt 0.651231 0.750355
vt 0.651323 0.771981
vt 0.651437 0.299986
vt 0.651464 0.438193
vt 0.651527 0.422393
vt 0.651546 0.321114
vt 0.651718 0.452107
vt 0.652184 0.623474
vt 0.652263 0.349843
vt 0.652366 0.143623
vt 0.652470 0.371346
vt 0.652719 0.287942
vt 0.652745 0.341430
vt 0.652767 0.000279
vt 0.652778 0.429428
vt 0.652871 0.058356
vt 0.653020 0.909789
vt 0.653074 0.877661
vt 0.653178 0.799642
vt 0.653348 0.330155
vt 0.653376 0.679681
vt 0.653386 0.016825
vt 0.653605 0.928481
vt 0.653743 0.709526
vt 0.653936 0.047432
vt 0.654114 0.077265
vt 0.654466 0.784090
vt 0.654480 0.118827
vt 0.654510 0.311077
vt 0.654679 0.445349
vt 0.654843 0.089544
vt 0.655074 0.295999
vt 0.655196 0.940001
vt 0.655199 0.027723
vt 0.655213 0.402991
vt 0.655243 0.218925
vt 0.655296 0.689430
vt 0.655891 0.417437
vt 0.655903 0.381389
vt 0.656143 0.889173
vt 0.656283 0.178840
vt 0.656285 0.306094
vt 0.656385 0.651714
vt 0.656401 0.684407
vt 0.656434 0.344613
vt 0.656550 0.390915
vt 0.656660 0.227378
vt 0.656793 0.660292
vt 0.656854 0.700307
vt 0.657052 0.301075
vt 0.657184 0.669131
vt 0.657245 0.162908
vt 0.657348 0.634378
vt 0.657479 0.411736
vt 0.657554 0.532417
vt 0.657842 0.365222
vt 0.657865 0.422811
vt 0.658097 0.915302
vt 0.658496 0.744586
vt 0.658498 0.212304
vt 0.658629 0.281791
vt 0.658817 0.024343
vt 0.658847 0.336671
vt 0.658939 0.722683
vt 0.658940 0.616448
vt 0.658997 0.643437
vt 0.659086 0.829499
vt 0.659098 0.446696
vt 0.659128 0.544792
vt 0.659311 0.359099
vt 0.659389 0.687015
vt 0.659511 0.251813
vt 0.659539 0.351911
vt 0.659784 0.328076
vt 0.659891 0.680193
vt 0.659982 0.383710
vt 0.660194 0.371681
vt 0.660374 0.267353
vt 0.660430 0.715581
vt 0.660452 0.603579
vt 0.660546 0.655536
vt 0.660847 0.201212
vt 0.660992 0.758328
vt 0.661272 0.440729
vt 0.661615 0.069673
vt 0.661622 0.378070
vt 0.661630 0.585103
vt 0.661729 0.040306
vt 0.661822 0.661813
vt 0.661996 0.521893
vt 0.662101 0.810698
vt 0.662160 0.782873
vt 0.662167 0.295082
vt 0.662306 0.627950
vt 0.662321 0.311642
vt 0.662498 0.773254
vt 0.662741 0.219544
vt 0.662809 0.190301
vt 0.662814 0.019866
vt 0.662835 0.904116
vt 0.662906 0.306110
vt 0.662998 0.566302
vt 0.663096 0.802666
vt 0.663204 0.417489
vt 0.663369 0.792719
vt 0.663381 0.720415
vt 0.663409 0.343242
vt 0.663418 0.382708
vt 0.663465 0.685968
vt 0.663514 0.648961
vt 0.663609 0.364737
vt 0.663750 0.032328
vt 0.663786 0.881966
vt 0.663817 0.404673
vt 0.663935 0.733479
vt 0.664243 0.674637
vt 0.664652 0.010263
vt 0.664659 0.239068
vt 0.664737 0.692624
vt 0.664926 0.700598
vt 0.665002 0.135527
vt 0.665048 0.389742
vt 0.665170 0.355008
vt 0.665478 0.360581
vt 0.665522 0.890971
vt 0.665805 0.708139
vt 0.665915 0.919084
vt 0.666038 0.686962
vt 0.666104 0.348141
vt 0.666368 0.227775
vt 0.666456 0.397970
vt 0.666484 0.934950
vt 0.666572 0.682301
vt 0.666739 0.084850
vt 0.666752 0.819609
vt 0.666830 0.319676
vt 0.666835 0.215214
vt 0.666884 0.657651
vt 0.666931 0.639093
vt 0.666997 0.666743
vt 0.667082 0.425143
vt 0.667472 0.103805
vt 0.667567 0.779372
vt 0.667663 0.724282
vt 0.667916 0.786033
vt 0.667957 0.746378
vt 0.668016 0.513418
vt 0.668161 0.435232
vt 0.668212 0.209893
vt 0.668242 0.615387
vt 0.668453 0.281327
vt 0.668463 0.369843
vt 0.668490 0.806440
vt 0.668613 0.912750
vt 0.668659 0.328552
vt 0.668953 0.717795
vt 0.668983 0.378201
vt 0.669444 0.408683
vt 0.669465 0.302599
vt 0.669479 0.383406
vt 0.669538 0.057540
vt 0.669541 0.390694
vt 0.669993 0.336359
vt 0.670132 0.019779
vt 0.670232 0.645204
vt 0.670241 0.291950
vt 0.670245 0.153764
vt 0.670297 0.765477
vt 0.670386 0.401360
vt 0.670416 0.773544
vt 0.670680 0.360011
vt 0.670820 0.800127
vt 0.670828 0.343244
vt 0.670866 0.028614
vt 0.671061 0.895440
vt 0.671290 0.687450
vt 0.671298 0.682183
vt 0.671300 0.826378
vt 0.671733 0.701040
vt 0.671794 0.350275
vt 0.671918 0.791613
vt 0.672187 0.298520
vt 0.672243 0.309719
vt 0.672365 0.675026
vt 0.672408 0.623920
vt 0.672416 0.646306
vt 0.672426 0.920711
vt 0.672455 0.728056
vt 0.672523 0.183868
vt 0.672999 0.386436
vt 0.673111 0.650392
vt 0.673118 0.377687
vt 0.673156 0.220050
vt 0.673362 0.292453
vt 0.673412 0.394779
vt 0.673546 0.270379
vt 0.673643 0.243043
vt 0.673680 0.373057
vt 0.673941 0.819437
vt 0.674040 0.287367
vt 0.674174 0.047672
vt 0.674185 0.642166
vt 0.674201 0.014424
vt 0.674254 0.415018
vt 0.674362 0.380605
vt 0.674501 0.633195
vt 0.674588 0.254453
vt 0.674689 0.886175
vt 0.674697 0.901550
vt 0.674769 0.170074
vt 0.675141 0.233530
vt 0.675371 0.756161
vt 0.675475 0.907038
vt 0.675709 0.205675
vt 0.675774 0.713833
vt 0.675844 0.553974
vt 0.676024 0.124727
vt 0.676052 0.782222
vt 0.676143 0.694585
vt 0.676196 0.598809
vt 0.676606 0.354730
vt 0.676643 0.810835
vt 0.676653 0.040905
vt 0.676699 0.315265
vt 0.676956 0.732402
vt 0.677045 0.344406
vt 0.677104 0.706309
vt 0.677426 0.639596
vt 0.677447 0.281131
vt 0.677534 0.321710
vt 0.677621 0.529142
vt 0.677759 0.700749
vt 0.677785 0.831626
vt 0.677926 0.329718
vt 0.678100 0.389078
vt 0.678109 0.399054
vt 0.678264 0.375818
vt 0.678350 0.369959
vt 0.678676 0.682974
vt 0.678719 0.822285
vt 0.678802 0.663893
vt 0.678809 0.291960
vt 0.678861 0.768474
vt 0.679110 0.894758
vt 0.679234 0.310389
vt 0.679242 0.348989
vt 0.679361 0.381201
vt 0.679374 0.337784
vt 0.679387 0.742721
vt 0.679431 0.414673
vt 0.679437 0.266715
vt 0.679460 0.674096
vt 0.679800 0.077622
vt 0.679931 0.899830
vt 0.679961 0.508799
vt 0.680067 0.614271
vt 0.680078 0.406640
vt 0.680323 0.300380
vt 0.680691 0.916211
vt 0.680710 0.517057
vt 0.680813 0.722757
vt 0.680843 0.242426
vt 0.681101 0.024258
vt 0.681270 0.648149
vt 0.681393 0.428463
vt 0.681525 0.715381
vt 0.681693 0.273000
vt 0.681924 0.796198
vt 0.682100 0.362199
vt 0.682193 0.353325
vt 0.682276 0.710731
vt 0.682342 0.542854
vt 0.682346 0.034128
vt 0.682611 0.933421
vt 0.683026 0.410747
vt 0.683029 0.904115
vt 0.683215 0.392795
vt 0.683410 0.343826
vt 0.683508 0.751440
vt 0.683768 0.065054
vt 0.683876 0.463460
vt 0.683893 0.566484
vt 0.684041 0.449175
vt 0.684076 0.829138
vt 0.684134 0.691753
vt 0.684460 0.639808
vt 0.684496 0.583542
vt 0.684551 0.098428
vt 0.685054 0.414083
vt 0.685088 0.384999
vt 0.685131 0.898823
vt 0.685166 0.113795
vt 0.685369 0.307342
vt 0.685396 0.908724
vt 0.685407 0.701186
vt 0.685510 0.372360
vt 0.685872 0.879598
vt 0.685906 0.348426
vt 0.686125 0.323803
vt 0.686138 0.183345
vt 0.686303 0.355374
vt 0.686724 0.817765
vt 0.686840 0.775957
vt 0.686908 0.768144
vt 0.686947 0.166013
vt 0.687042 0.416767
vt 0.687251 0.285603
vt 0.687308 0.629936
vt 0.687377 0.145680
vt 0.687590 0.407453
vt 0.687639 0.759712
vt 0.687659 0.889105
vt 0.687795 0.399350
vt 0.687866 0.350504
vt 0.688002 0.331052
vt 0.688030 0.056869
vt 0.688089 0.315777
vt 0.688153 0.268114
vt 0.688735 0.418684
vt 0.688835 0.785794
vt 0.688917 0.476306
vt 0.689499 0.228481
vt 0.689649 0.648187
vt 0.689671 0.338968
vt 0.689682 0.734073
vt 0.689709 0.685542
vt 0.689774 0.413581
vt 0.689834 0.251890
vt 0.689915 0.664650
vt 0.689926 0.302253
vt 0.690109 0.345526
vt 0.690143 0.674594
vt 0.690264 0.439596
vt 0.690296 0.806850
vt 0.690527 0.364385
vt 0.690652 0.357975
vt 0.690663 0.905701
vt 0.690681 0.693249
vt 0.690820 0.501617
vt 0.690936 0.294993
vt 0.690963 0.657093
vt 0.691279 0.203982
vt 0.691300 0.714027
vt 0.691411 0.389970
vt 0.691491 0.380036
vt 0.691648 0.916838
vt 0.691704 0.903256
vt 0.691841 0.909104
vt 0.692029 0.521183
vt 0.692250 0.367992
vt 0.692278 0.350876
vt 0.692447 0.407982
vt 0.692664 0.404335
vt 0.692822 0.747442
vt 0.692878 0.537236
vt 0.692940 0.469686
vt 0.692981 0.644838
vt 0.693769 0.897196
vt 0.693862 0.031830
vt 0.693877 0.795113
vt 0.694033 0.883085
vt 0.694225 0.907370
vt 0.694381 0.289056
vt 0.694450 0.309318
vt 0.694772 0.768789
vt 0.695074 0.697944
vt 0.695323 0.410007
vt 0.695478 0.905407
vt 0.695553 0.639068
vt 0.695555 0.689056
vt 0.695672 0.298647
vt 0.695722 0.044708
vt 0.695729 0.778726
vt 0.695768 0.555315
vt 0.695792 0.514047
vt 0.695815 0.371425
vt 0.695937 0.529208
vt 0.696090 0.383100
vt 0.696120 0.459061
vt 0.696232 0.891228
vt 0.696465 0.724605
vt 0.696528 0.786531
vt 0.696633 0.605265
vt 0.696681 0.820733
vt 0.696801 0.621373
vt 0.696895 0.430736
vt 0.697058 0.693239
vt 0.697068 0.543902
vt 0.697147 0.910361
vt 0.697253 0.488419
vt 0.697261 0.103131
vt 0.697284 0.261806
vt 0.697298 0.376585
vt 0.697417 0.343801
vt 0.697451 0.886111
vt 0.697452 0.281441
vt 0.697486 0.324138
vt 0.697580 0.351134
vt 0.697677 0.363558
vt 0.697683 0.682780
vt 0.697840 0.653339
vt 0.698322 0.316066
vt 0.698323 0.092431
vt 0.698502 0.933019
vt 0.698699 0.180914
vt 0.698746 0.271255
vt 0.698761 0.522434
vt 0.698919 0.195426
vt 0.698981 0.129304
vt 0.699153 0.334706
vt 0.699162 0.443747
vt 0.699272 0.356329
vt 0.699319 0.219345
vt 0.699549 0.402597
vt 0.699787 0.293186
vt 0.699799 0.646396
vt 0.700041 0.664620
vt 0.700088 0.696067
vt 0.700126 0.902897
vt 0.700250 0.387890
vt 0.700572 0.757903
vt 0.700643 0.674099
vt 0.700698 0.379510
vt 0.700745 0.702834
vt 0.700908 0.112676
vt 0.700942 0.731623
vt 0.701228 0.076049
vt 0.701380 0.738616
vt 0.701410 0.804235
vt 0.701552 0.893055
vt 0.701673 0.719773
vt 0.701805 0.572720
vt 0.701852 0.792537
vt 0.702204 0.360831
vt 0.702370 0.473879
vt 0.702397 0.367179
vt 0.702625 0.689317
vt 0.702761 0.631477
vt 0.703089 0.303985
vt 0.703099 0.772711
vt 0.703361 0.373201
vt 0.703832 0.311297
vt 0.704135 0.781474
vt 0.704202 0.658569
vt 0.704290 0.266361
vt 0.704315 0.728604
vt 0.704873 0.897735
vt 0.705180 0.062023
vt 0.705292 0.912374
vt 0.705308 0.354934
vt 0.705350 0.348662
vt 0.705505 0.276176
vt 0.705708 0.641996
vt 0.705708 0.497905
vt 0.705836 0.251528
vt 0.706009 0.724638
vt 0.706047 0.765180
vt 0.706067 0.286214
vt 0.706089 0.524713
vt 0.706106 0.539389
vt 0.706118 0.385591
vt 0.706185 0.399465
vt 0.706188 0.340785
vt 0.706488 0.937287
vt 0.706780 0.652035
vt 0.706782 0.617549
vt 0.706797 0.452902
vt 0.706825 0.210385
vt 0.706825 0.719607
vt 0.706851 0.680217
vt 0.706869 0.328272
vt 0.706958 0.694978
vt 0.706972 0.713671
vt 0.707088 0.104501
vt 0.707120 0.419654
vt 0.707250 0.377895
vt 0.707255 0.932171
vt 0.707308 0.365839
vt 0.707385 0.624853
vt 0.707535 0.145918
vt 0.707703 0.438966
vt 0.708210 0.506951
vt 0.708241 0.706166
vt 0.708895 0.670604
vt 0.709136 0.747705
vt 0.709144 0.776159
vt 0.709355 0.334579
vt 0.709847 0.886726
vt 0.710034 0.386579
vt 0.710321 0.370885
vt 0.710333 0.789612
vt 0.710347 0.229575
vt 0.710420 0.782682
vt 0.710442 0.359463
vt 0.710464 0.166063
vt 0.710632 0.661123
vt 0.710912 0.464175
vt 0.711008 0.077585
vt 0.711262 0.344072
vt 0.711361 0.693518
vt 0.711441 0.564796
vt 0.711602 0.591990
vt 0.711684 0.505502
vt 0.711820 0.721869
vt 0.711828 0.924168
vt 0.711900 0.627996
vt 0.711918 0.904292
vt 0.711958 0.317505
vt 0.711963 0.698649
vt 0.712102 0.758490
vt 0.712172 0.733306
vt 0.712243 0.769589
vt 0.712277 0.301750
vt 0.712546 0.380617
vt 0.712608 0.051467
vt 0.712703 0.339713
vt 0.712913 0.687750
vt 0.713014 0.517328
vt 0.713064 0.693298
vt 0.713065 0.346567
vt 0.713128 0.308292
vt 0.713152 0.655055
vt 0.713200 0.293821
vt 0.713229 0.896572
vt 0.713296 0.777032
vt 0.713321 0.491268
vt 0.713386 0.395402
vt 0.713422 0.829236
vt 0.713425 0.635395
vt 0.713568 0.938412
vt 0.713682 0.269468
vt 0.713776 0.800219
vt 0.713787 0.350814
vt 0.713848 0.815917
vt 0.714034 0.192998
vt 0.714245 0.553370
vt 0.714259 0.621586
vt 0.714353 0.675890
vt 0.714358 0.280626
vt 0.714362 0.365267
vt 0.714380 0.763887
vt 0.714551 0.781079
vt 0.714711 0.707538
vt 0.715126 0.784568
vt 0.715473 0.411283
vt 0.715548 0.611533
vt 0.715568 0.477203
vt 0.715628 0.326898
vt 0.715762 0.111972
vt 0.715824 0.151517
vt 0.716414 0.354350
vt 0.716730 0.657931
vt 0.716754 0.275185
vt 0.716762 0.647936
vt 0.716848 0.927455
vt 0.716890 0.530463
vt 0.716986 0.124272
vt 0.717035 0.373357
vt 0.717238 0.145929
vt 0.717385 0.523729
vt 0.717594 0.693311
vt 0.717606 0.715503
vt 0.717741 0.137585
vt 0.717909 0.342755
vt 0.718029 0.081791
vt 0.718082 0.357251
vt 0.718268 0.667239
vt 0.718507 0.419279
vt 0.718540 0.628477
vt 0.718807 0.765360
vt 0.718913 0.743454
vt 0.718959 0.772240
vt 0.718979 0.759932
vt 0.719069 0.780239
vt 0.719104 0.259647
vt 0.719298 0.451262
vt 0.719316 0.275568
vt 0.719331 0.383944
vt 0.719416 0.679669
vt 0.719860 0.575433
vt 0.720000 0.788572
vt 0.720008 0.674340
vt 0.720158 0.433356
vt 0.720446 0.751929
vt 0.720519 0.563822
vt 0.720574 0.725163
vt 0.720667 0.363668
vt 0.720756 0.334110
vt 0.720884 0.303847
vt 0.720976 0.823292
vt 0.721092 0.544270
vt 0.721096 0.931905
vt 0.721768 0.269820
vt 0.721844 0.709325
vt 0.722230 0.097923
vt 0.722368 0.312874
vt 0.722546 0.319637
vt 0.722563 0.622014
vt 0.722650 0.062771
vt 0.722846 0.277852
vt 0.722859 0.677915
vt 0.722874 0.923311
vt 0.722907 0.699334
vt 0.722981 0.469489
vt 0.723035 0.508300
vt 0.723379 0.349517
vt 0.723398 0.182174
vt 0.723524 0.345215
vt 0.723608 0.902516
vt 0.723740 0.783614
vt 0.723923 0.745499
vt 0.724106 0.407964
vt 0.724132 0.486767
vt 0.724225 0.628933
vt 0.724261 0.831195
vt 0.724329 0.760113
vt 0.724382 0.353335
vt 0.724503 0.535840
vt 0.724534 0.295135
vt 0.724577 0.284589
vt 0.724647 0.393210
vt 0.724762 0.736411
vt 0.724765 0.891536
vt 0.724773 0.244952
vt 0.724807 0.686377
vt 0.724844 0.637690
vt 0.725119 0.647306
vt 0.725555 0.777569
vt 0.725634 0.805552
vt 0.725872 0.556918
vt 0.726216 0.768228
vt 0.726336 0.324903
vt 0.726342 0.716379
vt 0.726450 0.357826
vt 0.726545 0.527139
vt 0.726581 0.658287
vt 0.726905 0.616325
vt 0.726945 0.277404
vt 0.727632 0.815611
vt 0.727771 0.462235
vt 0.727823 0.220668
vt 0.727986 0.374095
vt 0.728523 0.338400
vt 0.728536 0.567869
vt 0.728649 0.422501
vt 0.728669 0.783432
vt 0.728691 0.673536
vt 0.729106 0.823523
vt 0.729160 0.550682
vt 0.729226 0.749532
vt 0.729320 0.266249
vt 0.729584 0.587839
vt 0.729787 0.604665
vt 0.729891 0.793966
vt 0.729988 0.377591
vt 0.730167 0.149232
vt 0.730172 0.708107
vt 0.730818 0.349829
vt 0.731238 0.494055
vt 0.731477 0.555564
vt 0.731624 0.330502
vt 0.731723 0.577204
vt 0.731869 0.344221
vt 0.731991 0.627156
vt 0.732017 0.885262
vt 0.732043 0.647847
vt 0.732046 0.727463
vt 0.732118 0.437711
vt 0.732237 0.540453
vt 0.732371 0.738436
vt 0.732607 0.112383
vt 0.732713 0.452475
vt 0.732801 0.898790
vt 0.732856 0.934194
vt 0.732856 0.808359
vt 0.732978 0.700673
vt 0.733132 0.282727
vt 0.733240 0.561372
vt 0.733310 0.773819
vt 0.733360 0.692789
vt 0.733406 0.354544
vt 0.733572 0.398438
vt 0.733701 0.385823
vt 0.733720 0.616720
vt 0.733724 0.761154
vt 0.733792 0.530095
vt 0.733867 0.290090
vt 0.733974 0.258331
vt 0.734402 0.173165
vt 0.734696 0.828116
vt 0.734840 0.308620
vt 0.734950 0.411024
vt 0.735154 0.275393
vt 0.735236 0.801580
vt 0.735246 0.916912
vt 0.735308 0.638867
vt 0.735308 0.553687
vt 0.735366 0.128691
vt 0.735681 0.297965
vt 0.735871 0.582486
vt 0.735987 0.819401
vt 0.736147 0.334427
vt 0.736231 0.666834
vt 0.736272 0.684950
vt 0.736435 0.813348
vt 0.736666 0.752606
vt 0.737121 0.196548
vt 0.737285 0.732763
vt 0.737291 0.745981
vt 0.737315 0.319777
vt 0.737378 0.889038
vt 0.737442 0.569686
vt 0.737457 0.587229
vt 0.737463 0.543588
vt 0.737545 0.577369
vt 0.737688 0.546758
vt 0.737963 0.372831
vt 0.738185 0.781821
vt 0.738211 0.716234
vt 0.738261 0.251421
vt 0.738477 0.705273
vt 0.738694 0.925745
vt 0.738702 0.237037
vt 0.739005 0.327843
vt 0.739054 0.807608
vt 0.739172 0.656753
vt 0.739299 0.381410
vt 0.739387 0.509704
vt 0.739468 0.612584
vt 0.739562 0.605616
vt 0.739716 0.738189
vt 0.740060 0.340213
vt 0.740265 0.595568
vt 0.740726 0.364389
vt 0.740768 0.733462
vt 0.740799 0.697346
vt 0.740821 0.284032
vt 0.741057 0.690861
vt 0.741108 0.727648
vt 0.741178 0.622298
vt 0.741211 0.561604
vt 0.741220 0.331566
vt 0.741582 0.791825
vt 0.741922 0.583745
vt 0.741949 0.674878
vt 0.742125 0.542171
vt 0.742187 0.476898
vt 0.742290 0.647749
vt 0.743140 0.709441
vt 0.743150 0.575444
vt 0.743151 0.666648
vt 0.743241 0.418943
vt 0.743274 0.349879
vt 0.743600 0.228292
vt 0.743622 0.822109
vt 0.743806 0.392257
vt 0.743875 0.904495
vt 0.744017 0.552231
vt 0.744125 0.215571
vt 0.744273 0.735421
vt 0.744307 0.832616
vt 0.744653 0.769685
vt 0.744675 0.916064
vt 0.744861 0.403523
vt 0.744939 0.269055
vt 0.745064 0.812952
vt 0.745191 0.742983
vt 0.745239 0.754408
vt 0.745252 0.610356
vt 0.745281 0.293056
vt 0.745421 0.317426
vt 0.745485 0.305436
vt 0.745647 0.721456
vt 0.745693 0.927988
vt 0.745705 0.932447
vt 0.745732 0.802371
vt 0.745901 0.655134
vt 0.746025 0.325125
vt 0.746066 0.331218
vt 0.746237 0.920783
vt 0.746443 0.241753
vt 0.746509 0.635181
vt 0.746687 0.568236
vt 0.746701 0.604880
vt 0.746854 0.615982
vt 0.747508 0.685644
vt 0.747712 0.704640
vt 0.747844 0.538238
vt 0.748141 0.925801
vt 0.748156 0.713709
vt 0.748195 0.695031
vt 0.748354 0.354535
vt 0.748363 0.380430
vt 0.748475 0.589176
vt 0.749249 0.579493
vt 0.749345 0.661558
vt 0.749365 0.669913
vt 0.749561 0.520345
vt 0.749589 0.624658
vt 0.749619 0.335581
vt 0.749701 0.544105
vt 0.750004 0.561042
vt 0.750177 0.092703
vt 0.750235 0.739899
vt 0.750238 0.318977
vt 0.750573 0.573169
vt 0.750747 0.598068
vt 0.750907 0.730861
vt 0.751014 0.159713
vt 0.751278 0.782779
vt 0.751449 0.929727
vt 0.751659 0.440668
vt 0.751660 0.917658
vt 0.751738 0.763578
vt 0.751993 0.612180
vt 0.752029 0.422131
vt 0.752155 0.284259
vt 0.752302 0.503664
vt 0.752455 0.503017
vt 0.752588 0.327754
vt 0.752751 0.650353
vt 0.752810 0.112964
vt 0.752929 0.502933
vt 0.753220 0.371834
vt 0.753586 0.529402
vt 0.753688 0.323210
vt 0.753767 0.395643
vt 0.754037 0.294593
vt 0.754064 0.315405
vt 0.754218 0.206248
vt 0.754248 0.309242
vt 0.754424 0.606036
vt 0.754424 0.796335
vt 0.754432 0.620040
vt 0.754504 0.720569
vt 0.754569 0.554998
vt 0.754649 0.318467
vt 0.754709 0.389387
vt 0.754927 0.746323
vt 0.755154 0.592295
vt 0.755184 0.676783
vt 0.755256 0.700598
vt 0.755327 0.566629
vt 0.755354 0.822221
vt 0.755633 0.807740
vt 0.755656 0.770955
vt 0.755794 0.231116
vt 0.755797 0.183389
vt 0.755966 0.401957
vt 0.756190 0.927752
vt 0.756204 0.584255
vt 0.756288 0.340611
vt 0.756407 0.756216
vt 0.756581 0.709727
vt 0.756689 0.737178
vt 0.756772 0.058766
vt 0.756859 0.473389
vt 0.757070 0.575261
vt 0.757235 0.691860
vt 0.757304 0.683909
vt 0.757400 0.667242
vt 0.757561 0.730918
vt 0.757711 0.658715
vt 0.757725 0.725831
vt 0.757766 0.922406
vt 0.758363 0.481746
vt 0.758470 0.614348
vt 0.758784 0.629289
vt 0.758874 0.490964
vt 0.759002 0.537919
vt 0.759165 0.251033
vt 0.759310 0.930807
vt 0.759633 0.280946
vt 0.759801 0.600800
vt 0.760001 0.383733
vt 0.760048 0.316227
vt 0.760220 0.461609
vt 0.760369 0.409503
vt 0.760598 0.267566
vt 0.760956 0.391684
vt 0.760965 0.421028
vt 0.761341 0.609186
vt 0.761439 0.732606
vt 0.761609 0.621537
vt 0.761755 0.546785
vt 0.761773 0.679210
vt 0.761844 0.301004
vt 0.762102 0.396528
vt 0.762220 0.762363
vt 0.762407 0.719482
vt 0.762424 0.727248
vt 0.762492 0.652315
vt 0.762686 0.569869
vt 0.762980 0.590131
vt 0.763038 0.642574
vt 0.763101 0.095832
vt 0.763438 0.927496
vt 0.763529 0.200204
vt 0.763538 0.134619
vt 0.763662 0.791150
vt 0.763725 0.779603
vt 0.764160 0.561574
vt 0.764298 0.579170
vt 0.764484 0.709326
vt 0.764786 0.211486
vt 0.764823 0.802819
vt 0.764904 0.737885
vt 0.765048 0.750445
vt 0.765230 0.543749
vt 0.765605 0.699213
vt 0.765924 0.307761
vt 0.765987 0.616151
vt 0.766235 0.661400
vt 0.766492 0.290756
vt 0.766524 0.685189
vt 0.766709 0.814568
vt 0.766977 0.673692
vt 0.766979 0.606794
vt 0.767084 0.770031
vt 0.767515 0.931541
vt 0.767538 0.599264
vt 0.767648 0.362010
vt 0.767927 0.502065
vt 0.768369 0.389898
vt 0.768772 0.831227
vt 0.768804 0.585497
vt 0.768828 0.569682
vt 0.768903 0.625267
vt 0.769240 0.634468
vt 0.769286 0.551896
vt 0.769383 0.581026
vt 0.769417 0.426814
vt 0.769850 0.399231
vt 0.769997 0.706010
vt 0.770425 0.444893
vt 0.770649 0.474558
vt 0.770661 0.728503
vt 0.770974 0.713684
vt 0.771224 0.613050
vt 0.771512 0.618768
vt 0.771625 0.562544
vt 0.771737 0.259614
vt 0.771832 0.576939
vt 0.771891 0.379050
vt 0.772054 0.796897
vt 0.772304 0.593131
vt 0.772467 0.250088
vt 0.772640 0.621690
vt 0.772679 0.652240
vt 0.772713 0.501024
vt 0.773095 0.759455
vt 0.773132 0.740198
vt 0.773239 0.571734
vt 0.773259 0.331474
vt 0.773269 0.787038
vt 0.773468 0.584726
vt 0.773637 0.163464
vt 0.773903 0.107674
vt 0.773997 0.275295
vt 0.774015 0.194997
vt 0.774046 0.224653
vt 0.774155 0.241990
vt 0.774158 0.296293
vt 0.774218 0.567799
vt 0.774777 0.807372
vt 0.774972 0.749229
vt 0.774984 0.306069
vt 0.775760 0.690930
vt 0.775761 0.419719
vt 0.775862 0.632605
vt 0.775929 0.618028
vt 0.776162 0.607158
vt 0.776366 0.350493
vt 0.776746 0.325993
vt 0.777114 0.571771
vt 0.777147 0.489537
vt 0.777224 0.772902
vt 0.777498 0.625302
vt 0.778363 0.823360
vt 0.778470 0.703776
vt 0.778832 0.641537
vt 0.778851 0.563639
vt 0.779284 0.459089
vt 0.779298 0.679844
vt 0.779333 0.580119
vt 0.779505 0.664143
vt 0.779513 0.836182
vt 0.779636 0.409868
vt 0.780148 0.604767
vt 0.780452 0.589021
vt 0.780895 0.744720
vt 0.781210 0.434114
vt 0.781551 0.798910
vt 0.781707 0.422882
vt 0.781791 0.599774
vt 0.781856 0.569372
vt 0.782420 0.574655
vt 0.782506 0.762022
vt 0.782651 0.753104
vt 0.782665 0.633011
vt 0.782741 0.719109
vt 0.783068 0.369734
vt 0.783315 0.300714
vt 0.783468 0.628439
vt 0.783692 0.652830
vt 0.783931 0.619201
vt 0.784173 0.389835
vt 0.784794 0.577935
vt 0.784864 0.446728
vt 0.785012 0.572333
vt 0.785453 0.497527
vt 0.785710 0.826436
vt 0.785750 0.735282
vt 0.785812 0.816191
vt 0.786017 0.609374
vt 0.786017 0.836200
vt 0.786786 0.583403
vt 0.787019 0.638570
vt 0.787593 0.747566
vt 0.787882 0.701615
vt 0.788056 0.785379
vt 0.788952 0.577284
vt 0.789031 0.592969
vt 0.789160 0.807536
vt 0.789765 0.756693
vt 0.790100 0.692078
vt 0.790196 0.571323
vt 0.790201 0.307809
vt 0.790323 0.709814
vt 0.790880 0.604244
vt 0.790968 0.674157
vt 0.791076 0.768560
vt 0.791640 0.378371
vt 0.791888 0.828788
vt 0.792041 0.474737
vt 0.792104 0.343293
vt 0.792210 0.660699
vt 0.792814 0.431130
vt 0.793030 0.584383
vt 0.793063 0.631492
vt 0.793093 0.701832
vt 0.793224 0.610262
vt 0.793404 0.439886
vt 0.794317 0.841448
vt 0.794482 0.329229
vt 0.794531 0.729548
vt 0.794536 0.647004
vt 0.795338 0.489544
vt 0.795483 0.576696
vt 0.795761 0.742302
vt 0.795922 0.800454
vt 0.796880 0.487218
vt 0.796979 0.598258
vt 0.797106 0.618171
vt 0.797172 0.754742
vt 0.797300 0.718278
vt 0.797476 0.367162
vt 0.797501 0.816077
vt 0.797614 0.609538
vt 0.798186 0.791009
vt 0.798240 0.590237
vt 0.798401 0.477108
vt 0.798431 0.667965
vt 0.798598 0.455663
vt 0.798673 0.682281
vt 0.798875 0.604861
vt 0.798890 0.394643
vt 0.799098 0.418761
vt 0.799400 0.674863
vt 0.799688 0.706867
vt 0.799778 0.313800
vt 0.799941 0.583695
vt 0.799968 0.780563
vt 0.799992 0.301330
vt 0.800913 0.699103
vt 0.801306 0.678661
vt 0.801490 0.309755
vt 0.801529 0.737808
vt 0.801803 0.332293
vt 0.801936 0.746415
vt 0.801950 0.404782
vt 0.802019 0.470971
vt 0.802315 0.835983
vt 0.802433 0.660498
vt 0.802662 0.605771
vt 0.802705 0.796814
vt 0.802776 0.377037
vt 0.803813 0.609663
vt 0.803857 0.596342
vt 0.803969 0.360180
vt 0.804623 0.383397
vt 0.804663 0.602944
vt 0.804700 0.690372
vt 0.805049 0.641362
vt 0.805131 0.790325
vt 0.805411 0.464299
vt 0.805703 0.805177
vt 0.806012 0.672689
vt 0.806322 0.722754
vt 0.806364 0.769087
vt 0.806447 0.682451
vt 0.806467 0.340513
vt 0.806631 0.714530
vt 0.806747 0.580062
vt 0.807141 0.742233
vt 0.807385 0.697718
vt 0.807532 0.349334
vt 0.807673 0.828651
vt 0.807828 0.589439
vt 0.808075 0.752048
vt 0.808120 0.796901
vt 0.808665 0.733872
vt 0.809145 0.687100
vt 0.809519 0.402133
vt 0.809547 0.652295
vt 0.810018 0.841072
vt 0.810071 0.630099
vt 0.810315 0.704019
vt 0.810414 0.315786
vt 0.810477 0.362813
vt 0.810583 0.782653
vt 0.810919 0.439196
vt 0.810973 0.457273
vt 0.811124 0.308722
vt 0.811242 0.663774
vt 0.811679 0.398286
vt 0.812023 0.344397
vt 0.812151 0.792348
vt 0.812388 0.815251
vt 0.812453 0.608180
vt 0.812492 0.695281
vt 0.812679 0.453367
vt 0.812867 0.408384
vt 0.812870 0.336333
vt 0.812974 0.618093
vt 0.813326 0.803689
vt 0.813331 0.720637
vt 0.813716 0.678638
vt 0.813849 0.773534
vt 0.813865 0.401885
vt 0.813884 0.757255
vt 0.813931 0.293399
vt 0.814622 0.625567
vt 0.815079 0.597950
vt 0.815106 0.455329
vt 0.815547 0.643804
vt 0.815573 0.358723
vt 0.815591 0.687407
vt 0.815696 0.372549
vt 0.815859 0.381650
vt 0.816539 0.583857
vt 0.816895 0.838829
vt 0.817369 0.747951
vt 0.817471 0.671044
vt 0.817745 0.300838
vt 0.817841 0.612149
vt 0.818105 0.346606
vt 0.818121 0.713071
vt 0.818225 0.796516
vt 0.818369 0.341175
vt 0.818483 0.777083
vt 0.818803 0.590497
vt 0.818875 0.450913
vt 0.819554 0.803843
vt 0.819624 0.786102
vt 0.819817 0.167853
vt 0.820072 0.728070
vt 0.820284 0.453689
vt 0.820357 0.661030
vt 0.820479 0.316724
vt 0.820623 0.626742
vt 0.820794 0.389927
vt 0.820810 0.418355
vt 0.820933 0.351924
vt 0.821007 0.160870
vt 0.821014 0.651951
vt 0.821167 0.444989
vt 0.821246 0.765081
vt 0.821278 0.287453
vt 0.821466 0.810498
vt 0.821650 0.180732
vt 0.821688 0.333357
vt 0.821796 0.606721
vt 0.821812 0.679196
vt 0.821893 0.637174
vt 0.822602 0.825692
vt 0.822883 0.449302
vt 0.823963 0.698365
vt 0.824047 0.402320
vt 0.824080 0.800401
vt 0.824284 0.645486
vt 0.824668 0.309498
vt 0.824999 0.592955
vt 0.825331 0.145013
vt 0.825355 0.344623
vt 0.825533 0.360595
vt 0.826108 0.294280
vt 0.826199 0.111646
vt 0.826320 0.791120
vt 0.826806 0.833822
vt 0.826845 0.198052
vt 0.826885 0.616193
vt 0.827328 0.709552
vt 0.827632 0.632371
vt 0.828683 0.775632
vt 0.828769 0.600228
vt 0.828945 0.740892
vt 0.828972 0.315539
vt 0.829784 0.625747
vt 0.830170 0.726604
vt 0.830256 0.817488
vt 0.830440 0.751961
vt 0.830695 0.279550
vt 0.830732 0.377253
vt 0.830891 0.684682
vt 0.830971 0.805269
vt 0.831194 0.125679
vt 0.831277 0.717779
vt 0.831309 0.336035
vt 0.831474 0.783563
vt 0.831806 0.842343
vt 0.831946 0.163838
vt 0.832107 0.367188
vt 0.832139 0.212541
vt 0.832155 0.640393
vt 0.832475 0.829387
vt 0.832527 0.353847
vt 0.832896 0.671758
vt 0.832910 0.608538
vt 0.833048 0.320861
vt 0.833089 0.692538
vt 0.833104 0.654985
vt 0.833108 0.302218
vt 0.833160 0.187260
vt 0.833468 0.795349
vt 0.833999 0.099676
vt 0.834120 0.733286
vt 0.834202 0.431562
vt 0.834359 0.771669
vt 0.834409 0.386031
vt 0.834500 0.345980
vt 0.834733 0.431056
vt 0.835456 0.431073
vt 0.835566 0.313790
vt 0.835711 0.631796
vt 0.835731 0.176378
vt 0.835990 0.428135
vt 0.836257 0.764649
vt 0.836465 0.744078
vt 0.836630 0.725185
vt 0.836706 0.290391
vt 0.836887 0.780655
vt 0.837022 0.267158
vt 0.837475 0.776203
vt 0.838752 0.085077
vt 0.839043 0.705361
vt 0.839243 0.835157
vt 0.839277 0.361233
vt 0.839351 0.326852
vt 0.839450 0.225205
vt 0.839458 0.809070
vt 0.839477 0.355661
vt 0.839783 0.851234
vt 0.839970 0.788551
vt 0.840012 0.800710
vt 0.840025 0.063564
vt 0.840089 0.372981
vt 0.840208 0.339439
vt 0.840551 0.761106
vt 0.840649 0.307520
vt 0.840654 0.413215
vt 0.840669 0.318513
vt 0.841175 0.824797
vt 0.841835 0.145800
vt 0.841899 0.132304
vt 0.842013 0.283258
vt 0.842122 0.296133
vt 0.842744 0.194249
vt 0.842960 0.785108
vt 0.843267 0.380136
vt 0.843439 0.322503
vt 0.843544 0.845568
vt 0.843819 0.351082
vt 0.844028 0.824735
vt 0.844052 0.393187
vt 0.844206 0.357275
vt 0.844282 0.074697
vt 0.844537 0.393257
vt 0.844723 0.182965
vt 0.845312 0.433356
vt 0.845436 0.270237
vt 0.845747 0.115029
vt 0.845956 0.851260
vt 0.846021 0.292875
vt 0.846285 0.156132
vt 0.846433 0.368325
vt 0.846907 0.414170
vt 0.847036 0.748860
vt 0.847038 0.809698
vt 0.847197 0.356159
vt 0.847383 0.302236
vt 0.847393 0.167791
vt 0.847536 0.765856
vt 0.847655 0.772032
vt 0.847969 0.207303
vt 0.848107 0.037647
vt 0.848156 0.314839
vt 0.848466 0.328315
vt 0.848526 0.361920
vt 0.848871 0.424363
vt 0.849333 0.735699
vt 0.849938 0.092358
vt 0.850686 0.799035
vt 0.850709 0.066891
vt 0.851457 0.187751
vt 0.851582 0.760145
vt 0.851604 0.343602
vt 0.851881 0.052074
vt 0.851965 0.767770
vt 0.852109 0.137733
vt 0.852311 0.287473
vt 0.852351 0.374574
vt 0.852608 0.707037
vt 0.853285 0.298561
vt 0.853547 0.158589
vt 0.853597 0.224364
vt 0.853719 0.074780
vt 0.853914 0.265264
vt 0.853934 0.231378
vt 0.854180 0.215809
vt 0.854265 0.333508
vt 0.854763 0.354888
vt 0.855020 0.149073
vt 0.855524 0.436285
vt 0.855788 0.272498
vt 0.855886 0.403874
vt 0.856236 0.780322
vt 0.856237 0.306832
vt 0.856328 0.435552
vt 0.856471 0.769414
vt 0.856473 0.439208
vt 0.856609 0.366941
vt 0.856643 0.808337
vt 0.856679 0.433642
vt 0.856717 0.720649
vt 0.856786 0.689426
vt 0.856856 0.435903
vt 0.856862 0.652371
vt 0.856936 0.819425
vt 0.857141 0.418200
vt 0.857168 0.126449
vt 0.857195 0.115933
vt 0.857316 0.790477
vt 0.857351 0.408368
vt 0.857524 0.664024
vt 0.857543 0.324318
vt 0.857589 0.745468
vt 0.857715 0.081481
vt 0.858517 0.673192
vt 0.858526 0.831499
vt 0.858557 0.347936
vt 0.858788 0.400730
vt 0.859298 0.164771
vt 0.859701 0.025859
vt 0.860253 0.701144
vt 0.860313 0.278362
vt 0.860403 0.105855
vt 0.860434 0.733132
vt 0.860659 0.177917
vt 0.860813 0.314534
vt 0.860868 0.384444
vt 0.861277 0.193995
vt 0.862001 0.209228
vt 0.862170 0.060074
vt 0.862442 0.757874
vt 0.862881 0.304243
vt 0.862896 0.412178
vt 0.863020 0.394952
vt 0.863045 0.155898
vt 0.863120 0.709974
vt 0.863254 0.658338
vt 0.863428 0.362957
vt 0.863720 0.799414
vt 0.863747 0.216224
vt 0.863814 0.334501
vt 0.863848 0.291193
vt 0.863899 0.270005
vt 0.864059 0.137373
vt 0.864240 0.067987
vt 0.864784 0.399642
vt 0.864906 0.263570
vt 0.865018 0.376151
vt 0.865388 0.252701
vt 0.865488 0.039712
vt 0.866074 0.236715
vt 0.866110 0.824177
vt 0.866245 0.394570
vt 0.866285 0.380367
vt 0.866381 0.275677
vt 0.866774 0.351842
vt 0.866813 0.093071
vt 0.866835 0.785912
vt 0.867019 0.772578
vt 0.867028 0.582814
vt 0.867108 0.664425
vt 0.867392 0.676144
vt 0.867431 0.225960
vt 0.867490 0.053690
vt 0.867501 0.406093
vt 0.867851 0.116284
vt 0.868066 0.834074
vt 0.868104 0.146492
vt 0.868337 0.014401
vt 0.868571 0.812656
vt 0.868978 0.208271
vt 0.869094 0.310969
vt 0.869239 0.257013
vt 0.869372 0.059195
vt 0.869546 0.591975
vt 0.869567 0.319325
vt 0.869593 0.413798
vt 0.869607 0.654849
vt 0.869656 0.646424
vt 0.870028 0.185787
vt 0.870116 0.722833
vt 0.870197 0.302425
vt 0.870206 0.062484
vt 0.870408 0.698734
vt 0.870524 0.211408
vt 0.870671 0.752918
vt 0.870879 0.290984
vt 0.870882 0.333892
vt 0.870952 0.824416
vt 0.871001 0.327202
vt 0.871015 0.369636
vt 0.871217 0.339797
vt 0.871328 0.579080
vt 0.871570 0.204850
vt 0.871714 0.166129
vt 0.871779 0.741687
vt 0.871780 0.282778
vt 0.871891 0.059078
vt 0.871898 0.383010
vt 0.872181 0.760383
vt 0.872338 0.821114
vt 0.872976 0.401947
vt 0.873107 0.065304
vt 0.873278 0.672302
vt 0.873641 0.338324
vt 0.873674 0.710627
vt 0.873737 0.391213
vt 0.873813 0.360467
vt 0.873828 0.129562
vt 0.873853 0.155154
vt 0.874373 0.376150
vt 0.874639 0.028865
vt 0.874735 0.106246
vt 0.874949 0.398115
vt 0.875531 0.138820
vt 0.875644 0.039567
vt 0.875695 0.306505
vt 0.875865 0.651808
vt 0.876258 0.792381
vt 0.876296 0.346871
vt 0.876409 0.331523
vt 0.876542 0.578854
vt 0.876652 0.683580
vt 0.876683 0.781477
vt 0.876883 0.404631
vt 0.876886 0.317679
vt 0.877010 0.399181
vt 0.877133 0.275078
vt 0.877360 0.826837
vt 0.877361 0.074443
vt 0.877426 0.047480
vt 0.877603 0.428493
vt 0.877688 0.428587
vt 0.877692 0.191487
vt 0.877696 0.428558
vt 0.877928 0.815603
vt 0.877990 0.661448
vt 0.878390 0.572252
vt 0.878457 0.301293
vt 0.878685 0.804318
vt 0.878696 0.770828
vt 0.879025 0.215392
vt 0.879111 0.145769
vt 0.879288 0.411446
vt 0.879450 0.323576
vt 0.879453 0.328575
vt 0.879464 0.750576
vt 0.879543 0.838752
vt 0.879575 0.694979
vt 0.880000 0.290120
vt 0.880081 0.586232
vt 0.880422 0.039137
vt 0.880471 0.671210
vt 0.880958 0.370454
vt 0.881001 0.118017
vt 0.881026 0.337878
vt 0.881143 0.240767
vt 0.881209 0.133743
vt 0.881248 0.180059
vt 0.881432 0.160617
vt 0.881641 0.729194
vt 0.881805 0.571112
vt 0.881980 0.312637
vt 0.882096 0.760454
vt 0.882163 0.046566
vt 0.882215 0.401851
vt 0.882385 0.596073
vt 0.882667 0.332722
vt 0.882785 0.186780
vt 0.883063 0.357566
vt 0.883146 0.262619
vt 0.883218 0.703775
vt 0.883302 0.383290
vt 0.883392 0.717755
vt 0.883442 0.293186
vt 0.883495 0.153670
vt 0.883641 0.305448
vt 0.883715 0.091676
vt 0.884023 0.056017
vt 0.884199 0.460341
vt 0.884394 0.394847
vt 0.884510 0.777007
vt 0.884530 0.723833
vt 0.884766 0.272736
vt 0.884822 0.784951
vt 0.884867 0.453285
vt 0.884870 0.445564
vt 0.885360 0.128214
vt 0.885419 0.079605
vt 0.885501 0.200380
vt 0.885507 0.254849
vt 0.885844 0.650777
vt 0.886131 0.596441
vt 0.886208 0.225781
vt 0.886220 0.137409
vt 0.886252 0.682196
vt 0.886279 0.675480
vt 0.887018 0.557193
vt 0.887036 0.808844
vt 0.887278 0.169333
vt 0.887326 0.344960
vt 0.887418 0.573467
vt 0.887552 0.556407
vt 0.887774 0.585667
vt 0.888157 0.335920
vt 0.888160 0.445381
vt 0.888222 0.329086
vt 0.888314 0.852882
vt 0.888409 0.592091
vt 0.888589 0.189289
vt 0.888615 0.043570
vt 0.889050 0.738512
vt 0.889187 0.797777
vt 0.889263 0.403558
vt 0.889295 0.375457
vt 0.889302 0.063557
vt 0.889400 0.217143
vt 0.889467 0.320073
vt 0.889537 0.778556
vt 0.889972 0.690465
vt 0.890017 0.725334
vt 0.890194 0.295852
vt 0.890371 0.366074
vt 0.890736 0.260109
vt 0.890898 0.277225
vt 0.890945 0.246646
vt 0.891311 0.353943
vt 0.891564 0.103641
vt 0.891643 0.596349
vt 0.891788 0.147258
vt 0.891900 0.830783
vt 0.891967 0.236534
vt 0.892219 0.093211
vt 0.892342 0.071899
vt 0.892570 0.195610
vt 0.892970 0.577717
vt 0.892973 0.382443
vt 0.893039 0.309734
vt 0.893123 0.209714
vt 0.893174 0.840166
vt 0.893195 0.053552
vt 0.893647 0.768682
vt 0.893650 0.159506
vt 0.893655 0.456102
vt 0.893685 0.662455
vt 0.893901 0.416530
vt 0.893996 0.180105
vt 0.894021 0.819221
vt 0.894289 0.118247
vt 0.894593 0.333010
vt 0.894641 0.360020
vt 0.894734 0.287984
vt 0.894810 0.753328
vt 0.894867 0.677330
vt 0.894977 0.327242
vt 0.895085 0.230368
vt 0.895113 0.700716
vt 0.895536 0.587098
vt 0.895922 0.564396
vt 0.895936 0.062694
vt 0.896053 0.082128
vt 0.896269 0.391446
vt 0.896420 0.354519
vt 0.896440 0.128619
vt 0.896512 0.275224
vt 0.896620 0.466185
vt 0.896890 0.216422
vt 0.897134 0.136743
vt 0.897228 0.578449
vt 0.897345 0.432988
vt 0.897372 0.553709
vt 0.897424 0.199913
vt 0.897466 0.190167
vt 0.897561 0.596454
vt 0.897612 0.280577
vt 0.897655 0.713471
vt 0.897803 0.364002
vt 0.897817 0.260980
vt 0.897973 0.338936
vt 0.898057 0.608190
vt 0.898066 0.384978
vt 0.898128 0.785411
vt 0.898372 0.553186
vt 0.898495 0.572637
vt 0.898606 0.646229
vt 0.898842 0.550506
vt 0.899165 0.071028
vt 0.899206 0.357710
vt 0.899403 0.225343
vt 0.899574 0.762311
vt 0.899605 0.252474
vt 0.899709 0.540046
vt 0.899934 0.348454
vt 0.899936 0.374577
vt 0.899976 0.152229
vt 0.900388 0.303783
vt 0.900665 0.807992
vt 0.900699 0.577718
vt 0.900898 0.055578
vt 0.901287 0.457876
vt 0.901290 0.110356
vt 0.901614 0.589708
vt 0.901622 0.694126
vt 0.901701 0.082362
vt 0.901875 0.765567
vt 0.902046 0.233534
vt 0.902050 0.741858
vt 0.902165 0.600490
vt 0.902381 0.298431
vt 0.902447 0.242567
vt 0.902494 0.405194
vt 0.902752 0.318559
vt 0.902873 0.132378
vt 0.902929 0.843910
vt 0.903241 0.467719
vt 0.903449 0.797193
vt 0.903464 0.096006
vt 0.903570 0.622053
vt 0.903611 0.354750
vt 0.903845 0.414235
vt 0.903910 0.450574
vt 0.904266 0.542851
vt 0.904412 0.184781
vt 0.904499 0.330822
vt 0.904543 0.835429
vt 0.904652 0.142312
vt 0.904653 0.159009
vt 0.904704 0.367778
vt 0.904828 0.172145
vt 0.905153 0.853212
vt 0.905283 0.728978
vt 0.905367 0.826504
vt 0.905446 0.206354
vt 0.905681 0.252545
vt 0.905796 0.063928
vt 0.905998 0.120966
vt 0.906281 0.683606
vt 0.906383 0.701500
vt 0.906383 0.422073
vt 0.906548 0.217595
vt 0.906650 0.580134
vt 0.906727 0.361380
vt 0.906845 0.194453
vt 0.906864 0.595211
vt 0.906904 0.072957
vt 0.906960 0.562413
vt 0.907360 0.535773
vt 0.907880 0.761347
vt 0.907883 0.772871
vt 0.907921 0.266201
vt 0.908051 0.717800
vt 0.908340 0.586948
vt 0.908532 0.384413
vt 0.908667 0.285644
vt 0.908860 0.277379
vt 0.909024 0.226672
vt 0.909392 0.152176
vt 0.909421 0.297671
vt 0.909486 0.613363
vt 0.909637 0.107741
vt 0.909802 0.750734
vt 0.909887 0.535121
vt 0.909952 0.341769
vt 0.910306 0.479559
vt 0.910489 0.435267
vt 0.910535 0.581915
vt 0.910562 0.413643
vt 0.910710 0.304229
vt 0.911209 0.818307
vt 0.911354 0.367244
vt 0.911417 0.644436
vt 0.911431 0.792386
vt 0.911744 0.654087
vt 0.911804 0.831499
vt 0.911924 0.825546
vt 0.911961 0.609913
vt 0.911983 0.253549
vt 0.912040 0.396198
vt 0.912273 0.373297
vt 0.912320 0.783971
vt 0.912345 0.236106
vt 0.912488 0.082853
vt 0.912765 0.067556
vt 0.913087 0.315621
vt 0.913135 0.596686
vt 0.913388 0.855776
vt 0.913411 0.131960
vt 0.913492 0.710619
vt 0.913767 0.282095
vt 0.913883 0.667300
vt 0.914174 0.354000
vt 0.914269 0.741706
vt 0.914367 0.269659
vt 0.914402 0.244161
vt 0.914475 0.440826
vt 0.914523 0.405119
vt 0.914538 0.586093
vt 0.914630 0.561259
vt 0.914661 0.328039
vt 0.914670 0.573105
vt 0.914687 0.221336
vt 0.914816 0.691087
vt 0.914855 0.448122
vt 0.915171 0.864631
vt 0.915326 0.336117
vt 0.915412 0.844052
vt 0.915427 0.302088
vt 0.915447 0.185027
vt 0.915884 0.287185
vt 0.916099 0.145939
vt 0.916151 0.610999
vt 0.916450 0.261916
vt 0.916451 0.211977
vt 0.916486 0.364630
vt 0.916666 0.756749
vt 0.916715 0.423779
vt 0.916868 0.098195
vt 0.916970 0.531585
vt 0.917064 0.465268
vt 0.917115 0.549025
vt 0.917270 0.293619
vt 0.917293 0.608291
vt 0.917591 0.789084
vt 0.917746 0.580053
vt 0.917797 0.595026
vt 0.917799 0.518724
vt 0.918109 0.805020
vt 0.918396 0.750410
vt 0.918403 0.526131
vt 0.918561 0.223191
vt 0.918680 0.563541
vt 0.918699 0.160111
vt 0.918731 0.700792
vt 0.918842 0.448959
vt 0.918889 0.656059
vt 0.918925 0.282049
vt 0.918953 0.267135
vt 0.918978 0.828853
vt 0.919260 0.446060
vt 0.919288 0.616239
vt 0.919367 0.621685
vt 0.919534 0.116390
vt 0.919565 0.446959
vt 0.919727 0.199827
vt 0.919818 0.777365
vt 0.919987 0.381148
vt 0.919990 0.173728
vt 0.919996 0.447849
vt 0.920001 0.236061
vt 0.920015 0.680494
vt 0.920164 0.340938
vt 0.920180 0.783800
vt 0.920336 0.794136
vt 0.920423 0.220026
vt 0.920431 0.227914
vt 0.920611 0.531062
vt 0.920661 0.278048
vt 0.920761 0.722100
vt 0.920865 0.310849
vt 0.921026 0.302527
vt 0.921264 0.476083
vt 0.921271 0.571033
vt 0.921655 0.817492
vt 0.921747 0.433603
vt 0.922168 0.272526
vt 0.922223 0.604922
vt 0.922247 0.765704
vt 0.922263 0.857424
vt 0.922273 0.389164
vt 0.922470 0.413630
vt 0.922552 0.734866
vt 0.922622 0.288703
vt 0.922692 0.360540
vt 0.922733 0.128308
vt 0.922744 0.370835
vt 0.922919 0.506623
vt 0.923105 0.364453
vt 0.923541 0.616397
vt 0.923542 0.384904
vt 0.923760 0.347638
vt 0.923993 0.647478
vt 0.924012 0.282859
vt 0.924048 0.562743
vt 0.924105 0.504442
vt 0.924167 0.754864
vt 0.924228 0.243269
vt 0.924461 0.074606
vt 0.924580 0.334251
vt 0.924837 0.788461
vt 0.924972 0.138883
vt 0.925173 0.401965
vt 0.925201 0.167103
vt 0.925403 0.181595
vt 0.925565 0.295353
vt 0.925614 0.584202
vt 0.925646 0.148975
vt 0.925726 0.086991
vt 0.925810 0.221183
vt 0.925903 0.501534
vt 0.925922 0.517583
vt 0.925923 0.261576
vt 0.926141 0.782095
vt 0.926311 0.252140
vt 0.926858 0.234092
vt 0.927264 0.747063
vt 0.927281 0.611231
vt 0.927464 0.618199
vt 0.927472 0.105283
vt 0.927606 0.812697
vt 0.928057 0.189638
vt 0.928118 0.425879
vt 0.928134 0.660471
vt 0.928181 0.355894
vt 0.928195 0.213530
vt 0.928430 0.453664
vt 0.928500 0.569072
vt 0.928528 0.624690
vt 0.928609 0.323910
vt 0.928805 0.095409
vt 0.929235 0.794388
vt 0.929489 0.124331
vt 0.929667 0.173423
vt 0.929679 0.256694
vt 0.929704 0.267214
vt 0.929984 0.488135
vt 0.930027 0.162671
vt 0.930090 0.410992
vt 0.930131 0.530192
vt 0.930171 0.167561
vt 0.930196 0.224735
vt 0.930210 0.433087
vt 0.930286 0.379948
vt 0.930352 0.365892
vt 0.930456 0.243879
vt 0.930722 0.309415
vt 0.930782 0.156008
vt 0.930972 0.594645
vt 0.930976 0.089320
vt 0.931027 0.785228
vt 0.931078 0.709322
vt 0.931133 0.465085
vt 0.931248 0.482426
vt 0.931304 0.342399
vt 0.931331 0.418692
vt 0.931363 0.775634
vt 0.931422 0.549463
vt 0.931443 0.756948
vt 0.931517 0.132739
vt 0.931537 0.849929
vt 0.931576 0.640076
vt 0.931633 0.739108
vt 0.931737 0.285812
vt 0.931780 0.568653
vt 0.932115 0.275983
vt 0.932183 0.182284
vt 0.932342 0.618182
vt 0.932349 0.441493
vt 0.932404 0.112818
vt 0.932769 0.106270
vt 0.932780 0.731628
vt 0.933202 0.462844
vt 0.933454 0.127540
vt 0.933630 0.691483
vt 0.933630 0.825839
vt 0.933642 0.522599
vt 0.933952 0.839317
vt 0.934024 0.582250
vt 0.934103 0.816878
vt 0.934105 0.168218
vt 0.934243 0.512658
vt 0.934327 0.765423
vt 0.934424 0.219774
vt 0.934568 0.317118
vt 0.934640 0.721984
vt 0.934757 0.245232
vt 0.934821 0.526888
vt 0.934837 0.264216
vt 0.934949 0.236716
vt 0.934959 0.462809
vt 0.934964 0.199519
vt 0.935001 0.464770
vt 0.935170 0.563603
vt 0.935234 0.405329
vt 0.935280 0.291969
vt 0.935328 0.259546
vt 0.935362 0.555247
vt 0.935499 0.122394
vt 0.935600 0.467638
vt 0.935630 0.465648
vt 0.935676 0.099695
vt 0.936157 0.552654
vt 0.936166 0.619764
vt 0.936248 0.742244
vt 0.936557 0.614425
vt 0.936651 0.265852
vt 0.936674 0.535084
vt 0.936740 0.637514
vt 0.936803 0.339684
vt 0.936818 0.736508
vt 0.936862 0.805713
vt 0.936881 0.144965
vt 0.936936 0.091484
vt 0.936986 0.348526
vt 0.937116 0.673012
vt 0.937177 0.106672
vt 0.937361 0.392596
vt 0.937533 0.334176
vt 0.937678 0.452902
vt 0.937785 0.251590
vt 0.937920 0.414013
vt 0.938188 0.427068
vt 0.938292 0.226176
vt 0.938339 0.603511
vt 0.938377 0.748362
vt 0.938693 0.175705
vt 0.938703 0.520866
vt 0.938715 0.559092
vt 0.939198 0.162838
vt 0.939421 0.268477
vt 0.939516 0.188112
vt 0.939712 0.359115
vt 0.939717 0.575547
vt 0.939737 0.658354
vt 0.940025 0.531064
vt 0.940186 0.548618
vt 0.940259 0.648009
vt 0.940431 0.130085
vt 0.940613 0.262553
vt 0.940729 0.730869
vt 0.940835 0.770878
vt 0.941062 0.231556
vt 0.941254 0.850828
vt 0.941310 0.104170
vt 0.941467 0.120779
vt 0.941469 0.739607
vt 0.941471 0.370546
vt 0.941503 0.213267
vt 0.941590 0.113054
vt 0.941617 0.480087
vt 0.941661 0.296021
vt 0.941879 0.787217
vt 0.941890 0.381113
vt 0.942449 0.497289
vt 0.942606 0.330009
vt 0.942706 0.341590
vt 0.943062 0.682098
vt 0.943249 0.570253
vt 0.943273 0.441499
vt 0.943276 0.758491
vt 0.943435 0.140413
vt 0.943521 0.325064
vt 0.943620 0.256137
vt 0.943725 0.508529
vt 0.943730 0.514685
vt 0.943888 0.195402
vt 0.943956 0.834443
vt 0.944356 0.238427
vt 0.944366 0.309062
vt 0.944453 0.405448
vt 0.944458 0.282850
vt 0.944534 0.154795
vt 0.945125 0.470127
vt 0.945293 0.259795
vt 0.945412 0.540640
vt 0.945596 0.746575
vt 0.945637 0.146856
vt 0.945832 0.526390
vt 0.946189 0.720065
vt 0.946297 0.593045
vt 0.946324 0.842912
vt 0.946385 0.418506
vt 0.946668 0.553592
vt 0.946777 0.272637
vt 0.946825 0.766643
vt 0.946926 0.171212
vt 0.946958 0.365409
vt 0.947060 0.202724
vt 0.947111 0.631206
vt 0.947144 0.375890
vt 0.947147 0.387030
vt 0.947238 0.822521
vt 0.947340 0.162915
vt 0.947385 0.395400
vt 0.947465 0.262688
vt 0.948173 0.705144
vt 0.948450 0.192747
vt 0.948571 0.350885
vt 0.948778 0.246123
vt 0.948794 0.254023
vt 0.948922 0.226140
vt 0.948926 0.217967
vt 0.949075 0.379700
vt 0.949163 0.342198
vt 0.949173 0.620593
vt 0.949324 0.431160
vt 0.949604 0.582926
vt 0.949858 0.442878
vt 0.949928 0.336799
vt 0.949961 0.798863
vt 0.950015 0.181619
vt 0.950171 0.609836
vt 0.950609 0.210070
vt 0.950680 0.458248
vt 0.950688 0.643051
vt 0.950855 0.678642
vt 0.951014 0.579109
vt 0.951108 0.689381
vt 0.951185 0.371176
vt 0.951207 0.734035
vt 0.951227 0.297360
vt 0.951252 0.551192
vt 0.951259 0.377374
vt 0.951638 0.512687
vt 0.951783 0.488511
vt 0.951879 0.810811
vt 0.951980 0.774523
vt 0.952112 0.118645
vt 0.952150 0.632750
vt 0.952220 0.475169
vt 0.952285 0.836417
vt 0.952296 0.231767
vt 0.952418 0.790950
vt 0.952488 0.138303
vt 0.952489 0.538909
vt 0.952529 0.258823
vt 0.952870 0.527419
vt 0.952900 0.155662
vt 0.953077 0.572907
vt 0.953438 0.268500
vt 0.953520 0.212882
vt 0.953944 0.236673
vt 0.954160 0.784054
vt 0.954287 0.332850
vt 0.954345 0.667632
vt 0.954388 0.359421
vt 0.954463 0.653660
vt 0.954579 0.412207
vt 0.954622 0.207856
vt 0.954741 0.762141
vt 0.954780 0.564033
vt 0.954809 0.555959
vt 0.955061 0.437734
vt 0.955261 0.278401
vt 0.955276 0.170074
vt 0.955278 0.346486
vt 0.955561 0.602464
vt 0.955834 0.747984
vt 0.955903 0.577358
vt 0.955927 0.189925
vt 0.955968 0.380174
vt 0.956188 0.399571
vt 0.956220 0.388892
vt 0.956226 0.308988
vt 0.956273 0.500083
vt 0.956378 0.263278
vt 0.956425 0.446772
vt 0.956553 0.425841
vt 0.956570 0.198437
vt 0.956763 0.580615
vt 0.957106 0.373221
vt 0.957491 0.251040
vt 0.957728 0.796160
vt 0.957844 0.528833
vt 0.957923 0.697874
vt 0.958225 0.258253
vt 0.958259 0.292734
vt 0.958273 0.532176
vt 0.958378 0.520405
vt 0.958575 0.548477
vt 0.958621 0.590931
vt 0.958972 0.417760
vt 0.959306 0.554974
vt 0.959401 0.720553
vt 0.959552 0.241008
vt 0.959574 0.680537
vt 0.959780 0.230678
vt 0.959920 0.191167
vt 0.959954 0.830822
vt 0.959957 0.272197
vt 0.960433 0.804478
vt 0.960449 0.470745
vt 0.960514 0.214174
vt 0.961033 0.525200
vt 0.961106 0.690536
vt 0.961190 0.788943
vt 0.961525 0.149989
vt 0.961704 0.707249
vt 0.961912 0.354248
vt 0.961949 0.540272
vt 0.961993 0.263271
vt 0.962036 0.485749
vt 0.962157 0.455650
vt 0.962283 0.342379
vt 0.962490 0.204182
vt 0.963010 0.181514
vt 0.963032 0.500751
vt 0.963145 0.312174
vt 0.963236 0.162607
vt 0.963273 0.546864
vt 0.963478 0.222245
vt 0.963543 0.427804
vt 0.963576 0.379395
vt 0.963853 0.780056
vt 0.963983 0.438402
vt 0.964007 0.818577
vt 0.964141 0.735984
vt 0.964267 0.511353
vt 0.964463 0.255830
vt 0.964478 0.571860
vt 0.964967 0.369358
vt 0.965153 0.300638
vt 0.965220 0.769236
vt 0.965617 0.747622
vt 0.965870 0.596971
vt 0.966107 0.244761
vt 0.966193 0.755893
vt 0.966227 0.193507
vt 0.966433 0.658267
vt 0.966507 0.629068
vt 0.966647 0.533622
vt 0.966746 0.581924
vt 0.966847 0.614645
vt 0.966852 0.466519
vt 0.966853 0.743141
vt 0.967028 0.643693
vt 0.967165 0.418702
vt 0.967262 0.492657
vt 0.967558 0.404624
vt 0.967809 0.278465
vt 0.967841 0.797107
vt 0.967841 0.559545
vt 0.967888 0.285671
vt 0.967957 0.249814
vt 0.967958 0.448702
vt 0.967972 0.672727
vt 0.968142 0.389422
vt 0.968296 0.426948
vt 0.968422 0.502580
vt 0.968614 0.474591
vt 0.968747 0.235558
vt 0.968936 0.269953
vt 0.969352 0.485112
vt 0.969531 0.775722
vt 0.969678 0.523981
vt 0.969800 0.208153
vt 0.969830 0.698592
vt 0.969850 0.262165
vt 0.969932 0.787470
vt 0.969958 0.530320
vt 0.970034 0.809067
vt 0.970244 0.227101
vt 0.970378 0.455986
vt 0.971459 0.198806
vt 0.971668 0.512390
vt 0.971702 0.683610
vt 0.971839 0.284479
vt 0.972179 0.317654
vt 0.972332 0.780609
vt 0.972366 0.493774
vt 0.972388 0.550465
vt 0.972958 0.727215
vt 0.973026 0.360778
vt 0.973185 0.736333
vt 0.973193 0.241323
vt 0.973371 0.533302
vt 0.973373 0.816266
vt 0.973544 0.250302
vt 0.973868 0.715461
vt 0.974167 0.255724
vt 0.974417 0.460267
vt 0.974483 0.434107
vt 0.974795 0.526998
vt 0.975017 0.450116
vt 0.975136 0.542920
vt 0.975188 0.773207
vt 0.975534 0.234783
vt 0.975674 0.309101
vt 0.976147 0.731923
vt 0.976194 0.784951
vt 0.976471 0.822580
vt 0.976616 0.186898
vt 0.976665 0.745247
vt 0.977156 0.491704
vt 0.977199 0.652699
vt 0.977459 0.803523
vt 0.977650 0.535068
vt 0.977653 0.501444
vt 0.978077 0.738901
vt 0.978149 0.228237
vt 0.978225 0.469782
vt 0.978264 0.568632
vt 0.978405 0.675216
vt 0.978685 0.665078
vt 0.979252 0.297711
vt 0.980069 0.577447
vt 0.980120 0.631866
vt 0.980319 0.481258
vt 0.980389 0.234793
vt 0.980429 0.558441
vt 0.980672 0.812814
vt 0.980775 0.515407
vt 0.980918 0.793955
vt 0.981164 0.278489
vt 0.981184 0.529859
vt 0.981267 0.215150
vt 0.981332 0.762855
vt 0.981983 0.736257
vt 0.982188 0.680463
vt 0.982242 0.643822
vt 0.982257 0.548316
vt 0.982283 0.246474
vt 0.982371 0.222702
vt 0.982453 0.462214
vt 0.982521 0.491951
vt 0.982598 0.725255
vt 0.982706 0.185611
vt 0.982951 0.290320
vt 0.983199 0.437820
vt 0.983236 0.779412
vt 0.983341 0.372326
vt 0.983578 0.690702
vt 0.983588 0.707798
vt 0.983626 0.718186
vt 0.984257 0.261920
vt 0.984639 0.226559
vt 0.984974 0.803907
vt 0.985804 0.538504
vt 0.987304 0.221824
vt 0.987356 0.468470
vt 0.987606 0.530007
vt 0.988416 0.388175
vt 0.988437 0.287542
vt 0.988724 0.516508
vt 0.988738 0.730896
vt 0.989230 0.453784
vt 0.989654 0.242898
vt 0.989796 0.801998
vt 0.989813 0.230240
vt 0.990268 0.656794
vt 0.990558 0.250324
vt 0.990662 0.502300
vt 0.990736 0.750867
vt 0.991135 0.719161
vt 0.991650 0.270957
vt 0.991971 0.739794
vt 0.992002 0.675739
vt 0.992554 0.237634
vt 0.993773 0.220136
vt 0.994615 0.792446
vt 0.995066 0.775016
vt 0.995766 0.281004
vt 0.996108 0.514793
vt 0.996282 0.206443
vt 0.996321 0.255541
vt 0.997021 0.465444
vt 0.998185 0.302639
vt 0.998387 0.412672
vt 0.998814 0.265159
vt 0.998864 0.484784
f 5574/6867 5305/6892 5372/6839
f 3872/5248 3880/5166 3854/5279
f 3902/6129 3907/6206 4168/6093
f 3891/5620 3919/5670 3890/5738
f 3990/5550 3988/5639 4034/5500
f 4262/5428 3990/5550 4034/5500
f 5318/6811 5239/6751 5272/6781
f 3948/5776 4116/5759 3964/5853
f 5242/6330 3741/6462 3940/6358
f 5252/6402 5242/6330 5220/6285
f 3879/5163 3865/5139 3840/5114
f 5271/6809 135/6720 4934/6792
f 3988/5639 3934/5705 4116/5759
f 5220/6285 5371/6380 5252/6402
f 3988/5639 3990/5550 3934/5705
f 5242/6330 3807/6243 5220/6285
f 5228/6063 3937/6142 3902/6129
f 5211/6575 1664/6621 5085/6516
f 4041/6379 3741/6462 5236/6420
f 3880/5166 3837/5123 3854/5279
f 5318/6811 5272/6781 5319/6869
f 3856/5356 3957/5392 3980/5466
f 1664/6621 4971/6636 5084/6549
f 5319/6869 5272/6781 5271/6809
f 3940/6358 3741/6462 4041/6379
f 3881/5453 3864/5365 4034/5500
f 5348/6344 5222/6288 5237/6385
f 3940/6358 3960/6303 5242/6330
f 3948/5776 3964/5853 3890/5738
f 5305/6892 5373/6826 5372/6839
f 3965/5931 3964/5853 3972/5837
f 5236/6420 4075/6311 4041/6379
f 5234/6494 5236/6420 5277/6489
f 3888/5464 3997/5570 3990/5550
f 3888/5464 3856/5356 3980/5466
f 3997/5570 3934/5705 3990/5550
f 3960/6303 4057/6229 5242/6330
f 7544/6742 7543/6757 4934/6792
f 5235/6395 5229/6313 5348/6344
f 4128/6216 5222/6288 1495/6258
f 3914/5900 3921/5973 3954/5996
f 3966/5828 3914/5900 3954/5996
f 3972/5837 3983/5877 3965/5931
f 3842/5354 3854/5279 3884/5247
f 3872/5248 3856/5356 3873/5334
f 3801/6276 1495/6258 5222/6288
f 4057/6229 3960/6303 4075/6311
f 5249/6699 5260/6710 3812/6656
f 3868/5426 3958/5497 3980/5466
f 5210/6152 5370/6209 3937/6142
f 3807/6243 3937/6142 5370/6209
f 4971/6636 5234/6494 5084/6549
f 5370/6209 5210/6152 5220/6285
f 5250/6638 3652/6709 5249/6699
f 5373/6826 5296/6766 5372/6839
f 3998/6030 3983/5877 3950/5936
f 5276/6708 5239/6751 5296/6766
f 3880/5166 3872/5248 3879/5163
f 3940/6358 4075/6311 3960/6303
f 3626/6158 5220/6285 5210/6152
f 3998/6030 3969/5959 4246/6054
f 3829/5115 3884/5247 3854/5279
f 3980/5466 3958/5497 3997/5570
f 5242/6330 4057/6229 3807/6243
f 3868/5426 3842/5354 4030/5427
f 5272/6781 3652/6709 135/6720
f 3906/5241 3857/5232 3864/5365
f 4167/6178 4168/6093 3907/6206
f 4768/5958 3921/5973 3914/5900
f 3890/5738 3919/5670 3947/5726
f 3939/6039 3967/6035 3956/5957
f 4075/6311 3907/6206 4057/6229
f 5248/6606 5240/6653 5241/6616
f 5167/5764 3983/5877 3972/5837
f 3983/5877 3968/5787 3946/5866
f 3907/6206 4075/6311 5222/6288
f 5220/6285 5124/6278 5371/6380
f 3812/6656 5260/6710 5276/6708
f 3968/5787 3983/5877 5167/5764
f 7624/6730 5295/6724 5249/6699
f 3942/5683 3962/5693 5167/5764
f 7544/6742 2999/6674 7543/6757
f 3936/5630 3882/5604 3942/5683
f 5210/6152 3939/6039 3998/6030
f 5210/6152 3937/6142 3939/6039
f 5229/6313 3801/6276 5348/6344
f 3801/6276 5222/6288 5348/6344
f 3997/5570 3958/5497 3882/5604
f 5250/6638 3812/6656 5211/6575
f 3946/5866 3951/5908 3950/5936
f 3939/6039 3937/6142 3967/6035
f 5228/6063 3902/6129 3922/6078
f 3937/6142 5228/6063 3967/6035
f 3911/6236 3801/6276 5229/6313
f 4128/6216 1495/6258 3959/6213
f 3972/5837 3964/5853 4116/5759
f 3936/5630 3934/5705 3997/5570
f 3864/5365 3893/5300 3906/5241
f 3902/6129 4168/6093 3922/6078
f 3965/5931 3983/5877 3998/6030
f 3956/5957 3967/6035 4768/5958
f 3879/5163 3872/5248 3865/5139
f 3919/5670 3924/5560 3988/5639
f 4034/5500 3924/5560 3881/5453
f 3801/6276 3911/6236 3959/6213
f 4167/6178 4127/6222 4128/6216
f 5250/6638 5211/6575 7562/6571
f 3857/5232 3873/5334 3864/5365
f 3921/5973 5228/6063 3920/6032
f 3914/5900 3956/5957 4768/5958
f 3924/5560 4034/5500 3988/5639
f 3897/6145 4168/6093 4167/6178
f 3888/5464 3980/5466 3997/5570
f 3897/6145 3954/5996 4168/6093
f 3911/6236 5294/6170 3959/6213
f 5143/6487 5265/6570 5247/6537
f 4167/6178 4128/6216 3897/6145
f 3954/5996 3920/6032 4168/6093
f 3936/5630 3997/5570 3882/5604
f 3868/5426 3980/5466 3957/5392
f 4262/5428 3856/5356 3888/5464
f 3972/5837 3934/5705 5167/5764
f 5249/6699 3812/6656 5250/6638
f 3937/6142 3807/6243 4057/6229
f 3837/5123 3880/5166 3840/5114
f 3864/5365 4262/5428 4034/5500
f 3865/5139 3872/5248 3858/5132
f 3856/5356 3854/5279 3957/5392
f 3967/6035 3921/5973 4768/5958
f 3947/5726 3919/5670 3988/5639
f 3890/5738 3914/5900 3966/5828
f 3872/5248 3873/5334 3857/5232
f 5292/6075 3954/5996 3897/6145
f 3920/6032 3922/6078 4168/6093
f 5210/6152 3998/6030 3626/6158
f 5294/6170 5292/6075 3897/6145
f 3857/5232 3858/5132 3872/5248
f 3934/5705 3972/5837 4116/5759
f 3962/5693 3889/5598 3982/5681
f 3947/5726 3988/5639 4116/5759
f 5228/6063 3922/6078 3920/6032
f 3919/5670 3891/5620 3924/5560
f 3888/5464 3990/5550 4262/5428
f 3887/5572 3881/5453 3924/5560
f 5318/6811 5296/6766 5239/6751
f 3950/5936 3969/5959 3998/6030
f 3868/5426 4030/5427 3958/5497
f 3934/5705 3936/5630 3942/5683
f 3847/5512 3889/5598 3882/5604
f 5167/5764 3934/5705 3942/5683
f 5084/6549 5234/6494 5277/6489
f 3939/6039 3956/5957 3965/5931
f 3868/5426 3957/5392 3842/5354
f 3965/5931 562/5910 3964/5853
f 3914/5900 3890/5738 3964/5853
f 4128/6216 3959/6213 3897/6145
f 3890/5738 3947/5726 3948/5776
f 3856/5356 4262/5428 3873/5334
f 3626/6158 3998/6030 4246/6054
f 3947/5726 4116/5759 3948/5776
f 5236/6420 5085/6516 5277/6489
f 3968/5787 5167/5764 3962/5693
f 3842/5354 3957/5392 3854/5279
f 3893/5300 3864/5365 3881/5453
f 5241/6616 5250/6638 7562/6571
f 3882/5604 3958/5497 3847/5512
f 3879/5163 3840/5114 3880/5166
f 3968/5787 3962/5693 3982/5681
f 3864/5365 3873/5334 4262/5428
f 562/5910 3956/5957 3914/5900
f 4075/6311 3940/6358 4041/6379
f 3854/5279 3856/5356 3872/5248
f 3951/5908 3969/5959 3950/5936
f 4934/6792 4796/6850 5271/6809
f 3956/5957 562/5910 3965/5931
f 3958/5497 4030/5427 3847/5512
f 4167/6178 3907/6206 4127/6222
f 3891/5620 3890/5738 3928/5684
f 3891/5620 3887/5572 3924/5560
f 3882/5604 3962/5693 3942/5683
f 5252/6402 3741/6462 5242/6330
f 4844/7057 5175/6964 5757/6971
f 4789/7142 5174/7084 4844/7057
f 3890/5738 3966/5828 3928/5684
f 4218/7125 4789/7142 4844/7057
f 5306/6954 5323/6917 5175/6964
f 5750/7137 5174/7084 1705/7136
f 4789/7142 4225/7175 4815/7227
f 4851/7036 5306/6954 5175/6964
f 562/5910 3914/5900 3964/5853
f 5574/6867 5318/6811 5319/6869
f 4225/7175 4789/7142 4218/7125
f 5411/7212 4815/7227 5730/7259
f 4815/7227 4965/7151 4789/7142
f 4789/7142 4965/7151 5174/7084
f 5411/7212 4965/7151 4815/7227
f 3965/5931 3998/6030 3939/6039
f 1705/7136 4966/7173 5750/7137
f 5730/7259 4842/7234 5411/7212
f 5174/7084 5175/6964 4844/7057
f 5174/7084 4965/7151 1705/7136
f 5318/6811 5574/6867 5372/6839
f 4965/7151 5411/7212 4966/7173
f 4842/7234 4966/7173 5411/7212
f 5732/7282 4842/7234 5730/7259
f 5175/6964 5174/7084 4851/7036
f 1705/7136 4965/7151 4966/7173
f 5211/6575 5085/6516 3741/6462
f 5236/6420 3741/6462 5085/6516
f 5175/6964 5574/6867 5319/6869
f 5319/6869 5757/6971 5175/6964
f 5174/7084 5750/7137 4851/7036
f 5305/6892 5323/6917 5306/6954
f 3889/5598 3962/5693 3882/5604
f 5260/6710 5239/6751 5276/6708
f 3950/5936 3983/5877 3946/5866
f 5175/6964 5323/6917 5574/6867
f 3891/5620 3928/5684 3887/5572
f 5323/6917 5305/6892 5574/6867
f 5084/6549 5277/6489 5085/6516
f 3652/6709 5250/6638 5240/6653
f 3837/5123 3829/5115 3854/5279
f 5636/6985 4205/7073 4202/7035
f 2999/6674 5248/6606 5265/6570
f 3812/6656 5276/6708 1664/6621
f 5319/6869 5271/6809 4800/6886
f 5296/6766 4971/6636 5276/6708
f 5636/6985 4800/6886 4796/6850
f 5248/6606 5241/6616 7562/6571
f 5261/6475 5143/6487 5252/6402
f 3837/5123 3860/4996 3829/5115
f 4800/6886 5271/6809 4796/6850
f 5237/6385 4075/6311 5236/6420
f 5247/6537 3741/6462 5143/6487
f 5757/6971 5319/6869 4800/6886
f 5272/6781 135/6720 5271/6809
f 4796/6850 4934/6792 7543/6757
f 4202/7035 4844/7057 5757/6971
f 4808/7027 4205/7073 5636/6985
f 1664/6621 5211/6575 3812/6656
f 5235/6395 5237/6385 5234/6494
f 5636/6985 4202/7035 5757/6971
f 1711/7119 4218/7125 4844/7057
f 5636/6985 5757/6971 4800/6886
f 4844/7057 4202/7035 1711/7119
f 5247/6537 5265/6570 5248/6606
f 135/6720 2999/6674 7544/6742
f 135/6720 5240/6653 2999/6674
f 135/6720 7544/6742 4934/6792
f 5211/6575 3741/6462 7562/6571
f 5237/6385 5235/6395 5348/6344
f 3741/6462 5252/6402 5143/6487
f 5084/6549 5085/6516 1664/6621
f 5143/6487 5261/6475 5265/6570
f 3626/6158 5124/6278 5220/6285
f 7562/6571 3741/6462 5247/6537
f 3920/6032 3954/5996 3921/5973
f 5372/6839 5296/6766 5318/6811
f 5260/6710 5295/6724 5239/6751
f 5295/6724 5260/6710 5249/6699
f 3652/6709 5240/6653 135/6720
f 2999/6674 4810/6723 7543/6757
f 5220/6285 3807/6243 5370/6209
f 1495/6258 3801/6276 3959/6213
f 2999/6674 5115/6659 4810/6723
f 3959/6213 5294/6170 3897/6145
f 4057/6229 3902/6129 3937/6142
f 4127/6222 5222/6288 4128/6216
f 7562/6571 5247/6537 5248/6606
f 3907/6206 3902/6129 4057/6229
f 4075/6311 5237/6385 5222/6288
f 5237/6385 5236/6420 5234/6494
f 7624/6730 5249/6699 3652/6709
f 4127/6222 3907/6206 5222/6288
f 1664/6621 5276/6708 4971/6636
f 7624/6730 5239/6751 5295/6724
f 5250/6638 5241/6616 5240/6653
f 5272/6781 7624/6730 3652/6709
f 3967/6035 5228/6063 3921/5973
f 5371/6380 5261/6475 5252/6402
f 2999/6674 5265/6570 5115/6659
f 5240/6653 5248/6606 2999/6674
f 5239/6751 7624/6730 5272/6781
f 5322/781 7537/811 5110/846
f 3658/779 5322/781 5110/846
f 5124/305 4019/258 4141/333
f 3660/479 1097/557 5205/415
f 4002/592 5149/690 5115/722
f 5115/722 5265/629 4002/592
f 5322/781 5149/690 7537/811
f 3617/506 5171/469 5102/467
f 1672/945 5116/850 5110/846
f 5112/809 4810/795 4809/775
f 5206/343 4137/334 4027/249
f 5122/313 5205/415 5206/343
f 3660/479 5184/624 1097/557
f 7552/418 6067/486 3963/500
f 4019/258 5124/305 3938/214
f 4809/775 5115/722 3658/779
f 5216/581 5320/527 7742/468
f 4809/775 3658/779 5112/809
f 5117/365 4108/431 5137/543
f 5116/850 5112/809 3658/779
f 5205/415 5191/288 5192/351
f 5137/543 7797/499 5117/365
f 5124/305 4141/333 7552/418
f 5192/351 3660/479 5205/415
f 5205/415 5122/313 5191/288
f 5217/788 1642/672 5273/735
f 5563/1148 5636/1157 4944/1080
f 5186/707 5121/881 5120/792
f 4935/1099 5107/1217 5026/1096
f 5275/1026 5090/1098 5096/1191
f 1400/736 5184/624 1418/676
f 3658/779 5110/846 5116/850
f 5924/1003 5103/900 5270/963
f 3658/779 5149/690 5322/781
f 3216/843 5094/982 1463/854
f 5128/990 5091/910 4975/1123
f 5261/522 3963/500 4002/592
f 1166/871 1425/790 5217/788
f 5026/1096 4941/1247 5563/1148
f 5288/1039 1672/945 5924/1003
f 4941/1247 4883/1269 5563/1148
f 3216/843 5881/908 5094/982
f 5144/720 5101/628 5189/711
f 4976/1278 4984/1117 4985/1239
f 1400/736 1425/790 5506/829
f 5563/1148 4883/1269 4808/1187
f 5112/809 5116/850 5114/876
f 5217/788 1425/790 1642/672
f 4042/1019 5274/992 1588/898
f 1642/672 1418/676 3662/570
f 5506/829 1588/898 5274/992
f 4019/258 4026/216 4027/249
f 5288/1039 4796/988 1672/945
f 5275/1026 5096/1191 4935/1099
f 5103/900 5924/1003 1672/945
f 5144/720 5182/705 5145/622
f 5150/955 5275/1026 4935/1099
f 5180/763 5136/609 1444/649
f 5270/963 5103/900 5573/892
f 5026/1096 5924/1003 5270/963
f 5288/1039 5026/1096 5563/1148
f 5246/791 1463/854 5091/910
f 3974/880 5119/878 5150/955
f 1433/911 5180/763 2843/773
f 5150/955 5119/878 5121/881
f 7543/869 4810/795 5114/876
f 5274/992 5275/1026 5121/881
f 5026/1096 5270/963 4935/1099
f 5288/1039 5924/1003 5026/1096
f 7537/811 3974/880 5573/892
f 5274/992 5090/1098 5275/1026
f 5506/829 5274/992 5121/881
f 3466/401 5177/512 4108/431
f 5089/1209 5090/1098 5274/992
f 5150/955 4935/1099 5270/963
f 5253/833 5273/735 5129/859
f 5216/581 5051/699 5189/711
f 5094/982 5091/910 1463/854
f 5266/373 1460/299 3992/274
f 4984/1117 4975/1123 5091/910
f 5138/737 5151/830 2843/773
f 5270/963 3975/897 3974/880
f 4969/1271 5139/1197 5284/1238
f 5120/792 5119/878 3974/880
f 5120/792 3974/880 7537/811
f 5190/694 5120/792 7537/811
f 5180/763 5051/699 5136/609
f 5120/792 5190/694 5186/707
f 5186/707 1400/736 5506/829
f 1640/864 4093/975 5151/830
f 5089/1209 4948/1114 4943/1177
f 1684/1261 2897/1121 1260/1240
f 4093/975 2897/1121 1433/911
f 5094/982 4984/1117 5091/910
f 4948/1114 4042/1019 4043/1069
f 4948/1114 5274/992 4042/1019
f 5184/624 1400/736 5186/707
f 4941/1247 5026/1096 5107/1217
f 5128/990 5129/859 5130/926
f 1444/649 5138/737 2843/773
f 5120/792 5121/881 5119/878
f 5182/705 5273/735 1462/580
f 4042/1019 4974/974 4043/1069
f 4974/974 1588/898 1166/871
f 1672/945 5110/846 5103/900
f 5089/1209 4943/1177 4969/1271
f 1642/672 1425/790 1418/676
f 4903/1138 5139/1197 4043/1069
f 5286/940 4043/1069 4974/974
f 4943/1177 4948/1114 4043/1069
f 4974/974 4042/1019 1588/898
f 1588/898 1425/790 1166/871
f 7575/785 3216/843 1463/854
f 5881/908 3216/843 5180/763
f 1641/1193 1260/1240 1656/1180
f 4043/1069 5128/990 4903/1138
f 5182/705 1462/580 5155/524
f 1166/871 5286/940 4974/974
f 4903/1138 5095/1265 5284/1238
f 4975/1123 4903/1138 5128/990
f 5506/829 1425/790 1588/898
f 5128/990 4043/1069 5286/940
f 5110/846 7537/811 5103/900
f 5151/830 1433/911 2843/773
f 3616/568 1642/672 3662/570
f 5286/940 5129/859 5128/990
f 1166/871 5253/833 5286/940
f 1418/676 1425/790 1400/736
f 4093/975 5135/1010 2856/1108
f 4943/1177 5139/1197 4969/1271
f 5253/833 5217/788 5218/783
f 1418/676 5184/624 3662/570
f 5246/791 5189/711 7575/785
f 1462/580 3876/633 3616/568
f 5273/735 5218/783 5217/788
f 5253/833 5218/783 5273/735
f 5145/622 5182/705 5155/524
f 5129/859 5182/705 5091/910
f 5182/705 5129/859 5273/735
f 3876/633 1642/672 3616/568
f 1166/871 5217/788 5253/833
f 5086/1165 4984/1117 5094/982
f 4975/1123 4984/1117 4976/1278
f 5182/705 5144/720 5091/910
f 4984/1117 5086/1165 4985/1239
f 5115/722 4809/775 4810/795
f 5094/982 1430/1027 5086/1165
f 4944/1080 5636/1157 4796/988
f 5144/720 5246/791 5091/910
f 5144/720 5145/622 5101/628
f 5320/527 5145/622 5155/524
f 5881/908 1430/1027 5094/982
f 5563/1148 4944/1080 5288/1039
f 7575/785 1463/854 5246/791
f 5144/720 5189/711 5246/791
f 5288/1039 4944/1080 4796/988
f 5320/527 5101/628 5145/622
f 2806/1218 5086/1165 2897/1121
f 5121/881 5275/1026 5150/955
f 1430/1027 5881/908 1433/911
f 5051/699 3216/843 7575/785
f 1641/1193 1656/1180 2856/1108
f 5101/628 5320/527 5216/581
f 5159/767 5134/916 1640/864
f 5180/763 3216/843 5051/699
f 4943/1177 4043/1069 5139/1197
f 5216/581 5189/711 5101/628
f 5573/892 3974/880 3975/897
f 3974/880 5150/955 5270/963
f 5128/990 5130/926 5091/910
f 4935/1099 5096/1191 4925/1204
f 5086/1165 1430/1027 2897/1121
f 4093/975 2856/1108 2897/1121
f 1433/911 2897/1121 1430/1027
f 2856/1108 1656/1180 2897/1121
f 1433/911 5881/908 5180/763
f 2897/1121 1656/1180 1260/1240
f 5136/609 5051/699 5137/543
f 5103/900 7537/811 5573/892
f 1231/810 1640/864 5151/830
f 5134/916 4093/975 1640/864
f 4925/1204 5107/1217 4935/1099
f 1444/649 7560/576 5138/737
f 5138/737 5159/767 1231/810
f 1231/810 5151/830 5138/737
f 5159/767 1640/864 1231/810
f 3662/570 5184/624 3660/479
f 1462/580 5273/735 3876/633
f 4975/1123 5095/1265 4903/1138
f 5270/963 5573/892 3975/897
f 1684/1261 2806/1218 2897/1121
f 5320/527 5155/524 5153/427
f 5096/1191 5090/1098 5089/1209
f 1642/672 3876/633 5273/735
f 5129/859 5286/940 5253/833
f 5129/859 5091/910 5130/926
f 5139/1197 4903/1138 5284/1238
f 5089/1209 5274/992 4948/1114
f 1444/649 2843/773 5180/763
f 5563/1148 4808/1187 5636/1157
f 5189/711 5051/699 7575/785
f 5186/707 5506/829 5121/881
f 5163/336 4197/292 5133/359
f 4093/975 1433/911 5151/830
f 5137/543 5051/699 5216/581
f 5134/916 5135/1010 4093/975
f 5095/1265 4975/1123 4976/1278
f 5193/115 4027/249 4021/174
f 1460/299 5204/210 3992/274
f 4197/292 3632/341 5133/359
f 5371/421 3963/500 5261/522
f 1460/299 3971/317 1457/237
f 3938/214 4246/133 4021/174
f 4049/561 6066/591 5149/690
f 4796/988 7543/869 5114/876
f 3971/317 5179/379 3631/323
f 7560/576 1444/649 5063/498
f 3466/401 5164/389 5063/498
f 4197/292 4199/235 3989/201
f 5177/512 5136/609 4108/431
f 5177/512 1444/649 5136/609
f 5164/389 7560/576 5063/498
f 4108/431 5136/609 5137/543
f 7742/468 7797/499 5216/581
f 5117/365 7742/468 5266/373
f 5117/365 5266/373 5165/244
f 1460/299 5153/427 5287/396
f 3971/317 5287/396 5179/379
f 5320/527 5266/373 7742/468
f 5153/427 5155/524 5287/396
f 1460/299 5287/396 3971/317
f 1460/299 1457/237 5204/210
f 5154/463 5179/379 5287/396
f 6066/591 6065/554 5190/694
f 5132/409 3486/492 3618/439
f 4197/292 3971/317 3631/323
f 5154/463 5132/409 5179/379
f 3631/323 3632/341 4197/292
f 5132/409 3632/341 5179/379
f 1444/649 5177/512 5063/498
f 3618/439 3617/506 5102/467
f 5154/463 1462/580 3486/492
f 3632/341 5132/409 5133/359
f 3617/506 3618/439 3486/492
f 1462/580 5154/463 5155/524
f 5102/467 5171/469 3618/439
f 1462/580 3616/568 3486/492
f 5133/359 5132/409 3618/439
f 4199/235 5191/288 4052/188
f 3616/568 3617/506 3486/492
f 5133/359 3618/439 5163/336
f 3658/779 5115/722 5149/690
f 3617/506 3616/568 3662/570
f 5153/427 1460/299 5266/373
f 3992/274 5165/244 5266/373
f 5118/413 6067/486 5264/394
f 1457/237 3971/317 4197/292
f 4199/235 5163/336 5192/351
f 3618/439 4001/420 5163/336
f 4199/235 5192/351 5191/288
f 5193/115 4052/188 4027/249
f 5132/409 5154/463 3486/492
f 3617/506 3662/570 5171/469
f 3660/479 4001/420 5171/469
f 4027/249 4052/188 5191/288
f 4001/420 3660/479 5192/351
f 5287/396 5155/524 5154/463
f 4002/592 4049/561 5149/690
f 5179/379 3632/341 3631/323
f 3989/201 1457/237 4197/292
f 3662/570 3660/479 5171/469
f 5171/469 4001/420 3618/439
f 4027/249 5191/288 5122/313
f 4026/216 4019/258 4021/174
f 7742/468 5117/365 7797/499
f 1097/557 5186/707 6065/554
f 3938/214 4021/174 4019/258
f 4021/174 4027/249 4026/216
f 5190/694 5149/690 6066/591
f 4246/133 3938/214 3626/202
f 5192/351 5163/336 4001/420
f 4141/333 4019/258 4137/334
f 6065/554 5205/415 1097/557
f 5205/415 5118/413 5206/343
f 5118/413 5264/394 4137/334
f 5184/624 5186/707 1097/557
f 5114/876 4810/795 5112/809
f 4137/334 5264/394 4141/333
f 5165/244 3992/274 5204/210
f 5124/305 3626/202 3938/214
f 4197/292 5163/336 4199/235
f 5371/421 5124/305 7552/418
f 5177/512 3466/401 5063/498
f 4002/592 3963/500 4049/561
f 6065/554 5118/413 5205/415
f 5266/373 5320/527 5153/427
f 5190/694 6065/554 5186/707
f 6067/486 5118/413 6065/554
f 5264/394 6067/486 7552/418
f 4019/258 4027/249 4137/334
f 4137/334 5206/343 5118/413
f 4002/592 5265/629 5261/522
f 1672/945 4796/988 5114/876
f 6066/591 6067/486 6065/554
f 5149/690 5190/694 7537/811
f 5137/543 5216/581 7797/499
f 6067/486 6066/591 4049/561
f 7552/418 3963/500 5371/421
f 3963/500 6067/486 4049/561
f 5116/850 1672/945 5114/876
f 7552/418 4141/333 5264/394
f 5206/343 4027/249 5122/313
f 1179/8424 1178/8525 5354/8531
f 4072/8077 4105/8079 5166/7991
f 5198/8411 3603/8310 4064/8440
f 3999/8574 5127/8621 4013/8567
f 7752/8303 1179/8424 1284/8410
f 4032/8453 5200/8512 4039/8530
f 5251/8588 4199/8651 4052/8648
f 5200/8512 2050/8569 4039/8530
f 5176/8561 4082/8490 300/8481
f 1514/8442 7753/8332 1284/8410
f 4071/8541 3994/8598 5176/8561
f 6069/8584 2050/8569 4013/8567
f 5199/8413 7877/8470 3912/8391
f 1372/8629 5204/8628 1457/8649
f 7807/8599 4108/8645 5117/8652
f 5207/8479 4014/8374 3912/8391
f 3991/8218 7995/8141 3985/8187
f 5165/8627 5259/8552 5176/8561
f 4013/8567 2050/8569 5200/8512
f 4032/8453 4015/8415 5200/8512
f 1284/8410 5354/8531 1514/8442
f 3989/8640 4199/8651 5257/8613
f 4071/8541 7807/8599 3994/8598
f 1372/8629 5127/8621 3999/8574
f 5207/8479 4013/8567 5200/8512
f 4072/8077 3985/8187 4105/8079
f 7751/8256 7753/8332 3985/8187
f 7753/8332 7751/8256 7752/8303
f 1379/8329 3985/8187 7753/8332
f 3991/8218 4140/8096 7995/8141
f 3985/8187 7995/8141 4105/8079
f 3991/8218 3985/8187 1379/8329
f 4140/8096 4105/8079 7995/8141
f 3603/8310 3991/8218 1379/8329
f 4140/8096 3991/8218 3603/8310
f 4113/8013 4058/8067 4230/7959
f 4206/8134 4031/8098 3903/8211
f 4230/7959 4292/7948 3908/7870
f 4110/8257 4005/8266 3996/8305
f 4069/7918 4073/7927 4006/8037
f 3993/8177 4121/8164 4005/8266
f 4069/7918 4006/8037 4113/8013
f 613/8208 612/8245 3582/8195
f 4123/8280 4005/8266 4121/8164
f 4031/8098 3993/8177 3903/8211
f 4114/7855 4154/7926 4101/7878
f 4045/8251 4061/8151 4244/8173
f 3829/8174 3846/8112 3884/8255
f 4121/8164 4006/8037 3995/8057
f 4006/8037 4121/8164 3993/8177
f 4058/8067 4206/8134 3896/8121
f 4003/8253 4244/8173 4033/8191
f 4033/8191 3896/8121 4206/8134
f 4121/8164 4010/8246 4123/8280
f 4166/7982 3995/8057 4006/8037
f 4008/8094 4010/8246 4121/8164
f 5207/8479 4015/8415 4014/8374
f 4008/8094 4121/8164 3995/8057
f 3853/8144 3846/8112 3849/8080
f 4206/8134 3903/8211 4033/8191
f 3993/8177 4031/8098 4006/8037
f 1803/8078 4270/7988 4088/8086
f 4080/7743 4171/7767 4159/7717
f 4159/7717 4171/7767 4174/7721
f 3999/8574 3978/8493 5259/8552
f 4024/8320 4050/8299 5209/8341
f 4004/8335 4015/8415 5209/8341
f 4278/8129 3786/8158 3582/8195
f 4060/8355 4059/8380 4249/8336
f 4144/7903 4157/7960 4117/7902
f 4230/7959 3908/7870 4318/7853
f 5165/8627 5204/8628 5259/8552
f 4035/8226 4025/8133 4271/8159
f 4166/7982 4006/8037 4073/7927
f 4003/8253 4024/8320 4060/8355
f 3811/7768 4160/7708 4174/7721
f 4107/8371 4015/8415 4032/8453
f 4273/8054 3896/8121 4244/8173
f 4035/8226 4271/8159 3582/8195
f 5209/8341 4107/8371 4024/8320
f 4008/8094 4007/8139 4010/8246
f 4230/7959 4069/7918 4113/8013
f 4172/7685 3918/7742 4170/7707
f 4056/8556 10/8536 4028/8591
f 4154/7926 4117/7902 4157/7960
f 4015/8415 4004/8335 4014/8374
f 5251/8588 5193/8612 4040/8522
f 4091/8269 3912/8391 4010/8246
f 3981/8405 4044/8428 3977/8468
f 3896/8121 4033/8191 4244/8173
f 4273/8054 4058/8067 3896/8121
f 4032/8453 4038/8445 4060/8355
f 4119/7812 4101/7878 4151/7880
f 5127/8621 1457/8649 3989/8640
f 3993/8177 4110/8257 3903/8211
f 4055/7996 4273/8054 4054/8011
f 4085/7710 4146/7785 7903/7784
f 4318/7853 4320/7802 4069/7918
f 4245/8277 4244/8173 4003/8253
f 7877/8470 3978/8493 3912/8391
f 5198/8411 300/8481 5199/8413
f 4110/8257 3996/8305 4050/8299
f 5165/8627 5176/8561 7540/8614
f 4097/7963 4068/8009 4067/8044
f 5165/8627 7540/8614 5117/8652
f 3886/7790 4119/7812 3918/7742
f 7807/8599 4065/8590 4108/8645
f 4101/7878 4097/7963 4166/7982
f 5176/8561 3994/8598 7540/8614
f 1796/7829 4183/7859 4144/7903
f 4166/7982 4067/8044 4008/8094
f 4223/7719 4198/7673 4176/7730
f 4097/7963 4067/8044 4166/7982
f 4091/8269 4130/8108 4103/8156
f 5251/8588 2050/8569 5256/8594
f 3886/7790 4114/7855 4101/7878
f 4056/8556 4028/8591 3946/8606
f 3999/8574 5207/8479 3978/8493
f 4318/7853 4277/7792 4320/7802
f 4054/8011 4273/8054 4274/8055
f 4292/7948 4230/7959 4055/7996
f 4154/7926 4097/7963 4101/7878
f 4287/7678 4236/7702 4229/7681
f 3886/7790 4101/7878 4119/7812
f 4223/7719 4338/7737 4287/7678
f 4097/7963 4154/7926 4068/8009
f 300/8481 4082/8490 5199/8413
f 4151/7880 4076/7787 4119/7812
f 4107/8371 4032/8453 4060/8355
f 4151/7880 4073/7927 4074/7889
f 4107/8371 4060/8355 4024/8320
f 4233/7665 4235/7666 4340/7631
f 4130/8108 4079/8043 4103/8156
f 4071/8541 7734/8524 7807/8599
f 4230/7959 4273/8054 4055/7996
f 4074/7889 4073/7927 4070/7867
f 4274/8055 4061/8151 4088/8086
f 3798/7641 4250/7715 4332/7675
f 3918/7742 4172/7685 4222/7727
f 3996/8305 4004/8335 5209/8341
f 4059/8380 4060/8355 4038/8445
f 4249/8336 4037/8347 4045/8251
f 4318/7853 3793/7806 4277/7792
f 3908/7870 4292/7948 3792/7847
f 4338/7737 4320/7802 4277/7792
f 4074/7889 4070/7867 4151/7880
f 5207/8479 5200/8512 4015/8415
f 4076/7787 4151/7880 4070/7867
f 4270/7988 4276/7919 4265/7891
f 4222/7727 4172/7685 4160/7708
f 3946/8606 3968/8586 4018/8572
f 4154/7926 4079/8043 4068/8009
f 4170/7707 4176/7730 4198/7673
f 4052/8648 5193/8612 5251/8588
f 3603/8310 4103/8156 4140/8096
f 4103/8156 4079/8043 4140/8096
f 4206/8134 4058/8067 4031/8098
f 4061/8151 4045/8251 613/8208
f 4071/8541 5176/8561 300/8481
f 3994/8598 7807/8599 5117/8652
f 4059/8380 4038/8445 2085/8422
f 4154/7926 1796/7829 4117/7902
f 4010/8246 4007/8139 4091/8269
f 4171/7767 7903/7784 4182/7843
f 4037/8347 4249/8336 2085/8422
f 3903/8211 4003/8253 4033/8191
f 4076/7787 4176/7730 4170/7707
f 4160/7708 1796/7829 3886/7790
f 4320/7802 4070/7867 4069/7918
f 3979/7888 4292/7948 4272/7925
f 3793/7806 4338/7737 4277/7792
f 4223/7719 4320/7802 4338/7737
f 3792/7847 4292/7948 3979/7888
f 4069/7918 4070/7867 4073/7927
f 3908/7870 3793/7806 4318/7853
f 1890/7951 4183/7859 4182/7843
f 3976/8421 4053/8486 3982/8511
f 3793/7806 3792/7847 4266/7765
f 3886/7790 1796/7829 4114/7855
f 3582/8195 612/8245 4035/8226
f 3918/7742 4076/7787 4170/7707
f 5204/8628 3999/8574 5259/8552
f 4274/8055 4270/7988 4292/7948
f 4014/8374 4123/8280 4010/8246
f 4261/8075 4025/8133 4268/8169
f 3786/8158 4088/8086 4061/8151
f 3848/8306 4035/8226 4037/8347
f 4287/7678 4340/7631 4317/7660
f 4274/8055 4088/8086 4270/7988
f 4037/8347 2085/8422 4120/8438
f 4154/7926 4114/7855 1796/7829
f 4058/8067 4273/8054 4230/7959
f 4061/8151 613/8208 3786/8158
f 3889/8484 3847/8426 3973/8387
f 4035/8226 612/8245 4037/8347
f 3973/8387 3847/8426 3851/8362
f 3793/7806 4266/7765 4338/7737
f 4151/7880 4166/7982 4073/7927
f 4056/8556 4053/8486 10/8536
f 3979/7888 4264/7830 3792/7847
f 4004/8335 4005/8266 4123/8280
f 4021/8656 4246/8655 4047/8625
f 4264/7830 4266/7765 3792/7847
f 4054/8011 4292/7948 4055/7996
f 4119/7812 4076/7787 3918/7742
f 3886/7790 4222/7727 4160/7708
f 4048/8585 5194/8608 4046/8554
f 1890/7951 4140/8096 4157/7960
f 4058/8067 4113/8013 4031/8098
f 5193/8612 4021/8656 4047/8625
f 4265/7891 3979/7888 4272/7925
f 4048/8585 3586/8564 4047/8625
f 4076/7787 4320/7802 4176/7730
f 4018/8572 4056/8556 3946/8606
f 4278/8129 4088/8086 3786/8158
f 10/8536 4046/8554 5194/8608
f 4338/7737 4236/7702 4287/7678
f 4320/7802 4076/7787 4070/7867
f 4223/7719 4287/7678 4317/7660
f 4046/8554 3586/8564 4048/8585
f 4144/7903 4117/7902 1796/7829
f 1803/8078 4088/8086 4278/8129
f 4103/8156 3603/8310 4091/8269
f 4044/8428 3981/8405 4037/8347
f 4045/8251 4037/8347 612/8245
f 3951/8632 3946/8606 4028/8591
f 4270/7988 4265/7891 4272/7925
f 4250/7715 4237/7699 5140/7764
f 9/8491 4044/8428 4120/8438
f 4130/8108 4067/8044 4068/8009
f 4271/8159 1803/8078 4278/8129
f 3848/8306 4025/8133 4035/8226
f 3839/8038 3859/8081 3849/8080
f 4264/7830 4265/7891 5197/7825
f 4008/8094 4067/8044 4007/8139
f 4266/7765 4236/7702 4338/7737
f 5140/7764 4264/7830 5197/7825
f 4237/7699 3798/7641 4235/7666
f 4233/7665 4340/7631 4287/7678
f 5193/8612 4047/8625 4016/8581
f 4113/8013 4006/8037 4031/8098
f 10/8536 9/8491 4046/8554
f 5166/7991 4105/8079 1890/7951
f 4271/8159 4278/8129 3582/8195
f 4281/7661 4332/7675 4331/7705
f 4115/8022 4276/7919 4270/7988
f 3883/8215 4025/8133 3848/8306
f 4059/8380 2085/8422 4249/8336
f 3883/8215 4268/8169 4025/8133
f 5140/7764 4263/7745 4250/7715
f 4233/7665 4287/7678 4229/7681
f 4079/8043 4157/7960 4140/8096
f 4236/7702 4237/7699 4235/7666
f 5197/7825 4265/7891 4276/7919
f 4263/7745 5140/7764 5197/7825
f 4183/7859 1796/7829 4138/7810
f 4016/8581 4023/8518 5193/8612
f 3859/8081 3853/8144 3849/8080
f 4266/7765 5140/7764 4237/7699
f 4171/7767 3811/7768 4174/7721
f 1796/7829 4160/7708 3811/7768
f 5166/7991 1890/7951 4147/7898
f 4051/8509 2085/8422 4023/8518
f 4025/8133 1803/8078 4271/8159
f 4007/8139 4067/8044 4130/8108
f 4521/8031 3832/7937 3839/8038
f 4025/8133 536/8003 4115/8022
f 4183/7859 1890/7951 4144/7903
f 4016/8581 3586/8564 4022/8549
f 4276/7919 4115/8022 536/8003
f 4003/8253 4060/8355 4245/8277
f 3977/8468 9/8491 10/8536
f 1890/7951 4182/7843 4147/7898
f 3848/8306 3970/8274 3883/8215
f 4046/8554 9/8491 4051/8509
f 3976/8421 3973/8387 3848/8306
f 4051/8509 4120/8438 2085/8422
f 3852/8272 3853/8144 4036/8270
f 4022/8549 4023/8518 4016/8581
f 3976/8421 3981/8405 4053/8486
f 4229/7681 4235/7666 4233/7665
f 3852/8272 3842/8338 3884/8255
f 4266/7765 4237/7699 4236/7702
f 5197/7825 4276/7919 4288/7846
f 4023/8518 2085/8422 4038/8445
f 4274/8055 4292/7948 4054/8011
f 4237/7699 4250/7715 3798/7641
f 4036/8270 3853/8144 4268/8169
f 4138/7810 4182/7843 4183/7859
f 4157/7960 4079/8043 4154/7926
f 3903/8211 4024/8320 4003/8253
f 4047/8625 4246/8655 5194/8608
f 4025/8133 4261/8075 536/8003
f 4051/8509 9/8491 4120/8438
f 3903/8211 4050/8299 4024/8320
f 10/8536 4053/8486 3977/8468
f 4264/7830 3979/7888 4265/7891
f 3970/8274 3848/8306 3973/8387
f 4047/8625 3586/8564 4016/8581
f 4245/8277 4060/8355 4249/8336
f 3973/8387 3976/8421 3982/8511
f 4051/8509 3586/8564 4046/8554
f 5194/8608 3951/8632 4028/8591
f 4147/7898 4182/7843 4131/7824
f 4005/8266 4110/8257 3993/8177
f 3586/8564 4051/8509 4022/8549
f 4048/8585 4047/8625 5194/8608
f 4138/7810 4171/7767 4182/7843
f 4022/8549 4051/8509 4023/8518
f 4250/7715 4263/7745 4332/7675
f 3918/7742 4222/7727 3886/7790
f 3555/8352 5199/8413 4091/8269
f 4071/8541 300/8481 4064/8440
f 4260/7905 4280/7842 4288/7846
f 4273/8054 4244/8173 4274/8055
f 4085/7710 7903/7784 4080/7743
f 4263/7745 4288/7846 4285/7776
f 4004/8335 4123/8280 4014/8374
f 5257/8613 6069/8584 5127/8621
f 5127/8621 1372/8629 1457/8649
f 536/8003 3838/7954 4260/7905
f 4036/8270 3970/8274 3973/8387
f 3976/8421 3848/8306 3981/8405
f 5193/8612 4023/8518 4040/8522
f 3970/8274 4036/8270 4268/8169
f 4261/8075 4268/8169 3853/8144
f 4259/7807 4257/7835 4258/7795
f 3889/8484 3973/8387 3982/8511
f 4331/7705 4285/7776 4254/7711
f 4053/8486 4056/8556 3982/8511
f 4274/8055 4244/8173 4061/8151
f 4176/7730 4320/7802 4223/7719
f 4037/8347 4120/8438 4044/8428
f 4245/8277 4249/8336 4045/8251
f 4028/8591 10/8536 5194/8608
f 5259/8552 3978/8493 7877/8470
f 4010/8246 3912/8391 4014/8374
f 4280/7842 4260/7905 3838/7954
f 3555/8352 4091/8269 3603/8310
f 4260/7905 4288/7846 4276/7919
f 4280/7842 4285/7776 4288/7846
f 7903/7784 4171/7767 4080/7743
f 4182/7843 7903/7784 4131/7824
f 3792/7847 3793/7806 3908/7870
f 5256/8594 2050/8569 5257/8613
f 4080/7743 4159/7717 4085/7710
f 3582/8195 3786/8158 613/8208
f 4261/8075 3839/8038 3838/7954
f 4036/8270 3973/8387 3851/8362
f 4115/8022 4270/7988 1803/8078
f 3859/8081 4261/8075 3853/8144
f 4018/8572 3982/8511 4056/8556
f 3811/7768 4138/7810 1796/7829
f 3970/8274 4268/8169 3883/8215
f 4245/8277 4045/8251 4244/8173
f 5198/8411 5199/8413 3555/8352
f 7903/7784 4146/7785 4131/7824
f 3860/8110 3841/8092 3829/8174
f 4280/7842 4257/7835 4259/7807
f 4005/8266 4004/8335 3996/8305
f 4261/8075 3859/8081 3839/8038
f 4171/7767 4138/7810 3811/7768
f 4198/7673 4223/7719 4317/7660
f 4318/7853 4069/7918 4230/7959
f 3846/8112 3841/8092 3843/8036
f 3838/7954 4257/7835 4280/7842
f 4256/8020 3846/8112 3843/8036
f 4101/7878 4166/7982 4151/7880
f 4036/8270 3851/8362 3852/8272
f 536/8003 4260/7905 4276/7919
f 4256/8020 4520/7946 4521/8031
f 4018/8572 3968/8586 3982/8511
f 4050/8299 3996/8305 5209/8341
f 3846/8112 3829/8174 3841/8092
f 3827/7914 3952/7854 4520/7946
f 4254/7711 4281/7661 4331/7705
f 4283/7758 4285/7776 4259/7807
f 3832/7937 4521/8031 4520/7946
f 4332/7675 4263/7745 4331/7705
f 3832/7937 4520/7946 3952/7854
f 3995/8057 4166/7982 4008/8094
f 4283/7758 4257/7835 4300/7773
f 4272/7925 4292/7948 4270/7988
f 3838/7954 3832/7937 4257/7835
f 4030/8376 3851/8362 3847/8426
f 4257/7835 3832/7937 3952/7854
f 4030/8376 3852/8272 3851/8362
f 4298/7646 4281/7661 4254/7711
f 4521/8031 3846/8112 4256/8020
f 9/8491 3977/8468 4044/8428
f 4254/7711 4283/7758 3470/7722
f 4331/7705 4263/7745 4285/7776
f 4130/8108 4091/8269 4007/8139
f 3838/7954 3839/8038 3832/7937
f 3470/7722 4283/7758 4300/7773
f 4261/8075 3838/7954 536/8003
f 3849/8080 4521/8031 3839/8038
f 4235/7666 4229/7681 4236/7702
f 3951/8632 5194/8608 3969/8643
f 3977/8468 4053/8486 3981/8405
f 3843/8036 3827/7914 4256/8020
f 4030/8376 3842/8338 3852/8272
f 3884/8255 3846/8112 3852/8272
f 3846/8112 4521/8031 3849/8080
f 4256/8020 3827/7914 4520/7946
f 4257/7835 3952/7854 4300/7773
f 300/8481 5198/8411 4064/8440
f 5117/8652 7540/8614 3994/8598
f 4071/8541 4064/8440 7734/8524
f 5256/8594 5257/8613 5251/8588
f 4082/8490 7877/8470 5199/8413
f 3555/8352 3603/8310 5198/8411
f 5259/8552 4082/8490 5176/8561
f 4110/8257 4050/8299 3903/8211
f 4258/7795 4257/7835 4283/7758
f 5257/8613 4199/8651 5251/8588
f 4259/7807 4258/7795 4283/7758
f 3848/8306 4037/8347 3981/8405
f 4263/7745 5197/7825 4288/7846
f 3969/8643 5194/8608 4246/8655
f 4068/8009 4079/8043 4130/8108
f 4023/8518 4038/8445 4040/8522
f 7807/8599 7734/8524 4065/8590
f 3852/8272 3846/8112 3853/8144
f 5207/8479 3912/8391 3978/8493
f 4140/8096 1890/7951 4105/8079
f 4064/8440 1514/8442 7734/8524
f 4065/8590 3466/8615 4108/8645
f 4064/8440 3603/8310 1379/8329
f 4064/8440 1379/8329 1514/8442
f 7734/8524 1514/8442 5354/8531
f 5354/8531 3466/8615 4065/8590
f 5251/8588 4040/8522 5328/8519
f 4259/7807 4285/7776 4280/7842
f 4107/8371 5209/8341 4015/8415
f 1379/8329 7753/8332 1514/8442
f 4144/7903 1890/7951 4157/7960
f 3466/8615 5354/8531 5164/8602
f 4254/7711 4285/7776 4283/7758
f 5354/8531 4065/8590 7734/8524
f 5207/8479 3999/8574 4013/8567
f 5164/8602 5354/8531 1178/8525
f 1284/8410 1179/8424 5354/8531
f 4040/8522 4032/8453 5328/8519
f 4091/8269 5199/8413 3912/8391
f 1803/8078 4025/8133 4115/8022
f 4266/7765 4264/7830 5140/7764
f 5257/8613 5127/8621 3989/8640
f 5251/8588 5328/8519 4039/8530
f 7752/8303 1284/8410 7753/8332
f 4040/8522 4038/8445 4032/8453
f 5328/8519 4032/8453 4039/8530
f 3999/8574 5204/8628 1372/8629
f 5127/8621 6069/8584 4013/8567
f 7877/8470 4082/8490 5259/8552
f 2050/8569 5251/8588 4039/8530
f 2050/8569 6069/8584 5257/8613
f 612/8245 613/8208 4045/8251
f 392/8343 8061/8278 8005/8220
f 4448/8193 4368/8203 4388/8088
f 3823/8093 4360/8148 4358/8180
f 7928/8254 7918/8307 350/8196
f 441/8553 7988/8630 456/8547
f 405/8600 401/8562 7860/8623
f 120/8662 405/8600 7860/8623
f 442/8436 433/8488 434/8397
f 405/8600 430/8538 401/8562
f 255/8583 252/8517 430/8538
f 392/8343 379/8286 384/8383
f 249/8472 430/8538 252/8517
f 405/8600 255/8583 430/8538
f 124/8416 128/8459 115/8364
f 382/8039 381/8046 368/7973
f 3798/7680 3795/7736 4155/7676
f 286/7667 7897/7692 4081/7622
f 4172/7579 4170/7560 4228/7654
f 124/8416 249/8472 128/8459
f 4215/8361 384/8383 379/8286
f 249/8472 124/8416 7872/8366
f 249/8472 252/8517 128/8459
f 434/8397 7998/8318 392/8343
f 7872/8366 440/8449 249/8472
f 250/8258 169/8290 246/8200
f 7991/8275 362/8324 7961/8321
f 120/8662 255/8583 405/8600
f 115/8364 253/8346 124/8416
f 124/8416 253/8346 7872/8366
f 3867/8406 374/8326 7961/8321
f 4203/7815 4220/7713 4219/7772
f 7872/8366 169/8290 250/8258
f 430/8538 249/8472 440/8449
f 401/8562 431/8535 428/8609
f 7988/8630 428/8609 456/8547
f 406/8657 428/8609 414/8650
f 401/8562 430/8538 431/8535
f 243/8142 168/8115 8036/8095
f 8032/8281 438/8209 7984/8240
f 240/8163 243/8142 8036/8095
f 3538/8230 457/8143 7983/8207
f 240/8163 8008/8171 237/8260
f 8039/8061 8008/8171 240/8163
f 243/8142 240/8163 170/8188
f 7991/8275 360/8232 362/8324
f 471/8546 8001/8570 458/8521
f 457/8143 3538/8230 8008/8171
f 476/8575 4118/8617 7988/8630
f 457/8143 8008/8171 233/8099
f 240/8163 8036/8095 8039/8061
f 233/8099 3476/8118 457/8143
f 3828/8119 8005/8220 7968/8160
f 373/8001 4216/7949 4356/7936
f 4219/7772 622/7861 4203/7815
f 170/8188 240/8163 237/8260
f 7988/8630 479/8664 414/8650
f 8039/8061 233/8099 8008/8171
f 3538/8230 237/8260 8008/8171
f 1747/7934 4227/7819 7976/7884
f 170/8188 168/8115 243/8142
f 4196/7816 4209/7801 4190/7741
f 4343/7974 4357/8032 4356/7936
f 428/8609 406/8657 511/8638
f 3476/8118 7983/8207 457/8143
f 366/7840 7973/7896 372/7800
f 8060/8659 8059/8611 424/8622
f 4011/8634 8059/8611 4181/8654
f 7980/8107 381/8046 3828/8119
f 4181/8654 8059/8611 8060/8659
f 4118/8617 518/8653 468/8642
f 130/8503 252/8517 255/8583
f 4009/8618 8059/8611 4011/8634
f 126/8563 130/8503 255/8583
f 8005/8220 379/8286 392/8343
f 8059/8611 417/8551 424/8622
f 4190/7741 7999/7695 4201/7774
f 130/8503 128/8459 252/8517
f 390/8228 403/8235 7991/8275
f 3476/8118 233/8099 7878/8056
f 3850/8435 8023/8431 7990/8461
f 439/8485 440/8449 3850/8435
f 7984/8240 393/8192 8067/8284
f 7990/8461 439/8485 3850/8435
f 4324/8216 379/8286 7978/8150
f 7991/8275 403/8235 360/8232
f 8023/8431 436/8471 7990/8461
f 453/8467 436/8471 8023/8431
f 430/8538 440/8449 439/8485
f 381/8046 382/8039 3828/8119
f 439/8485 431/8535 430/8538
f 376/8408 7977/8444 442/8436
f 439/8485 443/8496 456/8547
f 446/8437 445/8363 450/8427
f 4328/8242 362/8324 360/8232
f 462/8514 443/8496 436/8471
f 453/8467 8016/8539 462/8514
f 439/8485 456/8547 431/8535
f 456/8547 443/8496 441/8553
f 288/7735 372/7800 4329/7777
f 3816/8268 7928/8254 7993/8227
f 7925/7769 7971/7691 4322/7688
f 443/8496 462/8514 441/8553
f 400/8210 399/8100 7970/8155
f 399/8100 7880/8040 268/7997
f 169/8290 7872/8366 253/8346
f 237/8260 250/8258 170/8188
f 433/8488 418/8500 417/8551
f 241/8178 170/8188 250/8258
f 7997/7863 284/7755 7926/7757
f 4336/8199 390/8228 375/8261
f 241/8178 250/8258 246/8200
f 170/8188 241/8178 168/8115
f 4118/8617 463/8573 8001/8570
f 8001/8570 463/8573 8016/8539
f 4011/8634 4181/8654 482/8644
f 7983/8207 438/8209 455/8229
f 482/8644 4118/8617 8044/8604
f 453/8467 8023/8431 7985/8395
f 453/8467 458/8521 8016/8539
f 482/8644 465/8631 4011/8634
f 7902/7677 4145/7640 4156/7651
f 4228/7654 4198/7598 4232/7674
f 8044/8604 465/8631 482/8644
f 368/7973 432/7995 7890/7900
f 4232/7674 4344/7729 4228/7654
f 466/8582 8044/8604 8001/8570
f 453/8467 7985/8395 459/8394
f 7987/8358 459/8394 7985/8395
f 237/8260 7872/8366 250/8258
f 444/8480 458/8521 453/8467
f 465/8631 4009/8618 4011/8634
f 428/8609 511/8638 7860/8623
f 3828/8119 7978/8150 8005/8220
f 386/8063 373/8001 4357/8032
f 465/8631 8044/8604 472/8595
f 4324/8216 374/8326 379/8286
f 472/8595 8044/8604 466/8582
f 375/8261 374/8326 4324/8216
f 7973/7896 366/7840 7883/7916
f 466/8582 8001/8570 471/8546
f 4317/7617 4232/7674 4198/7598
f 453/8467 459/8394 444/8480
f 4344/7729 4232/7674 4345/7763
f 8031/8315 459/8394 7987/8358
f 444/8480 471/8546 458/8521
f 7881/7984 7885/7930 268/7997
f 465/8631 472/8595 4009/8618
f 466/8582 471/8546 472/8595
f 4357/8032 4342/8019 3823/8093
f 482/8644 518/8653 4118/8617
f 4216/7949 373/8001 391/8033
f 7983/8207 3476/8118 438/8209
f 459/8394 446/8437 444/8480
f 7918/8307 362/8324 4328/8242
f 8031/8315 445/8363 459/8394
f 454/8482 471/8546 444/8480
f 479/8664 7988/8630 474/8660
f 371/8198 403/8235 390/8228
f 7890/7900 7926/7757 7925/7769
f 446/8437 454/8482 444/8480
f 472/8595 8059/8611 4009/8618
f 447/8557 472/8595 471/8546
f 4214/7945 382/8039 368/7973
f 438/8209 3475/8083 393/8192
f 445/8363 446/8437 459/8394
f 7890/7900 7887/7923 368/7973
f 7978/8150 3828/8119 382/8039
f 446/8437 450/8427 454/8482
f 4324/8216 4336/8199 375/8261
f 8059/8611 472/8595 447/8557
f 7878/8056 8039/8061 7879/7971
f 7984/8240 438/8209 393/8192
f 3750/7939 3761/8023 1747/7934
f 3750/7939 7976/7884 4352/7967
f 8032/8281 8067/8284 445/8363
f 462/8514 436/8471 453/8467
f 7977/8444 376/8408 384/8383
f 4226/7849 7912/7821 4335/7901
f 7988/8630 4118/8617 461/8646
f 8070/8506 447/8557 454/8482
f 450/8427 8051/8396 454/8482
f 417/8551 8059/8611 433/8488
f 7918/8307 369/8202 350/8196
f 7878/8056 7879/7971 7881/7984
f 399/8100 3475/8083 7880/8040
f 436/8471 443/8496 7990/8461
f 428/8609 7860/8623 401/8562
f 7997/7863 282/7938 397/7932
f 399/8100 400/8210 393/8192
f 371/8198 360/8232 403/8235
f 4195/7637 4172/7579 4228/7654
f 450/8427 445/8363 8051/8396
f 445/8363 8067/8284 387/8337
f 431/8535 456/8547 428/8609
f 454/8482 8051/8396 8070/8506
f 4349/7966 4351/8005 3844/7993
f 383/8138 369/8202 4328/8242
f 433/8488 8059/8611 8070/8506
f 368/7973 7887/7923 4214/7945
f 4324/8216 7978/8150 4346/8114
f 8067/8284 393/8192 400/8210
f 8051/8396 445/8363 387/8337
f 8067/8284 7998/8318 387/8337
f 4336/8199 7969/8153 390/8228
f 8070/8506 8051/8396 433/8488
f 7904/7596 4085/7543 4208/7608
f 7977/8444 418/8500 433/8488
f 476/8575 462/8514 463/8573
f 418/8500 425/8464 359/8523
f 382/8039 4158/7978 8027/8049
f 383/8138 360/8232 371/8198
f 359/8523 425/8464 408/8483
f 4194/7866 4216/7949 3599/7906
f 7880/8040 7881/7984 268/7997
f 371/8198 7969/8153 383/8138
f 396/8087 7970/8155 399/8100
f 387/8337 7998/8318 8051/8396
f 433/8488 8051/8396 434/8397
f 4161/7848 7890/7900 7925/7769
f 7977/8444 433/8488 442/8436
f 418/8500 7977/8444 425/8464
f 408/8483 425/8464 411/8455
f 4174/7537 4160/7556 4175/7584
f 7998/8318 8061/8278 392/8343
f 4357/8032 373/8001 4356/7936
f 399/8100 389/8016 396/8087
f 437/8161 8062/8236 400/8210
f 4158/7978 4214/7945 7973/7896
f 437/8161 7970/8155 396/8087
f 8051/8396 7998/8318 434/8397
f 434/8397 376/8408 442/8436
f 4161/7848 4214/7945 7887/7923
f 349/8388 377/8450 8065/8381
f 3820/7962 282/7938 7890/7900
f 4209/7801 363/7865 365/7731
f 377/8450 354/8501 3867/8406
f 411/8455 425/8464 426/8392
f 2112/7734 372/7800 288/7735
f 283/7897 268/7997 7885/7930
f 389/8016 399/8100 268/7997
f 396/8087 389/8016 7888/8012
f 3795/7736 3798/7680 4293/7770
f 8062/8236 437/8161 380/8204
f 396/8087 370/8062 437/8161
f 4281/7726 3797/7756 4332/7668
f 4346/8114 7978/8150 8027/8049
f 8062/8236 8061/8278 7998/8318
f 8039/8061 7878/8056 233/8099
f 434/8397 392/8343 376/8408
f 426/8392 425/8464 384/8383
f 4162/7791 4161/7848 285/7746
f 349/8388 8065/8381 362/8324
f 3867/8406 8065/8381 377/8450
f 3867/8406 411/8455 426/8392
f 3845/7940 4352/7967 3762/7895
f 4340/7649 4337/7720 4232/7674
f 283/7897 397/7932 268/7997
f 397/7932 284/7755 7997/7863
f 7888/8012 389/8016 282/7938
f 4158/7978 7882/7979 8027/8049
f 370/8062 7888/8012 432/7995
f 8048/8301 3538/8230 1794/8283
f 435/8379 237/8260 8003/8325
f 3538/8230 7983/8207 1794/8283
f 440/8449 7872/8366 435/8379
f 1794/8283 7983/8207 588/8291
f 588/8291 7983/8207 455/8229
f 375/8261 390/8228 7961/8321
f 588/8291 8031/8315 7987/8358
f 4175/7584 4159/7528 4174/7537
f 1794/8283 8007/8334 8048/8301
f 4221/7714 4220/7713 4228/7654
f 4085/7543 4159/7528 4175/7584
f 4353/7836 4347/7809 4303/7885
f 400/8210 8062/8236 7998/8318
f 8003/8325 8007/8334 452/8390
f 7979/8029 4346/8114 8027/8049
f 374/8326 375/8261 7961/8321
f 373/8001 386/8063 391/8033
f 8029/8369 7987/8358 7985/8395
f 8031/8315 588/8291 455/8229
f 7985/8395 8023/8431 452/8390
f 438/8209 8032/8281 8031/8315
f 8007/8334 588/8291 7987/8358
f 8029/8369 8007/8334 7987/8358
f 237/8260 435/8379 7872/8366
f 7981/8136 437/8161 7980/8107
f 8048/8301 8007/8334 8003/8325
f 4340/7649 4235/7628 4155/7676
f 452/8390 435/8379 8003/8325
f 435/8379 452/8390 3850/8435
f 3538/8230 8003/8325 237/8260
f 3538/8230 8048/8301 8003/8325
f 400/8210 7998/8318 8067/8284
f 3850/8435 440/8449 435/8379
f 1794/8283 588/8291 8007/8334
f 3850/8435 452/8390 8023/8431
f 452/8390 8029/8369 7985/8395
f 4328/8242 360/8232 383/8138
f 452/8390 8007/8334 8029/8369
f 4359/8123 4369/8214 4360/8148
f 7978/8150 382/8039 8027/8049
f 3831/8504 354/8501 377/8450
f 8005/8220 8062/8236 380/8204
f 2112/7734 7902/7677 365/7731
f 384/8383 4215/8361 426/8392
f 361/8367 7911/8372 7962/8433
f 437/8161 7968/8160 380/8204
f 4355/8041 3844/7993 4351/8005
f 4217/7882 4196/7816 4226/7849
f 3768/7750 7999/7695 4192/7682
f 3830/7636 4164/7657 4175/7584
f 7999/7695 3830/7636 4192/7682
f 4220/7713 3768/7750 4192/7682
f 4297/7818 4491/7858 4314/7822
f 4295/7871 4294/7837 4491/7858
f 7936/8296 4369/8214 7937/8225
f 3845/7940 127/7922 4349/7966
f 4352/7967 7976/7884 3762/7895
f 4303/7885 4294/7837 4295/7871
f 389/8016 268/7997 397/7932
f 4180/7689 4155/7676 3796/7751
f 4491/7858 3473/7917 4295/7871
f 4362/7955 622/7861 1747/7934
f 408/8483 354/8501 359/8523
f 7978/8150 379/8286 8005/8220
f 3797/7756 4297/7818 4314/7822
f 4200/7687 4191/7664 4164/7657
f 7888/8012 370/8062 396/8087
f 4342/8019 4343/7974 7982/7970
f 458/8521 8001/8570 8016/8539
f 7976/7884 3750/7939 1747/7934
f 4344/7729 4345/7763 4227/7819
f 476/8575 463/8573 4118/8617
f 4341/7947 4303/7885 3473/7917
f 4344/7729 4227/7819 4219/7772
f 127/7922 4303/7885 4341/7947
f 3797/7756 3798/7680 4332/7668
f 461/8646 4118/8617 468/8642
f 366/7840 363/7865 4212/7875
f 4337/7720 4353/7836 4345/7763
f 7976/7884 4227/7819 4345/7763
f 7972/7941 7882/7979 4158/7978
f 351/8356 7918/8307 357/8333
f 4349/7966 3844/7993 3845/7940
f 447/8557 471/8546 454/8482
f 4180/7689 4340/7649 4155/7676
f 4364/8010 4352/7967 3844/7993
f 4175/7584 4164/7657 4191/7664
f 3820/7962 7890/7900 432/7995
f 7982/7970 4343/7974 4335/7901
f 3844/7993 4348/8051 4364/8010
f 4190/7741 3949/7725 4200/7687
f 7962/8433 7963/8492 3831/8504
f 7981/8136 7980/8107 7968/8160
f 4352/7967 4364/8010 3761/8023
f 400/8210 7970/8155 437/8161
f 4190/7741 4200/7687 7999/7695
f 4226/7849 4356/7936 4217/7882
f 418/8500 8049/8559 417/8551
f 4397/8089 4348/8051 4355/8041
f 4344/7729 4221/7714 4228/7654
f 3796/7751 4347/7809 4353/7836
f 4208/7608 4085/7543 4175/7584
f 4337/7720 3796/7751 4353/7836
f 4220/7713 4203/7815 3768/7750
f 4334/8116 350/8196 369/8202
f 7908/7563 4085/7543 7904/7596
f 4348/8051 4388/8088 4364/8010
f 7969/8153 4211/8035 383/8138
f 4364/8010 4388/8088 3761/8023
f 7912/7821 4201/7774 3768/7750
f 418/8500 359/8523 8049/8559
f 4360/8148 7967/8264 7993/8227
f 283/7897 284/7755 397/7932
f 357/8333 464/8293 8068/8340
f 364/7586 4145/7640 286/7667
f 4170/7560 4198/7598 4228/7654
f 4397/8089 4448/8193 4388/8088
f 3796/7751 4155/7676 3795/7736
f 383/8138 391/8033 386/8063
f 4368/8203 4359/8123 4388/8088
f 4368/8203 7937/8225 4359/8123
f 4220/7713 4221/7714 4219/7772
f 3845/7940 3844/7993 4352/7967
f 4200/7687 4164/7657 7999/7695
f 4334/8116 383/8138 386/8063
f 8068/8340 4365/8423 357/8333
f 4203/7815 7912/7821 3768/7750
f 4161/7848 7973/7896 4214/7945
f 4367/8066 3761/8023 4359/8123
f 4175/7584 4191/7664 4208/7608
f 7968/8160 437/8161 7981/8136
f 363/7865 8028/7953 7883/7916
f 4359/8123 7937/8225 4369/8214
f 4330/7789 4347/7809 3796/7751
f 4360/8148 7993/8227 4358/8180
f 4369/8214 7967/8264 4360/8148
f 370/8062 7980/8107 437/8161
f 7993/8227 7967/8264 464/8293
f 4404/8344 8068/8340 464/8293
f 4162/7791 372/7800 4161/7848
f 4359/8123 4360/8148 4367/8066
f 3473/7917 4303/7885 4295/7871
f 4211/8035 7969/8153 4346/8114
f 7881/7984 7880/8040 3475/8083
f 7962/8433 377/8450 349/8388
f 7967/8264 4369/8214 7931/8265
f 622/7861 4227/7819 1747/7934
f 4353/7836 3762/7895 7976/7884
f 8027/8049 7882/7979 7979/8029
f 7925/7769 4322/7688 285/7746
f 4162/7791 285/7746 288/7735
f 3796/7751 3795/7736 4330/7789
f 7931/8265 4369/8214 7936/8296
f 7904/7596 4208/7608 4156/7651
f 7937/8225 7922/8308 7936/8296
f 4337/7720 4345/7763 4232/7674
f 350/8196 4358/8180 7928/8254
f 8031/8315 455/8229 438/8209
f 432/7995 368/7973 381/8046
f 4293/7770 3797/7756 4294/7837
f 4200/7687 3949/7725 4191/7664
f 4191/7664 4156/7651 4208/7608
f 4161/7848 7925/7769 285/7746
f 8005/8220 8061/8278 8062/8236
f 4203/7815 4224/7864 7912/7821
f 384/8383 376/8408 392/8343
f 4359/8123 3761/8023 4388/8088
f 4316/7894 4203/7815 622/7861
f 7961/8321 362/8324 8065/8381
f 356/8429 351/8356 357/8333
f 4491/7858 4294/7837 4314/7822
f 3830/7636 7999/7695 4164/7657
f 411/8455 354/8501 408/8483
f 3823/8093 1745/8042 4360/8148
f 4160/7556 3830/7636 4175/7584
f 3762/7895 4353/7836 3845/7940
f 4293/7770 3781/7804 4193/7780
f 7967/8264 7931/8265 7930/8311
f 4209/7801 365/7731 3949/7725
f 4336/8199 4324/8216 4346/8114
f 8065/8381 3867/8406 7961/8321
f 7878/8056 3475/8083 3476/8118
f 3781/7804 4293/7770 4294/7837
f 7918/8307 351/8356 7911/8372
f 7936/8296 7930/8311 7931/8265
f 383/8138 4334/8116 369/8202
f 3949/7725 365/7731 4191/7664
f 361/8367 349/8388 362/8324
f 4191/7664 365/7731 4156/7651
f 4195/7637 3830/7636 4160/7556
f 4216/7949 4194/7866 4217/7882
f 7904/7596 4145/7640 7908/7563
f 4156/7651 4145/7640 7904/7596
f 3823/8093 350/8196 4334/8116
f 7912/7821 4226/7849 4201/7774
f 4190/7741 4201/7774 4196/7816
f 426/8392 374/8326 3867/8406
f 464/8293 3816/8268 7993/8227
f 4357/8032 3823/8093 4334/8116
f 4316/7894 4224/7864 4203/7815
f 362/8324 7918/8307 361/8367
f 393/8192 3475/8083 399/8100
f 7912/7821 4224/7864 4335/7901
f 7925/7769 7926/7757 7971/7691
f 622/7861 4362/7955 4316/7894
f 4336/8199 4346/8114 7969/8153
f 357/8333 7928/8254 3816/8268
f 383/8138 4211/8035 391/8033
f 7918/8307 7911/8372 361/8367
f 397/7932 282/7938 389/8016
f 8028/7953 7882/7979 7883/7916
f 3768/7750 4201/7774 7999/7695
f 7930/8311 4404/8344 7967/8264
f 7962/8433 3831/8504 377/8450
f 4388/8088 4348/8051 4397/8089
f 282/7938 3820/7962 7888/8012
f 7883/7916 7972/7941 7973/7896
f 7963/8492 7962/8433 356/8429
f 8001/8570 8044/8604 4118/8617
f 4343/7974 4342/8019 4357/8032
f 7888/8012 3820/7962 432/7995
f 1746/8007 4362/7955 1747/7934
f 3781/7804 4347/7809 4330/7789
f 3781/7804 4303/7885 4347/7809
f 4219/7772 4227/7819 622/7861
f 4344/7729 4219/7772 4221/7714
f 4353/7836 4303/7885 127/7922
f 3845/7940 4353/7836 127/7922
f 386/8063 4357/8032 4334/8116
f 4317/7617 4340/7649 4232/7674
f 1746/8007 1747/7934 3761/8023
f 4211/8035 3599/7906 4216/7949
f 4352/7967 3761/8023 3750/7939
f 4160/7556 4172/7579 4195/7637
f 4193/7780 3781/7804 4330/7789
f 4329/7777 372/7800 4162/7791
f 7937/8225 139/8244 7922/8308
f 4294/7837 3797/7756 4314/7822
f 7930/8311 7936/8296 1873/8339
f 3781/7804 4294/7837 4303/7885
f 379/8286 374/8326 4215/8361
f 4190/7741 4209/7801 3949/7725
f 288/7735 4329/7777 4162/7791
f 365/7731 7902/7677 4156/7651
f 364/7586 7908/7563 4145/7640
f 4196/7816 4201/7774 4226/7849
f 4335/7901 4224/7864 4316/7894
f 7973/7896 4161/7848 372/7800
f 4316/7894 4362/7955 7982/7970
f 4404/8344 464/8293 7967/8264
f 7883/7916 7882/7979 7972/7941
f 7928/8254 357/8333 7918/8307
f 139/8244 7937/8225 4368/8203
f 4355/8041 4348/8051 3844/7993
f 356/8429 7962/8433 7911/8372
f 438/8209 3476/8118 3475/8083
f 384/8383 425/8464 7977/8444
f 3823/8093 4358/8180 350/8196
f 369/8202 7918/8307 4328/8242
f 1745/8042 4362/7955 1746/8007
f 3761/8023 4367/8066 1746/8007
f 4145/7640 7902/7677 2112/7734
f 4335/7901 4356/7936 4226/7849
f 4194/7866 4209/7801 4196/7816
f 1745/8042 4342/8019 7982/7970
f 7982/7970 4335/7901 4316/7894
f 414/8650 428/8609 7988/8630
f 8032/8281 7984/8240 8067/8284
f 4362/7955 1745/8042 7982/7970
f 363/7865 4177/7786 365/7731
f 4337/7720 4180/7689 3796/7751
f 4351/8005 4349/7966 4341/7947
f 7930/8311 1873/8339 4404/8344
f 4193/7780 3795/7736 4293/7770
f 4235/7628 3798/7680 4155/7676
f 390/8228 7991/8275 7961/8321
f 127/7922 4341/7947 4349/7966
f 4367/8066 1745/8042 1746/8007
f 351/8356 356/8429 7911/8372
f 4343/7974 4356/7936 4335/7901
f 370/8062 432/7995 381/8046
f 4195/7637 4228/7654 4220/7713
f 7968/8160 8005/8220 380/8204
f 3599/7906 363/7865 4209/7801
f 4177/7786 2112/7734 365/7731
f 4161/7848 7887/7923 7890/7900
f 4365/8423 356/8429 357/8333
f 7979/8029 7882/7979 8028/7953
f 3816/8268 464/8293 357/8333
f 8059/8611 447/8557 8070/8506
f 445/8363 8031/8315 8032/8281
f 364/7586 286/7667 4081/7622
f 354/8501 410/8587 359/8523
f 4404/8344 4365/8423 8068/8340
f 391/8033 4211/8035 4216/7949
f 7976/7884 4345/7763 4353/7836
f 3599/7906 4209/7801 4194/7866
f 359/8523 410/8587 8049/8559
f 4330/7789 3795/7736 4193/7780
f 285/7746 4322/7688 7897/7692
f 4217/7882 4356/7936 4216/7949
f 4145/7640 2112/7734 286/7667
f 7990/8461 443/8496 439/8485
f 7926/7757 7890/7900 7997/7863
f 441/8553 462/8514 476/8575
f 4195/7637 4220/7713 4192/7682
f 4367/8066 4360/8148 1745/8042
f 8016/8539 463/8573 462/8514
f 4177/7786 363/7865 366/7840
f 8028/7953 363/7865 3599/7906
f 366/7840 2112/7734 4177/7786
f 288/7735 285/7746 7897/7692
f 4211/8035 7979/8029 8028/7953
f 288/7735 286/7667 2112/7734
f 7979/8029 4211/8035 4346/8114
f 3797/7756 4281/7726 4297/7818
f 282/7938 7997/7863 7890/7900
f 4212/7875 7883/7916 366/7840
f 7883/7916 4212/7875 363/7865
f 7928/8254 4358/8180 7993/8227
f 7968/8160 7980/8107 3828/8119
f 4293/7770 3798/7680 3797/7756
f 4217/7882 4194/7866 4196/7816
f 461/8646 474/8660 7988/8630
f 4298/7775 4297/7818 4281/7726
f 382/8039 4214/7945 4158/7978
f 4211/8035 8028/7953 3599/7906
f 390/8228 7969/8153 371/8198
f 4340/7649 4180/7689 4337/7720
f 2112/7734 366/7840 372/7800
f 286/7667 288/7735 7897/7692
f 4195/7637 4192/7682 3830/7636
f 4081/7622 7897/7692 4322/7688
f 3823/8093 4342/8019 1745/8042
f 370/8062 381/8046 7980/8107
f 476/8575 7988/8630 441/8553
f 426/8392 4215/8361 374/8326
f 7881/7984 3475/8083 7878/8056
f 4158/7978 7973/7896 7972/7941
f 349/8388 361/8367 7962/8433
f 3867/8406 354/8501 411/8455
f 5062/3350 7597/3339 5071/3311
f 5007/3455 2867/3512 2861/3420
f 3717/3602 2867/3512 5093/3593
f 5007/3455 5093/3593 2867/3512
f 5054/3384 1004/3471 5061/3445
f 5054/3384 5061/3445 5062/3350
f 5887/4623 4877/4672 5885/4741
f 4887/5091 5602/5097 4799/5183
f 4951/5014 4143/4852 4937/4873
f 2861/3420 2867/3512 5086/3431
f 5887/4623 4941/4591 5886/4485
f 2941/4032 5089/4120 4969/3966
f 4979/3746 5076/3856 5095/3795
f 5074/3577 5006/3611 5083/3531
f 4902/3794 5077/3912 5076/3856
f 2673/3290 7709/3260 2678/3312
f 5946/3919 5028/3853 1082/3934
f 5058/3090 5004/2968 2945/3074
f 5028/3853 5142/3858 4909/3777
f 5044/3483 7652/3447 5073/3571
f 4802/4288 5888/4185 4776/4206
f 4150/4132 4777/4222 2250/4137
f 6038/3698 5262/3695 4902/3794
f 4902/3794 5142/3858 5077/3912
f 4958/3147 2779/3190 5060/3213
f 4912/3688 5262/3695 5006/3611
f 5068/3263 5060/3213 2673/3290
f 5067/3342 2678/3312 5099/3275
f 4958/3147 5060/3213 1683/3184
f 5142/3858 5946/3919 5017/3941
f 2673/3290 4990/3313 5068/3263
f 2702/2767 1736/2865 3674/2862
f 2672/2945 5004/2968 1736/2865
f 5067/3342 5765/3352 2678/3312
f 5004/2968 7641/2853 3674/2862
f 4981/3988 5077/3912 5666/4030
f 5093/3593 5006/3611 5262/3695
f 5067/3342 7652/3447 5765/3352
f 4932/5155 4815/5276 4225/5150
f 7597/3339 5007/3455 2861/3420
f 4938/4661 4878/4743 4877/4672
f 2724/2958 2644/2897 5018/3036
f 1024/4735 4885/4670 2581/4814
f 5058/3090 5018/3036 5004/2968
f 5055/3355 2673/3290 5765/3352
f 2729/2851 2724/2958 2980/2969
f 4205/4822 4808/4773 4883/4707
f 4803/5007 5227/4845 4804/4900
f 1683/3184 5058/3090 4958/3147
f 5058/3090 2945/3074 4958/3147
f 5018/3036 5058/3090 1676/3140
f 4830/5126 4921/5147 4284/5270
f 2724/2958 5036/3060 2980/2969
f 2724/2958 5018/3036 5036/3060
f 2779/3190 7709/3260 5060/3213
f 5666/4030 7427/4131 809/4115
f 1676/3140 5036/3060 5018/3036
f 5023/3274 2766/3179 1676/3140
f 5005/3462 990/3410 5044/3483
f 4802/4288 4778/4325 4918/4423
f 5099/3275 7709/3260 2779/3190
f 1676/3140 1683/3184 5023/3274
f 990/3410 7652/3447 5044/3483
f 5901/4040 4150/4132 5087/4049
f 2766/3179 5036/3060 1676/3140
f 922/3284 2766/3179 5023/3274
f 922/3284 5023/3274 5062/3350
f 4939/5029 4135/4941 4951/5014
f 1651/3065 2816/3136 1260/3183
f 1260/3183 1641/3088 1651/3065
f 2816/3136 2955/3076 295/3022
f 5096/4275 5089/4120 2938/4166
f 4939/5029 4951/5014 4921/5147
f 1651/3065 295/3022 2955/3076
f 4202/4960 5030/4919 1711/5022
f 1617/4811 5227/4845 4877/4672
f 5068/3263 4990/3313 5023/3274
f 7709/3260 5099/3275 2678/3312
f 5765/3352 2673/3290 2678/3312
f 4990/3313 2673/3290 5055/3355
f 5023/3274 4990/3313 5054/3384
f 1617/4811 4804/4900 5227/4845
f 5071/3311 7597/3339 2752/3258
f 4375/5009 4937/4873 4678/4965
f 4284/5270 4234/5360 4888/5271
f 4884/4579 4938/4661 4890/4537
f 4909/3777 4916/3804 5028/3853
f 1617/4811 1020/4803 1670/4898
f 5887/4623 6036/4524 4877/4672
f 5096/4275 4959/4382 4960/4377
f 2752/3258 7597/3339 1685/3252
f 5731/5407 4888/5271 4234/5360
f 5055/3355 5054/3384 4990/3313
f 1082/3934 5901/4040 5087/4049
f 4267/5351 4284/5270 4926/5238
f 1685/3252 1260/3183 2816/3136
f 2581/4814 3018/4959 1670/4898
f 4895/4458 4778/4325 4893/4376
f 1138/4665 4883/4707 4941/4591
f 5901/4040 4029/4175 4150/4132
f 7597/3339 1684/3294 1685/3252
f 5007/3455 7597/3339 5062/3350
f 4938/4661 1024/4735 4878/4743
f 1020/4803 4878/4743 1024/4735
f 2702/2767 7641/2853 2569/2753
f 4918/4423 4895/4458 4890/4537
f 4938/4661 4884/4579 4885/4670
f 5885/4741 5227/4845 1682/4804
f 2752/3258 2816/3136 2766/3179
f 1670/4898 3018/4959 4870/5020
f 4877/4672 4890/4537 4938/4661
f 1683/3184 5068/3263 5023/3274
f 990/3410 5005/3462 5054/3384
f 2766/3179 922/3284 2752/3258
f 5088/4102 5666/4030 3724/3989
f 4887/5091 4950/5134 4951/5014
f 1711/5022 4832/5057 4218/5122
f 4803/5007 4882/4949 5227/4845
f 2702/2767 3674/2862 7641/2853
f 4830/5126 4803/5007 4870/5020
f 4916/3804 4912/3688 6952/3699
f 6036/4524 5886/4485 5168/4373
f 1682/4804 4205/4822 4905/4728
f 5074/3577 5005/3462 5044/3483
f 1004/3471 5054/3384 5005/3462
f 4940/4331 4779/4383 1036/4414
f 526/3500 5007/3455 5061/3445
f 5095/3795 5076/3856 5285/3884
f 4932/5155 4832/5057 4803/5007
f 4830/5126 4284/5270 4888/5271
f 4884/4579 756/4554 4885/4670
f 1670/4898 4803/5007 4804/4900
f 756/4554 5080/4484 4922/4533
f 5666/4030 5088/4102 7427/4131
f 7597/3339 2865/3368 1684/3294
f 3560/5440 4880/5481 4269/5384
f 5905/4704 4143/4852 5907/4794
f 5005/3462 5074/3577 1004/3471
f 5004/2968 2672/2945 2945/3074
f 4802/4288 4918/4423 5168/4373
f 1670/4898 4804/4900 1617/4811
f 295/3022 5036/3060 2816/3136
f 5602/5097 4887/5091 4375/5009
f 7597/3339 2861/3420 2865/3368
f 4778/4325 4895/4458 4918/4423
f 2581/4814 5907/4794 3018/4959
f 4870/5020 4803/5007 1670/4898
f 5074/3577 5083/3531 1004/3471
f 5901/4040 1082/3934 4915/3901
f 4870/5020 3018/4959 6263/5068
f 7709/3260 2673/3290 5060/3213
f 5907/4794 4898/4640 5905/4704
f 1617/4811 4878/4743 1020/4803
f 4832/5057 4932/5155 4225/5150
f 2867/3512 4985/3548 5086/3431
f 4267/5351 5623/5394 5575/5504
f 5888/4185 5088/4102 4776/4206
f 5055/3355 5765/3352 990/3410
f 6952/3699 4912/3688 5074/3577
f 4895/4458 756/4554 4884/4579
f 6036/4524 5168/4373 4918/4423
f 2581/4814 1670/4898 1020/4803
f 4958/3147 2945/3074 2779/3190
f 4893/4376 4940/4331 1036/4414
f 3018/4959 5907/4794 4135/4941
f 2865/3368 2806/3335 1684/3294
f 4976/3653 4985/3548 5735/3573
f 2644/2897 7641/2853 5004/2968
f 4269/5384 4284/5270 4267/5351
f 4234/5360 4284/5270 4269/5384
f 5905/4704 4892/4693 4143/4852
f 6952/3699 5267/3784 4916/3804
f 4939/5029 6263/5068 3018/4959
f 4912/3688 4916/3804 4909/3777
f 5093/3593 7568/3652 3717/3602
f 6038/3698 7568/3652 5093/3593
f 5093/3593 5262/3695 6038/3698
f 4870/5020 6263/5068 4830/5126
f 5885/4741 4877/4672 5227/4845
f 4895/4458 4893/4376 1036/4414
f 4912/3688 4909/3777 5262/3695
f 3717/3602 7568/3652 4976/3653
f 3463/3657 5074/3577 5073/3571
f 6038/3698 4979/3746 7568/3652
f 2941/4032 4969/3966 4973/3938
f 5602/5097 4375/5009 4678/4965
f 4888/5271 4932/5155 4830/5126
f 4885/4670 5907/4794 2581/4814
f 4225/5150 4218/5122 4832/5057
f 5267/3784 6952/3699 3463/3657
f 4778/4325 4940/4331 4893/4376
f 4916/3804 1082/3934 5028/3853
f 5088/4102 5087/4049 2250/4137
f 4902/3794 5262/3695 4909/3777
f 4802/4288 4776/4206 4778/4325
f 4375/5009 4951/5014 4937/4873
f 5731/5407 4424/5476 5732/5430
f 4926/5238 4284/5270 4921/5147
f 5030/4919 4882/4949 1711/5022
f 5083/3531 5093/3593 526/3500
f 4979/3746 5095/3795 4976/3653
f 4234/5360 4269/5384 4880/5481
f 4909/3777 5142/3858 4902/3794
f 3018/4959 4135/4941 4939/5029
f 5623/5394 5620/5159 4315/5245
f 2867/3512 3717/3602 5735/3573
f 4143/4852 4135/4941 5907/4794
f 4979/3746 4976/3653 7568/3652
f 4778/4325 4777/4222 4940/4331
f 2955/3076 2816/3136 1651/3065
f 2938/4166 809/4115 4899/4218
f 5068/3263 1683/3184 5060/3213
f 2941/4032 4973/3938 4972/3943
f 5080/4484 1036/4414 5900/4468
f 1036/4414 5080/4484 4895/4458
f 4921/5147 6263/5068 4939/5029
f 5885/4741 1682/4804 4905/4728
f 4799/5183 4315/5245 4950/5134
f 5093/3593 5007/3455 526/3500
f 5074/3577 4912/3688 5006/3611
f 5887/4623 5886/4485 6036/4524
f 4815/5276 4932/5155 4888/5271
f 4776/4206 4777/4222 4778/4325
f 4887/5091 4799/5183 4950/5134
f 5036/3060 295/3022 2980/2969
f 4150/4132 4029/4175 4777/4222
f 3724/3989 1082/3934 5087/4049
f 4143/4852 4951/5014 4135/4941
f 5907/4794 4885/4670 4898/4640
f 680/4541 5905/4704 4898/4640
f 5142/3858 5017/3941 5077/3912
f 5080/4484 5900/4468 4922/4533
f 2250/4137 4777/4222 4776/4206
f 4898/4640 4922/4533 680/4541
f 4779/4383 5900/4468 1036/4414
f 5095/3795 5285/3884 5284/3875
f 5076/3856 5077/3912 4972/3943
f 4815/5276 4888/5271 5730/5373
f 4777/4222 3646/4272 4940/4331
f 4918/4423 4890/4537 6036/4524
f 2581/4814 1020/4803 1024/4735
f 3463/3657 6952/3699 5074/3577
f 4981/3988 2941/4032 4972/3943
f 5905/4704 680/4541 4892/4693
f 5088/4102 3724/3989 5087/4049
f 4960/4377 4925/4397 5096/4275
f 4922/4533 5900/4468 680/4541
f 526/3500 5061/3445 5083/3531
f 4973/3938 5285/3884 5076/3856
f 4969/3966 5284/3875 5285/3884
f 4205/4822 5030/4919 4202/4960
f 4972/3943 4973/3938 5076/3856
f 5765/3352 7652/3447 990/3410
f 4972/3943 5077/3912 4981/3988
f 4899/4218 4802/4288 5168/4373
f 5731/5407 5730/5373 4888/5271
f 5620/5159 4950/5134 4315/5245
f 4029/4175 3646/4272 4777/4222
f 4940/4331 3646/4272 4779/4383
f 3724/3989 5946/3919 1082/3934
f 4143/4852 4892/4693 4937/4873
f 5900/4468 4779/4383 680/4541
f 5285/3884 4973/3938 4969/3966
f 4234/5360 4880/5481 5731/5407
f 4150/4132 2250/4137 5087/4049
f 2816/3136 2752/3258 1685/3252
f 4803/5007 4830/5126 4932/5155
f 4267/5351 4926/5238 5623/5394
f 7427/4131 4899/4218 809/4115
f 4926/5238 5620/5159 5623/5394
f 4898/4640 4885/4670 756/4554
f 5088/4102 2250/4137 4776/4206
f 4926/5238 4921/5147 5620/5159
f 809/4115 2938/4166 5141/4070
f 5086/3431 2806/3335 2865/3368
f 5666/4030 5141/4070 4981/3988
f 2941/4032 4981/3988 5141/4070
f 4976/3653 5735/3573 3717/3602
f 4951/5014 4950/5134 5620/5159
f 2569/2753 7641/2853 2644/2897
f 4892/4693 4901/4738 4937/4873
f 4375/5009 4887/5091 4951/5014
f 4898/4640 756/4554 4922/4533
f 5666/4030 809/4115 5141/4070
f 5141/4070 2938/4166 2941/4032
f 5168/4373 4959/4382 4876/4278
f 5666/4030 5017/3941 3724/3989
f 5168/4373 5886/4485 4959/4382
f 4424/5476 5731/5407 4880/5481
f 4830/5126 6263/5068 4921/5147
f 2729/2851 2644/2897 2724/2958
f 5730/5373 5731/5407 5732/5430
f 4921/5147 4951/5014 5620/5159
f 5886/4485 5107/4476 5109/4429
f 990/3410 5054/3384 5055/3355
f 4901/4738 4886/4790 4937/4873
f 4937/4873 4886/4790 4678/4965
f 4899/4218 7427/4131 5888/4185
f 3560/5440 4269/5384 4859/5484
f 4859/5484 4880/5481 3560/5440
f 4885/4670 1024/4735 4938/4661
f 5089/4120 2941/4032 2938/4166
f 5575/5504 4859/5484 4269/5384
f 6036/4524 4890/4537 4877/4672
f 4315/5245 5391/5218 5623/5394
f 4315/5245 4799/5183 5391/5218
f 4895/4458 4884/4579 4890/4537
f 4883/4707 1138/4665 4905/4728
f 5017/3941 5666/4030 5077/3912
f 4915/3901 1082/3934 4916/3804
f 4877/4672 4878/4743 1617/4811
f 4876/4278 4899/4218 5168/4373
f 5575/5504 4269/5384 4267/5351
f 4799/5183 5602/5097 5391/5218
f 4985/3548 2867/3512 5735/3573
f 4803/5007 4832/5057 4882/4949
f 4925/4397 4960/4377 5109/4429
f 5080/4484 756/4554 4895/4458
f 5030/4919 1682/4804 5227/4845
f 4960/4377 4959/4382 5109/4429
f 6946/4068 5812/3926 5815/3996
f 2752/3258 922/3284 5071/3311
f 5678/3854 4660/3818 5817/3902
f 4902/3794 4979/3746 6038/3698
f 4876/4278 2938/4166 4899/4218
f 5022/3770 5859/3841 5911/3883
f 3961/3705 3777/3659 3775/3621
f 4917/4031 5764/3974 5911/3883
f 5088/4102 5888/4185 7427/4131
f 5086/3431 2865/3368 2861/3420
f 3413/3375 5014/3441 7131/3404
f 5015/3451 7715/3510 4956/3517
f 5911/3883 3923/3754 5022/3770
f 4959/4382 5096/4275 4876/4278
f 5901/4040 4933/4116 4029/4175
f 4583/4122 7664/4146 5663/4093
f 4953/3538 3775/3621 5019/3550
f 1736/2865 5004/2968 3674/2862
f 3935/3987 5559/3946 5817/3902
f 5004/2968 5018/3036 2644/2897
f 5109/4429 5107/4476 4925/4397
f 5012/3546 3986/3651 5685/3516
f 5054/3384 5062/3350 5023/3274
f 5864/3747 5859/3841 5022/3770
f 3961/3705 7712/3726 5022/3770
f 5142/3858 5028/3853 5946/3919
f 302/3628 3986/3651 5012/3546
f 4959/4382 5886/4485 5109/4429
f 4915/3901 4916/3804 5267/3784
f 5227/4845 4882/4949 5030/4919
f 2766/3179 2816/3136 5036/3060
f 5853/4064 5873/4148 5844/4037
f 1260/3183 1685/3252 1684/3294
f 5014/3441 3413/3375 5015/3451
f 4979/3746 4902/3794 5076/3856
f 3986/3651 5686/3592 5685/3516
f 5888/4185 4802/4288 4899/4218
f 4941/4591 5107/4476 5886/4485
f 4882/4949 4832/5057 1711/5022
f 5062/3350 5071/3311 922/3284
f 5887/4623 5885/4741 4905/4728
f 5006/3611 5093/3593 5083/3531
f 4876/4278 5096/4275 2938/4166
f 5061/3445 1004/3471 5083/3531
f 4883/4707 4905/4728 4205/4822
f 5887/4623 4905/4728 1138/4665
f 5946/3919 3724/3989 5017/3941
f 5058/3090 1683/3184 1676/3140
f 5062/3350 5061/3445 5007/3455
f 5685/3516 5686/3592 7715/3510
f 1682/4804 5030/4919 4205/4822
f 5073/3571 5074/3577 5044/3483
f 5887/4623 1138/4665 4941/4591
f 5011/3704 3923/3754 3738/3803
f 5011/3704 5073/3571 3777/3659
f 5010/3703 3923/3754 5011/3704
f 5011/3704 5267/3784 3463/3657
f 4957/3188 4989/3243 7634/3214
f 5081/3320 5065/3304 4989/3243
f 3775/3621 3777/3659 5019/3550
f 3777/3659 5073/3571 5019/3550
f 5019/3550 5073/3571 7652/3447
f 1674/3070 7729/3152 2945/3074
f 3777/3659 5010/3703 5011/3704
f 7729/3152 4957/3188 7634/3214
f 4995/3394 7131/3404 4955/3474
f 5011/3704 3463/3657 5073/3571
f 4955/3474 7652/3447 4995/3394
f 2593/3337 3413/3375 5043/3316
f 7652/3447 4955/3474 5019/3550
f 4995/3394 7652/3447 5067/3342
f 5065/3304 5081/3320 5067/3342
f 5081/3320 4995/3394 5067/3342
f 7729/3152 7634/3214 2779/3190
f 5067/3342 5099/3275 5065/3304
f 5807/3115 3611/3211 5008/3199
f 7131/3404 5081/3320 3413/3375
f 5081/3320 5043/3316 3413/3375
f 5807/3115 5008/3199 4957/3188
f 5081/3320 7131/3404 4995/3394
f 3738/3803 5267/3784 5011/3704
f 5043/3316 5081/3320 5041/3247
f 5065/3304 5099/3275 4989/3243
f 3611/3211 5081/3320 4989/3243
f 2593/3337 5947/3386 3413/3375
f 4989/3243 5099/3275 7634/3214
f 5008/3199 3611/3211 4989/3243
f 5099/3275 2779/3190 7634/3214
f 4957/3188 5008/3199 4989/3243
f 3611/3211 5041/3247 5081/3320
f 3923/3754 5010/3703 3777/3659
f 7729/3152 5807/3115 4957/3188
f 2779/3190 2945/3074 7729/3152
f 7729/3152 1674/3070 5807/3115
f 2945/3074 4987/3013 1674/3070
f 2945/3074 2672/2945 4987/3013
f 5698/3472 5015/3451 5950/3414
f 4924/4199 5375/4187 4900/4269
f 3935/3987 5815/3996 5559/3946
f 5863/3826 5812/3926 5671/3851
f 5834/3797 5678/3854 5863/3826
f 6946/4068 5815/3996 5776/4107
f 3986/3651 5819/3734 5662/3768
f 3613/3637 5686/3592 3986/3651
f 5686/3592 4956/3517 7715/3510
f 7715/3510 5015/3451 5698/3472
f 5671/3851 5662/3768 5863/3826
f 5863/3826 5678/3854 4676/3896
f 7713/3679 3613/3637 3986/3651
f 7131/3404 5014/3441 4955/3474
f 5841/4155 7096/4198 5853/4064
f 4251/4415 4252/4309 4673/4356
f 4252/4309 4920/4319 4919/4242
f 4840/4249 4924/4199 4900/4269
f 144/4548 4066/4649 4077/4628
f 4892/4693 4132/4540 4077/4628
f 4029/4175 4924/4199 4919/4242
f 4077/4628 4901/4738 4892/4693
f 4892/4693 680/4541 4132/4540
f 144/4548 4077/4628 4132/4540
f 5919/4521 144/4548 4798/4455
f 4251/4415 4132/4540 680/4541
f 144/4548 5919/4521 4066/4649
f 4251/4415 4673/4356 4798/4455
f 4840/4249 4919/4242 4924/4199
f 4077/4628 4066/4649 5939/4688
f 4798/4455 4132/4540 4251/4415
f 5939/4688 4901/4738 4077/4628
f 4798/4455 4797/4362 5919/4521
f 4901/4738 5939/4688 4886/4790
f 4779/4383 4251/4415 680/4541
f 4779/4383 3646/4272 4920/4319
f 4919/4242 4920/4319 3646/4272
f 5919/4521 4406/4682 4066/4649
f 4251/4415 4779/4383 4920/4319
f 4152/4730 4066/4649 4406/4682
f 4066/4649 4886/4790 5939/4688
f 4132/4540 4798/4455 144/4548
f 4252/4309 4251/4415 4920/4319
f 4066/4649 4152/4730 4886/4790
f 4673/4356 4797/4362 4798/4455
f 4673/4356 4900/4269 4797/4362
f 4919/4242 3646/4272 4029/4175
f 4252/4309 4900/4269 4673/4356
f 4840/4249 4900/4269 4252/4309
f 4840/4249 4252/4309 4919/4242
f 3775/3621 7713/3679 3784/3682
f 5663/4093 4917/4031 5844/4037
f 5911/3883 5753/3877 3738/3803
f 5022/3770 3771/3730 3961/3705
f 5662/3768 5819/3734 5996/3739
f 5996/3739 5863/3826 5662/3768
f 7730/4053 4907/4012 4906/4055
f 5015/3451 5947/3386 5950/3414
f 3775/3621 3613/3637 7713/3679
f 7713/3679 3986/3651 5864/3747
f 4915/3901 5843/3874 4993/3956
f 4187/4174 4583/4122 5873/4148
f 7713/3679 7712/3726 3784/3682
f 7712/3726 7713/3679 5864/3747
f 3771/3730 3923/3754 3777/3659
f 5686/3592 3775/3621 4956/3517
f 5834/3797 5863/3826 5996/3739
f 4924/4199 4029/4175 4933/4116
f 4955/3474 4956/3517 4953/3538
f 5873/4148 7096/4198 7097/4256
f 4907/4012 4993/3956 5764/3974
f 5014/3441 4956/3517 4955/3474
f 5755/3470 5698/3472 5950/3414
f 5859/3841 5671/3851 6121/3890
f 3775/3621 4953/3538 4956/3517
f 6120/3959 5812/3926 6946/4068
f 4906/4055 4933/4116 7730/4053
f 302/3628 5996/3739 3986/3651
f 4188/4219 4900/4269 5375/4187
f 4924/4199 4933/4116 5375/4187
f 7730/4053 4933/4116 5901/4040
f 5864/3747 5662/3768 5671/3851
f 5678/3854 5834/3797 4660/3818
f 5776/4107 5822/4151 6946/4068
f 4188/4219 7097/4256 4797/4362
f 7712/3726 5864/3747 5022/3770
f 7097/4256 4188/4219 4187/4174
f 7096/4198 5841/4155 5842/4248
f 5822/4151 5821/4254 5820/4215
f 4187/4174 4188/4219 7664/4146
f 5375/4187 4933/4116 5374/4124
f 4188/4219 4797/4362 4900/4269
f 5901/4040 4915/3901 4993/3956
f 5841/4155 5820/4215 5842/4248
f 5698/3472 5755/3470 7715/3510
f 5686/3592 3613/3637 3775/3621
f 4588/4313 5820/4215 5821/4254
f 7097/4256 7096/4198 5882/4314
f 7097/4256 5882/4314 5619/4391
f 5836/4326 5820/4215 4588/4313
f 5835/4334 5842/4248 5836/4326
f 4993/3956 5753/3877 5764/3974
f 5874/4443 5619/4391 5882/4314
f 5836/4326 4588/4313 5927/4396
f 5835/4334 5836/4326 5874/4443
f 5015/3451 3413/3375 5947/3386
f 5671/3851 5859/3841 5864/3747
f 4672/4357 7158/4424 5927/4396
f 5911/3883 4910/3947 5844/4037
f 5375/4187 5374/4124 4188/4219
f 4917/4031 5663/4093 5374/4124
f 5836/4326 5842/4248 5820/4215
f 4955/3474 4953/3538 5019/3550
f 5619/4391 5874/4443 5919/4521
f 5836/4326 5927/4396 5874/4443
f 7158/4424 5928/4504 5927/4396
f 5861/4552 5874/4443 5879/4597
f 5879/4597 5874/4443 5928/4504
f 4797/4362 7097/4256 5619/4391
f 721/4646 4406/4682 5919/4521
f 5928/4504 5825/4638 5879/4597
f 4700/4769 4149/4750 721/4646
f 4676/3896 5812/3926 5863/3826
f 4886/4790 4152/4730 4302/4812
f 4149/4750 4302/4812 4406/4682
f 4302/4812 4692/4936 4886/4790
f 5853/4064 6946/4068 5841/4155
f 3775/3621 3784/3682 3961/3705
f 5374/4124 7664/4146 4188/4219
f 5844/4037 4917/4031 5911/3883
f 6946/4068 5820/4215 5841/4155
f 4886/4790 4692/4936 4678/4965
f 4302/4812 5940/4864 5556/4911
f 4907/4012 5901/4040 4993/3956
f 5927/4396 4588/4313 4672/4357
f 5882/4314 5842/4248 5835/4334
f 5878/5142 4678/4965 4692/4936
f 5859/3841 4910/3947 5911/3883
f 5626/5027 4692/4936 5556/4911
f 5685/3516 7715/3510 5755/3470
f 7097/4256 4187/4174 5873/4148
f 5927/4396 5928/4504 5874/4443
f 4149/4750 5940/4864 4302/4812
f 5619/4391 5919/4521 4797/4362
f 5878/5142 5602/5097 4678/4965
f 5626/5027 5878/5142 4692/4936
f 7664/4146 5374/4124 5663/4093
f 5391/5218 5602/5097 5878/5142
f 721/4646 5861/4552 5879/4597
f 5817/3902 5559/3946 5678/3854
f 6121/3890 5671/3851 6120/3959
f 5859/3841 6121/3890 4910/3947
f 4676/3896 5813/3937 5812/3926
f 4676/3896 5559/3946 5813/3937
f 4302/4812 4152/4730 4406/4682
f 5022/3770 3923/3754 3771/3730
f 5864/3747 3986/3651 5662/3768
f 5764/3974 4906/4055 4907/4012
f 4906/4055 4917/4031 5374/4124
f 5374/4124 4933/4116 4906/4055
f 3961/3705 3784/3682 7712/3726
f 5835/4334 5874/4443 5882/4314
f 6121/3890 6120/3959 4910/3947
f 6120/3959 6946/4068 5853/4064
f 5753/3877 4993/3956 5843/3874
f 5812/3926 6120/3959 5671/3851
f 5559/3946 5815/3996 5813/3937
f 3935/3987 5776/4107 5815/3996
f 5267/3784 5843/3874 4915/3901
f 5812/3926 5813/3937 5815/3996
f 5940/4864 4149/4750 4700/4769
f 5853/4064 7096/4198 5873/4148
f 3923/3754 5911/3883 3738/3803
f 4907/4012 7730/4053 5901/4040
f 5014/3441 5015/3451 4956/3517
f 5853/4064 4910/3947 6120/3959
f 5844/4037 4910/3947 3953/4016
f 3738/3803 5753/3877 5267/3784
f 721/4646 5919/4521 5861/4552
f 3777/3659 3961/3705 3771/3730
f 5842/4248 5882/4314 7096/4198
f 5556/4911 4692/4936 4302/4812
f 4910/3947 5853/4064 3953/4016
f 5844/4037 5873/4148 4583/4122
f 5753/3877 5911/3883 5764/3974
f 5822/4151 5820/4215 6946/4068
f 5996/3739 5819/3734 3986/3651
f 3953/4016 5853/4064 5844/4037
f 5843/3874 5267/3784 5753/3877
f 4676/3896 5678/3854 5559/3946
f 5879/4597 4700/4769 721/4646
f 5861/4552 5919/4521 5874/4443
f 4700/4769 5879/4597 5825/4638
f 4187/4174 7664/4146 4583/4122
f 4672/4357 4588/4313 5821/4254
f 4149/4750 4406/4682 721/4646
f 4917/4031 4906/4055 5764/3974
f 4583/4122 5663/4093 5844/4037
f 4089/1053 1336/1152 1310/1079
f 7524/1959 7526/1902 7533/1931
f 7560/2251 2937/2159 4096/2247
f 5053/2799 2980/2888 295/2834
f 4134/1168 4142/1062 4133/1084
f 7913/610 277/755 7830/696
f 7551/2525 2869/2419 7530/2447
f 4131/1044 4142/1062 4147/1145
f 5046/2482 2902/2567 2908/2492
f 5049/2527 1196/2633 5046/2482
f 5049/2527 2747/2685 1196/2633
f 1438/2293 4094/2301 4096/2247
f 293/844 275/903 276/698
f 5057/2350 1437/2411 1436/2216
f 1436/2216 1437/2411 1438/2293
f 301/2071 5172/2080 7748/1963
f 7906/363 7886/393 7864/526
f 1157/1429 7757/1382 1198/1475
f 7524/1959 7533/1931 2942/2055
f 7901/950 4142/1062 4146/977
f 2928/1563 3461/1699 3481/1710
f 4139/962 1922/799 2138/835
f 4134/1168 4147/1145 4142/1062
f 115/77 160/120 245/157
f 1949/422 265/535 7863/406
f 1437/2411 5057/2350 2908/2492
f 1360/1881 7617/1829 2300/1966
f 2854/2575 7606/2674 2809/2629
f 185/511 192/442 166/502
f 1651/2808 2808/2751 295/2834
f 4090/983 7901/950 4136/867
f 4134/1168 5166/1258 4147/1145
f 1335/1222 1310/1079 1336/1152
f 565/1630 564/1539 7817/1535
f 7899/631 7876/732 7891/660
f 4148/1061 4090/983 4139/962
f 1948/296 1949/422 7863/406
f 2908/2492 5148/2560 1435/2547
f 1196/2633 2808/2751 1641/2725
f 7598/2309 1434/2377 7611/2365
f 2887/2113 7612/1999 7583/1938
f 2942/2055 7533/1931 2951/2021
f 184/375 172/273 228/311
f 7915/470 7898/594 7894/533
f 223/686 3892/725 3984/614
f 1250/1680 7779/1611 7584/1720
f 7900/476 7971/430 7915/470
f 7868/304 181/391 193/364
f 5134/2524 1437/2411 1435/2547
f 1922/799 280/768 2138/835
f 293/844 276/698 3941/655
f 7596/2664 7619/2895 2846/2780
f 1438/2293 326/2192 1436/2216
f 7891/660 4081/567 7899/631
f 7870/119 235/103 239/85
f 248/257 117/228 257/280
f 4094/2301 1438/2293 5159/2396
f 1355/1179 826/1276 4092/1230
f 212/282 163/276 165/189
f 7871/143 167/145 236/198
f 1289/1593 7752/1676 1354/1553
f 4322/454 7971/430 7894/533
f 2876/2253 2877/2243 2890/2185
f 1922/799 4139/962 8026/786
f 7913/610 7830/696 7898/594
f 7926/221 7915/470 7971/430
f 137/136 133/168 160/120
f 3941/655 276/698 271/627
f 7864/526 271/627 276/698
f 277/755 7913/610 276/698
f 7864/526 7913/610 7914/491
f 7535/1923 7524/1959 2994/2061
f 210/765 224/701 202/634
f 605/2880 2629/2784 2846/2780
f 283/209 7885/233 1948/296
f 4085/853 7901/950 4146/977
f 7738/1399 564/1539 1314/1562
f 1951/246 7885/233 1960/207
f 239/85 244/74 168/50
f 200/433 7869/464 220/530
f 196/1406 1367/1354 197/1450
f 236/198 172/273 7875/179
f 188/1375 7806/1505 190/1438
f 171/122 7870/119 238/75
f 7868/304 230/242 163/276
f 7900/476 7915/470 7894/533
f 7586/2334 2973/2459 2817/2509
f 7913/610 7898/594 7915/470
f 7913/610 7864/526 276/698
f 4090/983 4148/1061 4133/1084
f 262/352 156/321 264/432
f 278/874 1865/815 281/789
f 7606/2674 2747/2685 2809/2629
f 180/264 245/157 247/215
f 4100/1020 275/903 1300/980
f 7829/449 213/472 181/391
f 7542/2245 2312/2297 7525/2184
f 1161/1345 188/1375 1311/1252
f 364/684 3900/658 7892/703
f 1177/1547 7806/1505 188/1375
f 1311/1252 188/1375 1335/1222
f 167/145 7871/143 235/103
f 1285/1776 7744/1877 1403/1885
f 7906/363 7914/491 7915/470
f 7863/406 7735/300 1948/296
f 826/1276 188/1375 190/1438
f 7875/179 7871/143 236/198
f 2872/2246 2876/2253 2882/2106
f 117/228 133/168 134/238
f 295/2834 2808/2751 5053/2799
f 188/1375 1157/1429 1177/1547
f 819/968 217/934 2160/1023
f 236/198 182/192 242/253
f 247/215 117/228 248/257
f 4111/1731 1190/1638 565/1630
f 280/768 277/755 2138/835
f 1922/799 8026/786 7876/732
f 2973/2459 7586/2334 2776/2428
f 3987/1105 4092/1230 4104/1161
f 167/145 182/192 236/198
f 7864/526 1940/548 3941/655
f 7772/1626 1419/1624 1251/1743
f 2902/2567 5046/2482 1196/2633
f 1359/1485 1361/1637 4099/1531
f 1314/1562 1359/1485 7738/1399
f 7617/1829 1168/1733 7772/1626
f 228/311 172/273 242/253
f 4322/454 7894/533 4081/567
f 5164/2128 5172/2080 7560/2251
f 7830/696 280/768 1922/799
f 5148/2560 2908/2492 2902/2567
f 1359/1485 1314/1562 1361/1637
f 1277/1086 4100/1020 1300/980
f 1940/548 7864/526 7863/406
f 180/264 248/257 260/293
f 281/789 1865/815 8015/746
f 7886/393 7863/406 7864/526
f 7906/363 7915/470 7926/221
f 172/273 211/315 7873/232
f 5148/2560 2983/2626 1435/2547
f 1419/1624 1396/1522 7779/1611
f 221/796 819/968 7808/764
f 7908/774 4136/867 7901/950
f 7892/703 7876/732 8026/786
f 134/238 156/321 257/280
f 2846/2780 7619/2895 605/2880
f 231/170 7873/232 8025/281
f 5148/2560 2902/2567 2983/2626
f 183/369 7868/304 163/276
f 263/297 259/339 260/293
f 7735/300 287/252 283/209
f 7906/363 7735/300 7886/393
f 2983/2626 5135/2608 1435/2547
f 7738/1399 1359/1485 4098/1396
f 1172/1760 1168/1733 1394/1835
f 181/391 7869/464 193/364
f 227/426 7859/457 7857/404
f 7864/526 7914/491 7906/363
f 7886/393 7735/300 7863/406
f 200/433 193/364 7869/464
f 565/1630 7806/1505 1177/1547
f 4131/1044 4146/977 4142/1062
f 1157/1429 188/1375 1161/1345
f 264/432 7833/550 158/519
f 7913/610 7915/470 7914/491
f 3481/1710 3471/1834 7532/1724
f 7772/1626 1177/1547 1198/1475
f 137/136 595/130 134/238
f 4086/976 2357/856 819/968
f 7891/660 7892/703 3900/658
f 1289/1593 1354/1553 4099/1531
f 8025/281 7857/404 1951/246
f 7894/533 7971/430 7900/476
f 1002/1111 2161/1101 2160/1023
f 7546/1757 3585/1696 7553/1718
f 216/957 217/934 221/796
f 1198/1475 1177/1547 1157/1429
f 2994/2061 2942/2055 7542/2245
f 8025/281 7879/134 231/170
f 4086/976 819/968 2161/1101
f 2160/1023 2161/1101 819/968
f 190/1438 564/1539 7738/1399
f 2855/382 193/364 200/433
f 2855/382 184/375 228/311
f 7804/642 221/796 7808/764
f 179/563 7804/642 220/530
f 2357/856 210/765 7808/764
f 7804/642 7808/764 202/634
f 220/530 7804/642 202/634
f 202/634 203/485 220/530
f 195/602 203/485 202/634
f 7735/300 283/209 1948/296
f 7858/487 265/535 1949/422
f 2918/1878 2881/1994 7617/1829
f 1190/1638 1314/1562 564/1539
f 825/1479 1396/1522 7772/1626
f 202/634 224/701 195/602
f 320/572 265/535 3984/614
f 2818/2673 2817/2509 2733/2553
f 7858/487 270/599 265/535
f 3984/614 7905/588 320/572
f 320/572 1940/548 265/535
f 117/228 134/238 257/280
f 270/599 3984/614 265/535
f 223/686 270/599 195/602
f 7858/487 195/602 270/599
f 1949/422 7857/404 7858/487
f 1949/422 1948/296 1951/246
f 7905/588 3984/614 7884/661
f 270/599 223/686 3984/614
f 7884/661 3941/655 1940/548
f 367/826 3892/725 223/686
f 223/686 195/602 224/701
f 292/744 7884/661 8015/746
f 7884/661 292/744 3941/655
f 1951/246 7857/404 1949/422
f 7859/457 7858/487 7857/404
f 210/765 202/634 7808/764
f 281/789 3892/725 367/826
f 1940/548 7905/588 7884/661
f 292/744 8015/746 1865/815
f 292/744 293/844 3941/655
f 281/789 367/826 278/874
f 2160/1023 216/957 1002/1111
f 1960/207 7881/178 7879/134
f 2194/2592 7596/2664 2734/2544
f 209/480 195/602 7858/487
f 281/789 8015/746 3892/725
f 1865/815 278/874 272/893
f 367/826 7767/931 194/877
f 278/874 367/826 194/877
f 181/391 213/472 7869/464
f 1355/1179 1350/1169 826/1276
f 1960/207 7879/134 8025/281
f 293/844 1865/815 272/893
f 1951/246 1960/207 8025/281
f 1416/2081 2883/2072 2881/1994
f 227/426 7857/404 8025/281
f 278/874 194/877 7767/931
f 4126/964 272/893 278/874
f 5166/1258 4084/1323 4072/1373
f 8015/746 7884/661 3892/725
f 2729/2910 2726/2810 2703/2950
f 7765/1115 1355/1179 4092/1230
f 4109/1246 4084/1323 5166/1258
f 211/315 227/426 8025/281
f 1157/1429 1161/1345 7757/1382
f 195/602 209/480 203/485
f 1938/958 293/844 272/893
f 7744/1877 2914/2032 1403/1885
f 1300/980 275/903 293/844
f 7879/134 8069/93 231/170
f 7879/134 8039/34 8069/93
f 7873/232 211/315 8025/281
f 227/426 209/480 7858/487
f 1940/548 320/572 7905/588
f 278/874 7767/931 4126/964
f 4126/964 1938/958 272/893
f 1350/1169 1283/1166 826/1276
f 7806/1505 565/1630 7817/1535
f 3984/614 3892/725 7884/661
f 211/315 172/273 184/375
f 2983/2626 1196/2633 1641/2725
f 2951/2021 3508/1913 7527/1855
f 292/744 1865/815 293/844
f 293/844 1938/958 1300/980
f 1938/958 4126/964 1310/1079
f 274/1306 4092/1230 7738/1399
f 7600/2178 2880/2304 2888/2250
f 1310/1079 1335/1222 1283/1166
f 7875/179 172/273 7873/232
f 7738/1399 4092/1230 826/1276
f 4084/1323 1367/1354 196/1406
f 7612/1999 7613/1866 7583/1938
f 4109/1246 5166/1258 4134/1168
f 1354/1553 7752/1676 7751/1618
f 7586/2334 2722/2298 2830/2217
f 4092/1230 274/1306 4104/1161
f 825/1479 7772/1626 1198/1475
f 2809/2629 2747/2685 7582/2580
f 7771/1067 7765/1115 7831/1059
f 3985/1524 196/1406 197/1450
f 5203/2303 5057/2350 7740/2206
f 1300/980 1938/958 1310/1079
f 1359/1485 197/1450 4098/1396
f 7771/1067 1355/1179 7765/1115
f 4134/1168 4125/1241 4109/1246
f 236/198 242/253 172/273
f 4148/1061 3987/1105 4104/1161
f 193/364 228/311 229/272
f 1335/1222 826/1276 1283/1166
f 4092/1230 3987/1105 7765/1115
f 5046/2482 2908/2492 5057/2350
f 242/253 182/192 229/272
f 7871/143 7875/179 234/124
f 190/1438 7806/1505 7817/1535
f 2767/2499 2776/2428 2869/2419
f 182/192 230/242 229/272
f 235/103 7871/143 234/124
f 7819/175 182/192 167/145
f 2809/2629 7582/2580 2854/2575
f 1251/1743 1419/1624 1250/1680
f 7868/304 229/272 230/242
f 230/242 182/192 7819/175
f 167/145 235/103 7870/119
f 2856/2691 5135/2608 2983/2626
f 234/124 244/74 235/103
f 2733/2553 2734/2544 7596/2664
f 230/242 7819/175 163/276
f 8069/93 244/74 234/124
f 239/85 235/103 244/74
f 2823/2331 7611/2365 1415/2416
f 7586/2334 2817/2509 1434/2377
f 7819/175 7870/119 171/122
f 5203/2303 2823/2331 1404/2409
f 183/369 7829/449 181/391
f 7819/175 165/189 163/276
f 7870/119 239/85 238/75
f 8036/42 244/74 8069/93
f 7829/449 183/369 192/442
f 168/50 238/75 239/85
f 168/50 244/74 8036/42
f 159/97 165/189 171/122
f 246/59 171/122 238/75
f 213/472 7829/449 185/511
f 198/374 192/442 183/369
f 185/511 7829/449 192/442
f 159/97 169/44 253/71
f 163/276 212/282 198/374
f 212/282 165/189 180/264
f 238/75 168/50 241/40
f 166/502 205/437 158/519
f 2846/2780 2818/2673 7596/2664
f 159/97 245/157 165/189
f 3955/1948 1178/1971 1317/1890
f 1179/1822 1388/1784 1317/1890
f 565/1630 1398/1668 1172/1760
f 212/282 161/318 198/374
f 180/264 165/189 245/157
f 161/318 212/282 180/264
f 7738/1399 4098/1396 274/1306
f 253/71 245/157 159/97
f 246/59 169/44 159/97
f 2855/382 203/485 184/375
f 2826/2248 2889/2136 2829/2237
f 198/374 205/437 166/502
f 198/374 161/318 259/339
f 161/318 180/264 260/293
f 274/1306 4083/1344 4125/1241
f 1394/1835 1423/1918 7744/1877
f 245/157 253/71 115/77
f 259/339 205/437 198/374
f 161/318 260/293 259/339
f 2914/2032 1436/2216 301/2071
f 248/257 180/264 247/215
f 7604/2476 1434/2377 2854/2575
f 247/215 245/157 133/168
f 4084/1323 4125/1241 1367/1354
f 7771/1067 4139/962 275/903
f 158/519 205/437 264/432
f 2776/2428 2849/2504 2973/2459
f 262/352 205/437 259/339
f 1350/1169 1355/1179 7771/1067
f 1437/2411 2908/2492 1435/2547
f 263/297 260/293 248/257
f 1251/1743 1250/1680 7584/1720
f 264/432 205/437 262/352
f 259/339 263/297 262/352
f 4139/962 7771/1067 7831/1059
f 248/257 257/280 263/297
f 7833/550 264/432 162/356
f 825/1479 1198/1475 1184/1390
f 262/352 263/297 257/280
f 137/136 134/238 133/168
f 264/432 156/321 162/356
f 154/507 7833/550 162/356
f 7803/951 52/1038 853/1095
f 52/1038 776/1175 853/1095
f 257/280 156/321 262/352
f 134/238 7854/227 156/321
f 5159/2396 1438/2293 1437/2411
f 7611/2365 7604/2476 1415/2416
f 7525/2184 2311/2240 7600/2178
f 2914/2032 301/2071 1403/1885
f 1251/1743 7613/1866 2918/1878
f 7749/2129 2939/2122 2875/2062
f 5134/2524 5159/2396 1437/2411
f 2855/382 200/433 203/485
f 179/563 7869/464 206/528
f 7869/464 179/563 220/530
f 4104/1161 4133/1084 4148/1061
f 4104/1161 274/1306 4125/1241
f 7600/2178 2820/2199 7550/2098
f 179/563 206/528 7867/589
f 7831/1059 7765/1115 4139/962
f 7808/764 819/968 2357/856
f 7601/2345 7560/2251 4094/2301
f 7867/589 206/528 204/537
f 207/626 7867/589 226/654
f 4100/1020 7771/1067 275/903
f 4099/1531 197/1450 1359/1485
f 7804/642 179/563 207/626
f 226/654 7867/589 199/566
f 1196/2633 2983/2626 2902/2567
f 1416/2081 2885/2144 2883/2072
f 1434/2377 2826/2248 2829/2237
f 7834/1992 7835/2070 1768/1901
f 4099/1531 1361/1637 1289/1593
f 2820/2199 7586/2334 2830/2217
f 1641/2725 2808/2751 1651/2808
f 1335/1222 1336/1152 1311/1252
f 4083/1344 274/1306 4098/1396
f 203/485 200/433 220/530
f 217/934 216/957 2160/1023
f 7835/2070 7583/1938 1768/1901
f 207/626 219/674 7804/642
f 4111/1731 4112/1721 1190/1638
f 2808/2751 1196/2633 2747/2685
f 4098/1396 197/1450 4083/1344
f 188/1375 826/1276 1335/1222
f 1420/2027 1423/1918 2884/1985
f 203/485 209/480 184/375
f 1177/1547 7772/1626 1168/1733
f 219/674 226/654 975/681
f 7530/2447 2312/2297 7570/2427
f 4084/1323 4109/1246 4125/1241
f 218/612 199/566 185/511
f 4134/1168 4133/1084 4125/1241
f 4089/1053 4126/964 7767/931
f 1766/1777 1768/1901 7583/1938
f 7771/1067 1277/1086 1350/1169
f 219/674 221/796 7804/642
f 1277/1086 1310/1079 1283/1166
f 2880/2304 2776/2428 7586/2334
f 4139/962 7765/1115 3987/1105
f 1277/1086 1283/1166 1350/1169
f 196/1406 4072/1373 4084/1323
f 2855/382 228/311 193/364
f 4133/1084 4104/1161 4125/1241
f 184/375 209/480 227/426
f 1289/1593 1361/1637 7752/1676
f 565/1630 1190/1638 564/1539
f 3955/1948 5158/1865 7748/1963
f 1388/1784 5158/1865 1317/1890
f 4083/1344 197/1450 1367/1354
f 1168/1733 1172/1760 1398/1668
f 1178/1971 5172/2080 5164/2128
f 2820/2199 7600/2178 2888/2250
f 2820/2199 2888/2250 2880/2304
f 4089/1053 1310/1079 4126/964
f 193/364 229/272 7868/304
f 1922/799 7876/732 7830/696
f 162/356 156/321 7854/227
f 275/903 4139/962 2138/835
f 3900/658 4081/567 7891/660
f 4136/867 8026/786 4139/962
f 1179/1822 7752/1676 1361/1637
f 5053/2799 2729/2910 2980/2888
f 1317/1890 1178/1971 1179/1822
f 3955/1948 5172/2080 1178/1971
f 7748/1963 5172/2080 3955/1948
f 1361/1637 4112/1721 1388/1784
f 3955/1948 1317/1890 5158/1865
f 1361/1637 1314/1562 4112/1721
f 1388/1784 4112/1721 5158/1865
f 7748/1963 5158/1865 1403/1885
f 4112/1721 1314/1562 1190/1638
f 5158/1865 4112/1721 1403/1885
f 4111/1731 1403/1885 4112/1721
f 4111/1731 1285/1776 1403/1885
f 4111/1731 565/1630 1285/1776
f 1172/1760 1285/1776 565/1630
f 1177/1547 1398/1668 565/1630
f 1177/1547 1168/1733 1398/1668
f 7926/221 284/203 7906/363
f 1951/246 1948/296 7885/233
f 7892/703 7891/660 7876/732
f 2872/2246 1434/2377 7598/2309
f 218/612 185/511 166/502
f 849/726 219/674 975/681
f 115/77 128/19 123/54
f 199/566 218/612 975/681
f 7584/1720 7585/1807 7613/1866
f 7585/1807 7591/1713 2921/1766
f 364/684 4081/567 3900/658
f 221/796 219/674 849/726
f 218/612 166/502 186/664
f 849/726 975/681 1030/769
f 177/733 975/681 218/612
f 7584/1720 7591/1713 7585/1807
f 1030/769 221/796 849/726
f 2880/2304 7600/2178 2312/2297
f 215/607 186/664 166/502
f 218/612 186/664 177/733
f 2706/3063 2569/3064 2703/2950
f 2706/3063 2703/2950 605/2880
f 605/2880 2670/2855 2629/2784
f 2670/2855 605/2880 2703/2950
f 2629/2784 2670/2855 2726/2810
f 2670/2855 2703/2950 2726/2810
f 1030/769 975/681 177/733
f 7545/1677 7546/1757 1767/1840
f 1030/769 222/857 221/796
f 364/684 7892/703 8026/786
f 7824/847 222/857 1030/769
f 1030/769 173/834 7824/847
f 1144/1497 1193/1480 7768/1586
f 7772/1626 1396/1522 1419/1624
f 153/742 818/731 154/507
f 208/718 215/607 7787/714
f 208/718 186/664 215/607
f 7545/1677 7591/1713 7778/1623
f 7776/1502 7779/1611 1396/1522
f 7824/847 1048/939 222/857
f 818/731 429/887 845/821
f 208/718 174/831 186/664
f 2942/2055 7554/2121 7542/2245
f 7875/179 7874/151 234/124
f 231/170 7874/151 7873/232
f 7873/232 7874/151 7875/179
f 234/124 7874/151 8069/93
f 8069/93 7874/151 231/170
f 2928/1563 3481/1710 781/1610
f 2983/2626 1641/2725 2856/2691
f 7835/2070 7550/2098 2820/2199
f 204/537 199/566 7867/589
f 1766/1777 1767/1840 1768/1901
f 177/733 173/834 1030/769
f 174/831 173/834 177/733
f 7776/1502 1396/1522 7616/1401
f 818/731 50/886 429/887
f 221/796 222/857 216/957
f 845/821 7801/938 7826/824
f 7803/951 7826/824 7801/938
f 3472/1842 7422/1780 3468/1732
f 173/834 1087/949 187/921
f 755/1127 754/1221 753/1212
f 7826/824 174/831 208/718
f 173/834 174/831 1087/949
f 7787/714 845/821 7826/824
f 1766/1777 7583/1938 7585/1807
f 7768/1586 1193/1480 968/1577
f 1144/1497 7545/1677 7776/1502
f 187/921 7798/1017 1048/939
f 163/276 198/374 183/369
f 7553/1718 3153/1800 99/1849
f 54/966 429/887 7783/997
f 2138/835 277/755 275/903
f 1186/1415 1193/1480 7758/1341
f 7803/951 7801/938 52/1038
f 226/654 219/674 207/626
f 7826/824 7803/951 174/831
f 857/996 1087/949 174/831
f 1107/1043 999/1163 1002/1111
f 1179/1822 1361/1637 1388/1784
f 137/136 123/54 118/56
f 174/831 177/733 186/664
f 1144/1497 7776/1502 823/1356
f 1002/1111 216/957 1107/1043
f 823/1356 7616/1401 820/1248
f 7546/1757 7768/1586 968/1577
f 824/1229 823/1356 820/1248
f 1766/1777 7585/1807 2921/1766
f 1048/939 7798/1017 1107/1043
f 1014/1014 1087/949 7800/1060
f 7600/2178 2311/2240 2312/2297
f 7591/1713 7545/1677 1766/1777
f 199/566 204/537 213/472
f 54/966 845/821 429/887
f 1087/949 857/996 7800/1060
f 3584/1755 7528/1678 3468/1732
f 824/1229 1002/1111 999/1163
f 2136/1597 7528/1678 7553/1718
f 7792/1360 1144/1497 823/1356
f 972/1274 823/1356 824/1229
f 7775/1097 7774/1124 1107/1043
f 7798/1017 7775/1097 1107/1043
f 768/1106 7783/997 738/1064
f 54/966 768/1106 52/1038
f 857/996 755/1127 7800/1060
f 4000/1186 999/1163 7774/1124
f 2823/2331 1415/2416 1404/2409
f 7584/1720 7779/1611 7778/1623
f 7585/1807 7583/1938 7613/1866
f 780/1617 3589/1491 879/1514
f 768/1106 54/966 7783/997
f 999/1163 972/1274 824/1229
f 972/1274 7792/1360 823/1356
f 173/834 187/921 7824/847
f 3153/1800 7535/1923 99/1849
f 178/1093 977/1081 1014/1014
f 7798/1017 977/1081 7775/1097
f 176/1143 178/1093 7800/1060
f 7876/732 7899/631 7830/696
f 3495/2004 7834/1992 1768/1901
f 175/1120 7800/1060 755/1127
f 1404/2409 5049/2527 5046/2482
f 175/1120 176/1143 7800/1060
f 7553/1718 3585/1696 968/1577
f 7527/1855 3471/1834 3481/1710
f 3472/1842 7532/1724 3471/1834
f 364/684 8026/786 4136/867
f 2830/2217 2829/2237 2887/2113
f 968/1577 3585/1696 7546/1757
f 160/120 133/168 245/157
f 247/215 133/168 117/228
f 3471/1834 7527/1855 7533/1931
f 7526/1902 3472/1842 3471/1834
f 1435/2547 5135/2608 5134/2524
f 3508/1913 7533/1931 7527/1855
f 1404/2409 5046/2482 5203/2303
f 217/934 819/968 221/796
f 126/1 118/56 123/54
f 7546/1757 7553/1718 99/1849
f 7533/1931 3508/1913 2951/2021
f 7533/1931 7526/1902 3471/1834
f 7554/2121 2942/2055 2951/2021
f 246/59 238/75 241/40
f 99/1849 3495/2004 7546/1757
f 123/54 128/19 130/6
f 99/1849 7535/1923 3495/2004
f 4094/2301 5159/2396 7601/2345
f 3495/2004 7535/1923 2994/2061
f 4139/962 4090/983 4136/867
f 3495/2004 2994/2061 7556/2143
f 7542/2245 7556/2143 2994/2061
f 1420/2027 7587/1977 1423/1918
f 7556/2143 7542/2245 7525/2184
f 7616/1401 1396/1522 825/1479
f 7758/1341 7792/1360 971/1280
f 7584/1720 7613/1866 1251/1743
f 7542/2245 7569/2358 2312/2297
f 7613/1866 7612/1999 2918/1878
f 367/826 223/686 225/806
f 4087/1012 7767/931 4086/976
f 225/806 2356/895 367/826
f 191/1056 4087/1012 4086/976
f 820/1248 7616/1401 1249/1335
f 4086/976 2356/895 2357/856
f 191/1056 2161/1101 1136/1112
f 7767/931 367/826 2356/895
f 820/1248 7747/1275 1267/1172
f 1125/1070 191/1056 1136/1112
f 7767/931 2356/895 4086/976
f 118/56 595/130 137/136
f 2357/856 2356/895 225/806
f 1336/1152 1313/1154 1311/1252
f 4089/1053 1313/1154 1336/1152
f 4089/1053 7767/931 4087/1012
f 1313/1154 1125/1070 1136/1112
f 225/806 223/686 224/701
f 7823/808 210/765 2357/856
f 7823/808 225/806 210/765
f 2161/1101 191/1056 4086/976
f 7747/1275 1161/1345 1311/1252
f 4087/1012 191/1056 1125/1070
f 4087/1012 1125/1070 4089/1053
f 1125/1070 1313/1154 4089/1053
f 1249/1335 1184/1390 7747/1275
f 1267/1172 1136/1112 2161/1101
f 1267/1172 1313/1154 1136/1112
f 224/701 210/765 225/806
f 820/1248 1267/1172 2161/1101
f 1313/1154 1267/1172 7747/1275
f 1311/1252 1313/1154 7747/1275
f 820/1248 1249/1335 7747/1275
f 7747/1275 7757/1382 1161/1345
f 7616/1401 1184/1390 1249/1335
f 1184/1390 7757/1382 7747/1275
f 1198/1475 7757/1382 1184/1390
f 225/806 7823/808 2357/856
f 7570/2427 2312/2297 7569/2358
f 7601/2345 5159/2396 5138/2454
f 1251/1743 2918/1878 7617/1829
f 971/1280 972/1274 4000/1186
f 1766/1777 7545/1677 1767/1840
f 853/1095 755/1127 857/996
f 879/1514 781/1610 780/1617
f 999/1163 4000/1186 972/1274
f 7812/1146 977/1081 178/1093
f 2161/1101 1002/1111 824/1229
f 176/1143 7812/1146 178/1093
f 175/1120 755/1127 176/1143
f 7776/1502 7778/1623 7779/1611
f 777/1348 761/1234 876/1237
f 853/1095 776/1175 892/1207
f 2881/1994 2918/1878 7612/1999
f 853/1095 892/1207 754/1221
f 2887/2113 7583/1938 7835/2070
f 7768/1586 7545/1677 1144/1497
f 7771/1067 4100/1020 1277/1086
f 7783/997 429/887 50/886
f 4083/1344 1367/1354 4125/1241
f 7612/1999 1416/2081 2881/1994
f 7758/1341 971/1280 4000/1186
f 1767/1840 7546/1757 3495/2004
f 7812/1146 986/1216 4000/1186
f 753/1212 176/1143 755/1127
f 886/1516 2928/1563 781/1610
f 7899/631 4081/567 7894/533
f 753/1212 986/1216 176/1143
f 7735/300 284/203 287/252
f 2880/2304 2312/2297 7530/2447
f 3589/1491 848/1471 7799/1393
f 158/519 157/659 215/607
f 7614/1465 777/1348 774/1389
f 848/1471 7531/1387 7799/1393
f 1277/1086 1300/980 1310/1079
f 7834/1992 7525/2184 7550/2098
f 853/1095 754/1221 755/1127
f 846/1288 866/1291 776/1175
f 768/1106 738/1064 876/1237
f 866/1291 892/1207 776/1175
f 754/1221 7769/1316 753/1212
f 892/1207 868/1313 754/1221
f 986/1216 7758/1341 4000/1186
f 753/1212 961/1303 986/1216
f 7776/1502 7545/1677 7778/1623
f 8069/93 8039/34 8036/42
f 846/1288 777/1348 771/1407
f 2869/2419 7551/2525 2767/2499
f 1014/1014 187/921 1087/949
f 754/1221 868/1313 7811/1314
f 7549/2162 2887/2113 7835/2070
f 2889/2136 1416/2081 7612/1999
f 7617/1829 7772/1626 1251/1743
f 771/1407 866/1291 846/1288
f 892/1207 866/1291 868/1313
f 7751/1618 3985/1524 1354/1553
f 886/1516 758/1447 7614/1465
f 215/607 157/659 7787/714
f 7768/1586 7546/1757 7545/1677
f 738/1064 7783/997 50/886
f 7775/1097 4000/1186 7774/1124
f 7614/1465 2928/1563 886/1516
f 7811/1314 7769/1316 754/1221
f 3153/1800 3472/1842 7535/1923
f 2830/2217 2722/2298 2829/2237
f 1767/1840 3495/2004 1768/1901
f 753/1212 7769/1316 961/1303
f 1186/1415 7769/1316 7531/1387
f 7528/1678 3584/1755 3153/1800
f 774/1389 2928/1563 7614/1465
f 961/1303 7758/1341 986/1216
f 7422/1780 3584/1755 3468/1732
f 2889/2136 7612/1999 2887/2113
f 7531/1387 7769/1316 7811/1314
f 2881/1994 2883/2072 2299/2034
f 215/607 166/502 158/519
f 866/1291 771/1407 7799/1393
f 866/1291 7799/1393 868/1313
f 961/1303 7769/1316 1186/1415
f 868/1313 7799/1393 7531/1387
f 2300/1966 7617/1829 2881/1994
f 166/502 192/442 198/374
f 184/375 227/426 211/315
f 7869/464 213/472 206/528
f 977/1081 4000/1186 7775/1097
f 7551/2525 2194/2592 2767/2499
f 777/1348 846/1288 761/1234
f 185/511 199/566 213/472
f 2830/2217 2887/2113 7549/2162
f 879/1514 886/1516 781/1610
f 7810/1554 848/1471 3589/1491
f 768/1106 761/1234 776/1175
f 977/1081 7798/1017 1014/1014
f 7600/2178 7550/2098 7525/2184
f 7803/951 853/1095 857/996
f 846/1288 776/1175 761/1234
f 879/1514 3589/1491 771/1407
f 879/1514 771/1407 758/1447
f 818/731 845/821 157/659
f 968/1577 1193/1480 1186/1415
f 7800/1060 178/1093 1014/1014
f 3589/1491 780/1617 7810/1554
f 7801/938 845/821 54/966
f 1416/2081 2889/2136 2885/2144
f 7802/1493 1186/1415 7531/1387
f 208/718 7787/714 7826/824
f 2889/2136 2887/2113 2829/2237
f 761/1234 768/1106 876/1237
f 3472/1842 7526/1902 7524/1959
f 2767/2499 2734/2544 2849/2504
f 7591/1713 7584/1720 7778/1623
f 2136/1597 7553/1718 968/1577
f 879/1514 758/1447 886/1516
f 2299/2034 2883/2072 2882/2106
f 7799/1393 771/1407 3589/1491
f 818/731 7833/550 154/507
f 2747/2685 5053/2799 2808/2751
f 7531/1387 848/1471 7802/1493
f 7834/1992 7550/2098 7835/2070
f 7758/1341 1193/1480 1144/1497
f 7802/1493 968/1577 1186/1415
f 776/1175 52/1038 768/1106
f 777/1348 758/1447 771/1407
f 2882/2106 1420/2027 2884/1985
f 3153/1800 7422/1780 3472/1842
f 818/731 157/659 7833/550
f 1048/939 1107/1043 216/957
f 2299/2034 2300/1966 2881/1994
f 2734/2544 2767/2499 2194/2592
f 2136/1597 7802/1493 7810/1554
f 823/1356 7776/1502 7616/1401
f 1048/939 216/957 222/857
f 228/311 242/253 229/272
f 3468/1732 7532/1724 3472/1842
f 7758/1341 961/1303 1186/1415
f 2776/2428 2880/2304 2869/2419
f 3468/1732 780/1617 7532/1724
f 2136/1597 968/1577 7802/1493
f 50/886 818/731 153/742
f 1107/1043 7774/1124 999/1163
f 780/1617 7528/1678 7810/1554
f 971/1280 7792/1360 972/1274
f 213/472 204/537 206/528
f 7812/1146 4000/1186 977/1081
f 7591/1713 1766/1777 2921/1766
f 845/821 7787/714 157/659
f 7812/1146 176/1143 986/1216
f 7833/550 157/659 158/519
f 824/1229 820/1248 2161/1101
f 780/1617 3468/1732 7528/1678
f 7422/1780 3153/1800 3584/1755
f 1048/939 7824/847 187/921
f 207/626 179/563 7867/589
f 284/203 7735/300 7906/363
f 2776/2428 2767/2499 2849/2504
f 774/1389 777/1348 876/1237
f 2820/2199 2880/2304 7586/2334
f 7528/1678 2136/1597 7810/1554
f 1184/1390 7616/1401 825/1479
f 758/1447 777/1348 7614/1465
f 7549/2162 2820/2199 2830/2217
f 857/996 174/831 7803/951
f 2885/2144 2889/2136 2826/2248
f 7798/1017 187/921 1014/1014
f 2734/2544 2973/2459 2849/2504
f 3985/1524 197/1450 1354/1553
f 199/566 975/681 226/654
f 3153/1800 7553/1718 7528/1678
f 781/1610 7532/1724 780/1617
f 848/1471 7810/1554 7802/1493
f 54/966 52/1038 7801/938
f 2312/2297 2311/2240 7525/2184
f 1168/1733 7617/1829 1360/1881
f 7531/1387 7811/1314 868/1313
f 134/238 595/130 7854/227
f 1144/1497 7792/1360 7758/1341
f 2883/2072 2885/2144 2882/2106
f 2300/1966 2299/2034 2882/2106
f 2300/1966 2884/1985 1360/1881
f 781/1610 3481/1710 7532/1724
f 7834/1992 7556/2143 7525/2184
f 2826/2248 2872/2246 2885/2144
f 2973/2459 2734/2544 2733/2553
f 1360/1881 1394/1835 1168/1733
f 277/755 280/768 7830/696
f 2882/2106 2885/2144 2872/2246
f 2300/1966 2882/2106 2884/1985
f 2818/2673 2854/2575 2817/2509
f 2869/2419 2880/2304 7530/2447
f 1360/1881 2884/1985 1423/1918
f 4139/962 3987/1105 4148/1061
f 2706/3063 605/2880 7619/2895
f 2829/2237 2722/2298 1434/2377
f 2826/2248 1434/2377 2872/2246
f 2733/2553 2817/2509 2973/2459
f 1394/1835 1360/1881 1423/1918
f 7901/950 4085/853 7908/774
f 7560/2251 7601/2345 5138/2454
f 7596/2664 2818/2673 2733/2553
f 1434/2377 2722/2298 7586/2334
f 7744/1877 1172/1760 1394/1835
f 2876/2253 2890/2185 2882/2106
f 1420/2027 2882/2106 2904/2150
f 7611/2365 2876/2253 7598/2309
f 1423/1918 7587/1977 7744/1877
f 7744/1877 1285/1776 1172/1760
f 2904/2150 2882/2106 2890/2185
f 2875/2062 1420/2027 2904/2150
f 7587/1977 1420/2027 2875/2062
f 275/903 277/755 276/698
f 7898/594 7830/696 7899/631
f 7868/304 183/369 181/391
f 2823/2331 2876/2253 7611/2365
f 2876/2253 2823/2331 2877/2243
f 2569/3064 2644/3038 2703/2950
f 2818/2673 2846/2780 2629/2784
f 2854/2575 1434/2377 2817/2509
f 7611/2365 1434/2377 7604/2476
f 2818/2673 7606/2674 2854/2575
f 7859/457 227/426 7858/487
f 7587/1977 2914/2032 7744/1877
f 2890/2185 2877/2243 2904/2150
f 1436/2216 2914/2032 2939/2122
f 7524/1959 7535/1923 3472/1842
f 7749/2129 2875/2062 2904/2150
f 7870/119 7819/175 167/145
f 4090/983 4133/1084 7901/950
f 7587/1977 2875/2062 2914/2032
f 5203/2303 2877/2243 2823/2331
f 2729/2910 2703/2950 2644/3038
f 7606/2674 2818/2673 2629/2784
f 7748/1963 1403/1885 301/2071
f 2904/2150 2877/2243 5203/2303
f 1419/1624 7779/1611 1250/1680
f 2904/2150 7740/2206 7749/2129
f 126/1 123/54 130/6
f 2875/2062 2939/2122 2914/2032
f 2854/2575 7582/2580 7604/2476
f 115/77 123/54 160/120
f 7604/2476 5049/2527 1415/2416
f 7524/1959 2942/2055 2994/2061
f 5203/2303 7740/2206 2904/2150
f 7527/1855 3481/1710 3461/1699
f 7749/2129 7740/2206 2939/2122
f 2820/2199 7549/2162 7835/2070
f 301/2071 2937/2159 5172/2080
f 3941/655 271/627 7864/526
f 826/1276 190/1438 7738/1399
f 160/120 123/54 137/136
f 3985/1524 4072/1373 196/1406
f 284/203 283/209 287/252
f 265/535 1940/548 7863/406
f 1404/2409 1415/2416 5049/2527
f 2872/2246 7598/2309 2876/2253
f 2729/2910 5053/2799 2726/2810
f 2629/2784 2726/2810 7606/2674
f 2726/2810 2747/2685 7606/2674
f 7556/2143 7834/1992 3495/2004
f 171/122 165/189 7819/175
f 7582/2580 5049/2527 7604/2476
f 2937/2159 301/2071 326/2192
f 7740/2206 1436/2216 2939/2122
f 197/1450 4099/1531 1354/1553
f 246/59 159/97 171/122
f 7560/2251 4096/2247 4094/2301
f 7560/2251 5172/2080 2937/2159
f 7899/631 7894/533 7898/594
f 326/2192 4096/2247 2937/2159
f 4133/1084 4142/1062 7901/950
f 1960/207 7885/233 7881/178
f 564/1539 190/1438 7817/1535
f 5203/2303 5046/2482 5057/2350
f 2726/2810 5053/2799 2747/2685
f 2747/2685 5049/2527 7582/2580
f 326/2192 1438/2293 4096/2247
f 7908/774 364/684 4136/867
f 1436/2216 326/2192 301/2071
f 7740/2206 5057/2350 1436/2216
f 5539/8249 5345/8304 5412/8309
f 5433/8018 5355/8105 5356/8030
f 5347/8085 5366/8076 5425/8120
f 5425/8120 5366/8076 5427/8048
f 5333/8175 5342/8059 5413/8152
f 3072/8186 5407/8219 5406/8097
f 5413/8152 5347/8085 4434/8181
f 5412/8309 3072/8186 5539/8249
f 5330/8183 5425/8120 3531/8179
f 5427/8048 5366/8076 5432/8034
f 5383/8194 5404/8313 5539/8249
f 5385/8393 5412/8309 5410/8351
f 5434/8239 5407/8219 5384/8327
f 5330/8183 3531/8179 5434/8239
f 3522/8350 5502/8404 5404/8313
f 5642/8127 5925/8064 5489/7958
f 5404/8313 5383/8194 5365/8224
f 5404/8313 5410/8351 5345/8304
f 5333/8175 5629/8185 5435/8238
f 5629/8185 5413/8152 5435/8238
f 5434/8239 5435/8238 4434/8181
f 5351/8342 5384/8327 5448/8382
f 5422/8494 2832/8451 5637/8499
f 2064/7512 5255/7453 2002/7511
f 5351/8342 5435/8238 5434/8239
f 5366/8076 5347/8085 5432/8034
f 5502/8404 3522/8350 5639/8439
f 5342/8059 5340/8000 5347/8085
f 5406/8097 3531/8179 5425/8120
f 5352/7956 2862/7961 5356/8030
f 5427/8048 5395/7983 5344/7994
f 5434/8239 3531/8179 5407/8219
f 5367/8111 2493/8157 2459/8069
f 5385/8393 5410/8351 5409/8399
f 5364/8279 5437/8357 5365/8224
f 5432/8034 5347/8085 5340/8000
f 6152/8441 5422/8494 5465/8516
f 5633/7944 5433/8018 5442/7924
f 4755/8165 5584/8166 5952/8241
f 5433/8018 2862/7961 5442/7924
f 5465/8516 5422/8494 5421/8568
f 5952/8241 5364/8279 4755/8165
f 5384/8327 5351/8342 5434/8239
f 5355/8105 5365/8224 5383/8194
f 5360/7968 5346/7987 5342/8059
f 7541/7928 5489/7958 3541/8015
f 5409/8399 5404/8313 5502/8404
f 5340/8000 5342/8059 5346/7987
f 5385/8393 5422/8494 6152/8441
f 5642/8127 5377/8113 5925/8064
f 5349/7985 5352/7956 5356/8030
f 5355/8105 5433/8018 5943/8090
f 5377/8113 4755/8165 6143/8074
f 5369/7911 5368/7913 5352/7956
f 3206/8002 5633/7944 7541/7928
f 3522/8350 5365/8224 5437/8357
f 5539/8249 3072/8186 2493/8157
f 5922/7981 4247/8060 5489/7958
f 5410/8351 5404/8313 5409/8399
f 6143/8074 4755/8165 5943/8090
f 5365/8224 4755/8165 5364/8279
f 3522/8350 5404/8313 5365/8224
f 5355/8105 5943/8090 5365/8224
f 3522/8350 5437/8357 5639/8439
f 5925/8064 3541/8015 5489/7958
f 3206/8002 6143/8074 5943/8090
f 2329/8025 5344/7994 5387/7969
f 5388/7999 2459/8069 5406/8097
f 5457/8443 5438/8377 5460/8365
f 5097/8597 2639/8537 2623/8605
f 5361/8466 6152/8441 5465/8516
f 5943/8090 5433/8018 3206/8002
f 5387/7969 5344/7994 5343/7957
f 5502/8404 5639/8439 5637/8499
f 5395/7983 5343/7957 5344/7994
f 5406/8097 2329/8025 5388/7999
f 3541/8015 6143/8074 3206/8002
f 5637/8499 5409/8399 5502/8404
f 2832/8451 5422/8494 5385/8393
f 5637/8499 2832/8451 5409/8399
f 5442/7924 5376/7869 5633/7944
f 2832/8451 5385/8393 5409/8399
f 3206/8002 5433/8018 5633/7944
f 3825/7943 5346/7987 5360/7968
f 5642/8127 5489/7958 4247/8060
f 5584/8166 4755/8165 5377/8113
f 5340/8000 5346/7987 3825/7943
f 3752/7920 8074/7872 8075/7833
f 3752/7920 8075/7833 5400/7887
f 5377/8113 5642/8127 5584/8166
f 5349/7985 5369/7911 5352/7956
f 5368/7913 5369/7911 6274/7874
f 5349/7985 2459/8069 5388/7999
f 5412/8309 5384/8327 5407/8219
f 5368/7913 6274/7874 3664/7852
f 5440/7832 5376/7869 5442/7924
f 3767/8349 3651/8276 8076/8190
f 3767/8349 8076/8190 8077/8205
f 5440/7832 2441/7778 5376/7869
f 3825/7943 5360/7968 5430/7879
f 3737/7921 5340/8000 3825/7943
f 5400/7887 5430/7879 5360/7968
f 5369/7911 5349/7985 4849/7907
f 2435/7862 6274/7874 5369/7911
f 3541/8015 3206/8002 7541/7928
f 5339/7929 5340/8000 3737/7921
f 18/8282 19/8234 967/8271
f 5355/8105 5383/8194 5367/8111
f 2803/8091 2801/8072 4455/8103
f 6274/7874 684/7827 3664/7852
f 5440/7832 3187/7782 2441/7778
f 5539/8249 2493/8157 5383/8194
f 2623/8605 2639/8537 5147/8566
f 2232/7645 5338/7648 5585/7624
f 8078/7759 3735/7813 8079/7820
f 5343/7957 5353/7933 5387/7969
f 5378/7620 5585/7624 5338/7648
f 5399/7851 5368/7913 3664/7852
f 5339/7929 6/7876 5353/7933
f 5429/7811 684/7827 2435/7862
f 4434/8181 5347/8085 5425/8120
f 5365/8224 5943/8090 4755/8165
f 5395/7983 5339/7929 5343/7957
f 3664/7852 4852/7796 5399/7851
f 7571/7704 4786/7671 4968/7694
f 5399/7851 3187/7782 5440/7832
f 5289/7558 5378/7620 7428/7585
f 5/7860 5339/7929 3737/7921
f 3737/7921 5430/7879 5/7860
f 8080/7740 4780/7733 3735/7813
f 8080/7740 3735/7813 8078/7759
f 5430/7879 3735/7813 2666/7805
f 5381/7762 6517/7798 6516/7826
f 3825/7943 5430/7879 3737/7921
f 684/7827 5429/7811 5307/7794
f 5490/7817 6139/7797 5/7860
f 4852/7796 684/7827 5307/7794
f 5399/7851 5440/7832 5442/7924
f 5/7860 5430/7879 5490/7817
f 6195/8533 6210/8544 6011/8502
f 5388/7999 5387/7969 5353/7933
f 5490/7817 5430/7879 2666/7805
f 5429/7811 6517/7798 5307/7794
f 6516/7826 6517/7798 5429/7811
f 5307/7794 5424/7747 4852/7796
f 5465/8516 5421/8568 5447/8626
f 3072/8186 5406/8097 2459/8069
f 3637/7718 3187/7782 4852/7796
f 2307/7642 1916/7602 1931/7576
f 2666/7805 4780/7733 2263/7760
f 5425/8120 5427/8048 5406/8097
f 8081/8267 3650/8221 6216/8314
f 8081/8267 6216/8314 8082/8285
f 6/7876 5339/7929 5/7860
f 5353/7933 5343/7957 5339/7929
f 6275/7647 4780/7733 8080/7740
f 6275/7647 8080/7740 8083/7650
f 3656/7534 1931/7576 1916/7602
f 2862/7961 5433/8018 5356/8030
f 5368/7913 2862/7961 5352/7956
f 6/7876 5/7860 3751/7814
f 5/7860 6139/7797 3751/7814
f 3637/7718 4852/7796 5424/7747
f 5404/8313 5345/8304 5539/8249
f 5413/8152 5342/8059 5347/8085
f 2459/8069 5349/7985 5356/8030
f 3736/7754 2263/7760 4780/7733
f 3656/7534 1916/7602 6275/7647
f 7571/7704 5341/7658 4786/7671
f 5353/7933 6/7876 4849/7907
f 5381/7762 5424/7747 6517/7798
f 7428/7585 5378/7620 5341/7658
f 5432/8034 5340/8000 5395/7983
f 3736/7754 6139/7797 5490/7817
f 4782/7684 4780/7733 2307/7642
f 5381/7762 6516/7826 3751/7814
f 5435/8238 5413/8152 4434/8181
f 5356/8030 5355/8105 5367/8111
f 5424/7747 4790/7693 3637/7718
f 4968/7694 4783/7744 7571/7704
f 5925/8064 5377/8113 6143/8074
f 4852/7796 3664/7852 684/7827
f 4455/8103 2790/8130 2814/8131
f 5367/8111 5383/8194 2493/8157
f 2528/8476 2657/8520 2771/8452
f 4822/7629 2307/7642 1931/7576
f 6139/7797 3736/7754 4783/7744
f 5381/7762 4790/7693 5424/7747
f 3638/8125 8084/8021 8085/8006
f 3638/8125 8085/8006 17/8027
f 4849/7907 6516/7826 2435/7862
f 6143/8074 3541/8015 5925/8064
f 2064/7512 2002/7511 1931/7576
f 2725/8402 5075/8328 2660/8353
f 7571/7704 3736/7754 4782/7684
f 5451/8462 5452/8403 6145/8448
f 4822/7629 5341/7658 4782/7684
f 2862/7961 5368/7913 5442/7924
f 4780/7733 2666/7805 3735/7813
f 1931/7576 7428/7585 4822/7629
f 5367/8111 2459/8069 5356/8030
f 4814/7589 5378/7620 5289/7558
f 2232/7645 4846/7662 5338/7648
f 3808/7211 4825/7114 3944/7126
f 2329/8025 5406/8097 5427/8048
f 1931/7576 2002/7511 7428/7585
f 2682/8473 2684/8495 2712/8430
f 5407/8219 3531/8179 5406/8097
f 4849/7907 5388/7999 5353/7933
f 2674/8505 2684/8495 5147/8566
f 4968/7694 4853/7723 5381/7762
f 3736/7754 7571/7704 4783/7744
f 3732/8217 6150/8250 5268/8317
f 4786/7671 4846/7662 4968/7694
f 3736/7754 2666/7805 2263/7760
f 5434/8239 4434/8181 5330/8183
f 5427/8048 5344/7994 2329/8025
f 5442/7924 5368/7913 5399/7851
f 4473/8474 2675/8469 2669/8432
f 4783/7744 4968/7694 5381/7762
f 3751/7814 6516/7826 6/7876
f 6195/8533 6194/8565 6210/8544
f 3751/7814 6139/7797 4783/7744
f 4853/7723 4790/7693 5381/7762
f 4792/7670 4790/7693 2355/7679
f 4968/7694 4846/7662 2232/7645
f 2307/7642 4780/7733 6275/7647
f 4782/7684 5341/7658 7571/7704
f 5338/7648 4846/7662 4786/7671
f 5448/8382 5384/8327 5385/8393
f 4782/7684 2307/7642 4822/7629
f 5400/7887 8075/7833 8079/7820
f 5400/7887 8079/7820 3735/7813
f 5585/7624 5378/7620 4814/7589
f 5412/8309 5345/8304 5410/8351
f 5585/7624 4814/7589 2232/7645
f 5395/7983 5340/8000 5339/7929
f 2355/7679 4968/7694 2232/7645
f 3735/7813 5430/7879 5400/7887
f 2459/8069 2493/8157 3072/8186
f 3637/7718 4790/7693 4792/7670
f 2435/7862 5369/7911 4849/7907
f 3656/7534 5255/7453 2064/7512
f 5307/7794 6517/7798 5424/7747
f 5387/7969 5388/7999 2329/8025
f 3751/7814 4783/7744 5381/7762
f 5629/8185 5333/8175 5413/8152
f 5360/7968 3752/7920 5400/7887
f 5429/7811 2435/7862 6516/7826
f 5384/8327 5412/8309 5385/8393
f 5432/8034 5395/7983 5427/8048
f 2355/7679 4790/7693 4853/7723
f 1916/7602 2307/7642 6275/7647
f 6195/8533 6020/8497 6259/8548
f 2435/7862 684/7827 6274/7874
f 4853/7723 4968/7694 2355/7679
f 3656/7534 2064/7512 1931/7576
f 5407/8219 3072/8186 5412/8309
f 6/7876 6516/7826 4849/7907
f 4786/7671 5341/7658 5378/7620
f 5378/7620 5338/7648 4786/7671
f 5289/7558 7428/7585 2002/7511
f 5255/7453 3656/7534 3654/7429
f 5388/7999 4849/7907 5349/7985
f 4780/7733 4782/7684 3736/7754
f 5425/8120 5330/8183 4434/8181
f 4484/8104 2783/8106 3644/8052
f 2666/7805 3736/7754 5490/7817
f 7428/7585 5341/7658 4822/7629
f 5452/8403 6241/8409 6219/8354
f 5399/7851 4852/7796 3187/7782
f 2795/8128 2166/8172 2774/8117
f 2674/8505 5147/8566 2639/8537
f 2712/8430 2652/8370 2679/8373
f 3746/8607 2648/8550 2650/8560
f 3745/8122 3744/8170 2709/8071
f 2762/8513 6011/8502 6210/8544
f 5147/8566 2684/8495 7418/8580
f 5214/7109 4827/7174 3824/7239
f 3635/7350 30/7294 5231/7243
f 8086/8247 3638/8125 3650/8221
f 8086/8247 3650/8221 8081/8267
f 6216/8314 6241/8409 8087/8287
f 6216/8314 8087/8287 8082/8285
f 3647/8425 3648/8345 3649/8368
f 2650/8560 2648/8550 2762/8513
f 3647/8425 6020/8497 2649/8420
f 6334/8401 5268/8317 5438/8377
f 8084/8021 3638/8125 8088/8070
f 2630/8515 2778/8446 2639/8537
f 5386/8084 5414/8102 2793/8017
f 8089/8248 3648/8345 3767/8349
f 8089/8248 3767/8349 8090/8231
f 3663/8263 5268/8317 6219/8354
f 2649/8420 3648/8345 3647/8425
f 2738/8447 4290/8417 2775/8475
f 5314/7551 2742/7502 5311/7488
f 3649/8368 3648/8345 8091/8294
f 3649/8368 8091/8294 8092/8295
f 8093/7652 3813/7701 8094/7696
f 2775/8475 2639/8537 2638/8478
f 6334/8401 5438/8377 6333/8463
f 516/8162 8095/8124 8096/8135
f 516/8162 4213/8252 4333/8126
f 8097/7285 23/7231 3926/7338
f 8097/7285 3926/7338 8098/7312
f 3647/8425 6241/8409 6193/8487
f 5656/8456 5361/8466 5465/8516
f 2646/8489 2675/8469 4473/8474
f 5326/8045 27/7976 5641/7952
f 6186/8663 5337/8543 5332/8532
f 3926/7338 5269/7298 3814/7397
f 2756/8378 2652/8370 4290/8417
f 2736/8407 2765/8375 2771/8452
f 6259/8548 6194/8565 6195/8533
f 4473/8474 2648/8550 2646/8489
f 2773/8319 2736/8407 2769/8400
f 3667/8419 3767/8349 6416/8460
f 3060/8065 2804/8050 2803/8091
f 2684/8495 2674/8505 2775/8475
f 4213/8252 516/8162 19/8234
f 5314/7551 33/7633 3763/7535
f 5453/8312 5460/8365 5680/8289
f 2709/8071 27/7976 5326/8045
f 2660/8353 2764/8412 2725/8402
f 2784/8465 2528/8476 2725/8402
f 2810/8201 2166/8172 2814/8131
f 2765/8375 2528/8476 2771/8452
f 2795/8128 2814/8131 2166/8172
f 2814/8131 2803/8091 4455/8103
f 3028/8146 3060/8065 2774/8117
f 2664/8288 2660/8353 5075/8328
f 3028/8146 2774/8117 2788/8212
f 2662/8528 2771/8452 2657/8520
f 2786/8213 2788/8212 2807/8300
f 2771/8452 2662/8528 2736/8407
f 2736/8407 2662/8528 2769/8400
f 3644/8052 2783/8106 3645/8047
f 3645/8047 2783/8106 2801/8072
f 2656/8527 2528/8476 2784/8465
f 2616/8434 2630/8515 2728/8454
f 2785/8189 2810/8201 2791/8168
f 2803/8091 2804/8050 3047/8058
f 2772/8184 3028/8146 2788/8212
f 4526/8273 5075/8328 2765/8375
f 2807/8300 2769/8400 2759/8384
f 2786/8213 2772/8184 2788/8212
f 2807/8300 2798/8262 2786/8213
f 2774/8117 2782/8082 2803/8091
f 3672/8004 3644/8052 3645/8047
f 3047/8058 3645/8047 2801/8072
f 2906/8024 3059/7986 2802/8014
f 2803/8091 3047/8058 2801/8072
f 2660/8353 2778/8446 2616/8434
f 2773/8319 2807/8300 2788/8212
f 2528/8476 2656/8527 2657/8520
f 2664/8288 5075/8328 2517/8259
f 2630/8515 2656/8527 2784/8465
f 2630/8515 2616/8434 2778/8446
f 4526/8273 2765/8375 2781/8243
f 3028/8146 2772/8184 2800/8147
f 2759/8384 2799/8298 2807/8300
f 2800/8147 2772/8184 2786/8213
f 17/8027 29/7950 26/7912
f 5269/7298 3824/7239 22/7345
f 3135/8223 2786/8213 2798/8262
f 2803/8091 2782/8082 3060/8065
f 2800/8147 2906/8024 3060/8065
f 2798/8262 2799/8298 3135/8223
f 3672/8004 5079/8008 4507/7964
f 5079/8008 3645/8047 2804/8050
f 2906/8024 2802/8014 2804/8050
f 2804/8050 3060/8065 2906/8024
f 5079/8008 2804/8050 2802/8014
f 3070/7980 4507/7964 5079/8008
f 4507/7964 3070/7980 3670/7935
f 3070/7980 5079/8008 2802/8014
f 6186/8663 5476/8534 5463/8637
f 2802/8014 3059/7986 3070/7980
f 2784/8465 2725/8402 2764/8412
f 2677/8555 2648/8550 2643/8578
f 2715/8633 2685/8592 2680/8610
f 2685/8592 7418/8580 2686/8571
f 2685/8592 2715/8633 7418/8580
f 2677/8555 2646/8489 2648/8550
f 3746/8607 2680/8610 2643/8578
f 2675/8469 2646/8489 3668/8526
f 2680/8610 2717/8636 2715/8633
f 2643/8578 2686/8571 2677/8555
f 2643/8578 2648/8550 3746/8607
f 2680/8610 2685/8592 2643/8578
f 2685/8592 2686/8571 2643/8578
f 7418/8580 3668/8526 2686/8571
f 3668/8526 2677/8555 2686/8571
f 2715/8633 2641/8616 7418/8580
f 3668/8526 2646/8489 2677/8555
f 5298/7356 3635/7350 3791/7430
f 2682/8473 2675/8469 3668/8526
f 5451/8462 6241/8409 5452/8403
f 3638/8125 8086/8247 8099/8167
f 2756/8378 2665/8331 2652/8370
f 3651/8276 3767/8349 2671/8359
f 3667/8419 2762/8513 4473/8474
f 8088/8070 3638/8125 8099/8167
f 28/7525 8100/7549 8101/7530
f 6416/8460 2649/8420 6020/8497
f 2675/8469 2682/8473 2669/8432
f 5435/8238 5453/8312 5333/8175
f 2775/8475 2712/8430 2684/8495
f 20/8028 3644/8052 8102/7989
f 20/8028 8102/7989 8103/7992
f 8104/7444 3814/7397 3895/7426
f 8104/7444 3895/7426 8105/7458
f 8106/7998 20/8028 8103/7992
f 2664/8288 2655/8323 2660/8353
f 3667/8419 4473/8474 2669/8432
f 5296/7316 5373/7336 3803/7398
f 2655/8323 2778/8446 2660/8353
f 8107/7886 29/7950 8108/7972
f 3763/7535 3810/7495 5314/7551
f 3667/8419 6416/8460 2762/8513
f 6416/8460 3767/8349 2649/8420
f 4333/8126 3644/8052 20/8028
f 5454/8389 5460/8365 5453/8312
f 6216/8314 3663/8263 6219/8354
f 8109/8145 3744/8170 3663/8263
f 8109/8145 3663/8263 8110/8149
f 5314/7551 3656/7534 6275/7647
f 3744/8170 8109/8145 8111/8101
f 3744/8170 8111/8101 2709/8071
f 17/8027 26/7912 27/7976
f 6144/8510 6268/8540 6196/8498
f 6334/8401 6145/8448 5452/8403
f 3744/8170 3661/8237 3663/8263
f 3916/7155 3899/7237 1891/7200
f 18/8282 3657/8322 16/8302
f 3734/8073 5414/8102 3733/8176
f 2712/8430 2669/8432 2682/8473
f 3813/7701 8112/7706 8113/7838
f 3813/7701 8113/7838 35/7841
f 5337/8543 6144/8510 6466/8507
f 34/7186 3916/7155 5229/7079
f 6193/8487 3642/8529 6208/8545
f 6214/8558 3642/8529 6196/8498
f 5268/8317 3663/8263 3661/8237
f 6219/8354 5268/8317 6334/8401
f 3916/7155 5226/7089 5229/7079
f 3803/7398 5373/7336 5305/7329
f 3661/8237 3744/8170 3732/8217
f 2671/8359 3767/8349 3667/8419
f 8114/7414 3814/7397 8115/7424
f 2651/8297 3653/8292 4213/8252
f 20/8028 8106/7998 8116/8053
f 27/7976 26/7912 35/7841
f 3739/7850 3740/7771 8117/7808
f 3739/7850 8117/7808 8118/7831
f 6219/8354 6241/8409 6216/8314
f 5326/8045 3745/8122 2709/8071
f 3654/7429 3799/7443 3635/7350
f 3732/8217 3744/8170 3745/8122
f 5641/7952 27/7976 35/7841
f 2679/8373 2652/8370 3655/8330
f 5476/8534 6186/8663 5332/8532
f 5476/8534 5635/8457 5436/8542
f 2739/8596 6208/8545 3642/8529
f 3642/8529 6214/8558 2741/8576
f 6144/8510 5451/8462 6145/8448
f 5208/7284 5379/7364 3636/7306
f 3661/8237 3732/8217 5268/8317
f 5315/7286 3809/7295 3806/7250
f 27/7976 2709/8071 17/8027
f 5221/6974 3954/6889 5292/6983
f 6195/8533 6011/8502 6020/8497
f 1891/7200 3901/7118 3916/7155
f 8115/7424 3814/7397 8104/7444
f 3806/7250 3808/7211 5223/7189
f 6216/8314 3650/8221 3663/8263
f 5221/6974 5293/7044 3945/7054
f 6333/8463 5332/8532 6466/8507
f 3763/7535 3791/7430 3810/7495
f 3732/8217 3745/8122 3733/8176
f 5147/8566 2641/8616 2623/8605
f 8119/7709 3813/7701 35/7841
f 8119/7709 35/7841 8120/7839
f 8117/7808 3740/7771 8121/7752
f 4526/8273 2517/8259 5075/8328
f 3645/8047 3047/8058 2804/8050
f 2785/8189 814/8222 2810/8201
f 2774/8117 2814/8131 2795/8128
f 2810/8201 4526/8273 2781/8243
f 4333/8126 5443/8137 4484/8104
f 2814/8131 2774/8117 2803/8091
f 5443/8137 2785/8189 2791/8168
f 2773/8319 2769/8400 2807/8300
f 2801/8072 2783/8106 4455/8103
f 2800/8147 2786/8213 3135/8223
f 2810/8201 2781/8243 2166/8172
f 5079/8008 3672/8004 3645/8047
f 2810/8201 2790/8130 2791/8168
f 3655/8330 3657/8322 2679/8373
f 2788/8212 2774/8117 2166/8172
f 2664/8288 2517/8259 4213/8252
f 2781/8243 2765/8375 2773/8319
f 2765/8375 5075/8328 2725/8402
f 2741/8576 2739/8596 3642/8529
f 3070/7980 3059/7986 3670/7935
f 2166/8172 2781/8243 2773/8319
f 2616/8434 2728/8454 2764/8412
f 814/8222 2785/8189 4213/8252
f 4333/8126 2785/8189 5443/8137
f 5862/8579 6214/8558 6268/8540
f 5342/8059 5333/8175 5386/8084
f 2616/8434 2764/8412 2660/8353
f 4213/8252 2517/8259 814/8222
f 7561/7335 4971/7214 5296/7316
f 3060/8065 2782/8082 2774/8117
f 2785/8189 4333/8126 4213/8252
f 2799/8298 2798/8262 2807/8300
f 2630/8515 2784/8465 2728/8454
f 2783/8106 2791/8168 2790/8130
f 2810/8201 2814/8131 2790/8130
f 2630/8515 2587/8601 2656/8527
f 5814/8577 6268/8540 6144/8510
f 814/8222 4526/8273 2810/8201
f 2765/8375 2725/8402 2528/8476
f 2800/8147 3060/8065 3028/8146
f 2764/8412 2728/8454 2784/8465
f 5488/8508 5465/8516 5447/8626
f 4484/8104 3644/8052 4333/8126
f 2773/8319 2788/8212 2166/8172
f 4455/8103 2783/8106 2790/8130
f 2765/8375 2736/8407 2773/8319
f 5443/8137 2791/8168 2783/8106
f 2517/8259 4526/8273 814/8222
f 2783/8106 4484/8104 5443/8137
f 5290/7509 5289/7558 2002/7511
f 4879/7419 3559/7449 3804/7395
f 4807/7536 4814/7589 5289/7558
f 4814/7589 4807/7536 4784/7557
f 3559/7449 2002/7511 5255/7453
f 4793/7621 4792/7670 2355/7679
f 2355/7679 2232/7645 5358/7630
f 4792/7670 4793/7621 4854/7643
f 5376/7869 5303/7883 5633/7944
f 4823/7592 4854/7643 4793/7621
f 4947/7452 2002/7511 4879/7419
f 4792/7670 4854/7643 3637/7718
f 5303/7883 7541/7928 5633/7944
f 4829/7489 5317/7522 4845/7519
f 4829/7489 4845/7519 5279/7469
f 4839/7634 4854/7643 4823/7592
f 3637/7718 4854/7643 4788/7669
f 3637/7718 4788/7669 4787/7732
f 5538/7845 4872/7856 5303/7883
f 5302/7881 5303/7883 4872/7856
f 4947/7452 3803/7398 5279/7469
f 4819/7581 4784/7557 1870/7544
f 5358/7630 4819/7581 4823/7592
f 5316/7606 4839/7634 4823/7592
f 4788/7669 4854/7643 4839/7634
f 4787/7732 4788/7669 5380/7700
f 4872/7856 5538/7845 4873/7788
f 4873/7788 5538/7845 4838/7823
f 4828/7464 4835/7496 4829/7489
f 1870/7544 4794/7532 4819/7581
f 4794/7532 4823/7592 4819/7581
f 4819/7581 5358/7630 4813/7603
f 5316/7606 4788/7669 4839/7634
f 3815/7663 5380/7700 4788/7669
f 4872/7856 4873/7788 5596/7793
f 5489/7958 7541/7928 4872/7856
f 4838/7823 5303/7883 5376/7869
f 4828/7464 4837/7441 4835/7496
f 4823/7592 4794/7532 1704/7570
f 5316/7606 1704/7570 2019/7554
f 4872/7856 5596/7793 5598/7803
f 5389/7738 5380/7700 5588/7686
f 5290/7509 2002/7511 3130/7482
f 5489/7958 4872/7856 5598/7803
f 3803/7398 5325/7407 4837/7441
f 4837/7441 3682/7433 4835/7496
f 4794/7532 2019/7554 1704/7570
f 4801/7639 3815/7663 4856/7632
f 5389/7738 5588/7686 5418/7748
f 2645/8026 3734/8073 5326/8045
f 2793/8017 2645/8026 5641/7952
f 4863/7834 4866/7931 5489/7958
f 4863/7834 5489/7958 5598/7803
f 3803/7398 5305/7329 5325/7407
f 3733/8176 3745/8122 3734/8073
f 2019/7554 7645/7517 4869/7595
f 3130/7482 2002/7511 4947/7452
f 4837/7441 5325/7407 5324/7390
f 4801/7639 4856/7632 4869/7595
f 3682/7433 4837/7441 5324/7390
f 5278/7728 5598/7803 5418/7748
f 5598/7803 5278/7728 5597/7761
f 4841/7481 4794/7532 1870/7544
f 4864/7890 4866/7931 4863/7834
f 5597/7761 4863/7834 5598/7803
f 3682/7433 5324/7390 3679/7439
f 5635/8457 5476/8534 5457/8443
f 5315/7286 3636/7306 5254/7369
f 3682/7433 4841/7481 4835/7496
f 4279/7683 5588/7686 5605/7656
f 4812/7486 4851/7436 7645/7517
f 5306/7365 5324/7390 5305/7329
f 5380/7700 5389/7738 2441/7778
f 3653/8292 2655/8323 2664/8288
f 5324/7390 4851/7436 3679/7439
f 2738/8447 2638/8478 2778/8446
f 4788/7669 5316/7606 4856/7632
f 5605/7656 5604/7638 4279/7683
f 2756/8378 4290/8417 2738/8447
f 7645/7517 5750/7504 5751/7559
f 4863/7834 4859/7753 5590/7877
f 2741/8576 6214/8558 5862/8579
f 5324/7390 5306/7365 4851/7436
f 4873/7788 4838/7823 5389/7738
f 5750/7504 7645/7517 4851/7436
f 6150/8250 3732/8217 3733/8176
f 3803/7398 4837/7441 4828/7464
f 4869/7595 7645/7517 5751/7559
f 3760/7371 22/7345 3802/7297
f 3813/7701 8119/7709 8122/7703
f 5750/7504 4966/7541 5751/7559
f 5358/7630 2232/7645 4813/7603
f 5386/8084 5360/7968 5342/8059
f 4880/7690 5581/7749 3099/7697
f 3099/7697 4279/7683 4424/7653
f 5581/7749 4880/7690 4859/7753
f 8123/7783 3739/7850 35/7841
f 8123/7783 35/7841 8113/7838
f 4784/7557 4845/7519 5317/7522
f 2679/8373 3667/8419 2669/8432
f 4279/7683 5418/7748 5588/7686
f 6196/8498 6241/8409 5451/8462
f 5862/8579 6268/8540 5814/8577
f 6144/8510 6333/8463 6466/8507
f 6144/8510 5337/8543 5814/8577
f 3656/7534 5314/7551 5311/7488
f 4842/7575 5751/7559 4966/7541
f 4814/7589 4813/7603 2232/7645
f 8076/8190 3651/8276 3659/8206
f 8076/8190 3659/8206 8124/8182
f 2754/8316 5438/8377 5268/8317
f 5278/7728 5418/7748 4279/7683
f 6145/8448 6334/8401 6333/8463
f 8125/7893 26/7912 8126/7892
f 3667/8419 2676/8360 2671/8359
f 3810/7495 3791/7430 3799/7443
f 4473/8474 2762/8513 2648/8550
f 6214/8558 6196/8498 6268/8540
f 3745/8122 5326/8045 3734/8073
f 2679/8373 2669/8432 2712/8430
f 2754/8316 5268/8317 6150/8250
f 4828/7464 5279/7469 3803/7398
f 2754/8316 5460/8365 5438/8377
f 16/8302 4213/8252 19/8234
f 5255/7453 3804/7395 3559/7449
f 4879/7419 2002/7511 3559/7449
f 8124/8182 3659/8206 8127/8132
f 8128/8068 4333/8126 20/8028
f 8128/8068 20/8028 8116/8053
f 4814/7589 4784/7557 4813/7603
f 5457/8443 6333/8463 5438/8377
f 2712/8430 2775/8475 4290/8417
f 4213/8252 3653/8292 2664/8288
f 3653/8292 2651/8297 2655/8323
f 33/7633 2178/7698 8129/7716
f 33/7633 8129/7716 8130/7659
f 17/8027 8131/8109 8132/8140
f 17/8027 8132/8140 3638/8125
f 516/8162 8096/8135 8127/8132
f 516/8162 8127/8132 3659/8206
f 3651/8276 3657/8322 967/8271
f 5538/7845 5303/7883 4838/7823
f 2671/8359 2676/8360 3651/8276
f 2679/8373 2676/8360 3667/8419
f 7541/7928 5303/7883 5302/7881
f 2652/8370 2712/8430 4290/8417
f 4823/7592 1704/7570 5316/7606
f 3659/8206 967/8271 19/8234
f 8110/8149 3663/8263 3650/8221
f 8110/8149 3650/8221 8133/8154
f 3187/7782 4787/7732 2441/7778
f 2651/8297 2665/8331 2655/8323
f 5289/7558 5290/7509 4807/7536
f 5597/7761 5581/7749 4863/7834
f 4801/7639 5605/7656 5588/7686
f 3099/7697 4424/7653 4880/7690
f 4823/7592 4793/7621 5358/7630
f 2441/7778 4787/7732 5380/7700
f 3682/7433 4812/7486 4841/7481
f 5460/8365 2754/8316 5680/8289
f 4864/7890 4863/7834 5590/7877
f 3668/8526 2684/8495 2682/8473
f 2738/8447 2778/8446 2756/8378
f 2651/8297 4213/8252 2665/8331
f 5308/8477 5457/8443 5476/8534
f 6152/8441 5361/8466 6151/8414
f 4279/7683 3099/7697 5278/7728
f 4838/7823 5376/7869 2441/7778
f 5590/7877 4859/7753 5575/7779
f 4842/7575 5604/7638 4867/7613
f 2793/8017 3734/8073 2645/8026
f 2709/8071 8111/8101 8131/8109
f 2709/8071 8131/8109 17/8027
f 5452/8403 6219/8354 6334/8401
f 5596/7793 5418/7748 5598/7803
f 5597/7761 5278/7728 3099/7697
f 5279/7469 5290/7509 3130/7482
f 4787/7732 3187/7782 3637/7718
f 4872/7856 7541/7928 5302/7881
f 6416/8460 6020/8497 6011/8502
f 6241/8409 6196/8498 6193/8487
f 4807/7536 5290/7509 5279/7469
f 17/8027 8085/8006 8108/7972
f 17/8027 8108/7972 29/7950
f 2676/8360 2679/8373 3657/8322
f 2652/8370 16/8302 3655/8330
f 6241/8409 3647/8425 3649/8368
f 3651/8276 967/8271 3659/8206
f 4829/7489 5279/7469 4828/7464
f 2676/8360 3657/8322 3651/8276
f 5460/8365 5635/8457 5457/8443
f 5597/7761 3099/7697 5581/7749
f 6150/8250 3733/8176 5309/8233
f 2793/8017 5641/7952 3752/7920
f 4424/7653 4279/7683 5604/7638
f 2775/8475 2674/8505 2639/8537
f 4867/7613 5604/7638 5605/7656
f 2756/8378 2778/8446 2655/8323
f 516/8162 3659/8206 19/8234
f 5332/8532 5337/8543 6466/8507
f 5604/7638 4842/7575 5732/7615
f 2665/8331 16/8302 2652/8370
f 2665/8331 4213/8252 16/8302
f 2441/7778 5389/7738 4838/7823
f 3642/8529 6193/8487 6196/8498
f 3763/7535 33/7633 8134/7609
f 3763/7535 8134/7609 8135/7604
f 5862/8579 3643/8641 2741/8576
f 3668/8526 7418/8580 2684/8495
f 3802/7297 31/7354 3760/7371
f 18/8282 16/8302 19/8234
f 4801/7639 4869/7595 4867/7613
f 8112/7706 3813/7701 32/7672
f 8112/7706 32/7672 8136/7712
f 3739/7850 5641/7952 35/7841
f 5436/8542 5635/8457 5439/8458
f 4793/7621 2355/7679 5358/7630
f 6193/8487 6020/8497 3647/8425
f 4867/7613 5605/7656 4801/7639
f 3824/7239 5269/7298 3925/7219
f 3740/7771 3739/7850 8123/7783
f 3740/7771 8123/7783 8137/7739
f 3739/7850 8118/7831 8074/7872
f 3739/7850 8074/7872 3752/7920
f 4845/7519 4784/7557 4807/7536
f 29/7950 8107/7886 8126/7892
f 29/7950 8126/7892 26/7912
f 3649/8368 8092/8295 8087/8287
f 3649/8368 8087/8287 6241/8409
f 5309/8233 5680/8289 2754/8316
f 5751/7559 4867/7613 4869/7595
f 2638/8478 2639/8537 2778/8446
f 3657/8322 3655/8330 16/8302
f 2645/8026 5326/8045 5641/7952
f 5439/8458 5488/8508 5436/8542
f 2638/8478 2738/8447 2775/8475
f 4869/7595 5316/7606 2019/7554
f 3670/7935 3669/7915 4507/7964
f 4483/7910 4507/7964 3669/7915
f 3765/7975 3766/7990 3672/8004
f 3749/7942 3766/7990 3765/7975
f 4483/7910 4296/7873 3684/7857
f 4483/7910 4371/7908 3749/7942
f 3644/8052 3766/7990 3785/7965
f 5489/7958 4866/7931 5922/7981
f 3684/7857 4371/7908 4483/7910
f 3785/7965 3749/7942 4371/7908
f 3815/7663 4788/7669 4856/7632
f 3665/7828 3684/7857 3677/7781
f 4784/7557 4819/7581 4813/7603
f 8138/7904 4371/7908 8139/7868
f 3680/7899 3669/7915 3670/7935
f 2630/8515 2639/8537 5097/8597
f 8140/7799 3665/7828 3677/7781
f 8140/7799 3677/7781 8141/7766
f 8142/7844 3665/7828 8140/7799
f 1870/7544 5317/7522 4835/7496
f 3665/7828 8142/7844 8139/7868
f 3665/7828 8139/7868 4371/7908
f 4947/7452 4879/7419 3803/7398
f 3785/7965 3766/7990 3749/7942
f 4835/7496 5317/7522 4829/7489
f 3665/7828 4371/7908 3684/7857
f 4179/7150 4178/7090 8143/7160
f 4179/7150 8143/7160 8144/7187
f 3669/7915 3680/7899 4296/7873
f 3643/8641 5862/8579 3639/8624
f 4507/7964 3765/7975 3672/8004
f 4794/7532 4841/7481 4812/7486
f 1870/7544 4784/7557 5317/7522
f 5386/8084 5333/8175 5415/8197
f 2019/7554 4794/7532 4812/7486
f 3679/7439 4851/7436 4812/7486
f 4873/7788 5389/7738 5418/7748
f 8143/7160 4178/7090 8145/7180
f 5316/7606 4869/7595 4856/7632
f 6151/8414 5448/8382 6152/8441
f 3644/8052 3785/7965 8146/7977
f 3644/8052 8146/7977 8102/7989
f 3785/7965 4371/7908 8138/7904
f 3785/7965 8138/7904 8147/7909
f 4179/7150 8144/7187 8148/7232
f 4179/7150 8148/7232 21/7247
f 8149/7271 21/7247 8148/7232
f 5214/7109 4178/7090 4669/7021
f 21/7247 8149/7271 8150/7292
f 4842/7575 4867/7613 5751/7559
f 4507/7964 4483/7910 3749/7942
f 5279/7469 4845/7519 4807/7536
f 4483/7910 3669/7915 4296/7873
f 4812/7486 7645/7517 2019/7554
f 4863/7834 5581/7749 4859/7753
f 3815/7663 5588/7686 5380/7700
f 3766/7990 3644/8052 3672/8004
f 5596/7793 4873/7788 5418/7748
f 5604/7638 5732/7615 4424/7653
f 4835/7496 4841/7481 1870/7544
f 5324/7390 5325/7407 5305/7329
f 4178/7090 5214/7109 8151/7181
f 4178/7090 8151/7181 8145/7180
f 3815/7663 4801/7639 5588/7686
f 5279/7469 3130/7482 4947/7452
f 4507/7964 3749/7942 3765/7975
f 8146/7977 3785/7965 8147/7909
f 4827/7174 4825/7114 4824/7178
f 3679/7439 4812/7486 3682/7433
f 3654/7429 3635/7350 5254/7369
f 5862/8579 5814/8577 3639/8624
f 4824/7178 5230/7240 5231/7243
f 3819/6967 4669/7021 4178/7090
f 5231/7243 4827/7174 4824/7178
f 4102/7030 4825/7114 4827/7174
f 5255/7453 3654/7429 5254/7369
f 5214/7109 5213/6966 3874/7002
f 5230/7240 3635/7350 5231/7243
f 4827/7174 5214/7109 3875/7034
f 3822/6975 4669/7021 3819/6967
f 3875/7034 5214/7109 3874/7002
f 3635/7350 5230/7240 3809/7295
f 5214/7109 4669/7021 3822/6975
f 5254/7369 3635/7350 3809/7295
f 4763/7048 4178/7090 4179/7150
f 3819/6967 4178/7090 4763/7048
f 5213/6966 5214/7109 3822/6975
f 5255/7453 5254/7369 3804/7395
f 4827/7174 3875/7034 4102/7030
f 3739/7850 3752/7920 5641/7952
f 8091/8294 3648/8345 8089/8248
f 5814/8577 5337/8543 6186/8663
f 5309/8233 2754/8316 6150/8250
f 5414/8102 5415/8197 3733/8176
f 3638/8125 8132/8140 8133/8154
f 3638/8125 8133/8154 3650/8221
f 5414/8102 3734/8073 2793/8017
f 2793/8017 3752/7920 5360/7968
f 3813/7701 8122/7703 8094/7696
f 3733/8176 5415/8197 5309/8233
f 5208/7284 4971/7214 7561/7335
f 3813/7701 8093/7652 8152/7605
f 3813/7701 8152/7605 32/7672
f 32/7672 33/7633 8130/7659
f 32/7672 8130/7659 8136/7712
f 6333/8463 5457/8443 5308/8477
f 4707/7228 3925/7219 5269/7298
f 2178/7698 3740/7771 8137/7739
f 2178/7698 8137/7739 8129/7716
f 967/8271 3657/8322 18/8282
f 6186/8663 3639/8624 5814/8577
f 5351/8342 6162/8385 5331/8348
f 5332/8532 6333/8463 5308/8477
f 5360/7968 5386/8084 2793/8017
f 5414/8102 5386/8084 5415/8197
f 5309/8233 5415/8197 5680/8289
f 33/7633 32/7672 8152/7605
f 33/7633 8152/7605 8134/7609
f 2587/8601 2630/8515 5097/8597
f 3740/7771 2178/7698 8153/7724
f 3740/7771 8153/7724 8121/7752
f 2649/8420 3767/8349 3648/8345
f 5415/8197 5333/8175 5453/8312
f 6145/8448 6333/8463 6144/8510
f 5308/8477 5476/8534 5332/8532
f 5453/8312 5680/8289 5415/8197
f 5460/8365 5454/8389 5635/8457
f 2743/7476 3799/7443 5311/7488
f 6275/7647 2178/7698 33/7633
f 5147/8566 7418/8580 2641/8616
f 8154/7539 3794/7484 8155/7600
f 5315/7286 3806/7250 3898/7242
f 8153/7724 2178/7698 6275/7647
f 8153/7724 6275/7647 8083/7650
f 3916/7155 3901/7118 5226/7089
f 6196/8498 5451/8462 6144/8510
f 5446/8386 5454/8389 5453/8312
f 2665/8331 2756/8378 2655/8323
f 5454/8389 5439/8458 5635/8457
f 26/7912 8125/7893 8120/7839
f 26/7912 8120/7839 35/7841
f 3763/7535 8135/7604 8155/7600
f 3763/7535 8155/7600 3794/7484
f 5314/7551 6275/7647 33/7633
f 28/7525 3794/7484 8154/7539
f 28/7525 8154/7539 8100/7549
f 5299/7007 4825/7114 4102/7030
f 6416/8460 6011/8502 2762/8513
f 5331/8348 5446/8386 5453/8312
f 5446/8386 5439/8458 5454/8389
f 5476/8534 5436/8542 5463/8637
f 4825/7114 5299/7007 3945/7054
f 516/8162 4333/8126 8128/8068
f 516/8162 8128/8068 8095/8124
f 3767/8349 8077/8205 8090/8231
f 3794/7484 3791/7430 3763/7535
f 3800/7405 3794/7484 3895/7426
f 8156/7494 3794/7484 28/7525
f 8156/7494 28/7525 8157/7507
f 3945/7054 3944/7126 4825/7114
f 5601/8398 5446/8386 5331/8348
f 5435/8238 5331/8348 5453/8312
f 5446/8386 5656/8456 5439/8458
f 3945/7054 5299/7007 5221/6974
f 5436/8542 5447/8626 5463/8637
f 5296/7316 3803/7398 7561/7335
f 3800/7405 3760/7371 31/7354
f 4824/7178 4825/7114 5230/7240
f 5298/7356 3759/7400 31/7354
f 5292/6983 5293/7044 5221/6974
f 3944/7126 3945/7054 5293/7044
f 2742/7502 5314/7551 3810/7495
f 3759/7400 3791/7430 3794/7484
f 3636/7306 5315/7286 3899/7237
f 8157/7507 28/7525 8101/7530
f 3794/7484 8156/7494 8158/7485
f 3794/7484 8158/7485 3895/7426
f 5601/8398 5331/8348 6162/8385
f 5230/7240 4825/7114 3808/7211
f 5446/8386 5601/8398 5656/8456
f 5331/8348 5435/8238 5351/8342
f 5656/8456 5488/8508 5439/8458
f 5436/8542 5488/8508 5447/8626
f 3901/7118 3944/7126 5293/7044
f 3799/7443 3791/7430 3635/7350
f 3810/7495 2743/7476 2742/7502
f 5298/7356 3791/7430 3759/7400
f 3794/7484 3800/7405 3759/7400
f 6151/8414 5351/8342 5448/8382
f 3656/7534 5311/7488 3654/7429
f 8105/7458 3895/7426 8158/7485
f 6162/8385 5362/8418 5601/8398
f 5656/8456 5601/8398 5362/8418
f 3809/7295 5230/7240 3808/7211
f 5465/8516 5488/8508 5656/8456
f 8098/7312 3926/7338 8159/7373
f 5294/7045 3901/7118 5293/7044
f 3926/7338 8160/7410 8159/7373
f 3799/7443 2743/7476 3810/7495
f 5311/7488 2742/7502 2743/7476
f 3759/7400 3800/7405 31/7354
f 5214/7109 4707/7228 23/7231
f 3654/7429 5311/7488 3799/7443
f 3895/7426 3760/7371 3800/7405
f 5351/8342 6151/8414 6162/8385
f 6162/8385 6151/8414 5362/8418
f 5656/8456 5362/8418 5361/8466
f 8160/7410 3926/7338 3814/7397
f 8160/7410 3814/7397 8114/7414
f 5379/7364 5208/7284 7561/7335
f 3911/7017 5226/7089 5294/7045
f 5294/7045 5226/7089 3901/7118
f 3806/7250 5223/7189 3898/7242
f 30/7294 5298/7356 31/7354
f 5298/7356 3634/7331 3635/7350
f 3895/7426 22/7345 3760/7371
f 22/7345 3895/7426 3814/7397
f 5223/7189 3901/7118 1891/7200
f 6151/8414 5361/8466 5362/8418
f 8161/7185 23/7231 8097/7285
f 3926/7338 23/7231 4707/7228
f 3634/7331 30/7294 3635/7350
f 3899/7237 34/7186 3636/7306
f 31/7354 3802/7297 30/7294
f 3634/7331 5298/7356 30/7294
f 3814/7397 5269/7298 22/7345
f 5214/7109 23/7231 8161/7185
f 5214/7109 8161/7185 8151/7181
f 5226/7089 3911/7017 5229/7079
f 3898/7242 1891/7200 3899/7237
f 5269/7298 3926/7338 4707/7228
f 30/7294 3802/7297 4827/7174
f 3802/7297 22/7345 3824/7239
f 5385/8393 6152/8441 5448/8382
f 4707/7228 5214/7109 3925/7219
f 5231/7243 30/7294 4827/7174
f 3824/7239 4827/7174 3802/7297
f 3824/7239 3925/7219 5214/7109
f 5315/7286 5254/7369 3809/7295
f 34/7186 3899/7237 3916/7155
f 5223/7189 1891/7200 3898/7242
f 5254/7369 3636/7306 3804/7395
f 5229/7079 5235/7096 34/7186
f 5379/7364 3804/7395 3636/7306
f 3643/8641 6206/8635 2740/8619
f 6259/8548 6020/8497 6208/8545
f 2739/8596 6259/8548 6208/8545
f 2741/8576 3643/8641 2740/8619
f 6259/8548 2739/8596 6204/8603
f 6259/8548 6204/8603 6194/8565
f 2704/8593 6210/8544 6194/8565
f 6210/8544 2650/8560 2762/8513
f 6194/8565 5866/8589 2704/8593
f 6435/8661 6206/8635 3643/8641
f 6204/8603 6206/8635 2780/8665
f 2780/8665 6206/8635 6435/8661
f 2705/8620 2647/8647 2704/8593
f 5223/7189 3808/7211 3944/7126
f 5223/7189 3944/7126 3901/7118
f 3746/8607 2704/8593 2647/8647
f 2780/8665 2647/8647 2705/8620
f 2680/8610 3746/8607 2609/8639
f 2647/8647 2609/8639 3746/8607
f 2680/8610 2609/8639 2717/8636
f 2647/8647 6348/8658 2609/8639
f 2609/8639 6348/8658 2717/8636
f 3819/6967 3866/6888 3822/6975
f 4690/6865 3866/6888 3819/6967
f 5294/7045 5293/7044 5292/6983
f 4879/7419 3804/7395 5379/7364
f 5235/7096 5234/7154 34/7186
f 2704/8593 2650/8560 6210/8544
f 3874/7002 5213/6966 3878/6938
f 3877/6797 3932/6741 4769/6859
f 3966/6837 3954/6889 3915/6907
f 5208/7284 3636/7306 34/7186
f 6020/8497 6193/8487 6208/8545
f 3943/6829 3894/6843 3878/6938
f 3875/7034 3874/7002 3878/6938
f 3866/6888 3877/6797 4239/6909
f 7561/7335 4879/7419 5379/7364
f 4769/6859 3932/6741 3943/6829
f 5299/7007 4102/7030 3913/6945
f 4239/6909 3877/6797 4769/6859
f 5234/7154 5208/7284 34/7186
f 4769/6859 3943/6829 3878/6938
f 3894/6843 3928/6748 3966/6837
f 3822/6975 4239/6909 5213/6966
f 3878/6938 4102/7030 3875/7034
f 5221/6974 5299/7007 5301/6930
f 3913/6945 5301/6930 5299/7007
f 3878/6938 3913/6945 4102/7030
f 3909/6683 3877/6797 3870/6752
f 2704/8593 5866/8589 2705/8620
f 5213/6966 4239/6909 4769/6859
f 2739/8596 6206/8635 6204/8603
f 3878/6938 3894/6843 3913/6945
f 3878/6938 5213/6966 4769/6859
f 5221/6974 5301/6930 3915/6907
f 3877/6797 3871/6718 3932/6741
f 3917/6773 3943/6829 3932/6741
f 7561/7335 3803/7398 4879/7419
f 3887/6695 3928/6748 3917/6773
f 4971/7214 5208/7284 5234/7154
f 3871/6718 3893/6643 3932/6741
f 3966/6837 3915/6907 5301/6930
f 3917/6773 3932/6741 3887/6695
f 3915/6907 3954/6889 5221/6974
f 3913/6945 3894/6843 3966/6837
f 2740/8619 2739/8596 2741/8576
f 3866/6888 3870/6752 3877/6797
f 3887/6695 3932/6741 3881/6645
f 3866/6888 4239/6909 3822/6975
f 3894/6843 3943/6829 3917/6773
f 6204/8603 2705/8620 5866/8589
f 3870/6752 3866/6888 3869/6816
f 3909/6683 3893/6643 3871/6718
f 3917/6773 3928/6748 3894/6843
f 3809/7295 3808/7211 3806/7250
f 3913/6945 3966/6837 5301/6930
f 6204/8603 2780/8665 2705/8620
f 3866/6888 4690/6865 3869/6816
f 5866/8589 6194/8565 6204/8603
f 2740/8619 6206/8635 2739/8596
f 3898/7242 3899/7237 5315/7286
f 3871/6718 3877/6797 3909/6683
f 2704/8593 3746/8607 2650/8560
f 3932/6741 3893/6643 3881/6645
f 4387/6115 3683/6024 4509/6025
f 4509/6025 3683/6024 8162/6016
f 4509/6025 8162/6016 8163/5953
f 4826/6815 3092/6916 3400/6827
f 3086/6914 3118/6884 3092/6916
f 3861/6064 3869/5922 4690/5909
f 3688/6297 4327/6260 4326/6175
f 4428/7626 4374/7597 4459/7561
f 5040/6182 4312/6192 3778/6252
f 3683/6024 8164/6018 8162/6016
f 3731/6965 3174/7042 3162/7038
f 3167/7019 3162/7038 3161/7083
f 3774/6323 4327/6260 3727/6308
f 3712/6800 3718/6747 3707/6841
f 3095/7009 4701/7107 3138/7066
f 4766/6028 5040/6182 3723/6116
f 1668/7075 3625/7062 3615/7106
f 3107/6289 3146/6357 3133/6334
f 5040/6182 3141/6241 3723/6116
f 8165/5984 4766/6028 8166/6026
f 2905/7059 2895/7031 2900/7078
f 3721/6547 3704/6670 3715/6568
f 4663/5980 3861/6064 4690/5909
f 4766/6028 8167/6002 8168/6012
f 3774/6323 3805/6361 3782/6427
f 4766/6028 3683/6024 4313/6120
f 4683/6217 4765/6110 4658/6183
f 3704/6670 3721/6547 3722/6618
f 4679/6309 4719/6294 4683/6217
f 3675/7014 1668/7075 3596/7095
f 3723/6116 3141/6241 3108/6149
f 3773/6247 3778/6252 4312/6192
f 3683/6024 4766/6028 8168/6012
f 3683/6024 8168/6012 8169/6022
f 3677/6014 3684/6062 3685/6151
f 8170/6006 4766/6028 8165/5984
f 8171/6036 3723/6116 8172/6048
f 3819/5821 4663/5980 4690/5909
f 8173/5994 4751/6015 1129/6077
f 8173/5994 1129/6077 8174/5991
f 4766/6028 8170/6006 8167/6002
f 3054/7205 3069/7264 3081/7255
f 3110/6322 3128/6248 3133/6334
f 3726/6302 3774/6323 3730/6370
f 3633/7112 3627/7168 3607/7157
f 3087/6290 5040/6182 3778/6252
f 4764/6033 21/5923 8150/5924
f 4764/6033 8150/5924 8175/5944
f 3141/6241 3725/6154 3108/6149
f 4683/6217 4668/6242 8024/6141
f 4751/6015 8176/5997 8177/6044
f 3726/6302 3730/6370 3783/6346
f 3122/6238 3110/6322 4679/6309
f 3054/7205 551/7220 3627/7168
f 4764/6033 4765/6110 8024/6141
f 4313/6120 4312/6192 5040/6182
f 3122/6238 3128/6248 3110/6322
f 3215/6944 3124/6929 3095/7009
f 3141/6241 5040/6182 3087/6290
f 3725/6154 8178/6046 8179/6047
f 3725/6154 8179/6047 3108/6149
f 3089/6998 3124/6929 3086/6914
f 4509/6025 3677/6014 4387/6115
f 3725/6154 3128/6248 3122/6238
f 3687/6169 4762/6040 4696/6049
f 3726/6302 3783/6346 3778/6252
f 4658/6183 3725/6154 3122/6238
f 3782/6427 3730/6370 3774/6323
f 3095/7009 3156/6963 3215/6944
f 8024/6141 4668/6242 3687/6169
f 4764/6033 4666/6005 4765/6110
f 3174/7042 3731/6965 3126/6987
f 8176/5997 4751/6015 8173/5994
f 4607/6899 3708/6908 3714/6960
f 3122/6238 4652/6239 4658/6183
f 1129/6077 3725/6154 4658/6183
f 4575/7582 4428/7626 4459/7561
f 8178/6046 3725/6154 4751/6015
f 8178/6046 4751/6015 8177/6044
f 3141/6241 3087/6290 3083/6355
f 4530/6270 3685/6151 4296/6118
f 4683/6217 4658/6183 4652/6239
f 3107/6289 3133/6334 3128/6248
f 3107/6289 3128/6248 3123/6231
f 3700/6931 4607/6899 3714/6960
f 4666/6005 8180/5989 8174/5991
f 4666/6005 8174/5991 1129/6077
f 4762/6040 3687/6169 4720/6136
f 3089/6998 3086/6914 3092/6916
f 3723/6116 3108/6149 8179/6047
f 3723/6116 8179/6047 8172/6048
f 4422/7567 36/7616 4471/7614
f 3123/6231 3128/6248 3725/6154
f 4313/6120 3683/6024 4387/6115
f 2894/6980 2827/6997 2895/7031
f 4313/6120 5040/6182 4766/6028
f 3691/6582 3790/6442 3678/6449
f 3726/6302 3773/6247 3774/6323
f 4666/6005 1129/6077 4765/6110
f 3174/7042 3163/7098 3162/7038
f 4643/6399 4679/6309 3110/6322
f 3123/6231 3141/6241 3107/6289
f 3779/6195 3773/6247 4312/6192
f 3110/6322 3133/6334 3134/6383
f 8180/5989 4666/6005 8181/5987
f 3789/6230 3686/6336 3688/6297
f 4764/6033 4696/6049 21/5923
f 3779/6195 4327/6260 3773/6247
f 4751/6015 3725/6154 1129/6077
f 3178/7111 3161/7083 3171/7149
f 3730/6370 3728/6415 3783/6346
f 3723/6116 8171/6036 8166/6026
f 3723/6116 8166/6026 4766/6028
f 4652/6239 4679/6309 4683/6217
f 3162/7038 3163/7098 3161/7083
f 3725/6154 3141/6241 3123/6231
f 4387/6115 4326/6175 3779/6195
f 4696/6049 4179/5903 21/5923
f 3081/7255 551/7220 3054/7205
f 3686/6336 3790/6442 3688/6297
f 3627/7168 551/7220 3607/7157
f 3588/7092 3595/7015 3596/7095
f 3036/7289 3628/7265 3081/7255
f 3678/6449 3676/6649 3691/6582
f 3126/6987 3156/6963 3095/7009
f 4696/6049 4764/6033 8024/6141
f 4765/6110 1129/6077 4658/6183
f 3087/6290 3778/6252 3783/6346
f 3126/6987 3138/7066 3174/7042
f 3110/6322 3134/6383 4643/6399
f 3122/6238 4679/6309 4652/6239
f 3708/6908 4617/6999 3714/6960
f 3683/6024 8169/6022 8164/6018
f 3721/6547 3720/6456 3782/6427
f 3146/6357 3107/6289 3141/6241
f 3700/6931 3701/6988 3702/6891
f 3714/6960 4319/6976 3700/6931
f 3131/6989 3089/6998 3092/6916
f 2839/7076 2895/7031 2925/7108
f 4641/6581 3159/6647 3165/6657
f 4402/7100 3163/7098 3174/7042
f 551/7220 3081/7255 3628/7265
f 3050/7305 3628/7265 3036/7289
f 3015/7315 3041/7326 3051/7337
f 3587/7091 3588/7092 3600/7131
f 2944/7545 2950/7568 3503/7591
f 3714/6960 4617/6999 3699/7026
f 3131/6989 3092/6916 3701/6988
f 3088/7065 3089/6998 3232/7088
f 2894/6980 2837/6918 2827/6997
f 2837/6918 2841/6821 2831/6922
f 2821/6737 2796/6880 2841/6821
f 2787/6701 2749/6844 2821/6737
f 2894/6980 2895/7031 2836/6953
f 3159/6647 4641/6581 3188/6601
f 3124/6929 3084/6858 3086/6914
f 4402/7100 3166/7153 3163/7098
f 3163/7098 3166/7153 3171/7149
f 3612/7156 3610/7169 3596/7095
f 3622/7213 551/7220 3628/7265
f 3596/7095 3610/7169 672/7146
f 672/7146 3590/7177 3600/7131
f 3050/7305 3017/7293 3628/7265
f 3583/7230 3566/7161 4868/7196
f 3051/7337 3050/7305 3015/7315
f 4639/7368 3602/7416 3567/7402
f 3019/7358 3052/7359 3051/7337
f 4701/7107 3095/7009 3088/7065
f 3590/7177 3597/7147 3600/7131
f 3597/7147 3587/7091 3600/7131
f 3041/7326 3067/7303 4983/7344
f 3587/7091 3569/7102 4865/7046
f 3036/7289 3069/7264 3067/7303
f 3131/6989 3701/6988 3192/7028
f 3232/7088 3089/6998 3192/7028
f 3165/6657 3159/6647 3158/6700
f 3158/6700 4637/6728 3165/6657
f 3164/6834 3179/6879 5027/6862
f 2894/6980 2836/6953 2837/6918
f 3179/6879 3147/6881 5027/6862
f 2841/6821 2837/6918 2833/6822
f 4304/7148 3166/7153 4402/7100
f 3175/7204 3171/7149 3166/7153
f 3189/7266 4598/7252 3190/7216
f 3622/7213 3628/7265 3619/7256
f 3610/7169 4649/7194 672/7146
f 4649/7194 3590/7177 672/7146
f 3588/7092 3587/7091 3595/7015
f 4774/6482 4682/6488 4662/6411
f 4662/6411 4650/6481 4774/6482
f 4650/6481 4662/6411 4643/6399
f 4644/6433 4643/6399 4640/6406
f 4644/6433 4640/6406 4908/6437
f 4643/6399 3134/6383 4640/6406
f 4641/6581 4645/6538 3188/6601
f 4614/6471 3152/6495 4475/6490
f 3152/6495 4645/6538 4475/6490
f 3134/6383 3133/6334 3106/6413
f 3152/6495 4633/6539 4645/6538
f 4650/6481 4645/6538 4641/6581
f 3152/6495 4908/6437 3149/6478
f 3103/6614 3144/6694 3188/6601
f 4633/6539 3152/6495 3113/6546
f 4650/6481 4641/6581 4689/6541
f 3102/6410 3106/6413 3146/6357
f 3100/6590 766/6648 3101/6626
f 3114/6405 3102/6410 3146/6357
f 3051/7337 3012/7347 3050/7305
f 3113/6546 3152/6495 3149/6478
f 3134/6383 3106/6413 4908/6437
f 3083/6355 3114/6405 3146/6357
f 4923/6443 3102/6410 3114/6405
f 3113/6546 3710/6603 3103/6614
f 4923/6443 4384/6472 3111/6500
f 3149/6478 3096/6502 3113/6546
f 3125/6553 3710/6603 3111/6500
f 3106/6413 3096/6502 3149/6478
f 3085/6451 3096/6502 3106/6413
f 3134/6383 4908/6437 4640/6406
f 3111/6500 3085/6451 4923/6443
f 3085/6451 3111/6500 3096/6502
f 4384/6472 4923/6443 3114/6405
f 4323/6428 4384/6472 3114/6405
f 3200/6778 3120/6719 3711/6731
f 3111/6500 3710/6603 3096/6502
f 3188/6601 4633/6539 3113/6546
f 3625/7062 3048/7024 3082/7077
f 3041/7326 4983/7344 3051/7337
f 3052/7359 3012/7347 3051/7337
f 4701/7107 3088/7065 3143/7113
f 3012/7347 3077/7318 3050/7305
f 4617/6999 4865/7046 3699/7026
f 4865/7046 3569/7102 3699/7026
f 3171/7149 4470/7152 3178/7111
f 3713/7058 3701/6988 3699/7026
f 3192/7028 3093/7110 3232/7088
f 3232/7088 3243/7158 3143/7113
f 3161/7083 3178/7111 3176/7081
f 2836/6953 2895/7031 3064/7011
f 4654/6688 3159/6647 3188/6601
f 3182/7300 4598/7252 3189/7266
f 3166/7153 3185/7221 3175/7204
f 3628/7265 3049/7288 3619/7256
f 4649/7194 3581/7229 3590/7177
f 3036/7289 3067/7303 3041/7326
f 4868/7196 3590/7177 3581/7229
f 4304/7148 4701/7107 3401/7203
f 3062/7040 3671/7022 2905/7059
f 4868/7196 3566/7161 3597/7147
f 4389/7139 3232/7088 3093/7110
f 3093/7110 3192/7028 3713/7058
f 3232/7088 4389/7139 3243/7158
f 3158/6700 4638/6749 4637/6728
f 3171/7149 3161/7083 3163/7098
f 4654/6688 3158/6700 3159/6647
f 2837/6918 2836/6953 2833/6822
f 3000/7384 2927/7389 2979/7411
f 3090/6900 3124/6929 3215/6944
f 3064/7011 3044/6992 2836/6953
f 4402/7100 3174/7042 3138/7066
f 3064/7011 2895/7031 2905/7059
f 4604/7222 4304/7148 3401/7203
f 4304/7148 4604/7222 3185/7221
f 3619/7256 3049/7288 3076/7308
f 4653/7236 3608/7244 4649/7194
f 4649/7194 3608/7244 3581/7229
f 3411/7520 4945/7499 3198/7465
f 3076/7308 3049/7288 3077/7318
f 3596/7095 1668/7075 3615/7106
f 3012/7347 2935/7352 3077/7318
f 4655/7183 3243/7158 4389/7139
f 4179/5903 4762/6040 4763/5905
f 3675/7014 3596/7095 3595/7015
f 2900/7078 2895/7031 2839/7076
f 4654/6688 3188/6601 3144/6694
f 3088/7065 3095/7009 3089/6998
f 3151/6732 4638/6749 3158/6700
f 4654/6688 3151/6732 3158/6700
f 3788/6868 3700/6931 3702/6891
f 3184/7342 3182/7300 3183/7296
f 4624/7245 4610/7269 4580/7217
f 4730/7360 4478/7313 4591/7361
f 4559/7170 3155/7197 3172/7226
f 3170/7442 3168/7417 4836/7412
f 4610/7269 4624/7245 4560/7299
f 4610/7269 4452/7270 4693/7201
f 4610/7269 4693/7201 4580/7217
f 2796/6880 2821/6737 2749/6844
f 4559/7170 3172/7226 4606/7224
f 3172/7226 4598/7252 4597/7253
f 4551/7314 4962/7328 4452/7270
f 4427/7540 4775/7503 3383/7515
f 4560/7299 3703/7375 4551/7314
f 4580/7217 4559/7170 4606/7224
f 4478/7313 4452/7270 4962/7328
f 4693/7201 4581/7166 4580/7217
f 4597/7253 4598/7252 4560/7299
f 3172/7226 3155/7197 4598/7252
f 4559/7170 4581/7166 4587/7122
f 4478/7313 4730/7360 4477/7339
f 4470/7152 3171/7149 3190/7216
f 4580/7217 4581/7166 4559/7170
f 3703/7375 4562/7353 4551/7314
f 4624/7245 4597/7253 4560/7299
f 4834/7101 4559/7170 4587/7122
f 3168/7417 4457/7462 4423/7394
f 4551/7314 4562/7353 4962/7328
f 3155/7197 4559/7170 4622/7135
f 4597/7253 4624/7245 4606/7224
f 4730/7360 4423/7394 4477/7339
f 4430/7472 3170/7442 3365/7467
f 4559/7170 4834/7101 4622/7135
f 4452/7270 4478/7313 4550/7251
f 4478/7313 4962/7328 4591/7361
f 4622/7135 3176/7081 4470/7152
f 3155/7197 3190/7216 4598/7252
f 4591/7361 4562/7353 4431/7381
f 4962/7328 4562/7353 4591/7361
f 4431/7381 4562/7353 3703/7375
f 4596/7029 4623/6995 3176/7081
f 4610/7269 4551/7314 4452/7270
f 4622/7135 4470/7152 3155/7197
f 4622/7135 4834/7101 3176/7081
f 4470/7152 3190/7216 3155/7197
f 3172/7226 4597/7253 4606/7224
f 4430/7472 4457/7462 3168/7417
f 4568/7387 4730/7360 4591/7361
f 4610/7269 4560/7299 4551/7314
f 4624/7245 4580/7217 4606/7224
f 4568/7387 4591/7361 4431/7381
f 3176/7081 4834/7101 4596/7029
f 4568/7387 4431/7381 3168/7417
f 4568/7387 4423/7394 4730/7360
f 4836/7412 3168/7417 4431/7381
f 3168/7417 4423/7394 4568/7387
f 4648/6948 4623/6995 4596/7029
f 4648/6948 4627/6924 4623/6995
f 3170/7442 4430/7472 3168/7417
f 3170/7442 4836/7412 3169/7440
f 3365/7467 3170/7442 3169/7440
f 4457/7462 4430/7472 4775/7503
f 4430/7472 3365/7467 3383/7515
f 3169/7440 3245/7474 3365/7467
f 3383/7515 4775/7503 4430/7472
f 4427/7540 4457/7462 4775/7503
f 3245/7474 3383/7515 3365/7467
f 3173/7363 4560/7299 3182/7300
f 3051/7337 4983/7344 3019/7358
f 3401/7203 3214/7248 4604/7222
f 3212/7277 3185/7221 4604/7222
f 3212/7277 4914/7272 3185/7221
f 4619/6786 4637/6728 3157/6780
f 3184/7342 3183/7296 4914/7272
f 3017/7293 3050/7305 3077/7318
f 4653/7236 4095/7280 3608/7244
f 3581/7229 3608/7244 3593/7274
f 3077/7318 2935/7352 3076/7308
f 2935/7352 3012/7347 2932/7379
f 2836/6953 3035/6898 2833/6822
f 3633/7112 3624/7074 3027/7145
f 3044/6992 3064/7011 3671/7022
f 4617/6999 3595/7015 4865/7046
f 2925/7108 2900/7078 2839/7076
f 2929/7401 2979/7411 2991/7434
f 3064/7011 2905/7059 3671/7022
f 4427/7540 3383/7515 3257/7574
f 3169/7440 4836/7412 3242/7408
f 3184/7342 3173/7363 3182/7300
f 3242/7408 3703/7375 3173/7363
f 3401/7203 3405/7279 3214/7248
f 3598/7310 3604/7333 116/7340
f 3173/7363 3703/7375 4560/7299
f 3212/7277 4604/7222 3214/7248
f 3500/7565 3371/7580 3411/7520
f 3011/7370 5312/7372 3000/7384
f 4914/7272 3212/7277 3494/7330
f 3494/7330 3184/7342 4914/7272
f 4554/6762 4654/6688 3144/6694
f 4638/6749 4555/6799 3157/6780
f 3608/7244 4095/7280 3593/7274
f 3606/7357 3076/7308 2935/7352
f 3610/7169 3612/7156 3620/7202
f 3007/7385 2935/7352 2932/7379
f 3243/7158 3213/7223 4307/7159
f 3406/7425 4567/7399 3579/7446
f 3593/7274 4635/7302 4534/7290
f 3554/7456 3567/7402 3558/7479
f 3583/7230 3457/7246 4534/7290
f 3405/7279 3401/7203 3213/7223
f 3213/7223 3193/7225 3246/7275
f 4638/6749 3151/6732 4555/6799
f 3189/7266 3183/7296 3182/7300
f 3007/7385 2929/7401 2976/7423
f 3151/6732 4654/6688 4554/6762
f 3609/7351 4361/7334 3606/7357
f 3681/6863 3035/6898 3630/6947
f 4304/7148 3138/7066 4701/7107
f 3257/7574 3270/7569 3256/7611
f 3257/7574 3383/7515 3270/7569
f 4628/6705 4619/6786 4656/6835
f 3242/7408 3173/7363 3191/7418
f 3000/7384 2979/7411 2929/7401
f 3214/7248 3405/7279 3212/7277
f 3202/7348 3407/7311 3404/7367
f 4619/6786 3157/6780 3164/6834
f 3494/7330 3212/7277 4469/7346
f 4826/6815 3200/6778 3711/6731
f 3249/7437 3410/7480 3211/7432
f 3006/7392 3007/7385 3008/7415
f 3612/7156 3615/7106 3607/7157
f 3405/7279 3213/7223 3246/7275
f 3203/7438 3222/7460 3194/7463
f 4609/6828 3708/6908 4607/6899
f 3063/6736 2833/6822 3035/6898
f 3044/6992 3630/6947 3035/6898
f 4914/7272 3183/7296 3189/7266
f 4836/7412 3703/7375 3242/7408
f 3237/7403 3234/7391 3186/7382
f 2925/7108 4461/7120 2900/7078
f 3036/7289 3015/7315 3050/7305
f 3205/7461 3245/7474 3242/7408
f 2836/6953 3044/6992 3035/6898
f 3252/7612 3377/7599 3381/7572
f 3191/7418 3173/7363 3234/7391
f 3212/7277 3405/7279 4469/7346
f 3197/7455 3233/7468 3249/7437
f 3229/7590 3221/7516 3225/7531
f 4619/6786 4618/6845 4656/6835
f 3405/7279 3202/7348 4469/7346
f 4319/6976 3699/7026 3701/6988
f 3494/7330 4469/7346 3240/7388
f 3007/7385 3006/7392 3606/7357
f 3598/7310 4635/7302 3604/7333
f 3558/7479 6281/7547 3397/7508
f 116/7340 4534/7290 3598/7310
f 3700/6931 3788/6868 4607/6899
f 3008/7415 3079/7428 3006/7392
f 3622/7213 3619/7256 3620/7202
f 3517/7587 3546/7566 2956/7607
f 3609/7351 3606/7357 3570/7377
f 116/7340 3398/7332 4534/7290
f 3573/7343 3696/7257 3549/7291
f 3609/7351 3570/7377 4361/7334
f 3407/7311 3545/7254 3696/7257
f 3557/7487 3222/7460 3579/7446
f 2976/7423 3016/7451 3008/7415
f 3008/7415 2946/7454 3079/7428
f 3222/7460 3221/7516 3239/7500
f 2992/7471 3016/7451 2976/7423
f 3124/6929 3089/6998 3095/7009
f 2900/7078 4461/7120 2905/7059
f 4848/7555 2930/7506 2996/7524
f 3240/7388 3237/7403 3186/7382
f 3048/7024 3675/7014 3591/6942
f 2991/7434 2992/7471 2976/7423
f 3601/7564 2933/7518 2944/7545
f 4095/7280 4361/7334 3614/7301
f 3545/7254 3246/7275 3193/7225
f 3563/7421 3079/7428 3562/7450
f 3270/7569 3180/7529 3377/7599
f 3036/7289 3041/7326 3015/7315
f 3607/7157 551/7220 3622/7213
f 3552/7362 3398/7332 116/7340
f 3007/7385 2976/7423 3008/7415
f 3407/7311 3202/7348 3246/7275
f 3619/7256 4653/7236 3620/7202
f 3184/7342 3234/7391 3173/7363
f 3400/6827 3084/6858 4366/6806
f 3164/6834 3157/6780 4555/6799
f 4619/6786 3164/6834 3224/6871
f 3237/7403 3240/7388 3249/7437
f 2932/7379 3012/7347 3011/7370
f 3210/7493 3197/7455 3208/7510
f 3729/6794 3063/6736 3681/6863
f 3180/7529 4945/7499 3411/7520
f 3035/6898 3681/6863 3063/6736
f 3180/7529 3383/7515 3245/7474
f 3245/7474 4945/7499 3180/7529
f 3595/7015 3708/6908 3706/6864
f 3628/7265 3017/7293 3049/7288
f 3578/7447 2946/7454 3562/7450
f 3506/7404 3570/7377 3006/7392
f 3630/6947 3591/6942 3681/6863
f 2930/7506 2950/7568 2944/7545
f 3564/7497 2933/7518 3601/7564
f 116/7340 3553/7366 3552/7362
f 816/7594 3225/7531 3415/7538
f 3223/7550 3386/7618 3500/7565
f 2992/7471 2996/7524 2930/7506
f 3231/6784 4554/6762 3144/6694
f 3198/7465 3205/7461 3191/7418
f 2930/7506 2946/7454 3016/7451
f 3377/7599 3256/7611 3270/7569
f 3569/7102 3566/7161 3403/7144
f 3549/7291 4534/7290 3398/7332
f 3592/7006 3630/6947 3044/6992
f 4635/7302 3598/7310 4534/7290
f 3232/7088 3143/7113 3088/7065
f 3240/7388 3197/7455 3249/7437
f 3011/7370 3012/7347 3052/7359
f 3044/6992 3062/7040 3592/7006
f 3081/7255 3069/7264 3036/7289
f 3195/7427 3197/7455 3240/7388
f 2929/7401 3007/7385 2932/7379
f 3191/7418 3234/7391 3211/7432
f 3079/7428 2946/7454 3578/7447
f 3371/7580 3381/7572 3180/7529
f 5092/7164 3057/7103 4461/7120
f 3246/7275 3202/7348 3405/7279
f 3606/7357 2935/7352 3007/7385
f 3211/7432 3410/7480 3198/7465
f 3202/7348 4567/7399 3244/7393
f 3126/6987 3112/6941 3156/6963
f 2905/7059 3057/7103 3062/7040
f 3228/7431 3203/7438 3195/7427
f 3563/7421 3562/7450 3602/7416
f 3714/6960 3699/7026 4319/6976
f 3554/7456 3399/7409 3567/7402
f 3552/7362 3553/7366 3567/7402
f 3627/7168 3633/7112 3027/7145
f 3552/7362 3594/7380 3573/7343
f 3573/7343 3399/7409 3404/7367
f 3549/7291 3696/7257 3583/7230
f 4639/7368 116/7340 3604/7333
f 3904/6326 3837/6429 3840/6335
f 4554/6762 3231/6784 3127/6832
f 3185/7221 3166/7153 4304/7148
f 3129/6779 3231/6784 3144/6694
f 3084/6858 3124/6929 3091/6846
f 3198/7465 3410/7480 3411/7520
f 3016/7451 2946/7454 3008/7415
f 3233/7468 3410/7480 3249/7437
f 3614/7301 4635/7302 3593/7274
f 4607/6899 3707/6841 4609/6828
f 5092/7164 4461/7120 3056/7198
f 3167/7019 3731/6965 3162/7038
f 3371/7580 3252/7612 3381/7572
f 3612/7156 3596/7095 3615/7106
f 3731/6965 3167/7019 4608/6956
f 3244/7393 3406/7425 3228/7431
f 5092/7164 3054/7205 3027/7145
f 3570/7377 3602/7416 4639/7368
f 4639/7368 3567/7402 3553/7366
f 3552/7362 3567/7402 3594/7380
f 3579/7446 4567/7399 3399/7409
f 4655/7183 3696/7257 3545/7254
f 3164/6834 4555/6799 3179/6879
f 3602/7416 3506/7404 3563/7421
f 3399/7409 3554/7456 3556/7477
f 3399/7409 4567/7399 3404/7367
f 2934/7492 2930/7506 2944/7545
f 4431/7381 3703/7375 4836/7412
f 3579/7446 3556/7477 3557/7487
f 3712/6800 3707/6841 3788/6868
f 2934/7492 2944/7545 2933/7518
f 3194/7463 4994/7475 3197/7455
f 3223/7550 3410/7480 3210/7493
f 2988/7513 2996/7524 2992/7471
f 3210/7493 3410/7480 3233/7468
f 3549/7291 3583/7230 4534/7290
f 3215/6944 3112/6941 3090/6900
f 3397/7508 3547/7553 3415/7538
f 3208/7510 3197/7455 4994/7475
f 3729/6794 3681/6863 3591/6942
f 4555/6799 4554/6762 3127/6832
f 3224/6871 4618/6845 4619/6786
f 3615/7106 3633/7112 3607/7157
f 2976/7423 2929/7401 2991/7434
f 4618/6845 3150/6905 4656/6835
f 3399/7409 3573/7343 3594/7380
f 3208/7510 4994/7475 3194/7463
f 3243/7158 4655/7183 3193/7225
f 3564/7497 2934/7492 2933/7518
f 3242/7408 3191/7418 3205/7461
f 3500/7565 3411/7520 3223/7550
f 3564/7497 976/7505 3558/7479
f 3084/6858 3400/6827 3118/6884
f 3501/7533 976/7505 3564/7497
f 3082/7077 3633/7112 3615/7106
f 3564/7497 3601/7564 3501/7533
f 6281/7547 3547/7553 3397/7508
f 3221/7516 3229/7590 3227/7546
f 3403/7144 3713/7058 3699/7026
f 3223/7550 3220/7577 3204/7593
f 4656/6835 3150/6905 4627/6924
f 4865/7046 3595/7015 3587/7091
f 3211/7432 3234/7391 3237/7403
f 3164/6834 5027/6862 3224/6871
f 3722/6618 3718/6747 3704/6670
f 3009/7466 2988/7513 2992/7471
f 3194/7463 3239/7500 3208/7510
f 3270/7569 3383/7515 3180/7529
f 4427/7540 3367/7610 3408/7601
f 4701/7107 4307/7159 3401/7203
f 3138/7066 3126/6987 3095/7009
f 3702/6891 4826/6815 3712/6800
f 3179/6879 3241/6923 3147/6881
f 3249/7437 3211/7432 3237/7403
f 3701/6988 3713/7058 3192/7028
f 3625/7062 3082/7077 3615/7106
f 3558/7479 976/7505 3501/7533
f 3601/7564 2944/7545 3503/7591
f 3588/7092 672/7146 3600/7131
f 3602/7416 3570/7377 3506/7404
f 3079/7428 3563/7421 3006/7392
f 3223/7550 3210/7493 3208/7510
f 3180/7529 3411/7520 3371/7580
f 3624/7074 3062/7040 3057/7103
f 4608/6956 4627/6924 3150/6905
f 3239/7500 3227/7546 3208/7510
f 3220/7577 3223/7550 3208/7510
f 3233/7468 3197/7455 3210/7493
f 4627/6924 4608/6956 4623/6995
f 3562/7450 3564/7497 3602/7416
f 5312/7372 2927/7389 3000/7384
f 3169/7440 3242/7408 3245/7474
f 3623/7163 4461/7120 2925/7108
f 3203/7438 3228/7431 3222/7460
f 3590/7177 4868/7196 3597/7147
f 3552/7362 3573/7343 3398/7332
f 2958/7571 3501/7533 3601/7564
f 4649/7194 3610/7169 4653/7236
f 4638/6749 3157/6780 4637/6728
f 3573/7343 3404/7367 3407/7311
f 3407/7311 3696/7257 3573/7343
f 3546/7566 3501/7533 2958/7571
f 3406/7425 3222/7460 3228/7431
f 3593/7274 4095/7280 3614/7301
f 3397/7508 3556/7477 3554/7456
f 3702/6891 3092/6916 4826/6815
f 3517/7587 6281/7547 3546/7566
f 875/7283 4653/7236 3619/7256
f 3182/7300 4560/7299 4598/7252
f 3567/7402 3399/7409 3594/7380
f 3407/7311 3246/7275 3545/7254
f 3583/7230 3696/7257 3403/7144
f 2929/7401 2932/7379 3000/7384
f 3619/7256 3076/7308 875/7283
f 3048/7024 3592/7006 3624/7074
f 3127/6832 3231/6784 3091/6846
f 3231/6784 3129/6779 3091/6846
f 4655/7183 3403/7144 3696/7257
f 4653/7236 3610/7169 3620/7202
f 4848/7555 2950/7568 2930/7506
f 2932/7379 3011/7370 3000/7384
f 3198/7465 3191/7418 3211/7432
f 3224/6871 5027/6862 3147/6881
f 3179/6879 3126/6987 3241/6923
f 2992/7471 2930/7506 3016/7451
f 3581/7229 3593/7274 3457/7246
f 3517/7587 3547/7553 6281/7547
f 4361/7334 875/7283 3076/7308
f 116/7340 4639/7368 3553/7366
f 3556/7477 3415/7538 3225/7531
f 3057/7103 2905/7059 4461/7120
f 4366/6806 3084/6858 3129/6779
f 3691/6582 3676/6649 3705/6745
f 4567/7399 3202/7348 3404/7367
f 3411/7520 3410/7480 3223/7550
f 4307/7159 4701/7107 3143/7113
f 3019/7358 5312/7372 3052/7359
f 4389/7139 3093/7110 4655/7183
f 3179/6879 4555/6799 3127/6832
f 3865/6299 3904/6326 3840/6335
f 3150/6905 4618/6845 3224/6871
f 3227/7546 3229/7590 3220/7577
f 3569/7102 3587/7091 3597/7147
f 3583/7230 4868/7196 3457/7246
f 3569/7102 3597/7147 3566/7161
f 3195/7427 3244/7393 3228/7431
f 3240/7388 4469/7346 3244/7393
f 3699/7026 3569/7102 3403/7144
f 3604/7333 4361/7334 4639/7368
f 4914/7272 3189/7266 3190/7216
f 3044/6992 3671/7022 3062/7040
f 3194/7463 3197/7455 3195/7427
f 3225/7531 816/7594 3229/7590
f 3184/7342 3186/7382 3234/7391
f 4680/6343 4719/6294 4679/6309
f 4680/6343 4679/6309 4662/6411
f 4735/6156 4723/6150 4760/6106
f 4684/6340 4699/6328 4671/6386
f 4684/6340 4719/6294 4699/6328
f 4834/7101 4587/7122 4621/7097
f 4621/7097 4587/7122 4578/7093
f 4834/7101 4603/7070 4596/7029
f 4758/6212 4720/6136 3687/6169
f 4603/7070 4625/7032 4596/7029
f 4716/6189 4722/6167 4723/6150
f 4603/7070 4578/7093 4625/7032
f 4603/7070 4834/7101 4621/7097
f 4603/7070 4621/7097 4578/7093
f 4662/6411 4682/6488 4671/6386
f 3073/6431 3058/6295 3059/6174
f 4668/6242 4719/6294 4684/6340
f 593/6205 4736/6279 4746/6211
f 4282/6305 4392/6223 3687/6169
f 4720/6136 4758/6212 593/6205
f 615/6088 4723/6150 4722/6167
f 594/6331 593/6205 4758/6212
f 4747/6363 4729/6312 4736/6279
f 615/6088 4722/6167 821/6096
f 3074/6464 3058/6295 3073/6431
f 4634/6589 4773/6594 3165/6657
f 3687/6169 4668/6242 4282/6305
f 4684/6340 4685/6426 4282/6305
f 594/6331 4747/6363 4736/6279
f 821/6096 3861/6064 4663/5980
f 4682/6488 4688/6577 8010/6518
f 3135/6452 2799/6509 2794/6622
f 3165/6657 4726/6633 4634/6589
f 4122/6468 4754/6506 4685/6426
f 4282/6305 4685/6426 201/6477
f 4763/5905 4717/6021 4663/5980
f 201/6477 594/6331 4282/6305
f 4754/6506 4122/6468 8010/6518
f 1752/6333 4747/6363 4728/6445
f 4715/6164 3861/6064 821/6096
f 4706/6255 1752/6333 4733/6364
f 4731/6251 4706/6255 4722/6167
f 4715/6164 4706/6255 3862/6250
f 4688/6577 4748/6623 8010/6518
f 4754/6506 8010/6518 4748/6623
f 1752/6333 4728/6445 4733/6364
f 3862/6250 3861/6064 4715/6164
f 4706/6255 4733/6364 3862/6250
f 4750/6508 4728/6445 1751/6421
f 4748/6623 4688/6577 4686/6628
f 3074/6464 3061/6578 3694/6644
f 4686/6628 4726/6633 4628/6705
f 4748/6623 8012/6550 4754/6506
f 3862/6250 25/6224 3861/6064
f 4728/6445 4750/6508 4742/6574
f 2813/6593 4408/6711 2811/6739
f 4686/6628 4628/6705 4748/6623
f 8012/6550 4748/6623 4756/6587
f 4728/6445 4742/6574 4738/6530
f 3855/6114 25/6224 3904/6326
f 3138/7066 4304/7148 4402/7100
f 3862/6250 24/6381 25/6224
f 1698/6389 24/6381 3862/6250
f 4628/6705 4656/6835 4636/6793
f 4605/6743 4748/6623 4628/6705
f 4748/6623 4681/6687 4756/6587
f 24/6381 3904/6326 25/6224
f 2813/6593 3135/6452 2794/6622
f 4513/6467 24/6381 1698/6389
f 3135/6452 2813/6593 2857/6417
f 4611/6831 4636/6793 4656/6835
f 4744/6605 4742/6574 4516/6673
f 4681/6687 4753/6611 4756/6587
f 4745/6505 4511/6507 4721/6454
f 4702/6453 3904/6326 24/6381
f 3930/6497 3837/6429 3904/6326
f 4611/6831 4626/6818 4636/6793
f 4516/6673 4514/6666 4744/6605
f 4605/6743 4675/6808 4694/6788
f 4739/6532 4744/6605 4695/6580
f 4699/6328 4680/6343 4671/6386
f 4744/6605 4514/6666 669/6665
f 4731/6251 4722/6167 4716/6189
f 3930/6497 3904/6326 4702/6453
f 3860/6540 3837/6429 3930/6497
f 4703/6465 4499/6515 4702/6453
f 4511/6507 3826/6543 4513/6467
f 2934/7492 3564/7497 3562/7450
f 4630/6873 4675/6808 4626/6818
f 4611/6831 4557/6866 4626/6818
f 4694/6788 4539/6790 4681/6687
f 4681/6687 4539/6790 4691/6716
f 4758/6212 4392/6223 4282/6305
f 4744/6605 669/6665 4695/6580
f 4511/6507 4695/6580 3826/6543
f 3930/6497 4702/6453 4506/6584
f 4506/6584 4702/6453 4499/6515
f 3549/7291 3398/7332 3573/7343
f 4516/6673 4691/6716 4480/6783
f 4733/6364 4728/6445 4737/6458
f 4694/6788 4630/6873 4539/6790
f 4691/6716 4539/6790 4543/6847
f 669/6665 4510/6682 4695/6580
f 3826/6543 4695/6580 3834/6630
f 3860/6540 3927/6561 4705/6602
f 4506/6584 3927/6561 3930/6497
f 4506/6584 4499/6515 4704/6534
f 4392/6223 4758/6212 3687/6169
f 3834/6630 4704/6534 3826/6543
f 3860/6540 4705/6602 3841/6595
f 4648/6948 4630/6873 4557/6866
f 4518/6727 4481/6819 4710/6802
f 3592/7006 3048/7024 3591/6942
f 4773/6594 4641/6581 3165/6657
f 4710/6802 4709/6735 4518/6727
f 4709/6735 4510/6682 669/6665
f 4703/6465 4704/6534 4499/6515
f 4695/6580 4510/6682 3834/6630
f 4685/6426 4754/6506 201/6477
f 4506/6584 4705/6602 3927/6561
f 4612/6984 4630/6873 4648/6948
f 4731/6251 4736/6279 4729/6312
f 4710/6802 4481/6819 4533/6874
f 4536/6872 4480/6783 4543/6847
f 4612/6984 4537/6933 4630/6873
f 3213/7223 3401/7203 4307/7159
f 4732/6805 4710/6802 4542/6848
f 4542/6848 600/6887 4517/6855
f 4732/6805 4709/6735 4710/6802
f 4709/6735 4503/6744 4510/6682
f 3833/6696 4506/6584 3834/6630
f 4705/6602 4497/6664 3843/6646
f 4703/6465 24/6381 4513/6467
f 4612/6984 4648/6948 4596/7029
f 4533/6874 600/6887 4542/6848
f 4533/6874 4481/6819 8013/6903
f 3841/6595 4705/6602 3843/6646
f 4481/6819 4536/6872 8013/6903
f 4694/6788 4681/6687 4605/6743
f 4674/6946 4536/6872 4543/6847
f 4472/6904 4517/6855 600/6887
f 4542/6848 4517/6855 4732/6805
f 4514/6666 4516/6673 4518/6727
f 3827/6746 3843/6646 4497/6664
f 4612/6984 4596/7029 4625/7032
f 599/6934 600/6887 4533/6874
f 8013/6903 4576/6932 4533/6874
f 4719/6294 4680/6343 4699/6328
f 4536/6872 4532/6935 8013/6903
f 4674/6946 4532/6935 4536/6872
f 4612/6984 4573/7012 4670/6973
f 4472/6904 600/6887 4548/6936
f 3077/7318 3049/7288 3017/7293
f 4517/6855 4472/6904 4553/6906
f 4524/6853 4732/6805 4517/6855
f 4739/6532 4738/6530 4744/6605
f 3415/7538 3547/7553 816/7594
f 4732/6805 4493/6795 4503/6744
f 4723/6150 4735/6156 4716/6189
f 4552/6791 3833/6696 4698/6722
f 4533/6874 4576/6932 599/6934
f 8013/6903 4532/6935 4576/6932
f 4553/6906 4472/6904 4548/6936
f 3006/7392 3570/7377 3606/7357
f 3457/7246 3593/7274 4534/7290
f 4753/6611 4750/6508 201/6477
f 3952/6890 3827/6746 4522/6896
f 4625/7032 4578/7093 4589/7071
f 4582/7129 4578/7093 4587/7122
f 4589/7071 4573/7012 4625/7032
f 4706/6255 4715/6164 4722/6167
f 4636/6793 4626/6818 4605/6743
f 214/6990 4548/6936 599/6934
f 4663/5980 615/6088 821/6096
f 4553/6906 4548/6936 7927/6943
f 3558/7479 3397/7508 3554/7456
f 4737/6458 4739/6532 4745/6505
f 4524/6853 4529/6894 4493/6795
f 4493/6795 4529/6894 4552/6791
f 4587/7122 4581/7166 4582/7129
f 4578/7093 4582/7129 4589/7071
f 4590/7068 4573/7012 4589/7071
f 214/6990 4549/6972 4548/6936
f 4747/6363 1752/6333 4729/6312
f 4487/7047 4585/6978 4573/7012
f 4746/6211 4731/6251 4716/6189
f 4522/6896 4500/7001 4498/6952
f 3952/6890 4498/6952 4300/6977
f 7927/6943 4558/7016 4529/6894
f 3904/6326 3865/6299 3858/6220
f 4446/7542 4462/7491 4574/7498
f 4522/6896 4552/6791 4529/6894
f 4589/7071 4647/7130 4590/7068
f 4549/6972 4772/7008 7927/6943
f 617/6061 615/6088 4663/5980
f 4500/7001 4525/7010 4498/6952
f 4498/6952 4525/7010 4300/6977
f 4585/6978 4487/7047 4586/6993
f 4712/6100 4762/6040 4720/6136
f 4731/6251 4746/6211 4736/6279
f 4504/6991 4522/6896 4529/6894
f 3556/7477 3225/7531 3557/7487
f 4549/6972 214/6990 4772/7008
f 4487/7047 4590/7068 4647/7130
f 4945/7499 3205/7461 3198/7465
f 4465/7063 4525/7010 4500/7001
f 4557/6866 4611/6831 4656/6835
f 3470/7052 4300/6977 4525/7010
f 4529/6894 4558/7016 4504/6991
f 4504/6991 4512/7056 4538/7037
f 4306/7207 4301/7128 4305/7138
f 4693/7201 4452/7270 4599/7215
f 4474/7124 4487/7047 4647/7130
f 3195/7427 3240/7388 3244/7393
f 2958/7571 2956/7607 3546/7566
f 4474/7124 4515/7041 4487/7047
f 4467/7067 4465/7063 4500/7001
f 4528/7087 4467/7067 4538/7037
f 4573/7012 4612/6984 4625/7032
f 4452/7270 4550/7251 4599/7215
f 3602/7416 3564/7497 3558/7479
f 4556/7176 4474/7124 4647/7130
f 4528/7087 4512/7056 4305/7138
f 4467/7067 4528/7087 4301/7128
f 4742/6574 4740/6641 4516/6673
f 4254/7123 3470/7052 601/7117
f 4545/7208 4482/7172 4474/7124
f 4451/7195 4488/7105 4482/7172
f 4479/7281 4545/7208 4550/7251
f 4545/7208 4556/7176 4550/7251
f 4451/7195 4306/7207 4305/7138
f 3722/6618 3705/6745 3718/6747
f 4477/7339 4479/7281 4478/7313
f 4574/7498 4453/7459 2306/7473
f 4482/7172 4546/7263 4631/7262
f 4449/7268 4306/7207 4451/7195
f 5895/7278 4306/7207 4449/7268
f 3240/7388 3186/7382 3184/7342
f 7965/7307 4631/7262 1678/7317
f 4447/7383 4477/7339 4423/7394
f 3718/6747 3712/6800 3704/6670
f 4122/6468 3697/6441 8010/6518
f 821/6096 4722/6167 4715/6164
f 4449/7268 7965/7307 4458/7327
f 4427/7540 4429/7501 4457/7462
f 4742/6574 4744/6605 4738/6530
f 2934/7492 3562/7450 2946/7454
f 7927/6943 4529/6894 4524/6853
f 4447/7383 4423/7394 4445/7435
f 4688/6577 4682/6488 4634/6589
f 3193/7225 4655/7183 3545/7254
f 4456/7355 7965/7307 1678/7317
f 4447/7383 4456/7355 1678/7317
f 3221/7516 3227/7546 3239/7500
f 5895/7278 4489/7341 4297/7287
f 4639/7368 4361/7334 3570/7377
f 3194/7463 3195/7427 3203/7438
f 4351/7445 4321/7470 4355/7478
f 4457/7462 4429/7501 4600/7483
f 4586/6993 599/6934 4576/6932
f 3607/7157 3622/7213 3612/7156
f 3111/6500 4384/6472 3125/6553
f 4385/6501 3728/6415 3720/6456
f 4385/6501 4323/6428 3728/6415
f 3102/6410 4923/6443 3085/6451
f 4384/6472 4385/6501 3160/6527
f 4445/7435 4457/7462 4600/7483
f 4445/7435 3756/7422 4447/7383
f 4297/7287 4298/7206 5895/7278
f 4301/7128 4298/7206 601/7117
f 4458/7327 4456/7355 4439/7376
f 4489/7341 4458/7327 4439/7376
f 419/7374 3473/7378 4489/7341
f 4432/7523 4600/7483 4429/7501
f 4422/7567 4490/7527 4432/7523
f 4631/7262 7965/7307 4449/7268
f 4600/7483 4820/7457 4445/7435
f 594/6331 4758/6212 4282/6305
f 7927/6943 4772/7008 4558/7016
f 4820/7457 3756/7422 4445/7435
f 2841/6821 2796/6880 2831/6922
f 4306/7207 4298/7206 4301/7128
f 4464/7413 4447/7383 3756/7422
f 4464/7413 4456/7355 4447/7383
f 3165/6657 4628/6705 4726/6633
f 1678/7317 4546/7263 4477/7339
f 2934/7492 2946/7454 2930/7506
f 4546/7263 4545/7208 4479/7281
f 3473/7378 419/7374 420/7396
f 4545/7208 4474/7124 4556/7176
f 4742/6574 4753/6611 4740/6641
f 4573/7012 4674/6946 4670/6973
f 3190/7216 3171/7149 3175/7204
f 4432/7523 4490/7527 4600/7483
f 3758/7448 4820/7457 2306/7473
f 3756/7422 4820/7457 3758/7448
f 3756/7422 3758/7448 4464/7413
f 4397/7514 4321/7470 4379/7548
f 4550/7251 4478/7313 4479/7281
f 3473/7378 420/7396 4341/7406
f 3697/6441 4684/6340 4671/6386
f 4476/7386 4310/7420 4439/7376
f 4753/6611 4691/6716 4740/6641
f 4585/6978 4532/6935 4674/6946
f 4456/7355 4458/7327 7965/7307
f 4602/7490 4600/7483 4490/7527
f 4748/6623 4605/6743 4681/6687
f 3718/6747 3705/6745 4609/6828
f 4709/6735 4732/6805 4503/6744
f 4820/7457 4602/7490 2306/7473
f 4523/7080 4482/7172 4488/7105
f 4476/7386 4464/7413 4310/7420
f 1698/6389 4737/6458 4721/6454
f 4310/7420 420/7396 4439/7376
f 8012/6550 201/6477 4754/6506
f 816/7594 3547/7553 3517/7587
f 36/7616 4422/7567 3408/7601
f 4432/7523 4427/7540 4422/7567
f 422/7521 4602/7490 4490/7527
f 2306/7473 4602/7490 4574/7498
f 4464/7413 4453/7459 4310/7420
f 4537/6933 4674/6946 4543/6847
f 4351/7445 420/7396 4310/7420
f 4574/7498 4602/7490 422/7521
f 4549/6972 7927/6943 4548/6936
f 3693/6763 3120/6719 3200/6778
f 3098/6691 3710/6603 3137/6703
f 3200/6778 3400/6827 3693/6763
f 3693/6763 3137/6703 3199/6685
f 3693/6763 4366/6806 3129/6779
f 3098/6691 3137/6703 3129/6779
f 3693/6763 3129/6779 3137/6703
f 3693/6763 3199/6685 3120/6719
f 3693/6763 3400/6827 4366/6806
f 3144/6694 3710/6603 3098/6691
f 3710/6603 3101/6626 3137/6703
f 3199/6685 3137/6703 3101/6626
f 3129/6779 3144/6694 3098/6691
f 3697/6441 4122/6468 4685/6426
f 4310/7420 4453/7459 4462/7491
f 4351/7445 4310/7420 4321/7470
f 3093/7110 3403/7144 4655/7183
f 3855/6114 3857/6119 3906/6050
f 4728/6445 4738/6530 4737/6458
f 4397/7514 4379/7548 4463/7562
f 422/7521 4454/7526 4574/7498
f 4451/7195 4305/7138 4488/7105
f 4689/6541 4774/6482 4650/6481
f 3113/6546 3103/6614 3188/6601
f 3710/6603 3113/6546 3096/6502
f 600/6887 599/6934 4548/6936
f 422/7521 4459/7561 1825/7552
f 4599/7215 4647/7130 4693/7201
f 3188/6601 4645/6538 4633/6539
f 3244/7393 4567/7399 3406/7425
f 3106/6413 3149/6478 4908/6437
f 4600/7483 4602/7490 4820/7457
f 3399/7409 3556/7477 3579/7446
f 3208/7510 3227/7546 3220/7577
f 3406/7425 3579/7446 3222/7460
f 4446/7542 4574/7498 4454/7526
f 4685/6426 4684/6340 3697/6441
f 4379/7548 4321/7470 4462/7491
f 3117/6548 3160/6527 3572/6564
f 4558/7016 4772/7008 4523/7080
f 3083/6355 4323/6428 3114/6405
f 4693/7201 4647/7130 4582/7129
f 4459/7561 4374/7597 1825/7552
f 4737/6458 4738/6530 4739/6532
f 214/6990 599/6934 4586/6993
f 3225/7531 3221/7516 3557/7487
f 6281/7547 3501/7533 3546/7566
f 1751/6421 201/6477 4750/6508
f 4691/6716 4516/6673 4740/6641
f 4475/6490 4645/6538 4650/6481
f 3572/6564 3125/6553 3117/6548
f 4689/6541 4682/6488 4774/6482
f 3102/6410 3085/6451 3106/6413
f 4385/6501 3720/6456 3715/6568
f 3146/6357 3106/6413 3133/6334
f 4323/6428 4385/6501 4384/6472
f 4650/6481 4614/6471 4475/6490
f 3572/6564 3160/6527 4385/6501
f 766/6648 3711/6731 3120/6719
f 3101/6626 3710/6603 3125/6553
f 4908/6437 3152/6495 4614/6471
f 4323/6428 3083/6355 3728/6415
f 3704/6670 766/6648 3715/6568
f 4662/6411 4679/6309 4643/6399
f 3572/6564 3101/6626 3125/6553
f 3120/6719 3199/6685 766/6648
f 4644/6433 4908/6437 4614/6471
f 3100/6590 3715/6568 766/6648
f 4643/6399 4644/6433 4650/6481
f 3101/6626 3572/6564 3100/6590
f 3704/6670 3711/6731 766/6648
f 3117/6548 3125/6553 3160/6527
f 3710/6603 3144/6694 3103/6614
f 766/6648 3199/6685 3101/6626
f 3581/7229 3457/7246 4868/7196
f 3715/6568 3100/6590 3572/6564
f 4644/6433 4614/6471 4650/6481
f 3572/6564 4385/6501 3715/6568
f 3160/6527 3125/6553 4384/6472
f 4617/6999 3708/6908 3595/7015
f 3676/6649 3694/6644 3729/6794
f 3063/6736 3729/6794 3694/6644
f 3063/6736 3694/6644 3061/6578
f 3063/6736 2834/6750 2833/6822
f 2838/6717 2834/6750 3042/6634
f 2834/6750 2838/6717 2833/6822
f 3061/6578 3074/6464 3073/6431
f 3073/6431 3042/6634 3061/6578
f 3042/6634 2813/6593 2838/6717
f 3042/6634 3073/6431 2813/6593
f 2841/6821 2811/6739 2789/6769
f 3058/6295 3670/6177 3059/6174
f 3073/6431 2857/6417 2813/6593
f 2811/6739 4408/6711 2789/6769
f 2789/6769 2821/6737 2841/6821
f 2857/6417 3073/6431 2792/6348
f 3059/6174 2792/6348 3073/6431
f 4712/6100 4735/6156 4760/6106
f 2789/6769 4408/6711 2821/6737
f 2813/6593 2794/6622 4408/6711
f 4698/6722 3833/6696 3834/6630
f 2792/6348 3031/6359 2857/6417
f 1790/7588 4379/7548 4372/7573
f 3557/7487 3221/7516 3222/7460
f 2821/6737 4408/6711 2794/6622
f 2792/6348 2906/6244 3031/6359
f 4546/7263 1678/7317 4631/7262
f 1825/7552 4374/7597 4441/7578
f 3031/6359 2800/6317 3135/6452
f 2794/6622 2759/6617 2821/6737
f 4441/7578 4374/7597 7941/7627
f 3031/6359 2906/6244 2800/6317
f 5895/7278 4298/7206 4306/7207
f 4446/7542 1825/7552 4441/7578
f 3701/6988 3092/6916 3702/6891
f 4448/7583 4397/7514 4463/7562
f 2821/6737 2759/6617 2787/6701
f 4575/7582 4422/7567 4471/7614
f 3192/7028 3089/6998 3131/6989
f 4480/6783 4481/6819 4518/6727
f 3694/6644 3676/6649 3074/6464
f 3006/7392 3563/7421 3506/7404
f 4619/6786 4628/6705 3165/6657
f 2833/6822 2838/6717 2811/6739
f 3606/7357 4361/7334 3076/7308
f 2811/6739 2838/6717 2813/6593
f 4379/7548 1790/7588 4463/7562
f 4762/6040 4712/6100 4717/6021
f 4441/7578 7941/7627 4440/7623
f 3059/6174 2906/6244 2792/6348
f 3622/7213 3620/7202 3612/7156
f 4557/6866 4656/6835 4627/6924
f 4463/7562 1790/7588 4448/7583
f 4693/7201 4582/7129 4581/7166
f 3731/6965 4608/6956 3150/6905
f 4691/6716 4543/6847 4480/6783
f 4474/7124 4523/7080 4515/7041
f 4373/7644 4368/7625 4448/7583
f 3377/7599 3180/7529 3381/7572
f 4489/7341 4491/7349 4297/7287
f 4361/7334 4095/7280 875/7283
f 4608/6956 3167/7019 4623/6995
f 3079/7428 3578/7447 3562/7450
f 4528/7087 4305/7138 4301/7128
f 3031/6359 3135/6452 2857/6417
f 4440/7623 3770/7635 4372/7573
f 4506/6584 4704/6534 3834/6630
f 3175/7204 3185/7221 4914/7272
f 1698/6389 4733/6364 4737/6458
f 4440/7623 4372/7573 4441/7578
f 4437/7619 4373/7644 4448/7583
f 2833/6822 2811/6739 2841/6821
f 3403/7144 3093/7110 3713/7058
f 4635/7302 3614/7301 3604/7333
f 4746/6211 4735/6156 593/6205
f 4704/6534 4703/6465 4513/6467
f 3063/6736 3042/6634 2834/6750
f 4558/7016 4512/7056 4504/6991
f 3042/6634 3063/6736 3061/6578
f 4589/7071 4582/7129 4647/7130
f 4653/7236 875/7283 4095/7280
f 4524/6853 4553/6906 7927/6943
f 3027/7145 3624/7074 3057/7103
f 3558/7479 3567/7402 3602/7416
f 3855/6114 3861/6064 25/6224
f 3184/7342 3494/7330 3240/7388
f 4698/6722 4510/6682 4503/6744
f 4456/7355 4476/7386 4439/7376
f 3701/6988 3700/6931 4319/6976
f 3239/7500 3194/7463 3222/7460
f 4480/6783 4536/6872 4481/6819
f 4379/7548 4446/7542 4372/7573
f 4557/6866 4630/6873 4626/6818
f 3190/7216 3175/7204 4914/7272
f 4503/6744 4493/6795 4698/6722
f 4747/6363 594/6331 1751/6421
f 4704/6534 4513/6467 3826/6543
f 4504/6991 4538/7037 4500/7001
f 3770/7635 1790/7588 4372/7573
f 3558/7479 3501/7533 6281/7547
f 4684/6340 4282/6305 4668/6242
f 3193/7225 3213/7223 3243/7158
f 4321/7470 4397/7514 4355/7478
f 4619/6786 3165/6657 4637/6728
f 4511/6507 4513/6467 4721/6454
f 4716/6189 4735/6156 4746/6211
f 3623/7163 3056/7198 4461/7120
f 3057/7103 5092/7164 3027/7145
f 3927/6561 3860/6540 3930/6497
f 4490/7527 4575/7582 4459/7561
f 4742/6574 4750/6508 4753/6611
f 3893/5950 3909/5960 3906/6050
f 3500/7565 3386/7618 3371/7580
f 3090/6900 3127/6832 3091/6846
f 4528/7087 4538/7037 4512/7056
f 3624/7074 3592/7006 3062/7040
f 4712/6100 4760/6106 617/6061
f 4489/7341 5895/7278 4458/7327
f 4662/6411 4671/6386 4680/6343
f 4605/6743 4628/6705 4636/6793
f 3415/7538 3556/7477 3397/7508
f 4739/6532 4695/6580 4745/6505
f 3827/6746 4552/6791 4522/6896
f 4762/6040 4717/6021 4763/5905
f 594/6331 4736/6279 593/6205
f 3604/7333 3614/7301 4361/7334
f 4504/6991 4500/7001 4522/6896
f 4482/7172 4523/7080 4474/7124
f 4476/7386 4456/7355 4464/7413
f 4626/6818 4675/6808 4605/6743
f 3129/6779 3084/6858 3091/6846
f 4695/6580 4511/6507 4745/6505
f 8012/6550 4756/6587 201/6477
f 3952/6890 4522/6896 4498/6952
f 4525/7010 4465/7063 3470/7052
f 4705/6602 4506/6584 4497/6664
f 3052/7359 5312/7372 3011/7370
f 672/7146 3588/7092 3596/7095
f 4542/6848 4710/6802 4533/6874
f 3009/7466 2992/7471 2991/7434
f 4488/7105 4512/7056 4558/7016
f 3243/7158 4307/7159 3143/7113
f 4671/6386 4682/6488 3697/6441
f 4464/7413 3758/7448 4453/7459
f 4585/6978 4576/6932 4532/6935
f 3758/7448 2306/7473 4453/7459
f 4573/7012 4590/7068 4487/7047
f 3127/6832 3090/6900 3179/6879
f 1751/6421 594/6331 201/6477
f 4517/6855 4553/6906 4524/6853
f 3150/6905 3224/6871 3731/6965
f 3147/6881 3241/6923 3224/6871
f 3729/6794 3706/6864 3676/6649
f 420/7396 419/7374 4439/7376
f 4546/7263 4482/7172 4545/7208
f 3591/6942 3706/6864 3729/6794
f 4698/6722 4493/6795 4552/6791
f 4368/7625 4373/7644 139/7655
f 4305/7138 4512/7056 4488/7105
f 4609/6828 3707/6841 3718/6747
f 4674/6946 4573/7012 4585/6978
f 3711/6731 3704/6670 3712/6800
f 4515/7041 4523/7080 4772/7008
f 3833/6696 3827/6746 4497/6664
f 422/7521 4490/7527 4459/7561
f 3470/7052 4465/7063 601/7117
f 4674/6946 4537/6933 4670/6973
f 3408/7601 4422/7567 4427/7540
f 4539/6790 4630/6873 4543/6847
f 4518/6727 4516/6673 4480/6783
f 3403/7144 3566/7161 3583/7230
f 4437/7619 4448/7583 1790/7588
f 4648/6948 4557/6866 4627/6924
f 4515/7041 214/6990 4586/6993
f 617/6061 4760/6106 615/6088
f 1698/6389 3862/6250 4733/6364
f 4489/7341 3473/7378 4491/7349
f 593/6205 4712/6100 4720/6136
f 214/6990 4515/7041 4772/7008
f 4747/6363 1751/6421 4728/6445
f 4489/7341 4439/7376 419/7374
f 4634/6589 4689/6541 4773/6594
f 1790/7588 3770/7635 4437/7619
f 4471/7614 4428/7626 4575/7582
f 3591/6942 3630/6947 3592/7006
f 3167/7019 3176/7081 4623/6995
f 4663/5980 4717/6021 617/6061
f 4681/6687 4691/6716 4753/6611
f 4675/6808 4630/6873 4694/6788
f 4558/7016 4523/7080 4488/7105
f 4449/7268 4451/7195 4631/7262
f 4550/7251 4556/7176 4599/7215
f 593/6205 4735/6156 4712/6100
f 4552/6791 3827/6746 3833/6696
f 8010/6518 3697/6441 4682/6488
f 4445/7435 4423/7394 4457/7462
f 3048/7024 3625/7062 3675/7014
f 4441/7578 4372/7573 4446/7542
f 4449/7268 4458/7327 5895/7278
f 4454/7526 1825/7552 4446/7542
f 4518/6727 4709/6735 669/6665
f 4698/6722 3834/6630 4510/6682
f 4429/7501 4427/7540 4432/7523
f 4712/6100 617/6061 4717/6021
f 4760/6106 4723/6150 615/6088
f 4538/7037 4467/7067 4500/7001
f 4514/6666 4518/6727 669/6665
f 3202/7348 3244/7393 4469/7346
f 4301/7128 601/7117 4465/7063
f 4506/6584 3833/6696 4497/6664
f 4702/6453 24/6381 4703/6465
f 3082/7077 3048/7024 3624/7074
f 4663/5980 3819/5821 4763/5905
f 4729/6312 1752/6333 4731/6251
f 4493/6795 4732/6805 4524/6853
f 5092/7164 3056/7198 3054/7205
f 4706/6255 4731/6251 1752/6333
f 4576/6932 4585/6978 4586/6993
f 601/7117 4298/7206 4254/7123
f 3090/6900 3091/6846 3124/6929
f 4631/7262 4451/7195 4482/7172
f 4513/6467 1698/6389 4721/6454
f 3090/6900 3112/6941 3179/6879
f 4321/7470 4310/7420 4462/7491
f 4670/6973 4537/6933 4612/6984
f 4756/6587 4753/6611 201/6477
f 3224/6871 3241/6923 3731/6965
f 3676/6649 3706/6864 3705/6745
f 4773/6594 4689/6541 4641/6581
f 3591/6942 3675/7014 3706/6864
f 4634/6589 4682/6488 4689/6541
f 3857/6119 3855/6114 3858/6220
f 4462/7491 4453/7459 4574/7498
f 4609/6828 3705/6745 3708/6908
f 3855/6114 3904/6326 3858/6220
f 422/7521 1825/7552 4454/7526
f 4477/7339 4546/7263 4479/7281
f 4737/6458 4745/6505 4721/6454
f 4515/7041 4586/6993 4487/7047
f 4726/6633 4688/6577 4634/6589
f 4465/7063 4467/7067 4301/7128
f 4630/6873 4537/6933 4543/6847
f 1678/7317 4477/7339 4447/7383
f 3788/6868 3707/6841 4607/6899
f 4446/7542 4379/7548 4462/7491
f 4647/7130 4599/7215 4556/7176
f 4726/6633 4686/6628 4688/6577
f 3711/6731 3712/6800 4826/6815
f 4341/7406 420/7396 4351/7445
f 4554/6762 4555/6799 3151/6732
f 3058/6295 3074/6464 4530/6270
f 3906/6050 3909/5960 3855/6114
f 3087/6290 3783/6346 3083/6355
f 3673/6197 3670/6177 3058/6295
f 4683/6217 8024/6141 4765/6110
f 3715/6568 3720/6456 3721/6547
f 3782/6427 3790/6442 3787/6512
f 3673/6197 3680/6159 3670/6177
f 3722/6618 3790/6442 3691/6582
f 3074/6464 3678/6449 4530/6270
f 3790/6442 3686/6336 3678/6449
f 3058/6295 4530/6270 3673/6197
f 3673/6197 4296/6118 3680/6159
f 4327/6260 3774/6323 3773/6247
f 4826/6815 3400/6827 3200/6778
f 3074/6464 3676/6649 3678/6449
f 3787/6512 3790/6442 3722/6618
f 3688/6297 3790/6442 3805/6361
f 2759/6617 2794/6622 2799/6509
f 4530/6270 3678/6449 3686/6336
f 4530/6270 4296/6118 3673/6197
f 3400/6827 3092/6916 3118/6884
f 3118/6884 3086/6914 3084/6858
f 3870/5943 3855/6114 3909/5960
f 3790/6442 3782/6427 3805/6361
f 3721/6547 3787/6512 3722/6618
f 3805/6361 3727/6308 3688/6297
f 3789/6230 4530/6270 3686/6336
f 3774/6323 3727/6308 3805/6361
f 4296/6118 3685/6151 3684/6062
f 3787/6512 3721/6547 3782/6427
f 4490/7527 4422/7567 4575/7582
f 3688/6297 4326/6175 3789/6230
f 3178/7111 4470/7152 3176/7081
f 3789/6230 3685/6151 4530/6270
f 4762/6040 4179/5903 4696/6049
f 2991/7434 2979/7411 3009/7466
f 4327/6260 3688/6297 3727/6308
f 3722/6618 3691/6582 3705/6745
f 3161/7083 3176/7081 3167/7019
f 4326/6175 3685/6151 3789/6230
f 3625/7062 1668/7075 3675/7014
f 4719/6294 4668/6242 4683/6217
f 3870/5943 3861/6064 3855/6114
f 3633/7112 3082/7077 3624/7074
f 3720/6456 3730/6370 3782/6427
f 3779/6195 4326/6175 4327/6260
f 3685/6151 4326/6175 3677/6014
f 3083/6355 3146/6357 3141/6241
f 3056/7198 3069/7264 3054/7205
f 3054/7205 3627/7168 3027/7145
f 3205/7461 4945/7499 3245/7474
f 3730/6370 3720/6456 3728/6415
f 3257/7574 3367/7610 4427/7540
f 3677/6014 4326/6175 4387/6115
f 3687/6169 4696/6049 8024/6141
f 3126/6987 3179/6879 3112/6941
f 3215/6944 3156/6963 3112/6941
f 3870/5943 3869/5922 3861/6064
f 3778/6252 3773/6247 3726/6302
f 8141/5934 3677/6014 4509/6025
f 8141/5934 4509/6025 8163/5953
f 3126/6987 3731/6965 3241/6923
f 4666/6005 4764/6033 8175/5944
f 4666/6005 8175/5944 8182/5978
f 3708/6908 3705/6745 3706/6864
f 3595/7015 3706/6864 3675/7014
f 8181/5987 4666/6005 8182/5978
f 3712/6800 3788/6868 3702/6891
f 3083/6355 3783/6346 3728/6415
f 4312/6192 4387/6115 3779/6195
f 4387/6115 4312/6192 4313/6120
f 4443/1906 4240/1790 4242/1634
f 5922/1997 4866/1894 4862/1949
f 4242/1634 5590/1583 5575/1297
f 4864/1789 5590/1583 4240/1790
f 4862/1949 4864/1789 4240/1790
f 5623/1305 5625/1549 5575/1297
f 5575/1297 5625/1549 4242/1634
f 5926/1551 5625/1549 5623/1305
f 5623/1305 5391/1299 5926/1551
f 4242/1634 4240/1790 5590/1583
f 5499/2092 5922/1997 4862/1949
f 4240/1790 4861/2016 4862/1949
f 4866/1894 4864/1789 4862/1949
f 4861/2016 4240/1790 4443/1906
f 5499/2092 4862/1949 4861/2016
f 2139/5344 2145/5288 2864/5173
f 2751/5395 2133/5445 2859/5489
f 2864/5173 2145/5288 2536/5221
f 5350/5032 5858/5025 5327/4982
f 2152/4903 2868/4862 2153/4935
f 2131/5198 2128/5047 2115/5049
f 2536/5221 2140/5072 2864/5173
f 2140/5072 2128/5047 2864/5173
f 2012/4756 6100/4782 1773/4680
f 2229/4775 2868/4862 2152/4903
f 2100/4855 2868/4862 6100/4782
f 2152/4903 2140/5072 2129/4972
f 2153/4935 2100/4855 5876/4945
f 2239/5521 2145/5288 2139/5344
f 2128/5047 2153/4935 2115/5049
f 2115/5049 2153/4935 5876/4945
f 5327/4982 5876/4945 1937/4865
f 1720/5215 2131/5198 2115/5049
f 2239/5521 2751/5395 2145/5288
f 5327/4982 1937/4865 2417/4952
f 2229/4775 1773/4680 6100/4782
f 1937/4865 2046/4872 2417/4952
f 1723/5371 2131/5198 1720/5215
f 1720/5215 5858/5025 5350/5032
f 2139/5344 2131/5198 1723/5371
f 5858/5025 1720/5215 2115/5049
f 1937/4865 5876/4945 2100/4855
f 5858/5025 5876/4945 5327/4982
f 1723/5371 2239/5521 2139/5344
f 2131/5198 2139/5344 2864/5173
f 5858/5025 2115/5049 5876/4945
f 1937/4865 2100/4855 2012/4756
f 2864/5173 2128/5047 2131/5198
f 2100/4855 6100/4782 2012/4756
f 2868/4862 2100/4855 2153/4935
f 2128/5047 2152/4903 2153/4935
f 2943/5324 2145/5288 2751/5395
f 2140/5072 2152/4903 2128/5047
f 2536/5221 2145/5288 2943/5324
f 2229/4775 6100/4782 2868/4862
f 2134/5411 2943/5324 2751/5395
f 2536/5221 2943/5324 2182/5357
f 2182/5357 2943/5324 2134/5411
f 2182/5357 2134/5411 3219/5435
f 2170/5486 3219/5435 2134/5411
f 2848/5465 2182/5357 3219/5435
f 6934/3235 6789/3302 6852/3245
f 6163/2112 6049/2047 6048/2005
f 6616/3191 6934/3235 6852/3245
f 6616/3191 6613/3166 6934/3235
f 7336/3112 6610/3052 6613/3166
f 6616/3191 7336/3112 6613/3166
f 6584/3347 6852/3245 6789/3302
f 6612/3132 6613/3166 6610/3052
f 7077/2618 6741/2619 7423/2735
f 6961/2227 7815/2367 7099/2320
f 6963/2169 5857/2029 6962/2157
f 7336/3112 6616/3191 6852/3245
f 5847/1519 7120/1605 6948/1548
f 5806/1600 6948/1548 5934/1660
f 5618/1615 5840/1559 4615/1702
f 923/4180 2409/4083 2321/4111
f 2710/4214 2382/4220 2414/4287
f 2410/4119 2409/4083 923/4180
f 2415/4196 2710/4214 2691/4280
f 2382/4220 2710/4214 2410/4119
f 2414/4287 2382/4220 2447/4308
f 7179/1725 5803/2065 7091/1837
f 6336/4003 2409/4083 2410/4119
f 2352/4413 2394/4353 2361/4323
f 5803/2065 7099/2320 6980/2242
f 2447/4308 923/4180 2360/4322
f 2575/4337 5245/4238 2424/4315
f 2447/4308 2382/4220 923/4180
f 2415/4196 2410/4119 2710/4214
f 923/4180 2347/4153 2360/4322
f 2424/4315 2485/4418 2575/4337
f 2447/4308 2371/4395 2414/4287
f 2371/4395 2361/4323 2691/4280
f 2371/4395 2691/4280 2414/4287
f 2415/4196 2691/4280 2361/4323
f 2424/4315 2361/4323 2394/4353
f 2409/4083 6336/4003 2445/4019
f 2424/4315 2415/4196 2361/4323
f 2352/4413 2361/4323 2371/4395
f 2415/4196 2424/4315 5245/4238
f 2394/4353 2352/4413 2485/4418
f 2691/4280 2710/4214 2414/4287
f 2352/4413 2430/4491 2485/4418
f 923/4180 2382/4220 2410/4119
f 2424/4315 2394/4353 2485/4418
f 2485/4418 2430/4491 2212/4519
f 4615/1702 5796/1712 5797/1801
f 7093/2130 7050/2078 7042/2039
f 5618/1615 4615/1702 5795/1736
f 6530/1759 7280/1838 5796/1712
f 5797/1801 5557/1895 4651/1826
f 7180/1975 7822/2075 6961/2227
f 5828/1698 7120/1605 5773/1585
f 7743/1437 7179/1725 7091/1837
f 5773/1585 5775/1644 5828/1698
f 6046/1808 4616/1857 5775/1644
f 1750/2479 7006/2364 6785/2494
f 3324/1904 7743/1437 7091/1837
f 4660/1294 3574/1404 5817/1347
f 7093/2130 6962/2157 7050/2078
f 7050/2078 3324/1904 7042/2039
f 7064/2363 7099/2320 7127/2464
f 7091/1837 5803/2065 7042/2039
f 5803/2065 7179/1725 7180/1975
f 7091/1837 7042/2039 3324/1904
f 7077/2618 6972/2610 6785/2494
f 5828/1698 5934/1660 7120/1605
f 6064/1969 4616/1857 7770/1916
f 6103/2493 4761/2478 5450/2561
f 6078/3068 6081/3126 5973/3149
f 6262/2884 7068/2803 2089/2831
f 6191/3004 5224/2934 6161/3019
f 5428/3155 5509/3156 5741/3181
f 7047/2651 6547/2706 6063/2740
f 5792/2551 5790/2546 5518/2593
f 6167/2278 7820/2299 6963/2169
f 6561/2747 6892/2764 5990/2675
f 6652/2789 6950/2820 6561/2747
f 1733/3296 6504/3205 1734/3286
f 6504/3205 1733/3296 6849/3268
f 6849/3268 3373/3221 6850/3200
f 1734/3286 6504/3205 8022/3192
f 6850/3200 3373/3221 6529/3164
f 6858/3102 8022/3192 6635/3129
f 6504/3205 6635/3129 8022/3192
f 6529/3164 6378/3124 6850/3200
f 6551/3141 6529/3164 3373/3221
f 6858/3102 6635/3129 6932/3041
f 6378/3124 6635/3129 6504/3205
f 6500/3128 6378/3124 6529/3164
f 6500/3128 6529/3164 6551/3141
f 6378/3124 6500/3128 6380/3072
f 6380/3072 6551/3141 6970/3049
f 6932/3041 6377/3018 7129/2951
f 6970/3049 6548/2992 6380/3072
f 6925/2890 7889/2873 7129/2951
f 6970/3049 6513/2903 6548/2992
f 6899/2971 6967/2867 6672/2861
f 3003/2935 7889/2873 6967/2867
f 6950/2820 6652/2789 7889/2873
f 6911/2907 6643/2797 6661/2839
f 6672/2861 6643/2797 6911/2907
f 6925/2890 7129/2951 7128/2921
f 6925/2890 6950/2820 7889/2873
f 6548/2992 6513/2903 7128/2921
f 6967/2867 6894/2805 6672/2861
f 6652/2789 6967/2867 7889/2873
f 6643/2797 7567/2720 6661/2839
f 6643/2797 6672/2861 6894/2805
f 6513/2903 6535/2941 6538/2825
f 6643/2797 6973/2695 7567/2720
f 6643/2797 6894/2805 3370/2748
f 6102/2787 6513/2903 6538/2825
f 6063/2740 6102/2787 6538/2825
f 6652/2789 6957/2692 3370/2748
f 6652/2789 6561/2747 6957/2692
f 6957/2692 5805/2568 6973/2695
f 6957/2692 6561/2747 5990/2675
f 6957/2692 7072/2571 5805/2568
f 6141/2866 6449/2858 6131/2918
f 7127/2464 7072/2571 6941/2470
f 5990/2675 3071/2620 7087/2587
f 7087/2587 7813/2520 7072/2571
f 6078/3068 6188/3037 5593/2975
f 7289/2420 6941/2470 7813/2520
f 2961/2682 2960/2646 5393/2573
f 6187/3315 3293/3371 6118/3377
f 6046/1808 5564/1846 7770/1916
f 7249/2513 3071/2620 7060/2549
f 7249/2513 7289/2420 7813/2520
f 7289/2420 7073/2368 6167/2278
f 5675/2351 5676/2424 5394/2451
f 7072/2571 5990/2675 7087/2587
f 7762/1974 5771/1957 4616/1857
f 5857/2029 5564/1846 7766/1897
f 5052/2746 7843/2833 2089/2831
f 6262/2884 2089/2831 6099/2898
f 5520/2931 5496/2793 6221/2927
f 7113/2431 7114/2335 7125/2421
f 7820/2299 6966/2195 6963/2169
f 5477/2804 6095/2829 6096/2849
f 7114/2335 7113/2431 7112/2425
f 5822/1295 5776/1304 5827/1425
f 7120/1605 5847/1519 5846/1500
f 6518/2990 6261/2870 7063/2967
f 7158/1417 4672/1380 4601/1454
f 4725/2495 6024/2498 5672/2635
f 7114/2335 7112/2425 7363/2353
f 5519/2623 5449/2655 5569/2704
f 5614/1528 5826/1489 5827/1425
f 6202/3091 6119/3144 6252/3099
f 164/2402 5544/2448 6108/2379
f 5827/1425 5776/1304 4661/1477
f 3935/1298 3885/1419 5776/1304
f 3324/1904 7766/1897 7743/1437
f 4659/1510 4601/1454 3698/1439
f 5964/2596 5966/2543 7827/2538
f 3885/1419 3935/1298 5829/1436
f 2961/2682 4759/2741 5467/2697
f 5833/1873 5916/1987 5913/1869
f 5966/2543 6029/2468 7827/2538
f 6187/3315 6441/3348 3293/3371
f 7099/2320 7815/2367 2045/2442
f 4661/1477 5614/1528 5827/1425
f 6960/2473 4831/2537 6004/2489
f 3281/2145 6084/2258 6085/2191
f 5966/2543 5964/2596 5104/2609
f 6029/2468 6033/2506 5980/2386
f 5896/2228 5561/2125 6071/2180
f 5564/1846 5857/2029 7770/1916
f 6973/2695 6971/2615 7567/2720
f 7050/2078 5857/2029 5565/2022
f 6672/2861 6911/2907 6899/2971
f 7050/2078 5565/2022 3324/1904
f 3698/1439 4601/1454 4672/1380
f 6164/2770 7068/2803 6261/2870
f 4616/1857 6064/1969 7762/1974
f 6085/2191 5321/2277 6071/2180
f 4963/2370 4891/2393 4817/2286
f 5829/1436 5817/1347 5831/1445
f 7128/2921 6513/2903 6541/2838
f 5940/1312 4700/1296 5953/1520
f 6530/1759 4616/1857 7280/1838
f 7249/2513 7060/2549 7125/2421
f 5832/2068 5857/2029 6963/2169
f 6105/2913 6097/2794 6261/2870
f 5741/3181 6251/3196 6119/3144
f 7766/1897 3324/1904 5565/2022
f 6941/2470 7064/2363 7127/2464
f 5782/1690 5789/1813 5048/1758
f 6164/2770 6261/2870 6097/2794
f 6541/2838 6513/2903 6102/2787
f 6033/2506 6010/2565 6059/2481
f 6925/2890 7128/2921 6950/2820
f 5555/1917 5082/1932 5566/2023
f 6943/2050 3281/2145 3709/2053
f 4659/1510 7429/1556 865/1498
f 5986/2412 6059/2481 6960/2473
f 5782/1690 5784/1595 5618/1615
f 5987/2491 5544/2448 6003/2557
f 7762/1974 5932/2042 6943/2050
f 6963/2169 6962/2157 6167/2278
f 5827/1425 5821/1349 5822/1295
f 2745/3195 5915/3198 6173/3287
f 6943/2050 3709/2053 5771/1957
f 5614/1528 5618/1615 5784/1595
f 7158/1417 4601/1454 865/1498
f 5503/1642 5577/1833 5628/1651
f 6105/2913 6018/2846 6097/2794
f 7832/2676 6164/2770 6097/2794
f 6010/2565 6044/2574 7832/2676
f 6071/2180 5979/2285 5896/2228
f 3698/1439 5821/1349 5827/1425
f 6960/2473 6031/2384 5986/2412
f 5857/2029 5832/2068 7770/1916
f 7158/1417 865/1498 5928/1300
f 6899/2971 3003/2935 6967/2867
f 6071/2180 5561/2125 6049/2047
f 6074/2883 6018/2846 6566/2962
f 6012/2540 4831/2537 6960/2473
f 5979/2285 6506/2341 5896/2228
f 6960/2473 164/2402 6031/2384
f 865/1498 3284/1599 6040/1533
f 5761/2452 5790/2546 5794/2484
f 5990/2675 6892/2764 6547/2706
f 5872/1669 5582/1687 3284/1599
f 5548/2597 5987/2491 6003/2557
f 7042/2039 7026/2161 7093/2130
f 6049/2047 5561/2125 5566/2023
f 5082/1932 6049/2047 5566/2023
f 7129/2951 7889/2873 3003/2935
f 5510/2182 5532/2263 5512/2117
f 6027/2739 6018/2846 6017/2792
f 6962/2157 5857/2029 7050/2078
f 6027/2739 5157/2631 7832/2676
f 6566/2962 6253/3024 6074/2883
f 5157/2631 4831/2537 6012/2540
f 5796/1712 5934/1660 6530/1759
f 3281/2145 6085/2191 6163/2112
f 5485/2698 5401/2715 5232/2617
f 6004/2489 164/2402 6960/2473
f 5931/2321 5896/2228 6506/2341
f 3284/1599 5582/1687 6040/1533
f 6117/2382 5761/2452 5579/2383
f 7815/2367 6961/2227 7764/2337
f 5825/1386 5928/1300 6040/1533
f 5527/3021 6276/2844 5505/3009
f 6056/2842 6075/2854 5999/2929
f 6945/2234 5560/2132 5896/2228
f 5789/1813 5851/1860 5048/1758
f 5789/1813 5082/1932 5555/1917
f 6017/2792 6007/2724 6027/2739
f 6027/2739 6007/2724 5157/2631
f 5052/2746 2089/2831 7068/2803
f 5469/2773 5472/2819 5484/2750
f 6003/2557 4831/2537 5157/2631
f 5771/1957 7280/1838 4616/1857
f 5832/2068 6963/2169 6966/2195
f 6004/2489 4831/2537 6003/2557
f 5544/2448 164/2402 6004/2489
f 5931/2321 6945/2234 5896/2228
f 5825/1386 6040/1533 5936/1639
f 6945/2234 5968/2147 5560/2132
f 4561/1996 5746/1814 5542/1967
f 5568/2057 5566/2023 5560/2132
f 5789/1813 5555/1917 5851/1860
f 6007/2724 6017/2792 6016/2796
f 5201/2639 2961/2682 5393/2573
f 6003/2557 5157/2631 6008/2688
f 6042/3000 5999/2929 5998/3050
f 6167/2278 7064/2363 7289/2420
f 5949/2372 5533/2323 4927/2436
f 6084/2258 7363/2353 5321/2277
f 5789/1813 4651/1826 5082/1932
f 7116/2439 5417/2400 3181/2361
f 5817/1347 5829/1436 3935/1298
f 6107/2326 6945/2234 5931/2321
f 6004/2489 6003/2557 5544/2448
f 5974/1767 5936/1639 5582/1687
f 5825/1386 5953/1520 4700/1296
f 5941/1568 5825/1386 5936/1639
f 5968/2147 5568/2057 5560/2132
f 5637/2654 6276/2844 5422/2721
f 6008/2688 6007/2724 6016/2796
f 6492/2917 5066/2802 6016/2796
f 6894/2805 6967/2867 6652/2789
f 5593/2975 5594/3030 6078/3068
f 5832/2068 6964/2110 5932/2042
f 4894/2272 5552/2207 6945/2234
f 5936/1639 5892/1728 5941/1568
f 5890/1787 5936/1639 5974/1767
f 5321/2277 7363/2353 5980/2386
f 5495/3078 6161/3019 6130/2981
f 5974/1767 5851/1860 5855/1845
f 4847/2200 3513/2373 5930/2308
f 6107/2326 4894/2272 6945/2234
f 4963/2370 4894/2272 6107/2326
f 5953/1520 5825/1386 5941/1568
f 6948/1548 5806/1600 4020/1515
f 5968/2147 5547/2101 5568/2057
f 7100/1972 4535/1988 5851/1860
f 6492/2917 6286/2901 5066/2802
f 7249/2513 7813/2520 7087/2587
f 5479/2666 5921/2521 4442/2656
f 6008/2688 6016/2796 5066/2802
f 6008/2688 6055/2683 5548/2597
f 5420/2586 5485/2698 5398/2606
f 5533/2323 5541/2219 5532/2263
f 5548/2597 6043/2579 5987/2491
f 7064/2363 6167/2278 6980/2242
f 6939/2208 7006/2364 7764/2337
f 5464/1933 4496/2049 4443/1906
f 5552/2207 4894/2272 5984/2188
f 5828/1698 4616/1857 6530/1759
f 4963/2370 5544/2448 5987/2491
f 7429/1556 5784/1595 3284/1599
f 5940/1312 5549/1513 5556/1411
f 6008/2688 5548/2597 6003/2557
f 6188/3037 5495/3078 6130/2981
f 5936/1639 5890/1787 5892/1728
f 6932/3041 6635/3129 6378/3124
f 5890/1787 5974/1767 5855/1845
f 5855/1845 5851/1860 5667/1919
f 5552/2207 5984/2188 5968/2147
f 7099/2320 2045/2442 7127/2464
f 5941/1568 5889/1729 5953/1520
f 5953/1520 5810/1657 5808/1575
f 5968/2147 5984/2188 5547/2101
f 6000/2952 5999/2929 6075/2854
f 5851/1860 4535/1988 5667/1919
f 6055/2683 6043/2579 5548/2597
f 5515/2009 5543/2040 5914/1944
f 5618/1615 5795/1736 5782/1690
f 6191/3004 6161/3019 6202/3091
f 5831/1445 5847/1519 6948/1548
f 3905/1921 4651/1826 5557/1895
f 5984/2188 4894/2272 4817/2286
f 6282/3388 6021/3357 6114/3331
f 4891/2393 4963/2370 5987/2491
f 4894/2272 4963/2370 4817/2286
f 5953/1520 5889/1729 5810/1657
f 5571/1844 5808/1575 5810/1657
f 3196/2434 5613/2433 7796/2343
f 5980/2386 6033/2506 6059/2481
f 5984/2188 5640/2163 5547/2101
f 6034/2107 5916/1987 5983/2003
f 5932/2042 6064/1969 5832/2068
f 6000/2952 6287/2893 6242/3020
f 6287/2893 6000/2952 6075/2854
f 4255/2460 5364/2374 5952/2354
f 6287/2893 5978/2762 5066/2802
f 5829/1436 5831/1445 6948/1548
f 5930/2308 7920/2267 5823/2160
f 6043/2579 6055/2683 5020/2648
f 5614/1528 4659/1510 5826/1489
f 6024/2498 5997/2483 6001/2570
f 7026/2161 6980/2242 6167/2278
f 5831/1445 5817/1347 3574/1404
f 7103/2701 7567/2720 6972/2610
f 6261/2870 6262/2884 7063/2967
f 5549/1513 5626/1494 5556/1411
f 6187/3315 6118/3377 6342/3251
f 6024/2498 3513/2373 5997/2483
f 5640/2163 5984/2188 4817/2286
f 5048/1758 5582/1687 5872/1669
f 5997/2483 3513/2373 4891/2393
f 5572/1700 5808/1575 5571/1844
f 6042/3000 6115/3105 6072/3103
f 5890/1787 5667/1919 5889/1729
f 5547/2101 5640/2163 5545/2085
f 5667/1919 5546/2020 5545/2085
f 4816/2729 5578/2736 6095/2829
f 7363/2353 6013/2401 5980/2386
f 6245/3401 5113/3436 6441/3348
f 6071/2180 5321/2277 5979/2285
f 6072/3103 6116/3173 2744/3230
f 6000/2952 6242/3020 5998/3050
f 6072/3103 6115/3105 6116/3173
f 6535/2941 6513/2903 6970/3049
f 5978/2762 6287/2893 6075/2854
f 6001/2570 5020/2648 5672/2635
f 5672/2635 6024/2498 6001/2570
f 6031/2384 6506/2341 5986/2412
f 6962/2157 7026/2161 6167/2278
f 6024/2498 4725/2495 6025/2444
f 5997/2483 6043/2579 6001/2570
f 6441/3348 5113/3436 3293/3371
f 7093/2130 7026/2161 6962/2157
f 5576/1476 5878/1321 5626/1494
f 5568/2057 4535/1988 7100/1972
f 4847/2200 5640/2163 4817/2286
f 3513/2373 4817/2286 4891/2393
f 6008/2688 5157/2631 6007/2724
f 6551/3141 6380/3072 6500/3128
f 5667/1919 5571/1844 5889/1729
f 6033/2506 5966/2543 6044/2574
f 5640/2163 4847/2200 5545/2085
f 5545/2085 4508/2037 5667/1919
f 5525/2338 5991/2203 3181/2361
f 6961/2227 7822/2075 6939/2208
f 6245/3401 6441/3348 6383/3321
f 6084/2258 7114/2335 7363/2353
f 6079/3185 2744/3230 6080/3285
f 6079/3185 6072/3103 2744/3230
f 5998/3050 5999/2929 6000/2952
f 6130/2981 6449/2858 6077/2949
f 6012/2540 6059/2481 6010/2565
f 5626/1494 5549/1513 5572/1700
f 7112/2425 7827/2538 6029/2468
f 6408/2779 5978/2762 6075/2854
f 5020/2648 5978/2762 5672/2635
f 6114/3331 6021/3357 6179/3283
f 6084/2258 6966/2195 7114/2335
f 3181/2361 6133/2423 7116/2439
f 5846/1500 5780/1481 5773/1585
f 6118/3377 3293/3371 5113/3436
f 6042/3000 5998/3050 6115/3105
f 6118/3377 6282/3388 6114/3331
f 5566/2023 5561/2125 5560/2132
f 6055/2683 5066/2802 5978/2762
f 5626/1494 5503/1642 5576/1476
f 3513/2373 6025/2444 6200/2403
f 4847/2200 4817/2286 3513/2373
f 5232/2617 5398/2606 5485/2698
f 4847/2200 4508/2037 5545/2085
f 4725/2495 5761/2452 6200/2403
f 6080/3285 6173/3287 5915/3198
f 6383/3321 5458/3216 6173/3287
f 6080/3285 5915/3198 6079/3185
f 7125/2421 7820/2299 7073/2368
f 6079/3185 5468/3108 6072/3103
f 5986/2412 5980/2386 6059/2481
f 6072/3103 6086/3011 6042/3000
f 6056/2842 5999/2929 6407/2830
f 6118/3377 6114/3331 6342/3251
f 5631/1526 5576/1476 5628/1651
f 5503/1642 5572/1700 5577/1833
f 5913/1869 5916/1987 5914/1944
f 5914/1944 5916/1987 5515/2009
f 5478/2933 6149/3033 5456/3003
f 3698/1439 5827/1425 5826/1489
f 5966/2543 6033/2506 6029/2468
f 6892/2764 6950/2820 6541/2838
f 3513/2373 6200/2403 5930/2308
f 5492/2190 3177/2319 5991/2203
f 5833/1873 5983/2003 5916/1987
f 5979/2285 5980/2386 6506/2341
f 5940/1312 5808/1575 5549/1513
f 5496/2793 6096/2849 6221/2927
f 4508/2037 5983/2003 5571/1844
f 4847/2200 5823/2160 4508/2037
f 5761/2452 4725/2495 5790/2546
f 5889/1729 5571/1844 5810/1657
f 5897/3278 5458/3216 6383/3321
f 6200/2403 5761/2452 6117/2382
f 6532/2959 6533/2986 6041/3017
f 6173/3287 5458/3216 2745/3195
f 6086/3011 6177/2942 6042/3000
f 6178/2915 6407/2830 5999/2929
f 5201/2639 5470/2722 2961/2682
f 5672/2635 6408/2779 6410/2737
f 5224/2934 6096/2849 6095/2829
f 6187/3315 6224/3234 5897/3278
f 4535/1988 5547/2101 5546/2020
f 6149/3033 5455/3097 5456/3003
f 6179/3283 6342/3251 6114/3331
f 5631/1526 5926/1551 5391/1299
f 6945/2234 5552/2207 5968/2147
f 5829/1436 4020/1515 3885/1419
f 5916/1987 6094/2041 5515/2009
f 5890/1787 5855/1845 5667/1919
f 6117/2382 5930/2308 6200/2403
f 6211/3276 6212/3180 5592/3157
f 6448/2864 5993/2795 5988/2878
f 4169/1783 5524/1863 5926/1551
f 6221/2927 6096/2849 5224/2934
f 5983/2003 4508/2037 5823/2160
f 5419/2605 2960/2646 5471/2660
f 7073/2368 7289/2420 7056/2430
f 5493/2716 5993/2795 5553/2758
f 6081/3126 5458/3216 5973/3149
f 6410/2737 6408/2779 6407/2830
f 7128/2921 6377/3018 6548/2992
f 3177/2319 5492/2190 5491/2274
f 6342/3251 6224/3234 6187/3315
f 5741/3181 6342/3251 6179/3283
f 6265/2777 5449/2655 6410/2737
f 6017/2792 6074/2883 6016/2796
f 5577/1833 5914/1944 5543/2040
f 6941/2470 7072/2571 7813/2520
f 6117/2382 5579/2383 5930/2308
f 4255/2460 2863/2528 5364/2374
f 5526/3107 5505/3009 5592/3157
f 5983/2003 5823/2160 6034/2107
f 5761/2452 5794/2484 5579/2383
f 6149/3033 6180/3048 6127/3119
f 5792/2551 4761/2478 5794/2484
f 6040/1533 5928/1300 865/1498
f 6016/2796 6074/2883 6492/2917
f 5450/2561 4761/2478 5792/2551
f 5792/2551 5518/2593 5449/2655
f 5517/2539 4752/2607 5976/2627
f 3177/2319 6133/2423 3181/2361
f 5466/3202 6224/3234 5528/3142
f 7827/2538 7112/2425 7828/2502
f 6083/3130 5594/3030 5468/3108
f 5450/2561 5449/2655 5519/2623
f 5244/2815 5472/2819 5469/2773
f 7920/2267 5511/2294 5510/2182
f 6410/2737 6407/2830 6176/2847
f 5592/3157 5505/3009 5455/3097
f 5840/1559 4020/1515 5806/1600
f 6178/2915 6177/2942 6176/2847
f 5528/3142 6224/3234 6342/3251
f 6262/2884 6099/2898 6532/2959
f 6094/2041 6034/2107 5543/2040
f 5872/1669 5784/1595 5782/1690
f 5790/2546 5792/2551 5794/2484
f 5626/1494 5572/1700 5503/1642
f 4761/2478 5579/2383 5794/2484
f 5973/3149 5466/3202 5528/3142
f 1750/2479 6972/2610 6971/2615
f 5486/2529 5393/2573 5676/2424
f 6342/3251 5509/3156 5528/3142
f 5232/2617 5401/2715 5639/2584
f 4020/1515 5829/1436 6948/1548
f 5521/2835 5496/2793 5520/2931
f 5524/1863 5625/1549 5926/1551
f 5512/2117 5542/1967 5543/2040
f 5568/2057 5547/2101 4535/1988
f 5579/2383 4761/2478 5811/2381
f 5952/2354 5584/2273 5497/2280
f 6267/3113 5509/3156 5428/3155
f 2745/3195 6083/3130 5915/3198
f 5495/3078 5528/3142 5509/3156
f 5916/1987 6034/2107 6094/2041
f 5321/2277 6085/2191 6084/2258
f 6449/2858 5578/2736 5553/2758
f 5593/2975 6188/3037 6077/2949
f 6176/2847 5971/2885 6265/2777
f 4963/2370 6107/2326 6108/2379
f 7099/2320 7064/2363 6980/2242
f 7129/2951 3003/2935 6932/3041
f 4247/2084 5610/2175 5642/2102
f 5931/2321 6031/2384 164/2402
f 5511/2294 7920/2267 5811/2381
f 7764/2337 6961/2227 6939/2208
f 4659/1510 865/1498 4601/1454
f 6211/3276 4946/3241 6212/3180
f 6071/2180 6049/2047 6163/2112
f 5811/2381 4761/2478 6103/2493
f 5519/2623 6103/2493 5450/2561
f 5578/2736 5976/2627 5553/2758
f 6017/2792 6018/2846 6074/2883
f 5569/2704 6265/2777 5570/2778
f 5974/1767 5582/1687 5851/1860
f 6188/3037 5528/3142 5495/3078
f 5469/2773 4759/2741 5244/2815
f 6064/1969 5932/2042 7762/1974
f 6071/2180 6163/2112 6085/2191
f 5771/1957 6048/2005 5557/1895
f 5577/1833 5572/1700 5913/1869
f 7280/1838 5557/1895 5797/1801
f 6383/3321 6441/3348 5897/3278
f 5524/1863 5464/1933 4857/1763
f 5607/2249 5675/2351 5497/2280
f 4443/1906 4242/1634 4857/1763
f 3284/1599 865/1498 7429/1556
f 5504/2115 5524/1863 4561/1996
f 5470/2722 5201/2639 5479/2666
f 5990/2675 6547/2706 3071/2620
f 5224/2934 6191/3004 6221/2927
f 5921/2521 6133/2423 4771/2404
f 5958/2380 5511/2294 5811/2381
f 5532/2263 5510/2182 5511/2294
f 5628/1651 5576/1476 5503/1642
f 5811/2381 6103/2493 5958/2380
f 5746/1814 5628/1651 5577/1833
f 1741/2532 6103/2493 5519/2623
f 5398/2606 2863/2528 5420/2586
f 5988/2878 5570/2778 6265/2777
f 7026/2161 7042/2039 5803/2065
f 6202/3091 6267/3113 5741/3181
f 4561/1996 4169/1783 5746/1814
f 7249/2513 7056/2430 7289/2420
f 6966/2195 3281/2145 6964/2110
f 4565/2044 5464/1933 5524/1863
f 6018/2846 6027/2739 6097/2794
f 5667/1919 4508/2037 5571/1844
f 4565/2044 5524/1863 5504/2115
f 5504/2115 4561/1996 5909/2141
f 5421/2886 5527/3021 5447/2991
f 5909/2141 5512/2117 5541/2219
f 3709/2053 6163/2112 6048/2005
f 6081/3126 6078/3068 5594/3030
f 4857/1763 4242/1634 5625/1549
f 5823/2160 7920/2267 6034/2107
f 5512/2117 5532/2263 5541/2219
f 2825/2775 5470/2722 5479/2666
f 5157/2631 6012/2540 6010/2565
f 5526/3107 6212/3180 5423/3122
f 5419/2605 5394/2451 5393/2573
f 5958/2380 5532/2263 5511/2294
f 5676/2424 5607/2249 5525/2338
f 5536/2653 5519/2623 5493/2716
f 1741/2532 5519/2623 5536/2653
f 5449/2655 6265/2777 5569/2704
f 5607/2249 5676/2424 5675/2351
f 6103/2493 1741/2532 5958/2380
f 7815/2367 1750/2479 2045/2442
f 5993/2795 5570/2778 5988/2878
f 5610/2175 5607/2249 5497/2280
f 4615/1702 5840/1559 5796/1712
f 7815/2367 7764/2337 1750/2479
f 5980/2386 6013/2401 6029/2468
f 3905/1921 5557/1895 6048/2005
f 5565/2022 5857/2029 7766/1897
f 6267/3113 6202/3091 6161/3019
f 5497/2280 5675/2351 5394/2451
f 2089/2831 7843/2833 6099/2898
f 5631/1526 5788/1659 5926/1551
f 6041/3017 7063/2967 6532/2959
f 5592/3157 6212/3180 5526/3107
f 6973/2695 6643/2797 3370/2748
f 4443/1906 4468/2091 4861/2016
f 3709/2053 6048/2005 5771/1957
f 6211/3276 5592/3157 6002/3228
f 5823/2160 4847/2200 5930/2308
f 5423/3122 5527/3021 5526/3107
f 6013/2401 7112/2425 6029/2468
f 5637/2654 5639/2584 5401/2715
f 6220/3005 6180/3048 5520/2931
f 6849/3268 6850/3200 6504/3205
f 6435/3785 6294/3719 6434/3808
f 4496/2049 5464/1933 4565/2044
f 5541/2219 5632/2260 5909/2141
f 6059/2481 6012/2540 6960/2473
f 5533/2323 5532/2263 5958/2380
f 6434/3808 6294/3719 6285/3791
f 5048/1758 5872/1669 5782/1690
f 7100/1972 5851/1860 5555/1917
f 4861/2016 4468/2091 5991/2203
f 4255/2460 5394/2451 5420/2586
f 6180/3048 6252/3099 6127/3119
f 5537/2699 5536/2653 5493/2716
f 5544/2448 4963/2370 6108/2379
f 4927/2436 5958/2380 1741/2532
f 1741/2532 5536/2653 4752/2607
f 6078/3068 5973/3149 5528/3142
f 1741/2532 4752/2607 5517/2539
f 5495/3078 6267/3113 6161/3019
f 6102/2787 6547/2706 6892/2764
f 4615/1702 5797/1801 4651/1826
f 4659/1510 3698/1439 5826/1489
f 5485/2698 5467/2697 5484/2750
f 7825/2554 7827/2538 7828/2502
f 5393/2573 2960/2646 5419/2605
f 5449/2655 5518/2593 5105/2636
f 5447/2991 5527/3021 5423/3122
f 6033/2506 6044/2574 6010/2565
f 6077/2949 6448/2864 5593/2975
f 5105/2636 5790/2546 5672/2635
f 6292/3867 6434/3808 6285/3791
f 5808/1575 5572/1700 5549/1513
f 6294/3719 6435/3785 3643/3691
f 5979/2285 5321/2277 5980/2386
f 5632/2260 5541/2219 5533/2323
f 3177/2319 4771/2404 6133/2423
f 5926/1551 5788/1659 4169/1783
f 6448/2864 6077/2949 6449/2858
f 6010/2565 7832/2676 5157/2631
f 3513/2373 6024/2498 6025/2444
f 4442/2656 4816/2729 5496/2793
f 5667/1919 4535/1988 5546/2020
f 2611/3935 6292/3867 6285/3791
f 5542/1967 5746/1814 5577/1833
f 4752/2607 5554/2678 5976/2627
f 5537/2699 5493/2716 5553/2758
f 5428/3155 5741/3181 6267/3113
f 6941/2470 7289/2420 7064/2363
f 6131/2918 6161/3019 5224/2934
f 6094/2041 5543/2040 5515/2009
f 5224/2934 6095/2829 6131/2918
f 5486/2529 5201/2639 5393/2573
f 5499/2092 4247/2084 5922/1997
f 6176/2847 6265/2777 6410/2737
f 6943/2050 6964/2110 3281/2145
f 5788/1659 5631/1526 5628/1651
f 6075/2854 6056/2842 6408/2779
f 5776/1304 3885/1419 5777/1444
f 6964/2110 5832/2068 6966/2195
f 7078/2385 7006/2364 7051/2220
f 6130/2981 6131/2918 6449/2858
f 5642/2102 5610/2175 5497/2280
f 5437/2508 2863/2528 5232/2617
f 5991/2203 4468/2091 5492/2190
f 5472/2819 5505/3009 6276/2844
f 4651/1826 5789/1813 5795/1736
f 5492/2190 5487/2164 5491/2274
f 6203/3061 6252/3099 6220/3005
f 5527/3021 5505/3009 5526/3107
f 2825/2775 5496/2793 5521/2835
f 5534/2923 5456/3003 5505/3009
f 7762/1974 6943/2050 5771/1957
f 5505/3009 5456/3003 5455/3097
f 5496/2793 2825/2775 5479/2666
f 2825/2775 5244/2815 5470/2722
f 3177/2319 3181/2361 5991/2203
f 5940/1312 5953/1520 5808/1575
f 5878/1321 5576/1476 5391/1299
f 5952/2354 5394/2451 4255/2460
f 6149/3033 6127/3119 5455/3097
f 6342/3251 5741/3181 5509/3156
f 6027/2739 7832/2676 6097/2794
f 6044/2574 5966/2543 5104/2609
f 3177/2319 5491/2274 5611/2348
f 5479/2666 5201/2639 5486/2529
f 6203/3061 6202/3091 6252/3099
f 4496/2049 5487/2164 5492/2190
f 6957/2692 5990/2675 7072/2571
f 5487/2164 5507/2236 5491/2274
f 7820/2299 7114/2335 6966/2195
f 5550/2585 4442/2656 5921/2521
f 5991/2203 5607/2249 5499/2092
f 6448/2864 5553/2758 5993/2795
f 5420/2586 2863/2528 4255/2460
f 5986/2412 6506/2341 5980/2386
f 5932/2042 6964/2110 6943/2050
f 5805/2568 2045/2442 1750/2479
f 5106/2667 5964/2596 5558/2652
f 5533/2323 5949/2372 5632/2260
f 6105/2913 6566/2962 6018/2846
f 5423/3122 6212/3180 4946/3241
f 5524/1863 4857/1763 5625/1549
f 5560/2132 5561/2125 5896/2228
f 6141/2866 6131/2918 6095/2829
f 5492/2190 4468/2091 4496/2049
f 5805/2568 7072/2571 7127/2464
f 6127/3119 6252/3099 6251/3196
f 6449/2858 5553/2758 6448/2864
f 5577/1833 5543/2040 5542/1967
f 5741/3181 6119/3144 6202/3091
f 4927/2436 1741/2532 5517/2539
f 4442/2656 5496/2793 5479/2666
f 5398/2606 5232/2617 2863/2528
f 6108/2379 6107/2326 164/2402
f 7051/2220 7006/2364 6939/2208
f 3177/2319 5611/2348 4771/2404
f 5458/3216 5897/3278 5466/3202
f 3905/1921 6048/2005 6949/1968
f 4927/2436 5533/2323 5958/2380
f 6167/2278 7073/2368 7820/2299
f 5491/2274 5507/2236 7796/2343
f 6055/2683 6008/2688 5066/2802
f 4752/2607 5536/2653 5554/2678
f 6966/2195 6084/2258 3281/2145
f 5571/1844 5833/1873 5572/1700
f 4561/1996 5512/2117 5909/2141
f 6083/3130 6081/3126 5594/3030
f 5244/2815 6125/2857 5478/2933
f 5467/2697 5469/2773 5484/2750
f 7249/2513 7125/2421 7056/2430
f 4659/1510 5614/1528 5784/1595
f 4927/2436 4928/2496 5949/2372
f 5795/1736 4615/1702 4651/1826
f 5632/2260 5507/2236 5504/2115
f 6894/2805 6652/2789 3370/2748
f 5417/2400 5676/2424 5525/2338
f 6410/2737 5105/2636 5672/2635
f 5566/2023 5568/2057 7100/1972
f 1472/1473 5847/1519 5831/1445
f 5978/2762 6408/2779 5672/2635
f 5582/1687 5936/1639 6040/1533
f 5466/3202 5973/3149 5458/3216
f 6380/3072 6377/3018 6378/3124
f 6078/3068 5528/3142 6188/3037
f 5840/1559 5618/1615 4661/1477
f 6252/3099 6180/3048 6220/3005
f 4928/2496 5517/2539 5976/2627
f 5892/1728 5889/1729 5941/1568
f 7363/2353 7112/2425 6013/2401
f 6133/2423 5486/2529 7116/2439
f 6449/2858 6141/2866 6095/2829
f 5105/2636 5518/2593 5790/2546
f 5776/1304 5777/1444 4661/1477
f 6001/2570 6043/2579 5020/2648
f 4928/2496 4927/2436 5517/2539
f 6441/3348 6187/3315 5897/3278
f 6083/3130 5468/3108 5915/3198
f 6202/3091 6203/3061 6191/3004
f 5639/2584 5437/2508 5232/2617
f 6095/2829 5477/2804 4816/2729
f 6178/2915 6042/3000 6177/2942
f 5104/2609 5964/2596 5106/2667
f 5610/2175 4247/2084 5607/2249
f 5746/1814 5788/1659 5628/1651
f 7125/2421 7114/2335 7820/2299
f 5777/1444 5840/1559 4661/1477
f 6149/3033 5478/2933 5520/2931
f 7073/2368 7056/2430 7125/2421
f 4759/2741 2961/2682 5470/2722
f 5449/2655 5450/2561 5792/2551
f 5499/2092 4861/2016 5991/2203
f 5545/2085 5546/2020 5547/2101
f 6287/2893 5066/2802 6286/2901
f 6980/2242 7026/2161 5803/2065
f 5391/1299 5576/1476 5631/1526
f 5987/2491 6043/2579 5997/2483
f 4561/1996 5524/1863 4169/1783
f 5978/2762 5020/2648 6055/2683
f 5497/2280 5584/2273 5642/2102
f 7796/2343 5613/2433 5611/2348
f 6063/2740 6547/2706 6102/2787
f 5632/2260 5504/2115 5909/2141
f 5507/2236 5632/2260 7796/2343
f 5507/2236 5487/2164 5504/2115
f 5930/2308 5579/2383 7920/2267
f 6221/2927 6191/3004 6220/3005
f 5505/3009 5472/2819 5534/2923
f 3071/2620 6547/2706 7047/2651
f 7120/1605 5846/1500 5773/1585
f 6932/3041 6378/3124 6377/3018
f 5472/2819 5485/2698 5484/2750
f 7796/2343 5949/2372 3196/2434
f 5550/2585 4928/2496 5976/2627
f 4759/2741 5470/2722 5244/2815
f 5566/2023 7100/1972 5555/1917
f 5394/2451 5419/2605 5420/2586
f 4443/1906 4496/2049 4468/2091
f 5420/2586 5467/2697 5485/2698
f 4816/2729 4442/2656 5550/2585
f 6191/3004 6203/3061 6220/3005
f 5512/2117 5543/2040 5510/2182
f 6892/2764 6561/2747 6950/2820
f 5493/2716 5519/2623 5569/2704
f 5520/2931 6180/3048 6149/3033
f 5805/2568 1750/2479 6971/2615
f 6077/2949 6188/3037 6130/2981
f 5632/2260 5949/2372 7796/2343
f 5833/1873 5571/1844 5983/2003
f 7832/2676 6044/2574 5104/2609
f 4565/2044 5487/2164 4496/2049
f 1493/2604 5558/2652 7827/2538
f 7063/2967 6262/2884 6532/2959
f 5828/1698 5775/1644 4616/1857
f 6276/2844 5637/2654 5401/2715
f 4857/1763 5464/1933 4443/1906
f 3196/2434 4928/2496 5550/2585
f 5550/2585 5976/2627 5578/2736
f 5463/3177 5423/3122 4946/3241
f 6741/2619 6886/2535 6671/2572
f 6178/2915 6176/2847 6407/2830
f 5536/2653 5537/2699 5554/2678
f 6224/3234 5466/3202 5897/3278
f 5417/2400 5525/2338 3181/2361
f 5504/2115 5487/2164 4565/2044
f 6377/3018 6380/3072 6548/2992
f 6276/2844 5527/3021 5421/2886
f 5471/2660 2961/2682 5467/2697
f 6950/2820 7128/2921 6541/2838
f 5554/2678 5537/2699 5553/2758
f 5394/2451 5952/2354 5497/2280
f 7129/2951 6377/3018 7128/2921
f 5472/2819 5244/2815 5534/2923
f 7796/2343 5611/2348 5491/2274
f 6095/2829 5578/2736 6449/2858
f 6081/3126 6083/3130 2745/3195
f 5421/2886 5422/2721 6276/2844
f 4725/2495 6200/2403 6025/2444
f 5478/2933 6125/2857 5520/2931
f 6265/2777 5971/2885 5988/2878
f 6125/2857 5521/2835 5520/2931
f 7112/2425 7113/2431 7828/2502
f 5534/2923 5244/2815 5478/2933
f 5419/2605 5471/2660 5467/2697
f 4651/1826 3905/1921 5082/1932
f 5447/2991 5423/3122 5463/3177
f 5572/1700 5833/1873 5913/1869
f 5493/2716 5570/2778 5993/2795
f 5558/2652 5964/2596 7827/2538
f 5676/2424 5417/2400 7116/2439
f 6850/3200 6378/3124 6504/3205
f 5467/2697 5420/2586 5419/2605
f 3196/2434 5550/2585 5613/2433
f 6892/2764 6541/2838 6102/2787
f 6177/2942 5971/2885 6176/2847
f 5048/1758 5851/1860 5582/1687
f 4816/2729 5550/2585 5578/2736
f 5611/2348 5613/2433 4771/2404
f 5393/2573 5394/2451 5676/2424
f 5477/2804 5496/2793 4816/2729
f 7087/2587 3071/2620 7249/2513
f 5082/1932 3905/1921 6949/1968
f 6031/2384 5931/2321 6506/2341
f 6034/2107 7920/2267 5510/2182
f 5790/2546 4725/2495 5672/2635
f 7060/2549 3071/2620 7047/2651
f 6949/1968 6048/2005 6049/2047
f 6220/3005 5520/2931 6221/2927
f 3698/1439 4672/1380 5821/1349
f 5467/2697 4759/2741 5469/2773
f 5570/2778 5493/2716 5569/2704
f 5784/1595 5872/1669 3284/1599
f 7766/1897 5564/1846 7743/1437
f 6262/2884 6261/2870 7068/2803
f 5613/2433 5921/2521 4771/2404
f 5892/1728 5890/1787 5889/1729
f 6034/2107 5510/2182 5543/2040
f 6107/2326 5931/2321 164/2402
f 6163/2112 3709/2053 3281/2145
f 5521/2835 6125/2857 2825/2775
f 5534/2923 5478/2933 5456/3003
f 6074/2883 6253/3024 6492/2917
f 5913/1869 5914/1944 5577/1833
f 5449/2655 5105/2636 6410/2737
f 5554/2678 5553/2758 5976/2627
f 5811/2381 7920/2267 5579/2383
f 6096/2849 5496/2793 5477/2804
f 5244/2815 2825/2775 6125/2857
f 5472/2819 5401/2715 5485/2698
f 4169/1783 5788/1659 5746/1814
f 6081/3126 2745/3195 5458/3216
f 6408/2779 6056/2842 6407/2830
f 5509/3156 6267/3113 5495/3078
f 5999/2929 6042/3000 6178/2915
f 6119/3144 6251/3196 6252/3099
f 5499/2092 5607/2249 4247/2084
f 7429/1556 4659/1510 5784/1595
f 5472/2819 6276/2844 5401/2715
f 6161/3019 6131/2918 6130/2981
f 4891/2393 5987/2491 5997/2483
f 5455/3097 6002/3228 5592/3157
f 7116/2439 5486/2529 5676/2424
f 5915/3198 5468/3108 6079/3185
f 5550/2585 5921/2521 5613/2433
f 5614/1528 4661/1477 5618/1615
f 5437/2508 5364/2374 2863/2528
f 5486/2529 5921/2521 5479/2666
f 5542/1967 5512/2117 4561/1996
f 6957/2692 6973/2695 3370/2748
f 5471/2660 2960/2646 2961/2682
f 6972/2610 1750/2479 6785/2494
f 5525/2338 5607/2249 5991/2203
f 6133/2423 5921/2521 5486/2529
f 7006/2364 7078/2385 6785/2494
f 5949/2372 4928/2496 3196/2434
f 6971/2615 6973/2695 5805/2568
f 6049/2047 5082/1932 6949/1968
f 3574/1404 1472/1473 5831/1445
f 7078/2385 6671/2572 6886/2535
f 5777/1444 3885/1419 5840/1559
f 5775/1644 5564/1846 6046/1808
f 6785/2494 7078/2385 6886/2535
f 6971/2615 6972/2610 7567/2720
f 5796/1712 5806/1600 5934/1660
f 6530/1759 5934/1660 5828/1698
f 7103/2701 6972/2610 7077/2618
f 7006/2364 1750/2479 7764/2337
f 6886/2535 6741/2619 7077/2618
f 7077/2618 7423/2735 7103/2701
f 7103/2701 6658/2809 7567/2720
f 6785/2494 6886/2535 7077/2618
f 5797/1801 5796/1712 7280/1838
f 7103/2701 7423/2735 6658/2809
f 6741/2619 6671/2572 6670/2650
f 5840/1559 5806/1600 5796/1712
f 5840/1559 3885/1419 4020/1515
f 7423/2735 6741/2619 6670/2650
f 6961/2227 5803/2065 7180/1975
f 7423/2735 6670/2650 6638/2761
f 6961/2227 7099/2320 5803/2065
f 6638/2761 6670/2650 6639/2594
f 5557/1895 7280/1838 5771/1957
f 5832/2068 6064/1969 7770/1916
f 5780/1481 5775/1644 5773/1585
f 5934/1660 6948/1548 7120/1605
f 6273/3530 6289/3643 6293/3566
f 6284/3831 2611/3935 6285/3791
f 6294/3719 6230/3667 6285/3791
f 3639/3544 3772/3606 3643/3691
f 6230/3667 6294/3719 3772/3606
f 6175/3300 6186/3381 5463/3177
f 4946/3241 1730/3373 6175/3300
f 6235/3490 3772/3606 3639/3544
f 5498/3552 6230/3667 3772/3606
f 6235/3490 3639/3544 6186/3381
f 6175/3300 1730/3373 6186/3381
f 2694/4078 6537/4024 2388/4172
f 6284/3831 6285/3791 6269/3702
f 2700/3975 6400/3862 6030/4004
f 6284/3831 6400/3862 2700/3975
f 6002/3228 6127/3119 6251/3196
f 5455/3097 6127/3119 6002/3228
f 6483/3484 6273/3530 6104/3426
f 6400/3862 2385/3949 6030/4004
f 6255/2944 6532/2959 6099/2898
f 6255/2944 6101/2919 6533/2986
f 6101/2919 6255/2944 6099/2898
f 5104/2609 5106/2667 7832/2676
f 7068/2803 6164/2770 5357/2726
f 7843/2833 6101/2919 6099/2898
f 5357/2726 7832/2676 5106/2667
f 7068/2803 5357/2726 5052/2746
f 6535/2941 6515/3027 6101/2919
f 7843/2833 6536/2790 6101/2919
f 6255/2944 6533/2986 6532/2959
f 5357/2726 5106/2667 5052/2746
f 1742/2680 6536/2790 3037/2710
f 6536/2790 6535/2941 6101/2919
f 5558/2652 5052/2746 5106/2667
f 1742/2680 6063/2740 6536/2790
f 6536/2790 6538/2825 6535/2941
f 7832/2676 5357/2726 6164/2770
f 1493/2604 7827/2538 7825/2554
f 6536/2790 5052/2746 3037/2710
f 6536/2790 6063/2740 6538/2825
f 5558/2652 3037/2710 5052/2746
f 1742/2680 1493/2604 7111/2581
f 7111/2581 1493/2604 7825/2554
f 7111/2581 7060/2549 7047/2651
f 7843/2833 5052/2746 6536/2790
f 7047/2651 6063/2740 1742/2680
f 7111/2581 7825/2554 7828/2502
f 7821/2486 7113/2431 7125/2421
f 6515/3027 6533/2986 6101/2919
f 7828/2502 7821/2486 7111/2581
f 7821/2486 7125/2421 7060/2549
f 7111/2581 7821/2486 7060/2549
f 5558/2652 1493/2604 1742/2680
f 7047/2651 1742/2680 7111/2581
f 5558/2652 1742/2680 3037/2710
f 7821/2486 7828/2502 7113/2431
f 1820/4186 5280/4188 1816/4058
f 6005/3976 2399/4046 1761/3903
f 6005/3976 1901/3881 6839/3969
f 1901/3881 1830/3906 6839/3969
f 6584/3347 6615/3444 6586/3397
f 6586/3397 6615/3444 6598/3479
f 6600/3417 6586/3397 6598/3479
f 6598/3479 1823/3568 6600/3417
f 1896/4060 1816/4058 1830/3906
f 6359/3891 1896/4060 1830/3906
f 6005/3976 6839/3969 1816/4058
f 6600/3417 1823/3568 6369/3495
f 1823/3568 6598/3479 1869/3578
f 5891/3970 1896/4060 6359/3891
f 1893/3638 6369/3495 1823/3568
f 6359/3891 1829/3913 5891/3970
f 6369/3495 1893/3638 1892/3553
f 1884/3798 1758/3715 1833/3736
f 6005/3976 1816/4058 2399/4046
f 1826/4028 5891/3970 1829/3913
f 1833/3736 1851/3631 1886/3706
f 1892/3553 1893/3638 1886/3706
f 1831/4158 1808/4044 1894/4065
f 1886/3706 1915/3812 1833/3736
f 1839/3805 1886/3706 1893/3638
f 1915/3812 1829/3913 1884/3798
f 1839/3805 1915/3812 1886/3706
f 1829/3913 1849/3982 1894/4065
f 1993/3905 1915/3812 1839/3805
f 1849/3982 1837/4072 1894/4065
f 1896/4060 5891/3970 1826/4028
f 2078/3957 6851/3886 1993/3905
f 2078/3957 1849/3982 6851/3886
f 1837/4072 1807/4066 1806/4152
f 1826/4028 1808/4044 1831/4158
f 1884/3798 1833/3736 1915/3812
f 1807/4066 1849/3982 2078/3957
f 1807/4066 1837/4072 1849/3982
f 1826/4028 1829/3913 1808/4044
f 1758/3715 1851/3631 1833/3736
f 6005/3976 1761/3903 1901/3881
f 1839/3805 1893/3638 1911/3740
f 1808/4044 1829/3913 1894/4065
f 5280/4188 2399/4046 1816/4058
f 1886/3706 1851/3631 1892/3553
f 1826/4028 1831/4158 1896/4060
f 1993/3905 6851/3886 1915/3812
f 1893/3638 1823/3568 7313/3648
f 6851/3886 1829/3913 1915/3812
f 1911/3740 1893/3638 7313/3648
f 6615/3444 1869/3578 6598/3479
f 6839/3969 1830/3906 1816/4058
f 1849/3982 1829/3913 6851/3886
f 6270/3753 6284/3831 6269/3702
f 6270/3753 6269/3702 6199/3645
f 6184/3459 6118/3377 6394/3465
f 7336/3112 6936/2977 6937/2985
f 6297/3765 6228/3674 6295/3755
f 6269/3702 5498/3552 6199/3645
f 6192/3427 6159/3358 6104/3426
f 6211/3276 5970/3395 1730/3373
f 5498/3552 6235/3490 1730/3373
f 6269/3702 6285/3791 6230/3667
f 6211/3276 6002/3228 5970/3395
f 6638/2761 6860/2719 6985/2859
f 7336/3112 6859/3279 8018/3137
f 6118/3377 6184/3459 6282/3388
f 6183/3972 6306/3900 6537/4024
f 6175/3300 5463/3177 4946/3241
f 6302/3326 5970/3395 6002/3228
f 8019/3035 7336/3112 8018/3137
f 2694/4078 2320/3914 6183/3972
f 6623/2999 8019/3035 8018/3137
f 1730/3373 5970/3395 5498/3552
f 6302/3326 6251/3196 5475/3288
f 6179/3283 6021/3357 5475/3288
f 7336/3112 8019/3035 6936/2977
f 6854/2908 8019/3035 6623/2999
f 5444/3738 6528/3823 6316/3793
f 2385/3949 2402/3834 6321/3879
f 6269/3702 6230/3667 5498/3552
f 2402/3834 6400/3862 6297/3765
f 6854/2908 6936/2977 8019/3035
f 6270/3753 6288/3675 6297/3765
f 6293/3566 6288/3675 6199/3645
f 5782/1690 5795/1736 5789/1813
f 6293/3566 5498/3552 5970/3395
f 6192/3427 5970/3395 6302/3326
f 6302/3326 5475/3288 6159/3358
f 6306/3900 2320/3914 6512/3802
f 6936/2977 6640/2914 6937/2985
f 2787/5662 2769/5659 2662/5552
f 6985/2859 6640/2914 6936/2977
f 6936/2977 6854/2908 6985/2859
f 5444/3738 6512/3802 6528/3823
f 6295/3755 2402/3834 6297/3765
f 6228/3674 6297/3765 6288/3675
f 6306/3900 6512/3802 2594/3817
f 6471/3569 2184/3618 6327/3654
f 6394/3465 5113/3436 6298/3541
f 5444/3738 6310/3656 6490/3717
f 6736/2837 6640/2914 6985/2859
f 5741/3181 6179/3283 5475/3288
f 2385/3949 6400/3862 2402/3834
f 6860/2719 6736/2837 6985/2859
f 7336/3112 6937/2985 6610/3052
f 6118/3377 5113/3436 6394/3465
f 6293/3566 5970/3395 6192/3427
f 6400/3862 6284/3831 6270/3753
f 2184/3618 6309/3724 6233/3729
f 6298/3541 6234/3627 2184/3618
f 2769/5659 2787/5662 2759/5715
f 6310/3656 6225/3590 6471/3569
f 2594/3817 6512/3802 6233/3729
f 6638/2761 6639/2594 6860/2719
f 6159/3358 6192/3427 6302/3326
f 6185/3415 6207/3418 6021/3357
f 6186/3381 1730/3373 6235/3490
f 6207/3418 6104/3426 6021/3357
f 2184/3618 6388/3528 6298/3541
f 3772/3606 6235/3490 5498/3552
f 6159/3358 5475/3288 6021/3357
f 6159/3358 6021/3357 6104/3426
f 6185/3415 6483/3484 6207/3418
f 6295/3755 6317/3822 2402/3834
f 6273/3530 6293/3566 6192/3427
f 6490/3717 6233/3729 6512/3802
f 6273/3530 6225/3590 6289/3643
f 6185/3415 6282/3388 6184/3459
f 6185/3415 6021/3357 6282/3388
f 2184/3618 6233/3729 6327/3654
f 6316/3793 6317/3822 6295/3755
f 6854/2908 6638/2761 6985/2859
f 6293/3566 6289/3643 6228/3674
f 6295/3755 6289/3643 6316/3793
f 6388/3528 6184/3459 6394/3465
f 6199/3645 6288/3675 6270/3753
f 6234/3627 6309/3724 2184/3618
f 6483/3484 6104/3426 6207/3418
f 6288/3675 6293/3566 6228/3674
f 6192/3427 6104/3426 6273/3530
f 6483/3484 6225/3590 6273/3530
f 6270/3753 6297/3765 6400/3862
f 6289/3643 6295/3755 6228/3674
f 6483/3484 6184/3459 6471/3569
f 2594/3817 6233/3729 6309/3724
f 6233/3729 6490/3717 6327/3654
f 6306/3900 6183/3972 2320/3914
f 4616/1857 6046/1808 7770/1916
f 6225/3590 6483/3484 6471/3569
f 6512/3802 2320/3914 6528/3823
f 6512/3802 5444/3738 6490/3717
f 6454/3672 5444/3738 6316/3793
f 6316/3793 6289/3643 6454/3672
f 6184/3459 6483/3484 6185/3415
f 6388/3528 2184/3618 6471/3569
f 5741/3181 5475/3288 6251/3196
f 4946/3241 6211/3276 1730/3373
f 3772/3606 6294/3719 3643/3691
f 6454/3672 6225/3590 6310/3656
f 6293/3566 6199/3645 5498/3552
f 2700/3975 2611/3935 6284/3831
f 6310/3656 6327/3654 6490/3717
f 6289/3643 6225/3590 6454/3672
f 6321/3879 2402/3834 6317/3822
f 6388/3528 6471/3569 6184/3459
f 6454/3672 6310/3656 5444/3738
f 6298/3541 6388/3528 6394/3465
f 6183/3972 6537/4024 2694/4078
f 6251/3196 6302/3326 6002/3228
f 6327/3654 6310/3656 6471/3569
f 2385/3949 2391/4094 6030/4004
f 2701/4134 6030/4004 2391/4094
f 2391/4094 2385/3949 6303/4041
f 2391/4094 6436/4247 2701/4134
f 5468/3108 5615/2987 6072/3103
f 5529/2924 5988/2878 5971/2885
f 6086/3011 5615/2987 6177/2942
f 5988/2878 5529/2924 5963/2955
f 5963/2955 5615/2987 5594/3030
f 5593/2975 6448/2864 5988/2878
f 6177/2942 5615/2987 5971/2885
f 6086/3011 6072/3103 5615/2987
f 5971/2885 5615/2987 5529/2924
f 5594/3030 5615/2987 5468/3108
f 5963/2955 5529/2924 5615/2987
f 5593/2975 5988/2878 5594/3030
f 5594/3030 5988/2878 5963/2955
f 7127/2464 2045/2442 5805/2568
f 2631/4425 2614/4603 2718/4514
f 2614/4603 2641/4659 2718/4514
f 2715/4488 2717/4371 2718/4514
f 2718/4514 2641/4659 2715/4488
f 2637/4527 2614/4603 2631/4425
f 2717/4371 2631/4425 2718/4514
f 2427/4507 2482/4432 2490/4502
f 2482/4432 2748/4360 2375/4338
f 2511/4457 2748/4360 2482/4432
f 2482/4432 2427/4507 2511/4457
f 2490/4502 2482/4432 2375/4338
f 6917/3203 6258/3148 6585/3187
f 6116/3173 6650/3244 6248/3265
f 2606/4437 2586/4262 2395/4332
f 6232/3334 5196/3409 6439/3428
f 2320/3914 2318/3993 6182/3895
f 2525/5389 801/5474 2546/5419
f 2210/4851 2480/4912 2448/4789
f 6501/3478 6905/3542 6557/3515
f 2297/4057 2409/4083 2445/4019
f 2282/4431 2097/4368 2009/4442
f 6116/3173 6248/3265 2744/3230
f 6437/3153 6565/3075 6520/3073
f 6355/3752 6365/3744 2288/3814
f 2584/4140 2283/4054 2406/4165
f 2249/4475 2342/4501 2324/4421
f 1814/3945 2339/3909 2341/3827
f 1770/3832 2289/3940 2341/3827
f 2325/4866 2467/4754 2443/4792
f 6232/3334 6250/3264 6523/3322
f 2142/5174 2750/5227 2151/5152
f 2572/4411 2571/4340 2692/4282
f 6560/3599 6420/3632 6355/3752
f 2254/4515 2285/4574 2251/4486
f 6232/3334 6439/3428 6135/3425
f 6444/3454 6389/3419 6799/3463
f 2343/4495 2463/4626 2429/4509
f 2109/4918 2120/5041 2119/4915
f 2667/4100 2658/3978 6223/3963
f 2354/3918 2366/3907 2350/3961
f 6499/4071 6576/3997 2205/4128
f 6372/3776 6315/3737 6351/3836
f 2479/4925 2187/5038 2196/4998
f 3747/3378 6421/3299 6244/3295
f 2473/4729 2510/4706 2211/4830
f 2220/4438 2371/4395 2447/4308
f 1831/4158 1894/4065 1800/4209
f 6854/2908 6827/2812 6638/2761
f 7336/3112 6852/3245 6859/3279
f 6854/2908 6623/2999 6984/2894
f 7558/2827 6984/2894 7952/2925
f 7423/2735 7558/2827 6658/2809
f 6658/2809 6661/2839 7567/2720
f 6586/3397 6859/3279 6584/3347
f 6852/3245 6584/3347 6859/3279
f 6984/2894 6623/2999 7952/2925
f 6658/2809 7558/2827 7952/2925
f 6600/3417 6859/3279 6586/3397
f 6590/3242 8018/3137 6859/3279
f 6648/2963 6911/2907 6661/2839
f 8018/3137 6590/3242 6591/3197
f 6735/3081 7975/3008 6623/2999
f 6735/3081 6623/2999 8018/3137
f 7952/2925 7975/3008 6648/2963
f 7563/3434 6369/3495 6838/3475
f 6605/3382 6600/3417 6369/3495
f 6600/3417 6605/3382 6668/3327
f 6590/3242 6668/3327 6667/3306
f 8018/3137 6591/3197 6589/3159
f 6932/3041 3003/2935 6899/2971
f 6535/2941 6110/3106 6515/3027
f 1892/3553 6838/3475 6369/3495
f 6630/3563 1892/3553 1851/3631
f 7975/3008 6735/3081 7909/3077
f 6651/3267 6634/3227 6604/3323
f 6648/2963 7975/3008 7909/3077
f 6605/3382 6667/3306 6668/3327
f 6648/2963 6658/2809 7952/2925
f 6588/3236 6590/3242 6667/3306
f 7909/3077 6618/3062 6648/2963
f 6362/3298 3373/3221 6849/3268
f 1754/3289 8037/3189 3373/3221
f 6838/3475 1892/3553 7636/3457
f 6859/3279 6668/3327 6590/3242
f 6630/3563 1851/3631 7519/3560
f 7563/3434 7844/3403 6605/3382
f 6597/3154 6618/3062 7909/3077
f 6630/3563 6431/3496 1892/3553
f 298/3058 6041/3017 6533/2986
f 7636/3457 1892/3553 6431/3496
f 6588/3236 6634/3227 6589/3159
f 6604/3323 6634/3227 6588/3236
f 6431/3496 6630/3563 7519/3560
f 6604/3323 6605/3382 7844/3403
f 7975/3008 7952/2925 6623/2999
f 6651/3267 6632/3167 6597/3154
f 7844/3403 7563/3434 7636/3457
f 6634/3227 6597/3154 6589/3159
f 6618/3062 6597/3154 6595/3101
f 6595/3101 6858/3102 6646/3006
f 6496/3170 8063/3206 7916/3270
f 6431/3496 8042/3391 7636/3457
f 6646/3006 6911/2907 7960/2965
f 6646/3006 6899/2971 6911/2907
f 6604/3323 6588/3236 6667/3306
f 6589/3159 6597/3154 7909/3077
f 6429/3487 6431/3496 7519/3560
f 8042/3391 6604/3323 7844/3403
f 7563/3434 6838/3475 7636/3457
f 6591/3197 6588/3236 6589/3159
f 8042/3391 6431/3496 6429/3487
f 6110/3106 8037/3189 8063/3206
f 1756/3343 1754/3289 1755/3344
f 6651/3267 6604/3323 8042/3391
f 6854/2908 6984/2894 6827/2812
f 6984/2894 7558/2827 6827/2812
f 6858/3102 6632/3167 6583/3218
f 6524/3336 1754/3289 1756/3343
f 6651/3267 6583/3218 6632/3167
f 7916/3270 1754/3289 6524/3336
f 6648/2963 6618/3062 6646/3006
f 6429/3487 6509/3412 8042/3391
f 8063/3206 8037/3189 1754/3289
f 1733/3296 1738/3341 6849/3268
f 8022/3192 6858/3102 6583/3218
f 1734/3286 6583/3218 6843/3329
f 6582/3359 1734/3286 6606/3387
f 6661/2839 6658/2809 6648/2963
f 3373/3221 8037/3189 6551/3141
f 6544/3031 6041/3017 6137/3079
f 6632/3167 6858/3102 6595/3101
f 7844/3403 7636/3457 8042/3391
f 6544/3031 6518/2990 7063/2967
f 6509/3412 6606/3387 6843/3329
f 6591/3197 6590/3242 6588/3236
f 1733/3296 6582/3359 1738/3341
f 6582/3359 1733/3296 1734/3286
f 8037/3189 6110/3106 6404/3116
f 6589/3159 7909/3077 6735/3081
f 6899/2971 6858/3102 6932/3041
f 6509/3412 6843/3329 8042/3391
f 6827/2812 7423/2735 6638/2761
f 1734/3286 8022/3192 6583/3218
f 1738/3341 6362/3298 6849/3268
f 8018/3137 6589/3159 6735/3081
f 6137/3079 298/3058 6165/3127
f 6632/3167 6595/3101 6597/3154
f 1755/3344 1754/3289 6362/3298
f 6362/3298 1754/3289 3373/3221
f 6137/3079 6041/3017 298/3058
f 6404/3116 6970/3049 6551/3141
f 6646/3006 6858/3102 6899/2971
f 6110/3106 6496/3170 299/3104
f 6605/3382 6369/3495 7563/3434
f 7960/2965 6911/2907 6648/2963
f 6843/3329 6606/3387 1734/3286
f 6137/3079 3416/3089 6544/3031
f 6600/3417 6668/3327 6859/3279
f 6041/3017 6544/3031 7063/2967
f 6605/3382 6604/3323 6667/3306
f 7558/2827 7423/2735 6827/2812
f 6110/3106 6970/3049 6404/3116
f 6515/3027 298/3058 6533/2986
f 6583/3218 6651/3267 6843/3329
f 6646/3006 6618/3062 6595/3101
f 6648/2963 6646/3006 7960/2965
f 6651/3267 8042/3391 6843/3329
f 7916/3270 8063/3206 1754/3289
f 6404/3116 6551/3141 8037/3189
f 6515/3027 6110/3106 299/3104
f 6597/3154 6634/3227 6651/3267
f 8063/3206 6496/3170 6110/3106
f 6110/3106 6535/2941 6970/3049
f 6362/3298 1738/3341 1755/3344
f 299/3104 6165/3127 298/3058
f 6515/3027 299/3104 298/3058
f 2111/4588 2104/4675 2223/4604
f 2502/4359 2692/4282 2688/4237
f 6440/3468 6451/3601 2737/3504
f 6425/3608 6366/3582 6370/3536
f 6562/3486 6539/3514 6415/3452
f 6172/3121 6249/3223 6169/3161
f 7919/3663 6560/3599 6355/3752
f 5238/3556 6560/3599 6564/3506
f 6189/3174 6505/3186 3743/3248
f 2111/4588 2264/4511 2020/4565
f 2667/4100 2647/4081 2658/3978
f 5280/4188 2281/4257 2310/4126
f 6573/3589 6641/3580 6563/3524
f 6092/4043 2332/4154 2384/4171
f 2573/4452 2411/4394 2421/4417
f 6539/3514 6563/3524 6641/3580
f 5113/3436 6245/3401 6340/3461
f 6311/3731 2383/3824 6458/3718
f 2169/3521 2642/3466 6155/3480
f 6116/3173 6169/3161 6650/3244
f 2395/4332 6299/4195 2376/4233
f 2749/5713 2819/5531 5516/5653
f 6523/3322 6307/3324 6156/3392
f 2548/5216 2472/5267 2683/5275
f 6249/3223 6189/3174 3743/3248
f 1809/4350 2013/4506 1798/4289
f 6338/3990 2359/4026 6343/3942
f 6080/3285 6521/3364 6322/3370
f 2225/4508 2257/4469 2266/4412
f 3747/3378 3748/3440 6156/3392
f 2554/4844 2522/4988 2559/4887
f 2399/4046 5280/4188 2310/4126
f 6508/3439 6521/3364 6135/3425
f 6452/3209 6917/3203 7916/3270
f 2438/4819 2211/4830 2468/4908
f 2504/4671 2513/4639 2654/4551
f 6482/3871 2383/3824 6578/3778
f 6432/3607 6577/3549 6560/3599
f 6650/3244 6232/3334 6248/3265
f 6189/3174 6249/3223 6172/3121
f 6579/3670 6580/3745 6373/3680
f 6539/3514 6641/3580 6329/3609
f 2383/3824 6312/3809 6459/3782
f 6315/3737 6350/3806 6351/3836
f 2472/5267 6229/5349 2683/5275
f 2183/5082 2217/4946 2191/4932
f 6368/3505 1769/3623 2006/3587
f 6570/3647 6375/3742 6572/3644
f 6505/3186 6278/3204 5995/3259
f 2226/5231 2151/5152 2750/5227
f 2169/3521 6428/3562 6398/3588
f 2523/5195 2845/5303 2805/5296
f 2288/3814 2341/3827 2339/3909
f 6578/3778 6311/3731 6567/3683
f 6574/3398 6714/3317 6909/3338
f 2727/5268 2757/5143 2753/5250
f 1814/3945 2296/3991 2339/3909
f 2297/4057 2321/4111 2409/4083
f 6340/3461 6245/3401 6247/3435
f 2017/4607 2107/4716 2274/4702
f 2548/5216 2683/5275 2199/5095
f 2480/4912 2211/4830 2448/4789
f 6172/3121 6169/3161 5998/3050
f 5111/2984 6287/2893 6286/2901
f 7505/3664 6147/3728 6420/3632
f 6350/3806 6453/3807 6510/3852
f 2208/5008 2364/5128 2732/5085
f 6278/3204 6421/3299 5995/3259
f 2497/4335 2588/4499 2605/4453
f 2253/3671 1888/3713 6425/3608
f 2620/4989 2622/4869 2556/4921
f 2403/3984 2408/4077 2292/3981
f 6349/3525 6135/3425 6325/3570
f 6239/3522 6508/3439 6349/3525
f 6523/3322 3743/3248 6307/3324
f 2492/4725 2491/4668 2436/4666
f 2205/4128 6576/3997 2359/4026
f 2304/4267 2279/4355 2305/4223
f 6492/2917 5111/2984 6286/2901
f 6470/4007 6291/3888 4466/3953
f 2155/4684 2149/4810 2340/4618
f 6907/3481 6439/3428 2642/3466
f 6346/4113 6318/4194 5131/4118
f 2209/4933 2625/4971 2501/4867
f 2430/4491 2431/4586 2212/4519
f 3747/3378 6244/3295 6647/3346
f 2585/3502 6340/3461 2737/3504
f 6115/3105 5998/3050 6169/3161
f 2464/4636 2340/4618 2261/4721
f 5131/4118 6305/4008 6346/4113
f 2522/4988 2757/5143 2615/5052
f 2212/4519 2431/4586 2455/4584
f 2119/4915 2103/4745 2189/4816
f 2515/4928 2210/4851 2325/4866
f 1798/4289 1848/4169 1896/4060
f 6172/3121 6058/3093 6189/3174
f 7493/5186 1256/5124 2168/5213
f 6389/3419 6444/3454 6647/3346
f 6325/3570 6413/3615 6349/3525
f 2539/5273 2540/5319 2972/5421
f 2302/3923 2337/3815 6360/3857
f 2450/5222 2551/5141 2364/5128
f 2213/4771 2190/4880 2443/4792
f 6562/3486 6563/3524 6539/3514
f 2936/5554 2998/5455 2874/5499
f 2835/5689 2822/5547 2850/5534
f 6447/3118 6253/3024 6565/3075
f 6353/3508 6503/3547 6370/3536
f 2192/5330 2750/5227 2142/5174
f 6421/3299 6278/3204 6244/3295
f 6498/3954 6499/4071 6092/4043
f 2181/5037 2148/5094 2142/5174
f 6425/3608 6426/3533 6845/3594
f 6258/3148 6168/3146 3416/3089
f 6058/3093 6153/3029 6257/3110
f 7919/3663 6432/3607 6560/3599
f 2668/5323 2524/5253 2913/5388
f 7919/3663 6579/3670 6432/3607
f 1896/4060 1831/4158 1798/4289
f 6423/3226 6519/3176 6437/3153
f 1771/3779 1818/3758 1830/3906
f 2524/5253 2506/5191 2539/5273
f 6058/3093 6172/3121 6242/3020
f 5431/4251 1798/4289 1810/4346
f 6418/3507 2697/3535 6444/3454
f 2012/4756 1774/4637 2274/4702
f 6439/3428 6907/3481 6135/3425
f 2523/5195 2168/5213 1256/5124
f 2044/4705 5334/4625 1811/4740
f 2366/3907 2367/3880 2350/3961
f 6446/3340 6422/3293 6556/3292
f 2286/4856 2147/4967 2146/4926
f 6347/4157 2497/4335 6436/4247
f 6420/3632 6147/3728 6365/3744
f 6647/3346 6542/3280 6422/3293
f 6280/3661 6413/3615 6325/3570
f 6244/3295 6461/3232 6542/3280
f 6514/3422 2698/3407 6376/3464
f 6440/3468 6508/3439 6239/3522
f 6092/4043 2384/4171 6090/4095
f 6246/3379 6322/3370 6440/3468
f 2898/5613 2822/5547 2835/5689
f 6173/3287 6322/3370 6246/3379
f 2413/3928 2334/3910 6594/3838
f 2822/5547 2797/5429 2850/5534
f 2412/3518 6907/3481 2169/3521
f 1771/3779 1901/3881 1759/3786
f 2204/5069 2185/5176 2207/5064
f 6399/3658 6128/3700 6279/3626
f 6373/3680 6375/3742 6570/3647
f 5995/3259 3743/3248 6505/3186
f 2258/4570 2227/4641 2101/4689
f 6527/3233 6542/3280 6461/3232
f 6156/3392 5196/3409 6523/3322
f 2824/5704 2796/5797 2917/5633
f 2748/4360 2511/4457 2395/4332
f 6354/3819 2595/3792 2373/3732
f 2189/4816 2108/4859 2109/4918
f 5238/3556 6905/3542 6420/3632
f 1888/3713 1772/3789 6392/3760
f 6257/3110 6253/3024 6447/3118
f 2436/4666 2491/4668 2494/4571
f 6335/3598 6451/3601 6239/3522
f 6239/3522 6451/3601 6440/3468
f 6389/3419 6531/3366 6575/3437
f 6611/3617 7473/3625 6082/3701
f 6440/3468 6247/3435 6246/3379
f 6399/3658 6279/3626 6398/3588
f 6137/3079 6165/3127 6258/3148
f 1828/4310 1802/4250 1797/4407
f 3025/5650 2911/5657 2878/5592
f 6135/3425 6166/3319 6232/3334
f 2213/4771 2443/4792 2353/4699
f 6128/3700 6372/3776 2372/3762
f 2353/4699 2443/4792 2467/4754
f 2384/4171 2692/4282 2393/4189
f 6906/3494 6389/3419 6575/3437
f 6402/3640 6315/3737 6399/3658
f 6420/3632 6905/3542 6366/3582
f 2324/4421 2266/4412 2315/4336
f 2101/4689 2103/4745 2224/4598
f 2692/4282 2502/4359 2572/4411
f 2102/4783 2103/4745 2119/4915
f 2315/4336 2323/4231 2327/4372
f 2289/3940 1770/3832 7402/3876
f 6510/3852 2367/3880 6350/3806
f 2142/5174 2193/5050 2181/5037
f 6528/3823 6182/3895 6316/3793
f 2744/3230 6463/3328 6080/3285
f 6799/3463 6389/3419 6418/3507
f 6250/3264 6249/3223 6523/3322
f 2204/5069 2478/5021 4/5149
f 6361/3865 6360/3857 6355/3752
f 6315/3737 6372/3776 6128/3700
f 6592/3443 1740/3400 6364/3456
f 2164/5252 3502/5260 2879/5315
f 6418/3507 6906/3494 6577/3549
f 5187/4893 5188/4904 2203/4962
f 2310/4126 2281/4257 1089/4212
f 6313/3810 6312/3809 6037/3845
f 2871/5457 2157/5380 2158/5337
f 2253/3671 1737/3581 6022/3689
f 2341/3827 6365/3744 6147/3728
f 6278/3204 6257/3110 6447/3118
f 6156/3392 3748/3440 6155/3480
f 2842/5622 2891/5641 2892/5717
f 6519/3176 6527/3233 6461/3232
f 2850/5534 2797/5429 2913/5388
f 6592/3443 6581/3520 6426/3533
f 2368/3951 6460/3866 2370/3936
f 6592/3443 6364/3456 6581/3520
f 2584/4140 2406/4165 2323/4231
f 6557/3515 6905/3542 5238/3556
f 6422/3293 6527/3233 6423/3226
f 6447/3118 6565/3075 6519/3176
f 6527/3233 6519/3176 6423/3226
f 2366/3907 2354/3918 6351/3836
f 6153/3029 6492/2917 6253/3024
f 6574/3398 6575/3437 6531/3366
f 1815/4283 2248/4268 1793/4390
f 2186/5226 2713/5355 2540/5319
f 6242/3020 6172/3121 5998/3050
f 2697/3535 6433/3597 6573/3589
f 2915/5379 2923/5385 3139/5318
f 6563/3524 2697/3535 6573/3589
f 3416/3089 6553/3131 6520/3073
f 6413/3615 6567/3683 6335/3598
f 2265/4301 2305/4223 2279/4355
f 6245/3401 6246/3379 6247/3435
f 2198/4927 2187/5038 2500/4940
f 1832/3790 6359/3891 1818/3758
f 2540/5319 2539/5273 2185/5176
f 6234/3627 6298/3541 6308/3583
f 2907/4981 2365/5110 2364/5128
f 6245/3401 6383/3321 6246/3379
f 2372/3762 6280/3661 6128/3700
f 1739/3380 1755/3344 1738/3341
f 6446/3340 6531/3366 6389/3419
f 6444/3454 6562/3486 6415/3452
f 2879/5315 3502/5260 2954/5237
f 2422/4434 2571/4340 2572/4411
f 6567/3683 6534/3685 2372/3762
f 2595/3792 2594/3817 6309/3724
f 2408/4077 2313/4156 2347/4153
f 2390/4217 2393/4189 2692/4282
f 6433/3597 2697/3535 6418/3507
f 2006/3587 6022/3689 1737/3581
f 6253/3024 6566/2962 6565/3075
f 6428/3562 6155/3480 6539/3514
f 6189/3174 6058/3093 6505/3186
f 6545/3390 1756/3343 1755/3344
f 2365/5110 2907/4981 2195/5002
f 2305/4223 2265/4301 2406/4165
f 2760/5314 2589/5285 2167/5416
f 6329/3609 6382/3709 6402/3640
f 2516/5084 2549/5006 2496/5053
f 2642/3466 2169/3521 6907/3481
f 2457/5104 1256/5124 7493/5186
f 6594/3838 6453/3807 6375/3742
f 6574/3398 6501/3478 6575/3437
f 2217/4946 2197/5023 2190/4880
f 2871/5457 2179/5581 2874/5499
f 6169/3161 6249/3223 6250/3264
f 6565/3075 6437/3153 6519/3176
f 2372/3762 6372/3776 6356/3847
f 6505/3186 6257/3110 6278/3204
f 2518/5161 2565/5257 2589/5285
f 6372/3776 6351/3836 6356/3847
f 6641/3580 6572/3644 6329/3609
f 6428/3562 6329/3609 6402/3640
f 6166/3319 6135/3425 6463/3328
f 2537/5266 3139/5318 2923/5385
f 2372/3762 6482/3871 6578/3778
f 2116/5061 2147/4967 2129/4972
f 6435/3785 6434/3808 6464/3873
f 6594/3838 2334/3910 6453/3807
f 3139/5318 2529/5287 2915/5379
f 2460/4953 3/5059 2206/4992
f 6427/3356 6574/3398 6909/3338
f 2513/4639 2504/4671 2590/4797
f 6373/3680 2337/3815 6375/3742
f 6461/3232 6244/3295 6278/3204
f 6503/3547 6425/3608 6370/3536
f 2334/3910 6510/3852 6453/3807
f 6432/3607 6418/3507 6577/3549
f 6906/3494 6560/3599 6577/3549
f 2907/4981 2487/4916 2438/4819
f 2698/3407 6545/3390 6904/3449
f 2390/4217 6341/4096 6090/4095
f 6343/3942 6356/3847 2354/3918
f 6520/3073 6553/3131 6437/3153
f 2464/4636 2262/4535 2340/4618
f 6452/3209 6714/3317 6556/3292
f 6105/2913 6522/3002 6566/2962
f 2585/3502 6174/3585 6283/3543
f 2114/4747 2113/4760 2227/4641
f 2141/5145 2931/5188 2120/5041
f 5334/4625 2013/4506 5894/4563
f 6231/3639 6174/3585 6458/3718
f 2698/3407 1756/3343 6545/3390
f 2392/4587 2212/4519 2455/4584
f 5113/3436 6340/3461 2585/3502
f 2376/4233 2388/4172 2375/4338
f 6626/3558 6429/3487 7519/3560
f 2511/4457 2653/4580 2606/4437
f 6542/3280 6527/3233 6422/3293
f 5300/4948 2119/4915 2181/5037
f 6594/3838 2337/3815 2413/3928
f 2489/4582 2486/4589 2427/4507
f 5111/2984 6058/3093 6242/3020
f 6909/3338 7916/3270 6427/3356
f 6322/3370 6521/3364 6508/3439
f 2310/4126 7407/3995 2399/4046
f 6564/3506 6575/3437 6501/3478
f 2913/5388 2797/5429 2668/5323
f 6560/3599 6906/3494 6564/3506
f 2372/3762 6578/3778 6567/3683
f 6572/3644 6382/3709 6329/3609
f 2760/5314 2521/5158 2589/5285
f 6574/3398 2582/3488 6501/3478
f 7916/3270 6714/3317 6452/3209
f 2199/5095 2625/4971 2209/4933
f 6520/3073 6522/3002 6518/2990
f 2324/4421 2315/4336 2327/4372
f 6168/3146 6452/3209 6553/3131
f 6350/3806 2367/3880 6351/3836
f 6231/3639 6283/3543 6174/3585
f 2819/5531 2761/5415 2755/5540
f 6565/3075 6566/2962 6522/3002
f 2113/4760 2108/4859 2189/4816
f 6406/3751 6231/3639 6458/3718
f 6534/3685 6413/3615 6280/3661
f 6250/3264 6650/3244 6169/3161
f 6318/4194 6346/4113 2586/4262
f 2104/4675 2118/4762 2236/4651
f 6482/3871 6356/3847 6343/3942
f 2164/5252 2172/5165 2931/5188
f 6232/3334 6523/3322 5196/3409
f 6147/3728 7505/3664 6392/3760
f 2258/4570 2249/4475 2235/4534
f 1800/4209 1802/4250 1828/4310
f 2486/4589 2511/4457 2427/4507
f 6482/3871 6498/3954 2383/3824
f 2350/3961 2367/3880 2334/3910
f 6508/3439 6440/3468 6322/3370
f 2195/5002 2907/4981 2468/4908
f 2851/5400 2529/5287 2899/5372
f 2353/4699 2431/4586 2463/4626
f 2223/4604 2254/4515 2111/4588
f 5123/4657 2768/4714 2607/4755
f 6553/3131 3416/3089 6168/3146
f 2148/5094 2156/5224 2142/5174
f 6422/3293 6423/3226 6556/3292
f 2768/4714 2554/4844 2607/4755
f 2502/4359 2688/4237 2426/4255
f 2485/4418 2212/4519 2573/4452
f 2413/3928 6336/4003 2334/3910
f 3743/3248 5995/3259 6307/3324
f 299/3104 6496/3170 6165/3127
f 6166/3319 2744/3230 6248/3265
f 2812/5539 2917/5633 2755/5540
f 6557/3515 6564/3506 6501/3478
f 1820/4186 2248/4268 5280/4188
f 2540/5319 2185/5176 2186/5226
f 2009/4442 2271/4320 1793/4390
f 6311/3731 6578/3778 2383/3824
f 7916/3270 6909/3338 6714/3317
f 2490/4502 2375/4338 2422/4434
f 1809/4350 1799/4270 1831/4158
f 6905/3542 6501/3478 2582/3488
f 6574/3398 6514/3422 2582/3488
f 6520/3073 6518/2990 3416/3089
f 6173/3287 6246/3379 6383/3321
f 6336/4003 6314/4011 2334/3910
f 6168/3146 6258/3148 6452/3209
f 6261/2870 6518/2990 6105/2913
f 2337/3815 6580/3745 6360/3857
f 6231/3639 6308/3583 6283/3543
f 2637/4527 2377/4405 2558/4492
f 6343/3942 6576/3997 6482/3871
f 3499/5313 2192/5330 2142/5174
f 2492/4725 2438/4819 2491/4668
f 6498/3954 6328/3897 2383/3824
f 6576/3997 6498/3954 6482/3871
f 2473/4729 2437/4631 2510/4706
f 6345/4108 2586/4262 6346/4113
f 6153/3029 6058/3093 5111/2984
f 2199/5095 2550/5172 2548/5216
f 6174/3585 6451/3601 6458/3718
f 6579/3670 7919/3663 6580/3745
f 6156/3392 6155/3480 5196/3409
f 2292/3981 2302/3923 6360/3857
f 2972/5421 2913/5388 2539/5273
f 6346/4113 6305/4008 6301/4006
f 2538/5185 2529/5287 2533/5263
f 2119/4915 2189/4816 2109/4918
f 2476/4800 2438/4819 2487/4916
f 2255/4708 2118/4762 2286/4856
f 6354/3819 2370/3936 6460/3866
f 2575/4337 2485/4418 2421/4417
f 6427/3356 6514/3422 6574/3398
f 6375/3742 6453/3807 6382/3709
f 2217/4946 2201/4861 2543/4807
f 6398/3588 2412/3518 2169/3521
f 5187/4893 2203/4962 2468/4908
f 6499/4071 2333/4147 2332/4154
f 3747/3378 6156/3392 6307/3324
f 6917/3203 6452/3209 6258/3148
f 2412/3518 6325/3570 6135/3425
f 2302/3923 2413/3928 2337/3815
f 6436/4247 2557/4410 2596/4330
f 6349/3525 6508/3439 6135/3425
f 2513/4639 2768/4714 2512/4558
f 2692/4282 2571/4340 2390/4217
f 6305/4008 6481/3915 6301/4006
f 6308/3583 6231/3639 6234/3627
f 6345/4108 6299/4195 2586/4262
f 2954/5237 2137/5151 2536/5221
f 6234/3627 6231/3639 2373/3732
f 2694/4078 6299/4195 6345/4108
f 2439/4490 2411/4394 2573/4452
f 2358/4067 2415/4196 2205/4128
f 6355/3752 6360/3857 6580/3745
f 6361/3865 6355/3752 2401/3833
f 6444/3454 2697/3535 6563/3524
f 6647/3346 6446/3340 6389/3419
f 6521/3364 6080/3285 6463/3328
f 2286/4856 2114/4747 2255/4708
f 6351/3836 2367/3880 2366/3907
f 6313/3810 6406/3751 6312/3809
f 6325/3570 6279/3626 6280/3661
f 6340/3461 6247/3435 2737/3504
f 6298/3541 5113/3436 6283/3543
f 6360/3857 2403/3984 2292/3981
f 2378/4520 2513/4639 2588/4499
f 6382/3709 6315/3737 6402/3640
f 7505/3664 6366/3582 6425/3608
f 6573/3589 6572/3644 6641/3580
f 2359/4026 6576/3997 6343/3942
f 5245/4238 2426/4255 2205/4128
f 6498/3954 6092/4043 6328/3897
f 2292/3981 2362/4033 2302/3923
f 6458/3718 6312/3809 6406/3751
f 6421/3299 3747/3378 6307/3324
f 2824/5704 2917/5633 2531/5623
f 6426/3533 6425/3608 6503/3547
f 2504/4671 2654/4551 2653/4580
f 6918/3473 6904/3449 6353/3508
f 6428/3562 6539/3514 6329/3609
f 2413/3928 2362/4033 2445/4019
f 6611/3617 1769/3623 6368/3505
f 6309/3724 2373/3732 2595/3792
f 6557/3515 5238/3556 6564/3506
f 2874/5499 3026/5405 2871/5457
f 6336/4003 2410/4119 6314/4011
f 2577/4526 2494/4571 2422/4434
f 6022/3689 2006/3587 2086/3694
f 6611/3617 1818/3758 1769/3623
f 2362/4033 2321/4111 2297/4057
f 6580/3745 7919/3663 6355/3752
f 2322/4536 2227/4641 2235/4534
f 6399/3658 6315/3737 6128/3700
f 2390/4217 2571/4340 2433/4316
f 2370/3936 6037/3845 6328/3897
f 2350/3961 6314/4011 2358/4067
f 1740/3400 1739/3380 1738/3341
f 4466/3953 6291/3888 6481/3915
f 2155/4684 2103/4745 2102/4783
f 6427/3356 2698/3407 6514/3422
f 2277/4596 2255/4708 2227/4641
f 2339/3909 2283/4054 2403/3984
f 2408/4077 2347/4153 2362/4033
f 6524/3336 6427/3356 7916/3270
f 2582/3488 6370/3536 6366/3582
f 6366/3582 6905/3542 2582/3488
f 2286/4856 2118/4762 2152/4903
f 2266/4412 2324/4421 2342/4501
f 6370/3536 2582/3488 6376/3464
f 7916/3270 6585/3187 6496/3170
f 6539/3514 6155/3480 3748/3440
f 6128/3700 6280/3661 6279/3626
f 6499/4071 2205/4128 2333/4147
f 5187/4893 2468/4908 2211/4830
f 2448/4789 2510/4706 2509/4681
f 1089/4212 5793/4092 2310/4126
f 6354/3819 6406/3751 6313/3810
f 6356/3847 6351/3836 2354/3918
f 2367/3880 6510/3852 2334/3910
f 2663/5433 5215/5308 2727/5268
f 2359/4026 6338/3990 2358/4067
f 2436/4666 2437/4631 2473/4729
f 6092/4043 2370/3936 6328/3897
f 2413/3928 2302/3923 2362/4033
f 2292/3981 2408/4077 2362/4033
f 2297/4057 2445/4019 2362/4033
f 2248/4268 5431/4251 1810/4346
f 6314/4011 2410/4119 2358/4067
f 6355/3752 6420/3632 6365/3744
f 6398/3588 6402/3640 6399/3658
f 2585/3502 6283/3543 5113/3436
f 6451/3601 6567/3683 6311/3731
f 6244/3295 6542/3280 6647/3346
f 2086/3694 2006/3587 1769/3623
f 2760/5314 2167/5416 2761/5415
f 6524/3336 2698/3407 6427/3356
f 1828/4310 1809/4350 1800/4209
f 6518/2990 6522/3002 6105/2913
f 2842/5622 2763/5571 2545/5562
f 6080/3285 6322/3370 6173/3287
f 2376/4233 2748/4360 2395/4332
f 3139/5318 2537/5266 2533/5263
f 2205/4128 2415/4196 5245/4238
f 6370/3536 6376/3464 6918/3473
f 6231/3639 6406/3751 2373/3732
f 6328/3897 6312/3809 2383/3824
f 6376/3464 2698/3407 6918/3473
f 2179/5581 3025/5650 2936/5554
f 2403/3984 2308/4123 2408/4077
f 6258/3148 6165/3127 6585/3187
f 6585/3187 6165/3127 6496/3170
f 2104/4675 1773/4680 2229/4775
f 1771/3779 6022/3689 2086/3694
f 2879/5315 2954/5237 2182/5357
f 6354/3819 6313/3810 6037/3845
f 2116/5061 2140/5072 2137/5151
f 6361/3865 2339/3909 2403/3984
f 6418/3507 6389/3419 6906/3494
f 2224/4598 2349/4572 2225/4508
f 2359/4026 2358/4067 2205/4128
f 3747/3378 6444/3454 6415/3452
f 2411/4394 2575/4337 2421/4417
f 6092/4043 6499/4071 2332/4154
f 6287/2893 5111/2984 6242/3020
f 2370/3936 6354/3819 6037/3845
f 2158/5337 2164/5252 2879/5315
f 2415/4196 2358/4067 2410/4119
f 2457/5104 7493/5186 2538/5185
f 2104/4675 2236/4651 2223/4604
f 6353/3508 6370/3536 6918/3473
f 6283/3543 6308/3583 6298/3541
f 2373/3732 6406/3751 6354/3819
f 6453/3807 6350/3806 6382/3709
f 6918/3473 2698/3407 6904/3449
f 2376/4233 2694/4078 2388/4172
f 2582/3488 6514/3422 6376/3464
f 6451/3601 6311/3731 6458/3718
f 6135/3425 6521/3364 6463/3328
f 2432/4014 2368/3951 2370/3936
f 2165/5291 2760/5314 2761/5415
f 2347/4153 2321/4111 2362/4033
f 5196/3409 6155/3480 2642/3466
f 6365/3744 2341/3827 2288/3814
f 2252/4408 2260/4302 2326/4328
f 2936/5554 2878/5592 2993/5496
f 1888/3713 7505/3664 6425/3608
f 2595/3792 6460/3866 2594/3817
f 2251/4486 2279/4355 2252/4408
f 6556/3292 6714/3317 6531/3366
f 2594/3817 6460/3866 2330/3922
f 6415/3452 6539/3514 3748/3440
f 6647/3346 6444/3454 3747/3378
f 2282/4431 2254/4515 2252/4408
f 2305/4223 2309/4192 2304/4267
f 6451/3601 6335/3598 6567/3683
f 2913/5388 2972/5421 2850/5534
f 2426/4255 2333/4147 2205/4128
f 2698/3407 6524/3336 1756/3343
f 2183/5082 2191/4932 2534/5048
f 2384/4171 2393/4189 6090/4095
f 2332/4154 2688/4237 2384/4171
f 2322/4536 2235/4534 2267/4441
f 2333/4147 2426/4255 2332/4154
f 6440/3468 2737/3504 6247/3435
f 2176/5137 2625/4971 2199/5095
f 2471/4737 2543/4807 2213/4771
f 6375/3742 2337/3815 6594/3838
f 6574/3398 6531/3366 6714/3317
f 2403/3984 2283/4054 2308/4123
f 923/4180 2321/4111 2347/4153
f 6232/3334 6166/3319 6248/3265
f 2313/4156 2407/4228 2347/4153
f 6258/3148 3416/3089 6137/3079
f 2401/3833 2288/3814 2339/3909
f 2502/4359 2411/4394 2439/4490
f 6355/3752 2288/3814 2401/3833
f 2339/3909 2296/3991 2283/4054
f 2425/4599 2392/4587 2509/4681
f 801/5474 2822/5547 3119/5529
f 6353/3508 6904/3449 6426/3533
f 2399/4046 7407/3995 1761/3903
f 2993/5496 2878/5592 3038/5579
f 6904/3449 6545/3390 1732/3396
f 2330/3922 6306/3900 2594/3817
f 2129/4972 2140/5072 2116/5061
f 2376/4233 6299/4195 2694/4078
f 2189/4816 2103/4745 2101/4689
f 2330/3922 6460/3866 2368/3951
f 6366/3582 7505/3664 6420/3632
f 2531/5623 2812/5539 2716/5576
f 2368/3951 2432/4014 6323/4020
f 2852/5462 2899/5372 2177/5401
f 6323/4020 2432/4014 6341/4096
f 2541/5471 2847/5573 3030/5561
f 2787/5662 2662/5552 2819/5531
f 1901/3881 1771/3779 1830/3906
f 2852/5462 2177/5401 2920/5501
f 6090/4095 2393/4189 2390/4217
f 2688/4237 2332/4154 2426/4255
f 2737/3504 6174/3585 2585/3502
f 1824/3756 1818/3758 1771/3779
f 2688/4237 2692/4282 2384/4171
f 2572/4411 2439/4490 2577/4526
f 2308/4123 2283/4054 2584/4140
f 1818/3758 2086/3694 1769/3623
f 6906/3494 6575/3437 6564/3506
f 2993/5496 2998/5455 2936/5554
f 5215/5308 2656/5272 2567/5120
f 2343/4495 2429/4509 2462/4445
f 2462/4445 2429/4509 2352/4413
f 6392/3760 2341/3827 6147/3728
f 2013/4506 2015/4609 1765/4546
f 2993/5496 2920/5501 2177/5401
f 2313/4156 2308/4123 2407/4228
f 2407/4228 2360/4322 2347/4153
f 6565/3075 6522/3002 6520/3073
f 2339/3909 6361/3865 2401/3833
f 1732/3396 6545/3390 1755/3344
f 2203/4962 2480/4912 2204/5069
f 1889/3749 1888/3713 2253/3671
f 6904/3449 6592/3443 6426/3533
f 1732/3396 6592/3443 6904/3449
f 2486/4589 2560/4765 2653/4580
f 2330/3922 2368/3951 6323/4020
f 2575/4337 2426/4255 5245/4238
f 6518/2990 6544/3031 3416/3089
f 6509/3412 6368/3505 6606/3387
f 6092/4043 6090/4095 2370/3936
f 6345/4108 6346/4113 6301/4006
f 2141/5145 2116/5061 2137/5151
f 2331/4129 6323/4020 6341/4096
f 2408/4077 2308/4123 2313/4156
f 2331/4129 6341/4096 2390/4217
f 2584/4140 2323/4231 2308/4123
f 6314/4011 2350/3961 2334/3910
f 2308/4123 2323/4231 2407/4228
f 6519/3176 6278/3204 6447/3118
f 2360/4322 2407/4228 2348/4327
f 1814/3945 2341/3827 2289/3940
f 1739/3380 1732/3396 1755/3344
f 2615/5052 2632/4995 2522/4988
f 1772/3789 1888/3713 1889/3749
f 2445/4019 6336/4003 2413/3928
f 6250/3264 6232/3334 6650/3244
f 2277/4596 2251/4486 2285/4574
f 2253/3671 1759/3786 1889/3749
f 2224/4598 2103/4745 2155/4684
f 1737/3581 2253/3671 6845/3594
f 1772/3789 1770/3832 6392/3760
f 6592/3443 1732/3396 1739/3380
f 2192/5330 2998/5455 2853/5382
f 6537/4024 2330/3922 6323/4020
f 1851/3631 7473/3625 7519/3560
f 2411/4394 2426/4255 2575/4337
f 2595/3792 6354/3819 6460/3866
f 2331/4129 6537/4024 6323/4020
f 2383/3824 6459/3782 6458/3718
f 2389/4236 2331/4129 2390/4217
f 2315/4336 2407/4228 2323/4231
f 2348/4327 2266/4412 2360/4322
f 2407/4228 2315/4336 2348/4327
f 2182/5357 2954/5237 2536/5221
f 6082/3701 1832/3790 1818/3758
f 2744/3230 6166/3319 6463/3328
f 6553/3131 6452/3209 6437/3153
f 7519/3560 7473/3625 6626/3558
f 1814/3945 2317/4073 2296/3991
f 2317/4073 1814/3945 2289/3940
f 5196/3409 2642/3466 6439/3428
f 1889/3749 1759/3786 1772/3789
f 6503/3547 6353/3508 6426/3533
f 1759/3786 2253/3671 6022/3689
f 6845/3594 6581/3520 1737/3581
f 6338/3990 6343/3942 2354/3918
f 6116/3173 6115/3105 6169/3161
f 2700/3975 6332/4086 2611/3935
f 7402/3876 1770/3832 1772/3789
f 1005/4652 2392/4587 2455/4584
f 1740/3400 6592/3443 1739/3380
f 6328/3897 6037/3845 6312/3809
f 2331/4129 2388/4172 6537/4024
f 2389/4236 2388/4172 2331/4129
f 2572/4411 2502/4359 2439/4490
f 6257/3110 6153/3029 6253/3024
f 2406/4165 2265/4301 2323/4231
f 2353/4699 1005/4652 2431/4586
f 2348/4327 2315/4336 2266/4412
f 2360/4322 2266/4412 2257/4469
f 5793/4092 2317/4073 2289/3940
f 6907/3481 2412/3518 6135/3425
f 1772/3789 1759/3786 1822/3839
f 1771/3779 1759/3786 6022/3689
f 2392/4587 2425/4599 2439/4490
f 2437/4631 2577/4526 2425/4599
f 5238/3556 6420/3632 6560/3599
f 6581/3520 6364/3456 1737/3581
f 2972/5421 2661/5452 2763/5571
f 1772/3789 1822/3839 7402/3876
f 2201/4861 2213/4771 2543/4807
f 2389/4236 2375/4338 2388/4172
f 2467/4754 2509/4681 1005/4652
f 6039/4261 2390/4217 2433/4316
f 2571/4340 2422/4434 2433/4316
f 6234/3627 2373/3732 6309/3724
f 3119/5529 2898/5613 2716/5576
f 2323/4231 2265/4301 2327/4372
f 2220/4438 2360/4322 2257/4469
f 7407/3995 5793/4092 2289/3940
f 2317/4073 5793/4092 2309/4192
f 6580/3745 2337/3815 6373/3680
f 6082/3701 7473/3625 1758/3715
f 6364/3456 1740/3400 1738/3341
f 1759/3786 1761/3903 1822/3839
f 2155/4684 2349/4572 2224/4598
f 5123/4657 2601/4611 2512/4558
f 2342/4501 2225/4508 2266/4412
f 2428/4673 2489/4582 2491/4668
f 6363/3529 2006/3587 1737/3581
f 7407/3995 7402/3876 1761/3903
f 2448/4789 2509/4681 2467/4754
f 1761/3903 7402/3876 1822/3839
f 2421/4417 2485/4418 2573/4452
f 2375/4338 2389/4236 2433/4316
f 2560/4765 2501/4867 2590/4797
f 2249/4475 2267/4441 2235/4534
f 2433/4316 2422/4434 2375/4338
f 2572/4411 2577/4526 2422/4434
f 2412/3518 6398/3588 6325/3570
f 2577/4526 2439/4490 2425/4599
f 2267/4441 2327/4372 2265/4301
f 2249/4475 2324/4421 2327/4372
f 2225/4508 2349/4572 2257/4469
f 2340/4618 2220/4438 2257/4469
f 7916/3270 6917/3203 6585/3187
f 1812/4142 1806/4152 1802/4250
f 2220/4438 2447/4308 2360/4322
f 2101/4689 2113/4760 2189/4816
f 2317/4073 2309/4192 2305/4223
f 5793/4092 1089/4212 2309/4192
f 1738/3341 6582/3359 6364/3456
f 1759/3786 1901/3881 1761/3903
f 1771/3779 2086/3694 1824/3756
f 2017/4607 1764/4464 1765/4546
f 2226/5231 2845/5303 2523/5195
f 6367/3498 2006/3587 6363/3529
f 2350/3961 6338/3990 2354/3918
f 6347/4157 6470/4007 5131/4118
f 2494/4571 2491/4668 2490/4502
f 6364/3456 6367/3498 6363/3529
f 6306/3900 2330/3922 6537/4024
f 2432/4014 6090/4095 6341/4096
f 2831/5761 2824/5704 2837/5794
f 2439/4490 2573/4452 2212/4519
f 6579/3670 6373/3680 6432/3607
f 6556/3292 6531/3366 6446/3340
f 1798/4289 5431/4251 1848/4169
f 2248/4268 1815/4283 5280/4188
f 2376/4233 2375/4338 2748/4360
f 2265/4301 2279/4355 2267/4441
f 2267/4441 2249/4475 2327/4372
f 2349/4572 2340/4618 2257/4469
f 2224/4598 2225/4508 2342/4501
f 2262/4535 2220/4438 2340/4618
f 2309/4192 1089/4212 2260/4302
f 1818/3758 1824/3756 2086/3694
f 6367/3498 6368/3505 2006/3587
f 6392/3760 1770/3832 2341/3827
f 7390/3433 6367/3498 6364/3456
f 6421/3299 6307/3324 5995/3259
f 2439/4490 2212/4519 2392/4587
f 2490/4502 2422/4434 2494/4571
f 6325/3570 6398/3588 6279/3626
f 2577/4526 2437/4631 2494/4571
f 2150/4776 2543/4807 2261/4721
f 6348/4232 2667/4100 2610/4276
f 2267/4441 2279/4355 2251/4486
f 2476/4800 2498/4878 2560/4765
f 2279/4355 2304/4267 2260/4302
f 2349/4572 2155/4684 2340/4618
f 2191/4932 2217/4946 2543/4807
f 2371/4395 2220/4438 2262/4535
f 2260/4302 2304/4267 2309/4192
f 1089/4212 2326/4328 2260/4302
f 6368/3505 6367/3498 7390/3433
f 2555/5138 5215/5308 2567/5120
f 2436/4666 2494/4571 2437/4631
f 6345/4108 6301/4006 2318/3993
f 2151/5152 2193/5050 2142/5174
f 2657/5475 2656/5272 5215/5308
f 2227/4641 2255/4708 2114/4747
f 6572/3644 6375/3742 6382/3709
f 2180/5223 4/5149 2537/5266
f 5516/5653 2917/5633 2796/5797
f 1005/4652 2509/4681 2392/4587
f 2510/4706 2425/4599 2509/4681
f 2101/4689 2227/4641 2113/4760
f 6425/3608 6845/3594 2253/3671
f 2267/4441 2251/4486 2322/4536
f 2252/4408 2279/4355 2260/4302
f 2371/4395 2262/4535 2343/4495
f 2464/4636 2463/4626 2262/4535
f 1089/4212 2281/4257 2326/4328
f 6606/3387 6368/3505 7390/3433
f 2395/4332 2511/4457 2606/4437
f 2586/4262 6299/4195 2395/4332
f 6413/3615 6534/3685 6567/3683
f 6611/3617 6368/3505 6626/3558
f 2432/4014 2370/3936 6090/4095
f 6519/3176 6461/3232 6278/3204
f 2796/5797 2824/5704 2831/5761
f 2340/4618 2149/4810 2150/4776
f 6382/3709 6350/3806 6315/3737
f 2554/4844 2768/4714 2613/4799
f 2489/4582 2490/4502 2491/4668
f 7402/3876 7407/3995 2289/3940
f 2254/4515 2251/4486 2252/4408
f 2017/4607 2274/4702 1774/4637
f 2097/4368 2271/4320 2009/4442
f 2226/5231 2853/5382 2845/5303
f 2211/4830 2480/4912 5188/4904
f 2235/4534 2227/4641 2258/4570
f 1809/4350 1831/4158 1800/4209
f 2463/4626 2343/4495 2262/4535
f 2343/4495 2462/4445 2371/4395
f 2214/4712 2463/4626 2464/4636
f 2812/5539 2531/5623 2917/5633
f 2150/4776 2261/4721 2340/4618
f 2214/4712 2464/4636 2261/4721
f 2326/4328 2281/4257 2097/4368
f 6415/3452 3748/3440 3747/3378
f 6446/3340 6647/3346 6422/3293
f 2326/4328 2282/4431 2252/4408
f 5280/4188 2271/4320 2281/4257
f 1832/3790 1829/3913 6359/3891
f 2264/4511 2111/4588 2254/4515
f 1812/4142 1894/4065 1837/4072
f 6626/3558 6368/3505 6429/3487
f 5123/4657 2512/4558 2768/4714
f 2931/5188 2141/5145 2954/5237
f 6611/3617 6626/3558 7473/3625
f 2510/4706 2448/4789 2211/4830
f 2203/4962 5188/4904 2480/4912
f 2389/4236 6039/4261 2433/4316
f 2015/4609 2107/4716 2017/4607
f 2455/4584 2431/4586 1005/4652
f 2013/4506 5334/4625 2015/4609
f 2490/4502 2489/4582 2427/4507
f 2473/4729 2492/4725 2436/4666
f 6611/3617 6082/3701 1818/3758
f 5111/2984 6492/2917 6153/3029
f 2353/4699 2467/4754 1005/4652
f 2473/4729 2211/4830 2438/4819
f 2258/4570 2342/4501 2249/4475
f 2102/4783 2149/4810 2155/4684
f 6582/3359 7390/3433 6364/3456
f 2258/4570 2101/4689 2224/4598
f 6335/3598 6239/3522 6349/3525
f 2462/4445 2352/4413 2371/4395
f 2177/5401 2845/5303 2853/5382
f 2463/4626 2214/4712 2471/4737
f 2261/4721 2543/4807 2214/4712
f 6523/3322 6249/3223 3743/3248
f 2271/4320 2097/4368 2281/4257
f 6562/3486 6444/3454 6563/3524
f 2713/5355 2186/5226 2537/5266
f 2097/4368 2282/4431 2326/4328
f 2467/4754 2210/4851 2448/4789
f 6174/3585 2737/3504 6451/3601
f 2271/4320 5280/4188 1815/4283
f 2654/4551 2606/4437 2653/4580
f 6429/3487 6368/3505 6509/3412
f 6458/3718 6459/3782 6312/3809
f 6082/3701 1758/3715 1832/3790
f 1884/3798 1829/3913 1832/3790
f 2430/4491 2429/4509 2431/4586
f 2597/4426 2586/4262 2606/4437
f 1256/5124 2457/5104 2197/5023
f 2511/4457 2486/4589 2653/4580
f 2489/4582 2428/4673 2486/4589
f 1830/3906 1818/3758 6359/3891
f 6338/3990 2350/3961 2358/4067
f 2476/4800 2428/4673 2491/4668
f 2473/4729 2438/4819 2492/4725
f 2254/4515 2223/4604 2285/4574
f 2264/4511 2254/4515 2282/4431
f 6452/3209 6556/3292 6423/3226
f 2149/4810 2102/4783 2119/4915
f 2510/4706 2437/4631 2425/4599
f 2491/4668 2438/4819 2476/4800
f 2463/4626 2431/4586 2429/4509
f 2214/4712 2543/4807 2471/4737
f 2213/4771 2463/4626 2471/4737
f 1737/3581 6364/3456 6363/3529
f 2543/4807 2150/4776 2191/4932
f 6534/3685 6280/3661 2372/3762
f 2191/4932 2150/4776 2149/4810
f 6482/3871 2372/3762 6356/3847
f 2271/4320 1815/4283 1793/4390
f 1758/3715 1884/3798 1832/3790
f 7493/5186 2529/5287 2538/5185
f 2716/5576 2827/5712 2531/5623
f 7473/3625 1851/3631 1758/3715
f 2352/4413 2429/4509 2430/4491
f 2597/4426 2570/4300 2586/4262
f 2560/4765 2486/4589 2428/4673
f 2169/3521 6155/3480 6428/3562
f 2428/4673 2476/4800 2560/4765
f 2210/4851 2467/4754 2325/4866
f 2468/4908 2907/4981 2438/4819
f 6581/3520 6845/3594 6426/3533
f 2296/3991 2317/4073 2283/4054
f 6505/3186 6058/3093 6257/3110
f 2277/4596 2285/4574 2236/4651
f 2285/4574 2223/4604 2236/4651
f 2009/4442 2264/4511 2282/4431
f 2119/4915 5300/4948 2149/4810
f 6582/3359 6606/3387 7390/3433
f 2213/4771 2353/4699 2463/4626
f 5300/4948 2191/4932 2149/4810
f 6413/3615 6335/3598 6349/3525
f 2570/4300 6318/4194 2586/4262
f 2570/4300 2597/4426 2497/4335
f 2653/4580 2560/4765 2504/4671
f 2190/4880 2325/4866 2443/4792
f 2480/4912 2210/4851 2515/4928
f 6418/3507 6444/3454 6799/3463
f 5188/4904 5187/4893 2211/4830
f 2236/4651 2255/4708 2277/4596
f 2264/4511 2009/4442 2020/4565
f 2390/4217 6039/4261 2389/4236
f 2538/5185 4/5149 3/5059
f 2286/4856 2113/4760 2114/4747
f 2286/4856 2108/4859 2113/4760
f 2191/4932 5300/4948 2193/5050
f 2009/4442 1793/4390 2010/4522
f 6452/3209 6423/3226 6437/3153
f 1793/4390 2248/4268 1810/4346
f 5431/4251 2248/4268 1820/4186
f 2570/4300 2591/4216 6318/4194
f 2497/4335 2591/4216 2570/4300
f 2497/4335 2597/4426 2588/4499
f 2591/4216 5131/4118 6318/4194
f 6301/4006 6182/3895 2318/3993
f 6345/4108 2318/3993 2694/4078
f 2590/4797 2504/4671 2560/4765
f 2513/4639 2378/4520 2654/4551
f 2476/4800 2198/4927 2498/4878
f 2560/4765 2498/4878 2479/4925
f 2406/4165 2283/4054 2317/4073
f 2476/4800 2487/4916 2198/4927
f 2201/4861 2190/4880 2213/4771
f 2325/4866 2190/4880 2460/4953
f 2874/5499 2179/5581 2936/5554
f 2515/4928 2478/5021 2480/4912
f 2515/4928 2325/4866 2460/4953
f 2468/4908 2203/4962 2195/5002
f 2487/4916 2907/4981 2208/5008
f 2118/4762 2255/4708 2236/4651
f 2111/4588 1773/4680 2104/4675
f 1773/4680 2111/4588 2020/4565
f 2010/4522 2020/4565 2009/4442
f 2181/5037 2119/4915 2148/5094
f 2658/3978 6464/3873 6223/3963
f 5300/4948 2181/5037 2193/5050
f 2120/5041 2109/4918 2146/4926
f 2148/5094 2119/4915 2120/5041
f 2109/4918 2108/4859 2146/4926
f 2108/4859 2286/4856 2146/4926
f 2530/5062 2217/4946 2183/5082
f 2190/4880 2201/4861 2217/4946
f 2534/5048 2191/4932 2193/5050
f 1793/4390 1764/4464 2010/4522
f 1764/4464 1793/4390 1810/4346
f 2529/5287 2168/5213 2805/5296
f 1848/4169 5431/4251 1820/4186
f 2591/4216 2497/4335 6347/4157
f 2597/4426 2378/4520 2588/4499
f 2591/4216 6347/4157 5131/4118
f 6470/4007 6305/4008 5131/4118
f 6303/4041 2386/3960 6470/4007
f 6182/3895 6301/4006 6481/3915
f 2177/5401 2899/5372 2805/5296
f 2694/4078 2318/3993 2320/3914
f 4466/3953 6481/3915 6305/4008
f 2613/4799 2513/4639 2590/4797
f 2378/4520 2597/4426 2654/4551
f 2198/4927 2500/4940 2498/4878
f 2479/4925 2498/4878 2500/4940
f 2560/4765 2479/4925 2209/4933
f 2487/4916 2208/5008 2198/4927
f 2190/4880 2197/5023 2460/4953
f 2480/4912 2478/5021 2204/5069
f 2478/5021 2515/4928 2206/4992
f 2460/4953 2206/4992 2515/4928
f 2203/4962 2204/5069 2207/5064
f 2203/4962 2207/5064 2195/5002
f 2845/5303 2177/5401 2805/5296
f 2907/4981 2364/5128 2208/5008
f 2207/5064 2365/5110 2195/5002
f 2118/4762 2104/4675 2229/4775
f 1774/4637 1773/4680 2020/4565
f 1774/4637 2020/4565 2010/4522
f 2120/5041 2146/4926 2147/4967
f 6303/4041 2385/3949 2386/3960
f 2148/5094 2120/5041 2172/5165
f 2183/5082 2534/5048 2151/5152
f 2530/5062 2183/5082 2523/5195
f 2012/4756 1773/4680 1774/4637
f 2530/5062 2197/5023 2217/4946
f 1802/4250 1792/4292 1797/4407
f 2534/5048 2193/5050 2151/5152
f 2017/4607 2010/4522 1764/4464
f 1798/4289 1764/4464 1810/4346
f 2851/5400 2852/5462 2541/5471
f 6292/3867 6464/3873 6434/3808
f 1848/4169 1820/4186 1816/4058
f 6347/4157 2391/4094 6303/4041
f 2668/5323 6229/5349 2472/5267
f 2497/4335 2605/4453 2557/4410
f 2605/4453 2588/4499 2512/4558
f 4466/3953 6305/4008 6470/4007
f 2320/3914 6182/3895 6528/3823
f 6182/3895 6481/3915 6316/3793
f 2514/4736 2608/4795 2622/4869
f 2501/4867 2560/4765 2209/4933
f 2501/4867 2625/4971 2590/4797
f 2768/4714 2513/4639 2613/4799
f 2613/4799 2590/4797 2618/4905
f 2512/4558 2588/4499 2513/4639
f 2500/4940 2187/5038 2479/4925
f 2196/4998 2209/4933 2479/4925
f 2208/5008 2187/5038 2198/4927
f 2460/4953 2197/5023 3/5059
f 3/5059 2478/5021 2206/4992
f 2207/5064 2185/5176 2365/5110
f 2506/5191 2364/5128 2365/5110
f 2118/4762 2229/4775 2152/4903
f 2017/4607 1774/4637 2010/4522
f 2116/5061 2120/5041 2147/4967
f 2172/5165 2120/5041 2931/5188
f 2172/5165 2156/5224 2148/5094
f 2286/4856 2129/4972 2147/4967
f 2183/5082 2151/5152 2226/5231
f 2183/5082 2226/5231 2523/5195
f 2523/5195 1256/5124 2530/5062
f 2530/5062 1256/5124 2197/5023
f 1764/4464 1798/4289 2013/4506
f 2541/5471 2896/5468 2923/5385
f 1896/4060 1848/4169 1816/4058
f 6436/4247 2497/4335 2557/4410
f 6436/4247 2391/4094 6347/4157
f 2512/4558 2557/4410 2605/4453
f 6303/4041 6470/4007 6347/4157
f 6481/3915 6291/3888 6316/3793
f 2851/5400 2899/5372 2852/5462
f 2625/4971 2618/4905 2590/4797
f 2618/4905 2566/4906 2613/4799
f 2209/4933 2196/4998 2199/5095
f 2187/5038 2208/5008 2732/5085
f 3/5059 2197/5023 2457/5104
f 2204/5069 4/5149 2186/5226
f 2107/4716 2046/4872 1789/4777
f 4/5149 2478/5021 3/5059
f 2046/4872 2044/4705 1811/4740
f 3030/5561 2896/5468 2541/5471
f 6223/3963 6464/3873 6292/3867
f 2186/5226 2185/5176 2204/5069
f 2611/3935 6332/4086 2667/4100
f 2732/5085 2364/5128 2551/5141
f 2365/5110 2185/5176 2539/5273
f 2506/5191 2524/5253 2364/5128
f 2506/5191 2365/5110 2539/5273
f 2286/4856 2152/4903 2129/4972
f 3499/5313 2142/5174 2156/5224
f 2116/5061 2141/5145 2120/5041
f 2156/5224 2172/5165 2164/5252
f 1765/4546 1764/4464 2013/4506
f 2700/3975 6030/4004 2701/4134
f 2017/4607 1765/4546 2015/4609
f 2557/4410 2512/4558 2558/4492
f 2386/3960 6291/3888 6470/4007
f 6316/3793 6291/3888 6317/3822
f 2618/4905 2625/4971 2563/4997
f 2554/4844 2613/4799 2566/4906
f 2566/4906 2618/4905 2549/5006
f 2196/4998 2187/5038 2199/5095
f 2529/5287 2851/5400 2915/5379
f 2551/5141 2187/5038 2732/5085
f 2896/5468 2661/5452 2713/5355
f 3/5059 2457/5104 2538/5185
f 2186/5226 4/5149 2180/5223
f 2524/5253 2450/5222 2364/5128
f 1789/4777 2012/4756 2274/4702
f 2180/5223 2537/5266 2186/5226
f 2158/5337 3499/5313 2156/5224
f 2607/4755 2559/4887 2621/4890
f 2931/5188 3502/5260 2164/5252
f 2164/5252 2158/5337 2156/5224
f 2226/5231 2750/5227 2192/5330
f 2523/5195 2805/5296 2168/5213
f 1798/4289 1799/4270 1809/4350
f 2661/5452 2545/5562 2763/5571
f 5894/4563 2013/4506 1809/4350
f 1799/4270 1798/4289 1831/4158
f 2835/5689 2827/5712 2898/5613
f 2558/4492 2596/4330 2557/4410
f 2596/4330 2701/4134 6436/4247
f 2512/4558 2601/4611 2558/4492
f 2386/3960 6321/3879 6291/3888
f 6291/3888 6321/3879 6317/3822
f 2563/4997 2549/5006 2618/4905
f 2046/4872 1937/4865 1789/4777
f 2496/5053 2563/4997 2625/4971
f 2554/4844 2566/4906 2522/4988
f 2554/4844 2559/4887 2607/4755
f 2522/4988 2566/4906 2549/5006
f 2199/5095 2187/5038 2550/5172
f 2550/5172 2187/5038 2551/5141
f 2177/5401 2853/5382 2993/5496
f 2537/5266 4/5149 2538/5185
f 2450/5222 2550/5172 2551/5141
f 2524/5253 2668/5323 2450/5222
f 2539/5273 2913/5388 2524/5253
f 2012/4756 1789/4777 1937/4865
f 2274/4702 2107/4716 1789/4777
f 3499/5313 3026/5405 2192/5330
f 3499/5313 2158/5337 2157/5380
f 2954/5237 2141/5145 2137/5151
f 2954/5237 3502/5260 2931/5188
f 2192/5330 2853/5382 2226/5231
f 7493/5186 2168/5213 2529/5287
f 2044/4705 2107/4716 2015/4609
f 2540/5319 2713/5355 2661/5452
f 1797/4407 5894/4563 1809/4350
f 2596/4330 2558/4492 2377/4405
f 2592/4252 2701/4134 2596/4330
f 2601/4611 2617/4569 2558/4492
f 2385/3949 6321/3879 2386/3960
f 2176/5137 2199/5095 2683/5275
f 2176/5137 2496/5053 2625/4971
f 2496/5053 2549/5006 2563/4997
f 2607/4755 2601/4611 5123/4657
f 2522/4988 2549/5006 2521/5158
f 2538/5185 2533/5263 2537/5266
f 2472/5267 2550/5172 2450/5222
f 2540/5319 2661/5452 2972/5421
f 2668/5323 2472/5267 2450/5222
f 2998/5455 2192/5330 3026/5405
f 3499/5313 2157/5380 3026/5405
f 2137/5151 2140/5072 2536/5221
f 2805/5296 2899/5372 2529/5287
f 5334/4625 2044/4705 2015/4609
f 2044/4705 2046/4872 2107/4716
f 2847/5573 2920/5501 3038/5579
f 1809/4350 1828/4310 1797/4407
f 2377/4405 2592/4252 2596/4330
f 6332/4086 2701/4134 2592/4252
f 2602/4660 2617/4569 2601/4611
f 2565/5257 2176/5137 2683/5275
f 2518/5161 2496/5053 2176/5137
f 2602/4660 2601/4611 2607/4755
f 2559/4887 2522/4988 2621/4890
f 2621/4890 2608/4795 2607/4755
f 2521/5158 2757/5143 2522/4988
f 2549/5006 2516/5084 2521/5158
f 2550/5172 2472/5267 2548/5216
f 2537/5266 2923/5385 2713/5355
f 2874/5499 2998/5455 3026/5405
f 3026/5405 2157/5380 2871/5457
f 2853/5382 2998/5455 2993/5496
f 2631/4425 2377/4405 2637/4527
f 2631/4425 2592/4252 2377/4405
f 2610/4276 2667/4100 2592/4252
f 2667/4100 6332/4086 2592/4252
f 6332/4086 2700/3975 2701/4134
f 2602/4660 2637/4527 2617/4569
f 2518/5161 2176/5137 2565/5257
f 2546/5419 2565/5257 2683/5275
f 2602/4660 2607/4755 2608/4795
f 2522/4988 2632/4995 2621/4890
f 2621/4890 2556/4921 2608/4795
f 2516/5084 2518/5161 2521/5158
f 2529/5287 3139/5318 2533/5263
f 2713/5355 2923/5385 2896/5468
f 2545/5562 2661/5452 2896/5468
f 2850/5534 2972/5421 2763/5571
f 2797/5429 6229/5349 2668/5323
f 2920/5501 2993/5496 3038/5579
f 1894/4065 1812/4142 1800/4209
f 2592/4252 2631/4425 2610/4276
f 2614/4603 2637/4527 2602/4660
f 2546/5419 2589/5285 2565/5257
f 2525/5389 2546/5419 2683/5275
f 2608/4795 2514/4736 2602/4660
f 2556/4921 2621/4890 2632/4995
f 2322/4536 2251/4486 2277/4596
f 2556/4921 2622/4869 2608/4795
f 2615/5052 2757/5143 2555/5138
f 2521/5158 2518/5161 2589/5285
f 2896/5468 3030/5561 2545/5562
f 6229/5349 2525/5389 2683/5275
f 2797/5429 2525/5389 6229/5349
f 2852/5462 2920/5501 2847/5573
f 2541/5471 2915/5379 2851/5400
f 1802/4250 1800/4209 1812/4142
f 1806/4152 1792/4292 1802/4250
f 2717/4371 2610/4276 2631/4425
f 2667/4100 6223/3963 2611/3935
f 2614/4603 2602/4660 2514/4736
f 2546/5419 2167/5416 2589/5285
f 2555/5138 2632/4995 2615/5052
f 2556/4921 2632/4995 2777/5028
f 2757/5143 2727/5268 2555/5138
f 2915/5379 2541/5471 2923/5385
f 3030/5561 2901/5594 2545/5562
f 2797/5429 2822/5547 801/5474
f 2545/5562 2891/5641 2842/5622
f 2525/5389 2797/5429 801/5474
f 2878/5592 2936/5554 3025/5650
f 2847/5573 2541/5471 2852/5462
f 2878/5592 2911/5657 3038/5579
f 6348/4232 2610/4276 2717/4371
f 2647/4081 2667/4100 6348/4232
f 6223/3963 6292/3867 2611/3935
f 2812/5539 2167/5416 2546/5419
f 3119/5529 2546/5419 801/5474
f 2777/5028 2632/4995 2555/5138
f 2556/4921 2777/5028 2620/4989
f 2622/4869 2620/4989 2587/5040
f 2727/5268 5215/5308 2555/5138
f 2521/5158 2760/5314 2165/5291
f 2901/5594 2891/5641 2545/5562
f 2812/5539 2755/5540 2167/5416
f 2812/5539 2546/5419 2716/5576
f 3119/5529 2716/5576 2546/5419
f 2555/5138 2567/5120 2777/5028
f 2777/5028 2567/5120 2620/4989
f 2587/5040 2620/4989 2567/5120
f 2753/5250 2731/5386 2727/5268
f 2521/5158 2165/5291 2753/5250
f 2822/5547 2898/5613 3119/5529
f 2780/3860 2658/3978 2647/4081
f 2658/3978 2780/3860 6464/3873
f 2167/5416 2755/5540 2761/5415
f 2656/5272 2587/5040 2567/5120
f 2731/5386 2663/5433 2727/5268
f 5215/5308 2663/5433 2657/5475
f 2731/5386 2753/5250 2165/5291
f 2731/5386 2165/5291 2761/5415
f 2827/5712 2716/5576 2898/5613
f 2780/3860 6435/3785 6464/3873
f 2755/5540 2917/5633 5516/5653
f 2663/5433 2731/5386 2730/5443
f 2657/5475 2663/5433 2662/5552
f 2761/5415 2819/5531 2731/5386
f 2819/5531 2755/5540 5516/5653
f 2824/5704 2531/5623 2827/5712
f 2819/5531 2663/5433 2730/5443
f 2731/5386 2819/5531 2730/5443
f 2663/5433 2819/5531 2662/5552
f 5516/5653 2796/5797 2749/5713
f 2787/5662 2819/5531 2749/5713
f 1888/3713 6392/3760 7505/3664
f 6361/3865 2403/3984 6360/3857
f 6402/3640 6398/3588 6428/3562
f 6499/4071 6498/3954 6576/3997
f 2305/4223 2406/4165 2317/4073
f 1837/4072 1806/4152 1812/4142
f 2322/4536 2277/4596 2227/4641
f 2342/4501 2258/4570 2224/4598
f 7407/3995 2310/4126 5793/4092
f 2502/4359 2426/4255 2411/4394
f 2597/4426 2606/4437 2654/4551
f 2518/5161 2516/5084 2496/5053
f 2753/5250 2757/5143 2521/5158
f 2637/4527 2558/4492 2617/4569
f 2614/4603 2514/4736 6848/4733
f 2623/4796 2641/4659 6848/4733
f 2622/4869 5097/4917 2623/4796
f 2622/4869 2587/5040 5097/4917
f 2623/4796 6848/4733 2622/4869
f 2614/4603 6848/4733 2641/4659
f 6848/4733 2514/4736 2622/4869
f 3053/5742 3022/5691 4785/5654
f 3067/5826 3021/5760 3053/5742
f 2922/5600 2959/5660 2965/5687
f 2532/5652 2850/5534 2763/5571
f 2971/5567 2959/5660 2922/5600
f 2967/5739 2968/5737 4848/5801
f 2162/5520 2922/5600 2903/5616
f 2988/5799 2964/5714 2965/5687
f 2916/5606 2971/5567 2859/5489
f 2892/5717 3056/5833 3020/5722
f 2964/5714 3025/5650 2179/5581
f 2977/5741 2964/5714 3009/5830
f 2971/5567 2860/5527 2170/5486
f 2848/5465 2170/5486 2860/5527
f 3053/5742 2926/5698 4983/5806
f 2859/5489 2170/5486 2134/5411
f 2959/5660 2967/5739 2965/5687
f 2964/5714 2988/5799 3009/5830
f 2879/5315 2159/5403 2158/5337
f 2903/5616 2922/5600 2965/5687
f 2988/5799 2967/5739 2996/5825
f 3022/5691 3029/5634 4785/5654
f 2926/5698 3053/5742 4785/5654
f 3021/5760 3067/5826 3069/5832
f 2967/5739 2988/5799 2965/5687
f 2532/5652 2909/5701 2925/5824
f 2162/5520 2903/5616 2179/5581
f 2159/5403 2848/5465 2162/5520
f 2916/5606 2968/5737 2959/5660
f 2959/5660 2968/5737 2967/5739
f 2859/5489 2971/5567 2170/5486
f 3496/5775 3019/5805 2966/5748
f 2959/5660 2971/5567 2916/5606
f 2892/5717 3021/5760 2893/5784
f 2873/5511 2859/5489 2133/5445
f 2916/5606 2859/5489 2873/5511
f 2922/5600 2860/5527 2971/5567
f 3069/5832 3056/5833 2893/5784
f 2162/5520 2860/5527 2922/5600
f 2964/5714 2903/5616 2965/5687
f 2967/5739 4848/5801 2996/5825
f 2850/5534 2532/5652 2835/5689
f 2751/5395 2859/5489 2134/5411
f 2162/5520 2848/5465 2860/5527
f 2964/5714 2179/5581 2903/5616
f 2995/5723 2978/5754 2927/5785
f 2968/5737 2950/5829 4848/5801
f 2848/5465 3219/5435 2170/5486
f 2977/5741 3025/5650 2964/5714
f 3009/5830 2979/5831 2977/5741
f 2871/5457 2162/5520 2179/5581
f 2911/5657 2912/5707 2858/5647
f 2871/5457 2159/5403 2162/5520
f 2159/5403 2182/5357 2848/5465
f 3025/5650 2977/5741 2911/5657
f 2978/5754 2977/5741 2979/5831
f 2158/5337 2159/5403 2871/5457
f 2879/5315 2182/5357 2159/5403
f 2977/5741 2912/5707 2911/5657
f 2978/5754 2912/5707 2977/5741
f 2927/5785 2978/5754 2979/5831
f 4983/5806 2966/5748 3019/5805
f 2995/5723 2912/5707 2978/5754
f 2927/5785 5312/5811 3496/5775
f 3038/5579 2911/5657 2858/5647
f 2858/5647 2912/5707 2995/5723
f 2927/5785 3496/5775 2995/5723
f 3019/5805 3496/5775 5312/5811
f 2847/5573 3038/5579 2858/5647
f 2926/5698 2858/5647 2995/5723
f 2966/5748 2995/5723 3496/5775
f 2847/5573 2858/5647 2926/5698
f 2966/5748 2926/5698 2995/5723
f 4785/5654 2847/5573 2926/5698
f 2926/5698 2966/5748 4983/5806
f 5169/5665 2763/5571 2842/5622
f 2847/5573 4785/5654 3030/5561
f 3067/5826 3053/5742 4983/5806
f 3030/5561 4785/5654 3029/5634
f 3029/5634 2901/5594 3030/5561
f 3021/5760 3022/5691 3053/5742
f 2893/5784 3021/5760 3069/5832
f 2901/5594 3029/5634 2891/5641
f 3021/5760 2892/5717 3022/5691
f 2891/5641 3022/5691 2892/5717
f 2909/5701 2532/5652 2910/5676
f 2827/5712 2837/5794 2824/5704
f 2895/5834 2827/5712 2835/5689
f 2925/5824 2895/5834 2835/5689
f 2532/5652 2925/5824 2835/5689
f 2763/5571 2910/5676 2532/5652
f 2909/5701 2910/5676 3623/5744
f 5169/5665 2910/5676 2763/5571
f 3020/5722 3623/5744 2910/5676
f 5169/5665 3020/5722 2910/5676
f 5169/5665 2842/5622 2892/5717
f 3020/5722 5169/5665 2892/5717
f 2891/5641 3029/5634 3022/5691
f 2925/5824 2909/5701 3623/5744
f 3623/5744 3020/5722 3056/5833
f 6433/3597 6570/3647 6573/3589
f 6433/3597 6373/3680 6570/3647
f 6570/3647 6572/3644 6573/3589
f 6418/3507 6432/3607 6433/3597
f 6433/3597 6432/3607 6373/3680
f 2892/5717 2893/5784 3056/5833
f 4419/2974 4405/2902 4438/2993
f 554/1602 549/1453 534/1363
f 3378/3111 3361/3125 3388/3219
f 1568/2868 1626/2848 1576/2774
f 603/1572 618/1490 604/1613
f 618/1490 548/1384 677/1511
f 348/2973 4390/2863 503/2843
f 7777/1397 2484/1325 6655/1428
f 2975/3120 3503/3217 2950/3239
f 714/710 723/848 695/912
f 416/2649 8054/2658 8071/2566
f 7974/3281 7936/3330 7922/3308
f 548/1384 541/1309 553/1435
f 2997/3026 2975/3120 2981/3040
f 554/1602 537/1581 549/1453
f 4460/2937 4420/2782 7921/2840
f 4595/2978 3394/2997 4594/3096
f 3294/2693 4410/2738 4420/2782
f 697/756 718/842 715/706
f 1577/2900 1580/2891 1703/2817
f 4381/2769 3275/2727 687/2713
f 333/2025 7947/1958 1526/2026
f 7945/2700 8054/2658 4393/2744
f 6669/1462 1821/1377 6723/1472
f 1553/2387 7851/2467 1549/2505
f 563/2595 4409/2523 1476/2621
f 410/2743 352/2896 8053/2786
f 3356/2759 3327/2702 3298/2760
f 677/1511 548/1384 553/1435
f 4241/3085 3527/3086 3490/3025
f 553/1435 549/1453 537/1581
f 7839/3055 7959/2980 7924/3051
f 733/1430 719/1359 671/1370
f 3489/3047 3543/3098 4241/3085
f 7945/2700 503/2843 346/2707
f 541/1309 543/1091 534/1363
f 449/2947 503/2843 413/2932
f 1549/2505 7851/2467 3282/2516
f 7953/2989 3831/3010 7963/3053
f 604/1613 568/1647 579/1674
f 4978/3067 4977/3032 4594/3096
f 3250/3046 757/2939 3339/2909
f 568/1647 604/1613 677/1511
f 348/2973 355/3054 4391/2954
f 3259/2996 3255/3014 3530/3083
f 664/1171 742/1136 663/1273
f 701/657 830/558 724/691
f 1476/2621 346/2707 4398/2772
f 449/2947 413/2932 7953/2989
f 7964/2781 4414/2828 7921/2840
f 3379/2948 3285/2953 3255/3014
f 8035/3163 4415/3045 404/3087
f 2974/2946 2997/3026 2962/2957
f 7917/1903 8072/1905 574/1986
f 8052/2578 409/2514 8071/2566
f 1549/2505 3282/2516 3319/2602
f 7936/3330 7974/3281 1873/3291
f 7921/2840 4419/2974 4460/2937
f 3529/3150 3258/3201 4435/3210
f 2953/2869 2947/2936 2952/2926
f 2562/954 7785/1021 7786/1034
f 1792/1828 2014/1979 1797/1940
f 3509/3171 4889/3257 3548/3215
f 504/2193 7956/2282 1478/2179
f 413/2932 3831/3010 7953/2989
f 689/2435 686/2325 334/2339
f 407/3169 3770/3303 8035/3163
f 2483/1228 693/1215 635/1327
f 3319/2602 3272/2628 3294/2693
f 7947/1958 333/2025 1543/1980
f 2916/3034 2873/2930 2924/2964
f 7974/3281 3754/3246 1165/3208
f 3274/2438 1553/2387 1547/2312
f 7939/3084 4396/3172 407/3169
f 4370/3123 1165/3208 4396/3172
f 2975/3120 3504/3092 3503/3217
f 830/558 715/706 724/691
f 3272/2628 4410/2738 7944/2696
f 4410/2738 338/2728 7964/2781
f 4407/2814 4390/2863 4386/2826
f 15/2503 416/2649 8071/2566
f 3277/2994 3755/2966 4421/3066
f 4850/2983 2997/3026 2974/2946
f 337/2449 339/2526 336/2410
f 7922/3308 139/3351 4373/3333
f 503/2843 449/2947 353/2928
f 4382/2469 8056/2415 409/2514
f 7941/3237 1785/3165 4440/3253
f 3282/2516 3272/2628 3319/2602
f 2968/3175 2924/2964 2981/3040
f 448/2995 449/2947 7953/2989
f 3379/2948 3340/2906 3285/2953
f 4418/3039 404/3087 4415/3045
f 4414/2828 341/2756 8000/2876
f 3543/3098 6320/3100 3518/3143
f 8000/2876 7958/2798 347/2881
f 483/3044 4391/2954 355/3054
f 4394/2970 483/3044 7924/3051
f 726/1717 568/1647 570/1701
f 3250/3046 3390/3162 3516/3082
f 4418/3039 4419/2974 4438/2993
f 7939/3084 7839/3055 4370/3123
f 2957/2979 3493/2961 3489/3047
f 6379/2687 3482/2732 1578/2754
f 697/756 702/923 718/842
f 1821/1377 1490/1381 6723/1472
f 4420/2782 4460/2937 4727/2877
f 6654/1413 7940/1495 1488/1507
f 568/1647 537/1581 570/1701
f 3204/3307 3220/3345 3226/3266
f 3207/3225 3204/3307 3226/3266
f 4405/2902 4419/2974 7921/2840
f 1487/1616 644/1569 1491/1621
f 714/710 737/885 717/604
f 4978/3067 3425/3059 3571/3042
f 1165/3208 3754/3246 4396/3172
f 341/2756 340/2663 7958/2798
f 3282/2516 3274/2438 1528/2458
f 4410/2738 3272/2628 338/2728
f 8056/2415 4382/2469 4378/2318
f 8054/2658 7945/2700 8052/2578
f 4936/1343 1490/1381 1821/1377
f 4594/3096 3412/3109 4978/3067
f 4415/3045 4419/2974 4418/3039
f 7957/2271 7946/2395 560/2305
f 1468/1100 1461/1262 1465/1195
f 4365/3151 355/3054 356/3135
f 4398/2772 4390/2863 4407/2814
f 448/2995 7953/2989 7963/3053
f 4395/3114 7839/3055 7924/3051
f 572/2665 3275/2727 340/2663
f 7559/1134 1646/1045 7893/1057
f 348/2973 353/2928 449/2947
f 503/2843 4398/2772 346/2707
f 341/2756 4414/2828 338/2728
f 3544/3178 2956/3220 3218/3158
f 4407/2814 4381/2769 4398/2772
f 3388/3219 6395/3222 3252/3282
f 4407/2814 4386/2826 4381/2769
f 3392/2822 3345/2832 3356/2759
f 412/2340 336/2410 334/2339
f 693/1215 694/1149 628/1144
f 7963/3053 478/3056 448/2995
f 338/2728 3272/2628 569/2670
f 2997/3026 4850/2983 3504/3092
f 3264/3250 3367/3277 3258/3201
f 1486/1965 7947/1958 670/1830
f 731/1391 649/1468 671/1370
f 348/2973 478/3056 355/3054
f 4889/3257 3229/3332 816/3325
f 448/2995 348/2973 449/2947
f 404/3087 7939/3084 407/3169
f 2970/2960 2962/2957 2981/3040
f 2974/2946 1577/2900 4850/2983
f 4438/2993 404/3087 4418/3039
f 4386/2826 3275/2727 4381/2769
f 4404/3273 1873/3291 1165/3208
f 341/2756 338/2728 569/2670
f 1380/540 7496/547 1065/611
f 2387/935 7893/1057 982/985
f 7939/3084 7838/2988 7839/3055
f 1059/435 2173/443 1365/482
f 1208/308 1037/283 7577/303
f 1059/435 1006/387 2173/443
f 1017/477 7496/547 2173/443
f 7707/822 7706/716 980/838
f 1476/2621 4382/2469 8052/2578
f 1009/465 1059/435 1007/471
f 1017/477 947/562 7496/547
f 1365/482 1380/540 1075/521
f 4370/3123 4396/3172 7939/3084
f 1365/482 1075/521 1007/471
f 4414/2828 8034/2920 4405/2902
f 7956/2282 504/2193 505/2186
f 1009/465 1085/448 1070/402
f 7590/376 1070/402 1060/367
f 1009/465 1070/402 1059/435
f 1208/308 1060/367 1058/383
f 1007/471 1059/435 1365/482
f 1006/387 1059/435 7590/376
f 995/715 1073/754 997/805
f 4398/2772 4381/2769 687/2713
f 1075/521 1380/540 1065/611
f 1052/222 1034/230 7256/184
f 1070/402 7590/376 1059/435
f 3493/2961 4843/3012 3489/3047
f 4438/2993 4405/2902 8034/2920
f 1072/645 2174/635 947/562
f 2924/2964 2122/2860 2970/2960
f 1065/611 7496/547 1069/656
f 1075/521 1009/465 1007/471
f 1006/387 7590/376 1066/326
f 1063/598 1075/521 1065/611
f 1037/283 1011/254 1010/259
f 7588/647 1069/656 7496/547
f 950/240 1022/265 1010/259
f 7496/547 1365/482 2173/443
f 1067/329 7577/303 1066/326
f 7588/647 947/562 2174/635
f 3482/2732 1572/2800 1578/2754
f 7256/184 1055/172 7522/149
f 1075/521 1062/544 1009/465
f 4391/2954 4394/2970 4400/2872
f 1365/482 7496/547 1380/540
f 1165/3208 4370/3123 4395/3114
f 1496/1596 1506/1604 6723/1472
f 7959/2980 7839/3055 7838/2988
f 7590/376 1067/329 1066/326
f 3226/3266 3220/3345 3230/3240
f 12/2369 13/2347 497/2465
f 1075/521 1063/598 1062/544
f 2174/635 995/715 7588/647
f 7706/716 1073/754 1072/645
f 1058/383 1060/367 1085/448
f 1009/465 1062/544 1085/448
f 1085/448 1060/367 1070/402
f 634/1279 635/1327 693/1215
f 1072/645 995/715 2174/635
f 7588/647 7733/748 1069/656
f 1067/329 7590/376 1060/367
f 1446/1358 1465/1195 1461/1262
f 3492/3193 3207/3225 3226/3266
f 995/715 997/805 991/841
f 7588/647 7496/547 947/562
f 8034/2920 4414/2828 8000/2876
f 7588/647 995/715 7733/748
f 658/1812 796/1872 647/1907
f 1066/326 7577/303 1018/269
f 995/715 991/841 7733/748
f 1060/367 7577/303 1067/329
f 1072/645 1073/754 995/715
f 1022/265 7577/303 1010/259
f 1018/269 7577/303 1022/265
f 1060/367 1208/308 7577/303
f 1058/383 1027/277 1208/308
f 1022/265 949/223 1018/269
f 715/706 713/757 724/691
f 337/2449 7946/2395 4409/2523
f 7706/716 7707/822 1073/754
f 997/805 7784/884 991/841
f 1026/206 1011/254 1027/277
f 7784/884 997/805 1073/754
f 1208/308 1027/277 1011/254
f 950/240 949/223 1022/265
f 1037/283 1010/259 7577/303
f 1037/283 1208/308 1011/254
f 7784/884 1073/754 7707/822
f 1010/259 1011/254 1391/219
f 949/223 950/240 1391/219
f 1391/219 950/240 1010/259
f 4390/2863 348/2973 4391/2954
f 1391/219 1011/254 1026/206
f 1027/277 1052/222 1026/206
f 1811/2205 5334/2174 2021/2103
f 7559/1134 7893/1057 636/1160
f 1052/222 1027/277 1080/267
f 1052/222 1080/267 1034/230
f 4593/3001 3571/3042 3425/3059
f 7256/184 1034/230 1055/172
f 1034/230 1202/196 1055/172
f 1055/172 1202/196 1035/146
f 6395/3222 3362/3207 7472/3269
f 503/2843 8053/2786 413/2932
f 1035/146 7522/149 1055/172
f 4365/3151 4395/3114 7924/3051
f 1468/1100 1465/1195 1466/1041
f 7773/2254 1539/2177 1484/2140
f 686/2325 689/2435 1528/2458
f 356/3135 478/3056 7963/3053
f 2949/3095 3218/3158 3217/3182
f 4889/3257 816/3325 3548/3215
f 677/1511 604/1613 618/1490
f 7947/1958 1543/1980 7943/1909
f 679/1374 614/1443 731/1391
f 1377/518 1175/579 1385/597
f 7555/1208 6705/1301 1469/1214
f 597/1779 582/1778 570/1701
f 4395/3114 4365/3151 1165/3208
f 1175/579 7385/641 1385/597
f 7377/575 1175/579 1377/518
f 1162/640 7385/641 7377/575
f 7377/575 7385/641 1175/579
f 1162/640 1188/695 7385/641
f 1276/1782 648/1692 608/1762
f 606/1792 561/1831 567/1818
f 1534/2291 1536/2346 3316/2392
f 567/1818 608/1762 602/1764
f 558/1854 567/1818 557/1927
f 4724/2405 3307/2413 3323/2472
f 4697/1694 1351/1772 7950/1785
f 1497/1943 8038/1915 7942/1867
f 1499/1685 1510/1810 1507/1773
f 1536/2346 1534/2291 7929/2229
f 3269/2734 3296/2824 3298/2760
f 1507/1773 1496/1596 1499/1685
f 608/1762 566/1802 1276/1782
f 3304/2471 3305/2555 3320/2558
f 6656/1673 1499/1685 7910/1542
f 674/1856 7572/1774 1276/1782
f 8000/2876 7838/2988 8034/2920
f 557/1927 1483/1928 558/1854
f 567/1818 558/1854 566/1802
f 602/1764 598/1689 730/1750
f 569/2670 3272/2628 342/2559
f 1533/2259 3424/2317 7/2210
f 348/2973 503/2843 353/2928
f 667/1664 648/1692 7572/1774
f 4438/2993 8034/2920 7838/2988
f 561/1831 557/1927 567/1818
f 3295/2588 3322/2480 3292/2490
f 2562/954 1467/999 1650/924
f 582/1778 747/1799 658/1812
f 661/1679 667/1664 7572/1774
f 508/2614 410/2743 416/2649
f 7922/3308 3754/3246 7974/3281
f 7946/2395 4380/2487 4409/2523
f 638/1233 634/1279 693/1215
f 1520/2292 3307/2413 3424/2317
f 3316/2392 1520/2292 1534/2291
f 1276/1782 558/1854 674/1856
f 3304/2471 3323/2472 3305/2555
f 503/2843 4390/2863 4398/2772
f 1650/924 1467/999 7745/960
f 3230/3240 3229/3332 3550/3212
f 606/1792 602/1764 730/1750
f 340/2663 341/2756 569/2670
f 670/1830 7572/1774 674/1856
f 566/1802 558/1854 1276/1782
f 4743/2533 3301/2589 3305/2555
f 347/2881 7958/2798 4400/2872
f 4377/2289 8056/2415 4378/2318
f 6622/1796 1499/1685 6656/1673
f 602/1764 608/1762 598/1689
f 7944/2696 3294/2693 3272/2628
f 6656/1673 1500/1684 1501/1793
f 1540/2015 1541/2069 1479/1947
f 603/1572 598/1689 7989/1633
f 1537/2060 1531/2124 6637/2043
f 603/1572 604/1613 598/1689
f 342/2559 1528/2458 689/2435
f 4394/2970 4391/2954 483/3044
f 6654/1413 640/1307 635/1327
f 1546/2114 7/2210 6571/2059
f 2919/3016 2949/3095 2969/3023
f 1483/1928 674/1856 558/1854
f 670/1830 674/1856 1483/1928
f 4743/2533 3307/2413 3322/2480
f 746/2012 675/2079 7948/1998
f 1540/2015 1477/1960 1497/1943
f 667/1664 666/1622 648/1692
f 6653/1982 1530/1950 1529/2058
f 561/1831 573/1924 557/1927
f 3302/2645 3305/2555 3301/2589
f 1545/2288 1552/2279 1542/2211
f 567/1818 566/1802 608/1762
f 1813/1786 606/1792 730/1750
f 682/1761 654/1697 670/1830
f 6656/1673 1604/1570 1500/1684
f 557/1927 573/1924 7948/1998
f 7948/1998 556/1952 557/1927
f 3402/2344 7/2210 3424/2317
f 7745/960 1077/823 1470/832
f 1501/1793 1500/1684 7950/1785
f 3294/2693 3289/2677 3319/2602
f 7910/1542 1604/1570 6656/1673
f 740/1727 561/1831 1813/1786
f 3289/2677 4412/2689 3287/2576
f 7950/1785 1500/1684 4697/1694
f 6636/1951 6622/1796 1527/1899
f 730/1750 740/1727 1813/1786
f 1332/1864 1501/1793 7950/1785
f 1546/2114 6571/2059 6559/2035
f 483/3044 355/3054 4365/3151
f 740/1727 730/1750 604/1613
f 1524/1976 6636/1951 6637/2043
f 1479/1947 8038/1915 1477/1960
f 1259/2244 1552/2279 1538/2226
f 3275/2727 4386/2826 7958/2798
f 604/1613 579/1674 740/1727
f 746/2012 573/1924 578/2001
f 4421/3066 4415/3045 8035/3163
f 3230/3240 3492/3193 3226/3266
f 1477/1960 1540/2015 1479/1947
f 4386/2826 4391/2954 4400/2872
f 340/2663 3275/2727 7958/2798
f 606/1792 567/1818 602/1764
f 1527/1899 1518/2002 6636/1951
f 740/1727 726/1717 658/1812
f 1501/1793 1527/1899 6622/1796
f 1533/2259 7/2210 1519/2181
f 573/1924 647/1907 578/2001
f 1542/2211 1538/2226 1522/2149
f 334/2339 686/2325 7773/2254
f 6559/2035 1529/2058 1546/2114
f 3280/2672 3269/2734 3298/2760
f 8052/2578 7945/2700 1476/2621
f 3220/3345 3229/3332 3230/3240
f 3323/2472 3307/2413 4743/2533
f 656/1598 654/1697 1491/1621
f 1531/2124 1542/2211 1522/2149
f 4395/3114 4370/3123 7839/3055
f 7572/1774 648/1692 1276/1782
f 3265/3168 3268/3094 4426/3080
f 1542/2211 1259/2244 1538/2226
f 1507/1773 1506/1604 1496/1596
f 3492/3193 6476/3117 3412/3109
f 4438/2993 7838/2988 7939/3084
f 1491/1621 654/1697 646/1707
f 6637/2043 1531/2124 1522/2149
f 6409/2882 3493/2961 1568/2868
f 1165/3208 4365/3151 4404/3273
f 4412/2689 3271/2768 3288/2791
f 3492/3193 3412/3109 3207/3225
f 646/1707 682/1761 1351/1772
f 407/3169 4396/3172 3753/3261
f 1491/1621 646/1707 4697/1694
f 1351/1772 4697/1694 646/1707
f 3295/2588 4412/2689 3269/2734
f 4697/1694 1487/1616 1491/1621
f 7893/1057 2387/935 7955/956
f 1501/1793 1479/1947 1527/1899
f 658/1812 647/1907 573/1924
f 1518/2002 1541/2069 1537/2060
f 7910/1542 1499/1685 1496/1596
f 1560/1914 1524/1976 1503/2028
f 656/1598 661/1679 654/1697
f 4378/2318 8014/2390 7956/2282
f 4400/2872 4394/2970 347/2881
f 2387/935 982/985 7784/884
f 1522/2149 1503/2028 6637/2043
f 6526/2073 333/2025 651/2105
f 1500/1684 1604/1570 1487/1616
f 1535/2224 1532/2142 7929/2229
f 648/1692 598/1689 608/1762
f 570/1701 537/1581 581/1738
f 746/2012 578/2001 6663/2108
f 3282/2516 1528/2458 3272/2628
f 3295/2588 3280/2672 1844/2590
f 7950/1785 7942/1867 1332/1864
f 7948/1998 573/1924 746/2012
f 3316/2392 3306/2429 3292/2490
f 1479/1947 1332/1864 8038/1915
f 606/1792 1813/1786 561/1831
f 2952/2926 3507/2816 1686/2823
f 407/3169 8035/3163 404/3087
f 1332/1864 1479/1947 1501/1793
f 747/1799 582/1778 597/1779
f 6622/1796 6656/1673 1501/1793
f 1477/1960 8038/1915 1497/1943
f 1518/2002 1479/1947 1541/2069
f 1518/2002 1527/1899 1479/1947
f 579/1674 726/1717 740/1727
f 1526/2026 7947/1958 1486/1965
f 1510/1810 1499/1685 6622/1796
f 3322/2480 3307/2413 3316/2392
f 6622/1796 6636/1951 6629/1876
f 7950/1785 1351/1772 7942/1867
f 3424/2317 1533/2259 1520/2292
f 6629/1876 1510/1810 6622/1796
f 556/1952 7948/1998 1483/1928
f 3319/2602 3289/2677 3279/2552
f 1541/2069 1540/2015 1539/2177
f 1529/2058 1532/2142 1519/2181
f 1518/2002 1537/2060 6636/1951
f 6629/1876 6636/1951 1560/1914
f 1504/1879 1507/1773 1510/1810
f 4595/2978 4977/3032 7471/2976
f 597/1779 581/1738 583/1803
f 483/3044 4365/3151 7924/3051
f 1545/2288 1553/2387 1552/2279
f 6663/2108 675/2079 746/2012
f 1550/2168 1541/2069 1539/2177
f 7924/3051 7959/2980 4394/2970
f 342/2559 689/2435 339/2526
f 3323/2472 3304/2471 4724/2405
f 604/1613 730/1750 598/1689
f 4743/2533 1844/2590 3355/2613
f 1550/2168 1537/2060 1541/2069
f 1531/2124 1537/2060 1550/2168
f 6636/1951 1537/2060 6637/2043
f 6629/1876 1560/1914 1523/1871
f 6636/1951 1524/1976 1560/1914
f 1530/1950 1507/1773 1504/1879
f 4850/2983 2952/2926 2969/3023
f 6629/1876 1523/1871 1510/1810
f 726/1717 582/1778 658/1812
f 1523/1871 1504/1879 1510/1810
f 1626/2848 1572/2800 1576/2774
f 740/1727 658/1812 561/1831
f 1522/2149 7929/2229 1532/2142
f 334/2339 7773/2254 1485/2223
f 1539/2177 1547/2312 1550/2168
f 4394/2970 8000/2876 347/2881
f 1560/1914 1504/1879 1523/1871
f 1504/1879 1503/2028 1530/1950
f 1545/2288 1550/2168 1547/2312
f 578/2001 647/1907 576/1929
f 670/1830 654/1697 661/1679
f 1531/2124 1550/2168 1542/2211
f 796/1872 658/1812 747/1799
f 3287/2576 4412/2689 3295/2588
f 1503/2028 1524/1976 6637/2043
f 557/1927 556/1952 1483/1928
f 1560/1914 1503/2028 1504/1879
f 737/885 639/1033 702/923
f 3319/2602 3279/2552 1549/2505
f 3316/2392 3292/2490 3322/2480
f 1487/1616 4697/1694 1500/1684
f 7572/1774 670/1830 661/1679
f 1503/2028 1529/2058 1530/1950
f 634/1279 711/1369 635/1327
f 1553/2387 1545/2288 1547/2312
f 1550/2168 1545/2288 1542/2211
f 1551/2462 1549/2505 3279/2552
f 1529/2058 1503/2028 1532/2142
f 4394/2970 7959/2980 8000/2876
f 1503/2028 1522/2149 1532/2142
f 6559/2035 6653/1982 1529/2058
f 1553/2387 1536/2346 1552/2279
f 1552/2279 1259/2244 1542/2211
f 1522/2149 1538/2226 7929/2229
f 1529/2058 1519/2181 1546/2114
f 1535/2224 1519/2181 1532/2142
f 1552/2279 1536/2346 7929/2229
f 1551/2462 1536/2346 1553/2387
f 1538/2226 1552/2279 7929/2229
f 1466/1041 7698/978 1468/1100
f 1546/2114 1519/2181 7/2210
f 3295/2588 3269/2734 3280/2672
f 1535/2224 1520/2292 1519/2181
f 7959/2980 7838/2988 8000/2876
f 1551/2462 3306/2429 1536/2346
f 598/1689 648/1692 7989/1633
f 1551/2462 1553/2387 1549/2505
f 1535/2224 7929/2229 1534/2291
f 677/1511 553/1435 537/1581
f 1519/2181 1520/2292 1533/2259
f 3306/2429 3316/2392 1536/2346
f 1551/2462 3292/2490 3306/2429
f 3292/2490 1551/2462 3287/2576
f 3550/3212 3229/3332 4889/3257
f 3287/2576 1551/2462 3279/2552
f 1553/2387 3274/2438 7851/2467
f 3295/2588 3292/2490 3287/2576
f 342/2559 339/2526 340/2663
f 3279/2552 3289/2677 3287/2576
f 8038/1915 1332/1864 7942/1867
f 3504/3092 2975/3120 2997/3026
f 573/1924 561/1831 658/1812
f 3424/2317 4724/2405 3402/2344
f 666/1622 7989/1633 648/1692
f 689/2435 336/2410 339/2526
f 3424/2317 3307/2413 4724/2405
f 3402/2344 4724/2405 3304/2471
f 694/1149 693/1215 2483/1228
f 345/2668 3275/2727 572/2665
f 3295/2588 4743/2533 3322/2480
f 3517/3305 3544/3178 816/3325
f 655/1527 673/1517 643/1566
f 344/2600 572/2665 340/2663
f 3412/3109 3425/3059 4978/3067
f 3271/2768 4412/2689 3289/2677
f 646/1707 654/1697 682/1761
f 3295/2588 1844/2590 4743/2533
f 3316/2392 3307/2413 1520/2292
f 3269/2734 4412/2689 3288/2791
f 1534/2291 1520/2292 1535/2224
f 4743/2533 3305/2555 3323/2472
f 3269/2734 3288/2791 3296/2824
f 1844/2590 3280/2672 3355/2613
f 2957/2979 1568/2868 3493/2961
f 7785/1021 1646/1045 1647/1109
f 1/2262 488/2302 14/2355
f 4743/2533 3355/2613 3301/2589
f 3302/2645 3280/2672 3298/2760
f 6320/3100 4843/3012 6476/3117
f 3305/2555 3344/2622 3320/2558
f 3302/2645 3355/2613 3280/2672
f 3302/2645 3301/2589 3355/2613
f 3298/2760 3296/2824 3335/2899
f 3344/2622 3305/2555 3302/2645
f 3544/3178 3517/3305 2956/3220
f 412/2340 334/2339 1485/2223
f 14/2355 484/2422 15/2503
f 1063/598 1015/697 7565/643
f 667/1664 653/1612 643/1566
f 4850/2983 1577/2900 2952/2926
f 1540/2015 1497/1943 1543/1980
f 979/1047 7955/956 706/1015
f 12/2369 4377/2289 13/2347
f 1525/2111 651/2105 1526/2026
f 3394/2997 5009/2916 5016/3028
f 339/2526 337/2449 344/2600
f 3218/3158 3505/3133 3544/3178
f 3263/3255 4435/3210 3367/3277
f 982/985 2562/954 7784/884
f 678/2214 1480/2158 1481/2170
f 559/2165 495/2209 493/2083
f 3286/3069 3266/3145 3529/3150
f 14/2355 13/2347 1/2262
f 2952/2926 2947/2936 2919/3016
f 1525/2111 1480/2158 651/2105
f 3256/3310 3366/3254 3257/3318
f 4593/3001 3690/3057 6477/2998
f 1528/2458 3274/2438 1547/2312
f 1498/1457 635/1327 711/1369
f 1078/906 1077/823 7745/960
f 3356/2759 3333/2686 3334/2684
f 3379/2948 3380/2940 4711/2887
f 7698/978 1078/906 7745/960
f 747/1799 607/1841 796/1872
f 507/2679 508/2614 451/2542
f 6409/2882 3447/2912 6477/2998
f 2949/3095 3527/3086 3505/3133
f 4417/3134 1785/3165 7941/3237
f 2947/2936 1626/2848 1568/2868
f 8014/2390 4380/2487 7946/2395
f 607/1841 583/1803 587/1858
f 3265/3168 4426/3080 4417/3134
f 3207/3225 3412/3109 4594/3096
f 344/2600 340/2663 339/2526
f 1569/2742 6409/2882 1568/2868
f 574/1986 494/2082 571/2120
f 345/2668 572/2665 344/2600
f 1626/2848 2953/2869 1572/2800
f 1485/2223 1480/2158 678/2214
f 1488/1507 7940/1495 1604/1570
f 719/1359 733/1430 727/1372
f 1497/1943 7943/1909 1543/1980
f 1572/2800 2953/2869 1686/2823
f 3544/3178 3505/3133 3527/3086
f 484/2422 1757/2360 480/2443
f 7785/1021 2562/954 982/985
f 2924/2964 2970/2960 2981/3040
f 607/1841 597/1779 583/1803
f 2122/2860 2962/2957 2970/2960
f 4594/3096 3378/3111 3386/3256
f 1650/924 7745/960 1470/832
f 1483/1928 1486/1965 670/1830
f 3302/2645 3327/2702 3334/2684
f 3690/3057 6476/3117 6477/2998
f 2957/2979 4241/3085 3490/3025
f 1577/2900 2974/2946 1580/2891
f 7958/2798 8000/2876 341/2756
f 560/2305 412/2340 1485/2223
f 2562/954 1650/924 991/841
f 3296/2824 3276/2943 3335/2899
f 2949/3095 3505/3133 3218/3158
f 2122/2860 1726/2785 1695/2755
f 336/2410 412/2340 337/2449
f 5334/2174 5894/2076 2021/2103
f 4420/2782 3289/2677 3294/2693
f 679/1374 618/1490 614/1443
f 1481/2170 1482/2215 678/2214
f 1647/1109 7786/1034 7785/1021
f 3265/3168 3266/3145 3268/3094
f 1626/2848 2947/2936 2953/2869
f 7698/978 7745/960 1468/1100
f 335/2036 1525/2111 1526/2026
f 7733/748 998/713 1069/656
f 3509/3171 3518/3143 6320/3100
f 3527/3086 2949/3095 2919/3016
f 734/993 695/912 723/848
f 712/1330 711/1369 634/1279
f 3378/3111 3394/2997 5016/3028
f 451/2542 8002/2510 424/2603
f 1466/1041 1074/863 7698/978
f 3425/3059 3412/3109 4593/3001
f 1502/1486 7910/1542 1496/1596
f 3489/3047 4241/3085 2957/2979
f 3490/3025 3527/3086 2919/3016
f 980/838 7955/956 2387/935
f 4376/2212 6663/2108 571/2120
f 1482/2215 1481/2170 1478/2179
f 2969/3023 2952/2926 2919/3016
f 607/1841 587/1858 7917/1903
f 3518/3143 4241/3085 3543/3098
f 1484/2140 6526/2073 651/2105
f 1572/2800 1686/2823 1578/2754
f 3543/3098 3489/3047 6320/3100
f 345/2668 563/2595 1476/2621
f 548/1384 703/1281 685/1225
f 344/2600 563/2595 345/2668
f 725/1048 737/885 695/912
f 2387/935 7784/884 7707/822
f 7957/2271 678/2214 1482/2215
f 1065/611 1015/697 1063/598
f 568/1647 726/1717 579/1674
f 980/838 2387/935 7707/822
f 4486/3194 3266/3145 3265/3168
f 720/1536 7940/1495 1498/1457
f 337/2449 412/2340 560/2305
f 3332/3007 3335/2899 3276/2943
f 1497/1943 7942/1867 7943/1909
f 685/1225 688/1085 541/1309
f 7921/2840 4410/2738 7964/2781
f 1543/1980 333/2025 6526/2073
f 6723/1472 1502/1486 1496/1596
f 7917/1903 576/1929 796/1872
f 36/3238 3264/3250 4485/3224
f 694/1149 636/1160 7893/1057
f 662/1579 626/1557 666/1622
f 1478/2179 8058/2241 1482/2215
f 1476/2621 4380/2487 4382/2469
f 3254/3139 3260/3160 3253/3229
f 3286/3069 3332/3007 3268/3094
f 3266/3145 4486/3194 3258/3201
f 4421/3066 1785/3165 4417/3134
f 3530/3083 3250/3046 3259/2996
f 7917/1903 587/1858 8072/1905
f 655/1527 659/1449 673/1517
f 534/1363 530/1469 554/1602
f 702/923 639/1033 722/952
f 4409/2523 563/2595 344/2600
f 1461/1262 1458/1334 6669/1462
f 1078/906 1074/863 1077/823
f 7895/1242 709/1185 690/1210
f 7555/1208 1647/1109 7559/1134
f 1470/832 7733/748 991/841
f 2483/1228 635/1327 640/1307
f 991/841 7784/884 2562/954
f 998/713 1470/832 1077/823
f 636/1160 690/1210 709/1185
f 1469/1214 1461/1262 1492/1107
f 1015/697 1074/863 1081/721
f 1065/611 1069/656 998/713
f 1015/697 1081/721 7565/643
f 6669/1462 6723/1472 1506/1604
f 720/1536 1604/1570 7940/1495
f 1077/823 1074/863 1015/697
f 1015/697 998/713 1077/823
f 6655/1428 2484/1325 6654/1413
f 7745/960 1467/999 1492/1107
f 1492/1107 1468/1100 7745/960
f 1015/697 1065/611 998/713
f 1502/1486 7777/1397 6655/1428
f 1487/1616 720/1536 644/1569
f 1489/1310 4936/1343 6705/1301
f 1488/1507 7910/1542 6654/1413
f 7733/748 1470/832 998/713
f 645/1545 1491/1621 644/1569
f 1650/924 1470/832 991/841
f 690/1210 636/1160 2483/1228
f 682/1761 7760/1827 1351/1772
f 670/1830 7760/1827 682/1761
f 670/1830 7943/1909 7760/1827
f 1351/1772 7760/1827 7942/1867
f 7943/1909 7942/1867 7760/1827
f 641/1470 655/1527 656/1598
f 630/1466 655/1527 641/1470
f 642/1392 711/1369 712/1330
f 1498/1457 711/1369 641/1470
f 630/1466 641/1470 642/1392
f 642/1392 659/1449 630/1466
f 641/1470 711/1369 642/1392
f 621/1329 642/1392 712/1330
f 630/1466 659/1449 655/1527
f 560/2305 7946/2395 337/2449
f 2122/2860 1695/2755 1703/2817
f 3329/2874 3296/2824 3288/2791
f 574/1986 8072/1905 8057/1983
f 424/2603 507/2679 451/2542
f 671/1370 663/1273 731/1391
f 4409/2523 344/2600 337/2449
f 1485/2223 651/2105 1480/2158
f 6663/2108 4376/2212 676/2151
f 715/706 718/842 713/757
f 3507/2816 2952/2926 1577/2900
f 7951/2097 335/2036 1483/1928
f 655/1527 643/1566 653/1612
f 417/2705 507/2679 424/2603
f 576/1929 7917/1903 574/1986
f 748/901 734/993 723/848
f 1484/2140 1539/2177 6526/2073
f 734/993 683/1090 725/1048
f 3230/3240 3550/3212 6476/3117
f 480/2443 8046/2406 8002/2510
f 582/1778 726/1717 570/1701
f 4594/3096 3386/3256 3207/3225
f 683/1090 734/993 742/1136
f 670/1830 7947/1958 7943/1909
f 480/2443 451/2542 484/2422
f 3254/3139 3253/3229 3390/3162
f 4409/2523 4380/2487 1476/2621
f 3257/3318 3366/3254 3253/3229
f 4378/2318 7956/2282 505/2186
f 3254/3139 3390/3162 3250/3046
f 8014/2390 4382/2469 4380/2487
f 4727/2877 3329/2874 3271/2768
f 1485/2223 7773/2254 1484/2140
f 335/2036 7951/2097 1525/2111
f 3266/3145 3258/3201 3529/3150
f 505/2186 504/2193 7951/2097
f 3272/2628 1528/2458 342/2559
f 687/2713 3275/2727 345/2668
f 4444/3231 4417/3134 7941/3237
f 7951/2097 675/2079 676/2151
f 4382/2469 8014/2390 4378/2318
f 1525/2111 7951/2097 1478/2179
f 8002/2510 451/2542 480/2443
f 816/3325 3544/3178 3548/3215
f 3690/3057 4593/3001 3412/3109
f 3217/3182 2958/3249 3601/3297
f 3550/3212 4889/3257 3509/3171
f 3217/3182 2956/3220 2958/3249
f 7303/24 7241/13 1374/27
f 1218/25 7303/24 1258/41
f 7303/24 1374/27 1236/52
f 1218/25 1258/41 1220/18
f 1215/11 935/29 1222/35
f 1236/52 1258/41 7303/24
f 1236/52 1374/27 7176/46
f 7241/13 7303/24 1220/18
f 7303/24 1218/25 1220/18
f 1038/82 921/64 933/87
f 933/87 921/64 7791/49
f 948/32 921/64 7248/61
f 921/64 1038/82 7248/61
f 948/32 7791/49 921/64
f 607/1841 747/1799 597/1779
f 493/2083 494/2082 8057/1983
f 7964/2781 338/2728 4414/2828
f 7917/1903 796/1872 607/1841
f 3207/3225 3386/3256 3223/3353
f 13/2347 14/2355 15/2503
f 676/2151 4376/2212 505/2186
f 7946/2395 7956/2282 8014/2390
f 569/2670 342/2559 340/2663
f 560/2305 1485/2223 678/2214
f 3217/3182 3503/3217 3504/3092
f 3366/3254 3256/3310 7472/3269
f 574/1986 8057/1983 494/2082
f 4485/3224 3264/3250 3258/3201
f 737/885 725/1048 7954/1118
f 6663/2108 578/2001 571/2120
f 603/1572 649/1468 614/1443
f 3253/3229 4435/3210 3263/3255
f 2956/3220 3217/3182 3218/3158
f 1757/2360 484/2422 488/2302
f 451/2542 15/2503 484/2422
f 3504/3092 2949/3095 3217/3182
f 3345/2832 3262/2904 3340/2906
f 571/2120 494/2082 495/2209
f 3268/3094 3266/3145 3286/3069
f 1526/2026 1486/1965 335/2036
f 1701/2730 1703/2817 1695/2755
f 4376/2212 4377/2289 4378/2318
f 3296/2824 3329/2874 3276/2943
f 4377/2289 495/2209 13/2347
f 4727/2877 3277/2994 3329/2874
f 15/2503 8071/2566 497/2465
f 1213/63 935/29 7680/58
f 931/43 1358/26 7420/16
f 1051/243 1061/294 1050/212
f 1205/78 931/43 7307/66
f 1204/163 1040/195 1210/166
f 6979/53 1222/35 1213/63
f 7307/66 931/43 7248/61
f 1041/126 7522/149 1035/146
f 7680/58 1205/78 1213/63
f 1031/88 7307/66 1038/82
f 7248/61 1038/82 7307/66
f 689/2435 334/2339 336/2410
f 938/92 1213/63 1205/78
f 504/2193 1478/2179 7951/2097
f 1205/78 7680/58 931/43
f 653/1612 656/1598 655/1527
f 948/32 7420/16 932/21
f 1363/128 1203/137 2175/107
f 3274/2438 3282/2516 7851/2467
f 3601/3297 3503/3217 3217/3182
f 679/1374 703/1281 548/1384
f 1041/126 7268/111 933/87
f 8046/2406 480/2443 1757/2360
f 938/92 1253/121 7443/90
f 1217/104 7268/111 1039/129
f 1363/128 1357/142 1204/163
f 1345/72 1236/52 7176/46
f 6979/53 1213/63 7443/90
f 534/1363 540/1266 530/1469
f 1028/127 1041/126 1182/110
f 1023/185 1021/187 943/154
f 1019/108 1028/127 1182/110
f 1032/160 7522/149 7724/138
f 7724/138 7522/149 1028/127
f 1032/160 1099/162 1026/206
f 1019/108 926/86 7795/95
f 1028/127 1090/135 7724/138
f 1019/108 1090/135 1028/127
f 943/154 1090/135 7668/114
f 7724/138 1090/135 1032/160
f 1099/162 1090/135 943/154
f 935/29 1213/63 1222/35
f 7256/184 7522/149 1032/160
f 1182/110 933/87 926/86
f 7256/184 1032/160 7788/190
f 7668/114 1019/108 7795/95
f 1021/187 1026/206 1099/162
f 838/73 926/86 7791/49
f 1052/222 7256/184 7788/190
f 940/251 941/208 944/217
f 1182/110 926/86 1019/108
f 1099/162 1032/160 1090/135
f 1019/108 7668/114 1090/135
f 7795/95 838/73 7668/114
f 7795/95 926/86 838/73
f 931/43 7420/16 948/32
f 936/182 949/223 1023/185
f 943/154 7668/114 939/153
f 1182/110 1041/126 933/87
f 1026/206 7788/190 1032/160
f 686/2325 1547/2312 1539/2177
f 943/154 1021/187 1099/162
f 1018/269 941/208 940/251
f 926/86 933/87 7791/49
f 943/154 939/153 936/182
f 1052/222 7788/190 1026/206
f 936/182 939/153 941/208
f 834/105 7668/114 838/73
f 1018/269 949/223 941/208
f 936/182 1023/185 943/154
f 834/105 945/181 939/153
f 1026/206 1021/187 1391/219
f 1023/185 1391/219 1021/187
f 7522/149 1041/126 1028/127
f 834/105 939/153 7668/114
f 949/223 936/182 941/208
f 7268/111 1217/104 1031/88
f 945/181 941/208 939/153
f 1391/219 1023/185 949/223
f 945/181 944/217 941/208
f 945/181 940/251 944/217
f 938/92 7443/90 1213/63
f 541/1309 549/1453 553/1435
f 4420/2782 4410/2738 7921/2840
f 7622/112 1362/83 2175/107
f 1205/78 1217/104 938/92
f 7248/61 931/43 948/32
f 6526/2073 1539/2177 1540/2015
f 345/2668 1476/2621 687/2713
f 7443/90 2175/107 1362/83
f 737/885 702/923 697/756
f 1356/152 1357/142 1253/121
f 1034/230 1051/243 1202/196
f 7225/62 1362/83 1345/72
f 7622/112 7623/89 1345/72
f 7225/62 7176/46 6979/53
f 568/1647 677/1511 537/1581
f 1363/128 7443/90 1253/121
f 1322/118 7623/89 7622/112
f 4373/3333 3754/3246 7922/3308
f 505/2186 4376/2212 4378/2318
f 3493/2961 6409/2882 4843/3012
f 626/1557 668/1537 660/1482
f 1253/121 1357/142 1363/128
f 7225/62 6979/53 1362/83
f 7622/112 1345/72 1362/83
f 7176/46 7225/62 1345/72
f 7921/2840 4414/2828 4405/2902
f 7622/112 1203/137 7306/139
f 7478/3138 3362/3207 6395/3222
f 1253/121 1039/129 1356/152
f 1481/2170 1525/2111 1478/2179
f 1051/243 6747/295 1061/294
f 1046/183 1357/142 1356/152
f 2175/107 7443/90 1363/128
f 7351/266 7334/218 7335/211
f 6788/331 7169/314 1841/372
f 7352/250 6758/262 7327/213
f 7335/211 6773/260 7351/266
f 8056/2415 4377/2289 12/2369
f 7449/450 6788/331 1841/372
f 1358/26 931/43 935/29
f 7352/250 7327/213 7334/218
f 1862/419 7276/378 6809/328
f 7477/169 1280/225 6773/260
f 3257/3318 3396/3272 3367/3277
f 5785/662 5783/717 7805/630
f 7351/266 7352/250 7334/218
f 1871/239 1841/372 7169/314
f 3385/3015 757/2939 3250/3046
f 7449/450 7445/505 6781/541
f 1862/419 6809/328 1299/324
f 6821/515 7243/583 7445/505
f 7013/608 6847/531 7014/520
f 6821/515 7452/456 1836/481
f 6796/837 6584/925 6789/820
f 6609/692 7861/693 6826/777
f 3366/3254 3362/3207 3390/3162
f 7805/630 6791/596 5785/662
f 7445/505 7449/450 1841/372
f 1842/459 7449/450 6781/541
f 7515/700 7513/780 5783/717
f 3362/3207 3366/3254 7472/3269
f 7013/608 6609/692 7853/605
f 7625/752 6934/759 7436/704
f 1852/728 6779/651 1907/712
f 6790/534 1842/459 6781/541
f 3385/3015 3250/3046 3516/3082
f 6758/262 7350/289 6809/328
f 6609/692 7013/608 7861/693
f 6550/444 7208/461 7014/520
f 931/43 7680/58 935/29
f 4376/2212 571/2120 4377/2289
f 6613/675 7436/704 6934/759
f 7014/520 6847/531 6550/444
f 1731/513 7014/520 7208/461
f 6809/328 7350/289 1299/324
f 1039/129 1253/121 1217/104
f 3516/3082 3390/3162 7478/3138
f 1846/414 1731/513 7208/461
f 5783/717 5785/662 7515/700
f 7311/618 1907/712 6779/651
f 1731/513 1842/459 6790/534
f 6737/395 1731/513 1846/414
f 6847/531 7853/605 6642/536
f 1836/481 1876/514 1878/503
f 7853/605 6847/531 7013/608
f 6884/616 7014/520 1731/513
f 1731/513 6737/395 1842/459
f 6779/651 6800/619 6781/541
f 7453/403 7449/450 1842/459
f 6788/331 7453/403 7444/360
f 7515/700 1874/812 7513/780
f 7853/605 6608/653 6642/536
f 1906/687 7311/618 7243/583
f 6593/620 6642/536 6608/653
f 679/1374 731/1391 663/1273
f 5785/662 6791/596 6800/619
f 6884/616 7013/608 7014/520
f 1731/513 7805/630 6884/616
f 1299/324 7350/289 7351/266
f 6737/395 7444/360 1842/459
f 7436/704 6608/653 7625/752
f 933/87 7268/111 1038/82
f 6612/600 6593/620 6613/675
f 7311/618 6779/651 6781/541
f 6788/331 7449/450 7453/403
f 1842/459 7444/360 7453/403
f 6781/541 6800/619 6790/534
f 7853/605 6609/692 6608/653
f 1050/212 1046/183 1356/152
f 7632/291 6747/295 1051/243
f 1322/118 7622/112 7306/139
f 7861/693 7013/608 6884/616
f 6791/596 7805/630 1731/513
f 7805/630 7391/730 6884/616
f 1731/513 6790/534 6791/596
f 1836/481 7452/456 1862/419
f 7625/752 6608/653 6609/692
f 6979/53 7443/90 1362/83
f 6593/620 6608/653 7436/704
f 6613/675 6593/620 7436/704
f 5783/717 7391/730 7805/630
f 6800/619 6791/596 6790/534
f 488/2302 484/2422 14/2355
f 495/2209 1/2262 13/2347
f 1841/372 1871/239 7271/316
f 7445/505 1841/372 7452/456
f 6609/692 6826/777 7934/782
f 6934/759 7625/752 6789/820
f 3690/3057 3412/3109 6476/3117
f 6663/2108 676/2151 675/2079
f 7515/700 5785/662 6800/619
f 6781/541 7445/505 7311/618
f 6800/619 6779/651 7515/700
f 7271/316 7276/378 1841/372
f 1871/239 6758/262 7271/316
f 7452/456 1841/372 7276/378
f 1035/146 1356/152 1039/129
f 6821/515 7445/505 7452/456
f 1050/212 1356/152 1202/196
f 7625/752 6796/837 6789/820
f 7445/505 7243/583 7311/618
f 7515/700 6779/651 1852/728
f 6809/328 7276/378 7271/316
f 6809/328 7271/316 6758/262
f 1862/419 7452/456 7276/378
f 6796/837 7625/752 7934/782
f 1907/712 7311/618 1906/687
f 1852/728 1874/812 7515/700
f 1876/514 7243/583 6821/515
f 2175/107 1203/137 7622/112
f 6821/515 1836/481 1878/503
f 3271/2768 3289/2677 4420/2782
f 1907/712 1874/812 1852/728
f 7350/289 6758/262 7352/250
f 1862/419 1876/514 1836/481
f 6821/515 1878/503 1876/514
f 7352/250 7351/266 7350/289
f 1862/419 1299/324 1936/377
f 7326/165 7335/211 7334/218
f 6773/260 1936/377 1299/324
f 2025/1580 2028/1607 1980/1499
f 5562/2708 1726/2785 1717/2765
f 6271/1521 1603/1587 6272/1529
f 1605/1911 1645/1809 1644/1797
f 1171/709 1156/801 1183/753
f 7203/532 7202/555 5697/573
f 1295/1311 1981/1256 1975/1253
f 2033/1194 1975/1253 1981/1256
f 1945/802 5661/762 7124/845
f 5530/1675 6052/1744 1012/1746
f 1935/1151 2081/1181 5658/1226
f 2273/1367 5473/1403 1013/1451
f 1867/776 1879/682 1925/771
f 1925/771 1879/682 1905/719
f 15/2503 497/2465 13/2347
f 7268/111 1031/88 1038/82
f 7306/139 1349/173 1322/118
f 3770/3303 407/3169 3753/3261
f 1046/183 1040/195 1204/163
f 737/885 7954/1118 639/1033
f 1480/2158 1525/2111 1481/2170
f 1363/128 1204/163 1203/137
f 4377/2289 571/2120 495/2209
f 1035/146 1039/129 7268/111
f 1726/2785 2132/2841 1717/2765
f 3529/3150 3530/3083 3286/3069
f 2984/2852 2133/2871 2130/2807
f 2132/2841 2984/2852 1717/2765
f 7632/291 1051/243 1034/230
f 1040/195 1049/234 1210/166
f 1478/2179 7956/2282 8058/2241
f 2239/2745 2130/2807 2751/2850
f 2984/2852 2130/2807 1717/2765
f 1703/2817 1701/2730 3507/2816
f 1686/2823 3507/2816 1581/2766
f 1356/152 1035/146 1202/196
f 2873/2930 2133/2871 2984/2852
f 1203/137 1210/166 7306/139
f 1210/166 1203/137 1204/163
f 2239/2745 1717/2765 2130/2807
f 1701/2730 1581/2766 3507/2816
f 1578/2754 1686/2823 1581/2766
f 3380/2940 3259/2996 3382/2972
f 1035/146 7268/111 1041/126
f 1204/163 1357/142 1046/183
f 2919/3016 2947/2936 3490/3025
f 2953/2869 2952/2926 1686/2823
f 1725/2661 1717/2765 2239/2745
f 5562/2708 1695/2755 1726/2785
f 1701/2730 1695/2755 1702/2640
f 1701/2730 1724/2694 1581/2766
f 1581/2766 1724/2694 1578/2754
f 4711/2887 3380/2940 4708/2911
f 3250/3046 3339/2909 3382/2972
f 1046/183 1370/241 1040/195
f 1205/78 7307/66 1031/88
f 6129/2662 1723/2671 1729/2582
f 2239/2745 6129/2662 1725/2661
f 5562/2708 1702/2640 1695/2755
f 1702/2640 1696/2642 1701/2730
f 1696/2642 1724/2694 1701/2730
f 2940/2669 1579/2709 3482/2732
f 6379/2687 1578/2754 1724/2694
f 3482/2732 6379/2687 2940/2669
f 3482/2732 1579/2709 1576/2774
f 5329/2437 5350/2485 5327/2457
f 5329/2437 1720/2550 5350/2485
f 1729/2582 1725/2661 6129/2662
f 1725/2661 1702/2640 5562/2708
f 1708/2583 1696/2642 1702/2640
f 1696/2642 1697/2601 1724/2694
f 1565/2690 1579/2709 2940/2669
f 6379/2687 1724/2694 1697/2601
f 6379/2687 1582/2643 2940/2669
f 3426/2905 4593/3001 6374/2922
f 6374/2922 3447/2912 3465/2856
f 1576/2774 1579/2709 1565/2690
f 4711/2887 3342/2821 3345/2832
f 3342/2821 4708/2911 3339/2909
f 581/1738 597/1779 570/1701
f 1720/2550 5329/2437 1721/2477
f 1721/2477 1722/2453 1720/2550
f 1720/2550 1722/2453 1729/2582
f 1725/2661 1729/2582 1719/2518
f 1702/2640 1725/2661 1719/2518
f 1710/2501 1708/2583 1702/2640
f 1708/2583 1716/2569 1696/2642
f 1696/2642 1716/2569 1697/2601
f 1565/2690 2940/2669 1584/2625
f 2987/2591 2940/2669 1582/2643
f 6379/2687 1697/2601 1582/2643
f 7471/2976 4593/3001 3426/2905
f 3551/2836 3521/2783 3524/2776
f 6409/2882 1569/2742 3521/2783
f 1569/2742 1576/2774 1565/2690
f 3299/2788 3345/2832 3342/2821
f 3299/2788 3356/2759 3345/2832
f 2416/2342 2417/2389 2046/2310
f 1939/2265 2046/2310 1811/2205
f 5329/2437 2417/2389 2416/2342
f 1721/2477 5329/2437 1722/2453
f 1729/2582 1722/2453 1719/2518
f 1719/2518 1710/2501 1702/2640
f 1708/2583 1710/2501 1727/2534
f 1708/2583 1727/2534 1716/2569
f 1574/2634 1565/2690 1584/2625
f 2987/2591 1582/2643 1697/2601
f 3426/2905 3423/2892 7471/2976
f 4595/2978 3464/2889 3394/2997
f 3525/2711 3524/2776 3521/2783
f 1263/290 7356/268 1305/346
f 3417/2845 3360/2875 757/2939
f 3357/2811 3338/2733 3342/2821
f 7022/220 1290/284 7211/229
f 7483/2938 3417/2845 757/2939
f 1719/2518 1780/2371 2030/2391
f 1817/2230 1939/2265 1811/2205
f 2026/2356 5329/2437 2416/2342
f 2026/2356 1722/2453 5329/2437
f 2030/2391 1710/2501 1719/2518
f 1261/48 1226/55 1224/17
f 1715/2511 1716/2569 1727/2534
f 2985/2548 1584/2625 2987/2591
f 6218/1667 7480/1775 1608/1714
f 6401/2801 3423/2892 3426/2905
f 5009/2916 4911/2879 7483/2938
f 1049/234 1040/195 1370/241
f 4770/2718 4949/2752 3393/2771
f 5009/2916 3394/2997 3464/2889
f 7175/39 6979/53 7176/46
f 3423/2892 3464/2889 4595/2978
f 1570/2632 1586/2638 1569/2742
f 3341/2723 3333/2686 3356/2759
f 1381/551 1348/475 1382/525
f 3360/2875 3417/2845 3357/2811
f 4687/685 1389/761 2067/702
f 4911/2879 3417/2845 7483/2938
f 2031/2268 2026/2356 2416/2342
f 1749/2327 1722/2453 2026/2356
f 1718/2399 1710/2501 2030/2391
f 6825/2455 1710/2501 1718/2399
f 6825/2455 1715/2511 1727/2534
f 1341/349 1342/411 1337/388
f 3395/2806 3423/2892 6401/2801
f 4911/2879 5009/2916 3387/2818
f 5009/2916 3464/2889 3427/2813
f 996/1089 1954/987 1959/1052
f 3464/2889 3423/2892 3395/2806
f 1586/2638 3467/2657 3525/2711
f 1570/2632 3449/2531 1586/2638
f 3417/2845 4949/2752 3357/2811
f 4911/2879 3387/2818 3417/2845
f 1333/186 1257/171 7228/125
f 3343/2624 3333/2686 3341/2723
f 1712/2307 2030/2391 1105/2322
f 1939/2265 2073/2222 2031/2268
f 6390/2426 6371/2376 1694/2445
f 4399/2717 3395/2806 6401/2801
f 3395/2806 3427/2813 3464/2889
f 1299/324 7351/266 6773/260
f 3525/2711 4741/2703 3524/2776
f 3467/2657 3455/2630 4741/2703
f 1382/525 1342/411 7317/428
f 6401/2801 4741/2703 4399/2717
f 3467/2657 1586/2638 1571/2598
f 3540/1245 1118/1339 1149/1224
f 1947/632 4687/685 2067/702
f 1817/2230 1811/2205 2073/2222
f 3449/2531 486/2541 1586/2638
f 3343/2624 3341/2723 3369/2659
f 3344/2622 3333/2686 3343/2624
f 3417/2845 3446/2763 3393/2771
f 4949/2752 3417/2845 3393/2771
f 3387/2818 3446/2763 3417/2845
f 2031/2268 1762/2218 1749/2327
f 1713/2352 1718/2399 1712/2307
f 1589/2397 6825/2455 1713/2352
f 3551/2836 3447/2912 6409/2882
f 1344/106 1223/81 1219/80
f 1689/2456 3449/2531 2985/2548
f 1694/2445 1689/2456 2985/2548
f 1694/2445 6371/2376 1622/2359
f 1456/1567 7756/1658 6599/1590
f 3354/2563 3369/2659 3359/2637
f 3354/2563 3343/2624 3369/2659
f 1286/436 1296/400 1305/346
f 3343/2624 3320/2558 3344/2622
f 7466/2599 3359/2637 3391/2681
f 3446/2763 4770/2718 3393/2771
f 3387/2818 3575/2712 3446/2763
f 5942/2225 1778/2255 1712/2307
f 2003/2171 5567/2231 2018/2270
f 1712/2307 1778/2255 1713/2352
f 1713/2352 1776/2266 1589/2397
f 1622/2359 1689/2456 1694/2445
f 3575/2712 3427/2813 3442/2731
f 4399/2717 3487/2644 3577/2612
f 1330/488 1303/493 1281/407
f 3452/2545 3479/2577 3455/2630
f 3452/2545 1571/2598 2125/2522
f 486/2541 6919/2475 2948/2466
f 3343/2624 3354/2563 3352/2530
f 3532/2641 7466/2599 3391/2681
f 3446/2763 3444/2647 4770/2718
f 1955/942 7124/845 1958/839
f 4770/2718 3441/2616 4949/2752
f 2003/2171 2043/2123 5567/2231
f 2003/2171 1762/2218 1781/2133
f 1687/2332 1707/2276 6264/2330
f 1776/2266 1713/2352 1778/2255
f 3342/2821 4711/2887 4708/2911
f 6296/2296 6264/2330 1707/2276
f 1370/241 1050/212 1061/294
f 1105/2322 2030/2391 1780/2371
f 6296/2296 1622/2359 6264/2330
f 1689/2456 1622/2359 1629/2418
f 2063/1077 2075/1008 7357/1092
f 3575/2712 3442/2731 3577/2612
f 3452/2545 2125/2522 2123/2441
f 1287/2556 3353/2461 3354/2563
f 3304/2471 3320/2558 3352/2530
f 1994/2154 1777/2100 2022/2099
f 2038/2051 3542/2089 2022/2099
f 2003/2171 2001/2074 2043/2123
f 1145/689 1135/750 1150/784
f 5893/1953 6091/1995 6126/2054
f 2051/2155 3537/2064 1781/2133
f 2001/2074 2003/2171 1781/2133
f 1776/2266 1707/2276 1687/2332
f 6296/2296 1707/2276 1691/2238
f 528/1821 8006/1896 502/1850
f 502/1850 8006/1896 8072/1905
f 1575/2313 1629/2418 1622/2359
f 3248/2507 3577/2612 6494/2562
f 1296/400 1199/451 1197/434
f 1606/2398 1585/2349 2948/2466
f 2018/2270 1105/2322 1780/2371
f 609/1203 513/1133 7933/1063
f 1134/623 1110/671 1095/708
f 3430/2375 3353/2461 3313/2394
f 514/1236 329/1351 421/1460
f 3353/2461 3483/2450 3313/2394
f 1301/368 1369/429 1309/423
f 6782/1525 1454/1432 1475/1400
f 555/1719 8064/1765 8047/1805
f 3348/2517 3389/2512 3483/2450
f 3444/2647 3433/2611 6478/2519
f 473/2067 477/1861 481/2173
f 2023/2014 3542/2089 2038/2051
f 2001/2074 1763/2077 2043/2123
f 3542/2089 3512/2052 1681/2119
f 1748/2201 1691/2238 1707/2276
f 487/2333 490/2316 8040/2287
f 2035/2172 5942/2225 2008/2152
f 1627/2283 1585/2349 1575/2313
f 7346/164 7335/211 7326/165
f 3311/2497 3441/2616 3315/2536
f 491/2213 488/2302 8055/2232
f 3483/2450 6487/2357 3313/2394
f 332/1188 402/1255 423/1357
f 1/2262 559/2165 2/2153
f 3483/2450 3389/2512 3435/2417
f 3313/2394 6487/2357 3428/2366
f 329/1351 332/1188 423/1357
f 514/1236 421/1460 517/1504
f 6126/2054 1777/2100 2008/2152
f 609/1203 517/1504 532/1442
f 402/1255 511/1418 406/1492
f 7459/1141 1114/1035 1128/1029
f 7938/932 529/1040 7933/1063
f 514/1236 110/1007 332/1188
f 2038/2051 1777/2100 6091/1995
f 519/2189 468/2183 518/2261
f 583/1803 581/1738 8047/1805
f 1262/159 1320/158 1252/101
f 532/1442 533/1205 609/1203
f 3338/2733 3369/2659 3341/2723
f 555/1719 8047/1805 581/1738
f 522/1883 525/1754 521/1614
f 3512/2052 2023/2014 1996/2038
f 510/1576 415/1484 8073/1552
f 1757/2360 8030/2290 490/2316
f 7996/1571 510/1576 8073/1552
f 506/1788 501/1848 498/1898
f 479/1751 7996/1571 414/1645
f 514/1236 609/1203 529/1040
f 1776/2266 1681/2119 1748/2201
f 1996/2038 1681/2119 3512/2052
f 555/1719 580/1656 554/1602
f 1680/2135 1691/2238 1748/2201
f 580/1656 555/1719 581/1738
f 502/1850 8072/1905 8047/1805
f 529/1040 110/1007 514/1236
f 7996/1571 8073/1552 415/1484
f 7996/1571 479/1751 510/1576
f 1618/2198 1627/2283 1575/2313
f 8004/1925 8072/1905 8006/1896
f 609/1203 514/1236 517/1504
f 482/2414 469/2328 518/2261
f 518/2261 481/2173 519/2189
f 519/2189 460/2095 468/2183
f 3456/2463 3248/2507 3480/2432
f 581/1738 537/1581 580/1656
f 474/1961 477/1861 479/1751
f 485/2116 8055/2232 2/2153
f 554/1602 8064/1765 555/1719
f 8064/1765 502/1850 8047/1805
f 533/1205 531/1440 540/1266
f 4181/2474 467/2408 469/2328
f 531/1440 533/1205 532/1442
f 1585/2349 1573/2315 2123/2441
f 421/1460 510/1576 517/1504
f 531/1440 530/1469 540/1266
f 479/1751 477/1861 510/1576
f 517/1504 475/1711 532/1442
f 402/1255 406/1492 423/1357
f 502/1850 8064/1765 528/1821
f 467/2408 8046/2406 470/2336
f 538/1741 8064/1765 554/1602
f 329/1351 415/1484 421/1460
f 1309/423 1330/488 1281/407
f 469/2328 8033/2235 481/2173
f 509/1920 520/2018 522/1883
f 470/2336 8046/2406 487/2333
f 487/2333 8040/2287 470/2336
f 531/1440 527/1603 530/1469
f 473/2067 481/2173 8033/2235
f 517/1504 510/1576 477/1861
f 509/1920 475/1711 477/1861
f 509/1920 515/1770 475/1711
f 539/1627 521/1614 532/1442
f 532/1442 475/1711 539/1627
f 8064/1765 538/1741 528/1821
f 3310/2314 4930/2362 3430/2375
f 587/1858 583/1803 8047/1805
f 525/1754 527/1603 521/1614
f 477/1861 474/1961 460/2095
f 469/2328 482/2414 4181/2474
f 501/1848 506/1788 525/1754
f 7447/1464 1471/1421 7432/1394
f 525/1754 506/1788 527/1603
f 528/1821 538/1741 506/1788
f 8006/1896 577/1939 8004/1925
f 499/2007 492/1991 498/1898
f 423/1357 406/1492 415/1484
f 8033/2235 470/2336 8040/2287
f 7490/2407 3311/2497 3315/2536
f 521/1614 539/1627 515/1770
f 8066/1847 501/1848 525/1754
f 473/2067 585/2118 509/1920
f 477/1861 473/2067 509/1920
f 8043/2284 500/2256 490/2316
f 528/1821 535/1912 8006/1896
f 8057/1983 8004/1925 577/1939
f 7293/194 7335/211 7346/164
f 531/1440 532/1442 521/1614
f 8006/1896 535/1912 577/1939
f 1757/2360 490/2316 8046/2406
f 510/1576 421/1460 415/1484
f 584/2127 485/2116 520/2018
f 585/2118 8033/2235 8040/2287
f 522/1883 521/1614 515/1770
f 487/2333 8046/2406 490/2316
f 575/1984 8057/1983 577/1939
f 521/1614 527/1603 531/1440
f 535/1912 575/1984 577/1939
f 498/1898 501/1848 523/1874
f 332/1188 329/1351 514/1236
f 8041/2187 8040/2287 500/2256
f 474/1961 461/2086 460/2095
f 522/1883 523/1874 8066/1847
f 469/2328 481/2173 518/2261
f 493/2083 492/1991 499/2007
f 1286/436 1303/493 1302/484
f 6487/2357 3483/2450 3435/2417
f 520/2018 509/1920 585/2118
f 499/2007 485/2116 2/2153
f 546/943 7938/932 7933/1063
f 575/1984 493/2083 8057/1983
f 498/1898 492/1991 535/1912
f 522/1883 520/2018 499/2007
f 414/1645 7996/1571 406/1492
f 529/1040 609/1203 7933/1063
f 575/1984 535/1912 492/1991
f 528/1821 498/1898 535/1912
f 6478/2519 6479/2515 3484/2388
f 500/2256 8040/2287 490/2316
f 491/2213 500/2256 8030/2290
f 515/1770 539/1627 475/1711
f 485/2116 584/2127 491/2213
f 584/2127 585/2118 8041/2187
f 8066/1847 525/1754 522/1883
f 575/1984 492/1991 493/2083
f 8030/2290 500/2256 8043/2284
f 460/2095 519/2189 481/2173
f 8033/2235 585/2118 473/2067
f 527/1603 506/1788 538/1741
f 8004/1925 8057/1983 8072/1905
f 467/2408 8060/2564 8046/2406
f 488/2302 8030/2290 1757/2360
f 7996/1571 415/1484 406/1492
f 468/2183 460/2095 461/2086
f 499/2007 523/1874 522/1883
f 8041/2187 500/2256 491/2213
f 498/1898 528/1821 506/1788
f 1971/1174 2068/1219 5426/1254
f 8041/2187 585/2118 8040/2287
f 554/1602 530/1469 527/1603
f 8033/2235 469/2328 470/2336
f 6091/1995 1777/2100 6126/2054
f 585/2118 584/2127 520/2018
f 1700/2257 1573/2315 1585/2349
f 522/1883 515/1770 509/1920
f 477/1861 475/1711 517/1504
f 554/1602 580/1656 537/1581
f 8047/1805 8072/1905 587/1858
f 8043/2284 490/2316 8030/2290
f 8030/2290 488/2302 491/2213
f 491/2213 584/2127 8041/2187
f 1/2262 8055/2232 488/2302
f 477/1861 460/2095 481/2173
f 501/1848 8066/1847 523/1874
f 110/1007 529/1040 545/679
f 493/2083 499/2007 2/2153
f 4181/2474 8060/2564 467/2408
f 554/1602 527/1603 538/1741
f 470/2336 469/2328 467/2408
f 491/2213 8055/2232 485/2116
f 523/1874 499/2007 498/1898
f 2/2153 559/2165 493/2083
f 1586/2638 3525/2711 1569/2742
f 415/1484 329/1351 423/1357
f 499/2007 520/2018 485/2116
f 1996/2038 2023/2014 2042/1970
f 1748/2201 1681/2119 1680/2135
f 8055/2232 1/2262 2/2153
f 3487/2644 3455/2630 3479/2577
f 1677/2008 1681/2119 1996/2038
f 7490/2407 3315/2536 6478/2519
f 2023/2014 2048/1922 2042/1970
f 1221/193 1324/167 7451/255
f 3320/2558 3343/2624 3352/2530
f 1390/559 1381/551 1386/617
f 3484/2388 6479/2515 3456/2463
f 1346/261 7451/255 1324/167
f 3450/2488 6326/2378 3480/2432
f 1302/484 7203/532 1943/523
f 1928/669 1859/587 5712/603
f 3480/2432 3485/2329 3456/2463
f 7205/309 1338/345 7199/286
f 3434/2311 6487/2357 3435/2417
f 6487/2357 6486/2264 3310/2314
f 1347/263 1353/247 1343/306
f 7490/2407 6478/2519 3484/2388
f 1584/2625 2985/2548 1574/2634
f 1133/970 1128/1029 1114/1035
f 2039/2019 5461/1981 5893/1953
f 2053/1322 2083/1251 1995/1331
f 2082/1945 2084/1892 5461/1981
f 1592/2156 1700/2257 1618/2198
f 1677/2008 1680/2135 1681/2119
f 1671/2104 1690/2197 1680/2135
f 1693/2137 1690/2197 1671/2104
f 1693/2137 1618/2198 1690/2197
f 1117/1182 6707/1260 7529/1235
f 6111/1886 2042/1970 2048/1922
f 1573/2315 1593/2252 6326/2378
f 3420/2221 3314/2269 3310/2314
f 3420/2221 3310/2314 6486/2264
f 6456/2300 6457/2324 3484/2388
f 8/2131 6571/2059 7/2210
f 6559/2035 7465/1946 6653/1982
f 1384/639 7383/734 5670/745
f 1805/1910 6014/1839 2091/1893
f 2084/1892 5893/1953 5461/1981
f 1649/2196 1593/2252 1573/2315
f 7391/730 7861/693 6884/616
f 4741/2703 3455/2630 3487/2644
f 7861/693 6812/793 6826/777
f 7391/730 6812/793 7861/693
f 6796/837 6808/849 6601/915
f 6796/837 6601/915 6584/925
f 6111/1886 1677/2008 2042/1970
f 6797/907 6601/915 6808/849
f 6798/865 6826/777 6812/793
f 6584/925 6601/915 6615/991
f 6132/2045 1680/2135 1677/2008
f 6798/865 6808/849 6826/777
f 7391/730 7513/780 7369/828
f 1857/861 6812/793 7369/828
f 8045/947 6797/907 6798/865
f 1618/2198 1693/2137 1607/2066
f 7293/194 6773/260 7335/211
f 7369/828 7513/780 6775/851
f 1857/861 7362/933 6798/865
f 1857/861 7369/828 6933/894
f 8045/947 7661/973 6797/907
f 7934/782 6808/849 6796/837
f 6798/865 7362/933 8045/947
f 1154/1164 1451/1125 1132/1126
f 3525/2711 3467/2657 4741/2703
f 1270/148 7293/194 7346/164
f 6933/894 7369/828 6776/889
f 1827/1006 7661/973 8045/947
f 764/1820 2032/1794 1012/1746
f 8045/947 7362/933 7344/1005
f 7312/890 6775/851 1874/812
f 3484/2388 3485/2329 3462/2295
f 6326/2378 1593/2252 3485/2329
f 1307/2138 3314/2269 3420/2221
f 1858/928 6776/889 6775/851
f 1827/1006 6778/1073 1869/1046
f 3314/2269 1307/2138 3330/2202
f 3431/2275 3434/2311 7490/2407
f 6792/971 7374/989 7362/933
f 1827/1006 7344/1005 6778/1073
f 1753/1159 1869/1046 6778/1073
f 6812/793 7391/730 7369/828
f 3438/2194 6486/2264 3434/2311
f 7490/2407 6457/2324 3431/2275
f 3462/2295 6497/2233 6456/2300
f 1279/191 7356/268 7354/231
f 1843/995 6792/971 1858/928
f 6792/971 1897/1051 7374/989
f 1897/1051 6778/1073 7344/1005
f 6933/894 7362/933 1857/861
f 5390/1385 6023/1287 5838/1333
f 7027/1153 1898/1058 1883/1055
f 1305/346 7356/268 1290/284
f 3451/2239 6457/2324 6456/2300
f 1515/1989 6571/2059 1513/1934
f 5752/1119 6855/1200 2520/1122
f 1843/995 1898/1058 6792/971
f 1847/1405 5772/1408 6844/1474
f 5390/1385 5838/1333 5482/1414
f 6792/971 1898/1058 1897/1051
f 1029/1283 1913/1317 1900/1250
f 1845/1162 6914/1231 1753/1159
f 1872/953 7312/890 1874/812
f 1517/1882 1530/1950 6653/1982
f 2004/1503 1909/1423 2093/1424
f 1513/1934 7464/1936 1515/1989
f 7374/989 1897/1051 7344/1005
f 5839/1409 1903/1362 1029/1283
f 1883/1055 1843/995 1872/953
f 1124/1078 1116/1167 1119/1176
f 6812/793 1857/861 6798/865
f 1872/953 5508/1050 1883/1055
f 5893/1953 2084/1892 5335/1859
f 1854/1227 6914/1231 1845/1162
f 1911/1270 1840/1338 1839/1365
f 6833/1290 1840/1338 1911/1270
f 6775/851 7513/780 1874/812
f 5441/1730 2055/1739 2242/1811
f 1662/1887 1677/2008 6111/1886
f 5396/2109 1811/2205 2021/2103
f 1827/1006 8045/947 7344/1005
f 1753/1159 6914/1231 1911/1270
f 7374/989 7344/1005 7362/933
f 2520/1122 5508/1050 5624/1031
f 1899/1139 1898/1058 7027/1153
f 5830/1268 6914/1231 1854/1227
f 1663/1942 6132/2045 1677/2008
f 1792/1828 6014/1839 1805/1910
f 5852/1342 6833/1290 5830/1268
f 1839/1365 1840/1338 1847/1405
f 1671/2104 6132/2045 1615/2010
f 1607/2066 1648/2006 1625/2063
f 5838/1333 2087/1259 5283/1324
f 2061/2033 5396/2109 2021/2103
f 7027/1153 1883/1055 1918/1129
f 1880/1206 1899/1139 7027/1153
f 7312/890 1858/928 6775/851
f 5363/1376 5283/1324 5717/1379
f 1880/1206 5830/1268 1854/1227
f 6111/1886 6070/1825 1662/1887
f 2055/1739 2052/1683 5500/1798
f 1224/17 1220/18 1261/48
f 1571/2598 3455/2630 3467/2657
f 2014/1979 2061/2033 2021/2103
f 1805/1910 2092/1964 2014/1979
f 7027/1153 1918/1129 5402/1189
f 7027/1153 1900/1250 1880/1206
f 6601/915 6797/907 7661/973
f 2004/1503 2093/1424 5839/1409
f 5852/1342 1840/1338 6833/1290
f 3537/2064 2051/2155 2094/2024
f 5402/1189 1918/1129 2520/1122
f 888/1509 2070/1631 5359/1565
f 6054/1198 5752/1119 64/1150
f 1912/1582 1801/1709 1804/1650
f 6844/1474 1993/1483 1847/1405
f 1897/1051 1845/1162 6778/1073
f 5501/1456 888/1509 5482/1414
f 5852/1342 5772/1408 1847/1405
f 7513/780 7391/730 5783/717
f 5852/1342 5830/1268 1882/1326
f 6844/1474 2078/1544 1993/1483
f 6070/1825 1665/1815 1662/1887
f 3462/2295 3485/2329 1612/2204
f 6497/2233 3462/2295 1612/2204
f 1807/1632 1838/1693 1806/1716
f 2091/1893 2092/1964 1805/1910
f 3537/2064 2094/2024 2082/1945
f 3350/2148 1307/2138 3420/2221
f 2058/1852 2055/1739 5500/1798
f 1900/1250 7027/1153 5402/1189
f 1880/1206 1900/1250 1882/1326
f 5752/1119 6054/1198 6855/1200
f 2520/1122 6855/1200 5402/1189
f 5837/1244 6054/1198 64/1150
f 5508/1050 1918/1129 1883/1055
f 2061/2033 2094/2024 5396/2109
f 2052/1683 2055/1739 2070/1631
f 1806/1716 1838/1693 1792/1828
f 5501/1456 5363/1376 5717/1379
f 1788/1467 973/1573 5839/1409
f 1903/1362 1913/1317 1029/1283
f 1912/1582 1856/1541 2234/1487
f 2058/1852 2242/1811 2055/1739
f 5359/1565 2070/1631 1093/1636
f 2091/1893 5480/1962 2092/1964
f 1847/1405 1993/1483 1839/1365
f 2095/1695 2070/1631 2055/1739
f 5852/1342 1882/1326 5772/1408
f 1872/953 1843/995 1858/928
f 6797/907 6808/849 6798/865
f 1801/1709 1838/1693 1804/1650
f 5501/1456 2071/1560 888/1509
f 3330/2202 1307/2138 8/2131
f 1029/1283 1900/1250 5402/1189
f 7252/355 1207/410 1371/398
f 6910/1756 5494/1734 5392/1682
f 1882/1326 1900/1250 7001/1332
f 5402/1189 6855/1200 1029/1283
f 3434/2311 3431/2275 3438/2194
f 1882/1326 5830/1268 1880/1206
f 6792/971 7362/933 6933/894
f 5482/1414 5363/1376 5501/1456
f 2094/2024 2061/2033 5480/1962
f 6023/1287 6054/1198 5837/1244
f 5363/1376 5838/1333 5283/1324
f 2058/1852 2082/1945 2242/1811
f 5441/1730 2095/1695 2055/1739
f 2047/1672 2070/1631 2095/1695
f 2234/1487 6844/1474 5772/1408
f 2094/2024 5480/1962 5462/1884
f 5752/1119 2520/1122 5624/1031
f 5392/1682 973/1573 1093/1636
f 5772/1408 1882/1326 1909/1423
f 2003/2171 2018/2270 1762/2218
f 2234/1487 1856/1541 6844/1474
f 1807/1632 1856/1541 1912/1582
f 5903/1620 1791/1691 1910/1609
f 2091/1893 6014/1839 6015/1795
f 3431/2275 6457/2324 3451/2239
f 1791/1691 5903/1620 5494/1734
f 1903/1362 7001/1332 1913/1317
f 2052/1683 2070/1631 2071/1560
f 6023/1287 1029/1283 6855/1200
f 7001/1332 1900/1250 1913/1317
f 2071/1560 2070/1631 888/1509
f 7369/828 6775/851 6776/889
f 2242/1811 2082/1945 5462/1884
f 2234/1487 5772/1408 1909/1423
f 5462/1884 2091/1893 6015/1795
f 6776/889 1858/928 6792/971
f 2047/1672 5441/1730 5392/1682
f 2061/2033 2014/1979 2092/1964
f 1791/1691 1801/1709 1910/1609
f 2047/1672 1093/1636 2070/1631
f 5839/1409 1029/1283 6023/1287
f 5363/1376 5482/1414 5838/1333
f 5390/1385 5839/1409 6023/1287
f 5482/1414 888/1509 1788/1467
f 5838/1333 6023/1287 5837/1244
f 5396/2109 2094/2024 2051/2155
f 2242/1811 6910/1756 5441/1730
f 1823/1131 1869/1046 1753/1159
f 7001/1332 1903/1362 1909/1423
f 6844/1474 1856/1541 2078/1544
f 1845/1162 1880/1206 1854/1227
f 5903/1620 973/1573 5494/1734
f 7164/94 7228/125 1272/65
f 1843/995 1883/1055 1898/1058
f 1869/1046 6615/991 7661/973
f 1845/1162 1897/1051 1899/1139
f 1595/1752 6753/1824 1494/1726
f 2234/1487 1909/1423 5912/1523
f 1845/1162 1899/1139 1880/1206
f 5494/1734 6015/1795 1791/1691
f 2234/1487 5912/1523 1912/1582
f 5903/1620 1910/1609 2004/1503
f 1912/1582 1910/1609 1801/1709
f 1827/1006 1869/1046 7661/973
f 1093/1636 2047/1672 5392/1682
f 1792/1828 1838/1693 1801/1709
f 1847/1405 1840/1338 5852/1342
f 1801/1709 6014/1839 1792/1828
f 973/1573 1788/1467 5359/1565
f 3451/2239 6456/2300 6497/2233
f 1801/1709 1791/1691 6015/1795
f 7001/1332 1909/1423 1882/1326
f 5494/1734 6910/1756 2242/1811
f 1516/1851 7464/1936 1513/1934
f 1788/1467 888/1509 5359/1565
f 6910/1756 5392/1682 5441/1730
f 6615/991 6601/915 7661/973
f 1918/1129 5508/1050 2520/1122
f 2078/1544 1856/1541 1807/1632
f 1903/1362 2093/1424 1909/1423
f 1910/1609 5912/1523 2004/1503
f 1788/1467 5390/1385 5482/1414
f 7312/890 1872/953 1858/928
f 6914/1231 6833/1290 1911/1270
f 5494/1734 5462/1884 6015/1795
f 7629/571 1057/483 1153/613
f 1805/1910 2014/1979 1792/1828
f 1093/1636 973/1573 5359/1565
f 2242/1811 5462/1884 5494/1734
f 5912/1523 1909/1423 2004/1503
f 5462/1884 2082/1945 2094/2024
f 6015/1795 6014/1839 1801/1709
f 5480/1962 2061/2033 2092/1964
f 1807/1632 1804/1650 1838/1693
f 7934/782 6826/777 6808/849
f 973/1573 2004/1503 5839/1409
f 7331/1753 1775/1870 5335/1859
f 6792/971 6933/894 6776/889
f 6855/1200 6054/1198 6023/1287
f 1132/1126 7372/1173 1149/1224
f 2084/1892 5500/1798 5335/1859
f 6833/1290 6914/1231 5830/1268
f 5839/1409 2093/1424 1903/1362
f 1807/1632 1912/1582 1804/1650
f 7331/1753 5397/1749 2032/1794
f 1753/1159 7313/1202 1823/1131
f 1911/1270 7313/1202 1753/1159
f 973/1573 5903/1620 2004/1503
f 6778/1073 1845/1162 1753/1159
f 5392/1682 5494/1734 973/1573
f 2047/1672 2095/1695 5441/1730
f 2051/2155 1811/2205 5396/2109
f 5462/1884 5480/1962 2091/1893
f 1625/2063 2126/2093 1592/2156
f 1872/953 5624/1031 5508/1050
f 5912/1523 1910/1609 1912/1582
f 1898/1058 1899/1139 1897/1051
f 5839/1409 5390/1385 1788/1467
f 3536/2017 1648/2006 1782/1941
f 2066/1383 6113/1463 5473/1403
f 6919/2475 3449/2531 1629/2418
f 1663/1942 1677/2008 1662/1887
f 1615/2010 1675/1978 1591/2048
f 1628/1990 1607/2066 1653/2056
f 1628/1990 1653/2056 1675/1978
f 3528/2749 3391/2681 3338/2733
f 1662/1887 1665/1815 6138/1804
f 1278/1022 5638/1032 7003/1113
f 1012/1746 5397/1749 2054/1681
f 7477/169 6773/260 7293/194
f 1612/2204 3485/2329 1562/2176
f 6304/2139 6468/2167 1612/2204
f 4949/2752 3528/2749 3357/2811
f 7755/1671 1613/1670 1595/1752
f 3350/2148 3438/2194 3422/2088
f 3477/2146 3451/2239 6497/2233
f 3312/2011 1452/1908 7458/1937
f 1613/1670 1516/1851 1595/1752
f 1513/1934 7458/1937 6753/1824
f 1517/1882 1516/1851 1511/1769
f 7331/1753 5335/1859 5500/1798
f 1344/106 7474/96 1223/81
f 3536/2017 1782/1941 3488/1954
f 6138/1804 1663/1942 1662/1887
f 1663/1942 1666/1880 1615/2010
f 1675/1978 1615/2010 1666/1880
f 3450/2488 6494/2562 3479/2577
f 6051/1768 5981/1748 1665/1815
f 1337/388 1369/429 1301/368
f 6051/1768 6070/1825 6052/1744
f 4667/2096 1612/2204 1562/2176
f 7115/287 1221/193 7451/255
f 1612/2204 4667/2096 6304/2139
f 5567/2231 5942/2225 1712/2307
f 6468/2167 6304/2139 1563/2094
f 3350/2148 3422/2088 3421/2090
f 764/1820 6111/1886 2048/1922
f 3539/2087 3421/2090 3437/1993
f 1307/2138 3533/2030 3312/2011
f 4253/2134 3422/2088 3438/2194
f 1508/1926 1452/1908 3312/2011
f 6753/1824 7458/1937 1445/1816
f 1505/1704 1507/1773 1511/1769
f 5717/1379 1013/1451 5501/1456
f 1595/1752 1516/1851 6753/1824
f 3310/2314 3314/2269 4930/2362
f 1126/1201 6197/1286 6068/1211
f 7331/1753 2072/1628 2054/1681
f 2126/2093 1620/1973 3439/2126
f 1659/1900 1637/1891 1782/1941
f 1666/1880 1663/1942 6138/1804
f 1666/1880 1601/1888 1675/1978
f 1628/1990 1601/1888 1605/1911
f 6051/1768 5977/1715 5981/1748
f 1620/1973 1566/2046 3439/2126
f 1563/2094 3477/2146 6468/2167
f 1943/523 7203/532 5697/573
f 3437/1993 3421/2090 3422/2088
f 3539/2087 3437/1993 3533/2030
f 1508/1926 3312/2011 3533/2030
f 6070/1825 6051/1768 1665/1815
f 7345/113 1195/150 1344/106
f 3445/2013 3422/2088 4253/2134
f 1452/1908 1508/1926 1521/1823
f 1521/1823 4954/1853 1452/1908
f 764/1820 2048/1922 1775/1870
f 1281/407 1297/335 1338/345
f 4954/1853 1512/1737 1445/1816
f 4770/2718 3444/2647 3441/2616
f 1613/1670 1505/1704 1511/1769
f 1595/1752 1494/1726 7755/1671
f 7331/1753 2052/1683 2072/1628
f 6674/1640 1512/1737 6715/1745
f 2072/1628 5382/1589 2054/1681
f 1637/1891 1659/1900 1660/1843
f 1601/1888 1645/1809 1605/1911
f 7441/1534 1616/1538 1115/1398
f 5977/1715 6052/1744 5960/1641
f 6138/1804 985/1708 1783/1686
f 6462/1956 4667/2096 1566/2046
f 1621/1935 1566/2046 1620/1973
f 5567/2231 1712/2307 1105/2322
f 1861/445 5704/474 6811/494
f 3432/2000 3422/2088 3445/2013
f 4253/2134 1556/2031 3445/2013
f 1508/1926 3436/1832 1521/1823
f 1512/1737 1509/1740 1445/1816
f 1505/1704 1613/1670 1506/1604
f 1474/1555 7746/1666 1473/1648
f 1776/2266 1687/2332 1589/2397
f 7755/1671 1494/1726 7756/1658
f 1729/2582 1723/2671 1720/2550
f 1783/1686 1786/1742 6138/1804
f 3488/1954 1602/1819 1620/1973
f 1666/1880 1786/1742 7424/1771
f 1645/1809 1601/1888 7424/1771
f 1660/1843 1644/1797 1594/1747
f 2000/1649 1783/1686 985/1708
f 4667/2096 6462/1956 1557/1955
f 1590/1817 1621/1935 1620/1973
f 1563/2094 1557/1955 1556/2031
f 1326/76 1236/52 7623/89
f 1386/617 1381/551 6981/606
f 6756/1889 3437/1993 3432/2000
f 3432/2000 3445/2013 6756/1889
f 3445/2013 1556/2031 3474/1930
f 3465/2856 6401/2801 3426/2905
f 6715/1745 1521/1823 3436/1832
f 1447/1655 1509/1740 1512/1737
f 1456/1567 1613/1670 7755/1671
f 7756/1658 1456/1567 7755/1671
f 1786/1742 1783/1686 2029/1652
f 2076/637 2077/636 1992/668
f 1146/1000 1108/1025 1124/1078
f 2028/1607 2029/1652 1783/1686
f 1786/1742 6240/1643 7424/1771
f 2028/1607 1783/1686 2000/1649
f 1269/100 7477/169 1270/148
f 2000/1649 5982/1661 1999/1578
f 1557/1955 6462/1956 6385/1862
f 6462/1956 1596/1868 6385/1862
f 3436/1832 3437/1993 6756/1889
f 5535/1142 6157/1083 1148/1049
f 6113/1463 5965/1530 1013/1451
f 1556/2031 1567/1875 3474/1930
f 3480/2432 6326/2378 3485/2329
f 1309/423 1338/345 1301/368
f 6715/1745 3436/1832 6902/1723
f 7746/1666 6715/1745 6902/1723
f 1447/1655 1512/1737 1554/1606
f 1613/1670 1456/1567 6669/1462
f 1255/60 1272/65 7301/31
f 4667/2096 1557/1955 1563/2094
f 1652/1420 1598/1352 6793/1368
f 2037/1543 5965/1530 6113/1463
f 1786/1742 2029/1652 6240/1643
f 2028/1607 2025/1580 2029/1652
f 7424/1771 6240/1643 1658/1688
f 1297/335 1305/346 1290/284
f 6489/1806 1557/1955 6385/1862
f 7480/1775 1596/1868 1590/1817
f 1270/148 7477/169 7293/194
f 1596/1868 7480/1775 6385/1862
f 1590/1817 1631/1665 1608/1714
f 6489/1806 1567/1875 1557/1955
f 7746/1666 6674/1640 6715/1745
f 1558/1592 7446/1501 6599/1590
f 3369/2659 3338/2733 3359/2637
f 2031/2268 2051/2155 1762/2218
f 3330/2202 3331/2306 3314/2269
f 1281/407 1305/346 1297/335
f 1554/1606 1512/1737 6674/1640
f 7432/1394 6669/1462 7447/1464
f 1050/212 1202/196 1051/243
f 1449/1320 1121/1302 1116/1167
f 2110/1478 2037/1543 6113/1463
f 1602/1819 1594/1747 1599/1662
f 1375/501 1366/497 1174/549
f 5809/1532 5501/1456 1013/1451
f 1631/1665 1602/1819 1599/1662
f 6240/1643 6170/1564 1658/1688
f 5948/1601 1669/1663 1658/1688
f 1564/2440 3450/2488 2123/2441
f 1999/1578 1980/1499 2028/1607
f 6385/1862 6384/1781 6489/1806
f 6751/1705 1635/1791 6756/1889
f 1905/719 1944/751 1925/771
f 6756/1889 1555/1836 6751/1705
f 6674/1640 7746/1666 1474/1555
f 7446/1501 1558/1592 1554/1606
f 7447/1464 1456/1567 7446/1501
f 1631/1665 6272/1529 1603/1587
f 1599/1662 1669/1663 1654/1588
f 703/1281 679/1374 663/1273
f 1658/1688 6170/1564 5948/1601
f 1710/2501 6825/2455 1727/2534
f 1980/1499 1999/1578 2036/1496
f 7480/1775 4781/1706 6384/1781
f 6390/2426 1694/2445 1583/2500
f 1614/1703 3247/1735 6489/1806
f 1635/1791 6751/1705 6748/1722
f 6751/1705 1555/1836 3247/1735
f 3458/1540 1474/1555 1473/1648
f 7417/569 1145/689 1153/613
f 5530/1675 1012/1746 2054/1681
f 1474/1555 6782/1525 6674/1640
f 7382/794 5670/745 7383/734
f 1554/1606 6782/1525 7446/1501
f 7424/1771 1601/1888 1666/1880
f 7446/1501 1471/1421 7447/1464
f 1446/1358 7432/1394 1471/1421
f 5948/1601 1979/1506 1654/1588
f 1364/177 1264/140 1221/193
f 2082/1945 5461/1981 2001/2074
f 6132/2045 1663/1942 1615/2010
f 1679/1546 1599/1662 1654/1588
f 6170/1564 1979/1506 5948/1601
f 1103/723 7717/586 7595/673
f 2036/1496 6087/1431 1980/1499
f 6489/1806 4781/1706 1614/1703
f 2065/917 1920/927 1930/965
f 2018/2270 5567/2231 1105/2322
f 7480/1775 6218/1667 4781/1706
f 6217/1653 1643/1584 6218/1667
f 6748/1722 6751/1705 3459/1629
f 2023/2014 2038/2051 6091/1995
f 3488/1954 2126/2093 3536/2017
f 1473/1648 3459/1629 3458/1540
f 1475/1400 7446/1501 6782/1525
f 1446/1358 1471/1421 7446/1501
f 1341/349 1288/332 1342/411
f 5837/1244 2087/1259 5838/1333
f 5473/1403 1995/1331 2066/1383
f 2062/1318 2273/1367 5717/1379
f 2063/1077 7357/1092 1935/1151
f 3350/2148 3421/2090 3539/2087
f 2034/1433 6088/1461 1779/1508
f 2125/2522 2948/2466 2123/2441
f 1979/1506 6170/1564 6088/1461
f 1658/1688 1644/1797 1645/1809
f 1655/1455 1679/1546 1661/1422
f 1092/578 7648/663 7417/569
f 2066/1383 5589/1292 2041/1364
f 1637/1891 1602/1819 3488/1954
f 6271/1521 6272/1529 1652/1420
f 1630/1654 6386/1619 3247/1735
f 1561/1635 3247/1735 6386/1619
f 996/1089 7357/1092 1954/987
f 3458/1540 1448/1458 1455/1446
f 1454/1432 1474/1555 1455/1446
f 1475/1400 1454/1432 1464/1340
f 5837/1244 2059/1184 2087/1259
f 64/1150 2059/1184 5837/1244
f 7417/569 1084/504 1092/578
f 5850/1308 2066/1383 1995/1331
f 7441/1534 1448/1458 3458/1540
f 1995/1331 2273/1367 2053/1322
f 1171/709 1188/695 1162/640
f 2273/1367 2062/1318 2053/1322
f 3474/1930 6756/1889 3445/2013
f 7331/1753 2032/1794 1775/1870
f 5589/1292 5850/1308 1238/1267
f 1679/1546 1979/1506 1661/1422
f 1092/578 1068/516 1134/623
f 6088/1461 1998/1426 1997/1395
f 2416/2342 2046/2310 1939/2265
f 1787/1371 1655/1455 1661/1422
f 2027/1416 6087/1431 2040/1366
f 2041/1364 2040/1366 6087/1431
f 1652/1420 1673/1452 6271/1521
f 1610/1518 6271/1521 1673/1452
f 3488/1954 1782/1941 1637/1891
f 6320/3100 3489/3047 4843/3012
f 1624/1574 1643/1584 1610/1518
f 6386/1619 1630/1654 6154/1558
f 7194/144 7477/169 1269/100
f 1616/1538 1561/1635 6386/1619
f 7440/1594 7441/1534 6751/1705
f 1446/1358 1475/1400 3460/1264
f 1953/1002 1919/929 5774/972
f 2127/1646 4781/1706 1624/1574
f 1464/1340 3460/1264 1475/1400
f 2087/1259 2059/1184 5658/1226
f 2059/1184 64/1150 1923/1076
f 2053/1322 2062/1318 836/1249
f 5426/1254 1238/1267 5850/1308
f 1238/1267 2068/1219 5589/1292
f 1103/723 7534/677 7717/586
f 5583/1361 2034/1433 1989/1427
f 1589/2397 1583/2500 1715/2511
f 5938/1402 1661/1422 1979/1506
f 6088/1461 1997/1395 5938/1402
f 1787/1371 1661/1422 6209/1337
f 1102/760 7595/673 7676/766
f 1787/1371 6209/1337 1295/1311
f 5981/1748 985/1708 6138/1804
f 2127/1646 1624/1574 6154/1558
f 1616/1538 6386/1619 6154/1558
f 7440/1594 1616/1538 7441/1534
f 1292/47 7194/144 1269/100
f 1559/1412 1450/1378 1448/1458
f 1955/942 1920/927 1100/866
f 6068/1211 7368/1156 5535/1142
f 6707/1260 1464/1340 1449/1320
f 1465/1195 1446/1358 3460/1264
f 1159/678 7629/571 1153/613
f 5809/1532 2072/1628 2071/1560
f 1652/1420 1787/1371 1657/1319
f 1787/1371 1295/1311 1657/1319
f 1589/2397 1715/2511 6825/2455
f 1965/827 1920/927 2065/917
f 3353/2461 4930/2362 3326/2446
f 5752/1119 5624/1031 7045/1018
f 64/1150 5752/1119 1917/1075
f 1923/1076 64/1150 1932/1065
f 5658/1226 2059/1184 1933/1155
f 1561/1635 1616/1538 7440/1594
f 1661/1422 5938/1402 5551/1346
f 1969/1054 1991/1074 1962/998
f 1950/683 5661/762 1992/668
f 5938/1402 1997/1395 5522/1293
f 1877/529 6818/455 1924/452
f 6209/1337 1981/1256 1295/1311
f 3382/2972 4708/2911 3380/2940
f 1632/1459 1673/1452 1609/1388
f 1632/1459 1638/1410 1636/1488
f 1226/55 1223/81 1327/51
f 1616/1538 6154/1558 1127/1441
f 5969/1608 2056/1625 5530/1675
f 1559/1412 1121/1302 1450/1378
f 3449/2531 1689/2456 1629/2418
f 7194/144 1280/225 7477/169
f 1450/1378 1121/1302 1449/1320
f 3420/2221 6486/2264 3350/2148
f 6707/1260 1449/1320 7529/1235
f 6296/2296 1691/2238 6290/2281
f 7175/39 7176/46 1214/28
f 1575/2313 6290/2281 1690/2197
f 1264/140 1200/102 1221/193
f 1657/1319 1598/1352 1652/1420
f 5624/1031 1872/953 1885/944
f 1917/1075 1908/1001 1932/1065
f 5774/972 1952/1016 1953/1002
f 5774/972 1921/984 1952/1016
f 2063/1077 1933/1155 1923/1076
f 1921/984 1923/1076 1952/1016
f 1963/1196 836/1249 2081/1181
f 1329/200 1195/150 1364/177
f 1164/740 1187/772 7383/734
f 5426/1254 2083/1251 1971/1174
f 7948/1998 675/2079 7951/2097
f 836/1249 1963/1196 2083/1251
f 1116/1167 1076/1042 1117/1182
f 1981/1256 6209/1337 5551/1346
f 1127/1441 6154/1558 1639/1448
f 1639/1448 1636/1488 1638/1410
f 6052/1744 2056/1625 5960/1641
f 1121/1302 1559/1412 1115/1398
f 7448/1328 1127/1441 1137/1353
f 5649/1434 6087/1431 2036/1496
f 7329/739 2067/702 7137/798
f 1117/1182 1459/1140 3460/1264
f 6825/2455 1718/2399 1713/2352
f 6456/2300 3484/2388 3462/2295
f 6170/1564 6240/1643 1779/1508
f 1459/1140 1453/979 1466/1041
f 2068/1219 1986/1158 5616/1272
f 5638/1032 1988/986 6158/1036
f 1074/863 1071/872 7676/766
f 5535/1142 1148/1049 1978/1087
f 3577/2612 3487/2644 6494/2562
f 6197/1286 1598/1352 1657/1319
f 6609/692 7934/782 7625/752
f 1638/1410 1632/1459 1609/1388
f 2987/2591 1583/2500 2985/2548
f 1885/944 1887/875 6801/882
f 1917/1075 7045/1018 1908/1001
f 1509/1740 7756/1658 1494/1726
f 1919/929 3032/918 5774/972
f 5514/1137 1986/1158 2068/1219
f 1935/1151 7357/1092 2081/1181
f 2063/1077 1923/1076 1921/984
f 7357/1092 1963/1196 2081/1181
f 7368/1156 6157/1083 5535/1142
f 7677/818 1102/760 7676/766
f 1921/984 1930/965 2075/1008
f 7381/948 1973/879 7353/961
f 5809/1532 1013/1451 5965/1530
f 1555/1836 1567/1875 3247/1735
f 1384/639 5670/745 4687/685
f 1074/863 1466/1041 1453/979
f 1981/1256 5551/1346 5522/1293
f 1562/2176 1566/2046 4667/2096
f 5712/603 1957/688 1928/669
f 1991/1074 2005/1102 1986/1158
f 2037/1543 5969/1608 5965/1530
f 2041/1364 6087/1431 5649/1434
f 1127/1441 1639/1448 1137/1353
f 7448/1328 7504/1220 3469/1282
f 2039/2019 2001/2074 5461/1981
f 1115/1398 1127/1441 7448/1328
f 2987/2591 1584/2625 2940/2669
f 2043/2123 1763/2077 6126/2054
f 6430/1289 1137/1353 3540/1245
f 2023/2014 6091/1995 2048/1922
f 1046/183 1050/212 1370/241
f 7306/139 1210/166 1349/173
f 1116/1167 1117/1182 7529/1235
f 5589/1292 5616/1272 2041/1364
f 1076/1042 1459/1140 1117/1182
f 1953/1002 1908/1001 1904/899
f 1874/812 1887/875 1872/953
f 1924/452 6818/455 1936/377
f 2007/816 6801/882 1887/875
f 1921/984 3032/918 5645/852
f 1609/1388 6795/1315 1600/1336
f 7377/575 1375/501 1174/549
f 1930/965 1920/927 2075/1008
f 1130/1223 7504/1220 7448/1328
f 5606/840 1973/879 7381/948
f 1862/419 1936/377 6818/455
f 5957/1284 1982/1183 5522/1293
f 1972/1192 1981/1256 5522/1293
f 1570/2632 1574/2634 2985/2548
f 1187/772 1164/740 1194/819
f 5609/1178 1981/1256 1972/1192
f 1969/1054 7016/1116 2005/1102
f 1139/1030 1667/1037 1111/946
f 2001/2074 3537/2064 2082/1945
f 1115/1398 7448/1328 3469/1282
f 7534/677 7547/817 1096/743
f 1781/2133 3537/2064 2001/2074
f 7448/1328 1137/1353 6430/1289
f 1606/2398 6919/2475 1629/2418
f 1453/979 1076/1042 1120/922
f 1473/1648 7746/1666 6902/1723
f 1904/899 1926/855 1919/929
f 1926/855 1867/776 1925/771
f 1991/1074 5514/1137 1959/1052
f 5426/1254 1995/1331 2083/1251
f 2056/1625 6052/1744 5530/1675
f 1131/862 1597/959 1111/946
f 996/1089 1971/1174 7357/1092
f 1167/509 1057/483 1180/424
f 5522/1293 1982/1183 1972/1192
f 6811/494 5704/474 6774/545
f 1149/1224 1118/1339 1600/1336
f 7677/818 1122/825 1102/760
f 5535/1142 1126/1201 6068/1211
f 1570/2632 1565/2690 1574/2634
f 5969/1608 5382/1589 5965/1530
f 1904/899 7046/920 2007/816
f 1920/927 1965/827 1100/866
f 1258/41 1200/102 1261/48
f 1554/1606 1558/1592 1447/1655
f 1509/1740 6753/1824 1445/1816
f 1100/866 1945/802 7124/845
f 3459/1629 7441/1534 3458/1540
f 1589/2397 1687/2332 6371/2376
f 1972/1192 1982/1183 5647/1103
f 1968/1071 1982/1183 7016/1116
f 1968/1071 1969/1054 1967/994
f 1969/1054 1962/998 1967/994
f 1925/771 1944/751 5645/852
f 2036/1496 1999/1578 5474/1550
f 1119/1176 7504/1220 7459/1141
f 1189/648 1173/595 7629/571
f 1989/1427 5617/1350 5583/1361
f 1589/2397 6371/2376 6390/2426
f 3540/1245 1130/1223 6430/1289
f 1236/52 1345/72 7623/89
f 7459/1141 6495/1110 1119/1176
f 1124/1078 6495/1110 1128/1029
f 1970/787 1966/813 2074/888
f 5977/1715 5960/1641 5982/1661
f 1278/1022 7353/961 5638/1032
f 5473/1403 6113/1463 1013/1451
f 1661/1422 5551/1346 6209/1337
f 1104/930 1122/825 1120/922
f 3488/1954 1620/1973 2126/2093
f 1103/723 1122/825 7547/817
f 5661/762 1942/738 1992/668
f 5617/1350 2027/1416 2040/1366
f 1076/1042 1108/1025 1104/930
f 5965/1530 5382/1589 5809/1532
f 7016/1116 1986/1158 2005/1102
f 1885/944 6801/882 7046/920
f 5616/1272 1982/1183 5957/1284
f 1989/1427 1980/1499 2027/1416
f 7381/948 1984/1011 1987/904
f 1199/451 5704/474 1197/434
f 2007/816 1907/712 1906/687
f 3387/2818 3427/2813 3575/2712
f 5616/1272 1986/1158 1982/1183
f 2007/816 1867/776 1904/899
f 1593/2252 1562/2176 3485/2329
f 1673/1452 6793/1368 1609/1388
f 1100/866 1965/827 1945/802
f 5645/852 1944/751 1965/827
f 1962/998 1959/1052 1954/987
f 1954/987 7357/1092 1955/942
f 4667/2096 1563/2094 6304/2139
f 7599/914 1109/804 7547/817
f 1135/750 1109/804 7439/860
f 5647/1103 7332/1066 5608/1130
f 1968/1071 1967/994 5531/1004
f 6218/1667 1624/1574 4781/1706
f 1115/1398 1616/1538 1127/1441
f 2033/1194 1981/1256 5609/1178
f 1155/1170 1132/1126 1149/1224
f 2025/1580 6240/1643 2029/1652
f 1149/1224 7372/1173 3540/1245
f 6495/1110 7459/1141 1128/1029
f 2036/1496 2110/1478 5649/1434
f 5397/1749 7331/1753 2054/1681
f 1128/1029 1146/1000 1124/1078
f 1327/51 1255/60 1254/37
f 2007/816 1906/687 1867/776
f 1146/1000 1112/937 1108/1025
f 3474/1930 1567/1875 1555/1836
f 1989/1427 1779/1508 1980/1499
f 1115/1398 1559/1412 7441/1534
f 5942/2225 5567/2231 2008/2152
f 2984/2852 2132/2841 2924/2964
f 1985/1072 1278/1022 7003/1113
f 1985/1072 7332/1066 7333/1024
f 3536/2017 2126/2093 1625/2063
f 1877/529 1924/452 6811/494
f 7610/582 1134/623 1068/516
f 1639/1448 6154/1558 1624/1574
f 3247/1735 1614/1703 1630/1654
f 1095/708 1135/750 7648/663
f 5551/1346 5938/1402 5522/1293
f 1118/1339 1639/1448 1638/1410
f 5647/1103 1968/1071 5531/1004
f 7332/1066 5647/1103 1984/1011
f 1057/483 1340/392 1163/386
f 1961/936 5531/1004 1967/994
f 1968/1071 5647/1103 1982/1183
f 1103/723 1102/760 1122/825
f 1076/1042 1104/930 1120/922
f 1967/994 1990/913 1961/936
f 2987/2591 1697/2601 1583/2500
f 1253/121 938/92 1217/104
f 1130/1223 1106/1104 7459/1141
f 1128/1029 7599/914 1146/1000
f 1528/2458 1547/2312 686/2325
f 578/2001 576/1929 574/1986
f 5474/1550 5960/1641 2056/1625
f 5809/1532 2071/1560 5501/1456
f 5969/1608 2037/1543 2056/1625
f 4437/3354 3753/3261 4373/3333
f 1112/937 1146/1000 7599/914
f 6217/1653 1608/1714 1631/1665
f 1932/1065 64/1150 1917/1075
f 1717/2765 1725/2661 5562/2708
f 1104/930 1112/937 7547/817
f 1152/1088 1451/1125 1611/1132
f 1622/2359 6290/2281 1575/2313
f 1132/1126 1155/1170 1154/1164
f 1660/1843 1594/1747 1602/1819
f 1978/1087 1140/1028 1611/1132
f 7345/113 1219/80 1261/48
f 1867/776 1906/687 1879/682
f 1505/1704 1506/1604 1507/1773
f 1957/688 1964/749 1944/751
f 1278/1022 1985/1072 7333/1024
f 2040/1366 5616/1272 5617/1350
f 7353/961 1988/986 5638/1032
f 2074/888 1966/813 1990/913
f 2985/2548 3449/2531 1570/2632
f 1031/88 1217/104 1205/78
f 1114/1035 7459/1141 1106/1104
f 1141/909 1185/873 1143/803
f 5982/1661 5960/1641 1999/1578
f 7046/920 6801/882 2007/816
f 5335/1859 1775/1870 5893/1953
f 7599/914 1128/1029 1133/970
f 5638/1032 6158/1036 6157/1083
f 7599/914 7547/817 1112/937
f 3439/2126 1562/2176 1593/2252
f 7003/1113 6157/1083 7368/1156
f 3440/2166 1593/2252 1649/2196
f 5617/1350 5616/1272 5957/1284
f 1096/743 1110/671 7534/677
f 1474/1555 3458/1540 1455/1446
f 1328/248 1308/205 1347/263
f 1944/751 1905/719 1928/669
f 1140/1028 1152/1088 1611/1132
f 1148/1049 1988/986 1142/967
f 1939/2265 2031/2268 2416/2342
f 2484/1325 1489/1310 7895/1242
f 1330/488 1378/489 1294/560
f 1132/1126 1451/1125 1152/1088
f 5606/840 1977/770 5670/745
f 1978/1087 1148/1049 1140/1028
f 1942/738 1964/749 1957/688
f 1958/839 1970/787 2074/888
f 5426/1254 2068/1219 1238/1267
f 5616/1272 2040/1366 2041/1364
f 5474/1550 2056/1625 2037/1543
f 7333/1024 7381/948 1278/1022
f 7136/868 1990/913 1966/813
f 1508/1926 3533/2030 3437/1993
f 3509/3171 6320/3100 6476/3117
f 1988/986 7353/961 1181/902
f 1861/445 1197/434 5704/474
f 2001/2074 2039/2019 1763/2077
f 6811/494 1929/585 1877/529
f 1121/1302 1119/1176 1116/1167
f 1605/1911 1607/2066 1628/1990
f 1636/1488 1610/1518 1632/1459
f 1132/1126 1139/1030 1106/1104
f 1139/1030 1132/1126 1667/1037
f 1691/2238 1680/2135 1690/2197
f 2036/1496 5474/1550 2110/1478
f 1106/1104 1123/969 1114/1035
f 7439/860 7599/914 1133/970
f 2068/1219 5616/1272 5589/1292
f 1134/623 7610/582 1110/671
f 2066/1383 5649/1434 2110/1478
f 1096/743 7547/817 1109/804
f 3439/2126 1566/2046 1562/2176
f 1109/804 1095/708 1096/743
f 2037/1543 2110/1478 5474/1550
f 7534/677 1110/671 7610/582
f 1990/913 1962/998 2074/888
f 1095/708 1110/671 1096/743
f 7417/569 7648/663 1145/689
f 2065/917 5645/852 1965/827
f 1143/803 1192/727 1160/807
f 5382/1589 5969/1608 2054/1681
f 1142/967 1140/1028 1148/1049
f 2081/1181 836/1249 5658/1226
f 1454/1432 1455/1446 1449/1320
f 1942/738 2076/637 1992/668
f 7243/583 1859/587 1879/682
f 7353/961 1278/1022 7381/948
f 1639/1448 1624/1574 1636/1488
f 1511/1769 1507/1773 1517/1882
f 7136/868 7137/798 1987/904
f 1447/1655 1558/1592 6599/1590
f 6748/1722 3459/1629 1473/1648
f 1983/729 1966/813 1970/787
f 1123/969 1106/1104 1597/959
f 1657/1319 6068/1211 6197/1286
f 7439/860 1109/804 7599/914
f 1986/1158 5514/1137 1991/1074
f 3353/2461 1287/2556 3348/2517
f 1154/1164 1149/1224 1126/1201
f 1376/366 7115/287 7252/355
f 6494/2562 3487/2644 3479/2577
f 1126/1201 5535/1142 1611/1132
f 1111/946 1667/1037 1140/1028
f 1142/967 1141/909 1140/1028
f 1992/668 5748/621 1950/683
f 1992/668 2077/636 1929/585
f 1103/723 7595/673 1102/760
f 1961/936 1990/913 7136/868
f 7243/583 1876/514 1859/587
f 6715/1745 1512/1737 1521/1823
f 5712/603 2076/637 1957/688
f 5957/1284 5522/1293 5583/1361
f 4781/1706 2127/1646 1614/1703
f 6571/2059 7458/1937 1513/1934
f 1950/683 1983/729 1970/787
f 1181/902 1158/836 1974/919
f 1653/2056 1693/2137 1671/2104
f 1145/689 1151/747 1153/613
f 5283/1324 2062/1318 5717/1379
f 1973/879 1194/819 1181/902
f 1987/904 5606/840 7381/948
f 1509/1740 1447/1655 7756/1658
f 1635/1791 6748/1722 3436/1832
f 7137/798 1976/814 1987/904
f 7329/739 7137/798 1966/813
f 1649/2196 1700/2257 1592/2156
f 1130/1223 3540/1245 1106/1104
f 5661/762 1958/839 7124/845
f 2051/2155 2073/2222 1811/2205
f 5658/1226 5283/1324 2087/1259
f 1987/904 1961/936 7136/868
f 1123/969 1597/959 1113/870
f 1575/2313 1585/2349 1606/2398
f 5654/590 5697/573 1950/683
f 7439/860 1123/969 1113/870
f 2123/2441 2948/2466 1585/2349
f 7333/1024 7332/1066 1984/1011
f 1627/2283 1700/2257 1585/2349
f 6113/1463 2066/1383 2110/1478
f 2239/2745 1723/2671 6129/2662
f 1095/708 7648/663 1134/623
f 1135/750 1095/708 1109/804
f 1586/2638 486/2541 1571/2598
f 1111/946 1140/1028 1141/909
f 5500/1798 2052/1683 7331/1753
f 1142/967 1185/873 1141/909
f 1156/801 1185/873 1158/836
f 1475/1400 1446/1358 7446/1501
f 1876/514 1860/508 1859/587
f 5712/603 1877/529 2076/637
f 1517/1882 6653/1982 7465/1946
f 1860/508 5712/603 1859/587
f 3367/3277 3264/3250 3408/3301
f 1312/79 7360/23 1252/101
f 1137/1353 1118/1339 3540/1245
f 1983/729 1950/683 1956/638
f 5957/1284 5583/1361 5617/1350
f 1464/1340 1454/1432 1449/1320
f 7003/1113 5638/1032 6157/1083
f 1575/2313 1690/2197 1618/2198
f 1183/753 1156/801 1158/836
f 1589/2397 6390/2426 1583/2500
f 1192/727 1171/709 1189/648
f 2273/1367 1013/1451 5717/1379
f 5850/1308 5589/1292 2066/1383
f 1194/819 1158/836 1181/902
f 1939/2265 1817/2230 2073/2222
f 1154/1164 1126/1201 1611/1132
f 7382/794 1194/819 1973/879
f 2059/1184 1923/1076 1933/1155
f 1987/904 1976/814 5606/840
f 1389/761 1976/814 7137/798
f 1983/729 1956/638 7329/739
f 1575/2313 1606/2398 1629/2418
f 5645/852 2065/917 1921/984
f 7439/860 1113/870 1150/784
f 7003/1113 5609/1178 5608/1130
f 764/1820 1012/1746 6052/1744
f 1092/578 1084/504 1068/516
f 7458/1937 8/2131 3312/2011
f 5981/1748 5982/1661 985/1708
f 1304/147 1334/199 1333/186
f 7957/2271 8058/2241 7956/2282
f 1113/870 1151/747 1150/784
f 1779/1508 1989/1427 2034/1433
f 3433/2611 3575/2712 3577/2612
f 3258/3201 3367/3277 4435/3210
f 1156/801 1143/803 1185/873
f 6751/1705 7441/1534 3459/1629
f 7756/1658 1447/1655 6599/1590
f 7199/286 1290/284 7022/220
f 1158/836 1194/819 1164/740
f 757/2939 3385/3015 7483/2938
f 2022/2099 1777/2100 2038/2051
f 1108/1025 1076/1042 1116/1167
f 3422/2088 3432/2000 3437/1993
f 1389/761 7137/798 2067/702
f 7555/1208 1489/1310 6705/1301
f 6559/2035 6571/2059 1515/1989
f 7329/739 1956/638 2067/702
f 1113/870 1131/862 1151/747
f 1135/750 1145/689 7648/663
f 2039/2019 5893/1953 6126/2054
f 2072/1628 5809/1532 5382/1589
f 1156/801 1171/709 1143/803
f 7458/1937 6571/2059 8/2131
f 1956/638 5697/573 7202/555
f 2062/1318 5658/1226 836/1249
f 1191/615 1174/549 1176/546
f 1598/1352 6197/1286 6793/1368
f 1673/1452 1632/1459 1610/1518
f 7383/734 1187/772 7382/794
f 1569/2742 1565/2690 1570/2632
f 7317/428 1342/411 1288/332
f 3440/2166 3439/2126 1593/2252
f 7115/287 1376/366 1288/332
f 3359/2637 1287/2556 3354/2563
f 6479/2515 6478/2519 3433/2611
f 1970/787 1958/839 1950/683
f 1657/1319 1295/1311 1975/1253
f 7171/236 1328/248 1293/278
f 6782/1525 1554/1606 6674/1640
f 1155/1170 1149/1224 1154/1164
f 3455/2630 1571/2598 3452/2545
f 764/1820 6052/1744 6111/1886
f 1448/1458 1450/1378 1455/1446
f 635/1327 1498/1457 6654/1413
f 3434/2311 6486/2264 6487/2357
f 3327/2702 3302/2645 3298/2760
f 1389/761 4687/685 1977/770
f 3385/3015 3516/3082 3692/3071
f 1956/638 1947/632 2067/702
f 1151/747 1131/862 1160/807
f 1145/689 1150/784 1151/747
f 2032/1794 5397/1749 1012/1746
f 7441/1534 1559/1412 1448/1458
f 1071/872 1120/922 7677/818
f 2034/1433 5583/1361 1997/1395
f 6154/1558 1630/1654 2127/1646
f 1620/1973 1602/1819 1590/1817
f 1862/419 1860/508 1876/514
f 1120/922 1071/872 1453/979
f 1494/1726 6753/1824 1509/1740
f 3315/2536 3441/2616 3444/2647
f 6773/260 1280/225 7316/301
f 7115/287 1288/332 7395/256
f 4435/3210 3260/3160 3529/3150
f 1517/1882 7465/1946 1516/1851
f 1943/523 7182/539 1302/484
f 1164/740 7385/641 1188/695
f 6132/2045 1671/2104 1680/2135
f 1143/803 1171/709 1192/727
f 1964/749 1965/827 1944/751
f 5658/1226 2062/1318 5283/1324
f 5791/440 6820/381 1861/445
f 3339/2909 757/2939 3360/2875
f 3444/2647 3575/2712 3433/2611
f 2008/2152 2043/2123 6126/2054
f 1956/638 1294/560 1947/632
f 1690/2197 6290/2281 1691/2238
f 5969/1608 5530/1675 2054/1681
f 3341/2723 3342/2821 3338/2733
f 1508/1926 3437/1993 3436/1832
f 1147/458 1167/509 1180/424
f 1608/1714 7480/1775 1590/1817
f 1621/1935 1590/1817 1596/1868
f 1512/1737 4954/1853 1521/1823
f 7471/2976 3423/2892 4595/2978
f 1974/919 1185/873 1142/967
f 1926/855 1925/771 5645/852
f 1999/1578 5960/1641 5474/1550
f 1599/1662 1594/1747 1669/1663
f 1787/1371 1652/1420 1655/1455
f 7316/301 6820/381 1936/377
f 1131/862 1111/946 1160/807
f 2053/1322 836/1249 2083/1251
f 1189/648 1171/709 1191/615
f 1887/875 1885/944 1872/953
f 7332/1066 1985/1072 5608/1130
f 2948/2466 6919/2475 1606/2398
f 1303/493 1306/553 7202/555
f 1386/617 4687/685 1947/632
f 1151/747 1159/678 1153/613
f 2076/637 1877/529 1929/585
f 1612/2204 6468/2167 6497/2233
f 1126/1201 1149/1224 6795/1315
f 5473/1403 2273/1367 1995/1331
f 1860/508 6818/455 1877/529
f 1924/452 1936/377 5791/440
f 6793/1368 6795/1315 1609/1388
f 1971/1174 996/1089 5514/1137
f 1648/2006 1605/1911 1782/1941
f 1199/451 1286/436 1302/484
f 7440/1594 6751/1705 1561/1635
f 3465/2856 3524/2776 6401/2801
f 1303/493 1330/488 1306/553
f 6457/2324 7490/2407 3484/2388
f 1932/1065 1908/1001 1953/1002
f 1591/2048 1675/1978 1653/2056
f 3259/2996 3250/3046 3382/2972
f 1384/639 1387/666 7383/734
f 7016/1116 1969/1054 1968/1071
f 1147/458 7417/569 1167/509
f 1929/585 2077/636 2076/637
f 6707/1260 1117/1182 3460/1264
f 1867/776 1926/855 1904/899
f 6981/606 1384/639 4687/685
f 7529/1235 1449/1320 1116/1167
f 1992/668 1929/585 5748/621
f 1971/1174 5514/1137 2068/1219
f 5982/1661 5981/1748 5977/1715
f 1926/855 5645/852 3032/918
f 1173/595 1189/648 1191/615
f 7466/2599 3441/2616 3389/2512
f 1191/615 1162/640 7377/575
f 7368/1156 2033/1194 7003/1113
f 7466/2599 3348/2517 1287/2556
f 3474/1930 1555/1836 6756/1889
f 6820/381 1197/434 1861/445
f 7045/1018 1885/944 7046/920
f 1609/1388 1600/1336 1638/1410
f 355/3054 478/3056 356/3135
f 5850/1308 1995/1331 5426/1254
f 1164/740 1188/695 1183/753
f 5791/440 1936/377 6820/381
f 6902/1723 3436/1832 6748/1722
f 1296/400 1286/436 1199/451
f 2022/2099 3542/2089 1994/2154
f 1330/488 1294/560 1306/553
f 3533/2030 1307/2138 3539/2087
f 5606/840 1976/814 1977/770
f 7534/677 7610/582 7717/586
f 1749/2327 1762/2218 2018/2270
f 7466/2599 3389/2512 3348/2517
f 5670/745 1977/770 4687/685
f 7203/532 1302/484 1303/493
f 1608/1714 6217/1653 6218/1667
f 1334/199 1308/205 1328/248
f 7316/301 1936/377 6773/260
f 1164/740 1387/666 7385/641
f 3441/2616 3311/2497 3389/2512
f 1222/35 6979/53 1214/28
f 7175/39 1214/28 6979/53
f 1382/525 1348/475 1342/411
f 5009/2916 3427/2813 3387/2818
f 1385/597 1387/666 1384/639
f 1597/959 1131/862 1113/870
f 6088/1461 6170/1564 1779/1508
f 1382/525 1384/639 6981/606
f 1631/1665 1603/1587 6217/1653
f 6068/1211 1975/1253 2033/1194
f 1141/909 1143/803 1160/807
f 1961/936 1987/904 5531/1004
f 1777/2100 1994/2154 2035/2172
f 3299/2788 3342/2821 3341/2723
f 1262/159 1252/101 1282/132
f 6707/1260 3460/1264 1464/1340
f 7448/1328 6430/1289 1130/1223
f 996/1089 1959/1052 5514/1137
f 1383/460 1375/501 1377/518
f 1950/683 5748/621 5654/590
f 1624/1574 6218/1667 1643/1584
f 1368/466 1340/392 1057/483
f 1944/751 1928/669 1957/688
f 6385/1862 7480/1775 6384/1781
f 1191/615 1176/546 1173/595
f 6158/1036 1148/1049 6157/1083
f 3477/2146 4253/2134 3451/2239
f 3438/2194 3350/2148 6486/2264
f 1296/400 1197/434 6820/381
f 1352/307 1328/248 1343/306
f 1115/1398 3469/1282 1121/1302
f 1556/2031 3477/2146 1563/2094
f 5608/1130 5609/1178 1972/1192
f 611/1257 629/1213 7954/1118
f 3312/2011 8/2131 1307/2138
f 1176/546 1174/549 1366/497
f 1933/1155 1935/1151 5658/1226
f 2008/2152 5567/2231 2043/2123
f 1624/1574 1610/1518 1636/1488
f 7382/794 1187/772 1194/819
f 1515/1989 7465/1946 6559/2035
f 3326/2446 3331/2306 3304/2471
f 1286/436 1281/407 1303/493
f 2483/1228 640/1307 2484/1325
f 1137/1353 1639/1448 1118/1339
f 1378/489 1369/429 1348/475
f 1749/2327 2026/2356 2031/2268
f 7958/2798 4386/2826 4400/2872
f 1384/639 1382/525 1385/597
f 1212/14 1214/28 1216/22
f 1390/559 1348/475 1381/551
f 6197/1286 6795/1315 6793/1368
f 1860/508 1877/529 5712/603
f 1974/919 1988/986 1181/902
f 1861/445 6811/494 5791/440
f 8/2131 7/2210 3331/2306
f 6820/381 1305/346 1296/400
f 1352/307 1301/368 1338/345
f 3315/2536 3444/2647 6478/2519
f 1338/345 1309/423 1281/407
f 5654/590 6774/545 7182/539
f 1286/436 1305/346 1281/407
f 6599/1590 7446/1501 1456/1567
f 1111/946 1597/959 1139/1030
f 1263/290 6820/381 7316/301
f 3331/2306 7/2210 3402/2344
f 7316/301 1280/225 1263/290
f 1139/1030 1597/959 1106/1104
f 3521/2783 1569/2742 3525/2711
f 1777/2100 2035/2172 2008/2152
f 1280/225 7194/144 1298/161
f 7504/1220 1130/1223 7459/1141
f 2039/2019 6126/2054 1763/2077
f 3480/2432 3248/2507 3450/2488
f 6981/606 1381/551 1382/525
f 1474/1555 1454/1432 6782/1525
f 1104/930 1108/1025 1112/937
f 1591/2048 1671/2104 1615/2010
f 1369/429 1337/388 1348/475
f 1659/1900 1605/1911 1660/1843
f 1594/1747 1658/1688 1669/1663
f 1368/466 7629/571 1176/546
f 1631/1665 1599/1662 1679/1546
f 4253/2134 3477/2146 1556/2031
f 1305/346 6820/381 1263/290
f 1982/1183 1986/1158 7016/1116
f 6748/1722 1473/1648 6902/1723
f 1610/1518 1643/1584 6271/1521
f 1057/483 7629/571 1368/466
f 5647/1103 5608/1130 1972/1192
f 1294/560 1956/638 1306/553
f 1192/727 1189/648 1159/678
f 7504/1220 1119/1176 3469/1282
f 2126/2093 3439/2126 3440/2166
f 1280/225 7354/231 1263/290
f 1979/1506 1679/1546 1654/1588
f 1100/866 7124/845 1955/942
f 7377/575 1174/549 1191/615
f 3447/2912 3551/2836 3465/2856
f 1280/225 1298/161 7354/231
f 1576/2774 1569/2742 1568/2868
f 1603/1587 6271/1521 1643/1584
f 7137/798 7136/868 1966/813
f 1121/1302 3469/1282 1119/1176
f 1449/1320 1455/1446 1450/1378
f 1348/475 1337/388 1342/411
f 7203/532 1303/493 7202/555
f 7317/428 1383/460 1377/518
f 1150/784 1135/750 7439/860
f 1377/518 1382/525 7317/428
f 1971/1174 2083/1251 1963/1196
f 1207/410 7251/327 1209/348
f 1375/501 1207/410 1366/497
f 7466/2599 3532/2641 3441/2616
f 2000/1649 1999/1578 2028/1607
f 3326/2446 3304/2471 3352/2530
f 1301/368 1352/307 1343/306
f 6495/1110 1124/1078 1119/1176
f 3310/2314 3430/2375 3428/2366
f 7478/3138 3692/3071 3516/3082
f 6264/2330 6371/2376 1687/2332
f 1162/640 1191/615 1171/709
f 1965/827 1964/749 1942/738
f 1987/904 1984/1011 5531/1004
f 3551/2836 6409/2882 3521/2783
f 1297/335 7199/286 1338/345
f 5624/1031 1885/944 7045/1018
f 5583/1361 5522/1293 1997/1395
f 1928/669 1905/719 1879/682
f 1377/518 1375/501 7377/575
f 1387/666 1385/597 7385/641
f 1279/191 1320/158 7211/229
f 2123/2441 3450/2488 3452/2545
f 7356/268 1263/290 7354/231
f 3456/2463 3485/2329 3484/2388
f 7354/231 1298/161 1279/191
f 3313/2394 3428/2366 3430/2375
f 1337/388 1301/368 1343/306
f 6497/2233 6468/2167 3477/2146
f 2027/1416 5617/1350 1989/1427
f 2063/1077 1921/984 2075/1008
f 1994/2154 1778/2255 2035/2172
f 1371/398 1383/460 7317/428
f 3379/2948 3259/2996 3380/2940
f 1287/2556 3359/2637 7466/2599
f 7382/794 1973/879 5606/840
f 1371/398 1207/410 1383/460
f 1649/2196 1573/2315 1700/2257
f 6751/1705 3247/1735 1561/1635
f 6462/1956 1566/2046 1621/1935
f 2073/2222 2051/2155 2031/2268
f 7395/256 1331/298 1353/247
f 3311/2497 7490/2407 3435/2417
f 1625/2063 1648/2006 3536/2017
f 1385/597 1382/525 1377/518
f 1338/345 7205/309 1352/307
f 3436/1832 6756/1889 1635/1791
f 8/2131 3331/2306 3330/2202
f 7205/309 1293/278 1352/307
f 3434/2311 3435/2417 7490/2407
f 1293/278 7205/309 7199/286
f 3577/2612 3248/2507 3456/2463
f 1297/335 1290/284 7199/286
f 1590/1817 1602/1819 1631/1665
f 1223/81 1226/55 1219/80
f 1932/1065 1953/1002 1923/1076
f 1337/388 1343/306 1341/349
f 2023/2014 3512/2052 3542/2089
f 7458/1937 1452/1908 4954/1853
f 2123/2441 6326/2378 1564/2440
f 1621/1935 1596/1868 6462/1956
f 3575/2712 3444/2647 3446/2763
f 1343/306 1328/248 1347/263
f 6264/2330 1622/2359 6371/2376
f 5893/1953 1775/1870 6091/1995
f 1183/753 1158/836 1164/740
f 715/706 830/558 696/625
f 3408/3301 3264/3250 36/3238
f 7022/220 1257/171 7171/236
f 1207/410 1209/348 1368/466
f 1921/984 5774/972 3032/918
f 4930/2362 3353/2461 3430/2375
f 764/1820 1775/1870 2032/1794
f 1201/109 1304/147 7164/94
f 5500/1798 2084/1892 2058/1852
f 1658/1688 1594/1747 1644/1797
f 7940/1495 6654/1413 1498/1457
f 1293/278 1328/248 1352/307
f 3465/2856 3426/2905 6374/2922
f 7356/268 7211/229 1290/284
f 6401/2801 3524/2776 4741/2703
f 1465/1195 1459/1140 1466/1041
f 1343/306 1331/298 1341/349
f 7182/539 5697/573 5654/590
f 6818/455 1860/508 1862/419
f 1207/410 7252/355 7251/327
f 4741/2703 3487/2644 4399/2717
f 2027/1416 1980/1499 6087/1431
f 690/1210 2484/1325 7895/1242
f 4711/2887 3340/2906 3379/2948
f 1667/1037 1152/1088 1140/1028
f 3451/2239 4253/2134 3431/2275
f 1390/559 1947/632 1294/560
f 1571/2598 486/2541 2125/2522
f 6795/1315 1149/1224 1600/1336
f 3391/2681 3359/2637 3338/2733
f 7115/287 7251/327 7252/355
f 1583/2500 1694/2445 2985/2548
f 1192/727 1159/678 1160/807
f 7435/84 1327/51 1223/81
f 1333/186 1328/248 7171/236
f 1304/147 7228/125 7164/94
f 3331/2306 3402/2344 3304/2471
f 1223/81 1201/109 7435/84
f 1334/199 1328/248 1333/186
f 7022/220 7211/229 1320/158
f 1176/546 7629/571 1173/595
f 1453/979 1459/1140 1076/1042
f 3326/2446 4930/2362 3331/2306
f 3357/2811 3339/2909 3360/2875
f 7199/286 7171/236 1293/278
f 3391/2681 4949/2752 3441/2616
f 1353/247 1308/205 1329/200
f 1749/2327 2018/2270 1780/2371
f 1643/1584 6217/1653 1603/1587
f 1348/475 1390/559 1378/489
f 3247/1735 1567/1875 6489/1806
f 1122/825 7677/818 1120/922
f 1998/1426 2034/1433 1997/1395
f 6068/1211 2033/1194 7368/1156
f 6091/1995 1775/1870 2048/1922
f 1874/812 1907/712 2007/816
f 7451/255 7251/327 7115/287
f 7171/236 1257/171 1333/186
f 1923/1076 1953/1002 1952/1016
f 1346/261 1324/167 1349/173
f 1957/688 2076/637 1942/738
f 1628/1990 1675/1978 1601/1888
f 1159/678 1151/747 1160/807
f 7381/948 7333/1024 1984/1011
f 1320/158 1262/159 7022/220
f 1326/76 7623/89 1322/118
f 1700/2257 1627/2283 1618/2198
f 1988/986 1148/1049 6158/1036
f 1592/2156 2126/2093 1649/2196
f 1778/2255 1994/2154 1776/2266
f 1308/205 1195/150 1329/200
f 7372/1173 1132/1126 1106/1104
f 1666/1880 6138/1804 1786/1742
f 1221/193 7115/287 7395/256
f 1779/1508 6240/1643 2025/1580
f 3389/2512 3311/2497 3435/2417
f 5647/1103 5531/1004 1984/1011
f 1141/909 1160/807 1111/946
f 1262/159 1282/132 1257/171
f 1389/761 1977/770 1976/814
f 1344/106 1195/150 1201/109
f 3326/2446 3354/2563 3353/2461
f 5982/1661 2000/1649 985/1708
f 1221/193 7395/256 1364/177
f 3260/3160 3530/3083 3529/3150
f 1630/1654 1614/1703 2127/1646
f 1201/109 7474/96 1344/106
f 1693/2137 1653/2056 1607/2066
f 1171/709 1183/753 1188/695
f 1962/998 1954/987 2074/888
f 7435/84 1201/109 7164/94
f 7345/113 1364/177 1195/150
f 1123/969 7439/860 1133/970
f 3479/2577 3452/2545 3450/2488
f 628/1144 638/1233 693/1215
f 1998/1426 6088/1461 2034/1433
f 1364/177 1353/247 1329/200
f 7357/1092 2075/1008 1955/942
f 1652/1420 6272/1529 1655/1455
f 1322/118 1349/173 1324/167
f 1592/2156 1607/2066 1625/2063
f 1261/48 1219/80 1226/55
f 6326/2378 3450/2488 1564/2440
f 7648/663 1092/578 1134/623
f 1935/1151 1933/1155 2063/1077
f 3524/2776 3465/2856 3551/2836
f 3528/2749 3338/2733 3357/2811
f 7317/428 1288/332 1376/366
f 1649/2196 2126/2093 3440/2166
f 6487/2357 3310/2314 3428/2366
f 6052/1744 6070/1825 6111/1886
f 4593/3001 3447/2912 6374/2922
f 1200/102 1322/118 1324/167
f 3348/2517 3483/2450 3353/2461
f 1353/247 1331/298 1343/306
f 1255/60 1327/51 7435/84
f 1681/2119 1776/2266 1994/2154
f 7164/94 1272/65 1255/60
f 1919/929 1926/855 3032/918
f 1988/986 1974/919 1142/967
f 1647/1109 1646/1045 7559/1134
f 1262/159 1257/171 7022/220
f 7382/794 5606/840 5670/745
f 1321/68 1272/65 7228/125
f 1605/1911 1644/1797 1660/1843
f 3382/2972 3339/2909 4708/2911
f 1201/109 1195/150 1304/147
f 1252/101 7360/23 1321/68
f 4399/2717 3577/2612 3442/2731
f 1996/2038 2042/1970 1677/2008
f 1219/80 7345/113 1344/106
f 2035/2172 1778/2255 5942/2225
f 3248/2507 6494/2562 3450/2488
f 1154/1164 1611/1132 1451/1125
f 1264/140 7345/113 1200/102
f 1605/1911 1648/2006 1607/2066
f 1200/102 1326/76 1322/118
f 1962/998 1991/1074 1959/1052
f 1252/101 1320/158 1312/79
f 1975/1253 6068/1211 1657/1319
f 4930/2362 3314/2269 3331/2306
f 7211/229 7356/268 1279/191
f 1583/2500 1697/2601 1715/2511
f 1780/2371 1719/2518 1722/2453
f 1195/150 1308/205 1304/147
f 1611/1132 5535/1142 1978/1087
f 1983/729 7329/739 1966/813
f 1272/65 1321/68 1315/33
f 7182/539 6774/545 5704/474
f 1516/1851 1613/1670 1511/1769
f 1920/927 1955/942 2075/1008
f 1469/1214 6705/1301 1458/1334
f 2084/1892 2082/1945 2058/1852
f 1200/102 7345/113 1261/48
f 3456/2463 6479/2515 3577/2612
f 1215/11 1222/35 1214/28
f 1942/738 5661/762 1945/802
f 1622/2359 6296/2296 6290/2281
f 3379/2948 3255/3014 3259/2996
f 1163/386 1180/424 1057/483
f 1990/913 1967/994 1962/998
f 1315/33 7301/31 1272/65
f 1302/484 7182/539 5704/474
f 4936/1343 1489/1310 1490/1381
f 1158/836 1185/873 1974/919
f 656/1598 653/1612 661/1679
f 718/842 702/923 722/952
f 1673/1452 1652/1420 6793/1368
f 7547/817 7534/677 1103/723
f 36/3238 4485/3224 4486/3194
f 7176/46 1216/22 1214/28
f 7424/1771 1658/1688 1645/1809
f 1326/76 1258/41 1236/52
f 1375/501 1383/460 1207/410
f 3528/2749 4949/2752 3391/2681
f 1214/28 1212/14 1215/11
f 1859/587 1928/669 1879/682
f 333/2025 1526/2026 651/2105
f 3539/2087 1307/2138 3350/2148
f 3392/2822 3356/2759 3298/2760
f 6272/1529 1631/1665 1679/1546
f 1366/497 1207/410 1368/466
f 2051/2155 1781/2133 1762/2218
f 1321/68 7360/23 1315/33
f 2417/2389 5329/2437 5327/2457
f 1327/51 1254/37 1224/17
f 1364/177 7395/256 1353/247
f 7417/569 1153/613 1167/509
f 2052/1683 2071/1560 2072/1628
f 1638/1410 1600/1336 1118/1339
f 1181/902 7353/961 1973/879
f 6384/1781 4781/1706 6489/1806
f 1374/27 1216/22 7176/46
f 6669/1462 1456/1567 7447/1464
f 1254/37 7301/31 1224/17
f 1954/987 1955/942 1958/839
f 4687/685 1386/617 6981/606
f 7372/1173 1106/1104 3540/1245
f 1591/2048 1653/2056 1671/2104
f 3326/2446 3352/2530 3354/2563
f 1517/1882 1507/1773 1530/1950
f 1954/987 1958/839 2074/888
f 1780/2371 1722/2453 1749/2327
f 1304/147 1333/186 7228/125
f 2005/1102 1991/1074 1969/1054
f 1929/585 6811/494 6774/545
f 1971/1174 1963/1196 7357/1092
f 1302/484 5704/474 1199/451
f 1116/1167 1124/1078 1108/1025
f 5609/1178 7003/1113 2033/1194
f 1123/969 1133/970 1114/1035
f 3442/2731 3427/2813 3395/2806
f 1921/984 2065/917 1930/965
f 651/2105 1485/2223 1484/2140
f 3532/2641 3391/2681 3441/2616
f 7383/734 1387/666 1164/740
f 486/2541 2948/2466 2125/2522
f 696/625 717/604 697/756
f 1258/41 1261/48 1220/18
f 1613/1670 6669/1462 1506/1604
f 6811/494 1924/452 5791/440
f 1947/632 1390/559 1386/617
f 7317/428 1376/366 1371/398
f 697/756 715/706 696/625
f 1703/2817 1580/2891 2122/2860
f 1309/423 1369/429 1378/489
f 3361/3125 5016/3028 3692/3071
f 1132/1126 1152/1088 1667/1037
f 7194/144 1292/47 1298/161
f 7435/84 7164/94 1255/60
f 1216/22 1374/27 7241/13
f 1330/488 1309/423 1378/489
f 694/1149 979/1047 628/1144
f 7465/1946 7464/1936 1516/1851
f 1943/523 5697/573 7182/539
f 690/1210 2483/1228 2484/1325
f 3253/3229 3396/3272 3257/3318
f 3342/2821 3339/2909 3357/2811
f 1390/559 1294/560 1378/489
f 7895/1242 1489/1310 7555/1208
f 1147/458 1084/504 7417/569
f 3433/2611 3577/2612 6479/2515
f 7555/1208 1469/1214 1647/1109
f 3460/1264 1459/1140 1465/1195
f 7045/1018 1917/1075 5752/1119
f 1209/348 7451/255 1346/261
f 6774/545 5748/621 1929/585
f 4486/3194 3265/3168 36/3238
f 1956/638 1950/683 5697/573
f 1321/68 1282/132 1252/101
f 3340/2906 3262/2904 3285/2953
f 3392/2822 3298/2760 3335/2899
f 5977/1715 6051/1768 6052/1744
f 2947/2936 1568/2868 2957/2979
f 7458/1937 4954/1853 1445/1816
f 1321/68 7228/125 1282/132
f 3392/2822 3262/2904 3345/2832
f 1950/683 1958/839 5661/762
f 6138/1804 1665/1815 5981/1748
f 3255/3014 3285/2953 3374/2982
f 7471/2976 4977/3032 3571/3042
f 1122/825 1104/930 7547/817
f 1681/2119 1994/2154 3542/2089
f 7022/220 7171/236 7199/286
f 1176/546 1366/497 1368/466
f 1919/929 1953/1002 1904/899
f 1782/1941 1605/1911 1659/1900
f 1264/140 1364/177 7345/113
f 2924/2964 2873/2930 2984/2852
f 1258/41 1326/76 1200/102
f 6326/2378 2123/2441 1573/2315
f 5649/1434 2066/1383 2041/1364
f 6919/2475 486/2541 3449/2531
f 1779/1508 2025/1580 1980/1499
f 1288/332 1331/298 7395/256
f 1071/872 1074/863 1453/979
f 1223/81 7474/96 1201/109
f 1776/2266 1748/2201 1707/2276
f 3530/3083 3255/3014 3286/3069
f 1513/1934 6753/1824 1516/1851
f 1257/171 1282/132 7228/125
f 1592/2156 1618/2198 1607/2066
f 1324/167 1221/193 1200/102
f 7677/818 7676/766 1071/872
f 7464/1936 7465/1946 1515/1989
f 1908/1001 7045/1018 7046/920
f 3431/2275 4253/2134 3438/2194
f 5948/1601 1654/1588 1669/1663
f 3288/2791 3271/2768 3329/2874
f 1908/1001 7046/920 1904/899
f 1637/1891 1660/1843 1602/1819
f 1167/509 1153/613 1057/483
f 5938/1402 1979/1506 6088/1461
f 1906/687 7243/583 1879/682
f 1371/398 1376/366 7252/355
f 5654/590 5748/621 6774/545
f 7629/571 1159/678 1189/648
f 697/756 717/604 737/885
f 1255/60 7301/31 1254/37
f 3341/2723 3356/2759 3299/2788
f 2030/2391 1712/2307 1718/2399
f 36/3238 3265/3168 4471/3271
f 7483/2938 3385/3015 5016/3028
f 2133/2871 2751/2850 2130/2807
f 6197/1286 1126/1201 6795/1315
f 1327/51 1224/17 1226/55
f 3285/2953 3262/2904 3374/2982
f 2007/816 1887/875 1874/812
f 1716/2569 1715/2511 1697/2601
f 3335/2899 3262/2904 3392/2822
f 1567/1875 1556/2031 1557/1955
f 7003/1113 5608/1130 1985/1072
f 1341/349 1331/298 1288/332
f 1942/738 1945/802 1965/827
f 3252/3282 6395/3222 3377/3314
f 7910/1542 1488/1507 1604/1570
f 1306/553 1956/638 7202/555
f 1308/205 1334/199 1304/147
f 1353/247 1347/263 1308/205
f 636/1160 709/1185 7559/1134
f 1209/348 7251/327 7451/255
f 4399/2717 3442/2731 3395/2806
f 6272/1529 1679/1546 1655/1455
f 709/1185 7555/1208 7559/1134
f 668/1537 643/1566 673/1517
f 1490/1381 7777/1397 6723/1472
f 7777/1397 1490/1381 1489/1310
f 3385/3015 3692/3071 5016/3028
f 2484/1325 640/1307 6654/1413
f 8060/2564 424/2603 8002/2510
f 7478/3138 3361/3125 3692/3071
f 662/1579 667/1664 643/1566
f 3253/3229 3260/3160 4435/3210
f 643/1566 668/1537 662/1579
f 3230/3240 6476/3117 3492/3193
f 656/1598 645/1545 641/1470
f 656/1598 1491/1621 645/1545
f 644/1569 720/1536 645/1545
f 720/1536 1498/1457 645/1545
f 641/1470 645/1545 1498/1457
f 1320/158 1279/191 7070/141
f 1279/191 7071/155 7070/141
f 7349/99 1312/79 7070/141
f 7349/99 7070/141 7342/131
f 1320/158 7070/141 1312/79
f 1298/161 1292/47 7342/131
f 7071/155 7342/131 7070/141
f 7342/131 7071/155 1298/161
f 1279/191 1298/161 7071/155
f 4444/3231 4374/3309 4428/3262
f 3263/3255 3396/3272 3253/3229
f 660/1482 673/1517 659/1449
f 724/691 713/757 701/657
f 1469/1214 1492/1107 1647/1109
f 6655/1428 7910/1542 1502/1486
f 7893/1057 1646/1045 982/985
f 668/1537 673/1517 660/1482
f 668/1537 626/1557 662/1579
f 1543/1980 6526/2073 1540/2015
f 611/1257 727/1372 629/1213
f 7941/3237 4374/3309 4444/3231
f 4417/3134 4444/3231 4428/3262
f 709/1185 7895/1242 7555/1208
f 3265/3168 4417/3134 4428/3262
f 3571/3042 4977/3032 4978/3067
f 4426/3080 3268/3094 3332/3007
f 796/1872 576/1929 647/1907
f 1785/3165 4421/3066 8035/3163
f 3335/2899 3332/3007 3374/2982
f 6705/1301 4936/1343 1821/1377
f 15/2503 451/2542 508/2614
f 660/1482 659/1449 727/1372
f 719/1359 727/1372 611/1257
f 725/1048 695/912 734/993
f 2014/1979 2021/2103 5894/2076
f 1/2262 495/2209 559/2165
f 3332/3007 3364/3043 4426/3080
f 1821/1377 6669/1462 1458/1334
f 2132/2841 2122/2860 2924/2964
f 660/1482 727/1372 733/1430
f 8046/2406 8060/2564 8002/2510
f 657/1512 626/1557 660/1482
f 666/1622 626/1557 616/1591
f 611/1257 671/1370 719/1359
f 348/2973 448/2995 478/3056
f 5016/3028 5009/2916 7483/2938
f 683/1090 664/1171 725/1048
f 621/1329 691/1263 708/1277
f 637/1232 708/1277 627/1243
f 620/1355 642/1392 621/1329
f 642/1392 620/1355 659/1449
f 706/1015 699/1094 628/1144
f 632/1147 629/1213 637/1232
f 621/1329 712/1330 691/1263
f 716/1013 722/952 639/1033
f 713/757 718/842 955/905
f 625/1285 708/1277 637/1232
f 620/1355 727/1372 659/1449
f 638/1233 691/1263 712/1330
f 708/1277 625/1285 620/1355
f 691/1263 638/1233 623/1190
f 631/1199 637/1232 627/1243
f 620/1355 621/1329 708/1277
f 7954/1118 629/1213 633/1135
f 623/1190 631/1199 627/1243
f 627/1243 708/1277 691/1263
f 722/952 955/905 718/842
f 7954/1118 633/1135 639/1033
f 3253/3229 3366/3254 3390/3162
f 638/1233 628/1144 623/1190
f 716/1013 700/1009 955/905
f 6654/1413 7910/1542 6655/1428
f 628/1144 619/1128 623/1190
f 623/1190 632/1147 631/1199
f 629/1213 727/1372 625/1285
f 619/1128 628/1144 699/1094
f 955/905 722/952 716/1013
f 632/1147 633/1135 629/1213
f 639/1033 707/1068 716/1013
f 623/1190 627/1243 691/1263
f 632/1147 619/1128 698/1082
f 632/1147 698/1082 707/1068
f 725/1048 664/1171 611/1257
f 706/1015 700/1009 699/1094
f 700/1009 716/1013 698/1082
f 639/1033 633/1135 632/1147
f 632/1147 637/1232 631/1199
f 632/1147 623/1190 619/1128
f 698/1082 619/1128 699/1094
f 639/1033 632/1147 707/1068
f 727/1372 620/1355 625/1285
f 716/1013 707/1068 698/1082
f 637/1232 629/1213 625/1285
f 700/1009 698/1082 699/1094
f 1461/1262 1468/1100 1492/1107
f 725/1048 611/1257 7954/1118
f 6395/3222 3361/3125 7478/3138
f 2014/1979 5894/2076 1797/1940
f 493/2083 495/2209 494/2082
f 3364/3043 4417/3134 4426/3080
f 1074/863 1078/906 7698/978
f 1458/1334 1461/1262 1469/1214
f 3332/3007 3276/2943 3364/3043
f 657/1512 616/1591 626/1557
f 1539/2177 7773/2254 686/2325
f 417/2705 8049/2757 507/2679
f 733/1430 657/1512 660/1482
f 666/1622 616/1591 7989/1633
f 611/1257 663/1273 671/1370
f 664/1171 683/1090 742/1136
f 3345/2832 3340/2906 4711/2887
f 663/1273 611/1257 664/1171
f 3277/2994 4417/3134 3364/3043
f 678/2214 7957/2271 560/2305
f 3509/3171 3548/3215 3518/3143
f 507/2679 8049/2757 8050/2714
f 3364/3043 3276/2943 3277/2994
f 410/2743 507/2679 8050/2714
f 2968/3175 2916/3034 2924/2964
f 1647/1109 1492/1107 7786/1034
f 733/1430 671/1370 649/1468
f 657/1512 650/1561 616/1591
f 7939/3084 404/3087 4438/2993
f 3332/3007 3286/3069 3374/2982
f 1483/1928 7948/1998 7951/2097
f 6476/3117 3550/3212 3509/3171
f 733/1430 649/1468 657/1512
f 742/1136 734/993 748/901
f 7946/2395 7957/2271 7956/2282
f 3831/3010 413/2932 352/2896
f 1482/2215 8058/2241 7957/2271
f 4421/3066 4417/3134 3277/2994
f 667/1664 661/1679 653/1612
f 706/1015 628/1144 979/1047
f 7951/2097 676/2151 505/2186
f 3329/2874 3277/2994 3276/2943
f 649/1468 650/1561 657/1512
f 650/1561 603/1572 7989/1633
f 3753/3261 4396/3172 3754/3246
f 7595/673 1079/652 7676/766
f 1058/383 1016/325 1027/277
f 1170/312 1045/285 1044/340
f 7717/586 7610/582 7627/552
f 1042/275 1049/234 1045/285
f 1042/275 1346/261 7278/226
f 1056/342 7632/291 7615/390
f 1163/386 1054/347 1180/424
f 7602/490 1058/383 1085/448
f 1094/350 1056/342 1088/425
f 1054/347 1163/386 1047/310
f 1061/294 1053/370 1054/347
f 578/2001 574/1986 571/2120
f 7565/643 1079/652 1062/544
f 7595/673 7717/586 1091/584
f 1349/173 7278/226 1346/261
f 1340/392 1044/340 1163/386
f 7676/766 1081/721 1074/863
f 1044/340 1045/285 1047/310
f 1042/275 1045/285 1170/312
f 1091/584 1062/544 1079/652
f 7615/390 1098/496 1068/516
f 7602/490 1062/544 1091/584
f 7602/490 7609/542 1101/478
f 1064/405 1083/371 1094/350
f 1062/544 7602/490 1085/448
f 1091/584 7609/542 7602/490
f 1083/371 1061/294 1094/350
f 1088/425 1056/342 7615/390
f 1091/584 7717/586 7609/542
f 1016/325 7632/291 1080/267
f 1101/478 7609/542 7717/586
f 7632/291 1016/325 7615/390
f 1101/478 1098/496 7057/412
f 7610/582 1098/496 7627/552
f 7610/582 1068/516 1098/496
f 1210/166 7278/226 1349/173
f 497/2465 8071/2566 409/2514
f 497/2465 409/2514 8056/2415
f 1080/267 1027/277 1016/325
f 1088/425 7615/390 1068/516
f 1170/312 1043/358 1169/337
f 1084/504 1088/425 1068/516
f 1088/425 1084/504 1206/453
f 1370/241 1061/294 1047/310
f 1094/350 1061/294 6747/295
f 1147/458 1064/405 1206/453
f 1079/652 7595/673 1091/584
f 1058/383 7602/490 1101/478
f 1094/350 1088/425 1064/405
f 1064/405 1147/458 1083/371
f 1056/342 1094/350 6747/295
f 1098/496 7615/390 7057/412
f 1170/312 1044/340 1043/358
f 1340/392 1368/466 1209/348
f 1180/424 1053/370 1147/458
f 7632/291 1056/342 6747/295
f 1180/424 1054/347 1053/370
f 7777/1397 1502/1486 6723/1472
f 1061/294 1054/347 1047/310
f 1083/371 1053/370 1061/294
f 1079/652 1081/721 7676/766
f 1101/478 7717/586 1098/496
f 1081/721 1079/652 7565/643
f 1043/358 1044/340 1340/392
f 3252/3282 3371/3349 3388/3219
f 1049/234 7278/226 1210/166
f 3377/3314 6395/3222 7472/3269
f 1047/310 1045/285 1370/241
f 1163/386 1044/340 1047/310
f 1088/425 1206/453 1064/405
f 1045/285 1049/234 1370/241
f 1034/230 1080/267 7632/291
f 1016/325 1058/383 7057/412
f 7057/412 1058/383 1101/478
f 1042/275 7278/226 1049/234
f 1063/598 7565/643 1062/544
f 1340/392 1169/337 1043/358
f 7615/390 1016/325 7057/412
f 15/2503 508/2614 416/2649
f 1346/261 1169/337 1209/348
f 1083/371 1147/458 1053/370
f 1170/312 1169/337 1346/261
f 507/2679 410/2743 508/2614
f 1098/496 7717/586 7627/552
f 1209/348 1169/337 1340/392
f 1170/312 1346/261 1042/275
f 1084/504 1147/458 1206/453
f 3390/3162 3362/3207 7478/3138
f 3334/2684 3327/2702 3356/2759
f 3361/3125 6395/3222 3388/3219
f 8050/2714 8049/2757 410/2743
f 3378/3111 5016/3028 3361/3125
f 4390/2863 4391/2954 4386/2826
f 7432/1394 1461/1262 6669/1462
f 720/1536 1487/1616 1604/1570
f 666/1622 667/1664 662/1579
f 3374/2982 3262/2904 3335/2899
f 3367/3277 3396/3272 3263/3255
f 2975/3120 2968/3175 2981/3040
f 742/1136 703/1281 663/1273
f 3374/2982 3286/3069 3255/3014
f 6476/3117 4843/3012 6477/2998
f 742/1136 748/901 688/1085
f 649/1468 731/1391 614/1443
f 416/2649 8053/2786 8054/2658
f 3388/3219 3371/3349 3386/3256
f 410/2743 8053/2786 416/2649
f 7471/2976 3571/3042 4593/3001
f 3753/3261 3754/3246 4373/3333
f 3250/3046 3530/3083 3254/3139
f 603/1572 650/1561 649/1468
f 3447/2912 4593/3001 6477/2998
f 636/1160 694/1149 2483/1228
f 4471/3271 3265/3168 4428/3262
f 352/2896 354/2956 3831/3010
f 742/1136 685/1225 703/1281
f 1165/3208 1873/3291 7974/3281
f 688/1085 685/1225 742/1136
f 410/2743 354/2956 352/2896
f 8054/2658 8053/2786 4393/2744
f 7989/1633 616/1591 650/1561
f 543/1091 541/1309 688/1085
f 534/1363 543/1091 540/1266
f 1486/1965 1483/1928 335/2036
f 3277/2994 4727/2877 3755/2966
f 2950/3239 2968/3175 2975/3120
f 4393/2744 8053/2786 503/2843
f 1492/1107 1467/999 7786/1034
f 4460/2937 4421/3066 3755/2966
f 8053/2786 352/2896 413/2932
f 1785/3165 8035/3163 4440/3253
f 4485/3224 3258/3201 4486/3194
f 3254/3139 3530/3083 3260/3160
f 2962/2957 2997/3026 2981/3040
f 3504/3092 2969/3023 2949/3095
f 4843/3012 6409/2882 6477/2998
f 8052/2578 8071/2566 8054/2658
f 1580/2891 2974/2946 2962/2957
f 3482/2732 1576/2774 1572/2800
f 4460/2937 3755/2966 4727/2877
f 638/1233 712/1330 634/1279
f 497/2465 8056/2415 12/2369
f 4415/3045 4421/3066 4460/2937
f 7955/956 979/1047 7893/1057
f 4420/2782 4727/2877 3271/2768
f 2122/2860 1580/2891 2962/2957
f 3544/3178 4241/3085 3518/3143
f 3223/3353 3204/3307 3207/3225
f 982/985 1646/1045 7785/1021
f 1458/1334 6705/1301 1821/1377
f 618/1490 603/1572 614/1443
f 3518/3143 3548/3215 3544/3178
f 695/912 737/885 714/710
f 3256/3310 3377/3314 7472/3269
f 2484/1325 7777/1397 1489/1310
f 679/1374 548/1384 618/1490
f 4410/2738 3294/2693 7944/2696
f 3394/2997 3378/3111 4594/3096
f 541/1309 548/1384 685/1225
f 687/2713 1476/2621 4398/2772
f 4241/3085 3544/3178 3527/3086
f 1577/2900 1703/2817 3507/2816
f 503/2843 7945/2700 4393/2744
f 3334/2684 3333/2686 3344/2622
f 8035/3163 3770/3303 4440/3253
f 2947/2936 2957/2979 3490/3025
f 1072/645 952/644 7706/716
f 7706/716 7781/741 980/838
f 6722/891 7955/956 980/838
f 544/447 552/981 743/758
f 1086/384 6711/361 7949/399
f 1086/384 1006/387 1003/354
f 952/644 1072/645 7414/577
f 980/838 7781/741 7700/800
f 974/883 7955/956 6722/891
f 2171/446 1017/477 7949/399
f 1072/645 994/565 7414/577
f 994/565 947/562 993/510
f 974/883 706/1015 7955/956
f 543/1091 688/1085 759/858
f 6711/361 1000/380 7949/399
f 1006/387 1066/326 1003/354
f 2171/446 7949/399 1000/380
f 7781/741 951/646 989/680
f 7781/741 989/680 7700/800
f 7700/800 974/883 6722/891
f 993/510 1017/477 2171/446
f 993/510 7414/577 994/565
f 743/758 543/1091 759/858
f 547/473 775/204 544/447
f 1000/380 6711/361 987/353
f 1003/354 1066/326 946/302
f 1018/269 946/302 1066/326
f 951/646 7414/577 984/574
f 951/646 984/574 989/680
f 2171/446 1008/408 993/510
f 974/883 954/778 978/797
f 700/1009 705/896 955/905
f 752/601 743/758 759/858
f 748/901 723/848 813/670
f 759/858 748/901 778/650
f 762/357 775/204 547/473
f 6709/319 987/353 6711/361
f 1003/354 946/302 6709/319
f 2171/446 987/353 1008/408
f 7414/577 988/495 984/574
f 7700/800 958/667 954/778
f 843/3 840/36 831/10
f 1008/408 988/495 993/510
f 7414/577 993/510 988/495
f 7933/1063 513/1133 546/943
f 705/896 978/797 704/724
f 705/896 704/724 955/905
f 759/858 778/650 752/601
f 778/650 748/901 813/670
f 7754/417 983/517 981/397
f 752/601 763/362 762/357
f 811/270 812/462 717/604
f 987/353 6709/319 1001/279
f 7938/932 545/679 7932/941
f 6709/319 946/302 940/251
f 1008/408 987/353 7759/322
f 3388/3219 3386/3256 3378/3111
f 988/495 6142/438 984/574
f 983/517 958/667 984/574
f 533/1205 546/943 513/1133
f 6142/438 988/495 1008/408
f 812/462 749/564 714/710
f 749/564 750/416 813/670
f 1001/279 7759/322 987/353
f 839/45 840/36 842/8
f 983/517 984/574 6142/438
f 958/667 983/517 960/665
f 1086/384 2173/443 1006/387
f 704/724 960/665 962/538
f 763/362 778/650 750/416
f 812/462 750/416 749/564
f 7938/932 546/943 330/385
f 7759/322 1001/279 992/245
f 1001/279 940/251 945/181
f 6142/438 7862/344 981/397
f 545/679 7938/932 330/385
f 6142/438 957/330 7862/344
f 704/724 953/556 701/657
f 940/251 1001/279 6709/319
f 822/593 717/604 812/462
f 1003/354 6711/361 1086/384
f 751/224 750/416 812/462
f 694/1149 7893/1057 979/1047
f 983/517 7754/417 962/538
f 7862/344 8021/320 981/397
f 956/271 7862/344 957/330
f 953/556 830/558 701/657
f 717/604 696/625 827/441
f 978/797 954/778 960/665
f 7432/1394 1446/1358 1461/1262
f 534/1363 549/1453 541/1309
f 831/10 833/38 873/4
f 932/21 942/5 948/32
f 838/73 833/38 834/105
f 992/245 970/197 956/271
f 981/397 8021/320 7754/417
f 963/338 962/538 7754/417
f 750/416 784/98 763/362
f 1003/354 6709/319 6711/361
f 830/558 953/556 963/338
f 827/441 696/625 830/558
f 717/604 827/441 811/270
f 934/20 7791/49 948/32
f 811/270 805/2 751/224
f 751/224 805/2 784/98
f 6142/438 1008/408 957/330
f 970/197 969/156 965/123
f 953/556 704/724 962/538
f 544/447 330/385 546/943
f 1726/2785 2122/2860 2132/2841
f 959/180 8021/320 956/271
f 951/646 952/644 7414/577
f 752/601 778/650 763/362
f 827/441 830/558 963/338
f 828/176 811/270 827/441
f 7700/800 989/680 958/667
f 750/416 778/650 813/670
f 811/270 791/70 805/2
f 934/20 2564/30 7791/49
f 3753/3261 4437/3354 3770/3303
f 714/710 813/670 723/848
f 969/156 970/197 992/245
f 959/180 970/197 965/123
f 346/2707 1476/2621 7945/2700
f 4415/3045 4460/2937 4419/2974
f 2564/30 934/20 873/4
f 545/679 529/1040 7932/941
f 838/73 2564/30 833/38
f 7938/932 7932/941 529/1040
f 822/593 812/462 714/710
f 969/156 1025/117 937/91
f 533/1205 552/981 546/943
f 700/1009 706/1015 705/896
f 540/1266 552/981 533/1205
f 533/1205 513/1133 609/1203
f 543/1091 552/981 540/1266
f 1033/67 964/15 966/69
f 963/338 8021/320 959/180
f 966/69 829/116 959/180
f 705/896 706/1015 974/883
f 546/943 552/981 544/447
f 992/245 945/181 969/156
f 1025/117 945/181 834/105
f 4850/2983 2969/3023 3504/3092
f 3344/2622 3302/2645 3334/2684
f 743/758 552/981 543/1091
f 688/1085 748/901 759/858
f 833/38 832/57 834/105
f 812/462 811/270 751/224
f 1025/117 832/57 937/91
f 4382/2469 409/2514 8052/2578
f 4977/3032 4595/2978 4594/3096
f 959/180 1033/67 966/69
f 2562/954 7786/1034 1467/999
f 1008/408 7759/322 957/330
f 959/180 829/116 963/338
f 945/181 1025/117 969/156
f 828/176 791/70 811/270
f 940/251 946/302 1018/269
f 1072/645 947/562 994/565
f 963/338 829/116 828/176
f 956/271 970/197 959/180
f 762/357 547/473 752/601
f 743/758 752/601 547/473
f 956/271 957/330 992/245
f 2564/30 873/4 833/38
f 838/73 7791/49 2564/30
f 750/416 751/224 784/98
f 6722/891 980/838 7700/800
f 981/397 983/517 6142/438
f 963/338 828/176 827/441
f 962/538 963/338 953/556
f 1025/117 834/105 832/57
f 987/353 2171/446 1000/380
f 7706/716 951/646 7781/741
f 829/116 807/9 828/176
f 791/70 828/176 807/9
f 808/7 829/116 966/69
f 948/32 942/5 934/20
f 969/156 937/91 965/123
f 833/38 831/10 832/57
f 832/57 840/36 937/91
f 963/338 7754/417 8021/320
f 937/91 839/45 965/123
f 1017/477 2173/443 7949/399
f 832/57 831/10 840/36
f 960/665 954/778 958/667
f 7700/800 954/778 974/883
f 958/667 989/680 984/574
f 713/757 955/905 704/724
f 704/724 978/797 960/665
f 822/593 714/710 717/604
f 842/8 841/12 839/45
f 813/670 714/710 749/564
f 959/180 965/123 1033/67
f 842/8 840/36 843/3
f 965/123 839/45 1033/67
f 952/644 951/646 7706/716
f 962/538 960/665 983/517
f 704/724 701/657 713/757
f 957/330 7759/322 992/245
f 937/91 840/36 839/45
f 956/271 8021/320 7862/344
f 964/15 808/7 966/69
f 807/9 829/116 808/7
f 547/473 544/447 743/758
f 964/15 1033/67 841/12
f 7949/399 2173/443 1086/384
f 1033/67 839/45 841/12
f 993/510 947/562 1017/477
f 974/883 978/797 705/896
f 791/70 807/9 805/2
f 992/245 1001/279 945/181
f 871/7003 1397/6897 799/7069
f 835/7276 837/7235 831/7321
f 894/7190 874/7179 837/7235
f 871/7003 799/7069 798/7121
f 964/7324 841/7309 847/7233
f 1399/7085 871/7003 1402/7116
f 808/7323 806/7267 807/7322
f 841/7309 842/7304 847/7233
f 807/7322 806/7267 800/7260
f 837/7235 874/7179 852/7127
f 882/7132 885/7061 893/7049
f 843/7241 831/7321 837/7235
f 806/7267 803/7192 800/7260
f 785/7184 775/7165 762/7258
f 1397/6897 790/6857 1429/6969
f 882/7132 874/7179 894/7190
f 1399/7085 1402/7116 1392/7143
f 852/7127 859/7099 870/7055
f 1429/6969 790/6857 789/7051
f 859/7099 874/7179 882/7132
f 799/7069 803/7192 798/7121
f 803/7192 799/7069 793/7210
f 1395/6986 871/7003 1399/7085
f 847/7233 843/7241 852/7127
f 1402/7116 844/7209 1392/7143
f 803/7192 793/7210 800/7260
f 844/7209 798/7121 803/7192
f 874/7179 859/7099 852/7127
f 843/7241 847/7233 842/7304
f 1399/7085 1392/7143 869/7082
f 843/7241 837/7235 852/7127
f 847/7233 852/7127 869/7082
f 782/7171 805/7319 793/7210
f 873/7325 872/7249 835/7276
f 847/7233 844/7209 808/7323
f 806/7267 844/7209 803/7192
f 882/7132 894/7190 897/7134
f 852/7127 851/7050 869/7082
f 852/7127 870/7055 850/7013
f 871/7003 798/7121 1402/7116
f 859/7099 882/7132 893/7049
f 808/7323 964/7324 847/7233
f 782/7171 792/7018 784/7261
f 925/7193 872/7249 942/7238
f 1392/7143 844/7209 847/7233
f 785/7184 762/7258 763/7320
f 873/7325 835/7276 831/7321
f 789/7051 793/7210 799/7069
f 837/7235 835/7276 894/7190
f 789/7051 790/6857 792/7018
f 799/7069 1397/6897 1429/6969
f 844/7209 806/7267 808/7323
f 894/7190 872/7249 925/7193
f 934/7273 872/7249 873/7325
f 7557/4951 2106/4966 2098/4854
f 1855/4955 1927/4868 1853/4876
f 732/5034 2106/4966 7557/4951
f 1855/4955 2117/5036 2369/5013
f 2117/5036 732/5034 2369/5013
f 2400/4892 2106/4966 2398/5018
f 2106/4966 732/5034 735/5116
f 2088/4961 2135/4853 2714/4825
f 2135/4853 2016/4958 3290/4860
f 1853/4876 2090/4944 1881/5001
f 735/5116 2398/5018 2106/4966
f 2714/4825 2105/4875 2088/4961
f 2016/4958 2069/5004 3290/4860
f 2016/4958 2135/4853 2088/4961
f 2069/5004 2090/4944 3290/4860
f 2117/5036 2049/5099 1866/5133
f 1902/5071 1881/5001 2090/4944
f 3148/4642 3115/4722 3116/4774
f 3115/4722 7594/4679 744/4784
f 6256/6758 5725/6680 877/6768
f 877/6768 6057/6807 1405/6814
f 6266/6901 1405/6814 861/6893
f 2080/5005 2088/4961 2105/4875
f 2016/4958 596/5067 2069/5004
f 2069/5004 1902/5071 2090/4944
f 1875/5240 735/5116 1850/5301
f 1868/5207 1850/5301 1866/5133
f 1835/5444 4012/5556 5013/5575
f 1819/5679 5013/5575 4967/5656
f 878/6754 6057/6807 877/6768
f 878/6754 877/6768 5725/6680
f 735/5116 1866/5133 1850/5301
f 850/7013 858/7000 1401/6955
f 852/7127 850/7013 851/7050
f 2080/5005 2057/5121 2088/4961
f 7557/4951 1927/4868 1855/4955
f 1247/5035 2080/5005 2105/4875
f 2099/5131 2069/5004 596/5067
f 1902/5071 2069/5004 2099/5131
f 7578/4889 2770/4832 2758/5011
f 2049/5099 1895/5111 1868/5207
f 1902/5071 1714/5201 1895/5111
f 1835/5444 1875/5240 1850/5301
f 1834/5321 1850/5301 1868/5207
f 3116/4774 2746/4914 3080/4793
f 3132/4614 797/4757 7594/4679
f 3409/4365 774/3999 44/4451
f 5725/6680 1319/6690 878/6754
f 2770/4832 3033/4956 2758/5011
f 1247/5035 7578/4889 2758/5011
f 2080/5005 1247/5035 2057/5121
f 2099/5131 596/5067 74/5199
f 1902/5071 2099/5131 1728/5192
f 1714/5201 1902/5071 1728/5192
f 1868/5207 1895/5111 1714/5201
f 2060/5502 1835/5444 1850/5301
f 1834/5321 1760/5437 1850/5301
f 5313/5786 4967/5656 736/5667
f 3116/4774 2374/4901 2746/4914
f 3154/4969 2746/4914 739/5024
f 7548/4686 797/4757 3132/4614
f 1274/6624 1319/6690 5586/6569
f 3045/4493 3409/4365 3132/4614
f 1413/6937 861/6893 1406/6817
f 1395/6986 850/7013 1413/6937
f 3145/5107 2758/5011 3033/4956
f 2886/4654 3148/4642 3116/4774
f 1706/5168 1247/5035 2758/5011
f 44/4451 774/3999 745/4473
f 610/5229 2057/5121 1247/5035
f 74/5199 1946/5254 2099/5131
f 74/5199 2057/5121 586/5258
f 1714/5201 1784/5341 1868/5207
f 1784/5341 1760/5437 1834/5321
f 1760/5437 2060/5502 1850/5301
f 2374/4901 7837/4850 765/4987
f 869/7082 851/7050 1395/6986
f 3033/4956 7564/5075 3145/5107
f 3033/4956 3154/4969 7564/5075
f 2106/4966 2400/4892 2098/4854
f 745/4473 774/3999 876/4436
f 735/5116 1875/5240 2398/5018
f 1441/6459 1411/6555 1443/6492
f 1274/6624 5587/6559 1412/6573
f 1409/6684 1319/6690 1274/6624
f 1706/5168 2758/5011 3145/5107
f 1247/5035 1706/5168 610/5229
f 1941/5326 1728/5192 1946/5254
f 1714/5201 1941/5326 1784/5341
f 1744/5796 736/5667 55/5607
f 5408/6422 1441/6459 5405/6398
f 1440/6499 1411/6555 1441/6459
f 7564/5075 7694/5206 3145/5107
f 7581/5140 7564/5075 3154/4969
f 7581/5140 739/5024 7714/5090
f 7548/4686 810/4882 7837/4850
f 745/4473 770/4751 7548/4686
f 765/4987 810/4882 7846/5065
f 1411/6555 1412/6573 1443/6492
f 1412/6573 1409/6684 1274/6624
f 745/4473 7548/4686 44/4451
f 1409/6684 1393/6854 1406/6817
f 1395/6986 1406/6817 1393/6854
f 3145/5107 489/5289 1706/5168
f 489/5289 3145/5107 7694/5206
f 1706/5168 1699/5333 610/5229
f 586/5258 610/5229 710/5383
f 710/5383 1619/5295 586/5258
f 1941/5326 1946/5254 2011/5412
f 1941/5326 681/5544 1784/5341
f 681/5544 55/5607 1760/5437
f 5310/5952 1744/5796 5291/5919
f 1411/6555 1440/6499 1414/6511
f 7782/5181 56/5189 7846/5065
f 56/5189 7714/5090 765/4987
f 7581/5140 7714/5090 279/5217
f 745/4473 741/4610 770/4751
f 760/4999 7846/5065 810/4882
f 1411/6555 1409/6684 1412/6573
f 1432/6775 1407/6830 1393/6854
f 1395/6986 1393/6854 871/7003
f 610/5229 1699/5333 710/5383
f 55/5607 681/5544 496/5735
f 652/5827 5291/5919 1744/5796
f 343/6124 5310/5952 5291/5919
f 1414/6511 5408/6422 1548/6444
f 1414/6511 1410/6576 1411/6555
f 7782/5181 395/5203 56/5189
f 279/5217 7714/5090 56/5189
f 7694/5206 388/5328 7704/5316
f 279/5217 43/5325 7581/5140
f 5586/6569 5587/6559 1274/6624
f 738/4608 51/4813 741/4610
f 770/4751 741/4610 51/4813
f 770/4751 760/4999 810/4882
f 760/4999 395/5203 7846/5065
f 1868/5207 1866/5133 2049/5099
f 1410/6576 1409/6684 1411/6555
f 1409/6684 1408/6704 1432/6775
f 1407/6830 1432/6775 1408/6704
f 1407/6830 871/7003 1393/6854
f 1699/5333 489/5289 624/5423
f 7704/5316 394/5431 489/5289
f 710/5383 1699/5333 624/5423
f 692/5734 496/5735 681/5544
f 82/6504 324/6390 313/6362
f 56/5189 273/5293 279/5217
f 310/6086 325/6199 307/6280
f 273/5293 43/5325 279/5217
f 710/5383 2011/5412 1619/5295
f 738/4608 50/4937 51/4813
f 83/6393 307/6280 314/6304
f 7809/4980 770/4751 51/4813
f 79/6067 310/6086 304/6232
f 760/4999 770/4751 7809/4980
f 330/6961 105/6927 542/6860
f 48/5602 37/5686 550/5582
f 760/4999 49/5175 395/5203
f 307/6280 325/6199 314/6304
f 624/5423 489/5289 394/5431
f 106/6957 100/6836 89/6765
f 84/6771 767/6919 779/6925
f 77/5711 692/5734 681/5544
f 1544/6292 788/6325 343/6124
f 343/6124 70/5985 5304/6104
f 1548/6444 788/6325 1544/6292
f 273/5293 56/5189 7722/5336
f 878/6754 1319/6690 1406/6817
f 273/5293 42/5425 43/5325
f 1393/6854 1409/6684 1432/6775
f 815/5297 7836/5410 7722/5336
f 1408/6704 1410/6576 1421/6551
f 57/5716 71/5577 1587/5542
f 5408/6422 1414/6511 1440/6499
f 322/6388 87/6447 75/6496
f 550/5582 385/5513 624/5423
f 769/5523 40/5505 42/5425
f 71/5577 57/5716 77/5711
f 62/5964 70/5985 665/5862
f 1548/6444 1544/6292 772/6460
f 882/7132 897/7134 885/7061
f 7836/5410 7723/5473 7722/5336
f 43/5325 42/5425 69/5458
f 269/6111 7737/6070 294/6072
f 815/5297 76/5368 7836/5410
f 1868/5207 1784/5341 1834/5321
f 50/4937 153/5209 7793/5054
f 111/6315 120/6384 319/6396
f 140/5156 49/5175 7809/4980
f 596/5067 2088/4961 2057/5121
f 897/7134 894/7190 925/7193
f 5310/5952 5313/5786 1744/5796
f 7907/6127 328/6135 318/6193
f 793/7210 789/7051 782/7171
f 72/5645 145/5755 61/5756
f 1431/6662 1408/6704 1421/6551
f 46/5962 312/5990 310/6086
f 385/5513 550/5582 378/5668
f 77/5711 57/5716 331/5848
f 122/6424 121/6461 512/6536
f 95/6332 315/6378 86/6253
f 114/6146 5304/6104 62/5964
f 388/5328 43/5325 69/5458
f 772/6460 1422/6403 1421/6551
f 7722/5336 7723/5473 42/5425
f 787/6409 67/6287 5405/6398
f 40/5505 69/5458 42/5425
f 817/5235 7793/5054 153/5209
f 49/5175 795/5347 76/5368
f 1946/5254 1728/5192 2099/5131
f 1429/6969 789/7051 799/7069
f 1439/6921 792/7018 794/6912
f 103/6753 88/6787 98/6650
f 790/6857 1397/6897 802/6767
f 1409/6684 1410/6576 1408/6704
f 251/5524 48/5602 550/5582
f 378/5668 256/5771 57/5716
f 258/5791 331/5848 57/5716
f 62/5964 358/5822 331/5848
f 306/6579 84/6771 804/6671
f 1421/6551 1422/6403 90/6414
f 322/6388 83/6393 314/6304
f 90/6414 1427/6572 1421/6551
f 318/6193 7923/6218 7907/6127
f 795/5347 140/5156 817/5235
f 76/5368 795/5347 296/5477
f 893/7049 860/7039 859/7099
f 797/4757 7548/4686 7837/4850
f 1439/6921 779/6925 792/7018
f 316/5782 254/5872 81/5781
f 775/7165 785/7184 104/7033
f 7722/5336 56/5189 395/5203
f 1406/6817 1395/6986 1413/6937
f 550/5582 37/5686 378/5668
f 92/5850 316/5782 41/5720
f 1427/6572 1426/6667 1431/6662
f 395/5203 7782/5181 7846/5065
f 1426/6667 790/6857 802/6767
f 47/5522 76/5368 296/5477
f 489/5289 1699/5333 1706/5168
f 258/5791 256/5771 323/5875
f 81/5781 256/5771 378/5668
f 2117/5036 1881/5001 2049/5099
f 388/5328 394/5431 7704/5316
f 37/5686 81/5781 378/5668
f 258/5791 323/5875 331/5848
f 331/5848 65/5966 62/5964
f 1927/4868 7557/4951 2098/4854
f 62/5964 65/5966 66/6108
f 90/6414 1422/6403 1424/6266
f 545/6877 330/6961 125/6810
f 232/5612 769/5523 7723/5473
f 141/5565 47/5522 296/5477
f 872/7249 934/7273 942/7238
f 1417/6770 1408/6704 1431/6662
f 5304/6104 114/6146 1544/6292
f 847/7233 869/7082 1392/7143
f 805/7319 807/7322 793/7210
f 1855/4955 1881/5001 2117/5036
f 1399/7085 869/7082 1395/6986
f 2060/5502 55/5607 736/5667
f 893/7049 1211/6982 860/7039
f 304/6232 324/6390 58/6196
f 104/7033 773/7060 767/6919
f 2105/4875 7578/4889 1247/5035
f 7704/5316 489/5289 7694/5206
f 1427/6572 1428/6529 1426/6667
f 316/5782 37/5686 48/5602
f 315/6378 321/6316 86/6253
f 81/5781 323/5875 256/5771
f 786/6842 1439/6921 794/6912
f 323/5875 65/5966 331/5848
f 73/6372 1428/6529 90/6414
f 232/5612 48/5602 769/5523
f 1728/5192 1941/5326 1714/5201
f 692/5734 358/5822 665/5862
f 3409/4365 44/4451 3136/4583
f 148/5721 146/5586 162/5614
f 146/5586 7739/5414 154/5436
f 1427/6572 1431/6662 1421/6551
f 42/5425 273/5293 7722/5336
f 47/5522 141/5565 72/5645
f 5313/5786 736/5667 1744/5796
f 782/7171 784/7261 805/7319
f 141/5565 296/5477 152/5525
f 309/5925 80/5883 317/6007
f 7739/5414 152/5525 795/5347
f 800/7260 793/7210 807/7322
f 3080/4793 2886/4654 3116/4774
f 5313/5786 1819/5679 4967/5656
f 775/7165 104/7033 106/6957
f 3116/4774 744/4784 2374/4901
f 138/5839 150/5793 148/5721
f 681/5544 2011/5412 71/5577
f 792/7018 782/7171 789/7051
f 2374/4901 744/4784 797/4757
f 327/6184 7865/6137 290/6225
f 1587/5542 710/5383 385/5513
f 784/7261 792/7018 773/7060
f 112/6789 330/6961 542/6860
f 7854/5774 595/5901 138/5839
f 1902/5071 1895/5111 1881/5001
f 544/7218 775/7165 106/6957
f 7856/6138 118/6069 126/6219
f 779/6925 786/6842 84/6771
f 5408/6422 1440/6499 1441/6459
f 110/6734 545/6877 108/6678
f 7723/5473 769/5523 42/5425
f 854/6480 5587/6559 5586/6569
f 63/5986 38/5916 79/6067
f 1428/6529 804/6671 1426/6667
f 1587/5542 71/5577 2011/5412
f 1401/6955 861/6893 1413/6937
f 41/5720 316/5782 48/5602
f 1397/6897 871/7003 1407/6830
f 3033/4956 3080/4793 3154/4969
f 81/5781 254/5872 323/5875
f 3080/4793 2746/4914 3154/4969
f 60/6089 65/5966 68/5995
f 1410/6576 1414/6511 1548/6444
f 3115/4722 3148/4642 7594/4679
f 66/6108 60/6089 113/6233
f 85/5874 61/5756 143/5852
f 1428/6529 73/6372 305/6483
f 1413/6937 850/7013 1401/6955
f 73/6372 90/6414 113/6233
f 765/4987 7846/5065 56/5189
f 232/5612 47/5522 72/5645
f 41/5720 48/5602 232/5612
f 586/5258 1619/5295 74/5199
f 148/5721 147/5765 146/5586
f 142/5651 146/5586 147/5765
f 256/5771 258/5791 57/5716
f 141/5565 7794/5638 72/5645
f 141/5565 152/5525 7794/5638
f 7739/5414 142/5651 152/5525
f 330/6961 544/7218 105/6927
f 2057/5121 610/5229 586/5258
f 70/5985 62/5964 5304/6104
f 773/7060 785/7184 784/7261
f 266/5876 147/5765 136/5861
f 1587/5542 378/5668 57/5716
f 148/5721 150/5793 147/5765
f 138/5839 595/5901 7855/5941
f 1407/6830 1408/6704 1417/6770
f 358/5822 62/5964 665/5862
f 85/5874 312/5990 46/5962
f 108/6678 545/6877 125/6810
f 773/7060 779/6925 767/6919
f 88/6787 767/6919 84/6771
f 107/6615 89/6765 98/6650
f 132/6071 118/6069 7856/6138
f 74/5199 596/5067 2057/5121
f 129/6181 132/6071 7856/6138
f 129/6181 7856/6138 126/6219
f 88/6787 783/6911 767/6919
f 49/5175 140/5156 795/5347
f 327/6184 290/6225 111/6315
f 385/5513 710/5383 624/5423
f 55/5607 2060/5502 1760/5437
f 290/6225 7865/6137 129/6181
f 7849/6306 120/6384 111/6315
f 100/6836 783/6911 88/6787
f 786/6842 804/6671 84/6771
f 1784/5341 681/5544 1760/5437
f 113/6233 60/6089 58/6196
f 67/6287 5408/6422 5405/6398
f 73/6372 311/6360 305/6483
f 73/6372 113/6233 58/6196
f 798/7121 844/7209 1402/7116
f 232/5612 72/5645 61/5756
f 792/7018 779/6925 773/7060
f 783/6911 100/6836 106/6957
f 736/5667 4012/5556 2060/5502
f 542/6860 105/6927 112/6789
f 106/6957 105/6927 544/7218
f 59/5788 92/5850 41/5720
f 305/6483 804/6671 1428/6529
f 398/6585 7852/6635 110/6734
f 5405/6398 1441/6459 787/6409
f 394/5431 550/5582 624/5423
f 147/5765 150/5793 136/5861
f 132/6071 7865/6137 294/6072
f 7739/5414 795/5347 817/5235
f 2746/4914 7714/5090 739/5024
f 39/5954 102/5893 303/5972
f 289/6263 126/6219 255/6376
f 790/6857 794/6912 792/7018
f 126/6219 289/6263 129/6181
f 86/6253 318/6193 328/6135
f 1587/5542 2011/5412 710/5383
f 319/6396 120/6384 122/6424
f 88/6787 103/6753 100/6836
f 323/5875 63/5986 68/5995
f 95/6332 86/6253 93/6284
f 772/6460 1544/6292 1422/6403
f 40/5505 48/5602 69/5458
f 41/5720 232/5612 59/5788
f 850/7013 1395/6986 851/7050
f 162/5614 7854/5774 148/5721
f 92/5850 38/5916 316/5782
f 60/6089 119/6068 58/6196
f 1424/6266 113/6233 90/6414
f 113/6233 1424/6266 66/6108
f 318/6193 86/6253 321/6316
f 104/7033 785/7184 773/7060
f 147/5765 149/5823 142/5651
f 66/6108 65/5966 60/6089
f 7794/5638 142/5651 145/5755
f 330/6961 112/6789 125/6810
f 316/5782 38/5916 254/5872
f 652/5827 1744/5796 496/5735
f 512/6536 398/6585 101/6474
f 398/6585 110/6734 108/6678
f 111/6315 290/6225 7849/6306
f 358/5822 77/5711 331/5848
f 1319/6690 1409/6684 1406/6817
f 388/5328 7694/5206 7581/5140
f 319/6396 122/6424 101/6474
f 97/6450 101/6474 398/6585
f 136/5861 7855/5941 151/5970
f 129/6181 7865/6137 132/6071
f 2060/5502 4012/5556 1835/5444
f 289/6263 255/6376 7849/6306
f 872/7249 894/7190 835/7276
f 266/5876 291/5948 149/5823
f 251/5524 550/5582 394/5431
f 289/6263 290/6225 129/6181
f 4967/5656 4012/5556 736/5667
f 100/6836 103/6753 89/6765
f 769/5523 48/5602 40/5505
f 7694/5206 7564/5075 7581/5140
f 1426/6667 804/6671 790/6857
f 84/6771 308/6654 88/6787
f 5291/5919 70/5985 343/6124
f 151/5970 132/6071 294/6072
f 324/6390 306/6579 305/6483
f 92/5850 59/5788 102/5893
f 39/5954 92/5850 102/5893
f 38/5916 92/5850 39/5954
f 1441/6459 1443/6492 787/6409
f 63/5986 119/6068 68/5995
f 162/5614 146/5586 154/5436
f 802/6767 1397/6897 1417/6770
f 7557/4951 1855/4955 2369/5013
f 343/6124 5304/6104 1544/6292
f 306/6579 308/6654 84/6771
f 73/6372 58/6196 311/6360
f 2770/4832 3080/4793 3033/4956
f 119/6068 63/5986 58/6196
f 58/6196 324/6390 311/6360
f 850/7013 870/7055 858/7000
f 59/5788 61/5756 85/5874
f 149/5823 147/5765 266/5876
f 65/5966 323/5875 68/5995
f 72/5645 7794/5638 145/5755
f 149/5823 145/5755 142/5651
f 108/6678 125/6810 112/6789
f 4632/5817 1819/5679 5313/5786
f 109/6563 398/6585 108/6678
f 232/5612 61/5756 59/5788
f 55/5607 496/5735 1744/5796
f 266/5876 136/5861 151/5970
f 291/5948 317/6007 80/5883
f 140/5156 7793/5054 817/5235
f 817/5235 153/5209 7739/5414
f 3136/4583 3132/4614 3409/4365
f 78/6387 111/6315 97/6450
f 858/7000 860/7039 1211/6982
f 1424/6266 1422/6403 1544/6292
f 804/6671 305/6483 306/6579
f 1866/5133 735/5116 732/5034
f 7849/6306 290/6225 289/6263
f 89/6765 103/6753 98/6650
f 3045/4493 7594/4679 3148/4642
f 88/6787 308/6654 98/6650
f 306/6579 82/6504 308/6654
f 82/6504 306/6579 324/6390
f 786/6842 779/6925 1439/6921
f 79/6067 38/5916 39/5954
f 143/5852 145/5755 80/5883
f 106/6957 89/6765 112/6789
f 1431/6662 802/6767 1417/6770
f 89/6765 107/6615 112/6789
f 112/6789 94/6642 108/6678
f 294/6072 7865/6137 269/6111
f 109/6563 97/6450 398/6585
f 1855/4955 1853/4876 1881/5001
f 312/5990 7907/6127 310/6086
f 5408/6422 67/6287 788/6325
f 108/6678 96/6523 109/6563
f 5725/6680 5586/6569 1319/6690
f 496/5735 692/5734 665/5862
f 106/6957 112/6789 105/6927
f 151/5970 291/5948 266/5876
f 7737/6070 151/5970 294/6072
f 308/6654 82/6504 98/6650
f 97/6450 111/6315 319/6396
f 86/6253 328/6135 267/6188
f 78/6387 93/6284 111/6315
f 102/5893 85/5874 46/5962
f 2374/4901 7714/5090 2746/4914
f 804/6671 786/6842 790/6857
f 80/5883 149/5823 291/5948
f 87/6447 107/6615 75/6496
f 790/6857 786/6842 794/6912
f 665/5862 70/5985 5291/5919
f 763/7320 784/7261 785/7184
f 97/6450 319/6396 101/6474
f 7557/4951 2369/5013 732/5034
f 304/6232 310/6086 307/6280
f 309/5925 85/5874 143/5852
f 94/6642 112/6789 107/6615
f 67/6287 343/6124 788/6325
f 77/5711 681/5544 71/5577
f 311/6360 324/6390 305/6483
f 652/5827 665/5862 5291/5919
f 94/6642 96/6523 108/6678
f 97/6450 109/6563 96/6523
f 58/6196 79/6067 304/6232
f 140/5156 7809/4980 7793/5054
f 310/6086 79/6067 39/5954
f 6057/6807 878/6754 1406/6817
f 395/5203 49/5175 815/5297
f 496/5735 665/5862 652/5827
f 107/6615 98/6650 75/6496
f 1410/6576 1548/6444 772/6460
f 47/5522 7836/5410 76/5368
f 82/6504 75/6496 98/6650
f 46/5962 310/6086 303/5972
f 79/6067 58/6196 63/5986
f 307/6280 313/6362 304/6232
f 760/4999 7809/4980 49/5175
f 95/6332 93/6284 78/6387
f 802/6767 1431/6662 1426/6667
f 313/6362 307/6280 83/6393
f 66/6108 1424/6266 114/6146
f 312/5990 85/5874 309/5925
f 858/7000 870/7055 860/7039
f 59/5788 85/5874 102/5893
f 107/6615 96/6523 94/6642
f 78/6387 96/6523 315/6378
f 68/5995 119/6068 60/6089
f 861/6893 6057/6807 1406/6817
f 48/5602 251/5524 69/5458
f 7736/6043 291/5948 7737/6070
f 741/4610 876/4436 738/4608
f 310/6086 7907/6127 325/6199
f 312/5990 309/5925 317/6007
f 877/6768 1405/6814 6256/6758
f 269/6111 327/6184 7737/6070
f 269/6111 7865/6137 327/6184
f 7737/6070 327/6184 267/6188
f 316/5782 81/5781 37/5686
f 767/6919 783/6911 104/7033
f 692/5734 77/5711 358/5822
f 82/6504 83/6393 75/6496
f 1619/5295 2011/5412 1946/5254
f 7855/5941 595/5901 118/6069
f 118/6069 132/6071 7855/5941
f 385/5513 378/5668 1587/5542
f 7794/5638 152/5525 142/5651
f 309/5925 143/5852 80/5883
f 388/5328 7581/5140 43/5325
f 7923/6218 318/6193 321/6316
f 322/6388 321/6316 87/6447
f 66/6108 114/6146 62/5964
f 49/5175 76/5368 815/5297
f 107/6615 87/6447 96/6523
f 3115/4722 744/4784 3116/4774
f 303/5972 310/6086 39/5954
f 1941/5326 2011/5412 681/5544
f 120/6384 121/6461 122/6424
f 328/6135 7737/6070 267/6188
f 3154/4969 739/5024 7581/5140
f 328/6135 7736/6043 7737/6070
f 1544/6292 114/6146 1424/6266
f 96/6523 87/6447 315/6378
f 7594/4679 3045/4493 3132/4614
f 303/5972 102/5893 46/5962
f 795/5347 152/5525 296/5477
f 291/5948 7736/6043 317/6007
f 7737/6070 291/5948 151/5970
f 7548/4686 3136/4583 44/4451
f 322/6388 75/6496 83/6393
f 2016/4958 2088/4961 596/5067
f 7548/4686 3132/4614 3136/4583
f 314/6304 325/6199 7923/6218
f 7837/4850 2374/4901 797/4757
f 267/6188 327/6184 93/6284
f 5013/5575 4012/5556 4967/5656
f 142/5651 7739/5414 146/5586
f 96/6523 78/6387 97/6450
f 138/5839 136/5861 150/5793
f 7907/6127 312/5990 317/6007
f 394/5431 388/5328 69/5458
f 251/5524 394/5431 69/5458
f 153/5209 154/5436 7739/5414
f 7722/5336 395/5203 815/5297
f 101/6474 122/6424 512/6536
f 783/6911 106/6957 104/7033
f 324/6390 304/6232 313/6362
f 145/5755 149/5823 80/5883
f 1853/4876 3290/4860 2090/4944
f 876/4436 741/4610 745/4473
f 7907/6127 7923/6218 325/6199
f 317/6007 7736/6043 328/6135
f 51/4813 50/4937 7793/5054
f 315/6378 95/6332 78/6387
f 1397/6897 1407/6830 1417/6770
f 1946/5254 74/5199 1619/5295
f 255/6376 120/6384 7849/6306
f 148/5721 7854/5774 138/5839
f 93/6284 86/6253 267/6188
f 1428/6529 1427/6572 90/6414
f 145/5755 143/5852 61/5756
f 732/5034 2117/5036 1866/5133
f 1410/6576 772/6460 1421/6551
f 744/4784 7594/4679 797/4757
f 328/6135 7907/6127 317/6007
f 861/6893 1405/6814 6057/6807
f 254/5872 63/5986 323/5875
f 87/6447 321/6316 315/6378
f 7809/4980 51/4813 7793/5054
f 93/6284 327/6184 111/6315
f 1881/5001 1895/5111 2049/5099
f 151/5970 7855/5941 132/6071
f 2374/4901 765/4987 7714/5090
f 321/6316 322/6388 314/6304
f 810/4882 7548/4686 770/4751
f 82/6504 313/6362 83/6393
f 5408/6422 788/6325 1548/6444
f 38/5916 63/5986 254/5872
f 7855/5941 136/5861 138/5839
f 765/4987 7837/4850 810/4882
f 314/6304 7923/6218 321/6316
f 7723/5473 7836/5410 45/5494
f 7723/5473 45/5494 232/5612
f 45/5494 47/5522 232/5612
f 47/5522 45/5494 7836/5410
f 870/7055 859/7099 860/7039
f 5699/6620 6061/6607 5523/6545
f 863/6801 5693/6692 6243/6733
f 5700/6702 6260/6725 6324/6777
f 4572/6374 6019/6341 6134/6275
f 6243/6733 5693/6692 5700/6702
f 5944/6679 4592/6726 906/6764
f 5700/6702 6324/6777 6243/6733
f 6254/6669 5699/6620 6112/6604
f 5693/6692 5937/6655 5699/6620
f 5702/6404 5920/6353 6136/6365
f 5693/6692 5699/6620 5700/6702
f 5699/6620 6254/6669 5700/6702
f 6106/6591 6112/6604 5933/6562
f 5523/6545 5664/6544 5699/6620
f 5747/6613 5622/6558 5586/6569
f 5937/6655 6061/6607 5699/6620
f 5691/6513 5933/6562 2866/6528
f 5693/6692 4592/6726 5937/6655
f 6987/6820 6324/6777 6256/6758
f 867/6521 5664/6544 5523/6545
f 6061/6607 5937/6655 5944/6679
f 6073/6423 5691/6513 6045/6455
f 6987/6820 6256/6758 1405/6814
f 864/6629 6254/6669 6106/6591
f 863/6801 4592/6726 5693/6692
f 6073/6423 5674/6440 5691/6513
f 6260/6725 5700/6702 6254/6669
f 6035/6394 5923/6412 6136/6365
f 917/6883 5929/6804 863/6801
f 862/6885 6324/6777 6987/6820
f 4572/6374 6045/6455 6035/6394
f 4592/6726 863/6801 5929/6804
f 4571/6327 5920/6353 5513/6391
f 890/6457 867/6521 5523/6545
f 867/6521 2866/6528 5664/6544
f 5937/6655 4592/6726 5944/6679
f 5747/6613 5586/6569 5725/6680
f 6112/6604 6106/6591 6254/6669
f 5929/6804 906/6764 4592/6726
f 5622/6558 5691/6513 5674/6440
f 6324/6777 863/6801 6243/6733
f 5513/6391 5920/6353 5702/6404
f 6256/6758 6260/6725 6254/6669
f 6019/6341 6076/6261 6134/6275
f 867/6521 890/6457 6009/6463
f 6045/6455 2866/6528 867/6521
f 6256/6758 6254/6669 5725/6680
f 5664/6544 2866/6528 5660/6556
f 6112/6604 5660/6556 5933/6562
f 6324/6777 862/6885 863/6801
f 5660/6556 6112/6604 5664/6544
f 6256/6758 6324/6777 6260/6725
f 880/6875 862/6885 883/6951
f 2866/6528 6045/6455 5691/6513
f 6112/6604 5699/6620 5664/6544
f 6045/6455 867/6521 6009/6463
f 2866/6528 5933/6562 5660/6556
f 863/6801 862/6885 880/6875
f 6106/6591 5933/6562 5691/6513
f 917/6883 863/6801 880/6875
f 6019/6341 4572/6374 6035/6394
f 864/6629 6106/6591 5622/6558
f 5513/6391 6009/6463 890/6457
f 5725/6680 6254/6669 864/6629
f 917/6883 880/6875 883/6951
f 4572/6374 6073/6423 6045/6455
f 6009/6463 5923/6412 6045/6455
f 5513/6391 890/6457 5898/6368
f 5702/6404 6136/6365 5923/6412
f 6009/6463 5513/6391 5702/6404
f 862/6885 6987/6820 6266/6901
f 5691/6513 5622/6558 6106/6591
f 5622/6558 5747/6613 864/6629
f 864/6629 5747/6613 5725/6680
f 5923/6412 6009/6463 5702/6404
f 6035/6394 6045/6455 5923/6412
f 5513/6391 5898/6368 4571/6327
f 1405/6814 6266/6901 6987/6820
f 5591/6347 5674/6440 6073/6423
f 5591/6347 6073/6423 4572/6374
f 5622/6558 5674/6440 5586/6569
f 6019/6341 6035/6394 6136/6365
f 6136/6365 5920/6353 6076/6261
f 4572/6374 6134/6275 5591/6347
f 6076/6261 6019/6341 6136/6365
f 6640/5098 6619/5233 6937/5197
f 6878/5058 6938/4973 6879/4974
f 6633/5157 6675/5269 6991/5242
f 8011/5332 6617/5234 6620/5262
f 6895/5076 6878/5058 6870/5169
f 6878/5058 6649/5125 6870/5169
f 6745/5519 6627/5397 7123/5467
f 7731/5182 6679/5214 6869/5208
f 7731/5182 6869/5208 6649/5125
f 6865/5030 6649/5125 6878/5058
f 6644/4929 6662/5010 6639/4823
f 6879/4974 6865/5030 6878/5058
f 6617/5234 6870/5169 6620/5262
f 6693/5549 6692/5580 6698/5507
f 7731/5182 6649/5125 6704/5101
f 6627/5397 8011/5332 6710/5381
f 6633/5157 6991/5242 1743/5202
f 6633/5157 6895/5076 6617/5234
f 6697/5503 6708/5424 7084/5408
f 6617/5234 6675/5269 6633/5157
f 6662/5010 6744/5109 6736/5017
f 6878/5058 6895/5076 6938/4973
f 6639/4823 6662/5010 6860/4934
f 7084/5408 7253/5472 6698/5507
f 6692/5580 6693/5549 6677/5627
f 8011/5332 6627/5397 6617/5234
f 6692/5580 6997/5675 6712/5605
f 6633/5157 6744/5109 6662/5010
f 6617/5234 6627/5397 6675/5269
f 6710/5381 6700/5345 6708/5424
f 7355/5677 6997/5675 6677/5627
f 6895/5076 6644/4929 6938/4973
f 6620/5262 6717/5290 8011/5332
f 6649/5125 6865/5030 6704/5101
f 6991/5242 6675/5269 8009/5339
f 6870/5169 6617/5234 6895/5076
f 6662/5010 6736/5017 6860/4934
f 6940/5548 7848/5643 6687/5578
f 6633/5157 1743/5202 6744/5109
f 7253/5472 6693/5549 6698/5507
f 8011/5332 6717/5290 6710/5381
f 8009/5339 6675/5269 6627/5397
f 6662/5010 6895/5076 6633/5157
f 7405/5515 6693/5549 7253/5472
f 1743/5202 6624/5118 6744/5109
f 7866/5609 7393/5706 7355/5677
f 1743/5202 6619/5233 6624/5118
f 6736/5017 6624/5118 6640/5098
f 7866/5609 6693/5549 7405/5515
f 6999/5298 6700/5345 6679/5214
f 6717/5290 6620/5262 6869/5208
f 7123/5467 6710/5381 6708/5424
f 6624/5118 6619/5233 6640/5098
f 6620/5262 6870/5169 6869/5208
f 6700/5345 6999/5298 7084/5408
f 7847/5685 7848/5643 6712/5605
f 6736/5017 6744/5109 6624/5118
f 7123/5467 6940/5548 6745/5519
f 6708/5424 6697/5503 7123/5467
f 7084/5408 6708/5424 6700/5345
f 6687/5578 6745/5519 6940/5548
f 7123/5467 6697/5503 6940/5548
f 6662/5010 6644/4929 6895/5076
f 6870/5169 6649/5125 6869/5208
f 6619/5233 6610/5350 6937/5197
f 6698/5507 6697/5503 7084/5408
f 6940/5548 6697/5503 6712/5605
f 6717/5290 6869/5208 6679/5214
f 6700/5345 6710/5381 6717/5290
f 6712/5605 7848/5643 6940/5548
f 6712/5605 6697/5503 6692/5580
f 6697/5503 6698/5507 6692/5580
f 6717/5290 6679/5214 6700/5345
f 7123/5467 6627/5397 6710/5381
f 6712/5605 6997/5675 7847/5685
f 6677/5627 6997/5675 6692/5580
f 7084/5408 7384/5406 7253/5472
f 7866/5609 6677/5627 6693/5549
f 6677/5627 7866/5609 7355/5677
f 6682/5751 6997/5675 7355/5677
f 6704/5101 6679/5214 7731/5182
f 6682/5751 7355/5677 7393/5706
f 121/6461 7860/6479 427/6526
f 427/6526 512/6536 121/6461
f 7852/6635 512/6536 402/6625
f 332/6721 110/6734 7852/6635
f 7852/6635 402/6625 332/6721
f 121/6461 120/6384 7860/6479
f 512/6536 7852/6635 398/6585
f 427/6526 7860/6479 511/6565
f 402/6625 427/6526 511/6565
f 512/6536 427/6526 402/6625
f 7239/6949 7297/6928 7241/6996
f 1234/6803 1240/6798 7454/6840
f 1233/6856 7297/6928 7039/6902
f 1241/6838 1234/6803 7358/6852
f 7454/6840 1230/6796 1233/6856
f 1234/6803 7454/6840 7358/6852
f 1233/6856 8020/6812 911/6895
f 8020/6812 1233/6856 1230/6796
f 6419/6712 1239/6761 1235/6738
f 1220/7004 7254/6920 7239/6949
f 7297/6928 7239/6949 7039/6902
f 1225/6913 911/6895 1442/6968
f 1241/6838 1373/6876 1246/6823
f 7476/6782 6445/6740 7359/6785
f 7476/6782 7359/6785 1241/6838
f 6411/6697 6405/6698 1239/6761
f 920/7025 1215/7115 1212/7020
f 1241/6838 1246/6823 7476/6782
f 7254/6920 1224/6940 1373/6876
f 1373/6876 7301/6851 1246/6823
f 1232/6979 7297/6928 1225/6913
f 912/6970 920/7025 1442/6968
f 1241/6838 7358/6852 7254/6920
f 7254/6920 1220/7004 1224/6940
f 1237/6706 1242/6707 6445/6740
f 7301/6851 1315/6824 1246/6823
f 7297/6928 1232/6979 7241/6996
f 1232/6979 1225/6913 1442/6968
f 7360/6776 7476/6782 1315/6824
f 1235/6738 1240/6798 1234/6803
f 7241/6996 1212/7020 1216/7043
f 1212/7020 7241/6996 1232/6979
f 7301/6851 1373/6876 1224/6940
f 7039/6902 7254/6920 7358/6852
f 1212/7020 1232/6979 1442/6968
f 1237/6706 6445/6740 7476/6782
f 7454/6840 1240/6798 1230/6796
f 1240/6798 1235/6738 1239/6761
f 7039/6902 7454/6840 1233/6856
f 1241/6838 7359/6785 1234/6803
f 1235/6738 1234/6803 6450/6755
f 6450/6755 6445/6740 1242/6707
f 920/7025 1212/7020 1442/6968
f 8020/6812 6319/6774 1227/6813
f 1315/6824 7476/6782 1246/6823
f 6319/6774 1239/6761 6405/6698
f 7254/6920 1373/6876 1241/6838
f 7039/6902 7239/6949 7254/6920
f 1225/6913 7297/6928 1233/6856
f 1227/6813 911/6895 8020/6812
f 8020/6812 1230/6796 6319/6774
f 6319/6774 6405/6698 1228/6760
f 1239/6761 6419/6712 6411/6697
f 1235/6738 6450/6755 1242/6707
f 1242/6707 6443/6658 1235/6738
f 1239/6761 6319/6774 1230/6796
f 6411/6697 6455/6631 6405/6698
f 7421/5992 6857/5975 7295/6017
f 1273/6637 6766/6566 1245/6619
f 6766/6566 1339/6466 7457/6520
f 1339/6466 6766/6566 1318/6503
f 6122/6400 1266/6416 1339/6466
f 6140/6397 1265/6338 7348/6274
f 6450/6755 7359/6785 6445/6740
f 6277/6419 6122/6400 1339/6466
f 1228/6760 1227/6813 6319/6774
f 6419/6712 6443/6658 6411/6697
f 1265/6338 1266/6416 6339/6320
f 6732/6272 6300/6200 7348/6274
f 6122/6400 6339/6320 1266/6416
f 6419/6712 1235/6738 6443/6658
f 1292/6627 1269/6510 1318/6503
f 1230/6796 1240/6798 1239/6761
f 1265/6338 6339/6320 6732/6272
f 6337/6226 6300/6200 6732/6272
f 7241/6996 1220/7004 7239/6949
f 6411/6697 6443/6658 6455/6631
f 1269/6510 6475/6377 1318/6503
f 1268/6366 1269/6510 1270/6446
f 7299/6163 7475/6087 7296/6160
f 7389/6367 6474/6277 6339/6320
f 7454/6840 7039/6902 7358/6852
f 1233/6856 911/6895 1225/6913
f 6475/6377 1269/6510 1268/6366
f 7347/6392 1268/6366 1270/6446
f 6339/6320 6474/6277 6337/6226
f 1234/6803 7359/6785 6450/6755
f 7347/6392 6794/6349 1268/6366
f 6474/6277 7299/6163 6337/6226
f 7476/6782 7360/6776 1237/6706
f 911/6895 912/6970 1442/6968
f 4952/3458 5282/3492 5684/3421
f 1863/6271 7300/6202 6474/6277
f 1863/6271 6762/6314 1864/6257
f 7299/6163 6474/6277 7300/6202
f 4734/4703 7469/4674 7653/4615
f 5740/3985 5722/4075 7566/3932
f 7326/6369 7334/6319 6816/6262
f 6794/6349 7326/6369 6816/6262
f 7457/6520 1245/6619 6766/6566
f 1864/6257 7300/6202 1863/6271
f 7484/6300 1864/6257 1268/6366
f 6794/6349 7380/6273 7484/6300
f 7299/6163 7300/6202 7450/6130
f 7130/5320 7291/5244 6915/5342
f 3429/3830 5696/3764 5000/3763
f 7655/3933 5779/3958 5716/3837
f 6816/6262 7380/6273 6794/6349
f 4339/5031 3317/5080 4286/5102
f 1864/6257 7364/6187 7300/6202
f 7484/6300 6764/6215 1864/6257
f 7415/6085 7299/6163 7450/6130
f 6828/5644 6885/5702 5804/5732
f 6893/5856 6856/5935 7067/5890
f 7328/6201 6816/6262 7327/6259
f 6816/6262 6823/6191 7380/6273
f 6930/6076 6969/6053 6974/5979
f 6764/6215 7364/6187 1864/6257
f 7689/4612 7214/4692 5763/4694
f 5688/3576 5734/3604 5690/3630
f 5718/3723 5655/3629 5653/3673
f 7088/4265 3094/4352 7007/4271
f 6475/6377 1863/6271 6474/6277
f 3821/3526 5865/3448 5759/3499
f 6816/6262 7328/6201 6823/6191
f 5749/3605 5869/3540 7177/3554
f 5733/3859 5740/3985 7566/3932
f 6738/6112 7364/6187 7341/6161
f 7341/6161 7364/6187 6764/6215
f 6738/6112 7413/6055 7415/6085
f 7334/6319 7327/6259 6816/6262
f 7322/6010 7413/6055 7295/6017
f 5673/3564 5759/3499 5282/3492
f 7347/6392 7326/6369 6794/6349
f 2423/5043 2453/5003 7481/4978
f 5856/5557 6863/5553 5818/5480
f 5781/3986 3535/4036 2578/3920
f 2465/4824 7488/4767 2466/4742
f 2272/3697 5756/3635 5726/3662
f 6758/6269 1871/6180 7328/6201
f 1275/6132 6823/6191 7328/6201
f 5648/3693 5653/3673 5652/3603
f 6935/5697 7086/5621 7264/5635
f 6823/6191 1275/6132 7339/6126
f 7341/6161 6764/6215 7339/6126
f 7195/4191 5729/4202 7206/4266
f 7138/4870 7140/4846 7021/4957
f 7421/5992 7295/6017 7413/6055
f 7140/4846 7019/4787 7141/4727
f 6888/4663 7840/4555 6887/4724
f 7340/4550 6992/4581 5848/4606
f 6750/6051 7339/6126 6783/6080
f 5689/3509 1634/3523 11/3438
f 7198/4419 7146/4513 7693/4494
f 6550/5769 7132/5666 3443/5688
f 5722/4075 5721/4193 3498/4207
f 7415/6085 7450/6130 6738/6112
f 7419/6004 7426/6079 6749/6001
f 7413/6055 7322/6010 7415/6085
f 7419/6004 7320/5951 7421/5992
f 6625/5603 7994/5495 6696/5563
f 6857/5975 7421/5992 6724/5946
f 7340/4550 7031/4487 155/4497
f 5714/4109 5729/4202 7210/4127
f 2544/3899 2503/3968 2247/3967
f 5281/3555 5655/3629 5770/3610
f 7497/6094 1871/6180 6802/6060
f 7426/6079 7419/6004 7413/6055
f 5037/5680 6829/5618 5035/5587
f 6694/5514 6665/5482 7935/5509
f 7426/6079 7339/6126 6750/6051
f 131/3864 5733/3859 7566/3932
f 6733/5878 1846/5884 6760/5847
f 6750/6051 6749/6001 7426/6079
f 5718/3723 5716/3837 7105/3774
f 6631/5844 7399/5845 6706/5745
f 7216/4907 7144/4924 7649/4806
f 6783/6080 6729/6041 6750/6051
f 7326/6369 7347/6392 7346/6430
f 7163/4446 155/4497 7031/4487
f 5799/3687 5800/3783 7743/3800
f 7323/5096 7338/5212 7023/5106
f 7185/4975 7025/4899 7258/4881
f 6956/4478 7725/4544 7840/4555
f 7992/5456 7387/5559 6815/5479
f 5786/3925 3303/3904 3478/4029
f 7484/6300 7380/6273 6764/6215
f 6772/5800 6681/5736 7416/5724
f 5770/3610 3209/3616 5673/3564
f 1863/6271 6475/6377 6762/6314
f 5706/4466 7220/4525 7267/4564
f 7847/5685 7386/5757 6706/5745
f 6927/4886 6993/4942 6897/4839
f 6802/6060 1871/6180 6803/6081
f 6762/6314 6475/6377 1268/6366
f 6802/6060 6729/6041 7497/6094
f 7299/6163 7296/6160 6337/6226
f 6729/6041 6807/5982 6750/6051
f 7260/4691 5713/4695 7213/4749
f 7144/4924 7216/4907 6908/4993
f 5684/3421 5679/3450 302/3374
f 6724/5946 7320/5951 6739/5902
f 7419/6004 7421/5992 7413/6055
f 6803/6081 7169/6143 6788/6091
f 6863/5553 6862/5625 6201/5682
f 7816/4258 7818/4281 3238/4345
f 2568/4835 7229/4840 7487/4758
f 1266/6416 7457/6520 1339/6466
f 7094/5363 7187/5283 7167/5370
f 5709/3572 7177/3554 5694/3503
f 7845/5661 7370/5664 7896/5615
f 5723/4296 7159/4341 7160/4240
f 7608/4909 6691/4977 6690/4838
f 5050/5498 5056/5517 5035/5587
f 7191/5284 7058/5361 7065/5317
f 6758/6269 7328/6201 7327/6259
f 6696/5563 6694/5514 6730/5601
f 6815/5479 6612/5460 6610/5350
f 5727/3712 4998/3773 5000/3763
f 6788/6091 6787/5993 6803/6081
f 6140/6397 7456/6476 1266/6416
f 6688/5246 6680/5225 6804/5164
f 6729/6041 6746/5983 6807/5982
f 6729/6041 6802/6060 6746/5983
f 5728/3676 3454/3714 5703/3761
f 1265/6338 6732/6272 7348/6274
f 6738/6112 7426/6079 7413/6055
f 6644/4929 6953/4943 6938/4973
f 1318/6503 6277/6419 1339/6466
f 7230/4650 4896/4701 2379/4739
f 7169/6143 6803/6081 1871/6180
f 7966/5359 6610/5350 6619/5233
f 5719/3660 5770/3610 5655/3629
f 6642/5626 6593/5538 6815/5479
f 7269/4225 7012/4253 5711/4145
f 5056/5517 6890/5454 7237/5418
f 7132/5666 6625/5603 3443/5688
f 5709/3572 1692/3539 5758/3579
f 6761/5930 6686/5912 7092/5886
f 7273/4324 7637/4462 5743/4393
f 7896/5615 6696/5563 6730/5601
f 6746/5983 6761/5930 6807/5982
f 1275/6132 1871/6180 7497/6094
f 6806/5933 6807/5982 6761/5930
f 6766/6566 1292/6627 1318/6503
f 6868/5375 7401/5369 6872/5447
f 7398/5879 6739/5902 6806/5933
f 7394/5836 6755/5857 6739/5902
f 1634/3523 5745/3477 11/3438
f 6696/5563 7370/5664 6645/5646
f 5733/3859 5703/3761 5695/3816
f 7156/5398 5050/5498 6872/5447
f 4811/5842 4881/5864 5033/5859
f 5818/5480 6866/5448 7094/5363
f 6631/5844 6706/5745 7386/5757
f 6761/5930 7092/5886 7536/5891
f 7132/5666 6847/5730 6642/5626
f 7850/5441 8009/5339 6627/5397
f 7444/6008 6784/5918 6787/5993
f 6645/5646 7371/5719 3443/5688
f 6864/5940 6784/5918 7444/6008
f 6802/6060 6787/5993 6746/5983
f 6762/6314 1268/6366 1864/6257
f 6806/5933 6761/5930 7536/5891
f 6687/5578 7848/5643 6730/5601
f 7497/6094 6783/6080 1275/6132
f 6806/5933 7536/5891 7398/5879
f 7035/4849 7034/4780 7258/4881
f 5728/3676 5703/3761 3514/3681
f 1846/5884 7208/5854 6760/5847
f 5871/3980 7101/4090 7102/4050
f 1266/6416 1265/6338 6140/6397
f 1275/6132 6783/6080 7339/6126
f 6991/5242 6830/5305 1743/5202
f 6787/5993 6784/5918 6686/5912
f 6749/6001 6806/5933 7320/5951
f 6864/5940 6733/5878 6784/5918
f 7845/5661 7896/5615 6730/5601
f 6737/5942 1846/5884 6733/5878
f 6815/5479 7966/5359 7992/5456
f 6603/5393 7986/5439 7994/5495
f 7536/5891 6631/5844 7398/5879
f 7267/4564 2495/4635 7491/4595
f 5754/3430 5694/3503 4952/3458
f 6733/5878 6864/5940 6737/5942
f 6122/6400 6277/6419 7389/6367
f 6596/6286 7434/6352 6488/6371
f 6732/6272 6339/6320 6337/6226
f 6603/5393 6830/5305 7986/5439
f 7386/5757 6682/5751 7394/5836
f 2444/4669 4858/4718 2553/4655
f 6642/5626 6815/5479 7387/5559
f 7208/5854 6550/5769 6760/5847
f 7416/5724 6730/5601 7848/5643
f 7090/5402 7257/5353 7151/5469
f 6956/4478 7750/4384 7814/4460
f 6746/5983 6686/5912 6761/5930
f 4952/3458 5684/3421 5012/3367
f 7387/5559 7992/5456 7994/5495
f 6900/5490 5047/5543 6875/5569
f 7295/6017 6857/5975 7322/6010
f 8009/5339 6830/5305 6991/5242
f 7092/5886 6631/5844 7536/5891
f 1871/6180 1275/6132 7328/6201
f 6787/5993 6686/5912 6746/5983
f 6807/5982 6749/6001 6750/6051
f 7421/5992 7320/5951 6724/5946
f 7847/5685 6706/5745 7848/5643
f 6696/5563 7986/5439 6694/5514
f 1268/6366 6794/6349 7484/6300
f 7386/5757 7394/5836 6631/5844
f 6864/5940 7444/6008 6737/5942
f 7341/6161 7426/6079 6738/6112
f 5768/3930 5724/3889 3429/3830
f 7339/6126 6764/6215 6823/6191
f 4564/5170 4416/5236 4642/5190
f 3443/5688 7371/5719 6550/5769
f 7339/6126 7426/6079 7341/6161
f 6682/5751 6755/5857 7394/5836
f 7204/5463 7197/5409 7212/5470
f 5745/3477 5657/3446 5950/3408
f 7994/5495 7992/5456 6603/5393
f 7387/5559 7994/5495 6625/5603
f 6760/5847 6550/5769 7375/5804
f 7193/4205 7195/4191 3515/4243
f 7394/5836 7398/5879 6631/5844
f 7186/5136 7330/5178 7242/5056
f 7416/5724 6681/5736 7845/5661
f 5759/3499 5679/3450 5282/3492
f 7375/5804 6550/5769 7371/5719
f 6645/5646 3443/5688 6625/5603
f 7935/5509 6665/5482 6745/5519
f 7896/5615 7370/5664 6696/5563
f 7021/4957 7140/4846 7025/4899
f 6986/4530 7059/4560 6988/4465
f 6997/5675 7386/5757 7847/5685
f 7850/5441 6665/5482 6694/5514
f 6772/5800 7399/5845 6853/5863
f 6706/5745 7416/5724 7848/5643
f 6772/5800 6853/5863 7375/5804
f 1318/6503 6475/6377 6277/6419
f 6602/5307 1743/5202 6830/5305
f 6337/6226 7296/6160 6300/6200
f 5705/3829 7726/3775 5767/3825
f 6475/6377 7389/6367 6277/6419
f 7399/5845 7092/5886 6686/5912
f 6602/5307 6603/5393 7966/5359
f 7371/5719 6681/5736 7375/5804
f 5659/3757 5716/3837 5718/3723
f 7082/5105 7290/5211 7032/5086
f 7450/6130 7300/6202 7364/6187
f 6830/5305 8009/5339 7986/5439
f 7741/4038 7074/4010 7170/3965
f 6603/5393 7992/5456 7966/5359
f 6806/5933 6749/6001 6807/5982
f 7371/5719 6645/5646 7370/5664
f 6784/5918 6733/5878 6853/5863
f 7364/6187 6738/6112 7450/6130
f 6772/5800 7375/5804 6681/5736
f 6694/5514 7935/5509 6745/5519
f 6610/5350 7966/5359 6815/5479
f 6830/5305 6603/5393 6602/5307
f 6686/5912 6784/5918 6853/5863
f 7416/5724 6706/5745 7399/5845
f 5709/3572 5708/3501 1692/3539
f 7387/5559 7132/5666 6642/5626
f 7416/5724 7845/5661 6730/5601
f 7444/6008 6787/5993 6788/6091
f 6696/5563 6645/5646 6625/5603
f 6760/5847 7375/5804 6733/5878
f 1743/5202 6602/5307 6619/5233
f 7389/6367 6339/6320 6122/6400
f 7994/5495 7986/5439 6696/5563
f 7850/5441 6627/5397 6665/5482
f 6475/6377 6474/6277 7389/6367
f 6739/5902 7320/5951 6806/5933
f 7380/6273 6823/6191 6764/6215
f 6745/5519 6687/5578 6730/5601
f 6749/6001 7320/5951 7419/6004
f 7398/5879 7394/5836 6739/5902
f 6550/5769 6847/5730 7132/5666
f 7370/5664 6681/5736 7371/5719
f 6602/5307 7966/5359 6619/5233
f 7416/5724 7399/5845 6772/5800
f 7118/5608 6752/5669 7053/5692
f 6997/5675 6682/5751 7386/5757
f 2544/3899 2328/3869 2579/3861
f 7005/4717 5849/4629 5848/4606
f 6612/5460 6815/5479 6593/5538
f 7092/5886 7399/5845 6631/5844
f 6627/5397 6745/5519 6665/5482
f 6729/6041 6783/6080 7497/6094
f 7067/5890 6916/5810 7020/5815
f 6803/6081 6787/5993 6802/6060
f 1692/3539 5745/3477 1634/3523
f 7845/5661 6681/5736 7370/5664
f 7399/5845 6686/5912 6853/5863
f 7986/5439 8009/5339 7850/5441
f 7347/6392 1270/6446 7346/6430
f 7986/5439 7850/5441 6694/5514
f 7375/5804 6853/5863 6733/5878
f 2446/4653 2444/4669 7500/4585
f 6625/5603 7132/5666 7387/5559
f 6745/5519 6730/5601 6694/5514
f 924/7191 7233/7167 925/7193
f 925/7193 942/7238 924/7191
f 924/7191 942/7238 932/7199
f 898/7140 896/7133 7233/7167
f 932/7199 7233/7167 924/7191
f 7233/7167 896/7133 925/7193
f 5708/3501 5754/3430 5657/3446
f 5801/3892 7104/3849 7780/3944
f 6898/4801 6887/4724 7038/4828
f 5047/5543 6814/5611 6875/5569
f 5652/3603 5869/3540 5749/3605
f 2553/4655 7209/4687 2499/4573
f 7404/5545 6880/5487 6881/5442
f 2578/3920 5733/3859 5695/3816
f 7732/5093 6804/5164 6703/5088
f 7566/3932 3303/3904 5646/3863
f 7037/5015 7040/5051 7082/5105
f 7147/4556 7221/4528 7637/4462
f 7263/4895 7235/4833 7479/4885
f 5737/3634 5727/3712 5726/3662
f 4874/4764 7229/4840 4833/4910
f 7024/4091 7101/4090 7089/4183
f 6660/5766 6205/5663 6201/5682
f 5996/3362 302/3374 5868/3423
f 7330/5178 7186/5136 7188/5193
f 7727/3720 5683/3677 7728/3646
f 7035/4849 7258/4881 7025/4899
f 7718/3994 7024/4091 7741/4038
f 6664/6101 6587/6165 7069/6097
f 3640/3835 5800/3783 7790/3759
f 7029/4820 7005/4717 7635/4753
f 3580/3684 7789/3641 3835/3620
f 7236/4791 4063/4785 7309/4939
f 4805/5814 6810/5758 6813/5795
f 5000/3763 4998/3773 4999/3842
f 6701/5413 6998/5338 7589/5274
f 5799/3687 7789/3641 7790/3759
f 6930/6076 6922/6009 7069/6097
f 5801/3892 3640/3835 7104/3849
f 2380/4700 7230/4650 2379/4739
f 3836/3559 3821/3526 5759/3499
f 7263/4895 7219/4827 7687/4815
f 5767/3825 5733/3859 131/3864
f 7224/4229 5002/4164 2599/4349
f 4904/5092 4757/5129 5038/5187
f 7790/3759 5800/3783 5799/3687
f 7642/4761 7687/4815 7219/4827
f 5786/3925 3478/4029 7655/3933
f 6955/4399 6956/4478 7051/4406
f 5728/3676 5690/3630 3454/3714
f 7649/4806 7217/4847 7216/4907
f 5681/3469 5868/3423 5679/3450
f 5779/3958 5701/4042 7780/3944
f 7481/4978 2453/5003 4833/4910
f 7210/4127 5715/4112 3535/4036
f 3561/3591 3836/3559 5673/3564
f 7236/4791 7469/4674 4734/4703
f 7223/5144 4749/5100 4677/5083
f 5754/3430 5755/3365 5657/3446
f 7259/5528 7246/5459 7204/5463
f 3308/3998 5710/4088 3303/3904
f 3478/4029 5710/4088 5711/4145
f 5024/5089 5072/5087 5021/5196
f 7291/5244 7310/5292 6915/5342
f 5646/3863 131/3864 7566/3932
f 2446/4653 2380/4700 2444/4669
f 5716/3837 5779/3958 7104/3849
f 7235/4833 7687/4815 4818/4746
f 7728/3646 2603/3622 3514/3681
f 7780/3944 5701/4042 5871/3980
f 5669/3840 5659/3757 5650/3766
f 6752/5669 7008/5733 7054/5718
f 5871/3980 5801/3892 7780/3944
f 302/3374 5679/3450 5868/3423
f 7029/4820 7036/4857 7284/4930
f 3283/4263 7160/4240 7159/4341
f 4564/5170 4184/5113 7482/5135
f 3454/3714 5690/3630 7656/3666
f 5769/4883 7284/4930 7172/4964
f 7086/5621 7085/5619 7196/5566
f 5687/3565 5734/3604 5688/3576
f 6480/6486 6484/6533 6403/6473
f 5719/3660 5718/3723 3580/3684
f 5002/4164 7665/4241 2599/4349
f 4629/5066 2423/5043 7181/4994
f 7315/5219 7145/5179 7408/5078
f 5780/3575 3835/3620 7789/3641
f 4642/5190 4354/5294 7461/5261
f 5714/4109 3535/4036 5781/3986
f 7028/5894 6974/5979 6835/5974
f 5754/3430 5685/3363 5755/3365
f 7273/4324 2598/4210 7224/4229
f 5281/3555 4952/3458 5870/3534
f 6502/6083 6684/6066 4875/6000
f 5786/3925 7655/3933 5669/3840
f 5705/3829 5682/3772 7726/3775
f 7178/5251 7628/5146 7330/5178
f 5869/3540 5694/3503 7177/3554
f 5024/5089 5032/4986 5072/5087
f 6804/5164 6680/5225 6679/5214
f 6986/4530 6988/4465 7110/4454
f 5722/4075 5710/4088 3308/3998
f 6913/5753 7008/5733 7083/5678
f 131/3864 5646/3863 5767/3825
f 7628/5146 7242/5056 7330/5178
f 5696/3764 3429/3830 5695/3816
f 5650/3766 5648/3693 5682/3772
f 5869/3540 5652/3603 5870/3534
f 5711/4145 7108/4159 3478/4029
f 7004/5449 6863/5553 6763/5546
f 7261/4985 4713/4991 7308/5042
f 3514/3681 7727/3720 7728/3646
f 6975/4106 5701/4042 5677/4052
f 5652/3603 5281/3555 5870/3534
f 7470/5302 5021/5196 7467/5264
f 5801/3892 5871/3980 7121/3882
f 6974/5979 6969/6053 7411/6031
f 6916/5810 7067/5890 7028/5894
f 2452/5060 4713/4991 2453/5003
f 7274/4061 7646/4149 5714/4109
f 5687/3565 5688/3576 5689/3509
f 5694/3503 5869/3540 4952/3458
f 7181/4994 2423/5043 7481/4978
f 5756/3635 2272/3697 7656/3666
f 3303/3904 7566/3932 3308/3998
f 6837/6249 6587/6165 6614/6153
f 5736/3612 5756/3635 5734/3604
f 7290/5211 6867/5259 7710/5153
f 4805/5814 4881/5864 4811/5842
f 5868/3423 5681/3469 5865/3448
f 7161/5256 7178/5251 7330/5178
f 7011/4208 5778/4063 7108/4159
f 3580/3684 3835/3620 3817/3600
f 2507/3748 4998/3773 5727/3712
f 5733/3859 2578/3920 5740/3985
f 6201/5682 6205/5663 6863/5553
f 7227/4954 7309/4939 4767/4891
f 5701/4042 5779/3958 5677/4052
f 7166/5432 7167/5370 6868/5375
f 7822/4161 7816/4258 6939/4311
f 7163/4446 7695/4505 155/4497
f 7089/4183 7101/4090 5644/4163
f 7044/4632 7018/4622 7049/4683
f 5687/3565 5736/3612 5734/3604
f 5781/3986 5768/3930 7274/4061
f 2544/3899 2580/3887 2328/3869
f 3454/3714 5695/3816 5703/3761
f 7290/5211 6876/5304 6867/5259
f 5706/4466 5707/4450 7200/4369
f 3454/3714 2272/3697 5696/3764
f 6982/4590 7059/4560 7017/4658
f 5736/3612 5726/3662 5756/3635
f 7489/4709 7649/4806 5713/4695
f 5778/4063 6975/4106 5677/4052
f 7718/3994 7121/3882 5871/3980
f 5758/3579 5688/3576 5690/3630
f 7121/3882 7179/3921 7743/3800
f 7107/4358 7011/4208 3251/4239
f 5848/4606 5849/4629 7340/4550
f 6977/4976 7032/5086 7710/5153
f 4403/4894 4413/4863 3321/4809
f 5684/3421 5282/3492 5679/3450
f 6921/4430 6988/4465 7143/4510
f 5681/3469 5759/3499 5865/3448
f 5775/3429 5799/3687 5564/3669
f 6927/4886 6977/4976 7719/4947
f 7106/4379 7198/4419 7693/4494
f 3576/3511 3574/3411 5865/3448
f 7274/4061 5768/3930 2246/4025
f 2578/3920 5724/3889 5781/3986
f 2246/4025 5768/3930 2574/3931
f 3429/3830 5724/3889 5695/3816
f 3580/3684 7105/3774 7790/3759
f 3535/4036 5740/3985 2578/3920
f 4913/4613 2553/4655 2488/4542
f 5703/3761 5767/3825 7726/3775
f 5000/3763 5696/3764 2272/3697
f 5950/3408 5947/3389 11/3438
f 6614/6153 6684/6066 6683/6134
f 5707/4450 7495/4543 7494/4472
f 6846/5882 6893/5856 6841/5835
f 7012/4253 7269/4225 7106/4379
f 5865/3448 3821/3526 3576/3511
f 5740/3985 5715/4112 5722/4075
f 7217/4847 7343/4779 7218/4818
f 3515/4243 5723/4296 7193/4205
f 7718/3994 7102/4050 7024/4091
f 6922/6009 6896/6037 7069/6097
f 7094/5363 6866/5448 7061/5343
f 7067/5890 6856/5935 6974/5979
f 2544/3899 2247/3967 2580/3887
f 5719/3660 5655/3629 5718/3723
f 7637/4462 7221/4528 7222/4496
f 3576/3511 5846/3527 5847/3491
f 3478/4029 7108/4159 5778/4063
f 7183/4913 7229/4840 2568/4835
f 5834/3361 5996/3362 5867/3405
f 5867/3405 5865/3448 4660/3372
f 7270/5596 7083/5678 6752/5669
f 5865/3448 3574/3411 4660/3372
f 2495/4635 7148/4648 7639/4715
f 7479/4885 7309/4939 7262/4979
f 1472/3476 3576/3511 5847/3491
f 4767/4891 4874/4764 4833/4910
f 5768/3930 5781/3986 5724/3889
f 4063/4785 7675/4620 4874/4764
f 774/3999 3409/4365 2928/3927
f 3574/3411 3576/3511 1472/3476
f 3535/4036 5715/4112 5740/3985
f 5646/3863 5705/3829 5767/3825
f 7277/5108 4904/5092 5003/5167
f 4875/6000 6768/5968 6769/5928
f 5711/4145 5710/4088 7269/4225
f 2434/4763 3321/4809 2379/4739
f 7240/4970 7397/4858 7144/4924
f 5683/3677 5682/3772 5648/3693
f 5756/3635 7656/3666 5690/3630
f 7245/4923 7150/4848 7397/4858
f 5709/3572 5749/3605 7177/3554
f 3498/4207 5721/4193 3283/4263
f 7246/5459 7151/5469 7257/5353
f 5721/4193 5722/4075 5742/4167
f 7315/5219 7152/5228 7145/5179
f 5713/4695 7491/4595 7489/4709
f 5708/3501 5709/3572 5694/3503
f 3498/4207 5744/4318 7174/4294
f 7075/4897 6923/4836 6891/4920
f 7143/4510 7318/4557 7814/4460
f 7315/5219 7408/5078 2635/5079
f 6921/4430 7143/4510 7814/4460
f 7492/4896 8017/4884 4238/4963
f 6875/5569 5802/5672 6861/5628
f 6834/5939 7388/5881 6842/5868
f 5695/3816 3454/3714 5696/3764
f 7693/4494 7146/4513 7657/4624
f 7024/4091 7102/4050 7101/4090
f 5281/3555 5652/3603 5655/3629
f 6922/6009 6856/5935 6767/5947
f 2580/3887 2574/3931 4999/3842
f 4871/5306 7467/5264 7468/5194
f 7179/3921 7170/3965 7074/4010
f 3303/3904 5786/3925 5669/3840
f 6607/6172 6587/6165 6840/6245
f 5648/3693 5659/3757 5653/3673
f 6767/5947 6893/5856 6846/5882
f 5834/3361 5867/3405 4660/3372
f 7324/4938 2635/5079 7408/5078
f 7030/4553 7031/4487 7340/4550
f 6888/4663 7573/4719 7098/4664
f 4999/3842 5768/3930 3429/3830
f 5726/3662 5651/3708 2272/3697
f 2695/3586 5736/3612 5687/3565
f 6883/5310 7485/5265 7486/5322
f 7279/4559 7695/4505 7696/4489
f 6916/5810 3201/5746 6659/5752
f 6912/5709 6913/5753 7083/5678
f 3283/4263 5744/4318 3498/4207
f 5733/3859 5767/3825 5703/3761
f 7160/4240 3283/4263 5721/4193
f 4896/4701 2434/4763 2379/4739
f 5721/4193 5742/4167 7160/4240
f 7495/4543 5707/4450 3453/4516
f 7743/3800 5800/3783 7121/3882
f 7106/4379 7174/4294 5744/4318
f 7106/4379 7695/4505 7107/4358
f 6931/6092 6053/6038 7411/6031
f 6955/4399 7062/4312 7750/4384
f 7185/4975 7245/4923 7244/5016
f 6872/5447 7401/5369 7156/5398
f 7822/4161 7761/4200 7816/4258
f 7107/4358 7701/4404 7076/4348
f 3576/3511 5780/3575 5846/3527
f 4795/5728 6810/5758 5037/5680
f 6923/4836 6887/4724 7247/4778
f 5000/3763 4999/3842 3429/3830
f 7170/3965 7121/3882 7718/3994
f 6996/4677 6690/4838 7247/4778
f 3121/4274 5644/4163 7011/4208
f 7689/4612 7657/4624 7146/4513
f 6846/5882 6832/5921 6767/5947
f 7142/4685 3014/4633 7141/4727
f 7030/4553 7044/4632 6986/4530
f 4874/4764 7675/4620 2499/4573
f 7086/5621 6912/5709 7085/5619
f 7763/4105 7074/4010 7285/4099
f 4163/4837 2346/4731 297/4831
f 7066/4178 7024/4091 7089/4183
f 2293/4234 7265/4279 7089/4183
f 7163/4446 7107/4358 7695/4505
f 6666/6029 6684/6066 6614/6153
f 5768/3930 4999/3842 2574/3931
f 7095/4829 6993/4942 7412/4877
f 6989/4381 7266/4339 7708/4305
f 7492/4896 4163/4837 8017/4884
f 4165/4968 4238/4963 4186/5046
f 7718/3994 7741/4038 7170/3965
f 6840/6245 6587/6165 6837/6249
f 5715/4112 7210/4127 7195/4191
f 4642/5190 7463/5162 4527/5103
f 7822/4161 7763/4105 7761/4200
f 6822/5767 6824/5772 6841/5835
f 5726/3662 5727/3712 5651/3708
f 7665/4241 5002/4164 5001/4117
f 5719/3660 3580/3684 3209/3616
f 6836/5906 6882/5858 6786/5880
f 5749/3605 5648/3693 5652/3603
f 6898/4801 6639/4823 7573/4719
f 3209/3616 3561/3591 5673/3564
f 7470/5302 7592/5299 6889/5335
f 5050/5498 6890/5454 5056/5517
f 2444/4669 2553/4655 4913/4613
f 4286/5102 4411/5154 4289/5177
f 6893/5856 7020/5815 6660/5766
f 5742/4167 7193/4205 7160/4240
f 5714/4109 7210/4127 3535/4036
f 6876/5304 6929/5364 7305/5346
f 7607/4726 7005/4717 7325/4826
f 6455/6631 6443/6658 1229/6600
f 5737/3634 5726/3662 5736/3612
f 7193/4205 5715/4112 7195/4191
f 7133/5112 7134/5055 7628/5146
f 6989/4381 3121/4274 7076/4348
f 7107/4358 3251/4239 7012/4253
f 7139/4843 7324/4938 7036/4857
f 7107/4358 7163/4446 7701/4404
f 5037/5680 4569/5674 6829/5618
f 2293/4234 7708/4305 7265/4279
f 4204/4983 4403/4894 4165/4968
f 6607/6172 6840/6245 7431/6214
f 7028/5894 7033/5803 6916/5810
f 3251/4239 7011/4208 7108/4159
f 7024/4091 7066/4178 7285/4099
f 3303/3904 5669/3840 5682/3772
f 7741/4038 7024/4091 7285/4099
f 7066/4178 7089/4183 7088/4265
f 7074/4010 7741/4038 7285/4099
f 7000/4517 7318/4557 7052/4600
f 7117/5551 7283/5629 7048/5555
f 7152/5228 7041/5148 7145/5179
f 5867/3405 5868/3423 5865/3448
f 5775/3429 5780/3575 7789/3641
f 7090/5402 6929/5364 6877/5327
f 6770/5855 4881/5864 4805/5814
f 3580/3684 7790/3759 7789/3641
f 2461/4035 2245/4021 2503/3968
f 7207/4317 2598/4210 7273/4324
f 6888/4663 6887/4724 6898/4801
f 7121/3882 7170/3965 7179/3921
f 4207/4922 4210/5026 7181/4994
f 6664/6101 6896/6037 6666/6029
f 5688/3576 5758/3579 1634/3523
f 2245/4021 2247/3967 2503/3968
f 3817/3600 5780/3575 3576/3511
f 7728/3646 5749/3605 5709/3572
f 7147/4556 7637/4462 7644/4567
f 4998/3773 2507/3748 2542/3821
f 2507/3748 5727/3712 4997/3696
f 7361/4601 3014/4633 7142/4685
f 5737/3634 4982/3642 4997/3696
f 7655/3933 5716/3837 5669/3840
f 7270/5596 6752/5669 7118/5608
f 4527/5103 2452/5060 2423/5043
f 6763/5546 7196/5566 7215/5510
f 7044/4632 7015/4732 7017/4658
f 3640/3835 7121/3882 5800/3783
f 7198/4419 5744/4318 7159/4341
f 6824/5772 5804/5732 6903/5812
f 7062/4312 7761/4200 7007/4271
f 5744/4318 3283/4263 7159/4341
f 7226/5535 7118/5608 7117/5551
f 7708/4305 3121/4274 6989/4381
f 4185/5081 7482/5135 4184/5113
f 7110/4454 6989/4381 7076/4348
f 2293/4234 7089/4183 5644/4163
f 7743/3800 5564/3669 5799/3687
f 6874/4984 7719/4947 6977/4976
f 5854/5725 4806/5777 6885/5702
f 7708/4305 7266/4339 7265/4279
f 6614/6153 6587/6165 6664/6101
f 7066/4178 7761/4200 7285/4099
f 7281/4386 5723/4296 7200/4369
f 4339/5031 4204/4983 4165/4968
f 6893/5856 6767/5947 6856/5935
f 5646/3863 3303/3904 5705/3829
f 6916/5810 7033/5803 6901/5768
f 7166/5432 6900/5490 5824/5478
f 7094/5363 7178/5251 7161/5256
f 7269/4225 7174/4294 7106/4379
f 4998/3773 2542/3821 4999/3842
f 7330/5178 7188/5193 7161/5256
f 6841/5835 6893/5856 6822/5767
f 5703/3761 7726/3775 7727/3720
f 5002/4164 7274/4061 2246/4025
f 7693/4494 7696/4489 7106/4379
f 5281/3555 5770/3610 5673/3564
f 7204/5463 7201/5391 7197/5409
f 7461/5261 7463/5162 4642/5190
f 7212/5470 7215/5510 7204/5463
f 3836/3559 3817/3600 3821/3526
f 6831/5588 6829/5618 6828/5644
f 3514/3681 5703/3761 7727/3720
f 7281/4386 7159/4341 5723/4296
f 5860/5595 6828/5644 6814/5611
f 5722/4075 5715/4112 5742/4167
f 7693/4494 7657/4624 7279/4559
f 5780/3575 3817/3600 3835/3620
f 5729/4202 5714/4109 2598/4210
f 5718/3723 7105/3774 3580/3684
f 6846/5882 6882/5858 6832/5921
f 7167/5370 7470/5302 6868/5375
f 2246/4025 5001/4117 5002/4164
f 2574/3931 2580/3887 2247/3967
f 7274/4061 5714/4109 5781/3986
f 5714/4109 7646/4149 2598/4210
f 2328/3869 2580/3887 2542/3821
f 7223/5144 4677/5083 7463/5162
f 7697/4523 7650/4593 7644/4567
f 2507/3748 4997/3696 4996/3678
f 4874/4764 7487/4758 7229/4840
f 4871/5306 4860/5280 7156/5398
f 4996/3678 4997/3696 4982/3642
f 7495/4543 7491/4595 7275/4634
f 5824/5478 6900/5490 6875/5569
f 4289/5177 4185/5081 4286/5102
f 7696/4489 7693/4494 7279/4559
f 524/4817 7095/4829 7412/4877
f 6666/6029 6896/6037 6767/5947
f 7279/4559 7361/4601 7695/4505
f 7695/4505 7340/4550 155/4497
f 3121/4274 7708/4305 2293/4234
f 524/4817 7015/4732 7095/4829
f 3515/4243 7195/4191 7206/4266
f 2578/3920 5695/3816 5724/3889
f 5677/4052 5779/3958 5778/4063
f 7074/4010 7763/4105 7180/4062
f 7088/4265 7089/4183 7265/4279
f 7009/5851 7010/5807 6983/5841
f 7165/4447 7031/4487 7110/4454
f 7265/4279 7266/4339 7716/4342
f 7840/4555 7052/4600 6887/4724
f 7011/4208 5644/4163 6975/4106
f 6896/6037 6664/6101 7069/6097
f 3094/4352 7088/4265 7716/4342
f 7066/4178 7007/4271 7761/4200
f 4677/5083 4527/5103 7463/5162
f 7763/4105 7285/4099 7761/4200
f 7107/4358 7076/4348 7011/4208
f 7224/4229 7646/4149 5002/4164
f 5950/3408 5657/3446 5755/3365
f 6817/5516 5056/5517 7237/5418
f 7163/4446 7031/4487 7165/4447
f 7172/4964 7040/5051 7037/5015
f 4411/5154 4286/5102 3317/5080
f 7067/5890 7020/5815 6893/5856
f 4896/4701 7230/4650 7231/4605
f 7763/4105 7822/4161 7180/4062
f 6819/5696 6824/5772 6822/5767
f 7247/4778 6690/4838 6995/4841
f 4289/5177 7482/5135 4185/5081
f 4757/5129 4749/5100 7223/5144
f 5715/4112 7193/4205 5742/4167
f 6205/5663 6660/5766 6659/5752
f 6873/5045 6977/4976 7710/5153
f 7404/5545 7405/5515 6880/5487
f 5867/3405 5996/3362 5868/3423
f 7142/4685 7019/4787 7635/4753
f 4186/5046 3317/5080 4339/5031
f 7101/4090 5871/3980 5701/4042
f 5804/5732 4806/5777 6903/5812
f 5710/4088 3478/4029 3303/3904
f 7140/4846 7035/4849 7025/4899
f 3209/3616 3580/3684 3817/3600
f 7491/4595 5706/4466 7267/4564
f 7207/4317 7273/4324 5743/4393
f 2598/4210 7207/4317 5729/4202
f 3453/4516 5706/4466 7491/4595
f 7840/4555 7078/4471 7051/4406
f 2598/4210 7646/4149 7224/4229
f 2245/4021 2246/4025 2247/3967
f 5856/5557 5824/5478 6875/5569
f 2245/4021 5001/4117 2246/4025
f 7206/4266 5729/4202 7207/4317
f 7304/5703 7080/5624 7053/5692
f 2579/3861 2328/3869 2542/3821
f 7492/4896 4165/4968 4403/4894
f 6956/4478 7000/4517 7725/4544
f 7226/5535 7117/5551 7151/5469
f 7780/3944 7104/3849 5779/3958
f 7005/4717 7618/4627 6990/4630
f 6511/6356 6352/6432 6236/6342
f 7030/4553 7018/4622 7044/4632
f 5723/4296 3515/4243 7206/4266
f 7361/4601 7279/4559 3014/4633
f 6832/5921 6836/5906 6768/5968
f 6989/4381 7109/4389 7266/4339
f 7030/4553 6986/4530 7110/4454
f 6989/4381 6988/4465 7119/4416
f 6861/5628 6819/5696 6862/5625
f 7697/4523 1795/4482 7675/4620
f 7110/4454 7031/4487 7030/4553
f 7716/4342 7266/4339 7109/4389
f 7082/5105 7040/5051 7081/5180
f 7265/4279 7716/4342 7088/4265
f 7165/4447 7110/4454 7701/4404
f 7325/4826 5769/4883 6977/4976
f 4163/4837 297/4831 8017/4884
f 5701/4042 5644/4163 7101/4090
f 7067/5890 6974/5979 7028/5894
f 7109/4389 7119/4416 6921/4430
f 5669/3840 5650/3766 5682/3772
f 7156/5398 7157/5366 6890/5454
f 7051/4406 6939/4311 3238/4345
f 7695/4505 7361/4601 6990/4630
f 7198/4419 7159/4341 7155/4428
f 7816/4258 7761/4200 7818/4281
f 6900/5490 7166/5432 6872/5447
f 4904/5092 7277/5108 5070/5077
f 4767/4891 4063/4785 4874/4764
f 5775/3429 7789/3641 5799/3687
f 4767/4891 7309/4939 4063/4785
f 5001/4117 2245/4021 2461/4035
f 7635/4753 6990/4630 7142/4685
f 7053/5692 7054/5718 7055/5763
f 6901/5768 6912/5709 3201/5746
f 7492/4896 4243/4834 4163/4837
f 7200/4369 5723/4296 7206/4266
f 5651/3708 5727/3712 5000/3763
f 7281/4386 7200/4369 5707/4450
f 6990/4630 6992/4581 7695/4505
f 7701/4404 7110/4454 7076/4348
f 6889/5335 7401/5369 6868/5375
f 5644/4163 3121/4274 2293/4234
f 7119/4416 6988/4465 6921/4430
f 5710/4088 3498/4207 7269/4225
f 7314/5331 7130/5320 7255/5396
f 5064/5220 7485/5265 6883/5310
f 7051/4406 6956/4478 7840/4555
f 6921/4430 7814/4460 3094/4352
f 4757/5129 7223/5144 5038/5187
f 7198/4419 7155/4428 7146/4513
f 7002/5417 7212/5470 7197/5409
f 7814/4460 7750/4384 3094/4352
f 881/6981 1211/6982 893/7049
f 1211/6982 881/6981 862/6885
f 1211/6982 6266/6901 1316/6939
f 1211/6982 1325/6962 858/7000
f 1316/6939 861/6893 1401/6955
f 862/6885 6266/6901 1211/6982
f 1325/6962 1316/6939 1401/6955
f 1316/6939 6266/6901 1323/6915
f 1211/6982 1316/6939 1325/6962
f 1316/6939 1323/6915 861/6893
f 1401/6955 858/7000 1325/6962
f 1323/6915 6266/6901 861/6893
f 6989/4381 7110/4454 6988/4465
f 7635/4753 7005/4717 6990/4630
f 5870/3534 4952/3458 5869/3540
f 7646/4149 7274/4061 5002/4164
f 3561/3591 3817/3600 3836/3559
f 7141/4727 7657/4624 7034/4780
f 7062/4312 6955/4399 3238/4345
f 4714/5044 2452/5060 4677/5083
f 7004/5449 7002/5417 7058/5361
f 2599/4349 7665/4241 2470/4387
f 6975/4106 5778/4063 7011/4208
f 3817/3600 3561/3591 3209/3616
f 4734/4703 7675/4620 4063/4785
f 5720/4435 7281/4386 5707/4450
f 7495/4543 7146/4513 7494/4472
f 6837/6249 6596/6286 6511/6356
f 7689/4612 7146/4513 7495/4543
f 6511/6356 6596/6286 6488/6371
f 7689/4612 5763/4694 7657/4624
f 3014/4633 7657/4624 7141/4727
f 7119/4416 7109/4389 6989/4381
f 3821/3526 3817/3600 3576/3511
f 6992/4581 6990/4630 7618/4627
f 6993/4942 6994/5012 6713/4950
f 7030/4553 7340/4550 5849/4629
f 7618/4627 5848/4606 6992/4581
f 7044/4632 7059/4560 6986/4530
f 6982/4590 7318/4557 7143/4510
f 7159/4341 7281/4386 7155/4428
f 2466/4742 2381/4772 2465/4824
f 7109/4389 6921/4430 7716/4342
f 7275/4634 7491/4595 5713/4695
f 7059/4560 7143/4510 6988/4465
f 7286/5282 7257/5353 7090/5402
f 7818/4281 7062/4312 3238/4345
f 7695/4505 7106/4379 7696/4489
f 7193/4205 5723/4296 7160/4240
f 6832/5921 6882/5858 6836/5906
f 7008/5733 6417/5808 6414/5779
f 7185/4975 7023/5106 7021/4957
f 5763/4694 7034/4780 7657/4624
f 3121/4274 7011/4208 7076/4348
f 6927/4886 6897/4839 7154/4781
f 7139/4843 7635/4753 7019/4787
f 7104/3849 3640/3835 7790/3759
f 7018/4622 7030/4553 5849/4629
f 6767/5947 6832/5921 6666/6029
f 2247/3967 2246/4025 2574/3931
f 5854/5725 6885/5702 4569/5674
f 7637/4462 2599/4349 7697/4523
f 6831/5588 5035/5587 6829/5618
f 5801/3892 7121/3882 3640/3835
f 4713/4991 4833/4910 2453/5003
f 5673/3564 5282/3492 5281/3555
f 5743/4393 5706/4466 7207/4317
f 2599/4349 7637/4462 7273/4324
f 7002/5417 7004/5449 6763/5546
f 7200/4369 7207/4317 5706/4466
f 7481/4978 4833/4910 7183/4913
f 6915/5342 6920/5358 7197/5409
f 7012/4253 7108/4159 5711/4145
f 7388/5881 6417/5808 6699/5820
f 6875/5569 6814/5611 5802/5672
f 7078/4471 7840/4555 6888/4663
f 5706/4466 7637/4462 7222/4496
f 7236/4791 7309/4939 7479/4885
f 7494/4472 5720/4435 5707/4450
f 5706/4466 3453/4516 5707/4450
f 6614/6153 6596/6286 6837/6249
f 7689/4612 7495/4543 7275/4634
f 7494/4472 7155/4428 5720/4435
f 7019/4787 7142/4685 7141/4727
f 7150/4848 7034/4780 7168/4766
f 5701/4042 6975/4106 5644/4163
f 6752/5669 7083/5678 7008/5733
f 5848/4606 7618/4627 7005/4717
f 6990/4630 7361/4601 7142/4685
f 7044/4632 7017/4658 7059/4560
f 7179/3921 7074/4010 7180/4062
f 6835/5974 6974/5979 7411/6031
f 7143/4510 7059/4560 6982/4590
f 7201/5391 7130/5320 6915/5342
f 6956/4478 6955/4399 7750/4384
f 6922/6009 6767/5947 6896/6037
f 7412/4877 1633/4879 524/4817
f 7043/4748 7044/4632 7049/4683
f 5759/3499 5673/3564 3836/3559
f 5716/3837 7104/3849 7105/3774
f 4238/4963 4165/4968 7492/4896
f 5706/4466 5743/4393 7637/4462
f 5072/5087 5070/5077 7468/5194
f 7041/5148 7408/5078 7145/5179
f 2470/4387 2499/4573 1795/4482
f 7697/4523 2599/4349 1795/4482
f 5804/5732 5802/5672 6828/5644
f 7262/4979 7263/4895 7479/4885
f 7481/4978 7183/4913 7181/4994
f 6861/5628 5802/5672 6819/5696
f 7275/4634 7214/4692 7689/4612
f 7168/4766 7034/4780 5763/4694
f 6664/6101 6666/6029 6614/6153
f 7034/4780 7140/4846 7141/4727
f 6977/4976 7037/5015 7032/5086
f 7049/4683 7018/4622 5849/4629
f 7607/4726 5849/4629 7005/4717
f 7814/4460 7318/4557 7000/4517
f 7185/4975 7244/5016 7323/5096
f 7051/4406 3238/4345 6955/4399
f 4806/5777 5804/5732 6885/5702
f 6939/4311 7816/4258 3238/4345
f 2465/4824 4413/4863 4207/4922
f 5950/3408 11/3438 5745/3477
f 7086/5621 7196/5566 6763/5546
f 6769/5928 6836/5906 6786/5880
f 7140/4846 7034/4780 7035/4849
f 7695/4505 6992/4581 7340/4550
f 6921/4430 3094/4352 7716/4342
f 6913/5753 6699/5820 6417/5808
f 2599/4349 2470/4387 1795/4482
f 7637/4462 7697/4523 7644/4567
f 7675/4620 1795/4482 2499/4573
f 7102/4050 7718/3994 5871/3980
f 5770/3610 5719/3660 3209/3616
f 2553/4655 4858/4718 7487/4758
f 7032/5086 7037/5015 7082/5105
f 2499/4573 2474/4456 2488/4542
f 7270/5596 7226/5535 7259/5528
f 5727/3712 5737/3634 4997/3696
f 3453/4516 7491/4595 7495/4543
f 7260/4691 7214/4692 7275/4634
f 4952/3458 5012/3367 5685/3363
f 7213/4749 7168/4766 7214/4692
f 2603/3622 5690/3630 5728/3676
f 7019/4787 7140/4846 7138/4870
f 7036/4857 7029/4820 7635/4753
f 5756/3635 5690/3630 5734/3604
f 7019/4787 7138/4870 7139/4843
f 7635/4753 7139/4843 7036/4857
f 7015/4732 7841/4752 7017/4658
f 5689/3509 5688/3576 1634/3523
f 6982/4590 7017/4658 6996/4677
f 6994/5012 6716/5039 6713/4950
f 6810/5758 4805/5814 4806/5777
f 7220/4525 5706/4466 7222/4496
f 7697/4523 7675/4620 7653/4615
f 4811/5842 6903/5812 4806/5777
f 7198/4419 7106/4379 5744/4318
f 6999/5298 6680/5225 6688/5246
f 7012/4253 7106/4379 7107/4358
f 5713/4695 7260/4691 7275/4634
f 7728/3646 5709/3572 2603/3622
f 6236/6342 6837/6249 6511/6356
f 7260/4691 7213/4749 7214/4692
f 5694/3503 5754/3430 5708/3501
f 7168/4766 5763/4694 7214/4692
f 6237/6418 6958/6373 6236/6342
f 7150/4848 7258/4881 7034/4780
f 7397/4858 7150/4848 7168/4766
f 7055/5763 6414/5779 7010/5807
f 7397/4858 7168/4766 7213/4749
f 6485/6435 6488/6371 6540/6407
f 7005/4717 5769/4883 7325/4826
f 7029/4820 7284/4930 5769/4883
f 6614/6153 6569/6210 6596/6286
f 7324/4938 7139/4843 7138/4870
f 524/4817 7841/4752 7015/4732
f 6442/6514 6484/6533 6455/6631
f 7015/4732 7043/4748 7095/4829
f 4642/5190 4527/5103 4620/5117
f 7286/5282 7152/5228 7257/5353
f 7052/4600 7318/4557 6996/4677
f 4629/5066 4210/5026 4184/5113
f 7258/4881 7245/4923 7185/4975
f 6996/4677 7247/4778 6887/4724
f 7049/4683 7154/4781 7043/4748
f 7133/5112 7323/5096 7238/5063
f 4416/5236 4564/5170 4289/5177
f 7098/4664 7078/4471 6888/4663
f 7725/4544 7052/4600 7840/4555
f 6923/4836 7038/4828 3023/4802
f 7222/4496 7221/4528 7220/4525
f 6900/5490 6872/5447 5047/5543
f 7650/4593 7663/4643 7644/4567
f 7653/4615 7650/4593 7697/4523
f 7033/5803 6699/5820 6913/5753
f 4874/4764 2499/4573 7209/4687
f 2488/4542 2553/4655 2499/4573
f 7675/4620 4734/4703 7653/4615
f 4629/5066 7181/4994 4210/5026
f 5021/5196 7470/5302 7187/5283
f 7430/4578 7267/4564 7220/4525
f 2495/4635 7267/4564 7430/4578
f 2495/4635 7489/4709 7491/4595
f 7245/4923 7258/4881 7150/4848
f 7397/4858 7213/4749 7649/4806
f 7021/4957 7324/4938 7138/4870
f 7135/4990 6713/4950 6716/5039
f 7036/4857 7324/4938 7284/4930
f 6841/5835 6882/5858 6846/5882
f 7325/4826 6927/4886 7154/4781
f 7841/4752 524/4817 7250/4842
f 3321/4809 4413/4863 2381/4772
f 6887/4724 7052/4600 6996/4677
f 7188/5193 5024/5089 5021/5196
f 7043/4748 7154/4781 6897/4839
f 4904/5092 7309/4939 7308/5042
f 6786/5880 6882/5858 6903/5812
f 6484/6533 6442/6514 6403/6473
f 7078/4471 7098/4664 6671/4617
f 7088/4265 7007/4271 7066/4178
f 7220/4525 7221/4528 7430/4578
f 7430/4578 7221/4528 7147/4556
f 7147/4556 7148/4648 7430/4578
f 7663/4643 7148/4648 7644/4567
f 2272/3697 5651/3708 5000/3763
f 7469/4674 7663/4643 7650/4593
f 7469/4674 7650/4593 7653/4615
f 7487/4758 4874/4764 7209/4687
f 6993/4942 6713/4950 7412/4877
f 6763/5546 6205/5663 7264/5635
f 7151/5469 7246/5459 7226/5535
f 7183/4913 4833/4910 7229/4840
f 6982/4590 6996/4677 7318/4557
f 5729/4202 7195/4191 7210/4127
f 7430/4578 7148/4648 2495/4635
f 6993/4942 7095/4829 6897/4839
f 2495/4635 7639/4715 7489/4709
f 5713/4695 7649/4806 7213/4749
f 1634/3523 5758/3579 1692/3539
f 7649/4806 7489/4709 7343/4779
f 7240/4970 7245/4923 7397/4858
f 7649/4806 7144/4924 7397/4858
f 7025/4899 7185/4975 7021/4957
f 6768/5968 4875/6000 6684/6066
f 7324/4938 7021/4957 2635/5079
f 6977/4976 5769/4883 7037/5015
f 2470/4387 2474/4456 2499/4573
f 2346/4731 4243/4834 2434/4763
f 7308/5042 7309/4939 7261/4985
f 7725/4544 7000/4517 7052/4600
f 7231/4605 2346/4731 4896/4701
f 7172/4964 7037/5015 5769/4883
f 7040/5051 7172/4964 7284/4930
f 4204/4983 4210/5026 4207/4922
f 7500/4585 7230/4650 2446/4653
f 7015/4732 7044/4632 7043/4748
f 1633/4879 7250/4842 524/4817
f 7250/4842 6690/4838 7841/4752
f 5012/3367 5684/3421 302/3374
f 4207/4922 4413/4863 4403/4894
f 6660/5766 6201/5682 6822/5767
f 6888/4663 6898/4801 7573/4719
f 7148/4648 7663/4643 4818/4746
f 7469/4674 4818/4746 7663/4643
f 7281/4386 5720/4435 7155/4428
f 7209/4687 2553/4655 7487/4758
f 6908/4993 7216/4907 5032/4986
f 4734/4703 4063/4785 7236/4791
f 7500/4585 4913/4613 2488/4542
f 7607/4726 7154/4781 7049/4683
f 7489/4709 7639/4715 7343/4779
f 7343/4779 7217/4847 7649/4806
f 7240/4970 7244/5016 7245/4923
f 2635/5079 7021/4957 7023/5106
f 7040/5051 7284/4930 7408/5078
f 7461/5261 4106/5340 7462/5230
f 1633/4879 7608/4909 7250/4842
f 7487/4758 7488/4767 2561/4798
f 2434/4763 4243/4834 3321/4809
f 7065/5317 7310/5292 7338/5212
f 7005/4717 7029/4820 5769/4883
f 7250/4842 7608/4909 6690/4838
f 7253/5472 6701/5413 7405/5515
f 5708/3501 5657/3446 5745/3477
f 7130/5320 7288/5210 7291/5244
f 6671/4617 7126/4690 6670/4713
f 7573/4719 7126/4690 6671/4617
f 7038/4828 6887/4724 3023/4802
f 5728/3676 3514/3681 2603/3622
f 6898/4801 7038/4828 6678/4902
f 7642/4761 7148/4648 4818/4746
f 7236/4791 4818/4746 7469/4674
f 4767/4891 4833/4910 4713/4991
f 7500/4585 2444/4669 4913/4613
f 7639/4715 7148/4648 7642/4761
f 7343/4779 7639/4715 7642/4761
f 7134/5055 7244/5016 7240/4970
f 7061/5343 7058/5361 7191/5284
f 7012/4253 3251/4239 7108/4159
f 4354/5294 4642/5190 4416/5236
f 7023/5106 7185/4975 7323/5096
f 6690/4838 6891/4920 6995/4841
f 7023/5106 7288/5210 2635/5079
f 7146/4513 7155/4428 7494/4472
f 6923/4836 6995/4841 6891/4920
f 4860/5280 7468/5194 5003/5167
f 6927/4886 7719/4947 6993/4942
f 7657/4624 3014/4633 7279/4559
f 4620/5117 4184/5113 4564/5170
f 7153/5493 7151/5469 7117/5551
f 1633/4879 6713/4950 7608/4909
f 7247/4778 6995/4841 6923/4836
f 3023/4802 6887/4724 6923/4836
f 7126/4690 6639/4823 6670/4713
f 6639/4823 7126/4690 7573/4719
f 6639/4823 6898/4801 6644/4929
f 6644/4929 6898/4801 6678/4902
f 7404/5545 7406/5488 7048/5555
f 7288/5210 7162/5277 7315/5219
f 7075/4897 6678/4902 7038/4828
f 7642/4761 4818/4746 7687/4815
f 7236/4791 7235/4833 4818/4746
f 7487/4758 4858/4718 7488/4767
f 7081/5180 7040/5051 7041/5148
f 2561/4798 2568/4835 7487/4758
f 4767/4891 4713/4991 7227/4954
f 7261/4985 7309/4939 7227/4954
f 7257/5353 7314/5331 7255/5396
f 5778/4063 7655/3933 3478/4029
f 2444/4669 2466/4742 4858/4718
f 7642/4761 7218/4818 7343/4779
f 7217/4847 7218/4818 7219/4827
f 7148/4648 7147/4556 7644/4567
f 7216/4907 7217/4847 7263/4895
f 5860/5595 5047/5543 6831/5588
f 7269/4225 3498/4207 7174/4294
f 7244/5016 7238/5063 7323/5096
f 7242/5056 7134/5055 7240/4970
f 5758/3579 5690/3630 2603/3622
f 7244/5016 7134/5055 7238/5063
f 6908/4993 7242/5056 7144/4924
f 7288/5210 7315/5219 2635/5079
f 7288/5210 7023/5106 7291/5244
f 5037/5680 5035/5587 5034/5640
f 7290/5211 7710/5153 7032/5086
f 4163/4837 4243/4834 2346/4731
f 7325/4826 6977/4976 6927/4886
f 7270/5596 7259/5528 7272/5585
f 6874/4984 6993/4942 7719/4947
f 7412/4877 6713/4950 1633/4879
f 5856/5557 6862/5625 6863/5553
f 7135/4990 7608/4909 6713/4950
f 6891/4920 6690/4838 6691/4977
f 6671/4617 7098/4664 7573/4719
f 7135/4990 6691/4977 7608/4909
f 5709/3572 5758/3579 2603/3622
f 7075/4897 7038/4828 6923/4836
f 6678/4902 6953/4943 6644/4929
f 6678/4902 7075/4897 6938/4973
f 7479/4885 7235/4833 7236/4791
f 7061/5343 7178/5251 7094/5363
f 2466/4742 7488/4767 4858/4718
f 2568/4835 2465/4824 7183/4913
f 2561/4798 2465/4824 2568/4835
f 7261/4985 7227/4954 4713/4991
f 2380/4700 2466/4742 2444/4669
f 7218/4818 7642/4761 7219/4827
f 7263/4895 7217/4847 7219/4827
f 7242/5056 6908/4993 5024/5089
f 7242/5056 7628/5146 7134/5055
f 7238/5063 7134/5055 7133/5112
f 6908/4993 5032/4986 5024/5089
f 7023/5106 7338/5212 7291/5244
f 7085/5619 7272/5585 7196/5566
f 7323/5096 7192/5200 7338/5212
f 6874/4984 6977/4976 6873/5045
f 7710/5153 6805/5160 6873/5045
f 7081/5180 7290/5211 7082/5105
f 7041/5148 7152/5228 7081/5180
f 4339/5031 4165/4968 4186/5046
f 6874/4984 6873/5045 6993/4942
f 4527/5103 4677/5083 2452/5060
f 4207/4922 7183/4913 2465/4824
f 7673/4162 7508/4076 2276/4135
f 2276/4135 3568/4224 7673/4162
f 2689/4204 7673/4162 3568/4224
f 7673/4162 7674/4098 7508/4076
f 7673/4162 2689/4204 7674/4098
f 7196/5566 7272/5585 7259/5528
f 6993/4942 7842/5070 6994/5012
f 6865/5030 6891/4920 6691/4977
f 6956/4478 7814/4460 7000/4517
f 6703/5088 6691/4977 7135/4990
f 6678/4902 6938/4973 6953/4943
f 7075/4897 6879/4974 6938/4973
f 7004/5449 7058/5361 7061/5343
f 7687/4815 7235/4833 7263/4895
f 7488/4767 2465/4824 2561/4798
f 6873/5045 7842/5070 6993/4942
f 7262/4979 7309/4939 4904/5092
f 2453/5003 2423/5043 2452/5060
f 4714/5044 4713/4991 2452/5060
f 7007/4271 3094/4352 7750/4384
f 6691/4977 6704/5101 6865/5030
f 2446/4653 7230/4650 2380/4700
f 2381/4772 2466/4742 2380/4700
f 7040/5051 7408/5078 7041/5148
f 5032/4986 7263/4895 4855/5000
f 7192/5200 7323/5096 7133/5112
f 7242/5056 5024/5089 7186/5136
f 7291/5244 7338/5212 7310/5292
f 7338/5212 7192/5200 7191/5284
f 7130/5320 7162/5277 7288/5210
f 7315/5219 7162/5277 7314/5331
f 7257/5353 7152/5228 7315/5219
f 6805/5160 7842/5070 6873/5045
f 7710/5153 7589/5274 6805/5160
f 2695/3586 5737/3634 5736/3612
f 7710/5153 6867/5259 7589/5274
f 7290/5211 7081/5180 7286/5282
f 5070/5077 5003/5167 7468/5194
f 7286/5282 7081/5180 7152/5228
f 7842/5070 6716/5039 6994/5012
f 7065/5317 6920/5358 7310/5292
f 6716/5039 6703/5088 7135/4990
f 6891/4920 6865/5030 6879/4974
f 6691/4977 6703/5088 6704/5101
f 6879/4974 7075/4897 6891/4920
f 4207/4922 7181/4994 7183/4913
f 7080/5624 7117/5551 7118/5608
f 7262/4979 4904/5092 5070/5077
f 4855/5000 7263/4895 7262/4979
f 4714/5044 7308/5042 4713/4991
f 7841/4752 6996/4677 7017/4658
f 4757/5129 4904/5092 7308/5042
f 2381/4772 2380/4700 2379/4739
f 6352/6432 6485/6435 6546/6485
f 5072/5087 5032/4986 4855/5000
f 5648/3693 5650/3766 5659/3757
f 7192/5200 7133/5112 7628/5146
f 7201/5391 7204/5463 7255/5396
f 7186/5136 5024/5089 7188/5193
f 7061/5343 7191/5284 7192/5200
f 6703/5088 6679/5214 6704/5101
f 7314/5331 7162/5277 7130/5320
f 7257/5353 7315/5219 7314/5331
f 6805/5160 6804/5164 7842/5070
f 2381/4772 2379/4739 3321/4809
f 7154/4781 7607/4726 7325/4826
f 7305/5346 6867/5259 6876/5304
f 2542/3821 2580/3887 4999/3842
f 6877/5327 6876/5304 7290/5211
f 7589/5274 6867/5259 7305/5346
f 7286/5282 6877/5327 7290/5211
f 2707/3686 2844/3781 2720/3735
f 2542/3821 2507/3748 2583/3741
f 2583/3741 2507/3748 4996/3678
f 4961/3665 2583/3741 4996/3678
f 3605/4503 3034/4500 3666/4577
f 2579/3861 2542/3821 1623/3796
f 4961/3665 2576/3733 2583/3741
f 7511/4433 3605/4503 2233/4561
f 3621/4392 3034/4500 3629/4427
f 1623/3796 7173/3843 2579/3861
f 2505/3948 2461/4035 2503/3968
f 2544/3899 2188/3898 2503/3968
f 2640/3584 7640/3497 4986/3545
f 7184/3725 2547/3780 1735/3787
f 7511/4433 3629/4427 3605/4503
f 3267/4018 7721/4001 7699/3911
f 1735/3787 2576/3733 7184/3725
f 3235/4245 3621/4392 3236/4304
f 2508/3846 7173/3843 1735/3787
f 2508/3846 2505/3948 2188/3898
f 3236/4304 3629/4427 3418/4351
f 1688/3567 2633/3633 4986/3545
f 2633/3633 1709/3710 7671/3655
f 3005/4354 3418/4351 7511/4433
f 7686/4121 3318/4130 7503/4176
f 2269/3868 2505/3948 2508/3846
f 1709/3710 2633/3633 2270/3721
f 3278/4259 3418/4351 3005/4354
f 7574/4230 3005/4354 3004/4321
f 2626/3692 2633/3633 2699/3624
f 7630/3716 7662/3707 7690/3636
f 3236/4304 3418/4351 3278/4259
f 4961/3665 7671/3655 2576/3733
f 7574/4230 3278/4259 3005/4354
f 2699/3624 2633/3633 1688/3567
f 7711/3811 7605/3711 7626/3850
f 2547/3780 7184/3725 1709/3710
f 2626/3692 2270/3721 2633/3633
f 3273/4182 3278/4259 7503/4176
f 7574/4230 3004/4321 7580/4291
f 2547/3780 2270/3721 7631/3799
f 2269/3868 7631/3799 7643/3848
f 1735/3787 2547/3780 2508/3846
f 2699/3624 7690/3636 7662/3707
f 2314/4051 7514/4103 7686/4121
f 2188/3898 7173/3843 2508/3846
f 7662/3707 2626/3692 2699/3624
f 2270/3721 2626/3692 7517/3767
f 2544/3899 2579/3861 2188/3898
f 7503/4176 3318/4130 3273/4182
f 7503/4176 3278/4259 7574/4230
f 7574/4230 7580/4291 2295/4201
f 7631/3799 2270/3721 7517/3767
f 7662/3707 7517/3767 2626/3692
f 7630/3716 7690/3636 7670/3668
f 2231/3950 2079/3878 7510/3844
f 7508/4076 7638/4027 7681/3971
f 7633/4160 7574/4230 2295/4201
f 3568/4224 2276/4135 2295/4201
f 3418/4351 3629/4427 7511/4433
f 2640/3584 2633/3633 7671/3655
f 7631/3799 7517/3767 7643/3848
f 2576/3733 7671/3655 7184/3725
f 7605/3711 2720/3735 2844/3781
f 3236/4304 3278/4259 3273/4182
f 7640/3497 2672/3467 4986/3545
f 7662/3707 7630/3716 7517/3767
f 2576/3733 1735/3787 1623/3796
f 3267/4018 7669/4133 7721/4001
f 7670/3668 7539/3690 7630/3716
f 7686/4121 2276/4135 2314/4051
f 2547/3780 2269/3868 2508/3846
f 7711/3811 7626/3850 7699/3911
f 7514/4103 3318/4130 7686/4121
f 7514/4103 3273/4182 3318/4130
f 2233/4561 3605/4503 3666/4577
f 7630/3716 7603/3788 7517/3767
f 7633/4160 7686/4121 7503/4176
f 7539/3690 2708/3743 7630/3716
f 7603/3788 7643/3848 7517/3767
f 2708/3743 7603/3788 7630/3716
f 2708/3743 7539/3690 2228/3769
f 2276/4135 7633/4160 2295/4201
f 3235/4245 3236/4304 3273/4182
f 7603/3788 2079/3878 7643/3848
f 2276/4135 7686/4121 7633/4160
f 2547/3780 7631/3799 2269/3868
f 2228/3769 7603/3788 2708/3743
f 2230/3828 7705/3924 7510/3844
f 2276/4135 7508/4076 2314/4051
f 7508/4076 7674/4098 7638/4027
f 7705/3924 2230/3828 7699/3911
f 7510/3844 7603/3788 2228/3769
f 2314/4051 7508/4076 7681/3971
f 7681/3971 7638/4027 3267/4018
f 7603/3788 7510/3844 2079/3878
f 7580/4291 3568/4224 2295/4201
f 7705/3924 2231/3950 7510/3844
f 2503/3968 2188/3898 2505/3948
f 7674/4098 2689/4204 7669/4133
f 7173/3843 2188/3898 2579/3861
f 7184/3725 7671/3655 1709/3710
f 7574/4230 7633/4160 7503/4176
f 7605/3711 2844/3781 7626/3850
f 2583/3741 1623/3796 2542/3821
f 7705/3924 7699/3911 7721/4001
f 2707/3686 2720/3735 7605/3711
f 3034/4500 3605/4503 3629/4427
f 2547/3780 1709/3710 2270/3721
f 2844/3781 7679/3855 7626/3850
f 1623/3796 2583/3741 2576/3733
f 7699/3911 2230/3828 7711/3811
f 3267/4018 7699/3911 7681/3971
f 2228/3769 2230/3828 7510/3844
f 7679/3855 7681/3971 7626/3850
f 7173/3843 1623/3796 1735/3787
f 3267/4018 7638/4027 7674/4098
f 3236/4304 3621/4392 3629/4427
f 7626/3850 7681/3971 7699/3911
f 2640/3584 4986/3545 2633/3633
f 3267/4018 7674/4098 7669/4133
f 7842/5070 7732/5093 6716/5039
f 7732/5093 6703/5088 6716/5039
f 2381/4772 4413/4863 2465/4824
f 7262/4979 5070/5077 4855/5000
f 4714/5044 4677/5083 7308/5042
f 7308/5042 4749/5100 4757/5129
f 5708/3501 5745/3477 1692/3539
f 4620/5117 4527/5103 2423/5043
f 7212/5470 6763/5546 7215/5510
f 4855/5000 5070/5077 5072/5087
f 7192/5200 7628/5146 7178/5251
f 7468/5194 5021/5196 5072/5087
f 6403/6473 6352/6432 6480/6486
f 7310/5292 6920/5358 6915/5342
f 7061/5343 7192/5200 7178/5251
f 4564/5170 7482/5135 4289/5177
f 6804/5164 6805/5160 6688/5246
f 7842/5070 6804/5164 7732/5093
f 6998/5338 6688/5246 7589/5274
f 6929/5364 6876/5304 6877/5327
f 6701/5413 7589/5274 7305/5346
f 1229/6600 6424/6599 6226/6560
f 6877/5327 7286/5282 7090/5402
f 6569/6210 6614/6153 6683/6134
f 6703/5088 6804/5164 6679/5214
f 4204/4983 4207/4922 4403/4894
f 7408/5078 7284/4930 7324/4938
f 7277/5108 5003/5167 5070/5077
f 4749/5100 7308/5042 4677/5083
f 5064/5220 4904/5092 5038/5187
f 2423/5043 4629/5066 4620/5117
f 7188/5193 5021/5196 7187/5283
f 7467/5264 5021/5196 7468/5194
f 7726/3775 5682/3772 7727/3720
f 7255/5396 7130/5320 7201/5391
f 7246/5459 7257/5353 7255/5396
f 6688/5246 6998/5338 6999/5298
f 6770/5855 6780/5802 6777/5870
f 6817/5516 3001/5589 5056/5517
f 6780/5802 6813/5795 4795/5728
f 3568/4224 7509/4295 2689/4204
f 6181/6148 5627/6203 6198/6168
f 5899/6128 5902/6107 6198/6168
f 6060/6185 5630/6228 5627/6203
f 6060/6185 5627/6203 6181/6148
f 6777/5870 6780/5802 5935/5838
f 4821/5420 5025/5492 6817/5516
f 5935/5838 6780/5802 3261/5790
f 6780/5802 4795/5728 5233/5743
f 4502/5450 5025/5492 4821/5420
f 4106/5340 4502/5450 4821/5420
f 5816/6052 5902/6107 5899/6128
f 5902/6107 6181/6148 6198/6168
f 5630/6228 6060/6185 7403/6166
f 6181/6148 7403/6166 6060/6185
f 4505/5348 4106/5340 7461/5261
f 4584/5671 5202/5699 4579/5658
f 5258/5597 6817/5516 4665/5591
f 5202/5699 5233/5743 4795/5728
f 4505/5348 4502/5450 4106/5340
f 4579/5658 5202/5699 4795/5728
f 7461/5261 4354/5294 4505/5348
f 3695/4343 7593/4400 2222/4402
f 7509/4295 3695/4343 2689/4204
f 5816/6052 7378/6082 5902/6107
f 6181/6148 5902/6107 7378/6082
f 6181/6148 2619/6090 7403/6166
f 6028/5988 5156/5897 5160/5896
f 5185/5937 5884/5929 5883/5998
f 4929/5690 5202/5699 4584/5671
f 4579/5658 4577/5648 4584/5671
f 4579/5658 5195/5631 4577/5648
f 5233/5743 5202/5699 4929/5690
f 5212/5533 4502/5450 4547/5541
f 4505/5348 4613/5387 4502/5450
f 7511/4433 2238/4470 3005/4354
f 2303/4370 7580/4291 2237/4422
f 2316/4448 4173/4459 2319/4364
f 5816/6052 6759/6019 7378/6082
f 5787/5963 5798/5981 5845/5938
f 5185/5937 6028/5988 5160/5896
f 5904/5873 5884/5929 5185/5937
f 4584/5671 4577/5648 4929/5690
f 5233/5743 4929/5690 4931/5747
f 4613/5387 589/5451 4502/5450
f 4613/5387 4354/5294 4350/5362
f 2316/4448 2222/4402 2221/4467
f 7593/4400 7502/4440 2221/4467
f 2233/4561 3565/4576 2238/4470
f 6028/5988 5185/5937 5883/5998
f 2238/4470 2237/4422 3005/4354
f 2237/4422 7502/4440 2303/4370
f 3695/4343 2222/4402 2319/4364
f 4505/5348 4354/5294 4613/5387
f 6759/6019 2619/6090 7378/6082
f 5766/6171 2619/6090 5603/6117
f 5787/5963 5845/5938 5178/5945
f 5762/5860 5643/5913 5884/5929
f 5787/5963 5178/5945 6759/6019
f 5160/5896 5904/5873 5185/5937
f 7509/4295 3568/4224 7580/4291
f 6181/6148 7378/6082 2619/6090
f 5904/5873 5762/5860 5884/5929
f 4547/5541 261/5564 4544/5584
f 2221/4467 2222/4402 7593/4400
f 5181/5819 4931/5747 5126/5792
f 5125/5700 4931/5747 4929/5690
f 4502/5450 589/5451 4363/5508
f 2287/4461 2202/4538 3719/4483
f 4665/5591 5212/5533 4544/5584
f 4495/5399 4350/5362 4311/5367
f 5126/5792 5160/5896 5181/5819
f 4350/5362 4354/5294 2636/5311
f 4350/5362 4495/5399 589/5451
f 2221/4467 2604/4549 2316/4448
f 2404/4547 2221/4467 7502/4440
f 4173/4459 2604/4549 3716/4539
f 5621/5976 2619/6090 6759/6019
f 5297/6056 5603/6117 2619/6090
f 5178/5945 5845/5938 5161/5888
f 5161/5888 5643/5913 5762/5860
f 5621/5976 6759/6019 5178/5945
f 5125/5700 4929/5690 4664/5632
f 3004/4321 2237/4422 7580/4291
f 4350/5362 589/5451 4613/5387
f 4664/5632 4544/5584 4425/5617
f 7502/4440 7593/4400 2303/4370
f 4664/5632 4665/5591 4544/5584
f 5126/5792 4931/5747 5125/5700
f 4363/5508 5078/5532 261/5564
f 589/5451 5078/5532 4363/5508
f 2202/4538 3716/4539 2268/4594
f 5904/5873 3764/5778 5762/5860
f 4311/5367 4383/5422 4495/5399
f 5126/5792 3764/5778 5904/5873
f 2636/5311 4311/5367 4350/5362
f 4547/5541 4502/5450 4363/5508
f 4354/5294 4416/5236 2636/5311
f 1934/5434 2336/5404 4291/5329
f 2404/4547 2604/4549 2221/4467
f 2604/4549 2351/4619 3716/4539
f 2202/4538 2287/4461 3716/4539
f 4531/5583 4425/5617 261/5564
f 4664/5632 4425/5617 5125/5700
f 4531/5583 261/5564 5078/5532
f 6759/6019 5798/5981 5787/5963
f 2351/4619 2268/4594 3716/4539
f 2268/4594 2624/4602 2202/4538
f 6780/5802 5233/5743 3261/5790
f 4311/5367 4401/5378 4383/5422
f 2237/4422 3004/4321 3005/4354
f 6676/5780 4931/5747 5181/5819
f 2344/5352 4311/5367 2636/5311
f 4450/5255 2636/5311 4416/5236
f 2612/4678 2440/4656 2624/4602
f 5243/5889 5161/5888 5162/5840
f 4791/5593 4425/5617 4531/5583
f 4791/5593 4531/5583 5078/5532
f 4124/4676 2624/4602 2268/4594
f 5643/5913 5161/5888 5845/5938
f 4401/5378 4433/5446 4383/5422
f 2636/5311 2469/5312 2344/5352
f 5336/5914 5069/5932 5297/6056
f 4970/5610 4566/5590 4718/5558
f 2604/4549 2404/4547 7682/4644
f 4173/4459 2316/4448 2604/4549
f 5162/5840 5263/5846 5243/5889
f 5045/5655 3764/5778 3757/5695
f 6676/5780 5181/5819 5935/5838
f 4425/5617 4791/5593 3757/5695
f 4563/5491 4541/5518 590/5536
f 5258/5597 4665/5591 5195/5631
f 4124/4676 2351/4619 3933/4697
f 4189/4759 3863/4662 7682/4644
f 4383/5422 589/5451 4495/5399
f 589/5451 4563/5491 5078/5532
f 3863/4662 3933/4697 2351/4619
f 4450/5255 4289/5177 591/5239
f 4425/5617 4544/5584 261/5564
f 4492/5374 4433/5446 4401/5378
f 2344/5352 2469/5312 4401/5378
f 4450/5255 591/5239 2469/5312
f 4791/5593 5045/5655 3757/5695
f 4124/4676 2612/4678 2624/4602
f 4541/5518 4563/5491 4433/5446
f 4186/5046 4238/4963 2420/5074
f 4383/5422 4433/5446 4563/5491
f 3933/4697 3863/4662 4189/4759
f 5212/5533 5025/5492 4502/5450
f 7403/6166 2619/6090 5766/6171
f 5069/5932 5336/5914 5170/5867
f 4541/5518 4791/5593 590/5536
f 3933/4697 4153/4770 4124/4676
f 2612/4678 4124/4676 2397/4768
f 4129/4786 2346/4731 91/4723
f 5160/5896 5126/5792 5904/5873
f 91/4723 2612/4678 2397/4768
f 5212/5533 6817/5516 5025/5492
f 3863/4662 2604/4549 7682/4644
f 5263/5846 5336/5914 5403/5907
f 4129/4786 297/4831 2346/4731
f 5161/5888 5243/5889 5178/5945
f 2351/4619 2604/4549 3863/4662
f 6676/5780 3261/5790 5233/5743
f 590/5536 5078/5532 4563/5491
f 591/5239 4289/5177 4411/5154
f 4433/5446 4492/5374 4540/5438
f 4665/5591 4664/5632 5195/5631
f 2636/5311 4450/5255 2469/5312
f 4189/4759 2405/4711 2098/4854
f 5336/5914 5173/5809 5170/5867
f 4632/5817 5069/5932 5170/5867
f 5108/5749 4988/5762 5263/5846
f 4791/5593 4541/5518 5045/5655
f 5403/5907 5178/5945 5243/5889
f 4383/5422 4563/5491 589/5451
f 4124/4676 4153/4770 2397/4768
f 5403/5907 5243/5889 5263/5846
f 2396/4888 297/4831 4129/4786
f 3769/5130 4411/5154 4186/5046
f 4411/5154 592/5286 591/5239
f 3565/4576 2405/4711 2404/4547
f 4309/5390 4540/5438 4492/5374
f 4540/5438 4436/5461 4541/5518
f 4540/5438 4309/5390 4436/5461
f 4501/5506 1934/5434 4275/5530
f 4189/4759 3910/4871 4153/4770
f 4632/5817 5170/5867 5173/5809
f 3780/5278 592/5286 2828/5205
f 4238/4963 2419/5033 2420/5074
f 3757/5695 5125/5700 4425/5617
f 4657/5073 3769/5130 4186/5046
f 5045/5655 4541/5518 4494/5526
f 2404/4547 2405/4711 7682/4644
f 4541/5518 4436/5461 4494/5526
f 2396/4888 3641/4874 4231/5019
f 261/5564 4547/5541 4363/5508
f 4436/5461 4309/5390 2336/5404
f 4291/5329 4078/5243 4646/5309
f 4189/4759 2400/4892 3910/4871
f 5045/5655 4494/5526 4566/5590
f 3764/5778 5126/5792 3757/5695
f 728/5537 4275/5530 1934/5434
f 4544/5584 5212/5533 4547/5541
f 1819/5679 4632/5817 4980/5727
f 3641/4874 2396/4888 2397/4768
f 3641/4874 3910/4871 2338/4931
f 8017/4884 2396/4888 4238/4963
f 3001/5589 6817/5516 5258/5597
f 5146/5710 4988/5762 4519/5694
f 2828/5205 3769/5130 3776/5204
f 5403/5907 5621/5976 5178/5945
f 2420/5074 3769/5130 4657/5073
f 5233/5743 4931/5747 6676/5780
f 3780/5278 2828/5205 3776/5204
f 4309/5390 592/5286 2336/5404
f 4436/5461 2336/5404 4494/5526
f 3780/5278 2336/5404 592/5286
f 4579/5658 5258/5597 5195/5631
f 8017/4884 297/4831 2396/4888
f 5297/6056 2619/6090 5621/5976
f 2237/4422 2404/4547 7502/4440
f 3742/5184 2420/5074 2419/5033
f 1819/5679 4992/5642 729/5568
f 2400/4892 2398/5018 3910/4871
f 592/5286 4309/5390 4492/5374
f 4519/5694 5031/5637 5146/5710
f 5031/5637 4519/5694 4970/5610
f 4173/4459 3716/4539 2287/4461
f 4494/5526 4501/5506 4566/5590
f 4238/4963 2396/4888 2419/5033
f 2303/4370 7509/4295 7580/4291
f 3769/5130 2420/5074 3818/5171
f 4173/4459 2335/4361 2319/4364
f 2336/5404 4501/5506 4494/5526
f 5336/5914 5297/6056 5621/5976
f 4992/5642 1819/5679 4980/5727
f 4231/5019 3641/4874 2338/4931
f 2398/5018 2338/4931 3910/4871
f 4970/5610 728/5537 5031/5637
f 4988/5762 5173/5809 5263/5846
f 3764/5778 5162/5840 5762/5860
f 4566/5590 4501/5506 4275/5530
f 4718/5558 4566/5590 4275/5530
f 3780/5278 4291/5329 2336/5404
f 4718/5558 728/5537 4970/5610
f 5336/5914 5621/5976 5403/5907
f 5181/5819 5160/5896 5156/5897
f 91/4723 2440/4656 2612/4678
f 2442/5119 2419/5033 4231/5019
f 4299/5376 4017/5377 4248/5249
f 2419/5033 2396/4888 4231/5019
f 3565/4576 2237/4422 2238/4470
f 3818/5171 2420/5074 3742/5184
f 5212/5533 4665/5591 6817/5516
f 5173/5809 5336/5914 5263/5846
f 3780/5278 4078/5243 4291/5329
f 3695/4343 2303/4370 7593/4400
f 91/4723 2346/4731 2440/4656
f 4248/5249 2442/5119 2418/5127
f 3757/5695 5126/5792 5125/5700
f 2238/4470 7511/4433 2233/4561
f 2398/5018 2418/5127 4231/5019
f 1819/5679 729/5568 5013/5575
f 4017/5377 728/5537 1934/5434
f 2344/5352 4401/5378 4311/5367
f 4299/5376 4308/5485 4325/5483
f 3910/4871 3641/4874 4153/4770
f 4791/5593 5078/5532 590/5536
f 3742/5184 2419/5033 2442/5119
f 5146/5710 4980/5727 5173/5809
f 4501/5506 2336/5404 1934/5434
f 2396/4888 4129/4786 2397/4768
f 3742/5184 4078/5243 3818/5171
f 591/5239 592/5286 2469/5312
f 3695/4343 2319/4364 2689/4204
f 4124/4676 2268/4594 2351/4619
f 1835/5444 5013/5575 4308/5485
f 6759/6019 5816/6052 5798/5981
f 5195/5631 4664/5632 4577/5648
f 4289/5177 4450/5255 4416/5236
f 4992/5642 728/5537 729/5568
f 6813/5795 6780/5802 6770/5855
f 2469/5312 4492/5374 4401/5378
f 4308/5485 5013/5575 729/5568
f 5935/5838 5181/5819 5156/5897
f 4189/4759 4153/4770 3933/4697
f 1934/5434 4291/5329 4646/5309
f 4988/5762 5146/5710 5173/5809
f 4078/5243 3742/5184 4646/5309
f 2405/4711 4189/4759 7682/4644
f 3695/4343 7509/4295 2303/4370
f 4275/5530 728/5537 4718/5558
f 2469/5312 592/5286 4492/5374
f 4308/5485 4299/5376 1835/5444
f 4078/5243 3776/5204 3818/5171
f 2397/4768 4129/4786 91/4723
f 4308/5485 729/5568 4325/5483
f 728/5537 4992/5642 5031/5637
f 728/5537 4017/5377 4325/5483
f 2287/4461 2335/4361 4173/4459
f 4519/5694 4988/5762 5108/5749
f 5935/5838 5156/5897 6777/5870
f 2420/5074 4657/5073 4186/5046
f 4062/5281 4646/5309 3742/5184
f 4632/5817 5173/5809 4980/5727
f 3001/5589 5258/5597 4579/5658
f 5766/6171 5630/6228 7403/6166
f 4992/5642 4980/5727 5146/5710
f 4540/5438 4541/5518 4433/5446
f 2202/4538 2624/4602 3719/4483
f 729/5568 728/5537 4325/5483
f 2397/4768 4153/4770 3641/4874
f 3565/4576 2404/4547 2237/4422
f 5162/5840 5161/5888 5762/5860
f 4248/5249 3742/5184 2442/5119
f 4299/5376 1875/5240 1835/5444
f 5263/5846 5162/5840 5108/5749
f 2418/5127 2442/5119 4231/5019
f 1875/5240 4248/5249 2418/5127
f 4062/5281 4017/5377 4646/5309
f 3769/5130 3818/5171 3776/5204
f 1875/5240 2418/5127 2398/5018
f 2828/5205 4411/5154 3769/5130
f 4992/5642 5146/5710 5031/5637
f 2222/4402 2316/4448 2319/4364
f 4062/5281 3742/5184 4248/5249
f 4231/5019 2338/4931 2398/5018
f 4017/5377 4299/5376 4325/5483
f 4646/5309 4017/5377 1934/5434
f 5935/5838 3261/5790 6676/5780
f 4299/5376 4248/5249 1875/5240
f 4664/5632 4929/5690 4577/5648
f 592/5286 4411/5154 2828/5205
f 4189/4759 2098/4854 2400/4892
f 3776/5204 4078/5243 3780/5278
f 4062/5281 4248/5249 4017/5377
f 1228/6760 6391/6756 1227/6813
f 6381/6713 1228/6760 6405/6698
f 899/6583 6455/6631 6484/6533
f 1228/6760 6381/6713 6391/6756
f 6393/6663 6405/6698 6455/6631
f 6358/6542 900/6608 899/6583
f 6393/6663 6455/6631 7442/6632
f 6381/6713 6393/6663 6387/6676
f 6393/6663 6381/6713 6405/6698
f 6455/6631 899/6583 7442/6632
f 900/6608 5985/6640 5992/6660
f 6381/6713 6387/6676 5989/6693
f 6381/6713 5989/6693 6391/6756
f 5992/6660 5985/6640 5989/6693
f 7442/6632 6387/6676 6393/6663
f 6358/6542 899/6583 6484/6533
f 5989/6693 6387/6676 5992/6660
f 6387/6676 7442/6632 5992/6660
f 7442/6632 900/6608 5992/6660
f 900/6608 7442/6632 899/6583
f 1412/6573 5587/6559 854/6480
f 854/6480 1443/6492 1412/6573
f 854/6480 5586/6569 5481/6434
f 5481/6434 5674/6440 5483/6350
f 855/6339 854/6480 5481/6434
f 787/6409 854/6480 855/6339
f 855/6339 67/6287 787/6409
f 5483/6350 5580/6268 5612/6227
f 5540/6179 5580/6268 6098/6237
f 6098/6237 5766/6171 5540/6179
f 5540/6179 5766/6171 5603/6117
f 5612/6227 855/6339 5483/6350
f 5483/6350 5668/6324 5580/6268
f 5416/6144 67/6287 855/6339
f 5580/6268 5540/6179 5612/6227
f 5445/6123 67/6287 5416/6144
f 5445/6123 5310/5952 343/6124
f 5481/6434 5483/6350 855/6339
f 855/6339 5612/6227 5416/6144
f 5630/6228 5766/6171 6098/6237
f 5540/6179 5603/6117 5297/6056
f 5612/6227 5540/6179 5459/6121
f 5313/5786 5029/5895 4632/5817
f 5310/5952 5445/6123 5416/6144
f 5313/5786 5310/5952 5029/5895
f 5674/6440 5668/6324 5483/6350
f 5416/6144 5100/5977 5310/5952
f 854/6480 787/6409 1443/6492
f 5416/6144 5612/6227 5459/6121
f 5029/5895 5069/5932 4632/5817
f 5416/6144 5459/6121 4942/6045
f 5297/6056 5459/6121 5540/6179
f 5069/5932 4942/6045 5297/6056
f 343/6124 67/6287 5445/6123
f 5416/6144 4942/6045 5100/5977
f 5100/5977 5069/5932 5029/5895
f 5586/6569 5674/6440 5481/6434
f 5580/6268 5668/6324 6098/6237
f 5310/5952 5100/5977 5029/5895
f 4942/6045 5459/6121 5297/6056
f 5069/5932 5100/5977 4942/6045
f 5033/5859 4881/5864 2681/5885
f 5156/5897 6726/5899 6777/5870
f 6770/5855 2552/5887 4881/5864
f 4881/5864 2552/5887 2681/5885
f 5033/5859 2681/5885 6786/5880
f 6770/5855 6754/5904 2552/5887
f 2681/5885 2552/5887 7521/5926
f 6769/5928 6786/5880 2681/5885
f 7521/5926 6769/5928 2681/5885
f 6725/5917 6726/5899 5156/5897
f 6657/5961 5156/5897 6028/5988
f 6754/5904 6734/5949 7521/5926
f 2552/5887 6754/5904 7521/5926
f 7538/5956 4875/6000 6769/5928
f 6657/5961 2659/6020 6673/5999
f 2659/6020 6028/5988 6702/6105
f 6673/5999 2659/6020 6695/6042
f 6734/5949 6673/5999 6742/6011
f 5898/6368 4570/6235 4571/6327
f 6726/5899 6754/5904 6777/5870
f 5898/6368 6621/6337 5225/6264
f 5219/6198 5951/6125 5954/6194
f 6673/5999 6734/5949 6657/5961
f 6731/6027 4875/6000 7538/5956
f 6754/5904 6770/5855 6777/5870
f 5955/6095 5954/6194 5951/6125
f 7433/6265 5225/6264 6621/6337
f 6695/6042 2659/6020 6702/6105
f 6743/5965 6734/5949 6742/6011
f 6731/6027 7538/5956 6743/5965
f 6721/6073 6728/6058 5955/6095
f 7521/5926 6734/5949 6743/5965
f 6742/6011 6673/5999 6695/6042
f 5951/6125 6050/6140 6727/6084
f 5898/6368 5954/6194 4570/6235
f 6725/5917 6734/5949 6754/5904
f 5955/6095 6728/6058 6695/6042
f 7538/5956 6769/5928 7521/5926
f 6685/6208 5219/6198 7433/6265
f 6734/5949 6725/5917 6657/5961
f 6743/5965 6742/6011 6731/6027
f 6742/6011 6695/6042 6728/6058
f 4570/6235 5954/6194 6702/6105
f 5219/6198 5954/6194 5225/6264
f 2659/6020 6657/5961 6028/5988
f 6727/6084 6721/6073 5951/6125
f 6727/6084 6731/6027 6721/6073
f 6742/6011 6728/6058 6731/6027
f 5954/6194 5955/6095 6702/6105
f 6050/6140 5219/6198 6685/6208
f 6725/5917 5156/5897 6657/5961
f 5951/6125 5219/6198 6050/6140
f 7538/5956 7521/5926 6743/5965
f 7433/6265 5219/6198 5225/6264
f 6721/6073 6731/6027 6728/6058
f 6725/5917 6754/5904 6726/5899
f 5898/6368 5225/6264 5954/6194
f 5955/6095 6695/6042 6702/6105
f 5955/6095 5951/6125 6721/6073
f 5875/6301 4571/6327 5665/6267
f 4570/6235 5906/6190 5665/6267
f 5910/6098 5906/6190 6702/6105
f 5877/6240 5875/6301 5665/6267
f 6028/5988 6109/6065 5910/6098
f 5917/6133 5906/6190 5910/6098
f 6028/5988 6032/6023 6109/6065
f 5910/6098 6109/6065 5917/6133
f 5595/6173 6093/6207 5906/6190
f 6032/6023 6028/5988 5883/5998
f 5908/5955 5884/5929 5643/5913
f 5908/5955 6123/6034 5883/5998
f 5595/6173 5906/6190 5917/6133
f 5877/6240 5906/6190 6093/6207
f 5600/6204 6171/6283 5877/6240
f 6032/6023 5883/5998 6109/6065
f 5877/6240 5665/6267 5906/6190
f 6123/6034 5899/6128 5599/6109
f 5595/6173 5599/6109 5600/6204
f 5599/6109 5917/6133 6109/6065
f 4570/6235 5665/6267 4571/6327
f 6171/6283 5600/6204 6076/6261
f 5600/6204 6093/6207 5595/6173
f 5816/6052 6123/6034 5798/5981
f 5884/5929 5908/5955 5883/5998
f 5910/6098 6702/6105 6028/5988
f 6171/6283 5875/6301 5877/6240
f 5908/5955 5643/5913 5845/5938
f 5920/6353 4571/6327 5875/6301
f 6109/6065 5883/5998 5599/6109
f 5845/5938 5798/5981 5908/5955
f 6171/6283 5920/6353 5875/6301
f 5595/6173 5917/6133 5599/6109
f 5883/5998 6123/6034 5599/6109
f 5906/6190 4570/6235 6702/6105
f 5599/6109 5899/6128 5600/6204
f 5908/5955 5798/5981 6123/6034
f 5600/6204 5899/6128 6076/6261
f 6076/6261 5920/6353 6171/6283
f 5600/6204 5877/6240 6093/6207
f 6123/6034 5816/6052 5899/6128
f 7460/6256 6549/6246 7431/6214
f 7069/6097 6190/6139 6930/6076
f 7431/6214 6190/6139 6607/6172
f 6227/6282 7460/6256 7431/6214
f 6958/6373 6397/6439 6947/6401
f 6947/6401 6397/6439 6507/6448
f 6190/6139 7431/6214 6942/6155
f 6467/6318 6227/6282 6469/6310
f 6467/6318 6469/6310 6958/6373
f 6947/6401 856/6351 6958/6373
f 6467/6318 6549/6246 6227/6282
f 6942/6155 3010/6176 6931/6092
f 6947/6401 7438/6354 856/6351
f 6942/6155 6549/6246 3010/6176
f 6552/6293 6549/6246 6467/6318
f 6467/6318 856/6351 6552/6293
f 856/6351 7438/6354 6124/6296
f 6148/6131 6931/6092 3010/6176
f 6549/6246 6160/6221 3010/6176
f 6148/6131 3010/6176 6146/6147
f 6552/6293 6160/6221 6549/6246
f 856/6351 6124/6296 6552/6293
f 6148/6131 6146/6147 6944/6103
f 6124/6296 6160/6221 6552/6293
f 6944/6103 6146/6147 6978/6074
f 6146/6147 3010/6176 6160/6221
f 7523/6162 6146/6147 6160/6221
f 6771/6254 7410/6307 7366/6321
f 6944/6103 6978/6074 6053/6038
f 7379/6003 6834/5939 6053/6038
f 6140/6397 7348/6274 7366/6321
f 7523/6162 6160/6221 6771/6254
f 7366/6321 7425/6234 6771/6254
f 6558/6408 6947/6401 6473/6438
f 6053/6038 6978/6074 7379/6003
f 6942/6155 6930/6076 6190/6139
f 6140/6397 7366/6321 6558/6408
f 7379/6003 7400/5967 6834/5939
f 7282/5636 7048/5555 7283/5629
f 7438/6354 6558/6408 7366/6321
f 7304/5703 6554/5708 7283/5629
f 7523/6162 7079/6099 6978/6074
f 6719/5971 6926/5969 6976/6059
f 7523/6162 6771/6254 7425/6234
f 6978/6074 7400/5967 7379/6003
f 7053/5692 7373/5773 7304/5703
f 7122/5599 7048/5555 7282/5636
f 7298/5770 7287/5750 6554/5708
f 6718/5649 7404/5545 7122/5599
f 7425/6234 7348/6274 6238/6186
f 6942/6155 7431/6214 6549/6246
f 6924/6057 6926/5969 7400/5967
f 7523/6162 7425/6234 6238/6186
f 6924/6057 7079/6099 7409/6102
f 7373/5773 7053/5692 7055/5763
f 7373/5773 7298/5770 7304/5703
f 7283/5629 6554/5708 7282/5636
f 7282/5636 6718/5649 7122/5599
f 7287/5750 7294/5798 6968/5783
f 6555/5729 6554/5708 7287/5750
f 6954/5911 6951/5843 7009/5851
f 7400/5967 6978/6074 6924/6057
f 7410/6307 6124/6296 7438/6354
f 7294/5798 6965/5816 6968/5783
f 7866/5609 7404/5545 6718/5649
f 6954/5911 7009/5851 6928/5915
f 7348/6274 6300/6200 6238/6186
f 6926/5969 6928/5915 6959/5892
f 6568/6122 6238/6186 6689/6113
f 6568/6122 7523/6162 6238/6186
f 6959/5892 7400/5967 6926/5969
f 6942/6155 6931/6092 6930/6076
f 7298/5770 7373/5773 6951/5843
f 7409/6102 6976/6059 6924/6057
f 6555/5729 7287/5750 6968/5783
f 7866/5609 6718/5649 7393/5706
f 6924/6057 6976/6059 6926/5969
f 6834/5939 7400/5967 7388/5881
f 7296/6160 6689/6113 6300/6200
f 6928/5915 7009/5851 6959/5892
f 7009/5851 7373/5773 7055/5763
f 6965/5816 7294/5798 7321/5849
f 6755/5857 7319/5789 6757/5865
f 6720/5920 6724/5946 6739/5902
f 6213/5818 6968/5783 6965/5816
f 6238/6186 6300/6200 6689/6113
f 7438/6354 7366/6321 7410/6307
f 6555/5729 7149/5731 6718/5649
f 7425/6234 7366/6321 7348/6274
f 6951/5843 6871/5869 7302/5813
f 6568/6122 6976/6059 7409/6102
f 7393/5706 6718/5649 7149/5731
f 6720/5920 6757/5865 7292/5927
f 6607/6172 6190/6139 7069/6097
f 7866/5609 7405/5515 7404/5545
f 6555/5729 6968/5783 6213/5818
f 7376/6013 6976/6059 6689/6113
f 6771/6254 6124/6296 7410/6307
f 7302/5813 6871/5869 7321/5849
f 856/6351 6467/6318 6958/6373
f 6213/5818 7149/5731 6555/5729
f 6944/6103 6053/6038 6931/6092
f 6976/6059 7376/6013 6719/5971
f 6719/5971 6954/5911 6928/5915
f 7298/5770 6554/5708 7304/5703
f 7409/6102 7523/6162 6568/6122
f 6473/6438 6026/6470 6558/6408
f 7294/5798 7298/5770 7302/5813
f 6227/6282 6549/6246 7460/6256
f 7376/6013 7475/6087 7322/6010
f 7319/5789 7393/5706 7149/5731
f 6473/6438 6947/6401 6507/6448
f 7322/6010 6857/5975 6720/5920
f 6954/5911 6871/5869 6951/5843
f 6215/5871 6213/5818 7321/5849
f 6720/5920 6740/5898 6755/5857
f 7302/5813 7321/5849 7294/5798
f 6213/5818 6215/5871 6757/5865
f 6213/5818 7319/5789 7149/5731
f 6026/6470 6473/6438 6507/6448
f 6682/5751 7393/5706 7319/5789
f 7294/5798 7287/5750 7298/5770
f 6755/5857 6757/5865 6720/5920
f 6857/5975 6724/5946 6720/5920
f 6954/5911 7292/5927 6871/5869
f 7296/6160 7475/6087 6689/6113
f 6771/6254 6160/6221 6124/6296
f 7409/6102 7079/6099 7523/6162
f 7438/6354 6947/6401 6558/6408
f 6719/5971 7376/6013 6954/5911
f 6944/6103 6931/6092 6148/6131
f 6976/6059 6568/6122 6689/6113
f 6978/6074 6146/6147 7523/6162
f 7292/5927 6215/5871 6871/5869
f 6213/5818 6757/5865 7319/5789
f 6555/5729 6718/5649 7282/5636
f 7319/5789 6755/5857 6682/5751
f 7404/5545 7048/5555 7122/5599
f 6554/5708 6555/5729 7282/5636
f 6951/5843 7373/5773 7009/5851
f 6215/5871 7321/5849 6871/5869
f 7475/6087 7299/6163 7415/6085
f 7292/5927 6757/5865 6215/5871
f 6959/5892 7388/5881 7400/5967
f 6954/5911 7376/6013 7292/5927
f 6739/5902 6755/5857 6740/5898
f 7322/6010 6720/5920 7292/5927
f 7475/6087 7415/6085 7322/6010
f 6951/5843 7302/5813 7298/5770
f 7376/6013 7322/6010 7292/5927
f 7376/6013 6689/6113 7475/6087
f 7321/5849 6213/5818 6965/5816
f 7079/6099 6924/6057 6978/6074
f 6928/5915 6926/5969 6719/5971
f 6739/5902 6740/5898 6720/5920
f 7701/4404 7163/4446 7165/4447
f 5035/5587 6831/5588 5050/5498
f 6881/5442 7305/5346 6929/5364
f 6701/5413 7305/5346 6881/5442
f 4243/4834 4403/4894 3321/4809
f 4204/4983 4185/5081 4210/5026
f 7342/6681 1292/6627 7365/6668
f 7242/5056 7240/4970 7144/4924
f 6766/6566 6765/6612 1292/6627
f 1292/6627 1291/6651 7365/6668
f 1271/6672 1244/6714 7349/6689
f 7349/6689 7365/6668 1291/6651
f 1312/6729 1244/6714 1243/6715
f 1243/6715 1244/6714 1271/6672
f 1292/6627 6765/6612 1291/6651
f 1291/6651 1273/6637 1271/6672
f 1271/6672 1273/6637 1245/6619
f 7455/6531 7337/6493 7392/6557
f 1237/6706 7360/6776 2024/6675
f 7455/6531 7456/6476 7337/6493
f 1248/6652 1242/6707 1237/6706
f 2024/6675 1271/6672 1245/6619
f 1237/6706 6465/6639 1248/6652
f 7349/6689 7342/6681 7365/6668
f 6465/6639 2024/6675 7367/6598
f 7360/6776 1243/6715 2024/6675
f 7367/6598 2024/6675 1245/6619
f 5003/5167 4904/5092 5064/5220
f 6493/6597 1248/6652 6465/6639
f 1312/6729 7349/6689 1244/6714
f 1266/6416 7456/6476 7457/6520
f 1248/6652 6493/6597 6525/6609
f 2840/6484 6330/6522 6331/6524
f 1312/6729 1243/6715 7360/6776
f 7456/6476 7455/6531 7457/6520
f 6465/6639 1237/6706 2024/6675
f 1291/6651 1271/6672 7349/6689
f 6330/6522 6472/6567 7437/6552
f 1245/6619 7457/6520 7367/6598
f 7392/6557 6493/6597 7367/6598
f 7437/6552 6525/6609 6493/6597
f 6140/6397 7337/6493 7456/6476
f 6424/6599 6472/6567 6491/6554
f 6026/6470 2840/6484 6558/6408
f 6765/6612 6766/6566 1273/6637
f 6491/6554 6226/6560 6424/6599
f 6443/6658 1248/6652 6525/6609
f 6331/6524 7437/6552 7392/6557
f 6493/6597 7392/6557 7437/6552
f 6525/6609 7437/6552 6472/6567
f 6424/6599 6525/6609 6472/6567
f 2024/6675 1243/6715 1271/6672
f 6331/6524 7337/6493 2840/6484
f 6558/6408 2840/6484 6140/6397
f 6491/6554 6472/6567 6330/6522
f 7455/6531 7392/6557 7367/6598
f 6330/6522 6222/6519 6491/6554
f 2840/6484 6026/6470 6222/6519
f 6226/6560 6491/6554 6222/6519
f 1273/6637 1291/6651 6765/6612
f 2840/6484 6222/6519 6330/6522
f 7367/6598 6493/6597 6465/6639
f 7223/5144 7462/5230 5038/5187
f 7437/6552 6331/6524 6330/6522
f 6443/6658 1242/6707 1248/6652
f 2840/6484 7337/6493 6140/6397
f 7337/6493 6331/6524 7392/6557
f 7455/6531 7367/6598 7457/6520
f 3055/3979 2815/3885 3013/3929
f 3349/4048 3013/3929 3511/4009
f 7570/3820 3013/3929 2815/3885
f 3328/4056 3055/3979 3013/3929
f 3349/4048 3328/4056 3013/3929
f 7569/3771 3013/3929 7570/3820
f 3013/3929 7569/3771 3511/4009
f 3075/4082 3055/3979 3328/4056
f 3075/4082 3337/4000 3055/3979
f 5038/5187 7485/5265 5064/5220
f 4629/5066 4184/5113 4620/5117
f 7263/4895 5032/4986 7216/4907
f 7007/4271 7750/4384 7062/4312
f 5047/5543 5050/5498 6831/5588
f 4564/5170 4642/5190 4620/5117
f 5824/5478 7094/5363 7167/5370
f 2434/4763 4896/4701 2346/4731
f 7187/5283 7161/5256 7188/5193
f 7161/5256 7187/5283 7094/5363
f 7201/5391 6915/5342 7197/5409
f 6920/5358 7002/5417 7197/5409
f 7566/3932 5722/4075 3308/3998
f 6920/5358 7065/5317 7002/5417
f 6866/5448 7004/5449 7061/5343
f 7058/5361 7002/5417 7065/5317
f 7204/5463 7246/5459 7255/5396
f 7153/5493 7090/5402 7151/5469
f 6998/5338 7084/5408 6999/5298
f 6998/5338 6701/5413 7384/5406
f 4106/5340 7486/5322 7462/5230
f 7607/4726 7049/4683 5849/4629
f 6837/6249 6236/6342 6840/6245
f 6881/5442 6929/5364 7090/5402
f 6881/5442 6880/5487 6701/5413
f 6679/5214 6680/5225 6999/5298
f 4243/4834 7492/4896 4403/4894
f 4185/5081 4204/4983 4339/5031
f 7818/4281 7761/4200 7062/4312
f 6890/5454 5050/5498 7156/5398
f 4184/5113 4210/5026 4185/5081
f 7095/4829 7043/4748 6897/4839
f 5064/5220 4860/5280 5003/5167
f 5648/3693 5749/3605 5683/3677
f 5038/5187 7462/5230 7485/5265
f 7463/5162 7462/5230 7223/5144
f 7187/5283 7470/5302 7167/5370
f 7467/5264 7592/5299 7470/5302
f 4871/5306 7592/5299 7467/5264
f 6863/5553 7004/5449 6866/5448
f 7090/5402 7153/5493 7406/5488
f 6912/5709 7086/5621 6935/5697
f 7084/5408 6998/5338 7384/5406
f 7253/5472 7384/5406 6701/5413
f 2272/3697 3454/3714 7656/3666
f 7090/5402 7406/5488 6881/5442
f 7033/5803 6913/5753 6912/5709
f 6880/5487 7405/5515 6701/5413
f 7589/5274 6688/5246 6805/5160
f 4185/5081 4339/5031 4286/5102
f 6903/5812 5033/5859 6786/5880
f 4860/5280 5064/5220 6883/5310
f 7485/5265 7462/5230 7486/5322
f 5681/3469 5679/3450 5759/3499
f 7461/5261 7462/5230 7463/5162
f 4871/5306 6889/5335 7592/5299
f 7002/5417 6763/5546 7212/5470
f 7215/5510 7259/5528 7204/5463
f 7226/5535 7246/5459 7259/5528
f 7048/5555 7406/5488 7153/5493
f 7153/5493 7117/5551 7048/5555
f 7404/5545 6881/5442 7406/5488
f 4860/5280 6883/5310 7157/5366
f 7157/5366 6883/5310 7486/5322
f 5682/3772 5683/3677 7727/3720
f 5818/5480 7094/5363 5824/5478
f 5824/5478 7167/5370 7166/5432
f 7470/5302 6889/5335 6868/5375
f 7401/5369 6889/5335 4871/5306
f 6205/5663 6763/5546 6863/5553
f 7259/5528 7215/5510 7196/5566
f 4411/5154 3317/5080 4186/5046
f 7157/5366 7156/5398 4860/5280
f 4106/5340 4821/5420 7486/5322
f 6201/5682 6819/5696 6822/5767
f 5669/3840 5716/3837 5659/3757
f 7237/5418 7157/5366 7486/5322
f 5824/5478 5856/5557 5818/5480
f 6868/5375 6872/5447 7166/5432
f 7401/5369 4871/5306 7156/5398
f 7117/5551 7080/5624 7283/5629
f 7200/4369 7206/4266 7207/4317
f 7270/5596 7118/5608 7226/5535
f 4821/5420 7237/5418 7486/5322
f 6890/5454 7157/5366 7237/5418
f 6205/5663 6935/5697 7264/5635
f 7086/5621 6763/5546 7264/5635
f 7270/5596 7272/5585 7085/5619
f 7053/5692 7080/5624 7118/5608
f 3303/3904 5682/3772 5705/3829
f 7080/5624 7304/5703 7283/5629
f 7237/5418 4821/5420 6817/5516
f 5856/5557 6875/5569 6861/5628
f 6935/5697 6205/5663 6659/5752
f 5685/3363 5754/3430 4952/3458
f 6819/5696 6201/5682 6862/5625
f 7270/5596 7085/5619 7083/5678
f 6861/5628 6862/5625 5856/5557
f 6872/5447 5050/5498 5047/5543
f 6659/5752 3201/5746 6935/5697
f 6660/5766 6822/5767 6893/5856
f 6659/5752 6660/5766 7020/5815
f 7054/5718 7053/5692 6752/5669
f 6912/5709 7083/5678 7085/5619
f 5047/5543 5860/5595 6814/5611
f 6912/5709 6935/5697 3201/5746
f 6916/5810 6659/5752 7020/5815
f 6824/5772 6819/5696 5802/5672
f 6828/5644 5802/5672 6814/5611
f 6901/5768 3201/5746 6916/5810
f 7008/5733 6414/5779 7054/5718
f 7055/5763 7054/5718 6414/5779
f 6417/5808 7008/5733 6913/5753
f 6824/5772 5802/5672 5804/5732
f 5860/5595 6831/5588 6828/5644
f 6901/5768 7033/5803 6912/5709
f 3498/4207 5710/4088 5722/4075
f 6882/5858 6841/5835 6824/5772
f 6903/5812 6882/5858 6824/5772
f 6417/5808 6983/5841 6414/5779
f 6414/5779 6983/5841 7010/5807
f 7055/5763 7010/5807 7009/5851
f 6842/5868 6699/5820 7033/5803
f 4952/3458 5281/3555 5282/3492
f 4569/5674 6828/5644 6829/5618
f 6885/5702 6828/5644 4569/5674
f 7033/5803 7028/5894 6842/5868
f 6922/6009 6974/5979 6856/5935
f 6417/5808 6959/5892 6983/5841
f 6959/5892 6417/5808 7388/5881
f 7388/5881 6699/5820 6842/5868
f 4795/5728 5037/5680 5034/5640
f 4569/5674 5037/5680 5854/5725
f 5749/3605 7728/3646 5683/3677
f 6834/5939 6842/5868 7028/5894
f 5652/3603 5653/3673 5655/3629
f 6930/6076 6974/5979 6922/6009
f 6768/5968 6666/6029 6832/5921
f 6834/5939 7028/5894 6835/5974
f 6983/5841 6959/5892 7009/5851
f 5037/5680 6810/5758 5854/5725
f 4811/5842 4806/5777 4805/5814
f 7841/4752 6690/4838 6996/4677
f 7224/4229 2599/4349 7273/4324
f 6903/5812 4811/5842 5033/5859
f 4806/5777 5854/5725 6810/5758
f 6836/5906 6769/5928 6768/5968
f 6768/5968 6684/6066 6666/6029
f 6053/6038 6835/5974 7411/6031
f 6834/5939 6835/5974 6053/6038
f 6813/5795 6810/5758 4795/5728
f 6969/6053 6930/6076 6931/6092
f 6969/6053 6931/6092 7411/6031
f 6813/5795 6770/5855 4805/5814
f 6587/6165 6607/6172 7069/6097
f 6683/6134 6684/6066 6502/6083
f 7105/3774 7104/3849 7790/3759
f 6840/6245 6227/6282 7431/6214
f 6236/6342 6469/6310 6840/6245
f 6840/6245 6469/6310 6227/6282
f 6958/6373 6469/6310 6236/6342
f 6511/6356 6488/6371 6485/6435
f 6237/6418 6236/6342 6352/6432
f 6485/6435 6352/6432 6511/6356
f 7434/6352 6540/6407 6488/6371
f 6237/6418 6352/6432 6403/6473
f 6237/6418 6397/6439 6958/6373
f 6543/6375 6540/6407 7434/6352
f 6237/6418 6403/6473 6397/6439
f 6352/6432 6546/6485 6480/6486
f 6397/6439 6403/6473 6442/6514
f 6480/6486 6546/6485 6484/6533
f 6442/6514 6507/6448 6397/6439
f 6442/6514 6026/6470 6507/6448
f 6222/6519 6026/6470 6442/6514
f 1229/6600 6442/6514 6455/6631
f 6442/6514 6226/6560 6222/6519
f 1229/6600 6226/6560 6442/6514
f 1229/6600 6443/6658 6424/6599
f 6525/6609 6424/6599 6443/6658
f 7542/3872 7554/3977 3105/3955
f 7569/3771 7542/3872 3105/3955
f 3511/4009 7569/3771 3105/3955
f 4860/5280 4871/5306 7468/5194
f 5718/3723 5653/3673 5659/3757
f 7065/5317 7338/5212 7191/5284
f 6863/5553 6866/5448 5818/5480
f 5778/4063 5779/3958 7655/3933
f 7688/4045 2143/4089 2215/4017
f 7721/4001 7667/4087 7720/4034
f 7705/3924 7721/4001 53/3992
f 7688/4045 2215/4017 2231/3950
f 7672/4168 2690/4190 7512/4246
f 2240/4293 2298/4329 2259/4264
f 7501/4566 4897/4532 7234/4518
f 7688/4045 7720/4034 7667/4087
f 2291/4203 7702/4144 2244/4221
f 7512/4246 2319/4364 2345/4285
f 2231/3950 2215/4017 2154/3983
f 7667/4087 7669/4133 7672/4168
f 2298/4329 2256/4366 7678/4303
f 7189/4347 2535/4409 2458/4298
f 2143/4089 2144/4074 2215/4017
f 2215/4017 2144/4074 2154/3983
f 2278/4141 7654/4005 2219/4023
f 2535/4409 2474/4456 2475/4375
f 897/7134 925/7193 896/7133
f 898/7140 901/7086 896/7133
f 901/7086 895/7072 896/7133
f 897/7134 895/7072 884/7053
f 901/7086 927/7023 895/7072
f 910/6994 884/7053 895/7072
f 927/7023 910/6994 895/7072
f 883/6951 884/7053 891/6958
f 884/7053 887/6959 891/6958
f 884/7053 910/6994 887/6959
f 927/7023 914/6950 910/6994
f 917/6883 883/6951 891/6958
f 891/6958 916/6870 917/6883
f 884/7053 885/7061 897/7134
f 916/6870 887/6959 909/6910
f 916/6870 5929/6804 917/6883
f 916/6870 909/6910 919/6833
f 909/6910 6396/6849 919/6833
f 919/6833 6396/6849 908/6772
f 6089/6759 906/6764 916/6870
f 883/6951 862/6885 881/6981
f 6089/6759 919/6833 908/6772
f 6089/6759 5944/6679 906/6764
f 5945/6661 5944/6679 6089/6759
f 6596/6286 5962/6298 7434/6352
f 6061/6607 5944/6679 6062/6586
f 5945/6661 5975/6592 5944/6679
f 6344/6677 5956/6596 5945/6661
f 896/7133 895/7072 897/7134
f 5975/6592 6062/6586 5944/6679
f 5523/6545 6062/6586 889/6498
f 5898/6368 890/6457 889/6498
f 6438/6425 5972/6517 5959/6525
f 909/6910 910/6994 914/6950
f 5975/6592 5945/6661 5956/6596
f 891/6958 887/6959 916/6870
f 6685/6208 6047/6157 6050/6140
f 6438/6425 5918/6436 5972/6517
f 5975/6592 889/6498 6062/6586
f 5945/6661 6089/6759 6344/6677
f 890/6457 5523/6545 889/6498
f 6485/6435 6540/6407 5994/6469
f 881/6981 885/7061 884/7053
f 889/6498 5975/6592 5972/6517
f 5956/6596 5959/6525 5972/6517
f 5975/6592 5956/6596 5972/6517
f 6731/6027 6727/6084 6502/6083
f 881/6981 884/7053 883/6951
f 5918/6436 6438/6425 5880/6382
f 6628/6345 6621/6337 5880/6382
f 916/6870 919/6833 6089/6759
f 5961/6281 6685/6208 7433/6265
f 6050/6140 6047/6157 6502/6083
f 5959/6525 5994/6469 6438/6425
f 5898/6368 5918/6436 5880/6382
f 6047/6157 6683/6134 6502/6083
f 7433/6265 6621/6337 6628/6345
f 6047/6157 6569/6210 6683/6134
f 6621/6337 5898/6368 5880/6382
f 6502/6083 4875/6000 6731/6027
f 6628/6345 6543/6375 5967/6329
f 908/6772 6344/6677 6089/6759
f 6438/6425 6628/6345 5880/6382
f 6050/6140 6502/6083 6727/6084
f 5523/6545 6061/6607 6062/6586
f 6047/6157 6685/6208 6569/6210
f 889/6498 5972/6517 5918/6436
f 893/7049 885/7061 881/6981
f 6543/6375 7434/6352 5967/6329
f 5962/6298 6596/6286 6569/6210
f 5962/6298 5967/6329 7434/6352
f 6396/6849 909/6910 914/6950
f 5918/6436 5898/6368 889/6498
f 909/6910 887/6959 910/6994
f 6438/6425 6540/6407 6543/6375
f 916/6870 906/6764 5929/6804
f 5961/6281 6628/6345 5967/6329
f 5961/6281 7433/6265 6628/6345
f 5967/6329 5962/6298 5961/6281
f 6438/6425 6543/6375 6628/6345
f 5961/6281 6569/6210 6685/6208
f 6438/6425 5994/6469 6540/6407
f 5962/6298 6569/6210 5961/6281
f 4579/5658 5034/5640 3001/5589
f 5183/5574 5034/5640 5035/5587
f 5035/5587 5056/5517 5183/5574
f 5056/5517 3001/5589 5183/5574
f 5034/5640 5183/5574 3001/5589
f 5034/5640 4579/5658 4795/5728
f 6076/6261 6198/6168 6134/6275
f 5674/6440 5591/6347 5668/6324
f 6134/6275 5627/6203 5630/6228
f 5591/6347 5634/6291 5668/6324
f 6198/6168 5627/6203 6134/6275
f 5591/6347 6134/6275 5630/6228
f 5634/6291 6098/6237 5668/6324
f 5899/6128 6198/6168 6076/6261
f 5634/6291 5591/6347 5630/6228
f 5634/6291 5630/6228 6098/6237
f 2707/3686 7551/3727 2986/3750
f 7551/3727 7576/3801 2986/3750
f 7576/3801 2844/3781 2986/3750
f 2986/3750 2844/3781 2707/3686
f 7232/4479 7501/4566 7234/4518
f 2079/3878 2231/3950 2154/3983
f 5001/4117 2454/4211 7665/4241
f 7688/4045 2200/4125 2143/4089
f 2219/4023 7703/4085 2278/4141
f 7688/4045 53/3992 7720/4034
f 908/6772 2870/6686 6344/6677
f 6344/6677 2870/6686 918/6610
f 2870/6686 908/6772 6391/6756
f 918/6610 5956/6596 6344/6677
f 918/6610 2870/6686 5985/6640
f 918/6610 5959/6525 5956/6596
f 5985/6640 900/6608 6412/6588
f 918/6610 5985/6640 6412/6588
f 6358/6542 6412/6588 900/6608
f 6485/6435 6006/6491 6546/6485
f 5959/6525 6357/6535 5994/6469
f 6391/6756 5989/6693 2870/6686
f 6357/6535 6006/6491 5994/6469
f 6357/6535 918/6610 6412/6588
f 5994/6469 6006/6491 6485/6435
f 6358/6542 6357/6535 6412/6588
f 6546/6485 6358/6542 6484/6533
f 6546/6485 6006/6491 6358/6542
f 6357/6535 5959/6525 918/6610
f 2870/6686 5989/6693 5985/6640
f 6358/6542 6006/6491 6357/6535
f 2278/4141 2291/4203 2216/4277
f 2363/4226 7189/4347 2458/4298
f 2143/4089 7684/4143 2144/4074
f 7703/4085 2154/3983 2144/4074
f 7396/4398 2216/4277 7520/4385
f 7672/4168 2200/4125 7667/4087
f 7721/4001 7669/4133 7667/4087
f 2240/4293 2259/4264 7685/4197
f 2154/3983 2218/3939 2079/3878
f 2526/4002 7651/4039 2505/3948
f 7647/3916 7643/3848 2218/3939
f 7672/4168 7507/4177 2200/4125
f 2481/4097 7651/4039 2526/4002
f 7703/4085 2144/4074 7702/4144
f 7703/4085 2219/4023 2154/3983
f 2231/3950 53/3992 7688/4045
f 2477/4181 2454/4211 2519/4101
f 7647/3916 7654/4005 2527/3952
f 7506/4227 2345/4285 2240/4293
f 2218/3939 7643/3848 2079/3878
f 2689/4204 2319/4364 7512/4246
f 2451/4363 2449/4367 7666/4273
f 7667/4087 2200/4125 7688/4045
f 2219/4023 2218/3939 2154/3983
f 7654/4005 2481/4097 2526/4002
f 7231/4605 7230/4650 7501/4566
f 7684/4143 7702/4144 2144/4074
f 2200/4125 7685/4197 7684/4143
f 7507/4177 7685/4197 2200/4125
f 2269/3868 7643/3848 7647/3916
f 7189/4347 2363/4226 2449/4367
f 7506/4227 7507/4177 7672/4168
f 7669/4133 2690/4190 7672/4168
f 7672/4168 7512/4246 7506/4227
f 2290/4297 2244/4221 7678/4303
f 920/7025 903/7005 928/7094
f 928/7094 1215/7115 920/7025
f 2278/4141 7703/4085 2275/4138
f 2519/4101 7651/4039 2481/4097
f 3719/4483 2624/4602 2280/4568
f 914/6950 903/7005 913/6926
f 929/7104 898/7140 930/7141
f 913/6926 911/6895 904/6882
f 905/7064 901/7086 929/7104
f 930/7141 898/7140 7420/7188
f 907/6825 1227/6813 6391/6756
f 7230/4650 7500/4585 7501/4566
f 7703/4085 7702/4144 2275/4138
f 929/7104 930/7141 928/7094
f 928/7094 935/7162 1215/7115
f 53/3992 7721/4001 7720/4034
f 930/7141 935/7162 928/7094
f 928/7094 905/7064 929/7104
f 904/6882 902/6861 913/6926
f 2219/4023 7654/4005 2218/3939
f 905/7064 903/7005 927/7023
f 915/6878 6396/6849 914/6950
f 903/7005 914/6950 927/7023
f 1227/6813 907/6825 902/6861
f 929/7104 901/7086 898/7140
f 901/7086 905/7064 927/7023
f 904/6882 911/6895 1227/6813
f 915/6878 902/6861 907/6825
f 903/7005 920/7025 912/6970
f 908/6772 6396/6849 907/6825
f 902/6861 904/6882 1227/6813
f 902/6861 915/6878 913/6926
f 2291/4203 2290/4297 2216/4277
f 912/6970 913/6926 903/7005
f 914/6950 913/6926 915/6878
f 6396/6849 915/6878 907/6825
f 912/6970 911/6895 913/6926
f 6391/6756 908/6772 907/6825
f 903/7005 905/7064 928/7094
f 4961/3665 4996/3678 4964/3650
f 4964/3650 4996/3678 4982/3642
f 4964/3650 7692/3613 4961/3665
f 7692/3613 7671/3655 4961/3665
f 3325/3596 4982/3642 5737/3634
f 4964/3650 4982/3642 2634/3595
f 4982/3642 3325/3596 2634/3595
f 2695/3586 5738/3551 3325/3596
f 2640/3584 7671/3655 2693/3574
f 2693/3574 7640/3497 2640/3584
f 7692/3613 2634/3595 7620/3561
f 7692/3613 7620/3561 2693/3574
f 2695/3586 2600/3537 5738/3551
f 7692/3613 4964/3650 2634/3595
f 5739/3532 7620/3561 2634/3595
f 2693/3574 7620/3561 2687/3513
f 2695/3586 5687/3565 2600/3537
f 2256/4366 7520/4385 2290/4297
f 7640/3497 2687/3513 5807/3453
f 5738/3551 5059/3519 5739/3532
f 5687/3565 5689/3509 2600/3537
f 4987/3442 7640/3497 1674/3424
f 3309/4481 4897/4532 7500/4585
f 5807/3453 1674/3424 7640/3497
f 3414/3485 5739/3532 5059/3519
f 5738/3551 2600/3537 5059/3519
f 2687/3513 7620/3561 5739/3532
f 3414/3485 2600/3537 5692/3489
f 7684/4143 2244/4221 7702/4144
f 7506/4227 7685/4197 7507/4177
f 2345/4285 7506/4227 7512/4246
f 4991/3460 5689/3509 11/3438
f 4991/3460 11/3438 5039/3416
f 2291/4203 2275/4138 7702/4144
f 2218/3939 7654/4005 7647/3916
f 2259/4264 2244/4221 7685/4197
f 4991/3460 5152/3432 5692/3489
f 53/3992 2231/3950 7705/3924
f 5152/3432 5807/3453 3414/3485
f 3611/3399 5152/3432 5041/3406
f 2695/3586 3325/3596 5737/3634
f 5760/4290 7665/4241 2454/4211
f 5692/3489 2600/3537 5689/3509
f 2287/4461 3719/4483 2294/4380
f 5039/3416 5043/3385 5041/3406
f 2672/3467 7640/3497 4987/3442
f 2634/3595 5738/3551 5739/3532
f 5041/3406 5152/3432 4991/3460
f 2240/4293 7685/4197 7506/4227
f 7654/4005 2526/4002 2527/3952
f 2278/4141 2275/4138 2291/4203
f 2481/4097 7654/4005 2278/4141
f 7685/4197 2244/4221 7684/4143
f 2269/3868 7647/3916 2527/3952
f 7658/4420 3719/4483 7499/4498
f 2291/4203 2244/4221 2290/4297
f 5692/3489 5152/3432 3414/3485
f 2244/4221 2259/4264 7678/4303
f 2475/4375 2470/4387 2456/4307
f 2345/4285 2319/4364 2335/4361
f 2693/3574 7671/3655 7692/3613
f 2481/4097 2278/4141 2363/4226
f 11/3438 5947/3389 2593/3402
f 3929/4592 2280/4568 2440/4656
f 2269/3868 2527/3952 2505/3948
f 2634/3595 3325/3596 5738/3551
f 5807/3453 2687/3513 5739/3532
f 5043/3385 5039/3416 2593/3402
f 2298/4329 7678/4303 2259/4264
f 2240/4293 2335/4361 2294/4380
f 2449/4367 7190/4403 7189/4347
f 7666/4273 2216/4277 2451/4363
f 3414/3485 5807/3453 5739/3532
f 5760/4290 2456/4307 2470/4387
f 7666/4273 2278/4141 2216/4277
f 7666/4273 2363/4226 2278/4141
f 2687/3513 7640/3497 2693/3574
f 2363/4226 2477/4181 2481/4097
f 5039/3416 11/3438 2593/3402
f 2505/3948 2527/3952 2526/4002
f 5692/3489 5689/3509 4991/3460
f 2143/4089 2200/4125 7684/4143
f 5041/3406 4991/3460 5039/3416
f 5059/3519 2600/3537 3414/3485
f 7678/4303 2256/4366 2290/4297
f 2216/4277 2290/4297 7520/4385
f 7669/4133 2689/4204 2690/4190
f 2298/4329 2294/4380 2301/4388
f 2240/4293 2294/4380 2298/4329
f 4897/4532 3309/4481 7234/4518
f 5807/3453 5152/3432 3611/3399
f 2294/4380 2335/4361 2287/4461
f 2345/4285 2335/4361 2240/4293
f 2449/4367 2363/4226 7666/4273
f 2535/4409 7190/4403 3309/4481
f 2477/4181 2363/4226 2458/4298
f 3309/4481 2488/4542 2535/4409
f 2481/4097 2477/4181 2519/4101
f 2256/4366 2298/4329 2301/4388
f 2689/4204 7512/4246 2690/4190
f 7396/4398 2451/4363 2216/4277
f 2458/4298 2454/4211 2477/4181
f 2519/4101 2461/4035 7651/4039
f 7232/4479 7498/4463 3931/4529
f 2505/3948 7651/4039 2461/4035
f 3929/4592 7231/4605 3931/4529
f 7658/4420 7520/4385 2256/4366
f 5162/5840 3764/5778 5042/5740
f 3764/5778 5045/5655 5042/5740
f 5162/5840 5042/5740 5108/5749
f 5042/5740 5045/5655 5098/5673
f 4566/5590 5098/5673 5045/5655
f 5108/5749 5042/5740 5098/5673
f 4970/5610 5098/5673 4566/5590
f 4970/5610 4519/5694 5098/5673
f 5098/5673 4519/5694 5108/5749
f 7232/4479 7234/4518 3309/4481
f 7396/4398 7520/4385 7498/4463
f 7658/4420 2256/4366 2301/4388
f 3719/4483 2301/4388 2294/4380
f 7499/4498 7659/4449 7658/4420
f 7396/4398 7232/4479 2451/4363
f 2470/4387 7665/4241 5760/4290
f 3931/4529 7499/4498 3929/4592
f 2451/4363 7232/4479 2449/4367
f 2458/4298 2456/4307 2454/4211
f 2519/4101 2454/4211 5001/4117
f 5001/4117 2461/4035 2519/4101
f 3931/4529 7231/4605 7232/4479
f 2280/4568 3929/4592 7499/4498
f 7659/4449 7520/4385 7658/4420
f 7396/4398 7498/4463 7232/4479
f 7520/4385 7659/4449 7498/4463
f 3719/4483 7658/4420 2301/4388
f 2449/4367 7232/4479 3309/4481
f 2449/4367 3309/4481 7190/4403
f 7190/4403 2535/4409 7189/4347
f 2475/4375 2458/4298 2535/4409
f 5760/4290 2454/4211 2456/4307
f 3929/4592 2346/4731 7231/4605
f 2475/4375 2456/4307 2458/4298
f 7499/4498 7498/4463 7659/4449
f 7498/4463 7499/4498 3931/4529
f 7499/4498 3719/4483 2280/4568
f 2475/4375 2474/4456 2470/4387
f 2474/4456 2535/4409 2488/4542
f 7232/4479 7231/4605 7501/4566
f 3309/4481 7500/4585 2488/4542
f 2624/4602 2440/4656 2280/4568
f 7501/4566 7500/4585 4897/4532
f 3929/4592 2440/4656 2346/4731
f 3078/4616 3104/4545 2241/4647
f 3075/4082 3328/4056 3351/4139
f 3347/4374 2982/4512 3375/4333
f 3375/4333 3384/4213 3372/4184
f 3078/4616 3297/4474 3104/4545
f 3024/4667 2121/4698 2628/4562
f 3024/4667 2982/4512 3040/4696
f 7683/3614 7621/3493 2719/3619
f 3363/4110 3349/4048 3511/4009
f 3347/4374 3375/4333 2723/4235
f 2243/4744 2711/4720 2714/4825
f 3078/4616 3666/4577 3034/4500
f 2121/4698 3002/4788 2105/4875
f 3043/4531 3142/4480 3419/4306
f 3105/3955 3510/4022 3511/4009
f 2284/3964 7660/3962 7679/3855
f 3372/4184 3384/4213 3363/4110
f 3043/4531 3534/4378 3045/4493
f 3346/4344 3384/4213 3375/4333
f 7683/3614 7690/3636 7691/3557
f 2770/4832 3024/4667 3040/4696
f 2735/4069 3066/4136 189/4047
f 2721/3649 7619/3383 7605/3711
f 2844/3781 2963/3870 7679/3855
f 3068/4084 3337/4000 3075/4082
f 3046/3894 7576/3801 7530/3813
f 2230/3828 2696/3722 7711/3811
f 2135/4853 3290/4860 2124/4710
f 3065/4477 3024/4667 2628/4562
f 7691/3557 2699/3624 1688/3567
f 3368/4286 3291/4170 3097/4260
f 2951/3893 3497/4114 3523/4080
f 7683/3614 7691/3557 7621/3493
f 3497/4114 2723/4235 3372/4184
f 2702/3393 7691/3557 1688/3567
f 3689/4734 2096/4808 2405/4711
f 2696/3722 2228/3769 7539/3690
f 1688/3567 4986/3545 1736/3413
f 3368/4286 3491/4401 3358/4299
f 2230/3828 2228/3769 2696/3722
f 2627/4444 3346/4344 3065/4477
f 2982/4512 3142/4480 3140/4621
f 2982/4512 3140/4621 3040/4696
f 3448/4284 3534/4378 3519/4244
f 3300/4079 189/4047 3066/4136
f 2284/3964 189/4047 3039/4013
f 2096/4808 2098/4854 2405/4711
f 3363/4110 3351/4139 3328/4056
f 2243/4744 2124/4710 3078/4616
f 2241/4647 2243/4744 3078/4616
f 7530/3813 2815/3885 3046/3894
f 3519/4244 3520/4173 3448/4284
f 2951/3893 3523/4080 7579/4015
f 3519/4244 3526/4104 3520/4173
f 3419/4306 3497/4114 3526/4104
f 3347/4374 3142/4480 2982/4512
f 3075/4082 3291/4170 3068/4084
f 3376/4439 2989/4575 3104/4545
f 3368/4286 7518/4179 3291/4170
f 3055/3979 3337/4000 3336/3917
f 7518/4179 3066/4136 2735/4069
f 2627/4444 2628/4562 2989/4575
f 2770/4832 3040/4696 3080/4793
f 2627/4444 3097/4260 3346/4344
f 2121/4698 2105/4875 2711/4720
f 3497/4114 3372/4184 3523/4080
f 1927/4868 2163/4821 1853/4876
f 3109/4805 2770/4832 7578/4889
f 3065/4477 2982/4512 3024/4667
f 7530/3813 7576/3801 7551/3727
f 3337/4000 3068/4084 7516/3973
f 3075/4082 3097/4260 3291/4170
f 4986/3545 2672/3467 1736/3413
f 2702/3393 2569/3360 7691/3557
f 7596/3376 2707/3686 7619/3383
f 7691/3557 2569/3360 7621/3493
f 1688/3567 1736/3413 2702/3393
f 3336/3917 2990/3908 7576/3801
f 2706/3369 7619/3383 2719/3619
f 2194/3482 2707/3686 7596/3376
f 2707/3686 7605/3711 7619/3383
f 2706/3369 7621/3493 2569/3360
f 2928/3927 3409/4365 3448/4284
f 7621/3493 2706/3369 2719/3619
f 7619/3383 2721/3649 2719/3619
f 2707/3686 2194/3482 7551/3727
f 7691/3557 7690/3636 2699/3624
f 2696/3722 2719/3619 2721/3649
f 3689/4734 3290/4860 1853/4876
f 7605/3711 2696/3722 2721/3649
f 3375/4333 3065/4477 3346/4344
f 7683/3614 2719/3619 7539/3690
f 7670/3668 7690/3636 7683/3614
f 7516/3973 2963/3870 2990/3908
f 7539/3690 2719/3619 2696/3722
f 7539/3690 7670/3668 7683/3614
f 3039/4013 189/4047 3300/4079
f 2723/4235 3375/4333 3372/4184
f 7530/3813 7570/3820 2815/3885
f 3235/4245 3273/4182 3066/4136
f 3526/4104 3497/4114 2951/3893
f 7576/3801 3046/3894 3336/3917
f 3046/3894 2815/3885 3055/3979
f 3336/3917 3046/3894 3055/3979
f 3336/3917 3337/4000 2990/3908
f 7576/3801 2990/3908 2963/3870
f 2989/4575 3376/4439 2627/4444
f 2990/3908 3337/4000 7516/3973
f 2963/3870 2844/3781 7576/3801
f 3065/4477 2628/4562 2627/4444
f 3002/4788 3109/4805 7578/4889
f 7516/3973 2284/3964 2963/3870
f 7516/3973 3068/4084 2735/4069
f 7679/3855 2963/3870 2284/3964
f 3368/4286 3358/4299 7518/4179
f 2735/4069 3068/4084 7518/4179
f 3291/4170 7518/4179 3068/4084
f 2284/3964 3039/4013 7660/3962
f 7681/3971 7679/3855 7660/3962
f 3097/4260 3075/4082 3351/4139
f 3235/4245 3066/4136 7518/4179
f 3039/4013 2314/4051 7660/3962
f 3384/4213 3097/4260 3351/4139
f 3376/4439 3368/4286 3097/4260
f 2284/3964 2735/4069 189/4047
f 7518/4179 3358/4299 3235/4245
f 3039/4013 3300/4079 2314/4051
f 7554/3977 2951/3893 7579/4015
f 2696/3722 7605/3711 7711/3811
f 3384/4213 3346/4344 3097/4260
f 3351/4139 3363/4110 3384/4213
f 3376/4439 3097/4260 2627/4444
f 3491/4401 3368/4286 3376/4439
f 3066/4136 3273/4182 3300/4079
f 930/7141 1358/7182 935/7162
f 3621/4392 3235/4245 3358/4299
f 2314/4051 3300/4079 7514/4103
f 7579/4015 3105/3955 7554/3977
f 2314/4051 7681/3971 7660/3962
f 7527/4059 3526/4104 2951/3893
f 3491/4401 3621/4392 3358/4299
f 3363/4110 3328/4056 3349/4048
f 3297/4474 3491/4401 3376/4439
f 2723/4235 3497/4114 3419/4306
f 3273/4182 7514/4103 3300/4079
f 7579/4015 3523/4080 3510/4022
f 7579/4015 3510/4022 3105/3955
f 7527/4059 3520/4173 3526/4104
f 3491/4401 3297/4474 3621/4392
f 3523/4080 3372/4184 3363/4110
f 3376/4439 3104/4545 3297/4474
f 3510/4022 3523/4080 3511/4009
f 7527/4059 3461/4150 3520/4173
f 3621/4392 3297/4474 3034/4500
f 932/7199 7420/7188 7233/7167
f 3511/4009 3523/4080 3363/4110
f 2982/4512 3065/4477 3375/4333
f 2628/4562 2121/4698 2989/4575
f 7420/7188 1358/7182 930/7141
f 2989/4575 2241/4647 3104/4545
f 3419/4306 3526/4104 3519/4244
f 3520/4173 3461/4150 3448/4284
f 2928/3927 3448/4284 3461/4150
f 3034/4500 3297/4474 3078/4616
f 2989/4575 2121/4698 2711/4720
f 2711/4720 2241/4647 2989/4575
f 3419/4306 3347/4374 2723/4235
f 3534/4378 3419/4306 3519/4244
f 3024/4667 3002/4788 2121/4698
f 2241/4647 2711/4720 2243/4744
f 3142/4480 3347/4374 3419/4306
f 3534/4378 3043/4531 3419/4306
f 3045/4493 3534/4378 3448/4284
f 3409/4365 3045/4493 3448/4284
f 3078/4616 2124/4710 3666/4577
f 898/7140 7233/7167 7420/7188
f 3024/4667 3109/4805 3002/4788
f 2714/4825 2711/4720 2105/4875
f 2124/4710 2233/4561 3666/4577
f 3140/4621 3080/4793 3040/4696
f 3109/4805 3024/4667 2770/4832
f 3043/4531 3140/4621 3142/4480
f 3002/4788 7578/4889 2105/4875
f 2714/4825 2135/4853 2243/4744
f 2124/4710 2243/4744 2135/4853
f 3148/4642 3043/4531 3045/4493
f 1914/4645 2233/4561 2124/4710
f 3080/4793 3140/4621 2886/4654
f 3140/4621 3043/4531 2886/4654
f 3148/4642 2886/4654 3043/4531
f 2124/4710 3689/4734 1914/4645
f 1914/4645 3565/4576 2233/4561
f 3290/4860 3689/4734 2124/4710
f 3689/4734 3565/4576 1914/4645
f 3689/4734 2405/4711 3565/4576
f 2163/4821 3689/4734 1853/4876
f 2163/4821 2096/4808 3689/4734
f 2096/4808 2163/4821 1927/4868
f 1927/4868 2098/4854 2096/4808
f 7516/3973 2735/4069 2284/3964
f 8183/8285 8112/8285 8136/8285
f 8183/8285 8136/8285 8130/8285
f 8183/8285 8130/8285 8129/8285
f 8183/8285 8129/8285 8137/8285
f 8183/8285 8137/8285 8123/8285
f 8183/8285 8123/8285 8113/8285
f 8183/8285 8113/8285 8112/8285
f 8184/8285 8084/8285 8088/8285
f 8184/8285 8088/8285 8099/8285
f 8184/8285 8099/8285 8086/8285
f 8184/8285 8086/8285 8081/8285
f 8184/8285 8081/8285 8082/8285
f 8184/8285 8082/8285 8087/8285
f 8184/8285 8087/8285 8092/8285
f 8184/8285 8092/8285 8091/8285
f 8184/8285 8091/8285 8089/8285
f 8184/8285 8089/8285 8090/8285
f 8184/8285 8090/8285 8077/8285
f 8184/8285 8077/8285 8076/8285
f 8184/8285 8076/8285 8124/8285
f 8184/8285 8124/8285 8127/8285
f 8184/8285 8127/8285 8096/8285
f 8184/8285 8096/8285 8095/8285
f 8184/8285 8095/8285 8128/8285
f 8184/8285 8128/8285 8116/8285
f 8184/8285 8116/8285 8106/8285
f 8184/8285 8106/8285 8103/8285
f 8184/8285 8103/8285 8102/8285
f 8184/8285 8102/8285 8146/8285
f 8184/8285 8146/8285 8147/8285
f 8184/8285 8147/8285 8138/8285
f 8184/8285 8138/8285 8139/8285
f 8184/8285 8139/8285 8142/8285
f 8184/8285 8142/8285 8140/8285
f 8184/8285 8140/8285 8141/8285
f 8184/8285 8141/8285 8163/8285
f 8184/8285 8163/8285 8162/8285
f 8184/8285 8162/8285 8164/8285
f 8184/8285 8164/8285 8169/8285
f 8184/8285 8169/8285 8168/8285
f 8184/8285 8168/8285 8167/8285
f 8184/8285 8167/8285 8170/8285
f 8184/8285 8170/8285 8165/8285
f 8184/8285 8165/8285 8166/8285
f 8184/8285 8166/8285 8171/8285
f 8184/8285 8171/8285 8172/8285
f 8184/8285 8172/8285 8179/8285
f 8184/8285 8179/8285 8178/8285
f 8184/8285 8178/8285 8177/8285
f 8184/8285 8177/8285 8176/8285
f 8184/8285 8176/8285 8173/8285
f 8184/8285 8173/8285 8174/8285
f 8184/8285 8174/8285 8180/8285
f 8184/8285 8180/8285 8181/8285
f 8184/8285 8181/8285 8182/8285
f 8184/8285 8182/8285 8175/8285
f 8184/8285 8175/8285 8150/8285
f 8184/8285 8150/8285 8149/8285
f 8184/8285 8149/8285 8148/8285
f 8184/8285 8148/8285 8144/8285
f 8184/8285 8144/8285 8143/8285
f 8184/8285 8143/8285 8145/8285
f 8184/8285 8145/8285 8151/8285
f 8184/8285 8151/8285 8161/8285
f 8184/8285 8161/8285 8097/8285
f 8184/8285 8097/8285 8098/8285
f 8184/8285 8098/8285 8159/8285
f 8184/8285 8159/8285 8160/8285
f 8184/8285 8160/8285 8114/8285
f 8184/8285 8114/8285 8115/8285
f 8184/8285 8115/8285 8104/8285
f 8184/8285 8104/8285 8105/8285
f 8184/8285 8105/8285 8158/8285
f 8184/8285 8158/8285 8156/8285
f 8184/8285 8156/8285 8157/8285
f 8184/8285 8157/8285 8101/8285
f 8184/8285 8101/8285 8100/8285
f 8184/8285 8100/8285 8154/8285
f 8184/8285 8154/8285 8155/8285
f 8184/8285 8155/8285 8135/8285
f 8184/8285 8135/8285 8134/8285
f 8184/8285 8134/8285 8152/8285
f 8184/8285 8152/8285 8093/8285
f 8184/8285 8093/8285 8094/8285
f 8184/8285 8094/8285 8122/8285
f 8184/8285 8122/8285 8119/8285
f 8184/8285 8119/8285 8120/8285
f 8184/8285 8120/8285 8125/8285
f 8184/8285 8125/8285 8126/8285
f 8184/8285 8126/8285 8107/8285
f 8184/8285 8107/8285 8108/8285
f 8184/8285 8108/8285 8085/8285
f 8184/8285 8085/8285 8084/8285
f 8185/8285 8080/8285 8078/8285
f 8185/8285 8083/8285 8080/8285
f 8185/8285 8153/8285 8083/8285
f 8185/8285 8121/8285 8153/8285
f 8185/8285 8117/8285 8121/8285
f 8185/8285 8118/8285 8117/8285
f 8185/8285 8074/8285 8118/8285
f 8185/8285 8075/8285 8074/8285
f 8185/8285 8079/8285 8075/8285
f 8185/8285 8078/8285 8079/8285
f 8186/8285 8133/8285 8132/8285
f 8186/8285 8110/8285 8133/8285
f 8186/8285 8109/8285 8110/8285
f 8186/8285 8111/8285 8109/8285
f 8186/8285 8131/8285 8111/8285
f 8186/8285 8132/8285 8131/8285
