mtllib textured.mtl
usemtl material0
v -0.024736 -0.001342 -0.025955
v -0.024624 0.000709 -0.027435
v 0.007104 -0.024282 -0.002235
v 0.012067 -0.021084 0.037874
v -0.024588 -0.004713 -0.019337
v 0.009527 0.004836 0.038773
v -0.011354 -0.019484 -0.039576
v -0.010520 -0.018423 -0.040068
v -0.011747 -0.018686 -0.039999
v -0.018591 -0.006143 -0.039971
v -0.019376 -0.008717 -0.039869
v -0.018768 -0.007802 -0.039696
v -0.007293 -0.020264 -0.039974
v -0.012753 0.000532 -0.040102
v -0.009290 -0.000214 -0.040044
v -0.012010 -0.006607 -0.040126
v -0.011558 -0.003212 -0.040037
v 0.005321 0.001299 -0.040493
v 0.007856 0.000550 -0.040532
v -0.003459 0.001926 -0.040127
v -0.008371 -0.003340 -0.040123
v -0.002710 0.019960 -0.040236
v -0.000568 0.011365 -0.040049
v 0.010273 0.005660 -0.040538
v 0.002428 0.010345 -0.040284
v 0.012308 0.001688 -0.040747
v 0.009471 0.001859 -0.040559
v 0.004354 0.007976 -0.040398
v 0.009469 0.012272 -0.040781
v 0.008643 0.011037 -0.040661
v 0.008062 0.011812 -0.040489
v 0.007146 0.012657 -0.040589
v 0.007033 0.007143 -0.040453
v 0.009925 0.007904 -0.040714
v 0.008181 0.009377 -0.040539
v 0.010839 0.010413 -0.040566
v -0.020721 -0.013772 0.006488
v 0.012787 0.009103 -0.040754
v 0.012926 0.006978 -0.040786
v 0.012873 0.017126 -0.039677
v 0.014280 0.018737 -0.038060
v 0.007096 0.010683 -0.040393
v 0.008188 0.004234 -0.040445
v 0.008034 0.005933 -0.040696
v 0.008778 0.003083 -0.040613
v 0.010180 0.003697 -0.040707
v 0.005076 0.006635 -0.040661
v 0.006748 -0.000172 -0.040559
v 0.012258 0.004741 -0.040676
v 0.002815 0.008329 -0.040608
v -0.012311 0.005689 -0.040272
v 0.014151 0.005502 -0.040739
v -0.006612 -0.024679 -0.030853
v -0.024324 -0.009241 -0.027937
v 0.015052 0.016207 -0.039099
v -0.017694 -0.008519 -0.039964
v 0.016963 0.015111 -0.038355
v -0.007834 0.002163 -0.040043
v -0.013572 0.005482 -0.040113
v 0.004109 0.025180 0.026546
v 0.009463 0.023737 0.023944
v 0.011775 0.021770 0.024986
v 0.020468 0.015871 0.036059
v 0.020245 0.015406 0.037195
v 0.010085 0.023522 0.034830
v 0.013839 0.021064 0.023478
v 0.014420 0.021358 0.037652
v 0.014459 0.021145 0.036418
v 0.013071 0.021380 0.024557
v 0.017243 0.018089 0.018386
v 0.016019 0.019588 0.026452
v 0.016735 0.019163 0.024208
v 0.016148 0.019023 0.019744
v 0.016556 0.019243 0.028910
v 0.013800 0.020391 0.017909
v 0.015468 0.020138 0.024966
v 0.017570 0.018372 0.022421
v 0.014192 0.021320 0.035273
v 0.010995 0.022660 0.028626
v 0.014248 0.020774 0.033740
v 0.016567 0.019016 0.035222
v 0.009995 0.022437 0.013919
v 0.011216 0.023047 0.037800
v -0.023570 -0.009800 -0.014570
v 0.011831 0.020698 0.039397
v 0.005724 0.024858 0.032067
v 0.009871 0.023296 0.025407
v 0.010294 0.023107 0.032373
v 0.009651 0.022843 0.007831
v 0.006883 0.005711 0.038980
v 0.005604 0.009803 0.039066
v -0.023135 0.009886 0.009833
v 0.012968 0.005437 0.039258
v 0.008894 0.008461 0.039118
v 0.008375 0.010670 0.038938
v 0.007897 0.023599 0.008556
v 0.008102 0.012456 0.038844
v 0.006550 0.010600 0.039161
v 0.007283 0.009346 0.038992
v 0.015044 0.020405 0.035793
v 0.007462 0.024383 0.034938
v 0.019346 0.015605 0.037956
v -0.014472 0.017539 -0.039514
v -0.010524 0.018437 -0.040417
v -0.009397 0.021272 -0.039113
v -0.012787 0.020417 -0.038122
v 0.020608 0.015125 0.034131
v 0.019809 0.014952 0.019257
v 0.014512 0.020857 0.029087
v 0.015812 0.020211 0.036686
v 0.017176 0.018041 0.020418
v 0.017035 0.018030 0.009037
v 0.017232 0.017638 0.010692
v 0.010458 0.023527 0.036559
v 0.015023 0.019602 0.018930
v 0.009941 0.023912 0.038081
v 0.008482 0.024271 0.036017
v 0.013022 0.022178 0.034293
v 0.009530 0.023440 0.033337
v 0.008883 0.024329 0.034482
v 0.006937 0.023968 0.038515
v 0.007565 0.024106 0.031173
v 0.011434 0.021589 0.038973
v 0.010816 0.020619 0.039564
v 0.005532 0.023804 0.016324
v 0.007369 0.018857 0.039946
v 0.004860 0.019047 0.040132
v 0.018158 0.015539 0.038883
v 0.005984 0.023630 0.038746
v 0.017150 0.018805 0.036927
v 0.005969 0.022580 0.039489
v 0.012643 0.022246 0.036506
v 0.007839 0.024490 0.033171
v 0.015420 0.020100 0.028538
v 0.011274 0.022507 0.038489
v 0.010252 0.022982 0.038711
v 0.011389 0.019336 0.039866
v 0.005863 0.023980 0.020349
v 0.023257 -0.009254 0.020345
v 0.008929 0.021904 0.039341
v 0.009062 0.017848 0.039978
v 0.013537 0.013528 0.039726
v 0.007170 0.020721 0.039950
v 0.016492 0.016228 0.039538
v 0.014486 0.015708 0.039815
v 0.012136 0.013786 0.039749
v 0.018875 0.013709 0.039169
v 0.024047 0.008474 0.027376
v 0.022755 0.011785 0.036685
v 0.023115 0.010277 0.036774
v 0.022834 0.011174 0.029097
v 0.020081 0.013384 0.038747
v 0.007074 0.023461 0.017805
v 0.015981 0.011932 0.039837
v 0.013987 0.009670 0.038997
v 0.020080 0.014477 0.037875
v 0.010657 0.015559 0.039932
v 0.015244 0.017946 0.039484
v 0.010243 0.013768 0.038916
v 0.008561 0.014017 0.039107
v 0.009746 0.014926 0.039301
v 0.006551 0.014896 0.039200
v 0.013351 0.020881 0.006520
v 0.014035 0.007982 0.038981
v 0.010265 0.012157 0.039059
v 0.007182 0.007200 0.038885
v 0.019629 0.009403 0.039734
v 0.009309 0.016307 0.039971
v 0.005548 0.007120 0.039038
v 0.010465 0.022635 0.015246
v 0.011094 0.007176 0.039194
v 0.010850 0.021926 0.008872
v 0.013410 0.011072 0.039047
v 0.015876 0.018888 0.007052
v 0.005996 -0.000749 0.039606
v -0.016157 -0.018526 0.020826
v 0.005654 0.002946 0.038938
v 0.008288 0.001245 0.039298
v 0.009964 -0.000874 0.039375
v 0.011106 0.004422 0.039148
v 0.011065 0.001846 0.038756
v 0.018464 0.016512 0.018394
v 0.015786 0.004841 0.039045
v 0.008511 0.003028 0.038853
v 0.014450 0.004066 0.038994
v 0.014012 0.001379 0.039084
v 0.018661 0.016389 0.014472
v 0.019069 0.015516 0.015981
v 0.012512 -0.001406 0.039526
v 0.010319 0.022336 0.010605
v 0.018930 0.007019 0.039768
v 0.016491 0.003809 0.038995
v 0.014907 0.006054 0.039031
v 0.022083 0.012688 0.035077
v 0.021217 0.014292 0.035591
v 0.009076 0.022831 0.016827
v 0.022207 0.013244 0.036575
v 0.016518 0.002520 0.039101
v 0.010967 0.022199 0.019508
v 0.019748 0.004581 0.039857
v 0.017248 0.008937 0.039803
v 0.021173 0.002782 0.039650
v 0.015712 0.001051 0.038844
v 0.022702 -0.000754 0.039699
v 0.023628 0.000188 0.039459
v 0.019349 0.002914 0.039879
v 0.014539 0.019745 0.009277
v 0.014785 -0.000024 0.038952
v 0.023636 -0.000607 0.039061
v 0.018148 -0.005348 0.039886
v 0.018541 0.000471 0.039834
v 0.012209 0.001008 0.038881
v 0.018513 -0.000795 0.039703
v 0.020383 -0.000791 0.039822
v 0.020193 -0.002967 0.039840
v 0.022926 -0.007673 0.038218
v 0.013576 0.020256 0.011345
v 0.008479 -0.011023 0.040307
v 0.013274 -0.000191 0.038863
v 0.018807 -0.008269 0.040025
v 0.012230 0.022024 0.023290
v 0.012165 0.021724 0.018991
v 0.010516 0.022511 0.018568
v 0.015266 -0.007311 0.040005
v 0.019736 -0.006844 0.039857
v 0.021045 -0.005949 0.039835
v 0.017390 -0.001336 0.039555
v 0.016292 -0.000568 0.039196
v 0.014469 -0.001369 0.039377
v 0.019801 0.001339 0.039799
v 0.015169 0.002537 0.038844
v 0.018665 0.016459 0.029137
v 0.012176 -0.007295 0.039990
v 0.013905 0.020424 0.015767
v 0.011736 0.021404 0.001054
v 0.006871 0.000452 0.039329
v 0.017505 -0.000254 0.039648
v 0.022042 0.010707 0.018648
v 0.012695 0.009491 0.039030
v 0.018515 -0.002354 0.039861
v 0.006016 -0.009177 0.040292
v 0.009263 -0.002576 0.039887
v 0.014252 -0.009758 0.040068
v 0.016137 0.018943 0.018226
v 0.010589 0.001463 0.038798
v 0.011513 -0.002862 0.039951
v 0.017046 0.004699 0.039160
v 0.008083 -0.001510 0.039750
v 0.006820 0.003763 0.039048
v 0.005614 0.000256 0.039322
v 0.020629 0.013488 0.008155
v 0.019160 0.015703 0.012383
v 0.022799 0.010657 0.026920
v 0.009180 -0.007997 0.040249
v 0.007771 -0.000596 0.039359
v -0.000095 -0.000885 0.040867
v -0.001978 -0.000382 0.040272
v -0.003559 -0.000591 0.040109
v 0.002988 -0.000275 0.039876
v 0.001699 -0.004404 0.040024
v 0.004349 -0.000254 0.039684
v -0.003579 -0.002331 0.040082
v -0.004278 -0.004550 0.040364
v -0.007828 -0.003941 0.040186
v -0.010127 -0.023338 -0.002952
v -0.005655 -0.002536 0.040103
v -0.004691 -0.001506 0.040316
v -0.002251 -0.001539 0.039921
v 0.015995 0.018534 0.014742
v 0.020886 0.014195 0.032738
v -0.010621 0.001062 0.040405
v -0.008005 -0.001531 0.040369
v -0.004988 0.001020 0.040449
v -0.006961 -0.006257 0.040431
v -0.007222 0.000577 0.040319
v 0.000268 0.024935 -0.033588
v -0.008704 0.002626 0.040380
v -0.011856 0.003166 0.040168
v -0.006611 0.002655 0.040281
v -0.003155 0.001170 0.039929
v 0.010857 0.002889 0.038855
v 0.019369 0.013700 -0.013840
v 0.000650 -0.001337 0.040356
v 0.004875 0.000319 0.039508
v 0.001692 -0.000966 0.040114
v 0.003133 -0.005345 0.040099
v -0.001812 0.001218 0.040506
v -0.003336 0.002728 0.039920
v 0.011689 -0.000298 0.038959
v 0.011521 0.013154 0.039048
v 0.007621 0.008142 0.039094
v 0.000301 0.000930 0.040803
v -0.005226 -0.000439 0.040448
v 0.008598 0.006439 0.038965
v -0.003020 0.010756 0.040210
v -0.004710 0.008455 0.040157
v -0.009351 0.009220 0.040410
v -0.011195 0.010627 0.040429
v 0.016597 0.018338 0.016833
v -0.006331 0.015163 0.040345
v -0.011167 0.013176 0.040402
v -0.022229 0.011670 0.000153
v -0.016503 0.018642 0.000701
v 0.015605 0.020090 0.025714
v -0.017599 0.018053 0.001071
v 0.004320 0.002922 0.039040
v 0.006613 0.017396 0.039921
v 0.016885 0.019034 0.037828
v -0.005070 0.014851 0.040134
v 0.008090 0.007620 0.039003
v 0.022760 -0.004277 -0.031422
v 0.005837 0.024194 0.038289
v 0.008016 0.017302 0.039964
v -0.005284 0.024085 -0.004375
v 0.006378 0.024646 0.037930
v -0.004977 0.013513 0.039915
v -0.004412 0.011433 0.039934
v -0.002855 0.024517 0.038837
v -0.001724 0.019084 0.040196
v 0.000518 0.017495 0.040127
v -0.008219 0.023011 0.039806
v -0.011628 0.017312 0.040396
v -0.009753 0.016694 0.040457
v -0.010003 0.019358 0.040416
v -0.006193 0.016989 0.040298
v -0.004238 0.020995 0.040156
v 0.002074 0.023227 0.039748
v -0.004385 0.018173 0.040277
v -0.006100 0.008638 0.040188
v -0.006211 0.011606 0.040345
v -0.006741 0.023254 0.039854
v 0.017669 0.017310 0.013008
v -0.007479 0.009847 0.040416
v -0.008821 0.014670 0.040345
v -0.004931 0.009630 0.040263
v -0.011203 0.008256 0.040436
v 0.024174 0.002559 0.014350
v -0.008773 0.011854 0.040447
v -0.008183 0.005074 0.040543
v -0.004139 0.010194 0.039925
v -0.006051 0.010048 0.040441
v 0.019445 0.015212 0.004568
v -0.005649 0.004233 0.040366
v -0.005243 0.010593 0.040287
v -0.007888 0.016955 0.040414
v 0.017374 0.017427 0.006906
v 0.023091 0.008677 0.003458
v 0.023506 0.007806 0.002260
v -0.003688 0.004134 0.040214
v -0.024145 0.007807 0.000688
v -0.004151 0.015034 0.040084
v -0.003215 0.014212 0.040241
v 0.000453 0.013244 0.039826
v -0.003342 0.012615 0.040162
v -0.003927 0.009380 0.040113
v 0.021490 0.012520 0.012104
v 0.020412 0.013239 0.012147
v 0.003361 0.007669 0.039127
v 0.004354 0.022184 0.039849
v 0.001745 0.023918 0.039302
v -0.000901 0.024657 0.038848
v 0.005151 0.024794 0.038039
v -0.014594 -0.019978 0.019872
v 0.002319 0.024702 0.039063
v 0.016859 0.017754 0.011749
v 0.005227 0.021059 0.039952
v 0.017874 0.017979 0.026434
v 0.010797 0.021585 -0.037538
v 0.022058 0.012814 0.024010
v -0.004813 0.016106 0.040326
v 0.002543 0.021593 0.040043
v -0.006686 0.019219 0.040295
v -0.007457 0.023015 0.039840
v -0.010043 0.022235 0.039814
v -0.011627 0.023076 0.035168
v -0.022187 0.011154 -0.016966
v -0.010231 0.023481 0.036268
v -0.010819 0.015536 0.040519
v 0.013303 -0.021141 0.006396
v -0.010444 0.022925 0.038076
v -0.003092 0.023063 0.039699
v 0.019885 0.015094 0.017277
v -0.010207 0.023307 0.031695
v -0.006219 0.024036 0.039012
v -0.007172 0.023985 0.038113
v -0.008296 0.023580 0.038804
v -0.025015 0.001370 -0.003512
v -0.005258 0.025923 0.030297
v -0.003583 0.025017 0.034443
v -0.003460 0.025149 0.037188
v -0.001048 0.017385 0.040074
v -0.004767 0.025105 0.035898
v -0.003057 0.026366 0.031870
v -0.000868 0.021794 0.040177
v 0.018485 0.015835 -0.001457
v 0.000502 0.024371 0.038957
v 0.005027 0.023436 0.038959
v 0.006133 0.019927 0.040042
v 0.000942 0.025071 0.032078
v -0.000971 0.025149 0.032372
v 0.003543 0.023394 0.039454
v -0.025181 0.000112 -0.000464
v 0.007668 0.024501 0.038137
v 0.024688 0.000337 0.008525
v 0.005377 0.024853 0.026453
v 0.005414 0.025075 0.034803
v 0.019947 0.015411 0.026397
v -0.002056 0.025265 0.035516
v 0.002873 0.025212 0.031706
v 0.004313 0.025266 0.031799
v 0.016579 0.019058 0.036120
v 0.002232 0.025437 0.033149
v 0.005118 0.024656 0.028362
v 0.007355 0.024435 0.028890
v 0.006228 0.024347 0.030113
v 0.020429 0.013767 0.015557
v 0.009260 0.023478 0.021306
v 0.004218 0.024788 0.030399
v 0.008729 0.023435 0.026290
v 0.010160 0.022710 0.019845
v 0.000738 0.025619 0.036615
v 0.002603 0.024889 0.022926
v 0.011037 0.022035 0.017062
v 0.006226 0.024712 0.023308
v 0.011001 0.022108 0.007302
v 0.005733 0.024015 0.018002
v 0.007757 0.024422 0.022889
v 0.020205 0.014863 0.030851
v 0.022377 0.011851 0.020325
v 0.012003 0.020940 -0.003686
v 0.022013 0.010964 0.037333
v 0.004039 0.024972 0.027437
v 0.000886 0.025168 0.023335
v 0.000995 0.025406 0.027357
v -0.003544 0.026295 0.030217
v -0.007085 0.023603 0.015828
v -0.001704 0.025648 0.031172
v -0.010031 0.023841 0.034166
v -0.005929 0.024643 0.025306
v -0.007228 0.023796 0.021355
v -0.008862 0.022719 0.014884
v 0.021989 0.012305 0.037419
v -0.010084 0.022341 0.012853
v -0.000549 0.025057 0.020906
v -0.007570 0.023454 0.011135
v -0.008471 0.022915 0.010309
v -0.009469 0.022811 0.009166
v -0.011848 0.021812 0.017619
v -0.003896 0.024183 0.008963
v -0.006543 0.023774 0.012950
v -0.005163 0.024732 0.019140
v 0.019391 0.015027 0.013926
v -0.010346 0.022560 0.019451
v -0.008407 0.022845 0.011436
v -0.005188 0.023612 0.016442
v -0.008785 0.023258 0.017154
v -0.005863 0.024048 0.017080
v -0.003178 0.025788 0.026229
v -0.003663 0.025245 0.020672
v -0.004300 0.023789 0.016931
v 0.021299 0.013518 0.031460
v -0.004136 0.023141 -0.038506
v -0.003215 0.024251 0.018354
v -0.007546 0.023623 0.018798
v -0.000307 0.024850 0.030493
v 0.004010 0.023675 0.015853
v -0.001525 0.024528 0.018555
v -0.002901 0.025613 0.024094
v -0.015182 0.018990 -0.030904
v -0.004181 0.025001 0.022116
v 0.012078 0.021572 0.015631
v -0.002129 0.024155 0.017075
v 0.002592 0.024937 0.024577
v 0.001455 0.024319 0.017377
v 0.001688 0.024038 0.018524
v -0.002761 0.024298 0.011026
v 0.000345 0.024930 0.028706
v -0.004655 0.023894 0.011154
v -0.006049 0.023746 0.009765
v 0.021156 0.014616 0.036816
v -0.001198 0.024352 0.013168
v -0.003877 0.023760 0.012955
v 0.004374 0.024459 0.038710
v -0.002140 0.026480 0.030204
v -0.001028 0.025840 0.029431
v 0.003232 0.024601 0.028412
v 0.003710 0.023798 0.010932
v 0.023224 0.007615 0.017581
v 0.002248 0.024338 0.011273
v 0.005316 0.025345 0.037107
v 0.003934 0.025928 0.036179
v 0.002403 0.015925 0.039030
v 0.007865 0.016220 0.039610
v 0.004948 0.012935 0.038887
v 0.022008 0.011860 0.011150
v 0.007056 0.024583 0.027264
v 0.021762 0.013046 0.026855
v 0.006591 0.011914 0.039046
v -0.023325 0.007255 -0.031553
v 0.006509 0.013498 0.038937
v 0.004654 0.011335 0.038854
v 0.020133 0.015063 0.021332
v 0.021539 0.013548 0.029641
v 0.020983 0.013891 0.021460
v 0.006894 0.002076 0.039004
v 0.000121 0.011769 0.039795
v 0.018818 0.015736 0.008101
v -0.000459 0.008762 0.040011
v 0.019580 0.016281 0.031262
v 0.017966 0.017158 0.011424
v 0.019906 0.016052 0.022907
v 0.000725 0.023215 0.039729
v -0.001165 0.023790 0.039569
v 0.001896 0.001570 0.039954
v -0.000669 0.005231 0.039968
v 0.004824 0.005049 0.038652
v -0.000590 -0.003094 0.040091
v -0.001090 -0.004718 0.040432
v 0.005288 0.001323 0.039106
v 0.001239 0.004967 0.039717
v -0.000061 0.000254 0.040694
v 0.004546 -0.001547 0.040055
v -0.001324 0.009974 0.040216
v 0.001423 0.003665 0.040060
v 0.002921 0.003012 0.039595
v 0.018673 0.017366 0.024132
v -0.006853 0.013304 0.040276
v 0.003754 0.001245 0.039665
v 0.001995 0.000105 0.040292
v 0.020745 0.013319 0.018821
v -0.002378 0.002468 0.039820
v -0.022521 -0.011806 -0.013342
v 0.004236 0.023914 0.013075
v 0.008778 0.024329 0.037540
v 0.002644 0.005744 0.039158
v 0.021432 0.013100 0.020272
v 0.020986 0.014451 0.023161
v 0.000272 0.010326 0.039626
v 0.004487 0.010078 0.039067
v 0.004683 0.008918 0.039160
v 0.022485 0.009372 0.003481
v 0.001077 0.005847 0.038829
v -0.002853 0.003333 0.039876
v -0.021061 0.008625 -0.039556
v -0.002155 0.004065 0.040083
v -0.025081 0.000656 -0.010578
v 0.003932 0.012603 0.038791
v 0.002217 0.014449 0.038867
v -0.004646 0.010435 0.040013
v 0.000848 0.019771 0.040108
v 0.009405 0.019693 0.039928
v 0.023140 0.007935 0.007850
v 0.020785 0.013072 0.003821
v 0.001190 0.012714 0.038942
v 0.003615 0.015394 0.039181
v 0.020774 0.013448 0.002176
v 0.002853 0.012369 0.039155
v -0.010150 0.005203 -0.039983
v -0.009663 0.007245 0.040287
v 0.021887 0.011697 0.012436
v 0.022035 0.010972 0.013520
v 0.001290 0.015857 0.039092
v 0.001945 0.015428 0.038819
v 0.023110 0.009824 0.020612
v 0.023848 -0.004779 0.013944
v -0.002722 0.016169 0.040238
v -0.000135 0.007360 0.039719
v 0.024417 -0.002551 0.009265
v -0.001423 0.013258 0.040128
v -0.021154 -0.013723 0.002799
v 0.024256 0.001402 0.006060
v 0.024479 0.000601 0.010828
v -0.022638 0.002021 -0.040009
v -0.007862 0.007798 0.040214
v -0.007485 0.023388 0.039494
v -0.008690 0.023703 0.030134
v -0.006522 0.025077 0.035717
v 0.011021 0.014322 0.039599
v -0.004426 0.002656 0.040299
v 0.024336 -0.000448 0.018865
v 0.024286 -0.000923 0.008987
v 0.001092 0.000184 0.040857
v 0.024188 0.003264 0.008716
v 0.024795 0.002020 0.018092
v 0.024316 -0.001244 0.016024
v 0.024566 -0.001947 0.012648
v -0.010378 -0.002589 0.040465
v 0.024069 -0.001926 0.009987
v -0.002892 -0.006274 0.040311
v 0.024205 -0.000066 0.014568
v -0.006174 -0.001133 0.040355
v 0.023916 -0.004223 0.009250
v -0.021477 0.012692 -0.015366
v -0.001806 -0.002812 0.040138
v -0.010859 0.006052 0.040283
v -0.022526 -0.012829 -0.036086
v -0.010362 0.003774 0.040321
v -0.011661 0.004822 0.040078
v 0.023940 -0.003110 0.010299
v -0.003728 0.003065 0.040192
v -0.000507 0.001493 0.040690
v 0.024196 -0.001428 0.006259
v -0.001020 -0.000189 0.040795
v 0.000662 0.001827 0.040665
v 0.024483 -0.000037 0.006226
v 0.024390 -0.002233 0.011167
v -0.001286 0.002926 0.040237
v 0.024559 -0.003332 0.006228
v 0.008137 0.023057 -0.000547
v 0.008951 0.022386 0.001514
v 0.024028 -0.000680 0.010300
v 0.013657 0.020596 0.004226
v 0.010105 0.022351 0.003161
v 0.010998 0.021956 0.004521
v 0.000385 0.005489 0.039599
v 0.000380 0.004583 0.039956
v 0.000290 0.006332 0.039343
v 0.001240 0.010288 0.038697
v 0.023927 -0.003001 0.013854
v 0.023931 -0.001809 0.004962
v -0.002069 0.006889 0.040222
v 0.024010 -0.004883 0.018603
v 0.024283 -0.003758 0.014829
v 0.001220 0.007465 0.038773
v -0.005239 0.006567 0.040354
v -0.015552 -0.020024 0.024941
v -0.006796 0.025137 0.031655
v 0.023067 -0.007822 0.015184
v -0.002793 0.024992 0.019855
v -0.024510 -0.005696 -0.038228
v -0.004608 0.024614 0.038512
v -0.001164 0.025744 0.036884
v 0.023774 -0.003883 0.011121
v 0.008900 0.023752 0.028815
v 0.008279 0.023923 0.027796
v -0.008226 0.024327 0.037288
v 0.024312 -0.002796 0.006653
v -0.009139 -0.023196 -0.012581
v -0.005327 0.023011 0.039783
v 0.024485 -0.006103 0.007456
v 0.007516 0.023755 0.029896
v 0.021273 0.011286 -0.034477
v 0.024701 -0.009442 0.006465
v -0.008545 0.024365 0.033833
v -0.008459 0.023858 0.032470
v -0.011641 0.021923 0.038664
v -0.011726 0.022095 0.037928
v -0.008664 0.023814 0.027266
v -0.022286 -0.000852 -0.039905
v -0.011913 0.022640 0.032754
v -0.003788 0.025797 0.033206
v -0.002754 0.025159 0.032714
v 0.011324 0.021755 0.013833
v 0.025051 -0.008063 0.006659
v -0.011711 0.021751 0.015422
v -0.010339 0.022504 0.016760
v -0.023161 0.008576 0.014524
v -0.011510 -0.022218 -0.007502
v -0.024545 0.004397 0.014920
v -0.023874 0.007546 0.012063
v -0.022896 0.009443 0.018721
v -0.023291 0.008383 0.012623
v -0.022889 0.009915 0.012173
v -0.023925 0.006463 0.016381
v -0.023442 0.008949 0.016692
v -0.022987 0.009522 0.013197
v -0.001532 0.024546 0.017606
v 0.023995 -0.006997 0.008052
v -0.024825 0.001281 0.015247
v 0.023970 -0.005144 0.011675
v -0.024220 0.004544 0.018210
v -0.025097 -0.001100 0.027837
v -0.024034 -0.006089 0.036632
v -0.023758 0.008110 0.024752
v -0.024110 0.004726 0.016546
v -0.024643 0.003423 0.028423
v -0.023672 0.007386 0.026746
v -0.024675 0.006061 0.036093
v -0.024298 0.005720 0.027319
v -0.025117 0.003720 0.010671
v -0.024406 -0.004118 0.013884
v 0.023717 -0.005548 0.015126
v -0.025321 0.002711 0.024464
v -0.024791 0.004435 0.032610
v -0.025215 0.001865 0.037370
v -0.024760 -0.006088 0.029281
v -0.025154 -0.000451 0.033352
v -0.024723 -0.000104 0.029923
v -0.023932 0.006736 0.028668
v -0.024921 0.000259 0.031756
v -0.024433 0.005261 0.029606
v -0.024146 0.005343 0.031604
v -0.025566 -0.004130 0.029516
v -0.025702 -0.003351 0.030358
v -0.015320 -0.020155 -0.037665
v -0.025041 -0.005195 0.025368
v -0.024531 -0.003866 0.019787
v -0.025658 -0.004150 0.027771
v -0.025596 -0.002620 0.028923
v -0.013328 -0.021133 -0.014270
v -0.024952 -0.002463 0.030614
v -0.024686 -0.001500 0.029549
v -0.024832 -0.005099 0.019793
v -0.024867 -0.001107 0.012129
v -0.023932 -0.005842 0.012836
v -0.024221 -0.004860 0.015936
v -0.024803 -0.001612 0.015850
v -0.024511 0.002207 0.013967
v -0.024260 -0.003943 0.018653
v -0.025141 0.000888 0.025123
v 0.024031 -0.003892 0.017848
v -0.025304 -0.000721 0.022930
v -0.024558 -0.003207 0.017764
v -0.025081 -0.005010 0.021788
v 0.023862 -0.006038 0.018018
v -0.023781 -0.006633 0.015420
v 0.023303 -0.008039 0.017883
v -0.024525 0.003788 0.031012
v 0.022317 0.006423 -0.036958
v -0.024641 -0.003775 0.012081
v 0.024097 -0.004577 0.015666
v -0.024839 -0.002273 0.013851
v -0.024450 0.002589 0.018048
v 0.024360 -0.005210 0.019865
v -0.024430 0.003913 0.012660
v -0.024622 0.001725 0.016744
v -0.024510 0.000042 0.016484
v -0.024588 0.002421 0.026232
v 0.022934 0.004166 -0.037414
v -0.025137 0.001366 0.023660
v -0.025364 0.002877 0.022127
v -0.024341 0.000922 0.018429
v 0.024198 -0.006307 0.020858
v -0.024482 0.003396 0.016673
v -0.023544 0.007527 0.031227
v 0.024305 -0.007112 0.023401
v -0.025228 0.001811 0.009048
v 0.022048 0.009456 -0.032827
v -0.025090 0.006334 0.021769
v -0.023888 0.006919 0.011457
v -0.025077 -0.001794 0.024578
v -0.024525 0.005107 0.009892
v 0.022638 -0.009541 0.015747
v 0.022331 -0.009611 0.017152
v -0.022786 0.009678 0.015285
v 0.023496 -0.008802 0.021323
v -0.025008 -0.000848 0.025667
v -0.024540 0.002600 0.015456
v -0.022475 0.010486 0.016478
v -0.023277 0.010004 0.024772
v -0.023635 0.007783 0.018257
v -0.022119 0.012024 0.018204
v -0.021812 0.012816 0.020471
v -0.025150 0.005039 0.023658
v -0.012154 -0.021698 -0.019665
v -0.024621 0.006390 0.024540
v 0.024830 -0.003907 0.024422
v -0.024724 -0.000008 0.014180
v 0.002757 -0.025982 -0.028031
v 0.023545 -0.005781 0.019214
v 0.024542 -0.005337 0.021382
v -0.014264 -0.021428 -0.029494
v -0.021029 0.013786 0.016563
v 0.023171 -0.010079 0.020715
v -0.022004 0.012304 0.015646
v -0.018127 0.017056 0.015559
v -0.021213 0.014366 0.022785
v -0.020110 0.014868 0.017241
v -0.020878 0.014600 0.024547
v -0.020418 0.014261 0.018929
v -0.020204 0.015243 0.020652
v -0.020629 0.014226 0.020935
v 0.024640 0.001103 0.016967
v -0.018600 0.016633 0.021690
v -0.003155 -0.025744 0.009464
v 0.024744 -0.002256 0.019752
v -0.025048 -0.001949 0.020158
v -0.021766 0.013591 0.024049
v -0.025286 -0.002836 0.021708
v -0.025422 -0.003077 0.023701
v -0.024315 -0.004929 0.018331
v -0.023844 -0.006462 0.017195
v -0.024804 0.001509 0.011823
v -0.025196 -0.000332 0.010087
v -0.023862 0.010111 0.023095
v 0.020761 0.012194 -0.032904
v -0.025799 -0.002675 0.026204
v -0.024068 0.005435 0.011275
v -0.024005 0.006494 0.013263
v -0.019648 0.015257 0.015719
v -0.025039 0.000846 0.027664
v -0.022739 0.012126 0.022443
v -0.024884 0.004352 0.034248
v -0.002944 0.024225 0.015150
v -0.021787 0.012061 0.011374
v -0.020348 0.014307 0.011637
v 0.025525 0.002425 0.024451
v -0.010359 0.022172 0.009671
v -0.020082 0.014888 0.020108
v -0.017808 0.017505 0.011917
v -0.019307 0.015696 0.020150
v -0.015467 0.019899 0.019245
v -0.022292 0.011091 0.013537
v 0.004956 -0.023785 -0.036128
v 0.024096 0.002380 0.016157
v -0.020868 0.013608 0.013991
v -0.018479 0.017839 0.023734
v -0.014614 -0.020522 -0.024050
v -0.020129 0.016435 0.037102
v -0.016359 0.018870 0.019091
v -0.019013 0.016013 0.012795
v -0.012062 0.022510 0.028202
v -0.014749 0.020448 0.020273
v -0.016065 0.019989 0.023004
v -0.017321 0.018820 0.035893
v -0.015786 0.020018 0.036857
v -0.012172 0.022443 0.036861
v -0.014033 0.021417 0.031503
v -0.019541 0.017158 0.035543
v -0.014547 0.020983 0.037858
v -0.018248 0.017884 0.025344
v -0.015355 0.020572 0.033541
v -0.019126 0.016389 0.037501
v -0.016332 0.019512 0.032722
v -0.019653 0.015495 0.026631
v -0.020047 0.016279 0.024557
v -0.019054 0.016929 0.033055
v -0.022318 0.013459 0.022996
v -0.022319 0.012653 0.023767
v -0.018289 0.017740 0.026504
v -0.017521 0.018712 0.028152
v -0.020044 0.015423 0.025485
v -0.018611 0.016998 0.027699
v 0.017013 -0.014597 -0.039096
v -0.017068 0.018112 0.013831
v 0.025017 0.003245 0.018731
v 0.025854 -0.002880 0.025030
v -0.021383 0.013387 0.032612
v -0.016574 0.019392 0.030949
v -0.015945 0.019781 0.035100
v -0.023301 0.009268 0.026399
v -0.020839 0.014350 0.027306
v -0.018369 0.016959 0.029387
v -0.021855 0.014272 0.036952
v -0.019237 0.016150 0.027305
v -0.020099 0.015280 0.029279
v -0.022583 0.011045 0.025929
v -0.024964 0.001694 0.030591
v -0.016190 0.018962 0.013002
v 0.026048 -0.000787 0.025177
v -0.017084 0.019153 0.034414
v 0.024504 -0.003487 0.020613
v -0.022783 0.011447 0.024205
v -0.022633 0.011251 0.026845
v 0.022477 0.005322 -0.026362
v -0.024596 0.007499 0.023249
v -0.001765 -0.024537 -0.015419
v -0.001770 -0.024463 -0.016256
v -0.021225 0.013348 0.029298
v -0.018180 0.017586 0.031461
v 0.025713 0.000476 0.022037
v -0.006613 0.024258 0.018128
v 0.021827 0.008639 -0.036529
v -0.025129 0.003986 0.036639
v -0.025220 0.003977 0.035459
v -0.025289 0.001112 0.032757
v -0.020765 0.014397 0.030762
v -0.024708 0.005967 0.038997
v -0.024732 0.007191 0.038638
v -0.023077 0.009623 0.039090
v 0.025314 0.003808 0.027859
v -0.024341 0.006664 0.033124
v -0.022715 0.009594 0.029789
v -0.023463 0.008381 0.028961
v 0.024290 0.000249 0.003449
v -0.020273 0.015160 0.032308
v -0.007954 -0.024025 0.006360
v -0.024031 0.006680 0.030492
v -0.022904 0.010867 0.038733
v -0.012929 0.021527 0.037842
v 0.024185 -0.003821 0.012495
v -0.016274 0.019432 0.033664
v -0.018097 0.018066 0.034365
v 0.021715 0.007011 -0.019790
v 0.023805 -0.008783 0.023694
v -0.016913 0.019237 0.025655
v -0.018464 0.016902 0.038076
v 0.023238 -0.008767 0.024863
v -0.021750 0.013403 0.021915
v -0.021442 0.013525 0.024874
v 0.024424 -0.004059 0.005632
v -0.016820 0.018971 0.020960
v -0.022609 0.008440 0.039834
v -0.019694 0.016060 0.028005
v 0.018642 0.015517 -0.031308
v -0.022324 0.012742 0.036424
v 0.020321 0.012474 -0.034501
v -0.020995 0.015150 0.036105
v -0.023691 0.009711 0.038428
v -0.017450 0.011263 0.040439
v -0.018546 0.016565 0.038728
v -0.020987 -0.014489 -0.024538
v -0.023616 0.010799 0.038011
v -0.021663 0.013277 0.037976
v -0.021890 0.012228 0.027307
v -0.024752 0.005846 -0.015259
v 0.023898 -0.005265 0.007251
v 0.023313 0.007269 0.013050
v -0.018790 0.016496 0.026810
v -0.014995 0.014224 0.040499
v -0.016028 0.019648 0.038283
v -0.013336 0.021938 0.034581
v -0.021854 0.010739 0.039373
v -0.024380 0.006413 0.025771
v -0.020275 0.014969 0.037881
v -0.017137 0.013820 0.040469
v 0.023917 0.005920 0.013943
v -0.019182 0.011187 0.040160
v -0.021799 0.012413 0.024938
v 0.023529 0.006933 0.014609
v -0.018333 0.018109 0.037506
v -0.020480 0.010034 0.040102
v -0.021015 0.012234 0.039189
v -0.017013 0.019332 0.037271
v 0.024169 0.003411 0.005817
v 0.019957 0.013946 -0.029951
v -0.022926 0.012101 0.038635
v -0.022723 0.011879 0.034251
v -0.018510 0.014741 0.039940
v -0.019328 0.013053 0.040391
v -0.016577 0.016359 0.040023
v -0.014880 0.017628 0.039944
v -0.020597 0.011885 0.039905
v 0.023340 0.006820 0.009104
v 0.023811 0.006006 0.015750
v -0.013098 0.018670 0.040163
v 0.024135 0.001493 0.007349
v -0.013529 0.017137 0.040275
v 0.023819 0.004649 0.005441
v 0.023697 0.005774 0.009490
v -0.014979 0.011171 0.040692
v -0.013775 0.013045 0.040429
v -0.018094 0.009041 0.040372
v -0.012416 0.006975 0.040158
v -0.012941 0.011511 0.040579
v -0.013341 0.008970 0.040630
v -0.016089 0.009256 0.040644
v -0.014939 0.007041 0.040556
v -0.014745 0.019522 -0.018795
v -0.023234 0.008803 0.031348
v -0.013158 0.005268 0.040380
v -0.015030 0.015818 0.040387
v 0.011275 -0.021139 -0.018803
v 0.023741 0.006446 0.012204
v 0.022971 0.008541 0.016801
v -0.021929 0.013816 0.036105
v -0.018886 0.007133 0.040152
v 0.023170 0.007379 0.016047
v -0.017048 0.007065 0.040554
v 0.023806 0.004623 0.007089
v -0.018759 0.012215 0.040538
v -0.013456 0.007177 0.040493
v -0.017999 0.004996 0.040147
v -0.016680 0.017687 0.039776
v 0.011432 -0.021044 -0.026882
v -0.017552 0.017903 0.038945
v -0.023253 0.010873 0.036369
v -0.023755 0.007059 0.039129
v -0.019992 0.013366 0.039560
v -0.023805 0.008383 0.038533
v -0.024745 0.007431 0.037665
v -0.019039 0.010215 0.040075
v 0.024006 0.005383 0.015969
v -0.019457 0.008856 0.040150
v 0.023051 0.007494 0.004334
v 0.021500 0.010421 -0.032770
v 0.022676 0.009471 0.013907
v -0.022228 0.006907 0.040070
v -0.020018 -0.015314 0.002820
v -0.023772 0.005301 0.039513
v 0.022930 0.009594 0.005009
v -0.023156 0.001918 0.039999
v -0.022891 0.006678 0.039579
v 0.022220 0.010605 0.010304
v -0.025128 -0.004823 0.033061
v -0.024728 0.004821 0.039242
v -0.025001 0.005724 0.037778
v -0.025530 0.003933 0.038009
v -0.022387 0.005255 0.040273
v -0.020828 0.007096 0.040392
v -0.025215 0.004971 0.038694
v -0.017141 0.018285 0.032848
v -0.013042 0.020731 0.039355
v -0.024215 0.007784 0.035248
v -0.024870 0.001999 0.034854
v -0.024776 0.004514 0.025736
v 0.022691 0.008556 0.012501
v 0.022576 0.009767 0.012439
v -0.021842 0.011945 0.038687
v -0.023717 0.009470 0.034327
v 0.023009 0.008122 0.014243
v 0.022234 0.010634 0.011750
v -0.025173 0.002855 0.038543
v -0.017538 0.001946 0.040235
v -0.012831 0.021337 0.019325
v -0.015714 0.004187 0.040488
v -0.017439 0.003111 0.040239
v -0.025285 -0.003813 0.032296
v -0.024963 0.002764 0.032788
v -0.011993 0.005778 0.040126
v 0.022676 0.009484 0.006810
v -0.011862 0.002122 0.040423
v -0.013061 0.002331 0.040603
v -0.023244 0.009142 0.020422
v 0.019065 0.013606 -0.027672
v 0.020244 0.014298 0.006004
v 0.022200 0.009942 0.016914
v 0.021989 0.010499 0.015308
v -0.022222 -0.011808 0.004558
v -0.018773 0.002521 0.040396
v -0.014898 0.001526 0.040702
v -0.021488 0.000467 0.040460
v 0.023385 0.007755 0.011406
v -0.016524 0.001832 0.040529
v 0.020192 0.014482 0.004305
v -0.019146 -0.016194 0.014196
v 0.022663 0.008966 0.015483
v -0.020768 0.003565 0.040563
v -0.019479 0.005105 0.040393
v -0.013201 -0.000830 0.040660
v 0.022674 0.003726 -0.026953
v 0.023256 0.010180 0.024194
v 0.023123 0.008988 0.018206
v -0.014990 -0.003051 0.040594
v -0.009333 -0.006135 0.040133
v -0.011513 -0.006272 0.040621
v -0.012376 -0.004033 0.040683
v 0.024093 0.007924 0.022035
v 0.024014 0.007130 0.019455
v -0.015581 -0.005952 0.040273
v 0.022667 0.011564 0.022344
v -0.016178 -0.001355 0.040441
v -0.015488 -0.000239 0.040602
v -0.013566 -0.006107 0.040543
v -0.017272 0.000302 0.040244
v -0.022120 -0.005059 0.040406
v 0.023987 0.005945 0.017466
v -0.024352 0.003022 0.039349
v 0.024650 0.006993 0.024598
v 0.019773 0.013416 -0.033615
v -0.024366 0.000627 0.039463
v -0.023160 0.003752 0.039777
v 0.021465 0.012169 0.019056
v 0.021910 0.013066 0.021937
v -0.024983 -0.001052 0.039178
v -0.019240 -0.006722 0.040577
v -0.024796 -0.003724 0.009669
v -0.020081 0.001469 0.040496
v -0.018991 -0.000753 0.040444
v -0.024015 -0.006379 0.038421
v 0.019776 0.014408 -0.032779
v -0.024718 -0.002972 0.039018
v -0.024578 -0.004357 0.034313
v 0.021646 0.012046 0.015059
v 0.024547 0.003946 0.017506
v 0.022750 0.009195 0.002018
v -0.016979 -0.002090 0.040198
v 0.021473 0.012063 0.017053
v -0.023169 -0.000131 0.040072
v -0.016481 -0.004083 0.040274
v -0.013721 -0.020099 0.029364
v -0.023654 -0.003611 0.039871
v -0.024656 -0.004736 0.038193
v -0.024790 -0.003354 0.037999
v -0.023868 -0.001461 0.039536
v 0.024723 0.004675 0.019189
v -0.024258 -0.004903 0.039398
v -0.022498 -0.008566 0.039655
v -0.022074 -0.008086 0.039968
v -0.019819 -0.015267 0.038847
v -0.021249 -0.011331 0.039622
v -0.021965 -0.011553 0.038433
v -0.022016 -0.009607 0.039623
v -0.020183 -0.014224 0.038449
v -0.021194 -0.012265 0.037790
v 0.023258 0.003289 -0.024430
v -0.015449 -0.019322 0.030211
v -0.021355 -0.012627 0.036699
v -0.016384 -0.019049 0.023075
v -0.020183 -0.013256 0.039681
v -0.020704 -0.013509 0.037437
v -0.019777 -0.014402 0.037270
v -0.021551 -0.011767 0.037338
v -0.020934 -0.012852 0.038453
v -0.021561 -0.012750 0.035323
v -0.021187 -0.014028 0.033061
v -0.025179 -0.002520 0.036436
v -0.025419 -0.004600 0.031259
v -0.024709 -0.003156 0.037190
v -0.024837 -0.004194 0.035980
v -0.024205 -0.007982 0.034408
v -0.024704 -0.004266 0.037240
v -0.025330 -0.003358 0.031368
v -0.023611 -0.008610 0.036107
v 0.020395 0.011952 -0.027827
v -0.023251 -0.008739 0.037334
v -0.022752 -0.009969 0.039296
v -0.024552 -0.001127 0.031251
v -0.024809 -0.006430 0.032661
v -0.024406 -0.005837 0.034703
v 0.023794 0.004916 0.015428
v -0.023646 -0.009686 0.030487
v -0.024604 -0.005366 0.033755
v -0.022261 -0.011317 0.036611
v -0.018005 -0.004117 0.040536
v -0.020501 -0.003048 0.040507
v -0.023024 -0.008906 0.039622
v -0.023013 -0.009884 0.036441
v -0.022790 -0.010959 0.034308
v 0.025417 0.002349 0.020396
v -0.014731 -0.010110 0.040259
v -0.019546 -0.015327 0.037906
v -0.019031 -0.016034 0.038324
v -0.020089 -0.014453 0.035638
v -0.019142 -0.015431 0.036811
v 0.022402 0.005130 -0.015919
v -0.019226 -0.016280 0.032608
v -0.019146 -0.012368 0.040248
v -0.016860 -0.013342 0.040402
v -0.017392 -0.011648 0.040489
v 0.022405 0.005303 -0.020960
v -0.014696 -0.015705 0.040197
v -0.019134 -0.015736 0.035797
v 0.024094 0.003983 0.016157
v -0.021062 -0.009643 0.039938
v -0.021015 -0.012541 0.039177
v -0.022526 -0.009259 0.039705
v -0.010798 -0.015460 0.040365
v -0.019256 -0.009719 0.040361
v -0.018755 -0.016175 0.034667
v -0.016650 -0.011349 0.040458
v -0.014632 -0.008034 0.040376
v -0.016877 -0.009798 0.040429
v -0.015687 -0.007446 0.040210
v -0.016935 -0.006904 0.040441
v 0.022391 0.004751 -0.017362
v -0.016717 -0.005157 0.040308
v -0.010462 -0.008015 0.040613
v -0.013163 -0.012120 0.040464
v 0.024833 0.005061 0.022009
v -0.006355 -0.009857 0.040415
v -0.010698 -0.004609 0.040377
v -0.009297 -0.008260 0.040239
v -0.009828 -0.010680 0.040653
v -0.021212 -0.007611 0.040246
v -0.008840 -0.008376 0.040218
v -0.008336 -0.007737 0.040290
v -0.007113 -0.011473 0.040531
v 0.011163 -0.009556 0.040186
v 0.023964 0.003605 0.015016
v 0.008638 -0.014694 0.040290
v -0.001684 -0.006795 0.040476
v -0.006846 -0.008546 0.040481
v -0.004772 -0.007194 0.040470
v -0.004759 -0.009143 0.040321
v -0.024150 0.008870 0.036961
v 0.002767 -0.009580 0.040224
v -0.001183 -0.008616 0.040303
v -0.002655 -0.010170 0.040488
v -0.005356 -0.010692 0.040628
v 0.005175 -0.016156 0.040311
v -0.001681 -0.011978 0.040536
v 0.001327 -0.014305 0.040255
v 0.009497 -0.013157 0.040331
v 0.004157 -0.013002 0.040159
v -0.000055 -0.013204 0.040288
v 0.002277 -0.016398 0.040377
v 0.025672 0.003591 0.034885
v -0.000957 -0.009602 0.040422
v -0.000814 -0.010425 0.040323
v 0.000274 -0.011190 0.040166
v 0.000125 -0.006816 0.040326
v 0.001529 -0.012147 0.040019
v 0.024181 0.009201 0.034867
v -0.000609 -0.015467 0.040318
v -0.004651 -0.012519 0.040579
v 0.023637 0.010554 0.032337
v -0.002751 -0.014380 0.040334
v -0.007654 -0.010106 0.040418
v 0.004173 -0.003704 0.040150
v -0.008220 -0.014036 0.040511
v -0.012298 -0.021446 0.038678
v -0.009326 -0.016414 0.040280
v -0.008524 -0.009000 0.040216
v -0.005291 -0.014731 0.040358
v -0.015663 -0.012006 0.040207
v -0.006681 -0.010597 0.040566
v -0.011207 -0.013834 0.040536
v -0.023427 -0.008340 0.038850
v -0.006923 -0.017014 0.040338
v -0.003232 -0.022114 0.040295
v -0.001581 -0.022595 0.039886
v -0.006230 -0.022978 0.039633
v -0.010476 -0.022779 0.029075
v 0.000228 -0.021806 0.040212
v -0.006145 -0.018742 0.040438
v -0.005360 -0.022708 0.039903
v -0.001067 -0.018272 0.040355
v -0.004430 -0.016029 0.040342
v -0.001480 -0.020887 0.040334
v -0.003536 -0.020127 0.040449
v 0.004465 -0.025230 0.034071
v -0.001798 -0.024085 0.038829
v 0.002133 -0.007237 0.040112
v 0.002763 -0.021109 0.040391
v 0.010526 -0.020276 0.039747
v 0.001859 -0.018970 0.040334
v -0.021262 0.013470 0.009896
v 0.003215 -0.023530 0.039240
v -0.004798 -0.021773 0.040305
v 0.023325 0.006257 -0.001737
v 0.001244 -0.023869 0.039018
v 0.024938 0.007557 0.032319
v 0.004615 -0.024594 0.037842
v 0.024978 0.005976 0.026982
v 0.003683 -0.025086 0.037417
v -0.002610 -0.016281 0.040460
v 0.000560 -0.020026 0.040239
v -0.000029 -0.023274 0.039569
v 0.002527 -0.025146 0.036661
v 0.003271 -0.025183 0.035141
v -0.000334 -0.024144 0.038698
v 0.002382 -0.025049 0.035156
v 0.003759 -0.024213 0.038438
v -0.021786 0.013636 0.034985
v 0.003324 -0.025638 0.034236
v 0.003630 -0.025042 0.036037
v 0.000636 -0.026314 0.032381
v 0.000369 -0.025199 0.033898
v 0.001680 -0.025263 0.035972
v 0.000641 -0.025219 0.035779
v -0.001621 -0.025357 0.035996
v 0.001230 -0.025260 0.035109
v 0.026102 -0.003133 0.027916
v 0.001493 -0.025523 0.034364
v -0.002771 -0.024707 0.031677
v -0.003784 -0.025237 0.036505
v -0.001244 -0.025280 0.035111
v 0.001994 0.024299 0.001639
v -0.000437 -0.025044 0.035032
v 0.002627 -0.025777 0.032934
v -0.002428 -0.025098 0.035656
v -0.004490 -0.025140 0.033013
v -0.002505 -0.025558 0.037352
v -0.004982 -0.025026 0.034036
v -0.000513 -0.025228 0.036280
v 0.000083 -0.024669 0.038650
v 0.019229 0.014965 -0.033790
v -0.004117 -0.025726 0.038442
v -0.004857 -0.023378 0.039256
v -0.002846 -0.025447 0.038534
v -0.006284 -0.021805 0.040134
v 0.025125 0.006434 0.029501
v 0.025099 0.006458 0.034757
v -0.017188 -0.018429 0.027705
v -0.004359 -0.018096 0.040265
v -0.004394 -0.022821 0.039991
v 0.001184 -0.025053 -0.001851
v -0.024917 -0.003680 0.033302
v -0.024971 -0.002496 0.032387
v 0.024262 -0.005485 0.028040
v 0.026126 -0.001191 0.028871
v 0.024445 0.008112 0.036175
v 0.023272 0.007661 0.037232
v 0.023359 0.008882 0.036969
v -0.021591 0.014450 0.037758
v 0.000407 -0.025257 0.038444
v 0.001610 -0.025574 0.036827
v 0.000858 -0.025591 0.037423
v -0.013888 -0.017740 0.040204
v -0.013937 -0.020099 0.038916
v -0.013582 -0.019239 0.039561
v -0.007510 -0.020158 0.040417
v -0.018829 -0.015231 0.039554
v -0.020048 -0.014463 0.039259
v -0.016560 -0.016022 0.040116
v -0.014896 -0.013803 0.040153
v -0.020536 -0.013521 0.039144
v -0.012577 -0.015727 0.040439
v -0.015398 -0.018020 0.039662
v -0.009219 -0.020222 0.040306
v -0.016672 -0.017410 0.039418
v -0.011465 -0.017175 0.040317
v -0.009678 -0.022971 0.039357
v -0.013329 -0.014402 0.040432
v 0.001467 -0.022581 0.040107
v 0.002660 -0.022772 0.039996
v 0.025371 0.003048 0.036608
v -0.009803 -0.018601 0.040385
v 0.022301 0.012424 0.031158
v -0.010561 -0.020368 0.040083
v -0.017615 -0.014659 0.040231
v -0.017003 -0.017936 0.038342
v 0.016622 -0.017949 0.036323
v 0.025349 0.001274 0.036130
v -0.015457 -0.016984 0.039987
v -0.012963 -0.020165 0.039315
v -0.014344 -0.020036 0.033756
v -0.017855 -0.016708 0.038564
v -0.016149 -0.018609 0.037623
v -0.016027 -0.018588 0.038928
v -0.017611 -0.016316 0.039606
v -0.017400 -0.017385 0.033418
v -0.016995 -0.017288 0.036894
v -0.016996 -0.017802 0.015844
v -0.016078 -0.018149 0.036579
v 0.024441 0.003971 0.037245
v 0.023682 0.003507 0.038018
v -0.013255 -0.020921 0.037699
v -0.015248 -0.019898 0.038313
v -0.018925 -0.015679 0.037651
v -0.016106 -0.018783 0.035444
v 0.024234 0.005169 0.036949
v 0.024211 0.006447 0.037074
v -0.018188 -0.016146 0.037403
v 0.023611 0.005633 0.037290
v -0.008859 -0.023512 0.039390
v -0.017367 -0.017750 0.035239
v -0.016102 -0.018582 0.032865
v 0.023896 0.005004 -0.000248
v -0.016355 -0.018199 0.034150
v -0.012511 -0.021456 0.033130
v -0.011826 -0.020545 0.039432
v -0.011799 -0.021367 0.039265
v -0.012153 -0.021398 0.036035
v -0.016663 -0.018029 0.035959
v 0.025869 0.001307 0.034640
v -0.013726 -0.020713 0.033112
v -0.011212 -0.022765 0.032977
v -0.015497 -0.019440 0.034125
v -0.012845 -0.021350 0.034837
v -0.011667 -0.022487 0.034618
v -0.013424 -0.021215 0.033465
v -0.010518 -0.023081 0.033762
v -0.009519 -0.024242 0.037931
v -0.013720 -0.020918 0.034234
v -0.015092 -0.019383 0.036703
v -0.014777 -0.019725 0.032400
v -0.010297 -0.022301 0.038785
v 0.013606 -0.021345 0.035187
v 0.022409 0.005890 -0.025103
v 0.025291 0.004294 0.036599
v -0.010623 -0.023213 0.037180
v -0.022488 0.010083 0.010903
v -0.011637 -0.022034 0.037068
v -0.010742 -0.021535 0.039396
v -0.014512 -0.020125 0.034729
v 0.026014 0.000974 0.032061
v 0.022050 0.006601 -0.025878
v 0.021894 0.010757 0.006263
v -0.008887 -0.024249 0.032961
v -0.009539 -0.024009 0.035113
v 0.025687 -0.002537 0.032345
v -0.007412 -0.024315 0.036363
v -0.007549 -0.024343 0.032654
v -0.009186 -0.024040 0.036444
v -0.007219 -0.022117 0.039728
v -0.008112 -0.024588 0.037313
v -0.009848 -0.023406 0.038875
v -0.025198 0.003900 0.038861
v -0.005608 -0.024613 0.036025
v -0.006108 -0.024647 0.035370
v -0.005836 -0.024634 0.033634
v 0.026051 -0.000664 0.033369
v 0.026019 -0.001343 0.031371
v 0.024903 0.004872 0.036949
v -0.003479 -0.025048 0.034618
v 0.024215 0.007651 0.036932
v -0.007439 -0.024611 0.034694
v -0.022454 -0.002120 0.040178
v -0.003753 -0.025934 0.037624
v -0.001706 -0.026461 0.026206
v -0.002679 -0.026042 0.025270
v -0.008986 -0.021669 0.039806
v -0.013664 -0.020198 0.035747
v 0.024283 0.008918 0.030263
v -0.009036 -0.022845 0.039640
v -0.006093 -0.025192 0.038026
v -0.017563 -0.017844 0.031311
v -0.017986 -0.016987 0.034803
v -0.016154 -0.014783 0.040352
v -0.010494 -0.023374 0.034671
v -0.004694 -0.025083 0.035492
v -0.006477 -0.024871 0.032853
v -0.005882 -0.025234 0.023124
v -0.023630 -0.007479 0.037524
v -0.004858 -0.024769 0.031395
v -0.004215 -0.024907 0.025982
v -0.005792 -0.024741 0.034800
v 0.023373 0.007483 -0.001432
v -0.009509 -0.023743 0.033944
v -0.006407 -0.024522 0.031552
v -0.007523 -0.023981 0.031304
v -0.023045 0.012210 0.037597
v 0.024009 -0.006567 0.026269
v -0.005750 -0.024403 0.030350
v -0.008585 -0.023717 0.027720
v -0.004696 -0.024774 0.029631
v -0.008035 -0.024635 0.024442
v -0.006151 -0.024948 0.025902
v -0.009250 -0.023167 0.028787
v -0.008497 -0.024215 0.023060
v -0.008787 -0.024022 0.025296
v -0.020518 -0.015407 0.027051
v 0.021881 0.006991 0.039405
v -0.006395 -0.024885 0.036550
v -0.006585 -0.024802 0.035790
v -0.008731 -0.023558 0.029550
v -0.000793 -0.026439 0.030349
v -0.005512 -0.024870 0.032752
v -0.008194 -0.024317 0.035337
v -0.007240 -0.024779 0.035403
v 0.023231 0.006583 0.037702
v -0.003635 -0.024948 0.032274
v -0.006880 -0.025096 0.037265
v -0.004606 -0.024381 0.028281
v -0.010220 -0.023814 0.022808
v -0.000121 -0.026034 0.024971
v -0.002312 -0.026136 0.027734
v 0.022175 0.010017 -0.002345
v 0.022187 0.012577 0.033345
v -0.007851 -0.023962 0.026637
v -0.007686 -0.025077 0.038178
v -0.003435 -0.024813 0.030571
v -0.002350 -0.025339 0.028531
v -0.003288 -0.024638 0.028543
v -0.007011 -0.024371 0.029969
v -0.008184 -0.023899 0.029121
v -0.021382 0.012555 -0.035497
v -0.009784 -0.023379 0.032653
v -0.008542 -0.023820 0.031878
v -0.006332 -0.025202 0.022070
v 0.023006 0.011236 0.035169
v -0.005390 -0.024524 0.027086
v -0.003901 -0.024646 0.027091
v 0.020523 0.013577 0.000719
v -0.015906 0.017707 0.039957
v -0.001031 -0.026085 0.021825
v -0.003749 -0.025290 0.024647
v 0.023446 0.009934 0.035909
v -0.006738 -0.024988 0.023232
v -0.003781 -0.025436 0.023032
v -0.001943 -0.026178 0.029173
v -0.002664 -0.025317 0.027643
v -0.003606 -0.025405 0.021688
v 0.021702 0.011232 -0.004943
v -0.005093 -0.024917 0.025352
v -0.006973 -0.024020 0.028041
v -0.007329 -0.024624 0.023560
v -0.006637 -0.024600 0.026749
v -0.002175 -0.024870 0.018617
v -0.007195 -0.024394 0.025649
v -0.021679 0.012777 -0.000470
v -0.003238 -0.025069 0.026015
v -0.002905 -0.024918 0.027092
v -0.004954 -0.024570 0.020743
v -0.020424 0.014860 0.008231
v 0.022035 0.011113 0.000176
v -0.005212 -0.024702 0.014006
v -0.010369 -0.023155 0.018955
v 0.023053 0.007850 -0.004916
v -0.009165 -0.023674 0.019279
v -0.009358 -0.023235 0.020333
v -0.005464 -0.024693 0.015139
v -0.008810 -0.023958 0.010756
v -0.006943 -0.024264 0.021171
v -0.009418 -0.024198 0.018182
v -0.006958 -0.024411 0.012202
v -0.025246 0.000221 0.032623
v -0.004493 -0.024593 0.019529
v -0.004049 -0.025320 0.016838
v -0.008079 -0.024347 0.021777
v -0.005670 -0.024399 0.019274
v -0.005881 -0.024596 0.020119
v -0.009218 -0.023839 0.024054
v -0.006979 -0.024052 0.013286
v -0.007571 -0.023966 0.015794
v -0.008250 -0.023875 0.012631
v -0.007986 -0.024494 0.011565
v 0.023771 0.009285 0.036391
v -0.009657 -0.023386 0.016684
v -0.006530 -0.025346 0.011139
v -0.006529 -0.024378 0.014370
v -0.006081 -0.024754 0.013438
v 0.021669 0.008047 -0.018572
v -0.008335 -0.024231 0.017153
v -0.009947 -0.023658 0.022066
v -0.009206 -0.023657 0.021824
v -0.009047 0.023323 0.007992
v -0.008103 0.023891 0.007058
v -0.007751 -0.024318 0.012082
v -0.009439 -0.023194 0.014969
v -0.008105 -0.023777 0.014032
v 0.022705 0.004893 -0.027574
v 0.022292 0.012049 0.034596
v 0.019787 0.014206 -0.031640
v -0.005088 -0.025021 0.017233
v -0.002627 -0.025638 0.023535
v 0.019695 0.014872 -0.032935
v -0.004273 -0.024980 0.014487
v -0.002419 -0.025563 0.016919
v 0.019627 0.015315 -0.032438
v -0.002917 -0.025442 0.022178
v -0.004946 -0.025071 0.022031
v -0.002417 -0.025141 0.014379
v -0.002399 -0.025950 0.010269
v -0.001892 -0.025225 0.019690
v -0.001848 -0.025443 0.011742
v -0.002878 -0.025813 0.015556
v -0.003043 -0.025340 0.012790
v -0.001249 -0.025331 0.012306
v -0.002198 -0.025524 0.012239
v -0.002910 -0.025858 0.011415
v 0.019973 0.015579 0.024592
v -0.003874 -0.025897 0.010198
v -0.006443 -0.024536 0.012869
v -0.003407 -0.024881 0.017567
v -0.002655 -0.024907 0.020983
v -0.000853 -0.025364 0.014355
v 0.021269 0.013370 0.037661
v -0.001780 -0.025594 0.015928
v 0.000226 -0.025684 0.019644
v 0.001044 -0.025930 0.011686
v -0.004993 -0.025263 0.023805
v 0.024212 0.004718 0.010564
v -0.000232 -0.025627 0.015214
v -0.001810 -0.026515 0.024401
v -0.006422 -0.024969 0.024458
v -0.005742 -0.024551 0.028897
v -0.000885 -0.026247 0.023359
v -0.001807 -0.026197 0.023002
v -0.008188 -0.024193 0.034022
v -0.001260 -0.025198 0.033640
v -0.000693 -0.026415 0.029060
v -0.006669 -0.024839 0.034907
v -0.001443 -0.026489 0.027930
v -0.000317 -0.026222 0.027147
v -0.019778 -0.015226 0.006666
v -0.002395 -0.025156 0.029695
v 0.001808 -0.026117 0.032106
v 0.001451 -0.026016 0.033389
v 0.004967 -0.024611 0.036821
v 0.000174 -0.026407 0.029999
v 0.000980 -0.026354 0.028585
v 0.000773 -0.026050 0.022705
v 0.001614 -0.025945 0.026443
v -0.002279 -0.024879 0.030811
v 0.019723 0.014972 0.028642
v -0.001358 -0.025646 0.030702
v 0.001630 -0.026246 0.030584
v 0.003319 -0.025958 0.028567
v 0.006227 -0.024503 0.036188
v 0.005879 -0.024525 0.036893
v 0.023472 0.009512 0.036949
v 0.003478 -0.025720 0.030639
v 0.004322 -0.025342 0.023224
v 0.004004 -0.025398 0.032333
v 0.005794 -0.024739 0.028089
v 0.010443 -0.023135 0.007337
v 0.021539 0.013795 0.034190
v 0.017197 0.018794 0.027560
v 0.009824 -0.023085 0.007749
v 0.012648 -0.021748 0.014153
v 0.011914 -0.022040 0.012330
v 0.005556 -0.024921 0.005893
v 0.003898 -0.025433 0.026046
v 0.007747 -0.024473 0.024423
v -0.001452 -0.000715 0.040611
v 0.006148 -0.024698 0.025829
v -0.001026 -0.025393 0.015523
v 0.010872 -0.023180 0.022024
v 0.000629 -0.025873 0.010104
v 0.001012 -0.025358 0.012848
v 0.001765 -0.025448 0.018531
v 0.007369 -0.023676 0.015831
v -0.014094 0.020927 0.036126
v 0.008384 -0.023351 0.015875
v 0.003585 -0.024986 0.017160
v 0.003275 -0.025062 0.018645
v 0.001964 -0.025449 0.015638
v 0.001494 -0.025964 0.010757
v 0.005949 -0.024393 0.014087
v 0.004782 -0.024886 0.014461
v 0.004323 -0.024581 0.016391
v 0.003834 -0.025143 0.011774
v 0.001441 -0.025140 0.013446
v 0.021063 0.014942 0.036086
v 0.005867 -0.024164 0.012444
v -0.001121 -0.025472 0.011267
v 0.002780 -0.025720 0.015035
v 0.002508 -0.025609 0.011052
v 0.006646 -0.024541 0.022159
v 0.007945 -0.023853 0.020374
v 0.005248 -0.025088 0.011321
v 0.006962 -0.024440 0.011068
v 0.002235 -0.025233 0.013918
v 0.005720 -0.024799 0.009751
v 0.007669 -0.023872 0.009764
v 0.006922 -0.024278 0.010032
v 0.006929 -0.024130 0.009118
v 0.005560 -0.024538 0.017805
v 0.004375 -0.025226 0.009968
v 0.022317 0.009061 -0.009283
v 0.007539 -0.024284 0.008120
v 0.007267 -0.024244 0.014211
v 0.019528 0.012285 -0.025638
v 0.007401 -0.024002 0.013307
v 0.004796 -0.024702 0.012226
v 0.004034 -0.024821 0.015215
v 0.004120 -0.024751 0.013171
v 0.003937 -0.025169 0.014343
v 0.004923 -0.024913 0.020404
v 0.007929 -0.023760 0.016521
v 0.005337 -0.024264 0.015619
v 0.009018 -0.023401 0.016784
v 0.010125 -0.023065 0.017518
v 0.007790 -0.023806 0.012109
v 0.006811 -0.024154 0.016460
v 0.002008 -0.025506 0.020392
v 0.002748 -0.025736 0.031689
v 0.007924 -0.023953 0.027458
v 0.007759 -0.024198 0.030299
v 0.024764 0.006864 0.036321
v 0.021132 0.014393 0.025073
v 0.005140 -0.025147 0.030511
v 0.008134 -0.023673 0.017716
v 0.023501 0.005904 -0.004759
v 0.003822 -0.025344 0.010871
v 0.006189 -0.025003 0.010746
v 0.006531 -0.024727 0.010374
v 0.023792 0.004839 -0.002817
v 0.001101 -0.025571 0.019183
v 0.002534 -0.025073 0.017593
v 0.010759 -0.023003 0.019282
v 0.003431 -0.024872 0.016002
v 0.002007 -0.025801 0.024492
v 0.022324 0.009740 0.037284
v 0.000187 -0.025881 0.020910
v 0.021858 0.008696 0.039103
v -0.000170 -0.026437 0.031225
v 0.021776 0.009983 0.038323
v -0.002981 -0.024728 0.019605
v 0.020610 0.011367 -0.020246
v 0.002785 -0.025300 0.012148
v 0.002187 -0.025071 0.012981
v -0.001265 -0.025105 0.019905
v -0.003334 -0.024366 0.018461
v -0.001840 -0.025739 0.013268
v 0.019882 0.013124 -0.028346
v -0.000814 -0.024922 0.018952
v -0.001529 -0.024759 0.017640
v -0.004950 -0.024418 0.018094
v 0.020174 0.011712 0.039288
v -0.005825 -0.024719 0.021144
v 0.022553 0.008136 0.038056
v -0.003928 -0.024938 0.020685
v 0.022604 0.009772 -0.029829
v 0.001131 -0.025641 0.015648
v 0.002489 -0.024907 0.016400
v 0.023496 0.005649 0.037836
v 0.001520 -0.024760 0.017359
v 0.000460 -0.025149 0.016613
v 0.000604 -0.025000 0.018290
v 0.001659 -0.025778 0.014979
v 0.001552 -0.025481 0.014197
v -0.000716 -0.025449 0.020336
v 0.022761 0.007215 0.038631
v 0.020606 0.006518 0.039705
v -0.005545 -0.024924 0.016441
v 0.021990 0.009492 -0.034356
v 0.021256 0.010285 -0.035794
v 0.022069 0.004708 0.039519
v -0.003318 -0.025178 0.014781
v -0.003313 -0.025394 0.013871
v -0.004222 -0.024995 0.015562
v -0.000790 -0.025240 0.013222
v 0.003169 -0.025089 0.014002
v -0.000287 -0.025513 0.015869
v -0.000931 -0.025142 0.016494
v 0.000395 -0.025068 0.013653
v 0.023032 0.005689 0.038528
v 0.023317 0.004184 0.038691
v 0.008574 -0.023304 0.015161
v 0.008841 -0.023590 0.014570
v 0.007872 -0.023687 0.014699
v 0.008499 -0.023980 0.010852
v -0.001308 -0.025589 0.009960
v -0.000347 -0.025847 0.010412
v -0.000443 -0.024807 0.017567
v 0.000376 -0.025566 0.015570
v 0.000530 -0.025574 0.014743
v 0.022373 0.009967 -0.008066
v -0.009699 -0.022649 0.011484
v -0.011379 -0.021959 0.011795
v -0.013195 -0.020920 0.013324
v -0.011043 -0.022570 0.010002
v 0.021975 0.010101 -0.009271
v -0.013229 -0.020648 0.012440
v -0.011282 -0.022464 0.027355
v -0.002624 -0.025718 0.026601
v 0.023113 0.002689 0.039246
v -0.009478 -0.023237 0.029975
v -0.008481 -0.023792 0.030448
v -0.010936 -0.022857 0.026066
v 0.020726 0.011851 -0.011022
v -0.010611 -0.022756 0.030505
v -0.010949 -0.022633 0.020211
v -0.008189 -0.023920 0.020862
v -0.008930 -0.023672 0.011700
v -0.008184 -0.023849 0.009783
v -0.010653 -0.022514 0.012844
v 0.020901 0.012674 -0.007612
v -0.009024 -0.023040 0.012228
v -0.009412 -0.022854 0.013154
v -0.012792 -0.021560 0.010983
v -0.011525 -0.021768 0.013624
v -0.010459 -0.022518 0.013947
v -0.010922 -0.022191 0.015443
v 0.019791 0.016488 0.037314
v -0.012469 -0.021614 0.014899
v 0.001865 -0.005896 0.040124
v -0.013221 -0.020539 0.014375
v -0.009992 -0.023713 0.017521
v 0.022620 0.008568 -0.007251
v 0.022164 0.009851 -0.006716
v -0.010685 -0.022306 0.016957
v -0.011533 -0.022082 0.021147
v -0.009497 -0.023132 0.031175
v -0.011669 -0.022371 0.029762
v -0.011750 -0.021823 0.031244
v -0.012929 -0.021457 0.018537
v -0.011361 -0.022139 0.026752
v 0.022053 0.010316 -0.005744
v -0.013043 -0.022076 0.024081
v -0.012544 -0.022203 0.025753
v -0.016055 -0.018574 0.021971
v -0.014367 -0.020911 0.023900
v -0.013512 -0.021027 0.019871
v -0.012420 -0.021774 0.026893
v -0.010706 -0.022605 0.031783
v -0.014555 -0.019719 0.030567
v -0.015232 -0.019222 0.029148
v -0.015168 -0.019388 0.027758
v 0.021667 0.007929 -0.021079
v -0.011793 -0.022545 0.022637
v 0.021619 0.008367 -0.019859
v -0.015434 -0.019125 0.026534
v -0.015804 -0.019365 0.025196
v -0.013396 -0.020732 0.015738
v -0.013852 -0.020377 0.021277
v -0.012622 -0.021394 0.021327
v 0.024054 0.004525 0.003059
v 0.020606 0.012983 -0.031227
v -0.014453 -0.020019 0.014749
v -0.015415 -0.019895 0.011131
v 0.021439 0.011199 -0.030939
v -0.011839 -0.022335 0.018701
v 0.001813 0.011513 0.038870
v -0.019704 -0.015283 0.009544
v -0.015264 -0.019815 0.012995
v -0.012375 -0.021247 0.012576
v 0.020833 0.009963 0.039209
v -0.015980 -0.019011 0.016501
v -0.016006 -0.018995 0.014495
v -0.015854 -0.018761 0.017918
v 0.017988 0.017884 0.032746
v 0.019012 0.016937 0.034248
v 0.017212 0.018723 0.034132
v -0.012974 -0.021358 0.027638
v -0.011701 -0.021937 0.028217
v -0.020299 -0.015283 0.011411
v -0.016988 -0.018371 0.022332
v -0.011058 -0.022466 0.017895
v -0.016584 -0.018837 0.026247
v -0.015762 0.012664 0.040482
v -0.017710 -0.018526 0.023565
v -0.017140 -0.017405 0.018129
v 0.021199 0.011974 0.038309
v 0.023811 0.004825 0.037910
v -0.015194 -0.019794 0.035458
v -0.009125 0.023159 -0.035163
v -0.018179 -0.017756 0.021894
v -0.016619 -0.018582 0.029426
v -0.019112 -0.017059 0.024474
v 0.024038 -0.002733 0.005693
v -0.017814 -0.018129 0.025917
v -0.014984 -0.020309 0.024689
v -0.014384 -0.019775 0.026755
v 0.019697 0.012315 -0.023854
v 0.024110 -0.000185 0.038230
v -0.014759 0.020923 0.025435
v 0.020644 0.010831 -0.023461
v -0.024116 -0.007565 0.022567
v -0.013573 -0.020343 0.017189
v 0.022477 0.004052 -0.022868
v -0.023178 -0.009909 0.022728
v -0.023638 -0.009149 0.025942
v 0.023571 -0.012207 0.006642
v 0.023067 -0.012800 0.005963
v 0.020592 0.009716 -0.023528
v -0.021753 0.012272 0.000411
v -0.023387 -0.009729 0.020173
v -0.013039 0.021700 0.022619
v 0.020488 0.012632 -0.011511
v -0.021956 -0.013328 0.030555
v -0.015747 -0.019698 0.022484
v -0.016880 -0.018275 0.032160
v -0.019701 -0.016243 0.021439
v -0.021694 -0.013256 0.018580
v -0.017274 -0.017860 0.013016
v 0.002213 0.017430 0.039508
v 0.001569 0.018579 0.040111
v -0.021662 -0.011883 0.016776
v 0.023226 -0.004931 0.038842
v -0.023649 -0.009379 0.017942
v -0.020971 -0.014000 0.017847
v -0.020182 -0.014409 0.017272
v -0.019212 -0.016079 0.012369
v -0.019643 -0.015532 0.013282
v -0.022170 -0.012225 0.020711
v -0.020381 -0.015170 0.010395
v -0.022934 -0.010007 0.012282
v -0.022531 -0.011070 0.015078
v -0.021793 -0.012256 0.015361
v -0.023293 -0.008726 0.016620
v -0.022461 -0.010378 0.014552
v 0.023074 -0.006013 0.038302
v 0.024973 -0.006312 0.006741
v -0.022422 -0.011214 0.015990
v -0.022740 -0.009728 0.015497
v -0.023275 -0.008546 0.014147
v -0.021367 -0.013322 0.017293
v -0.022700 -0.010745 0.016867
v -0.024175 -0.005743 0.014311
v -0.022919 -0.009545 0.016848
v 0.022227 0.000965 0.039721
v -0.024766 -0.001053 0.018166
v -0.023892 -0.007638 0.016454
v -0.023928 -0.007208 0.014002
v -0.022737 -0.011627 0.018266
v -0.023540 -0.007818 0.012617
v -0.023959 -0.006264 0.011713
v -0.024540 -0.005617 0.010543
v -0.023662 -0.008185 0.015294
v 0.018414 0.014876 -0.021462
v -0.022888 -0.009719 0.013815
v -0.023649 -0.006646 0.012282
v -0.023834 -0.008587 0.011093
v -0.018880 -0.016129 0.018159
v -0.018617 -0.017230 0.002788
v 0.019283 0.013243 -0.021877
v 0.024245 0.001955 0.037556
v -0.018237 -0.017235 0.008767
v -0.018770 -0.016825 0.006532
v -0.018693 -0.017080 0.010325
v -0.018282 -0.017172 0.004884
v 0.020593 0.010952 -0.021657
v -0.014322 -0.020631 0.018520
v -0.017696 -0.017757 0.006959
v -0.018354 -0.016425 0.016233
v 0.002178 0.024839 0.008114
v -0.017906 -0.017804 0.002873
v -0.016503 -0.019114 0.005120
v -0.019303 -0.015738 0.003908
v -0.015800 -0.019910 -0.005901
v -0.018703 -0.017259 -0.007065
v 0.019787 0.012525 -0.019989
v -0.018381 -0.017682 -0.006256
v -0.016242 -0.019724 -0.008635
v 0.021725 0.009686 -0.010416
v 0.020770 0.009895 -0.022313
v -0.014743 -0.020187 -0.014319
v -0.017630 -0.018056 -0.004876
v -0.017286 -0.018423 -0.006420
v 0.021452 -0.012559 0.025065
v -0.018857 -0.016808 -0.005107
v -0.017659 -0.017994 -0.007935
v -0.017106 -0.018678 -0.011406
v -0.017409 -0.018281 -0.002805
v 0.024225 -0.001985 0.037705
v 0.021191 0.009059 -0.023048
v -0.018539 -0.017136 -0.011812
v -0.016464 -0.018861 -0.004229
v -0.016264 -0.018980 -0.010994
v 0.024281 -0.000464 0.012983
v 0.024473 -0.000706 0.011608
v 0.021927 0.008302 -0.022232
v 0.024026 -0.005515 0.035586
v -0.017971 -0.017453 -0.011098
v -0.017011 -0.018527 -0.010000
v 0.024712 -0.004523 0.036786
v 0.021274 0.009031 -0.021145
v -0.015446 -0.019514 -0.009988
v 0.024528 -0.004044 0.035338
v -0.014347 -0.020801 -0.012411
v 0.025165 0.005518 0.036443
v -0.016461 -0.019450 -0.005860
v -0.018640 -0.017071 -0.003391
v -0.015439 -0.019836 -0.006777
v -0.013374 -0.021285 -0.007939
v -0.015338 -0.019978 -0.004999
v -0.014070 -0.020857 -0.013529
v -0.011928 -0.021541 -0.015170
v -0.018745 -0.016931 -0.012821
v -0.014886 -0.020407 -0.003379
v -0.013869 -0.021233 -0.002867
v -0.013873 -0.020791 -0.010189
v -0.016800 -0.019024 -0.001233
v 0.023632 -0.006815 0.028394
v 0.025682 0.002378 0.035744
v -0.012940 -0.021520 -0.001607
v -0.013525 -0.020945 0.005530
v -0.013523 -0.021427 0.009357
v -0.015961 -0.019378 0.000100
v 0.022208 0.008077 -0.013403
v 0.021932 0.010008 -0.004088
v -0.006470 0.023601 -0.002826
v 0.019054 -0.015915 0.031827
v -0.016355 -0.019240 0.006751
v 0.022992 -0.007330 0.014050
v 0.020782 0.011771 -0.014292
v -0.012594 -0.021380 0.003491
v -0.013414 -0.021202 0.008233
v 0.018883 0.014381 -0.019987
v -0.012540 -0.021806 0.008120
v -0.017149 -0.018177 0.000453
v -0.014473 -0.020018 0.003610
v -0.015458 -0.019467 0.004832
v -0.016827 -0.018324 0.008623
v 0.020211 0.011763 -0.022429
v 0.019952 0.011781 -0.021188
v -0.018591 -0.017363 -0.000093
v -0.014683 -0.019920 0.006372
v -0.014629 -0.020136 -0.001967
v -0.003005 0.024238 0.005553
v -0.003922 0.024243 0.006376
v -0.020361 0.014549 0.025900
v -0.013953 -0.020924 0.004141
v -0.012948 -0.021458 0.007477
v -0.012481 -0.021350 0.006452
v -0.016360 -0.019047 0.001777
v -0.015871 -0.019207 0.008624
v -0.015083 -0.019683 0.001219
v -0.017515 -0.017762 0.003580
v 0.006071 0.023598 0.001771
v 0.007541 0.023236 0.003766
v -0.010134 -0.023138 0.004498
v -0.014532 -0.020564 0.009840
v 0.025583 0.000852 0.020281
v -0.013742 -0.021215 0.002214
v -0.011032 -0.022315 0.003248
v -0.012413 -0.021610 0.001957
v -0.011981 -0.022332 -0.002874
v -0.012029 -0.021816 -0.001946
v -0.011655 -0.022150 0.002186
v -0.011280 -0.022281 0.005973
v -0.015790 -0.019318 -0.012369
v 0.018634 0.015765 -0.007528
v 0.025046 -0.003265 0.031822
v -0.013475 -0.021084 0.000715
v -0.013960 -0.021124 -0.000018
v -0.012082 -0.022021 -0.000639
v -0.013010 -0.021235 -0.000318
v -0.014506 -0.020211 0.004995
v -0.012555 -0.021315 0.000825
v 0.025203 -0.000601 0.035934
v -0.013545 -0.021012 -0.012871
v 0.025177 -0.003452 0.030864
v -0.014227 -0.020937 -0.004426
v -0.012811 -0.021610 -0.004541
v -0.012530 -0.022016 -0.008607
v -0.012266 -0.021892 -0.012000
v -0.012097 -0.021797 -0.013454
v 0.024469 -0.003399 0.037602
v -0.012551 -0.021616 -0.006518
v -0.012719 -0.021127 -0.012828
v 0.024366 -0.004693 0.027330
v -0.010240 -0.022317 -0.012628
v -0.009923 -0.022601 -0.013459
v -0.007037 -0.023819 -0.009136
v -0.000975 -0.024429 -0.010906
v 0.003839 -0.024159 -0.012942
v -0.005394 -0.024039 -0.012372
v -0.007119 -0.024012 -0.004737
v -0.007638 -0.023390 -0.015895
v -0.008578 -0.023122 -0.010117
v -0.008142 -0.023369 -0.012451
v -0.007331 -0.023499 -0.012864
v -0.010385 -0.022593 -0.007876
v -0.009325 -0.023325 -0.004810
v -0.007643 -0.023284 -0.009886
v -0.009869 -0.023187 0.002708
v -0.008447 -0.023526 -0.000900
v 0.017926 -0.015868 -0.033602
v -0.006855 -0.024079 0.001795
v -0.011132 -0.022491 -0.001948
v -0.010899 -0.022492 -0.000255
v 0.020331 0.013501 -0.008983
v -0.010193 -0.022953 0.005963
v -0.009756 -0.023177 -0.000999
v -0.007406 -0.023967 -0.001677
v -0.006213 -0.024100 -0.002074
v -0.009489 -0.023582 0.009635
v 0.024821 -0.001394 0.035035
v 0.000168 -0.024668 -0.013865
v -0.002205 -0.024491 -0.013246
v 0.003695 -0.024002 -0.015294
v -0.000236 -0.024544 -0.010733
v 0.001256 -0.024175 -0.011616
v 0.001678 -0.024549 -0.009386
v 0.002453 -0.024291 -0.008542
v 0.000345 -0.024464 -0.012620
v 0.015505 0.019505 0.016995
v 0.001330 -0.024443 -0.013312
v 0.003203 -0.024122 -0.014237
v 0.002477 -0.024417 -0.014671
v -0.000464 -0.024544 -0.005758
v 0.000890 -0.024450 -0.009232
v 0.002136 -0.024196 -0.014049
v 0.003620 -0.024357 -0.010682
v 0.002355 -0.024373 -0.011664
v 0.019888 0.014115 0.001020
v 0.007175 -0.024020 -0.008107
v 0.005912 -0.024160 -0.008121
v 0.004334 -0.023902 -0.011607
v 0.004504 -0.024200 -0.014008
v 0.004522 -0.024287 -0.015762
v -0.000200 -0.024403 -0.011703
v 0.003671 -0.024609 -0.007534
v -0.010175 -0.022408 -0.014599
v -0.003218 -0.024208 -0.012760
v 0.024884 -0.003855 0.033911
v 0.000954 -0.024183 -0.010018
v 0.024338 -0.004891 0.032310
v 0.005069 -0.024885 -0.000263
v 0.024466 -0.004004 0.031509
v -0.001033 -0.024709 -0.004798
v 0.001290 -0.024875 -0.006963
v -0.000089 -0.025887 0.006960
v 0.003747 -0.024929 -0.002955
v 0.004195 -0.024767 -0.005077
v 0.003860 -0.025479 0.008749
v 0.024749 -0.003264 0.036891
v 0.023399 -0.003482 0.039050
v 0.022480 -0.008947 0.027563
v 0.004524 -0.025153 0.007229
v 0.007025 -0.024301 0.004387
v 0.004163 -0.025524 0.002671
v 0.003763 -0.025509 0.004203
v 0.003715 -0.025627 0.006960
v 0.022854 -0.008749 0.026483
v 0.022549 -0.004914 0.039697
v 0.003273 -0.025149 0.001687
v 0.021282 0.009413 -0.014583
v 0.003008 -0.025691 0.007918
v 0.002501 -0.024363 -0.012850
v 0.004645 -0.024868 -0.003978
v 0.006634 -0.024352 0.000631
v 0.003556 -0.024884 -0.006044
v 0.001764 -0.025820 0.006648
v 0.004031 -0.025271 0.000284
v 0.004638 -0.023861 -0.010165
v 0.023530 -0.001490 0.038904
v 0.005449 -0.023479 -0.011197
v 0.002844 -0.024315 -0.015300
v 0.021717 0.008426 -0.016354
v 0.002892 -0.025434 0.002710
v 0.004574 -0.025036 0.001639
v 0.005584 -0.024790 0.007813
v 0.004755 -0.024909 0.008824
v 0.001972 -0.025217 -0.002628
v 0.002329 -0.025099 -0.002134
v 0.024051 -0.005752 0.037600
v 0.002950 -0.025061 -0.004649
v 0.001296 -0.025387 0.003069
v 0.000941 -0.025011 -0.000316
v 0.003177 -0.024037 -0.011792
v 0.000038 -0.024477 -0.009753
v 0.025004 -0.007159 0.007206
v 0.001210 -0.024772 -0.008348
v -0.000244 -0.024583 -0.008080
v 0.002596 -0.024181 -0.009942
v 0.000349 -0.024337 -0.010764
v 0.002210 -0.024727 -0.007473
v 0.002502 -0.024718 -0.006286
v 0.024715 -0.003609 0.032725
v 0.024949 -0.003823 0.029509
v 0.002149 -0.024518 -0.010935
v 0.002827 -0.025497 0.000677
v 0.015406 -0.020331 0.034986
v -0.000074 -0.025162 -0.002013
v -0.000532 -0.025195 -0.000580
v 0.022699 -0.009784 0.035106
v 0.003806 -0.024740 -0.004150
v 0.001888 -0.025679 0.002589
v 0.002251 -0.025490 0.003749
v 0.002522 -0.025386 -0.000762
v 0.025089 -0.003986 0.025745
v 0.003977 -0.025032 -0.000929
v 0.025281 -0.002943 0.023378
v 0.000960 -0.025445 0.002009
v 0.017955 0.015615 -0.013061
v 0.024523 -0.004646 0.026280
v 0.002853 -0.025500 0.006393
v 0.003005 -0.025312 0.009862
v 0.000818 -0.025698 0.006127
v 0.000102 -0.024764 -0.004762
v 0.004171 -0.025046 -0.001798
v 0.003320 -0.024958 -0.001703
v 0.020847 0.011449 -0.015570
v 0.001821 -0.025903 0.005178
v 0.003894 -0.025582 0.007749
v 0.002921 -0.025417 0.004944
v 0.003868 -0.025539 0.005801
v 0.001196 -0.025478 0.004019
v -0.000492 -0.026028 0.005730
v 0.025134 -0.002955 0.033682
v 0.025041 -0.003339 0.034284
v 0.000180 -0.025836 0.005860
v -0.000236 -0.025558 0.002343
v 0.023778 -0.007225 0.017051
v 0.000434 -0.025612 0.003241
v 0.025899 -0.003356 0.026452
v -0.000810 -0.025709 0.008629
v 0.002067 -0.025657 0.008978
v 0.023553 -0.006312 0.027295
v 0.001525 -0.025406 0.000601
v 0.025103 -0.003931 0.027201
v -0.000127 -0.025206 0.012421
v 0.017824 -0.014460 0.039494
v 0.022851 -0.008284 0.028664
v -0.002212 -0.025751 0.009276
v 0.024462 -0.006017 0.033295
v 0.002946 -0.025441 0.008889
v 0.000000 -0.025255 0.000890
v 0.002220 -0.025312 0.001625
v -0.000672 -0.025931 0.004963
v 0.024000 -0.007854 0.033193
v 0.015530 0.008013 0.039056
v 0.024301 -0.006596 0.034540
v 0.025916 -0.002942 0.029980
v 0.000899 -0.025663 0.008838
v 0.021269 -0.012167 0.029998
v 0.020816 -0.012493 0.029922
v -0.000693 -0.025380 0.003464
v 0.025527 -0.003735 0.028611
v -0.002275 -0.025772 0.007069
v -0.002579 -0.025462 0.005513
v -0.001428 -0.025353 0.002184
v 0.024636 -0.005045 0.024360
v 0.024870 -0.004837 0.025267
v -0.002408 -0.025853 0.008239
v -0.005058 -0.024720 0.013075
v -0.004550 -0.025196 0.012256
v 0.000154 -0.025806 0.004725
v -0.003642 -0.024834 0.000667
v -0.005897 -0.024849 0.008349
v -0.003281 -0.025497 0.008695
v -0.004316 -0.025323 0.009176
v -0.002147 -0.025408 0.004014
v -0.005944 -0.024268 0.000650
v -0.003404 -0.025407 0.004475
v -0.004349 -0.025328 0.007987
v 0.026161 -0.002336 0.026667
v -0.003163 -0.025079 0.003629
v -0.008655 -0.023391 0.007221
v -0.010427 -0.022767 0.001246
v -0.008569 -0.023499 -0.002696
v -0.007468 -0.023896 0.000212
v 0.019598 0.014633 0.000303
v -0.008822 -0.023216 0.000654
v 0.014781 0.019533 -0.003351
v -0.005619 -0.024664 0.002166
v -0.008775 -0.023303 0.005785
v -0.006297 -0.023842 -0.000631
v -0.008842 -0.023435 0.008489
v -0.008016 -0.023855 0.001505
v -0.007372 -0.024953 0.009967
v -0.007994 -0.023801 0.007874
v -0.002920 -0.025102 0.002664
v 0.001487 -0.025798 0.009285
v 0.024015 -0.005861 0.028822
v -0.006266 -0.024238 0.005680
v -0.005479 -0.025275 0.009975
v -0.001298 -0.026381 0.029993
v 0.000907 -0.025640 0.007464
v -0.002493 -0.024935 0.001179
v 0.023991 -0.005548 0.026747
v -0.001192 -0.025022 0.000823
v 0.024644 -0.004356 0.028248
v -0.004265 -0.024898 0.003150
v -0.004678 -0.024605 0.001316
v -0.001167 -0.025664 0.006597
v -0.001917 -0.025870 0.006153
v 0.024726 -0.003833 0.034531
v -0.008365 -0.023700 0.008983
v -0.006157 -0.024409 0.003926
v -0.001687 -0.025064 0.000176
v -0.009921 -0.023006 0.006872
v -0.003399 -0.025222 0.006325
v -0.003436 -0.025347 0.005415
v 0.006054 -0.024826 0.002025
v 0.001712 -0.024923 -0.004260
v 0.024564 -0.004150 0.030365
v 0.023923 -0.006461 0.030750
v -0.001064 -0.024994 -0.001763
v -0.007083 -0.023547 -0.010840
v -0.005928 -0.024682 0.006742
v 0.024042 -0.004857 0.029300
v 0.001158 -0.024473 -0.016297
v 0.023522 -0.006269 0.029764
v -0.000021 -0.024528 -0.014825
v -0.000993 -0.024262 -0.011856
v -0.001361 -0.024247 -0.014383
v -0.005476 -0.024052 -0.013670
v -0.005410 -0.023895 -0.016915
v -0.007119 -0.023439 -0.011708
v -0.008017 -0.023601 -0.004384
v 0.022073 -0.002321 0.039686
v -0.008471 -0.023352 -0.011180
v -0.009492 -0.023133 -0.008164
v -0.003264 -0.024133 -0.013660
v -0.008706 -0.023527 -0.013495
v -0.007709 -0.023762 -0.006198
v -0.006992 -0.024189 -0.008016
v -0.007223 -0.023832 -0.003195
v -0.008710 -0.023157 -0.009253
v -0.008167 -0.023537 -0.008258
v -0.003576 -0.024380 -0.014553
v -0.004393 -0.024554 -0.013936
v -0.003325 -0.024297 -0.011338
v -0.001801 -0.024373 -0.008909
v -0.006677 -0.023946 -0.014520
v -0.004002 -0.024210 -0.006428
v -0.004793 -0.024380 -0.009344
v -0.005993 -0.024034 -0.006999
v -0.011806 -0.022501 -0.008720
v -0.015172 -0.020082 -0.016311
v -0.009740 -0.022476 -0.011863
v -0.006202 -0.023838 -0.011065
v -0.004950 -0.024437 -0.011069
v -0.004524 -0.024346 -0.015883
v -0.004850 -0.024591 -0.000641
v -0.003682 -0.024728 -0.002185
v 0.013061 0.020269 -0.014113
v -0.005284 -0.024384 -0.004210
v 0.007038 -0.023459 -0.017969
v 0.013608 0.019495 -0.012090
v 0.003955 -0.025339 0.001764
v -0.004386 -0.025270 0.005106
v -0.004465 -0.024419 -0.012451
v 0.024050 -0.006146 0.036703
v -0.006442 -0.024001 -0.013197
v -0.000842 -0.024386 -0.012823
v 0.011497 -0.021636 0.014838
v -0.002886 -0.024347 -0.015542
v 0.011663 -0.020980 -0.025659
v -0.006142 -0.023929 -0.012011
v 0.022835 -0.005640 0.039254
v -0.006081 -0.023721 -0.010036
v -0.006639 -0.024051 -0.007055
v -0.004950 -0.024711 -0.007849
v -0.002615 -0.024149 -0.014237
v -0.002009 -0.024407 -0.011953
v -0.003630 -0.024382 -0.008034
v 0.023705 -0.006804 0.035680
v -0.009524 -0.023273 0.001731
v -0.005950 -0.024096 -0.008830
v 0.023390 -0.010288 0.011816
v -0.006078 -0.023906 -0.003775
v 0.010616 0.021691 -0.006227
v -0.008865 -0.023473 0.002087
v -0.004273 -0.024693 -0.003639
v 0.023802 -0.009196 0.011400
v -0.007575 -0.023401 -0.014227
v -0.003455 -0.024544 -0.004857
v -0.002312 -0.024603 -0.006205
v -0.003187 -0.025022 -0.003469
v -0.003886 -0.024303 -0.017015
v 0.022315 -0.005831 0.039709
v -0.001431 -0.025687 0.005355
v 0.022367 -0.006871 0.039468
v -0.000346 -0.025551 0.037588
v -0.000927 -0.025428 0.004525
v -0.000597 -0.024893 -0.002886
v 0.020106 -0.012218 0.039043
v 0.022436 -0.008552 0.038087
v -0.002480 -0.024680 -0.000611
v 0.013200 0.019460 -0.019533
v 0.024470 -0.004938 0.034396
v 0.022408 -0.011537 0.034604
v -0.002225 -0.024624 -0.004220
v -0.001192 -0.024972 -0.003762
v -0.002116 -0.024802 -0.002620
v -0.001179 -0.024638 -0.007177
v 0.022039 -0.012851 0.034220
v -0.003328 -0.024075 -0.009596
v 0.001491 -0.025075 -0.003018
v 0.002829 -0.024332 -0.011017
v 0.014347 0.018401 -0.016057
v -0.002518 -0.024599 -0.008040
v -0.010143 -0.023208 0.008353
v -0.011219 -0.022484 0.007815
v -0.010944 -0.022349 0.008687
v 0.001634 -0.025142 -0.005572
v -0.001935 -0.024586 -0.022664
v -0.007831 -0.023841 0.002795
v 0.021450 -0.010400 0.038238
v -0.001693 -0.024609 -0.017669
v 0.023236 -0.009137 0.037195
v -0.002269 -0.024757 -0.019156
v 0.023034 -0.008717 0.037783
v -0.004292 -0.024307 0.038953
v 0.018871 -0.010245 0.040035
v -0.005567 -0.024289 -0.007035
v 0.012663 0.020210 -0.010433
v 0.022799 -0.009039 0.032278
v -0.002226 -0.024879 -0.024303
v -0.000873 -0.024627 -0.025021
v 0.023790 -0.007549 0.030564
v -0.002991 -0.024517 -0.025863
v -0.002545 -0.024561 -0.021357
v -0.000873 -0.024434 -0.015519
v -0.000885 -0.024580 -0.022385
v 0.020930 -0.010274 0.039228
v -0.003200 -0.024573 -0.019375
v 0.022618 -0.009199 0.029905
v 0.022936 -0.008222 0.029898
v -0.002916 -0.024274 -0.020214
v -0.002179 -0.024591 -0.010438
v -0.002779 -0.024207 -0.017057
v -0.006082 -0.023948 -0.025383
v -0.007643 -0.023516 -0.020705
v -0.006793 -0.024267 -0.020813
v -0.007037 -0.024437 -0.021728
v -0.014943 -0.019695 0.014022
v 0.024185 -0.005295 0.030784
v -0.003244 -0.024608 -0.018352
v -0.004171 -0.024641 -0.019731
v -0.004256 -0.024529 -0.021356
v -0.003553 -0.024539 -0.021094
v -0.008405 -0.023732 -0.028126
v -0.005173 -0.024232 -0.025868
v -0.001979 -0.022506 -0.039093
v -0.002053 -0.024066 -0.037967
v -0.003063 -0.024450 -0.027626
v -0.006221 -0.024269 -0.026921
v -0.006929 -0.024713 -0.034736
v -0.008486 -0.023459 -0.023310
v -0.010732 -0.023894 -0.029573
v -0.003705 -0.025322 -0.028838
v -0.004911 -0.024419 -0.027408
v -0.006835 -0.024194 -0.025996
v 0.020083 -0.014611 0.037161
v -0.006906 -0.024019 -0.017943
v -0.005277 -0.025121 -0.028179
v -0.000706 -0.025587 -0.033805
v 0.001197 -0.024777 -0.036099
v -0.003979 -0.025350 -0.032589
v -0.002237 -0.025508 -0.033235
v 0.020318 -0.013654 0.037807
v 0.001486 -0.025980 -0.032187
v -0.002233 -0.025595 -0.028805
v -0.000959 -0.026019 -0.028281
v -0.001821 -0.024627 -0.026199
v -0.004472 -0.024568 -0.018265
v 0.001476 -0.024176 -0.016984
v -0.001518 -0.024826 -0.021664
v -0.000824 -0.026236 -0.031144
v -0.000633 -0.026382 -0.030369
v -0.002192 -0.025853 -0.030871
v 0.023316 -0.007876 0.031795
v 0.022656 -0.010069 0.031919
v 0.004311 -0.025185 -0.027894
v 0.007833 0.022233 -0.019922
v 0.004588 -0.025215 -0.026912
v 0.005493 -0.024820 -0.027692
v 0.002564 -0.026181 -0.029606
v 0.004058 -0.025814 -0.031377
v 0.000711 -0.024966 -0.026755
v 0.002621 -0.026035 -0.030846
v 0.000134 -0.026585 -0.029117
v 0.002490 -0.025793 -0.032057
v 0.000593 -0.025884 -0.032491
v 0.003719 -0.025627 -0.027162
v 0.004319 -0.025875 -0.029938
v 0.004095 -0.024301 -0.023842
v 0.023350 -0.007501 0.029461
v 0.024363 -0.005675 0.025434
v 0.005639 -0.023107 -0.037314
v 0.005747 -0.023862 -0.023382
v 0.006483 -0.023649 -0.023912
v 0.024093 -0.006750 0.024907
v 0.004495 -0.024172 -0.020048
v 0.002490 -0.024554 -0.022721
v 0.003330 -0.023998 -0.020201
v 0.004196 -0.024056 -0.014866
v 0.005668 -0.023471 -0.020388
v 0.012562 0.020693 -0.008591
v 0.023197 -0.007603 0.016184
v 0.022592 -0.009378 0.014678
v 0.023776 -0.004369 0.007924
v 0.004143 -0.024153 -0.021412
v 0.024305 -0.001623 0.014217
v 0.003537 -0.024219 -0.015978
v 0.002312 -0.024403 -0.020578
v 0.003035 -0.024347 -0.021531
v 0.003542 -0.024220 -0.018987
v 0.004720 -0.023934 -0.018363
v 0.002525 -0.024368 -0.019417
v 0.022660 -0.008498 0.014343
v 0.001111 -0.025719 -0.027268
v 0.001922 -0.024395 -0.021644
v 0.000250 -0.024604 -0.015787
v 0.003029 -0.024533 -0.023926
v -0.020744 0.015225 0.034017
v 0.001414 -0.024299 -0.014951
v -0.000084 -0.024297 -0.017623
v -0.000665 -0.024602 -0.016601
v 0.002531 -0.024561 -0.016497
v 0.023341 -0.007630 0.027077
v 0.001101 -0.024524 -0.017739
v 0.023081 -0.010249 0.022222
v 0.023159 -0.010693 0.023215
v 0.022353 -0.011259 0.021808
v 0.005231 -0.024658 -0.026728
v 0.000315 -0.024639 -0.016659
v 0.000929 -0.024800 -0.023937
v 0.022374 -0.009790 0.026541
v 0.001862 -0.025302 -0.026230
v 0.003734 -0.024497 -0.025595
v 0.003424 -0.025541 -0.027874
v 0.001752 -0.024124 -0.036776
v -0.001404 -0.025647 -0.033204
v -0.001184 -0.025651 -0.032337
v 0.000881 -0.024710 -0.021414
v 0.007961 0.022900 -0.008854
v 0.005824 -0.024854 -0.033743
v 0.000423 -0.025304 -0.034829
v -0.011230 -0.023050 -0.036579
v -0.002788 -0.024754 -0.036595
v -0.007041 -0.024164 -0.027977
v -0.005310 -0.025216 -0.034911
v -0.006780 -0.025066 -0.032926
v -0.004431 -0.024801 -0.028247
v 0.001212 -0.026235 -0.030516
v 0.000122 -0.026191 -0.030871
v -0.011668 -0.023163 -0.031791
v -0.008926 -0.024353 -0.029284
v -0.009701 -0.023188 -0.023118
v -0.010303 -0.023463 -0.027675
v -0.005581 -0.023961 -0.024036
v -0.009905 -0.023540 -0.027172
v -0.008676 -0.023295 -0.026713
v -0.008876 -0.024400 -0.030867
v -0.007697 -0.024071 -0.022299
v -0.007943 -0.023541 -0.025793
v -0.003946 -0.024449 -0.024533
v -0.009119 -0.023357 -0.025736
v -0.006714 -0.024039 -0.023033
v 0.022827 -0.010502 0.032790
v -0.003057 -0.025639 -0.029812
v -0.003377 -0.024520 -0.022594
v 0.008039 0.022023 -0.023695
v 0.021225 -0.012157 0.026931
v -0.006133 -0.024845 -0.027877
v -0.004543 -0.025425 -0.029644
v -0.010671 -0.022782 -0.026442
v -0.003998 -0.024580 -0.026316
v -0.006893 -0.024941 -0.028599
v 0.001338 -0.024697 -0.034953
v 0.002627 -0.025943 -0.028565
v 0.001130 -0.025329 -0.033854
v 0.001375 -0.023896 -0.037811
v 0.002738 -0.022725 -0.039102
v -0.006277 -0.023471 -0.037472
v 0.023686 -0.008077 0.037184
v -0.001318 -0.024725 -0.036157
v -0.010627 -0.023760 -0.032493
v -0.009033 -0.024198 -0.032481
v -0.008937 -0.022736 -0.037409
v -0.007526 -0.024032 -0.023362
v 0.022736 -0.009806 0.031026
v 0.007011 0.023352 -0.033539
v 0.000151 -0.024940 -0.036353
v 0.003409 -0.024255 -0.024823
v 0.002251 -0.023173 -0.038433
v 0.000836 -0.022062 -0.039408
v 0.012488 0.021179 -0.034259
v -0.003820 -0.024997 -0.035739
v -0.007501 -0.021740 -0.039323
v 0.004782 -0.023136 -0.037510
v 0.023404 -0.009260 0.033192
v 0.006238 0.022530 -0.028204
v 0.005608 -0.024575 -0.034815
v -0.005671 -0.021199 -0.039696
v 0.000023 0.024778 -0.034337
v -0.004225 -0.020744 -0.039657
v 0.023541 -0.009162 0.034172
v 0.002801 -0.024797 -0.025529
v 0.001802 -0.025782 -0.033128
v 0.006058 -0.023651 -0.024893
v 0.024974 -0.004816 0.033336
v 0.010052 -0.021971 -0.021819
v 0.009064 -0.022455 -0.020603
v 0.022229 -0.010100 0.027647
v -0.005993 -0.024193 -0.021826
v -0.000962 -0.024572 -0.023582
v 0.003264 -0.024111 -0.017721
v -0.006896 -0.024265 -0.036007
v 0.023049 -0.009599 0.021773
v 0.022812 -0.010386 0.021538
v -0.010529 -0.022430 -0.022477
v -0.011113 -0.022463 -0.023884
v -0.009670 -0.023157 -0.026228
v -0.001536 -0.024512 -0.020417
v -0.009788 -0.022827 -0.021079
v 0.008854 0.021414 -0.030082
v -0.011203 -0.022984 -0.029122
v -0.004730 -0.024352 -0.022536
v -0.010158 -0.022309 -0.017359
v 0.007353 0.022133 -0.029883
v 0.008200 0.022079 -0.031690
v -0.012273 -0.022255 -0.024314
v -0.006034 -0.025005 -0.033596
v -0.007510 -0.024633 -0.033460
v 0.021844 -0.012034 0.032491
v -0.007164 -0.023826 -0.024495
v 0.005227 -0.023679 -0.021357
v -0.012017 -0.021687 -0.037284
v -0.009463 -0.023041 -0.022332
v -0.000128 -0.023974 -0.037589
v -0.009721 -0.020173 -0.039785
v -0.013115 -0.021936 -0.036821
v -0.011525 -0.023306 -0.033527
v -0.013308 -0.022334 -0.030296
v 0.010774 0.022742 -0.036062
v -0.012984 -0.022596 -0.031052
v 0.007700 -0.020481 -0.039422
v 0.023040 -0.008855 0.036163
v -0.010045 -0.023654 -0.028425
v -0.002661 -0.018557 -0.040263
v -0.016300 -0.017642 -0.038988
v -0.015362 -0.021070 -0.032025
v -0.012791 -0.018913 -0.039376
v 0.021677 -0.011288 0.037781
v -0.010271 -0.022371 -0.037490
v -0.015264 -0.020230 -0.036959
v -0.014274 -0.017474 -0.039750
v -0.002269 -0.025431 -0.034305
v -0.002947 -0.025472 -0.034943
v -0.012353 -0.020795 -0.038469
v -0.011257 -0.021660 -0.037944
v -0.010517 -0.021078 -0.038624
v -0.009861 -0.024172 -0.029720
v -0.014413 -0.020816 -0.037189
v 0.022358 -0.010733 0.037638
v -0.008928 -0.023207 -0.024763
v -0.016070 -0.019790 -0.028334
v -0.012191 -0.021979 -0.028691
v -0.013363 -0.021987 -0.029753
v -0.015515 -0.020635 -0.036139
v -0.009979 -0.023465 -0.033647
v -0.014769 -0.021891 -0.032966
v -0.014316 -0.022164 -0.031845
v -0.013085 -0.022236 -0.032829
v -0.012268 -0.022240 -0.027031
v -0.011446 -0.022365 -0.025293
v -0.016951 -0.019863 -0.033461
v -0.011951 -0.021834 -0.021740
v -0.014175 -0.020649 -0.015889
v -0.010503 -0.022347 -0.015777
v -0.008615 -0.023232 -0.021607
v -0.014194 -0.021000 -0.006303
v 0.009905 -0.021551 -0.037412
v -0.011930 -0.021968 -0.010322
v -0.011045 -0.022320 -0.014189
v -0.011895 -0.022110 -0.023179
v -0.015400 -0.019923 -0.009163
v -0.013124 -0.021209 -0.023635
v -0.015119 -0.020143 -0.019977
v -0.012477 -0.022445 -0.035145
v -0.014287 -0.021708 -0.035723
v -0.015169 -0.021087 -0.034947
v 0.012370 0.019883 -0.025469
v 0.018935 0.016386 -0.032989
v -0.013941 -0.020763 -0.019954
v -0.014084 -0.020779 -0.022851
v -0.014801 -0.020739 -0.021670
v -0.014796 -0.020847 -0.026904
v -0.015143 -0.020182 -0.026128
v -0.013474 -0.021149 -0.027221
v -0.015407 -0.019850 -0.019018
v 0.022495 -0.009498 0.037794
v -0.009840 -0.023090 -0.036805
v -0.008497 -0.023860 -0.036756
v 0.014362 -0.016037 0.040191
v -0.013067 -0.021261 -0.028125
v -0.017546 -0.017839 -0.012500
v -0.014455 -0.020461 -0.017965
v -0.015925 -0.019298 -0.017769
v -0.017861 -0.017471 -0.014637
v -0.018518 -0.018569 -0.027941
v -0.019097 -0.017750 -0.027602
v -0.020667 -0.016065 -0.025884
v -0.020116 -0.017443 -0.028623
v -0.013231 -0.021048 -0.021309
v -0.009135 -0.023573 -0.006736
v -0.018279 -0.016809 -0.009552
v 0.020268 -0.014112 0.035624
v -0.017267 -0.018169 -0.020449
v -0.017839 -0.017763 -0.017232
v 0.018478 -0.015918 0.036445
v -0.007457 -0.024192 0.008730
v 0.021877 -0.011173 0.035756
v -0.018550 -0.017137 -0.018938
v -0.016068 -0.019096 -0.019791
v -0.004272 -0.024125 -0.037372
v -0.013064 -0.021088 -0.016530
v -0.018934 -0.017067 -0.026091
v -0.019018 -0.016526 -0.016569
v -0.013337 -0.021251 -0.029077
v -0.014837 -0.020303 -0.023110
v -0.017823 -0.018239 -0.026901
v -0.016992 -0.019174 -0.021789
v -0.012434 -0.021657 -0.007615
v 0.018076 0.013375 -0.037985
v -0.017537 -0.019612 -0.029128
v -0.014574 -0.022097 -0.030544
v -0.015849 -0.019812 -0.026680
v -0.016766 -0.019159 -0.027204
v -0.015482 -0.019763 -0.023690
v 0.019570 0.013591 -0.035089
v -0.010298 -0.023302 -0.035306
v -0.015935 -0.020755 -0.035104
v -0.014575 -0.019550 -0.038541
v -0.017526 -0.019117 -0.028090
v -0.015661 -0.020740 -0.033825
v 0.019844 -0.011213 0.039614
v -0.016158 -0.020294 -0.032769
v -0.019181 -0.018908 -0.029717
v -0.018429 -0.018991 -0.028917
v -0.006052 -0.025095 -0.032016
v -0.007627 -0.024701 -0.031832
v -0.007793 -0.024514 -0.030028
v 0.021910 -0.011277 0.036843
v -0.017462 -0.018041 -0.016082
v -0.021799 -0.015844 -0.030599
v 0.020165 0.008183 -0.038992
v -0.016888 -0.020102 -0.030310
v -0.019371 -0.016269 -0.022329
v -0.019481 -0.018650 -0.028687
v -0.014316 -0.021684 -0.034185
v 0.022507 -0.010080 0.036589
v 0.019395 0.013436 -0.036565
v -0.017880 -0.017323 -0.016137
v -0.017793 -0.017877 -0.025184
v 0.020451 0.013055 -0.029031
v -0.016836 -0.018957 -0.025855
v -0.016618 -0.020213 -0.031903
v 0.020751 0.012383 -0.029762
v -0.019743 -0.017396 -0.031998
v 0.011801 -0.020838 -0.021752
v -0.016608 -0.019051 -0.020851
v 0.011715 -0.021083 -0.022683
v -0.020199 -0.018226 -0.030074
v 0.017911 0.016413 -0.032627
v -0.019054 -0.018500 -0.030930
v 0.023223 -0.010532 0.034029
v -0.015923 -0.020977 -0.030824
v -0.014374 -0.020962 -0.028462
v -0.017435 -0.017657 -0.038204
v -0.018160 -0.019091 -0.030187
v 0.021448 -0.013005 0.033256
v -0.015485 -0.021095 -0.029605
v -0.018764 -0.017250 -0.024882
v 0.021650 -0.010875 0.026969
v 0.022123 -0.010574 0.025808
v -0.019661 -0.017087 -0.034590
v -0.018285 -0.017908 -0.036752
v -0.006803 -0.025076 -0.029629
v -0.018507 -0.017529 -0.023487
v 0.018167 0.005864 -0.040465
v -0.020756 -0.017023 -0.029634
v -0.018023 -0.018141 -0.022079
v -0.016815 -0.019787 -0.035386
v -0.020066 -0.015858 -0.036988
v -0.018208 -0.018861 -0.032260
v -0.025038 -0.007409 -0.032167
v -0.021973 -0.014632 -0.033953
v -0.022933 -0.013422 -0.029456
v -0.025155 -0.007685 -0.034688
v -0.025550 -0.004891 -0.031877
v -0.022124 -0.013592 -0.034852
v -0.024227 -0.010227 -0.033818
v -0.023168 -0.007549 -0.038613
v -0.022334 -0.014757 -0.032282
v -0.025701 -0.006025 -0.033531
v -0.025663 -0.005515 -0.035194
v -0.024140 0.001858 -0.039211
v 0.017801 0.015525 -0.036935
v 0.018595 0.014873 -0.035888
v -0.022964 -0.010440 -0.037456
v -0.023675 -0.011475 -0.029691
v 0.012544 -0.021711 -0.032677
v -0.024273 0.002221 -0.031882
v -0.025654 -0.005153 -0.028005
v 0.023011 -0.000287 -0.014269
v -0.023696 -0.011316 -0.035638
v -0.023144 -0.012814 -0.033887
v -0.024260 -0.009587 -0.031234
v -0.024236 -0.009503 -0.035846
v -0.024570 -0.007538 -0.036807
v -0.022777 -0.003220 -0.039566
v -0.024596 0.000629 -0.033882
v -0.026073 -0.003201 -0.035480
v -0.025333 -0.004526 -0.036918
v -0.023815 -0.001527 -0.039398
v -0.025546 -0.002380 -0.037128
v -0.024765 0.000473 -0.032827
v 0.020967 -0.012769 0.036577
v -0.025670 -0.005798 -0.030028
v -0.023642 0.000128 -0.039460
v -0.025813 -0.004539 -0.029260
v -0.024616 -0.000673 -0.028447
v -0.024870 -0.001293 -0.029667
v -0.025326 -0.002191 -0.028852
v -0.024584 -0.000073 -0.031690
v -0.023649 -0.011572 -0.032061
v -0.024354 0.002928 -0.033145
v -0.026030 -0.003809 -0.026358
v -0.025181 -0.000408 -0.033059
v 0.023070 -0.000034 -0.018627
v -0.026161 -0.003629 -0.030198
v 0.022672 -0.009847 0.028716
v -0.024706 0.002428 -0.028945
v -0.024100 0.005367 -0.028436
v -0.024604 -0.005110 -0.022252
v -0.025732 -0.003714 -0.028850
v -0.025708 -0.003160 -0.027647
v -0.024442 0.001961 -0.034507
v -0.024746 0.001512 -0.033177
v -0.024623 -0.003209 -0.018357
v -0.024715 0.003777 -0.021155
v -0.025043 0.000745 -0.019512
v -0.024567 0.002581 -0.030599
v 0.021354 -0.012467 0.037902
v 0.022791 -0.003062 -0.028129
v 0.022772 0.009026 -0.028857
v -0.024620 0.002465 -0.019294
v 0.022268 0.010001 -0.028365
v 0.010737 0.019799 -0.038954
v 0.020602 -0.012301 0.038400
v -0.024422 0.000643 -0.029068
v 0.020884 -0.014258 0.034637
v -0.025118 -0.000576 -0.017571
v -0.024929 -0.002394 -0.024529
v 0.020808 0.010383 -0.037465
v 0.020336 0.012026 -0.036079
v -0.025040 0.001076 -0.022070
v -0.024668 -0.005776 -0.018297
v -0.024955 0.001825 -0.016971
v -0.024987 -0.001261 -0.022516
v 0.020422 -0.014806 0.033947
v 0.011738 -0.019946 -0.038036
v -0.025071 -0.001150 -0.020109
v -0.025547 -0.005552 -0.025296
v -0.025191 -0.006981 -0.025275
v -0.024877 -0.004722 -0.020684
v -0.024888 -0.004760 -0.023569
v -0.024268 -0.006685 -0.020419
v -0.024826 -0.002784 -0.021253
v 0.022706 -0.011923 0.033522
v 0.021203 -0.013889 0.033890
v -0.022972 -0.013631 -0.031047
v 0.023437 -0.006243 0.011001
v -0.023202 -0.012624 -0.028468
v -0.023699 -0.009601 -0.023927
v -0.022234 -0.013946 -0.028302
v -0.023702 -0.011310 -0.027726
v -0.023431 -0.010609 -0.024247
v -0.022446 -0.011641 -0.023679
v -0.023315 -0.009404 -0.020877
v -0.024758 -0.006598 -0.024211
v -0.024704 -0.003137 -0.023251
v -0.024435 -0.009527 -0.029214
v -0.024139 -0.010263 -0.028264
v -0.024008 -0.008199 -0.023380
v -0.022766 -0.010443 -0.019208
v -0.022609 -0.011724 -0.020527
v 0.019354 -0.012999 0.039355
v -0.025386 -0.003787 -0.024821
v 0.020715 -0.013026 0.037962
v -0.024248 -0.005641 -0.019563
v -0.023666 -0.009778 -0.024723
v -0.023044 -0.013011 -0.025348
v -0.021857 -0.009524 -0.038732
v -0.024561 -0.003278 -0.038485
v 0.018358 -0.016185 0.037451
v -0.022332 -0.012883 -0.024436
v -0.022984 -0.012911 -0.027457
v 0.019159 -0.015487 0.037194
v -0.022547 -0.013943 -0.027368
v 0.021672 0.011106 -0.006858
v -0.021937 -0.014393 -0.025290
v 0.020809 -0.012742 0.028723
v -0.025276 -0.006963 -0.026900
v 0.017589 -0.017418 0.033072
v -0.024325 -0.009044 -0.024637
v -0.021833 0.011033 -0.034628
v -0.024242 -0.010885 -0.026612
v -0.023472 -0.009678 -0.017814
v 0.018728 -0.016586 0.032913
v -0.024986 -0.008603 -0.027109
v -0.024479 -0.009884 -0.026957
v 0.016245 -0.018335 0.027236
v 0.022209 -0.004190 -0.026668
v -0.024540 -0.007748 -0.024675
v -0.025078 -0.008052 -0.029908
v 0.015614 -0.018688 0.028197
v -0.025316 -0.006836 -0.028549
v 0.016562 -0.017786 0.028600
v 0.021247 -0.011854 0.027763
v 0.017338 0.017019 -0.032857
v -0.023628 -0.007579 -0.021753
v -0.024271 -0.007016 -0.019256
v -0.024593 -0.004942 -0.016930
v -0.024633 0.003110 -0.025220
v -0.025009 -0.008613 -0.025804
v -0.024750 -0.008189 -0.028197
v 0.017656 -0.017021 0.031694
v 0.017258 -0.016833 0.030613
v 0.018298 -0.015960 0.030509
v -0.024693 -0.006129 -0.006574
v -0.025090 -0.001907 -0.007453
v -0.024892 -0.002068 -0.009010
v 0.005919 0.022741 -0.022576
v -0.025062 -0.003316 -0.007327
v -0.023663 -0.008027 -0.020395
v -0.003841 -0.025534 -0.030697
v -0.023995 -0.010209 -0.025530
v 0.015836 -0.018761 0.038496
v -0.024341 -0.006210 -0.004730
v -0.024527 -0.006042 -0.021589
v -0.024457 -0.006355 -0.022783
v -0.024362 -0.006018 -0.012207
v -0.025130 -0.003569 -0.013493
v -0.024292 -0.005216 -0.012579
v -0.024265 -0.006809 -0.016730
v 0.016519 -0.018172 0.038068
v 0.023969 0.002437 -0.035235
v 0.020686 0.005676 -0.039378
v -0.024821 -0.003846 -0.015894
v 0.021646 -0.010902 0.028647
v 0.016037 -0.019314 0.035062
v 0.015558 -0.019659 0.034133
v 0.018381 -0.002228 -0.040502
v -0.024105 -0.006524 -0.011064
v -0.024492 -0.005547 -0.014838
v -0.024495 -0.004701 -0.006503
v -0.024935 -0.001942 -0.015520
v 0.023825 -0.006736 0.011930
v 0.015304 0.008901 -0.040750
v -0.024907 -0.003209 -0.001870
v -0.024848 -0.004344 -0.004918
v 0.016655 0.010649 -0.040231
v -0.025024 -0.001738 -0.005382
v -0.024913 -0.001282 -0.003129
v -0.025185 -0.000544 0.007150
v -0.024898 0.002085 -0.001373
v -0.024963 0.001589 -0.008411
v 0.023542 0.006598 0.000593
v 0.020818 -0.012399 0.017494
v -0.025142 -0.002938 0.002515
v -0.024525 -0.006364 0.002210
v -0.024694 -0.004123 0.000960
v 0.024041 -0.008640 0.003233
v -0.022926 -0.009866 0.004233
v -0.025366 0.000475 0.005062
v -0.023930 -0.007810 0.004290
v -0.025163 -0.002086 0.004324
v -0.023226 -0.009862 0.009411
v 0.025875 -0.002007 0.023898
v 0.021412 -0.012373 0.031605
v 0.019102 0.005428 -0.040117
v 0.020005 -0.014285 0.028872
v 0.020176 -0.013429 0.029770
v 0.015552 -0.019187 0.027325
v 0.013158 -0.022005 0.022618
v -0.024285 -0.005929 0.008541
v -0.024693 -0.004215 0.003419
v -0.024775 -0.004020 0.008163
v 0.017557 0.003781 -0.040654
v -0.025009 -0.003726 0.006231
v -0.024886 0.003330 0.001347
v 0.022568 0.005921 -0.027569
v 0.023957 -0.007826 0.024785
v -0.024598 -0.006027 -0.002317
v 0.019222 0.001768 -0.040277
v 0.024181 -0.008045 0.022350
v -0.023940 -0.007860 -0.003516
v -0.023758 -0.007777 -0.009007
v -0.024441 -0.004922 -0.000834
v -0.023943 -0.008190 -0.007057
v -0.024752 0.001234 0.000946
v -0.025029 -0.001162 0.001479
v -0.025293 -0.000565 -0.008362
v 0.020952 -0.005861 -0.038554
v 0.021012 -0.013267 0.035104
v -0.024521 -0.005325 -0.005749
v -0.023463 -0.008249 -0.011774
v -0.023417 -0.008914 -0.010245
v -0.025105 0.000182 -0.015082
v 0.021495 -0.012279 0.030646
v 0.021258 -0.013096 0.021864
v -0.023872 -0.008445 -0.015159
v -0.024443 -0.005705 0.000262
v -0.025395 -0.002788 -0.025396
v -0.023773 -0.008402 -0.001304
v -0.023914 -0.006800 -0.000174
v -0.024701 -0.003997 -0.010220
v -0.024466 -0.006096 -0.008650
v -0.023407 -0.009584 -0.016472
v 0.021623 -0.006216 -0.032267
v -0.022219 -0.012145 -0.010896
v -0.021448 -0.013875 -0.023935
v -0.023607 -0.008489 -0.016843
v -0.022550 -0.011225 -0.015928
v -0.020740 -0.013667 -0.017055
v -0.021024 -0.013417 -0.019272
v 0.021765 -0.012603 0.020955
v -0.025077 -0.001300 -0.011908
v -0.024953 0.001622 -0.014974
v -0.025400 0.002925 -0.006349
v -0.011656 0.021310 -0.033952
v 0.020848 -0.012952 0.025945
v -0.025091 0.000852 -0.005842
v -0.023347 -0.009823 -0.008272
v -0.022310 -0.012247 -0.003021
v -0.010327 0.022518 0.001799
v -0.024003 -0.007432 -0.005342
v -0.023560 -0.009258 -0.004705
v 0.021913 -0.012209 0.022851
v -0.022587 -0.010874 -0.000856
v -0.022638 -0.010798 -0.009704
v -0.022659 -0.010687 0.006009
v -0.024548 -0.005819 0.004516
v -0.022658 -0.011037 0.002065
v -0.022778 -0.011065 -0.004954
v 0.021796 -0.012276 0.021898
v -0.024101 -0.006592 0.007316
v -0.024251 -0.006400 0.006175
v 0.019053 -0.002910 -0.040558
v 0.022781 -0.010120 0.025695
v 0.022747 -0.010156 0.024757
v 0.021651 -0.011777 0.026827
v -0.022058 -0.012714 0.002583
v -0.023638 -0.008924 0.001563
v -0.021052 -0.014097 -0.006327
v -0.024968 -0.001195 -0.001286
v -0.025355 0.000055 -0.002292
v 0.021871 -0.011497 0.025266
v -0.022527 -0.011355 -0.006837
v -0.022106 -0.012093 -0.009276
v 0.022529 -0.010862 0.020938
v -0.019419 -0.015775 -0.003993
v -0.019047 -0.016134 0.001280
v -0.019392 -0.015805 -0.000680
v -0.019447 -0.016006 0.002529
v 0.023556 -0.009278 0.022449
v -0.019066 -0.016009 0.007978
v -0.024747 0.003420 -0.014294
v -0.020924 -0.014774 -0.000806
v -0.025188 0.002440 0.006656
v -0.024072 -0.006993 -0.013135
v -0.018949 -0.015904 0.006713
v 0.020678 -0.012701 -0.018133
v -0.020971 -0.013927 0.010612
v -0.020368 -0.014568 0.008462
v -0.011148 -0.022481 -0.004026
v -0.012211 -0.022024 -0.003601
v -0.009185 -0.023076 -0.014905
v -0.020472 -0.015087 -0.008332
v -0.022600 -0.011556 -0.008434
v -0.020598 -0.014362 -0.012565
v -0.020256 -0.015099 -0.013259
v -0.022493 -0.011088 -0.014848
v -0.019030 -0.016668 -0.006407
v -0.022675 -0.011016 -0.017938
v -0.022117 -0.012350 -0.022287
v -0.021127 -0.013556 -0.018213
v -0.020738 -0.014606 -0.018048
v -0.021238 -0.012899 -0.009596
v 0.022028 -0.011596 0.020405
v -0.020722 -0.014140 -0.009780
v -0.018830 -0.017404 -0.022097
v -0.018590 -0.017219 -0.020897
v -0.019173 -0.016400 -0.007781
v -0.020632 -0.014439 -0.016045
v -0.020405 -0.014948 -0.021499
v -0.021090 -0.013599 -0.022551
v -0.020619 -0.014900 -0.011138
v -0.016232 -0.019625 -0.022708
v -0.017066 -0.019101 -0.023765
v 0.014655 -0.019365 -0.036763
v -0.015615 -0.019846 -0.025136
v -0.021251 -0.013312 -0.013069
v -0.021732 -0.012808 0.005883
v -0.020448 -0.014924 -0.023555
v -0.019764 -0.015555 -0.018568
v -0.021177 0.012646 -0.036946
v -0.020070 -0.015054 -0.017133
v -0.017059 -0.018684 -0.017019
v -0.017216 -0.018551 -0.018529
v -0.019361 -0.015932 -0.020342
v -0.017162 -0.018584 -0.013674
v -0.020768 -0.014519 -0.019041
v -0.020410 -0.014805 -0.020009
v 0.015701 0.017293 -0.030410
v -0.009554 -0.023219 -0.023909
v 0.022173 -0.010362 0.014616
v 0.016081 0.018619 -0.034365
v 0.017219 0.018157 -0.035157
v 0.002539 -0.023948 -0.037277
v 0.022773 -0.010133 0.013551
v -0.002496 -0.020727 -0.040033
v 0.012482 -0.017235 -0.039832
v 0.011544 -0.018532 -0.039621
v -0.024137 0.004412 -0.034624
v 0.006964 -0.021800 -0.038502
v -0.010124 -0.021872 -0.038514
v 0.002028 -0.020492 -0.039822
v -0.016274 -0.019288 -0.037427
v -0.018321 -0.010676 -0.040012
v -0.025992 -0.000650 -0.036092
v -0.018345 -0.015631 -0.038727
v 0.021026 -0.012255 -0.026107
v -0.008558 -0.024335 -0.031690
v 0.020842 -0.008503 -0.028742
v 0.008678 -0.023413 -0.031886
v -0.023652 0.005151 -0.038714
v -0.019523 -0.016292 -0.024448
v -0.021029 -0.015808 -0.028727
v -0.020216 -0.016552 -0.027359
v 0.022301 -0.006602 -0.020784
v -0.021159 -0.014769 -0.035363
v -0.015869 -0.015692 -0.039675
v -0.019581 -0.012359 -0.039503
v -0.020458 -0.015771 -0.034368
v -0.021144 -0.013439 -0.037744
v 0.023303 -0.000820 -0.013145
v -0.021089 -0.015530 -0.033905
v -0.022938 -0.013651 -0.026468
v -0.022178 -0.014590 -0.029478
v 0.019337 -0.015155 0.024679
v -0.021630 -0.013478 -0.003590
v 0.022958 0.000023 -0.017143
v -0.022882 -0.010161 -0.011541
v 0.019617 -0.014501 0.025730
v -0.019817 -0.015227 -0.015737
v 0.019757 -0.014097 0.027447
v -0.021719 -0.015207 -0.027067
v 0.020482 -0.012657 0.027155
v -0.020680 -0.014067 -0.019718
v 0.019304 -0.015391 0.021845
v 0.020429 -0.014526 0.022212
v -0.023120 -0.010253 -0.015477
v -0.021364 -0.016176 -0.032449
v 0.021223 -0.013000 0.024048
v -0.022716 -0.010631 -0.016756
v -0.022075 -0.012297 -0.017160
v -0.023662 -0.008700 -0.019265
v -0.023948 -0.007813 -0.018026
v 0.018933 -0.015065 0.017653
v -0.023632 -0.011971 -0.026240
v -0.021859 -0.012803 -0.023448
v 0.023023 0.003436 -0.025261
v -0.021490 -0.006863 -0.039715
v -0.020730 -0.015343 -0.024740
v 0.010632 -0.022987 0.027761
v -0.024363 0.005625 -0.036927
v -0.021193 -0.007989 -0.039527
v -0.024667 0.001191 -0.030551
v -0.024636 -0.000363 -0.030047
v -0.014147 -0.004212 -0.040165
v -0.001308 -0.024959 -0.027704
v -0.015719 0.000773 -0.040048
v -0.000599 -0.025480 -0.027982
v -0.019759 -0.007437 -0.039879
v -0.021926 -0.006510 -0.039317
v -0.024624 0.001082 -0.032047
v -0.021448 0.004743 -0.039930
v -0.008166 0.004339 -0.039793
v -0.021966 -0.004887 -0.039585
v -0.023255 -0.005288 -0.039105
v -0.020397 -0.010112 -0.039217
v -0.010881 0.002992 -0.040183
v 0.019012 -0.016069 0.024645
v 0.021801 -0.006150 -0.026994
v 0.019719 -0.014390 0.030023
v -0.000304 -0.021540 -0.039895
v -0.019484 0.014571 -0.032901
v 0.021516 -0.012253 -0.036491
v 0.013230 -0.021223 0.031987
v 0.023172 0.002597 -0.025117
v 0.005839 -0.025291 -0.031283
v 0.017618 -0.002588 -0.040808
v 0.019893 -0.014391 0.031410
v 0.022623 -0.001733 -0.022245
v 0.018289 -0.016024 0.029517
v 0.021017 0.000258 -0.039638
v 0.018907 -0.001134 -0.040525
v 0.018233 -0.007845 -0.040459
v 0.016922 -0.007974 -0.040751
v 0.019085 -0.014840 0.030523
v 0.010017 -0.000237 -0.040458
v 0.023733 0.002784 -0.008199
v -0.020543 -0.014622 -0.014306
v 0.018848 -0.015663 0.025644
v 0.021852 -0.011283 0.013877
v 0.022424 -0.012209 0.013051
v 0.024055 0.004368 -0.005004
v 0.000808 0.006311 -0.040407
v 0.008354 -0.016906 0.040322
v 0.013522 -0.019780 -0.017976
v 0.017442 -0.011310 -0.040148
v -0.022963 -0.010467 -0.014264
v 0.020529 -0.013430 0.025150
v 0.017217 -0.012745 -0.039520
v 0.018734 -0.014956 0.027975
v -0.022961 0.009363 -0.026036
v 0.010765 -0.022922 0.033435
v 0.016588 -0.018020 0.030427
v 0.015563 -0.018872 0.030398
v -0.019898 0.014231 -0.035711
v 0.018535 -0.016842 0.022297
v -0.019289 0.013705 -0.038690
v -0.006849 0.023617 -0.036630
v -0.005019 0.003648 -0.040197
v -0.024790 0.003715 -0.002832
v 0.022336 -0.004460 -0.021848
v 0.009607 0.022496 -0.034381
v 0.005789 0.024109 -0.035595
v 0.008391 0.018397 -0.040073
v -0.000619 0.015498 -0.039991
v -0.014146 0.004042 -0.040162
v 0.012704 0.021029 -0.034965
v -0.005661 0.010419 -0.040069
v 0.018840 0.013867 -0.023428
v -0.021654 -0.012836 0.008294
v 0.018164 -0.004076 -0.040672
v 0.020879 -0.013351 0.023000
v 0.011777 0.015436 -0.040431
v 0.006078 0.016740 -0.040466
v 0.009493 0.022917 -0.035323
v 0.018347 -0.016502 0.026379
v -0.021785 -0.012672 -0.012098
v 0.000944 0.011057 -0.040366
v 0.020412 -0.014506 0.024136
v -0.022538 0.010618 -0.020429
v 0.019747 -0.015248 0.024176
v 0.006771 0.024085 -0.034666
v 0.017625 -0.017447 0.024165
v -0.008424 0.022579 -0.013190
v 0.003819 0.016629 -0.040295
v 0.005163 0.014397 -0.040536
v 0.002537 0.012553 -0.040353
v 0.017319 -0.018059 0.022819
v 0.019020 -0.006662 -0.039886
v 0.000238 0.022113 -0.039274
v -0.000369 0.017486 -0.040040
v 0.004012 0.018395 -0.040357
v 0.022659 0.004344 -0.024674
v -0.002036 0.017047 -0.040251
v -0.013208 0.020229 -0.030303
v 0.002154 0.015211 -0.040347
v 0.000435 0.013349 -0.040354
v -0.013797 0.019423 -0.029713
v 0.024080 0.002545 0.004309
v 0.019116 -0.015355 0.026814
v -0.004649 0.008998 -0.039672
v 0.017371 -0.017199 0.025667
v 0.010174 0.021156 -0.029123
v 0.017368 -0.016660 0.028285
v 0.017483 -0.016809 0.029485
v -0.002568 0.006959 -0.040105
v -0.002289 0.010325 -0.039896
v 0.016874 -0.018782 0.024054
v 0.016832 -0.018045 0.024997
v -0.016068 0.018283 -0.018946
v -0.003784 0.014549 -0.040087
v -0.005845 0.020248 -0.040351
v -0.000372 0.009184 -0.040410
v -0.008736 0.011916 -0.040377
v -0.008475 0.006297 -0.040180
v 0.015527 -0.018633 0.029323
v -0.010254 0.022254 -0.034344
v 0.005259 0.023278 -0.020957
v 0.003811 0.023313 -0.020382
v 0.004144 0.023204 -0.021988
v 0.017032 -0.018422 0.033991
v 0.015683 -0.019185 0.036258
v 0.024261 -0.001563 0.003710
v 0.016899 -0.018321 0.035524
v -0.011239 0.021131 -0.029432
v -0.012235 0.020755 -0.026948
v -0.010773 0.021500 -0.024673
v -0.015468 0.018777 -0.037222
v 0.001415 0.017263 -0.040344
v 0.019401 -0.015583 0.023541
v -0.012531 0.020439 -0.025211
v -0.013109 0.020693 -0.019412
v -0.010943 0.021607 -0.021289
v 0.018175 -0.015886 0.028645
v 0.018682 0.014088 -0.025385
v -0.010707 0.021727 -0.035323
v -0.021332 0.015447 0.037354
v -0.013572 0.019739 -0.028417
v -0.011807 0.021502 -0.031558
v -0.002274 0.024407 -0.000716
v -0.009864 0.021781 -0.027524
v -0.010580 0.021895 -0.018523
v 0.016767 -0.018283 0.031942
v -0.006718 0.011892 -0.040255
v -0.004273 0.023664 -0.025330
v -0.009433 0.022419 -0.020264
v -0.002421 0.024023 -0.019044
v -0.007823 0.022859 -0.028516
v -0.005865 0.023054 -0.027191
v 0.019171 -0.015319 0.031076
v -0.008004 0.022643 -0.022043
v -0.009620 0.022010 -0.029999
v -0.004819 0.023551 -0.022178
v 0.017507 -0.016340 0.038557
v 0.017333 -0.017598 0.037003
v -0.009368 0.022852 -0.032853
v -0.025006 0.002674 -0.004402
v -0.021905 0.011738 -0.009997
v -0.002157 0.023529 -0.022874
v -0.021440 0.012217 -0.012705
v 0.024069 0.003687 -0.000052
v 0.018095 -0.017800 0.034823
v -0.009793 0.022292 -0.030882
v -0.009436 0.022044 -0.029192
v -0.024530 0.005724 -0.013490
v -0.008120 0.022402 -0.025923
v -0.008249 0.022584 -0.029998
v -0.008108 0.023272 -0.030909
v 0.024442 -0.000716 0.003562
v -0.012854 0.020742 -0.036128
v -0.006935 0.024029 -0.034171
v -0.007337 0.008775 -0.039929
v -0.001740 0.023944 -0.026198
v 0.003914 -0.019649 -0.040223
v -0.001623 0.023844 -0.028539
v -0.024518 0.006775 0.001624
v -0.003757 0.023147 -0.028259
v -0.010351 0.022040 -0.036870
v 0.014265 -0.020998 0.027389
v -0.005659 0.023236 -0.028978
v -0.006206 0.022995 -0.024727
v 0.018319 -0.016463 0.035610
v -0.008954 0.022377 -0.030497
v 0.015400 -0.017665 0.038884
v -0.001871 0.024731 -0.034204
v -0.006829 0.024024 -0.032215
v -0.003457 0.024273 -0.034250
v -0.015418 0.020557 0.028267
v -0.003220 0.024964 -0.031080
v -0.001427 0.024953 -0.032591
v -0.005963 0.006430 -0.039870
v -0.002826 0.024492 -0.035940
v -0.004878 0.024170 -0.034933
v -0.004986 0.024737 -0.031593
v -0.005032 0.024525 -0.033382
v -0.022749 -0.010503 -0.003266
v -0.004755 0.023706 -0.030249
v 0.000140 0.024756 -0.032284
v -0.000548 0.024008 -0.031660
v -0.022572 0.013496 0.037583
v 0.005301 0.023568 -0.033979
v -0.022670 0.012838 0.038128
v 0.017102 -0.017474 0.038070
v -0.006215 0.023958 -0.030832
v 0.007882 0.023542 -0.036233
v 0.023967 -0.001982 -0.000598
v 0.006645 0.021904 -0.038654
v 0.010423 0.022133 -0.035310
v 0.024024 -0.002606 -0.002629
v 0.003616 0.024198 -0.036810
v 0.001483 0.024016 -0.031322
v 0.001952 0.023531 -0.029801
v 0.002837 0.024333 -0.035111
v 0.003554 0.023940 -0.034253
v 0.017002 -0.017798 0.037614
v -0.024365 0.006456 -0.000083
v 0.007291 0.023055 -0.032299
v -0.024278 0.006382 -0.004683
v 0.024262 -0.003040 0.001110
v -0.023952 0.006737 -0.008814
v 0.003229 0.023316 -0.030420
v -0.024876 0.004244 0.006433
v 0.000365 0.025144 -0.035242
v 0.024100 0.004071 -0.001238
v 0.005930 0.023299 -0.032347
v 0.001422 0.024705 -0.032707
v 0.001607 0.023647 -0.028919
v 0.003625 0.024051 -0.032337
v 0.003765 0.023264 -0.028031
v 0.016404 0.017423 -0.033127
v 0.018154 -0.017015 0.020353
v 0.014644 0.018451 -0.021107
v 0.005253 0.022892 -0.030393
v 0.013460 0.018945 -0.029498
v 0.018034 -0.012178 0.039992
v 0.015614 0.019153 -0.035953
v 0.015702 0.017074 -0.026215
v 0.000125 0.023831 -0.021695
v 0.016748 -0.010108 0.040065
v 0.000554 0.023758 -0.027699
v 0.000643 0.024113 -0.016526
v 0.021784 -0.010988 -0.021364
v 0.000423 0.024228 -0.019142
v 0.006231 0.022727 -0.025644
v 0.004082 0.023458 -0.025754
v 0.009213 0.022647 -0.009160
v 0.022496 -0.011696 0.002564
v 0.009064 0.022212 -0.006767
v 0.008386 0.022913 0.013925
v 0.014207 0.020871 0.021970
v -0.000592 0.024849 -0.034033
v 0.002071 0.023425 -0.025700
v 0.012152 0.021715 0.006597
v 0.002190 0.023821 -0.019829
v -0.003038 0.023864 -0.014723
v 0.006621 0.023035 -0.015564
v 0.011073 0.021522 -0.007553
v -0.002822 0.023846 -0.012661
v -0.000504 0.024420 -0.005049
v 0.003365 0.024025 -0.004333
v -0.021622 0.013144 0.000785
v -0.021987 0.012262 0.001546
v 0.000176 0.023776 -0.025754
v 0.003241 0.023673 -0.014822
v 0.002038 0.024407 -0.006059
v 0.001638 0.024326 -0.008579
v 0.000193 0.024191 -0.007485
v 0.017626 -0.017781 0.033852
v 0.004409 0.025006 0.023252
v 0.008752 0.022625 0.011757
v 0.004004 0.025364 0.033109
v 0.003977 0.023996 0.017523
v 0.003102 0.024338 0.005114
v 0.005555 0.023982 0.009201
v -0.022982 0.010807 0.004119
v -0.005071 0.024043 -0.005766
v 0.005104 0.023666 0.004081
v -0.002197 0.024373 -0.008125
v -0.001718 0.024509 0.009375
v -0.005476 0.024266 0.006344
v -0.005367 0.024422 0.007898
v -0.011297 0.021766 -0.003995
v -0.004830 0.024131 -0.002760
v -0.001588 0.024704 0.005863
v -0.002351 0.024436 -0.001736
v -0.006617 0.023646 0.003806
v -0.006684 0.023935 0.005924
v 0.002564 0.024376 -0.001277
v -0.004000 0.023900 0.002410
v 0.001435 0.024167 0.000154
v -0.002441 0.024746 0.007743
v 0.000137 0.024656 0.001544
v -0.010173 0.023184 0.007488
v -0.007225 0.023767 0.004857
v -0.015969 0.019346 0.000298
v 0.023831 -0.005554 -0.003239
v -0.020732 0.014024 0.000237
v -0.020694 0.014163 -0.001989
v -0.013398 0.020889 0.002070
v -0.003205 0.024205 -0.002724
v 0.016793 -0.018386 0.033149
v -0.005491 0.023870 0.003130
v -0.020171 -0.015206 -0.001785
v -0.011390 0.021838 -0.006044
v 0.024577 -0.008088 0.002912
v -0.021033 -0.013323 0.004351
v -0.012707 0.020722 -0.010884
v -0.001919 0.024140 -0.003307
v -0.008638 0.022866 -0.018468
v -0.005933 0.023575 -0.018753
v 0.001569 0.024089 -0.010753
v -0.009508 0.022276 -0.014069
v -0.012775 0.021255 -0.006915
v -0.010580 0.021852 -0.011899
v 0.003700 0.024262 -0.002682
v -0.000193 0.023999 -0.009486
v -0.002734 0.023666 -0.013609
v -0.021000 0.013541 0.001535
v 0.002462 0.023547 -0.017463
v -0.017632 0.017406 -0.008998
v -0.005181 0.024265 0.004602
v -0.001071 0.024079 -0.020548
v -0.003557 0.023716 -0.011646
v 0.003604 0.023677 -0.011786
v -0.014075 0.020233 -0.006978
v -0.009660 0.022361 -0.007918
v -0.007610 0.023640 -0.006338
v -0.009701 0.022410 -0.009769
v -0.011359 0.021311 -0.014156
v -0.014788 0.019537 -0.035492
v -0.010085 0.022192 -0.016275
v -0.011272 0.021978 0.003177
v 0.018003 -0.016844 0.036477
v 0.023585 -0.009109 -0.004143
v 0.002570 0.023623 -0.021892
v -0.012289 0.020868 -0.016497
v -0.013618 0.020528 -0.008972
v -0.022763 -0.010535 0.010915
v -0.008693 0.022620 -0.009291
v -0.011495 0.021566 -0.008776
v -0.008328 0.023065 0.012483
v -0.011238 0.022148 0.000035
v -0.018165 0.017600 0.005302
v -0.017891 0.017620 0.007448
v -0.013718 0.019949 -0.012547
v -0.019675 0.015480 -0.000400
v -0.014708 0.019573 -0.011042
v -0.003972 0.024374 -0.000397
v -0.015433 0.019268 -0.008897
v -0.008857 0.022739 -0.003502
v -0.018719 0.016599 -0.006557
v -0.019762 0.015295 0.002050
v -0.000893 0.024812 0.008111
v -0.015829 -0.018914 0.029964
v -0.017621 0.017942 0.003846
v -0.018225 0.017257 0.002149
v -0.021350 -0.011308 -0.038594
v -0.024503 0.007723 0.008246
v -0.024189 0.008882 0.009122
v -0.018877 0.016692 -0.002214
v 0.017878 -0.016991 0.037639
v -0.018384 0.017098 0.009919
v -0.019843 0.015333 0.010062
v 0.021213 -0.011660 0.038256
v -0.016907 0.018024 0.012326
v 0.015770 -0.009605 0.039992
v -0.017626 0.017357 0.019698
v 0.023814 -0.008245 -0.003128
v -0.018985 0.016620 0.025509
v -0.009040 0.022918 0.000943
v 0.015829 -0.008908 0.039895
v -0.024002 0.007083 -0.012544
v 0.017005 -0.008014 0.040000
v -0.015907 0.019098 0.014308
v -0.021868 0.012198 0.005106
v -0.009293 0.022747 -0.005313
v -0.020336 0.014500 -0.006900
v -0.008595 0.023162 -0.001913
v -0.012618 0.021619 0.005434
v -0.015075 0.020166 0.007149
v -0.010808 0.022587 0.005681
v -0.016675 0.018327 -0.001042
v -0.017945 0.017490 -0.005038
v -0.018936 0.015785 -0.021924
v -0.013767 0.020401 0.009349
v 0.010969 -0.014617 0.040290
v 0.023499 -0.006082 -0.007716
v -0.016178 0.018886 0.003675
v -0.016658 0.018343 0.017480
v -0.016416 0.018641 0.015490
v -0.016848 0.018216 0.002259
v -0.015309 0.019578 0.011276
v -0.018709 0.016044 0.017876
v -0.016252 0.019342 0.008722
v -0.022314 0.010977 0.011750
v -0.022594 0.010815 0.012426
v 0.022085 -0.007441 -0.021422
v -0.020178 0.014961 0.006527
v -0.015074 0.019362 -0.013532
v -0.021977 0.011681 0.006882
v 0.011697 -0.012041 0.040141
v 0.014914 -0.013578 0.040109
v -0.019032 0.016272 0.005894
v -0.017113 0.018063 0.000246
v -0.016602 0.018922 0.005867
v -0.014339 0.019964 0.015336
v -0.020184 0.013937 -0.014324
v -0.020263 0.015218 0.004366
v -0.018928 0.016547 0.003963
v -0.018144 0.016623 -0.014618
v -0.021104 0.012901 0.012060
v -0.020015 0.015946 0.023210
v -0.019974 0.015368 0.021600
v -0.011203 0.022462 0.008171
v -0.019408 0.016131 0.007875
v 0.018246 -0.016143 0.027574
v -0.022382 0.011611 0.002758
v 0.016341 -0.017967 0.026047
v -0.021275 0.013065 0.030825
v -0.014724 0.020261 0.004794
v -0.013617 0.020568 0.012338
v 0.020018 -0.014357 0.018423
v -0.021184 0.013284 0.007095
v 0.020307 -0.014039 0.019338
v 0.022703 -0.008768 -0.012032
v -0.001370 0.024125 -0.015710
v -0.022344 0.011412 0.010040
v -0.017237 0.017813 -0.003757
v -0.022183 0.012260 0.008317
v -0.005842 0.024043 -0.007291
v 0.016537 -0.018438 0.020481
v -0.022721 0.010892 0.005950
v -0.022241 -0.011863 0.006480
v -0.017599 0.018267 0.009133
v -0.023919 0.007647 0.020050
v -0.024610 0.005059 0.020177
v -0.013123 0.020902 -0.004673
v -0.024198 0.006424 0.018714
v -0.024093 0.008403 0.006740
v -0.017914 0.016395 0.039418
v 0.022244 0.006549 -0.015538
v -0.024669 0.005361 0.001689
v 0.019370 -0.014893 0.018966
v -0.021209 0.013208 0.003342
v 0.018498 -0.016042 0.018879
v -0.024977 0.004770 0.004002
v -0.023776 0.008350 -0.001603
v -0.023515 -0.008641 0.007166
v -0.000484 0.024141 -0.037280
v -0.015592 0.019397 -0.003363
v -0.005953 0.023250 -0.014837
v -0.023041 0.010393 0.007902
v -0.023109 0.009879 0.001231
v -0.024100 0.006392 -0.001742
v -0.011693 0.021730 0.010568
v -0.012320 0.021601 0.013398
v -0.015065 0.019822 0.013385
v 0.012070 -0.016749 0.040367
v -0.014940 0.018956 -0.033955
v 0.016504 -0.018176 0.037077
v -0.008564 0.022536 -0.014201
v -0.023751 0.008800 0.004108
v -0.024012 0.008263 -0.005435
v 0.007208 -0.021936 0.039421
v -0.021175 0.013573 0.025771
v 0.007463 -0.013390 0.040342
v -0.025107 0.002618 -0.011093
v -0.024571 0.005474 -0.008313
v -0.024934 0.001212 -0.013029
v 0.006642 -0.014803 0.040249
v -0.022004 0.011845 0.003773
v 0.021966 -0.010085 -0.020834
v -0.024355 -0.005282 0.007297
v -0.025213 -0.000154 -0.004049
v -0.024059 0.008351 -0.007344
v -0.023240 -0.011679 -0.024901
v -0.024261 0.008023 -0.003637
v -0.025189 0.001747 0.038788
v -0.007679 0.023002 -0.015370
v -0.025349 -0.000479 0.036210
v -0.025442 0.000084 0.038312
v 0.006351 0.023080 -0.008891
v -0.020999 0.013885 0.005326
v -0.024704 0.004821 -0.008057
v -0.005162 0.023354 -0.014056
v -0.004203 0.023812 -0.013341
v -0.024595 0.005505 -0.003006
v -0.022520 0.010611 -0.011121
v -0.004067 0.024195 -0.007020
v -0.022528 0.010795 -0.006297
v 0.023265 -0.010193 -0.003213
v -0.024586 0.005720 -0.011813
v -0.024147 0.007045 -0.002968
v -0.023259 0.009286 -0.003787
v -0.024670 0.006371 0.006951
v -0.024589 0.004876 -0.009914
v -0.015120 0.019559 0.017858
v -0.016488 0.018002 -0.014978
v -0.017018 0.018207 -0.006004
v -0.016330 0.018489 -0.007631
v -0.016806 0.017937 -0.012175
v -0.015206 0.019663 -0.006091
v -0.019643 0.015262 -0.004479
v 0.021885 -0.008896 -0.023567
v -0.016199 0.017925 -0.033101
v -0.017489 0.017098 -0.032969
v 0.004917 -0.021214 0.040254
v 0.022020 -0.007677 -0.022592
v -0.022668 0.011344 -0.002190
v -0.024638 0.004341 -0.004679
v -0.007967 0.023583 0.004840
v -0.021579 0.013054 -0.006637
v -0.016778 0.018324 0.010833
v -0.020835 0.013342 -0.010572
v -0.024212 -0.005873 -0.000726
v 0.015225 -0.020045 0.026191
v -0.023264 0.009120 -0.009491
v -0.021379 0.013014 -0.008459
v -0.018059 0.016943 -0.019947
v -0.019277 0.015600 -0.008971
v -0.020177 0.014555 -0.009734
v -0.019288 0.015179 -0.012266
v -0.024878 0.004851 -0.000938
v -0.021115 0.012965 -0.018008
v -0.022523 0.010559 -0.014620
v 0.007863 -0.019294 0.040261
v -0.009735 0.023156 0.023907
v -0.014390 0.020155 -0.004054
v -0.024471 0.006315 -0.006905
v -0.019399 0.014912 -0.014798
v -0.009759 0.023072 0.003386
v -0.019367 0.015605 -0.016801
v 0.012694 -0.021387 0.036945
v -0.008075 0.022837 -0.011009
v -0.019677 0.014861 -0.019604
v 0.011906 -0.021834 0.037193
v -0.017076 0.017223 -0.026787
v -0.013454 0.020367 -0.014314
v -0.014017 0.020654 -0.002530
v -0.015534 0.019535 0.001924
v -0.013467 0.019864 -0.026048
v -0.015218 0.018785 -0.026365
v 0.003152 0.023811 -0.009534
v 0.010000 -0.018958 0.040272
v -0.015351 0.018369 -0.029094
v 0.022824 0.001808 -0.017907
v -0.014798 0.019535 -0.016621
v -0.013959 0.020008 -0.023256
v 0.020293 0.013155 -0.010380
v -0.023936 0.008223 -0.014521
v 0.007313 -0.020773 0.040198
v -0.018450 0.016739 -0.004322
v -0.016895 0.017972 -0.021810
v -0.014902 0.019569 -0.020349
v -0.016191 0.018154 -0.024358
v 0.014146 -0.017329 0.040021
v 0.005014 -0.023284 0.038945
v -0.018172 0.017013 0.000180
v -0.019711 0.014678 -0.024315
v -0.014923 0.020073 -0.000426
v -0.016578 0.018174 -0.016993
v -0.017850 0.016784 -0.018100
v -0.020304 0.014101 -0.016029
v -0.009064 0.022852 0.011999
v -0.003767 0.024002 -0.010012
v 0.014283 -0.021060 0.025910
v 0.014993 -0.020044 0.028569
v 0.016628 -0.018775 0.034516
v -0.014264 0.019010 -0.029461
v -0.018044 0.016224 -0.024384
v 0.015068 -0.019717 0.038140
v -0.020751 0.013120 -0.025784
v 0.000491 0.024695 0.007709
v -0.017842 0.017199 -0.016381
v -0.019101 0.015128 -0.027763
v -0.021302 0.011830 -0.026892
v 0.009946 -0.023210 0.036747
v 0.005225 -0.019092 0.040261
v -0.005398 0.023938 -0.009074
v -0.015995 -0.019580 -0.002887
v -0.021723 0.012098 -0.021080
v -0.021068 0.013093 -0.022389
v -0.019670 0.014856 -0.013944
v 0.014584 -0.020718 0.035789
v 0.014326 -0.020302 0.036959
v 0.012650 -0.021147 0.015163
v -0.022929 0.009358 -0.012322
v 0.014583 -0.020425 0.021306
v -0.024822 -0.004774 -0.007911
v 0.015563 -0.019559 0.021824
v -0.024101 0.007076 -0.010790
v 0.013703 -0.020607 0.019232
v 0.018843 0.016765 0.021244
v -0.024885 -0.000031 -0.020945
v 0.015940 -0.018543 0.018936
v -0.024185 0.006466 -0.019738
v 0.019766 0.014233 -0.007709
v -0.023545 0.008558 -0.018483
v -0.005543 0.023628 -0.011055
v -0.025761 -0.005435 -0.026678
v -0.023345 0.008718 -0.016530
v 0.007897 -0.024214 0.026011
v -0.024233 0.005427 -0.022664
v -0.025799 -0.003947 -0.033589
v -0.023785 0.008240 -0.020259
v -0.024085 0.006872 -0.025308
v -0.000385 0.024291 -0.001437
v 0.013832 -0.020444 0.038467
v -0.023078 0.009841 -0.015817
v -0.024709 0.004483 -0.017690
v -0.022920 0.008856 -0.029019
v 0.003738 0.024431 0.007569
v -0.023142 0.009826 -0.017579
v -0.025469 -0.001527 -0.031108
v 0.016614 0.017427 -0.010804
v -0.026086 -0.001721 -0.033744
v -0.000363 0.023751 -0.024128
v 0.000696 0.023527 -0.024884
v -0.026087 -0.003121 -0.032103
v -0.023779 0.007762 -0.022104
v -0.021936 0.010563 -0.027467
v -0.024237 0.004282 -0.031631
v 0.015993 -0.018843 0.037560
v 0.016317 0.006538 -0.040675
v 0.016626 -0.018724 0.021498
v 0.001713 0.024200 0.003001
v 0.011365 -0.022151 -0.033072
v 0.010365 -0.022521 -0.032040
v 0.011786 -0.021441 -0.034470
v 0.009465 -0.022853 -0.034979
v 0.022736 -0.001745 -0.019887
v 0.021633 0.007370 -0.037740
v 0.020776 0.007225 -0.038795
v 0.008774 0.014911 -0.040682
v -0.007227 0.023560 -0.004674
v -0.020453 -0.016375 -0.033488
v -0.018089 -0.018825 -0.034606
v -0.024848 -0.000148 -0.038225
v 0.024246 -0.007337 -0.005495
v -0.024877 0.002677 -0.036559
v -0.024628 0.002351 -0.038291
v -0.021892 0.010568 -0.029084
v 0.003602 0.023979 -0.007782
v -0.024272 0.007094 -0.016948
v 0.013147 -0.021875 0.026672
v 0.015793 -0.019069 0.032296
v 0.011171 0.021552 -0.034441
v -0.021236 0.012344 -0.028945
v -0.023308 0.009178 -0.023757
v -0.022198 0.010152 -0.038069
v -0.022123 0.011174 -0.024839
v -0.024235 0.005142 -0.035985
v -0.018917 0.010625 -0.040158
v 0.012448 -0.022075 0.031581
v -0.013867 0.019988 -0.032249
v -0.016930 0.017574 -0.031592
v 0.013332 0.019211 -0.030976
v 0.014825 0.018222 -0.030308
v 0.018686 -0.017236 0.033894
v -0.017999 0.016546 -0.036570
v -0.016596 0.017949 -0.034972
v 0.022942 -0.001078 -0.020571
v -0.013491 0.019805 -0.034531
v -0.014413 0.019557 -0.030287
v -0.018205 0.016139 -0.034266
v -0.004700 0.023786 -0.014991
v 0.008926 -0.020562 0.040092
v -0.016262 0.018264 -0.030630
v -0.018675 0.016156 -0.031091
v -0.018550 0.016096 -0.032844
v -0.021050 0.012508 -0.031742
v -0.022281 0.010272 -0.032264
v -0.021425 0.012857 -0.020351
v -0.017133 0.016877 -0.038341
v -0.019880 0.014161 -0.030478
v -0.023872 0.005676 -0.035420
v -0.001932 0.024012 -0.011131
v -0.001477 0.024087 -0.013356
v -0.025145 0.000264 -0.034775
v -0.006044 0.023955 0.007069
v -0.024064 0.006815 -0.035634
v 0.024166 0.000759 -0.006301
v 0.013106 -0.020190 0.038878
v 0.001739 0.024452 -0.003597
v -0.005510 0.023474 -0.016188
v 0.014393 -0.020023 0.037919
v 0.005635 0.023785 -0.034941
v 0.018219 0.016552 -0.034885
v -0.007565 0.023317 -0.008490
v 0.017680 0.017455 -0.033611
v 0.013471 0.020868 0.002377
v 0.014577 0.019773 0.003116
v 0.014012 0.020503 0.000628
v 0.021606 0.009578 -0.027864
v -0.012546 0.020806 -0.012718
v 0.017296 0.016704 -0.032043
v 0.016791 0.016462 -0.030447
v 0.016249 0.017273 -0.031911
v 0.015471 0.017463 -0.031211
v 0.019603 0.012390 -0.027068
v 0.020407 0.011114 -0.027291
v 0.002017 0.024610 -0.033925
v -0.006444 0.023027 -0.013196
v 0.004433 0.023862 -0.035180
v 0.023341 0.005779 -0.029139
v 0.023073 0.006385 -0.031329
v 0.022915 0.007783 -0.029426
v -0.023070 0.008663 -0.034487
v 0.018481 0.014759 -0.028827
v 0.016745 0.016253 -0.027924
v 0.018565 0.014069 -0.026392
v 0.012268 -0.021136 -0.030380
v 0.017458 0.008694 -0.040195
v 0.023763 0.003207 -0.031318
v 0.023646 0.003029 -0.033170
v 0.023769 0.003769 -0.034805
v 0.023987 0.003033 -0.034071
v 0.023518 0.004104 -0.034104
v 0.021688 0.005089 -0.038315
v 0.007571 -0.023423 0.037468
v 0.022428 -0.000768 -0.038698
v 0.022552 0.000778 -0.038339
v 0.021643 0.006438 -0.038397
v 0.010126 -0.022423 0.038646
v 0.023738 0.001081 -0.037387
v 0.024059 -0.000491 -0.036646
v 0.009591 -0.021600 0.039123
v 0.024238 0.002074 0.010104
v 0.022591 -0.004818 -0.028686
v 0.010522 -0.022789 0.035662
v 0.019266 0.014672 0.038527
v 0.023344 0.001782 -0.026939
v 0.024061 0.000703 -0.030341
v 0.008788 -0.023410 0.036633
v 0.023695 0.001646 -0.033865
v 0.023564 0.004365 -0.029789
v 0.014903 -0.019109 0.018406
v 0.022821 0.005161 -0.014459
v 0.021313 0.009467 -0.018709
v 0.023101 -0.003124 -0.013008
v 0.023073 -0.002240 -0.013002
v 0.014196 0.020627 0.024760
v 0.014846 0.020417 0.025835
v 0.023294 0.005826 -0.008708
v 0.022872 -0.005056 -0.036440
v 0.019124 0.010058 -0.039149
v 0.017786 0.012635 -0.038838
v 0.024015 0.000301 -0.028520
v 0.021901 -0.005234 -0.027752
v 0.022116 -0.005588 -0.028664
v 0.011181 -0.022527 0.034620
v 0.018443 0.014343 -0.022384
v -0.003295 0.024328 -0.005008
v 0.007915 -0.022704 0.038437
v 0.015666 0.017058 -0.029478
v 0.017953 0.014995 -0.016088
v 0.018750 0.014577 -0.014706
v 0.018974 0.013812 -0.016648
v -0.006742 0.023772 -0.000576
v -0.005814 0.023777 0.001701
v 0.022837 0.006834 -0.028266
v 0.022390 0.008252 -0.032666
v 0.023399 0.003059 -0.036444
v 0.011470 0.022830 0.035204
v 0.023804 0.002430 -0.009573
v -0.021972 0.010870 -0.030293
v 0.023108 0.002745 -0.015991
v 0.022966 0.002608 -0.015559
v 0.019426 -0.008896 -0.039724
v 0.023396 0.005092 -0.010189
v 0.022736 0.004960 -0.012037
v 0.022755 0.003623 -0.015679
v 0.024335 0.001975 -0.004829
v 0.012968 0.022029 0.028577
v 0.023636 0.005138 -0.006767
v 0.012551 0.021716 0.029959
v 0.008274 -0.021431 0.039539
v 0.008481 -0.023998 0.033439
v 0.023112 0.005522 -0.028133
v 0.023694 -0.000395 -0.011017
v 0.023068 0.000762 -0.014754
v 0.023621 0.001274 -0.027590
v 0.023235 0.002520 -0.027555
v 0.024147 0.003148 -0.005276
v 0.023899 0.003289 -0.003836
v 0.022303 0.008471 -0.028171
v 0.020446 0.011086 -0.026247
v 0.021216 0.010117 -0.012151
v 0.020867 0.010723 -0.014316
v 0.023553 0.006328 0.004543
v 0.011106 -0.022015 0.038051
v 0.010246 -0.021967 -0.020545
v 0.024083 0.000776 0.001949
v 0.024452 0.002229 0.000516
v 0.024064 0.002732 0.007327
v 0.021640 0.011907 0.005380
v 0.023948 0.005986 0.005061
v 0.023859 0.005369 0.004163
v 0.023939 0.006311 0.008004
v 0.016610 -0.013202 -0.039359
v 0.023775 -0.004261 -0.002812
v 0.023257 0.008301 0.000029
v 0.008370 -0.022255 0.039113
v 0.020227 0.013302 -0.004460
v 0.014354 -0.016524 -0.039377
v 0.024468 0.003608 0.010019
v 0.007945 -0.023942 0.035801
v 0.021232 0.012805 0.006876
v 0.015442 -0.015349 -0.039279
v 0.021807 0.010977 -0.001646
v 0.022552 -0.004165 -0.020546
v 0.021100 0.012458 0.013536
v 0.022180 0.010532 0.001458
v 0.023877 -0.003519 -0.005534
v 0.022171 0.008549 -0.011040
v 0.022425 0.007402 -0.011376
v 0.023093 0.003554 -0.013549
v 0.011083 0.023059 0.022236
v 0.018351 0.016296 0.003254
v 0.023324 0.006939 -0.004303
v 0.012458 -0.021856 0.034426
v 0.024319 0.000867 -0.001949
v 0.024295 0.001739 -0.003101
v -0.023771 0.007231 -0.034754
v 0.018755 0.016473 0.005641
v 0.016857 0.017975 0.001422
v -0.021663 -0.012605 -0.019562
v 0.022199 0.010238 0.009117
v 0.021407 0.012079 0.009668
v 0.006010 -0.024844 0.033144
v 0.023149 0.007612 -0.009307
v 0.022741 0.006288 -0.013545
v 0.006640 -0.024073 0.037005
v 0.022473 -0.004049 -0.027927
v 0.012055 -0.020053 0.039150
v 0.019788 0.013371 -0.012140
v 0.010632 -0.023115 0.031070
v 0.017927 0.016131 -0.011272
v 0.020250 0.013879 -0.002114
v 0.021575 0.011194 -0.008630
v 0.021114 0.012316 -0.009379
v -0.022400 0.010686 -0.036167
v 0.019139 0.013107 -0.018426
v 0.014660 0.018055 -0.018243
v 0.016881 0.016492 -0.020400
v 0.023216 0.006297 -0.010654
v 0.019365 0.013292 -0.015354
v 0.021362 -0.010359 -0.037879
v 0.021302 0.010781 -0.010157
v 0.024178 -0.003509 -0.000838
v 0.022392 0.009195 -0.005310
v 0.020265 0.012556 -0.014494
v 0.021127 0.012517 -0.005723
v 0.021144 0.012135 -0.003335
v 0.022250 0.005893 -0.016981
v 0.021936 0.006946 -0.017660
v 0.016052 0.017481 -0.014360
v 0.017091 0.016956 -0.012551
v 0.012727 0.022079 0.020999
v 0.009812 0.022224 0.006282
v 0.008478 0.022678 -0.004277
v 0.020680 0.011951 -0.012786
v 0.009977 0.021143 -0.018926
v 0.011959 0.020548 -0.018745
v 0.011178 0.020525 -0.017196
v -0.010130 -0.022663 -0.024449
v 0.011906 0.020865 -0.012551
v 0.019948 0.012351 -0.016749
v 0.010344 0.022113 -0.004924
v 0.011123 0.021741 -0.003810
v 0.011543 0.020886 -0.015108
v -0.010495 -0.024020 -0.030951
v 0.017484 0.015346 -0.023112
v 0.018250 0.014427 -0.024706
v 0.013043 0.019684 -0.016812
v 0.012316 0.020851 -0.006655
v 0.014964 0.018932 -0.009383
v 0.023891 -0.003927 -0.006860
v 0.015306 0.018017 -0.012055
v 0.015074 0.018209 -0.015162
v 0.014367 0.018905 -0.014260
v 0.005712 0.023576 -0.013850
v 0.020968 0.010064 -0.016209
v 0.015298 -0.017995 -0.037761
v 0.009091 -0.023639 0.025983
v 0.011942 -0.022773 0.024786
v 0.022378 -0.006416 -0.035763
v 0.018874 0.013434 -0.024902
v 0.023453 0.006872 -0.006716
v 0.023545 0.006966 -0.005190
v 0.020574 0.012077 -0.028654
v 0.021652 0.011189 -0.029133
v 0.018357 0.016133 -0.005536
v 0.018110 0.016515 -0.003498
v 0.019457 0.014984 -0.004234
v 0.024397 0.000928 -0.007689
v 0.016984 0.016331 -0.016198
v 0.017759 0.014885 -0.018009
v 0.022676 -0.009203 -0.020726
v 0.009881 -0.018887 -0.039697
v 0.009802 0.022539 -0.002896
v 0.010935 0.021680 -0.000729
v 0.020037 0.013653 -0.006240
v 0.016833 0.017918 0.004663
v 0.008771 -0.024030 0.022691
v 0.013777 0.019786 -0.006880
v 0.015324 0.018663 -0.006818
v 0.015885 0.018698 -0.004843
v 0.014708 0.019545 -0.005397
v -0.004315 -0.022056 -0.039248
v -0.003019 -0.022199 -0.039350
v 0.018851 0.015885 0.001232
v 0.014445 0.018807 -0.023187
v -0.022501 -0.012012 -0.015307
v 0.016144 0.018531 -0.003576
v 0.017194 0.017736 -0.004308
v -0.018540 -0.017125 -0.001751
v 0.000297 0.024549 0.004084
v 0.023879 0.003424 0.003222
v 0.023708 0.004030 0.004433
v 0.017022 0.017316 -0.006591
v 0.020682 0.014162 0.020201
v 0.010648 -0.023186 0.025819
v -0.023522 -0.009475 -0.013373
v 0.006767 0.023407 -0.007233
v -0.018576 -0.017174 0.007633
v 0.009615 0.021760 -0.015873
v 0.010021 0.021356 -0.013031
v 0.005006 0.023569 -0.003388
v 0.004571 0.023801 -0.002399
v 0.015098 0.019713 0.005235
v 0.004710 0.023956 -0.005912
v 0.006858 0.023094 -0.004981
v 0.001146 0.024114 0.009782
v 0.002616 0.024814 0.007266
v -0.020605 -0.014678 0.003548
v -0.012685 0.021692 0.008200
v -0.012255 0.021551 -0.002163
v 0.015576 0.019357 0.002056
v 0.024173 -0.002093 -0.033640
v 0.004783 0.023986 -0.009346
v 0.004093 0.023809 -0.010278
v 0.011658 0.021142 -0.000053
v 0.019170 0.014747 -0.009874
v 0.018511 0.014437 -0.012466
v -0.019481 -0.015870 -0.013853
v 0.006062 0.023415 0.014281
v 0.004879 0.023779 -0.010586
v 0.005507 0.023532 -0.011730
v -0.017674 -0.017949 -0.001037
v 0.011514 0.021763 -0.002719
v 0.011524 0.021317 -0.005318
v 0.013112 0.020570 -0.004795
v 0.007264 0.023292 -0.012146
v 0.007619 0.022752 -0.014715
v -0.022334 -0.011855 -0.018775
v 0.020580 0.010880 -0.017551
v -0.021258 0.012743 -0.033875
v 0.016359 0.016751 -0.017900
v 0.005249 0.023763 -0.007793
v 0.006458 0.022703 -0.020777
v -0.010380 0.022366 -0.002574
v 0.013113 0.019463 -0.021832
v 0.015530 0.017573 -0.016270
v 0.011650 0.020468 -0.020657
v -0.019158 -0.015960 0.005578
v -0.020263 -0.014984 0.005059
v 0.014469 0.020104 -0.001281
v 0.000737 -0.025075 -0.005082
v 0.005118 0.023421 -0.016615
v 0.012480 0.021193 0.003742
v 0.010412 -0.022177 0.015679
v -0.019731 -0.014925 0.013947
v -0.020284 -0.013981 0.013544
v 0.010644 -0.022477 0.014281
v 0.011238 0.021175 -0.006523
v 0.013845 -0.021603 0.024536
v 0.007744 0.022609 -0.017262
v 0.011688 0.020196 -0.023318
v -0.004109 0.023836 -0.008422
v 0.015161 0.019321 0.001120
v 0.014585 0.019962 0.001764
v 0.007681 0.022355 -0.021724
v -0.000182 0.023851 -0.011645
v 0.001410 0.023724 -0.023752
v -0.006717 0.023146 -0.030017
v 0.021875 -0.005406 -0.026570
v -0.004151 0.011616 -0.039875
v 0.010535 0.021199 -0.025977
v 0.013236 0.020296 -0.033985
v -0.003414 0.025028 -0.032843
v -0.001834 0.023875 -0.031291
v -0.002645 0.023682 -0.030039
v -0.000130 0.023556 -0.030002
v 0.011889 0.020152 -0.029717
v 0.010928 0.020991 -0.030317
v 0.012430 0.020052 -0.031279
v 0.020642 0.011285 -0.024941
v 0.010330 0.021270 -0.030667
v 0.009758 0.021579 -0.031628
v 0.011342 0.020550 -0.031727
v 0.005127 -0.025027 0.035226
v 0.014824 0.018145 -0.027981
v 0.009464 0.022269 -0.032520
v 0.010743 0.021666 -0.032886
v 0.012198 0.021441 0.007996
v 0.014590 0.020122 -0.034630
v 0.013100 0.021094 -0.036289
v 0.015906 0.017254 -0.023426
v 0.017659 0.016037 -0.014581
v 0.006821 0.022782 -0.031240
v 0.000851 0.024171 -0.013465
v 0.011602 0.021588 -0.035519
v 0.012759 0.019572 -0.027673
v 0.015984 0.019092 0.003241
v 0.006761 -0.024509 0.034833
v -0.020964 -0.013558 0.012483
v -0.020390 -0.014669 0.009795
v -0.003763 0.024094 -0.016672
v 0.003978 -0.025229 0.035005
v -0.023946 0.007781 0.002368
v 0.014529 0.019576 -0.033108
v 0.015327 0.018136 -0.032572
v 0.016197 0.017888 -0.007987
v 0.019451 0.014994 -0.006285
v 0.019994 0.011583 -0.018645
v 0.008561 0.022032 -0.013423
v 0.021522 0.008752 -0.027469
v 0.009976 0.022356 -0.033550
v 0.014507 0.018271 -0.025311
v 0.017756 0.015992 -0.036063
v 0.023401 0.004967 -0.035116
v 0.008292 0.023353 -0.034517
v 0.008564 0.022744 -0.033264
v -0.014274 -0.020639 0.008699
v 0.013998 0.010957 -0.040697
v 0.021663 -0.002163 -0.039019
v 0.008313 0.021815 -0.027709
v -0.001849 0.012934 -0.040022
v 0.012198 0.021289 -0.033274
v 0.010529 -0.003592 -0.040622
v 0.017067 0.015820 -0.025383
v 0.003779 0.023199 -0.023837
v -0.006919 -0.024075 0.006993
v -0.000099 0.019014 -0.040139
v 0.003811 0.020363 -0.040045
v 0.001299 0.009016 -0.040407
v 0.020208 -0.001860 -0.039958
v 0.019078 0.007322 -0.039872
v 0.013433 0.019460 -0.024152
v 0.012304 -0.021895 0.032841
v 0.013497 0.018875 -0.026299
v 0.021718 -0.006142 -0.029201
v 0.005758 0.023054 -0.019270
v 0.004017 0.023575 -0.018600
v 0.019969 0.013386 -0.032391
v 0.022237 0.005820 -0.023369
v -0.018857 -0.016192 0.009561
v 0.022029 0.006821 -0.024828
v 0.021682 -0.005452 -0.037969
v 0.021899 0.001996 -0.039086
v -0.019936 -0.015150 -0.012373
v 0.022783 0.002477 -0.038169
v 0.014684 -0.020664 0.024739
v 0.022320 -0.005023 -0.036920
v 0.022057 -0.004338 -0.037504
v 0.019859 0.004081 -0.040177
v 0.012492 -0.021726 0.009647
v 0.010263 -0.023038 0.034855
v 0.021606 -0.004134 -0.038939
v 0.012425 -0.021885 0.033553
v -0.020699 -0.014602 0.002236
v 0.019745 -0.004833 -0.039937
v 0.009632 0.021290 -0.021940
v 0.008391 0.021924 -0.025632
v 0.013335 -0.021076 0.037459
v -0.023540 0.008156 -0.036775
v 0.019258 0.012213 -0.037688
v 0.023262 0.005398 -0.033583
v 0.014156 -0.020641 0.033076
v 0.011642 -0.022485 0.035518
v 0.023043 0.002514 -0.037094
v 0.023675 0.002042 -0.036375
v 0.021524 -0.007233 -0.032263
v -0.019193 -0.015451 0.017550
v 0.021820 -0.006163 -0.031420
v 0.011227 -0.022724 0.010238
v 0.023932 -0.002617 -0.034952
v -0.019909 -0.015744 -0.005895
v 0.024246 -0.000821 -0.034987
v 0.018183 -0.005291 -0.040571
v 0.024293 -0.000775 -0.033543
v -0.023401 -0.008938 -0.022139
v -0.022883 -0.010283 -0.022717
v 0.024148 -0.001459 -0.032383
v 0.022762 -0.002993 -0.037526
v 0.023668 -0.003401 -0.034059
v 0.022785 -0.004195 -0.036367
v 0.022274 0.009649 -0.031622
v 0.022587 0.008278 -0.030908
v 0.021334 -0.006327 -0.038327
v 0.021246 -0.007440 -0.038235
v -0.021743 -0.012853 -0.018579
v 0.024002 0.000868 -0.034693
v -0.020752 -0.006236 -0.039897
v 0.022924 0.006123 -0.035394
v 0.021451 -0.007780 -0.030921
v 0.021145 -0.008573 -0.030326
v 0.023464 -0.003811 -0.035209
v 0.021653 -0.006088 -0.030259
v -0.019346 -0.015631 -0.009295
v 0.021877 -0.007057 -0.030871
v 0.021427 -0.007234 -0.029555
v 0.021240 -0.009679 -0.027637
v 0.013264 -0.021278 0.033020
v 0.021605 -0.010617 -0.027243
v 0.018487 -0.015209 -0.033404
v -0.021177 -0.013547 -0.011250
v 0.020290 -0.007924 -0.038986
v 0.020284 -0.012570 -0.031171
v 0.020871 -0.011642 -0.033249
v 0.021912 -0.007632 -0.033812
v 0.022048 -0.006207 -0.033210
v -0.021247 -0.013957 0.000015
v 0.020845 -0.010963 -0.038355
v 0.023226 -0.005905 -0.033996
v 0.021031 -0.011796 -0.029057
v -0.023793 -0.007829 0.017494
v 0.020719 -0.011951 -0.031256
v 0.021431 -0.011262 -0.031798
v 0.020942 -0.008577 -0.031658
v 0.020247 -0.012687 -0.033516
v 0.022252 -0.007753 -0.035291
v 0.020375 -0.012525 -0.032948
v 0.020642 -0.012226 -0.032016
v -0.022153 -0.012198 0.000939
v 0.022491 -0.005688 -0.036618
v 0.021882 -0.006557 -0.037300
v 0.021219 -0.009716 -0.029566
v -0.021897 -0.012704 -0.005299
v 0.021615 -0.010670 -0.028575
v 0.021839 -0.009795 -0.034835
v 0.022129 -0.010469 -0.035397
v -0.025048 0.003453 -0.008346
v -0.024865 0.004639 -0.006501
v 0.021992 -0.005152 -0.029528
v 0.021310 -0.008694 -0.033208
v 0.023032 -0.004836 -0.032833
v 0.020720 -0.013095 -0.036632
v 0.020568 -0.006337 -0.039212
v 0.020917 -0.005342 -0.039017
v 0.021468 -0.009499 -0.034068
v -0.021110 -0.013852 -0.008371
v -0.021752 -0.012695 -0.007826
v 0.021308 -0.011909 -0.034980
v -0.020913 -0.014219 -0.003424
v 0.015002 -0.019879 0.032799
v -0.024762 0.003864 0.008604
v -0.024862 0.005411 0.008424
v 0.019168 -0.011107 -0.039455
v 0.011015 -0.023140 0.011347
v 0.020954 0.004326 -0.039261
v 0.021927 0.003581 -0.038637
v 0.020809 0.002705 -0.039480
v 0.020725 -0.009541 -0.038619
v -0.020987 -0.013757 -0.004510
v 0.022318 -0.009440 -0.016792
v 0.022772 -0.008163 -0.015924
v -0.021514 -0.013200 -0.015314
v 0.020045 -0.012627 -0.033752
v 0.008460 -0.023683 -0.033488
v 0.015303 0.013633 -0.039857
v 0.011929 0.012982 -0.040683
v -0.021139 -0.013495 -0.000884
v 0.007557 -0.024018 -0.033154
v 0.014570 -0.020214 -0.035714
v 0.023208 -0.000489 -0.037725
v 0.013631 -0.012293 -0.040613
v -0.021156 -0.013536 0.015291
v -0.021849 -0.012099 0.011846
v 0.001857 -0.024411 -0.024024
v -0.024813 -0.004008 -0.022195
v 0.014563 0.018860 -0.031801
v -0.024783 0.004331 -0.012098
v 0.015686 -0.018610 -0.034576
v 0.021771 -0.010261 -0.032418
v 0.021599 -0.009688 -0.033137
v 0.022318 -0.008925 -0.035823
v 0.021936 -0.008650 -0.036426
v 0.020542 -0.003249 -0.040052
v -0.022936 0.010654 0.020760
v -0.024343 0.008796 0.021504
v -0.025057 0.002577 -0.003038
v 0.021294 -0.010111 -0.030555
v 0.021369 -0.007624 -0.028051
v 0.020982 -0.008412 -0.027052
v 0.015839 -0.012609 -0.040034
v -0.025528 -0.002013 0.037871
v 0.020909 -0.012420 -0.036012
v 0.021755 -0.007673 -0.036734
v 0.022084 -0.011135 -0.036437
v 0.015635 -0.019421 -0.035281
v 0.010713 0.021623 -0.009902
v 0.021725 0.007813 -0.023844
v 0.021925 0.007047 -0.021910
v 0.016429 -0.017845 -0.023772
v 0.016310 -0.017828 -0.022716
v 0.015560 -0.019001 0.020088
v 0.023527 0.004128 -0.035952
v 0.023030 0.005265 -0.036268
v -0.021354 0.013173 -0.004769
v -0.015563 0.018500 -0.032126
v 0.012940 -0.021795 0.029155
v 0.015015 -0.019553 0.030040
v 0.023978 0.005519 0.001948
v 0.022890 -0.007845 -0.017247
v -0.021061 -0.013449 -0.020735
v 0.022034 -0.006624 -0.028075
v 0.022399 -0.008862 -0.018034
v 0.012563 0.020822 -0.000548
v 0.022898 -0.001621 -0.038108
v 0.023479 -0.001651 -0.037335
v 0.011120 0.022688 0.020436
v -0.023806 -0.007575 -0.019812
v 0.021879 0.010724 0.003418
v -0.020331 -0.015154 -0.002908
v 0.023037 0.000725 -0.023737
v 0.014464 -0.020896 0.022844
v 0.019921 -0.014099 -0.013497
v 0.018832 -0.015015 -0.023572
v 0.019686 -0.013692 -0.021945
v 0.020708 -0.013949 -0.007748
v -0.001727 -0.026573 -0.029692
v 0.020916 -0.014296 -0.002956
v 0.021326 -0.013453 -0.004263
v 0.020552 -0.013651 -0.010704
v -0.014486 -0.020836 -0.025321
v 0.022542 -0.003976 -0.015263
v 0.022942 0.000131 -0.025088
v 0.018441 -0.015677 -0.011047
v 0.017256 -0.016694 -0.016821
v 0.022798 0.001466 -0.025045
v 0.019616 -0.015189 -0.007991
v -0.020771 -0.017054 -0.030916
v 0.016834 -0.016891 -0.013795
v -0.012515 -0.022744 -0.029769
v 0.020750 0.010189 -0.020466
v 0.020805 0.010745 -0.019086
v 0.017520 0.017191 -0.008990
v 0.013107 -0.020868 0.038313
v 0.022382 -0.005832 -0.019555
v 0.022542 -0.004237 -0.018611
v -0.013024 -0.021155 -0.018383
v -0.012918 -0.020984 -0.019681
v 0.022583 -0.004246 -0.017459
v 0.020584 -0.013012 -0.028835
v 0.020997 0.009882 -0.027018
v 0.023024 0.002242 -0.026287
v 0.022834 0.003103 -0.025934
v -0.010867 -0.022820 -0.027732
v 0.022652 0.003950 -0.025859
v -0.007115 -0.023837 -0.019645
v 0.015622 -0.018755 0.026359
v 0.017282 -0.016511 -0.019355
v 0.016652 -0.017368 -0.018818
v 0.021539 -0.010966 -0.019822
v -0.006055 -0.022565 -0.038717
v 0.023050 -0.002876 -0.019199
v 0.022466 -0.003707 -0.019486
v 0.020058 -0.015212 -0.004840
v 0.019242 -0.016027 -0.001282
v 0.020149 -0.015125 -0.000539
v 0.017316 -0.017961 -0.001372
v 0.017053 -0.018255 -0.002866
v 0.013872 -0.019305 -0.017073
v 0.014734 -0.019327 -0.010835
v 0.016274 -0.017722 -0.010609
v 0.022586 -0.006617 -0.016292
v 0.022624 -0.007550 -0.018645
v -0.011742 -0.023479 -0.030255
v 0.022778 -0.008856 -0.019295
v 0.022750 -0.006419 -0.015770
v 0.023000 -0.006735 -0.014995
v 0.020937 -0.012411 -0.015578
v 0.021840 -0.010393 -0.018540
v 0.021980 -0.009680 -0.019656
v 0.019904 0.014577 0.002434
v 0.022581 -0.005404 -0.022912
v 0.022077 -0.006507 -0.021957
v 0.022926 -0.002798 -0.015101
v 0.023192 -0.008067 -0.011389
v 0.016166 -0.018816 -0.002357
v 0.016477 -0.018699 -0.003582
v 0.023244 -0.009125 -0.008599
v 0.023214 -0.009646 -0.008006
v 0.023699 0.003946 -0.010522
v 0.021548 -0.010522 -0.017324
v 0.013859 -0.021392 0.020876
v 0.022896 -0.001524 -0.018897
v 0.022806 -0.001530 -0.017645
v 0.021542 -0.009506 -0.024958
v 0.024072 0.002012 -0.007170
v -0.008297 -0.020763 -0.039354
v 0.023903 0.002371 -0.006040
v 0.020816 -0.011982 -0.022821
v 0.022612 -0.001524 -0.014428
v 0.023330 -0.000204 -0.013605
v 0.022242 -0.005037 -0.025642
v -0.009208 -0.023158 -0.016560
v 0.022501 -0.003905 -0.025409
v 0.023137 0.002743 -0.016769
v 0.022856 0.003386 -0.017644
v 0.020993 0.009541 -0.025035
v 0.022114 -0.004986 -0.016269
v 0.022888 -0.000300 -0.020105
v 0.021442 -0.011350 -0.023376
v 0.022158 -0.009491 -0.018607
v 0.022948 0.002156 -0.014343
v 0.020980 -0.012107 -0.021349
v 0.023899 -0.001042 -0.010196
v 0.016548 -0.018816 0.009466
v 0.023612 -0.002833 -0.029995
v 0.024153 0.000314 -0.033840
v 0.023379 0.000873 -0.026300
v 0.023625 -0.001913 -0.036288
v 0.022968 0.003480 -0.023771
v 0.023505 -0.001559 -0.011551
v 0.016501 -0.018993 0.022810
v 0.020281 -0.013092 -0.021102
v 0.020445 -0.013015 -0.023505
v 0.021442 -0.011437 -0.022323
v 0.020066 -0.012892 -0.022387
v 0.024336 0.001573 0.008460
v 0.022636 -0.001559 -0.016263
v 0.023167 -0.000700 -0.026284
v 0.006114 -0.023493 -0.019274
v 0.022746 -0.001221 -0.025038
v 0.022632 -0.008536 -0.014345
v 0.013272 -0.021651 0.019607
v 0.022458 -0.011904 -0.003358
v 0.015101 -0.019099 0.016886
v 0.023444 -0.009118 -0.002703
v 0.023465 -0.009864 -0.002292
v 0.023813 -0.008120 -0.008656
v 0.022412 -0.009405 -0.015428
v 0.018127 -0.016438 0.015692
v 0.022699 -0.009493 -0.011370
v 0.024027 0.003462 -0.006734
v 0.012011 -0.022324 0.018440
v 0.023068 0.002386 -0.023450
v 0.021173 -0.012652 -0.027997
v 0.021380 -0.011576 -0.018395
v 0.014532 -0.019733 0.020430
v 0.023589 0.006526 0.002754
v 0.022965 -0.001799 -0.021008
v 0.022809 0.001589 -0.016085
v 0.023327 0.000058 -0.011843
v 0.022724 -0.006970 -0.034161
v 0.022996 -0.006832 -0.034831
v 0.021615 -0.010519 -0.033763
v 0.011249 -0.021886 0.015442
v -0.007490 -0.023718 -0.026957
v 0.020711 -0.012507 -0.019752
v 0.021911 -0.010220 -0.025974
v 0.021322 -0.011499 -0.014212
v 0.021391 -0.011718 -0.026545
v 0.023797 -0.005753 -0.009327
v 0.023944 -0.007069 -0.009601
v 0.021704 -0.011144 -0.026403
v 0.023698 -0.006772 -0.008374
v 0.023926 -0.005533 -0.001653
v 0.010066 -0.023618 0.024346
v 0.022992 -0.008139 -0.012745
v 0.022949 -0.006199 -0.013482
v 0.020132 -0.013485 -0.017026
v 0.016006 -0.017975 -0.025065
v 0.024214 -0.007007 -0.001525
v 0.024082 -0.004669 -0.004377
v 0.023689 0.006198 0.001753
v 0.024059 -0.002057 0.000182
v 0.023965 -0.008817 -0.000213
v 0.024436 -0.007930 -0.001417
v 0.024289 -0.001301 -0.001415
v 0.024133 -0.001126 -0.000390
v 0.011801 -0.022287 0.011038
v 0.024177 -0.004601 0.000936
v 0.024326 -0.010246 0.006921
v 0.023212 -0.010474 -0.006807
v 0.019430 -0.013945 -0.020540
v 0.021923 -0.011113 -0.025345
v 0.021657 -0.012663 -0.007826
v 0.015669 -0.018181 -0.030380
v -0.000447 -0.024651 -0.021476
v 0.023678 -0.009223 0.001737
v 0.023705 -0.009721 0.002737
v 0.024275 0.002076 -0.001363
v 0.023960 -0.003588 -0.003584
v 0.023216 -0.011334 0.003387
v 0.024093 -0.001855 0.001310
v 0.023787 -0.000486 -0.009205
v 0.023369 -0.010341 0.003681
v 0.023206 -0.010680 0.000992
v 0.023370 -0.010593 0.002496
v 0.023886 -0.002620 -0.010081
v 0.023806 -0.009524 -0.001627
v 0.022685 -0.003076 -0.016657
v 0.024481 0.000448 0.011982
v 0.012501 -0.022188 0.020450
v 0.023938 -0.000428 -0.002829
v 0.009352 -0.022794 0.016160
v -0.005999 -0.024337 -0.007722
v 0.023996 -0.010337 0.007324
v 0.009881 -0.022565 0.016638
v 0.025830 -0.001462 0.022365
v 0.011277 -0.022583 0.017871
v 0.013654 -0.020563 0.017638
v 0.011604 -0.021582 0.015813
v 0.024087 0.000464 -0.000587
v 0.011057 -0.022515 0.013783
v 0.023924 0.003107 -0.000878
v -0.005042 -0.024396 -0.002700
v 0.022628 0.006628 -0.012271
v 0.023792 -0.007281 -0.010792
v 0.012465 -0.020781 0.016648
v 0.010998 -0.021308 -0.025298
v 0.021267 -0.009506 -0.032209
v 0.022539 -0.012064 -0.001736
v 0.015236 -0.019594 0.037417
v 0.019742 -0.015818 0.007069
v 0.020333 -0.015305 0.007802
v 0.005514 -0.024486 -0.006894
v 0.014097 -0.021150 0.012910
v 0.023915 -0.008566 -0.006843
v 0.005052 -0.024533 -0.006628
v 0.011887 -0.021983 0.010300
v 0.025492 -0.007850 0.004542
v 0.025685 -0.008527 0.005693
v 0.023985 -0.008609 -0.005645
v -0.005865 -0.022934 -0.038035
v 0.023217 -0.009532 -0.005164
v 0.014279 -0.020095 0.018372
v 0.024428 -0.000148 0.017006
v 0.024486 0.001471 0.014545
v 0.024441 0.000744 0.015793
v 0.024026 0.001748 -0.008317
v 0.001274 -0.024488 -0.024613
v 0.011053 -0.021951 0.016919
v 0.023800 0.000175 -0.011207
v 0.023442 -0.008743 -0.009968
v 0.021350 0.008636 -0.026561
v 0.023993 -0.006818 -0.007274
v 0.024250 -0.007808 -0.007634
v 0.022152 -0.011544 -0.008529
v -0.004842 -0.024043 -0.017337
v 0.023023 -0.010712 -0.007679
v 0.023327 -0.010258 -0.007876
v 0.023931 -0.000649 -0.007804
v 0.009280 -0.022910 0.015585
v -0.007700 -0.022842 -0.038144
v 0.024054 0.000722 -0.008876
v 0.011631 -0.022216 0.013702
v 0.020453 -0.012570 -0.030571
v 0.020870 -0.014380 0.001961
v -0.010886 -0.022323 -0.018782
v -0.013045 -0.021301 -0.025719
v 0.021410 -0.013872 0.000312
v 0.022461 -0.004024 -0.023028
v 0.022491 0.005749 -0.018580
v 0.021873 -0.010383 -0.037203
v 0.023922 0.002458 -0.028915
v 0.024273 -0.002301 -0.004287
v 0.022550 -0.009712 -0.012811
v 0.009904 -0.023324 0.013130
v 0.021964 -0.011009 -0.012675
v 0.012428 -0.022255 0.019190
v 0.023846 -0.001681 -0.009061
v 0.023131 -0.000195 -0.015617
v 0.013922 -0.020137 0.016646
v 0.019325 -0.016035 0.013023
v 0.019518 -0.016671 0.012095
v 0.023806 -0.005950 -0.010713
v 0.002395 -0.025767 0.007179
v 0.013483 -0.020499 0.015696
v 0.024001 -0.000861 -0.031138
v 0.024413 0.000062 0.007481
v 0.019800 -0.013531 -0.022629
v 0.013578 -0.021069 0.009966
v 0.023974 -0.001733 -0.006176
v 0.014838 -0.020355 0.010165
v 0.023686 -0.006683 -0.012346
v 0.022506 -0.007707 -0.020337
v 0.015272 -0.020187 0.022700
v 0.008983 -0.023620 0.007024
v 0.022790 -0.001872 -0.026439
v 0.022828 -0.002905 -0.025874
v -0.006036 -0.024224 -0.026121
v 0.009982 -0.023209 0.006887
v 0.013265 -0.021807 0.013214
v -0.008139 -0.024251 -0.029112
v 0.023133 -0.002995 -0.018005
v 0.014436 -0.019717 0.019274
v 0.022020 -0.006691 -0.023315
v 0.021573 -0.007704 -0.023741
v 0.023692 0.004098 -0.008607
v 0.024085 -0.001375 -0.029328
v 0.024298 -0.000284 0.004817
v 0.022527 -0.005219 -0.014527
v 0.022015 -0.012644 0.000307
v 0.022991 -0.001601 -0.027827
v 0.022736 -0.002955 -0.020334
v 0.022853 -0.003446 -0.020820
v 0.022583 -0.002746 -0.023900
v 0.023816 -0.000710 -0.028184
v 0.022692 -0.003116 -0.021737
v 0.023094 0.002573 -0.012986
v 0.023007 0.001480 -0.012395
v -0.023878 0.006490 -0.033487
v -0.023895 0.006373 -0.034908
v 0.012466 -0.022017 0.013324
v 0.021520 0.010770 -0.003410
v -0.008924 -0.022018 -0.038238
v 0.016864 -0.017549 0.020445
v 0.010735 -0.022687 0.013205
v 0.022339 -0.004508 -0.019505
v 0.015125 -0.020259 0.010908
v 0.022621 -0.005913 -0.017749
v 0.022947 -0.000674 -0.023209
v 0.015044 -0.020065 0.014111
v -0.001399 -0.025446 -0.034728
v 0.023470 0.007110 0.007107
v 0.022896 0.007884 0.006173
v 0.020771 0.008661 -0.038153
v 0.021829 0.007846 -0.025581
v 0.015442 -0.019598 0.014356
v 0.021897 0.007245 -0.027169
v 0.018628 -0.016552 0.024069
v 0.022427 0.008576 -0.002794
v 0.011636 -0.022108 0.006557
v 0.022669 0.007514 -0.034832
v 0.012670 -0.021859 0.005640
v 0.022558 -0.005488 -0.021237
v 0.015153 -0.019597 0.015014
v 0.022751 -0.003742 -0.013698
v 0.022850 -0.002740 -0.013887
v 0.015811 -0.019819 0.013654
v 0.015362 0.018643 -0.033720
v 0.022926 0.003076 -0.020923
v 0.022916 0.000886 -0.021814
v 0.022607 0.004217 -0.019034
v 0.023613 -0.004380 -0.010059
v 0.023235 -0.005229 -0.035305
v 0.011622 -0.021892 -0.032362
v 0.022038 -0.005282 -0.032117
v 0.016607 -0.018334 0.019561
v 0.022608 -0.002948 -0.027209
v 0.016059 -0.019090 0.025050
v 0.021494 -0.006905 -0.024625
v 0.021270 0.012366 -0.000774
v 0.017109 -0.017622 0.014177
v -0.009890 -0.022674 -0.025543
v 0.024168 0.000926 -0.035899
v 0.019723 -0.013937 -0.034724
v 0.023885 0.000613 -0.032420
v 0.023988 0.000651 -0.010714
v 0.023308 0.002866 -0.011703
v 0.023002 -0.003264 -0.011796
v 0.023915 -0.000134 -0.027188
v 0.023200 -0.007012 -0.013559
v 0.023497 -0.006507 -0.013184
v 0.015464 -0.019525 0.009573
v 0.024323 0.000752 0.000646
v 0.022944 -0.005083 -0.012164
v 0.014280 -0.019826 0.017517
v 0.023195 -0.000710 -0.021410
v 0.021385 -0.012221 -0.027107
v 0.016997 -0.018043 0.012654
v 0.018148 -0.017456 0.012192
v 0.015532 -0.019495 -0.003505
v 0.023886 -0.002860 -0.033931
v 0.023995 -0.003163 -0.033217
v 0.023707 -0.002292 -0.031295
v 0.024195 -0.002629 -0.032413
v 0.020901 -0.011903 -0.030442
v 0.021634 -0.010921 -0.030215
v 0.021064 -0.011585 -0.020533
v 0.021050 -0.009538 -0.030971
v 0.021514 -0.010284 -0.031328
v 0.023169 -0.003303 -0.030909
v 0.023525 -0.003482 -0.032115
v 0.020631 -0.011974 -0.037947
v 0.023470 -0.005096 -0.008243
v 0.020040 -0.013920 -0.037896
v 0.018575 -0.014105 -0.037887
v 0.021646 -0.011583 -0.037568
v 0.024157 0.000030 -0.001668
v 0.010678 -0.022467 -0.028434
v 0.010126 -0.021858 -0.027299
v 0.023005 -0.003840 -0.028605
v 0.013810 -0.020520 0.014283
v 0.017836 -0.009555 -0.040338
v 0.023481 -0.003162 -0.036219
v 0.020797 -0.008428 -0.038298
v 0.020421 -0.012207 -0.033785
v 0.020107 -0.013078 -0.035684
v 0.013385 -0.021604 0.012214
v 0.023623 -0.004202 -0.034273
v 0.023645 -0.004004 -0.033292
v 0.023637 -0.004892 -0.033860
v 0.020625 -0.012958 -0.029864
v 0.009546 -0.022941 0.014882
v 0.020177 -0.014003 -0.036597
v 0.020654 -0.013854 -0.037204
v 0.003212 -0.022818 -0.038508
v 0.020052 -0.014493 -0.037203
v 0.011857 -0.022083 0.004627
v 0.013690 -0.020588 -0.033542
v 0.012635 -0.021658 0.003713
v 0.017716 -0.015949 -0.038063
v 0.018534 -0.015886 -0.036326
v 0.020869 -0.012878 -0.037582
v 0.020884 0.010702 -0.028177
v 0.021980 -0.010850 -0.022693
v -0.007558 -0.024451 -0.028901
v 0.017490 -0.016638 -0.024079
v 0.016908 -0.016993 -0.022656
v 0.021829 -0.013076 -0.002763
v 0.009087 -0.023496 0.008335
v 0.008471 -0.023882 0.008891
v 0.009835 -0.023227 0.010209
v 0.020188 -0.012764 -0.034454
v 0.011047 -0.022464 0.007027
v 0.018318 -0.015757 -0.024375
v 0.019851 -0.013693 -0.018756
v 0.016057 -0.018069 -0.026351
v 0.023551 -0.002934 -0.028886
v 0.022090 -0.004461 -0.024265
v 0.018560 -0.015584 -0.017329
v 0.014524 -0.020722 0.011568
v 0.017904 -0.015673 -0.034839
v 0.017586 -0.016239 -0.034425
v 0.017390 -0.014745 -0.038508
v 0.018691 -0.014851 -0.028369
v 0.020379 -0.013000 -0.024384
v 0.020243 -0.013486 -0.032016
v 0.018653 -0.014957 -0.025057
v 0.019024 -0.014370 -0.025629
v 0.022568 -0.009770 -0.036587
v 0.024171 -0.000258 0.015847
v -0.003455 -0.025515 -0.034332
v 0.019551 -0.015797 -0.003416
v 0.020068 -0.015175 -0.003688
v 0.014919 -0.020542 0.013195
v 0.019268 -0.014586 -0.017955
v 0.015634 -0.019449 0.012331
v 0.016872 -0.017580 -0.024622
v 0.016945 -0.017117 -0.025568
v 0.016558 -0.018688 0.007026
v 0.017432 -0.016676 -0.018097
v 0.016019 -0.019293 0.007015
v 0.000931 -0.025950 -0.031495
v 0.024297 -0.004848 0.002320
v 0.019322 -0.014385 -0.012808
v 0.016380 -0.018987 0.007575
v 0.016306 -0.017674 -0.027634
v 0.016516 -0.017406 -0.028449
v -0.009136 -0.023287 -0.019743
v 0.014612 -0.018986 -0.037597
v -0.010077 -0.022466 -0.019704
v 0.016971 -0.018627 0.007971
v 0.019229 -0.014715 -0.028770
v 0.010394 -0.023124 0.011914
v 0.014086 -0.020871 0.008720
v 0.018182 -0.015771 -0.028202
v 0.015031 -0.020171 0.008940
v 0.017452 -0.016712 -0.020983
v 0.015102 -0.018530 -0.022279
v 0.015477 -0.018327 -0.021553
v 0.018386 0.014135 -0.037324
v 0.020405 -0.013054 -0.026560
v 0.016966 -0.017086 -0.033898
v 0.015063 -0.019422 -0.034570
v 0.016213 -0.014205 -0.039513
v 0.019198 -0.014240 -0.027506
v 0.015806 -0.018200 -0.028978
v 0.015780 -0.019439 0.008225
v 0.015567 -0.019648 0.002652
v 0.016652 -0.018458 0.003947
v 0.015823 -0.019248 0.004719
v 0.019008 -0.015483 -0.037482
v 0.019870 -0.013211 -0.027787
v 0.018313 -0.015887 -0.023582
v 0.018837 -0.015170 -0.026700
v 0.019733 -0.013894 -0.026266
v 0.022260 -0.005857 -0.024428
v 0.021985 -0.006362 -0.025774
v 0.017158 -0.016640 -0.027918
v 0.009076 -0.023269 0.009333
v 0.017805 -0.015956 -0.025602
v 0.001664 -0.026093 -0.028237
v 0.000216 -0.025748 -0.028163
v 0.017057 -0.016791 -0.034981
v 0.017588 -0.015896 -0.035401
v 0.013602 -0.021165 0.005670
v 0.018455 -0.015525 -0.031275
v 0.019978 -0.013433 -0.033456
v 0.000039 -0.024858 -0.024222
v 0.018834 -0.015295 -0.032123
v 0.019307 -0.014415 -0.032678
v 0.012950 -0.021854 0.010968
v 0.014792 -0.020074 -0.034829
v 0.014177 -0.020366 -0.034841
v 0.019023 -0.014255 -0.033789
v 0.013630 -0.020875 -0.034532
v 0.012851 -0.021252 -0.033812
v 0.018401 -0.014923 -0.034958
v 0.003566 -0.024298 -0.022650
v 0.019033 -0.014867 -0.029082
v 0.020480 -0.013191 -0.014132
v 0.014087 -0.020901 0.007566
v 0.013602 -0.021141 0.006841
v 0.023280 0.000450 -0.013479
v 0.013269 -0.021215 0.007816
v 0.018077 -0.016179 -0.027031
v 0.019595 -0.013849 -0.024500
v 0.011674 -0.022117 0.009508
v 0.000794 -0.024739 -0.025859
v 0.000744 -0.024702 -0.024915
v 0.015892 -0.018771 -0.036521
v 0.001661 -0.024433 -0.020927
v 0.016867 -0.017279 -0.037322
v 0.014375 -0.014456 -0.040140
v 0.013447 -0.021094 0.003771
v 0.012873 -0.021610 0.004665
v 0.011090 -0.022768 0.005510
v 0.002271 -0.025098 -0.034569
v 0.012494 -0.021964 -0.002262
v 0.012508 -0.021780 -0.001138
v 0.016215 -0.018061 -0.031729
v 0.010935 -0.022796 0.007788
v 0.017218 -0.016687 -0.030329
v 0.017369 -0.016738 -0.031317
v 0.016400 -0.017582 -0.017682
v 0.010788 -0.022834 0.006689
v 0.013581 -0.017718 -0.038979
v 0.021418 -0.011789 -0.024838
v 0.014929 -0.020458 0.007942
v 0.015979 -0.017940 -0.033345
v 0.001673 -0.024549 -0.025259
v 0.019089 -0.014462 -0.031078
v 0.000045 -0.025425 -0.033394
v 0.010891 -0.022599 0.009170
v 0.020129 -0.013455 -0.030696
v 0.020987 -0.012879 -0.027080
v 0.019713 -0.014163 -0.029395
v 0.015670 -0.019411 0.010900
v 0.015112 -0.018933 -0.029974
v 0.023173 -0.006131 -0.035029
v 0.018407 -0.012764 -0.039306
v -0.005185 -0.025078 0.007144
v 0.008580 -0.017818 -0.040441
v 0.015485 -0.019690 0.006158
v 0.017361 -0.018456 0.010767
v 0.016378 -0.018817 0.013229
v -0.001556 -0.025640 -0.033772
v 0.018593 -0.016510 -0.037307
v 0.001677 -0.024406 -0.018617
v 0.016578 -0.017679 -0.034747
v 0.017337 -0.017179 -0.035769
v 0.012733 -0.018660 -0.039014
v -0.017326 0.017107 -0.029432
v 0.014841 -0.020507 0.005089
v 0.020299 -0.012680 -0.025232
v 0.014672 -0.018808 -0.033691
v 0.010428 -0.022485 -0.035110
v 0.008542 -0.019478 -0.039796
v 0.009596 -0.020703 -0.038764
v -0.005403 -0.024492 -0.036481
v 0.011925 -0.021922 -0.033510
v 0.015151 -0.018762 -0.024466
v 0.013595 -0.019536 -0.024695
v 0.017933 -0.018066 0.008995
v 0.014963 -0.018788 -0.030884
v 0.015180 -0.018620 -0.025768
v 0.012952 -0.015759 -0.040352
v -0.000812 -0.024563 -0.018976
v 0.011643 -0.016072 -0.040162
v 0.011818 -0.021126 -0.035476
v 0.011778 -0.021525 -0.029260
v 0.015328 -0.018785 -0.026533
v 0.015515 -0.018382 -0.020281
v 0.012112 -0.020581 -0.022307
v 0.000934 -0.022943 -0.038537
v 0.012553 -0.020450 -0.021768
v 0.002597 -0.025975 -0.027180
v 0.010043 -0.021709 -0.016368
v 0.010706 -0.021268 -0.016101
v 0.021571 -0.009044 -0.037556
v 0.014234 -0.019405 -0.020383
v 0.014451 -0.018958 -0.019149
v 0.012891 -0.021608 0.006776
v -0.000027 -0.025087 -0.027502
v 0.009055 -0.022632 -0.027070
v 0.008834 -0.023465 -0.027241
v 0.021294 -0.012515 -0.013071
v 0.016240 -0.017711 -0.019840
v 0.016015 -0.017987 -0.020897
v -0.002385 -0.025274 -0.035419
v 0.014036 -0.019178 -0.032672
v 0.013109 -0.020435 -0.027874
v 0.012512 -0.020360 -0.027162
v 0.013041 -0.020101 -0.023623
v 0.021398 -0.012298 0.018357
v 0.010251 -0.021482 -0.024928
v 0.012708 -0.021674 0.001978
v 0.014453 -0.019292 -0.022990
v 0.019250 -0.014505 -0.010619
v 0.016612 -0.018445 -0.035595
v 0.017166 -0.017897 -0.036515
v 0.017025 -0.018144 0.011689
v 0.016576 -0.018716 0.011421
v 0.018479 -0.016185 -0.009308
v -0.003521 -0.023099 -0.038611
v 0.017080 -0.016975 -0.015544
v 0.012657 -0.020733 -0.035144
v 0.018010 -0.016136 -0.032319
v -0.000133 -0.019707 -0.040188
v 0.016544 -0.018863 0.006023
v 0.018191 -0.015570 -0.034323
v 0.017361 -0.018344 0.006728
v 0.016134 -0.019282 0.003358
v 0.014644 -0.019014 -0.017858
v -0.004792 -0.025277 -0.028784
v 0.012371 -0.020960 -0.036383
v 0.014574 -0.020602 0.006617
v 0.009893 -0.021942 -0.036101
v 0.011190 -0.021136 -0.036180
v 0.010559 -0.020944 -0.037788
v 0.017332 -0.016349 -0.033347
v 0.011485 -0.020678 -0.037333
v 0.010114 -0.022839 -0.033229
v 0.009375 -0.023107 -0.033967
v 0.008828 -0.022663 -0.035885
v 0.015479 -0.018154 -0.018651
v 0.012447 -0.020229 -0.024836
v 0.009425 -0.022840 -0.027837
v 0.006828 -0.024144 -0.034171
v 0.003709 -0.023743 -0.037627
v -0.000532 -0.025355 -0.035222
v 0.015948 -0.019294 0.001674
v 0.002821 -0.024582 -0.035559
v 0.000837 -0.024298 -0.036993
v -0.005078 -0.023106 -0.038342
v 0.009113 -0.022336 -0.026295
v 0.008514 -0.022722 -0.017055
v 0.017087 -0.018379 0.000200
v 0.008784 -0.022748 -0.023391
v 0.009052 -0.022388 -0.011243
v 0.008044 -0.022734 -0.025236
v -0.012128 -0.022234 -0.036565
v -0.011482 -0.022261 -0.037233
v 0.009791 -0.022270 -0.019509
v 0.007980 -0.023067 -0.012166
v -0.008494 -0.024180 -0.034808
v 0.009437 -0.023308 -0.032985
v -0.009197 -0.021316 -0.039020
v 0.009391 -0.023450 -0.029555
v 0.012004 -0.021789 0.008224
v 0.016103 -0.019105 0.014447
v 0.016048 -0.018618 0.015675
v 0.011906 -0.020742 -0.019393
v 0.010272 -0.021913 -0.023872
v -0.001348 -0.026499 -0.028872
v -0.005822 -0.025579 -0.028925
v 0.019301 -0.014383 -0.035892
v -0.010874 -0.022152 -0.020507
v 0.000539 -0.024687 -0.018838
v 0.019567 -0.014976 -0.036804
v 0.007984 -0.023168 -0.034669
v -0.009892 -0.022765 -0.018638
v 0.004009 -0.020980 -0.039894
v 0.009008 -0.022224 -0.036308
v 0.007792 -0.023918 -0.034043
v 0.006671 -0.023631 -0.035732
v 0.006167 -0.022959 -0.036723
v 0.012336 -0.021882 -0.003580
v -0.005424 -0.024130 -0.018601
v -0.006279 -0.024064 -0.019961
v 0.007079 -0.024349 -0.027561
v -0.005112 -0.024136 -0.020778
v 0.006983 -0.018968 -0.040155
v -0.006000 -0.024043 -0.017274
v 0.013211 -0.021474 -0.003020
v 0.021384 -0.007141 -0.026691
v 0.013279 -0.020434 -0.029242
v 0.000002 -0.024813 -0.025311
v 0.006805 -0.019960 -0.039663
v -0.008012 -0.023569 -0.018904
v 0.006330 -0.020634 -0.039605
v 0.017513 -0.013764 -0.039103
v 0.012638 -0.021735 0.000893
v 0.014339 -0.020953 0.002297
v -0.000462 -0.023023 -0.038932
v 0.007805 -0.022953 -0.023868
v -0.008103 -0.023225 -0.017430
v 0.008601 -0.022504 -0.024543
v 0.008793 -0.023829 0.009792
v 0.006360 -0.022648 -0.037642
v -0.010273 -0.022799 -0.023576
v 0.006203 -0.023507 -0.020778
v 0.000030 -0.024503 -0.020163
v 0.012975 -0.021719 0.002922
v 0.016165 -0.017776 -0.016158
v 0.000761 -0.024500 -0.017098
v 0.010610 -0.023002 0.002190
v 0.005974 -0.024798 0.000969
v 0.006489 -0.024606 -0.032904
v -0.000359 -0.024524 -0.026399
v 0.005899 -0.025014 0.000342
v 0.007248 -0.024518 -0.030132
v 0.003631 -0.024609 -0.034876
v 0.003466 -0.025428 -0.026236
v 0.004465 -0.024525 -0.026159
v 0.005315 -0.022473 -0.038327
v 0.004109 -0.022756 -0.038152
v 0.009859 -0.023102 0.005504
v 0.000155 -0.024726 -0.022833
v 0.020195 -0.010525 -0.039081
v 0.002543 -0.024532 -0.024751
v 0.002517 -0.023984 -0.036273
v 0.001979 -0.024288 -0.035678
v 0.007503 -0.022854 -0.017357
v 0.007561 -0.024203 0.006926
v -0.000130 -0.026096 -0.031583
v 0.007754 -0.022835 -0.036080
v 0.004846 -0.024262 -0.023813
v 0.008004 -0.024015 -0.026993
v 0.006888 -0.024046 0.015136
v 0.007110 -0.023140 -0.021356
v 0.010048 -0.022808 -0.030798
v 0.005297 -0.023681 -0.012970
v 0.008014 -0.024297 -0.028688
v 0.005356 -0.025618 -0.028974
v 0.010063 -0.023102 0.012479
v 0.004011 -0.024182 -0.016874
v 0.000544 -0.025187 -0.003011
v -0.003644 -0.025183 0.001847
v 0.002636 -0.024201 -0.018377
v 0.005702 -0.023648 -0.015744
v 0.012687 -0.020080 -0.037489
v -0.009358 -0.022880 -0.010041
v 0.000829 -0.025080 -0.004072
v 0.010916 -0.020374 -0.038132
v 0.006290 -0.023620 -0.022000
v 0.004399 -0.024522 -0.006365
v 0.005084 -0.021434 -0.039291
v 0.017999 -0.018001 0.007516
v 0.011075 -0.022426 0.003109
v 0.003682 -0.024215 -0.009210
v 0.011654 -0.022300 0.001692
v 0.005230 -0.023635 -0.014407
v 0.006194 -0.024203 -0.006684
v 0.009279 -0.022173 -0.022709
v 0.010034 -0.022079 -0.017914
v -0.001105 -0.024222 -0.009559
v 0.006388 -0.024346 -0.005343
v 0.000317 -0.024869 -0.006396
v 0.007796 -0.024444 0.005955
v 0.008185 -0.024109 0.006579
v -0.006036 -0.024408 -0.005742
v 0.008031 -0.022860 -0.015582
v 0.010866 -0.022470 -0.032955
v 0.008570 -0.023676 0.005610
v 0.008649 -0.022051 -0.037155
v 0.008178 -0.021157 -0.038332
v 0.013433 -0.019835 -0.032004
v 0.011108 -0.022003 -0.035300
v 0.012547 -0.020694 -0.031596
v 0.012279 -0.019357 -0.038332
v 0.013855 -0.019624 -0.037488
v 0.013215 -0.019354 -0.038189
v -0.003393 -0.025626 0.007565
v 0.017600 -0.018047 0.004192
v 0.011631 -0.021115 -0.024122
v 0.008802 -0.023214 0.012958
v 0.013482 -0.019943 -0.032929
v 0.002100 -0.024208 -0.017631
v 0.010484 -0.023359 0.000167
v 0.013551 -0.020432 -0.035251
v 0.013869 -0.020553 -0.035020
v 0.014359 -0.020086 -0.034156
v -0.000169 -0.024916 -0.003948
v 0.010516 -0.021057 -0.036853
v 0.012804 -0.020119 -0.026053
v 0.013422 -0.019533 -0.027036
v 0.013198 -0.020726 -0.032752
v 0.010146 -0.016340 -0.040285
v 0.010664 -0.022269 -0.034033
v 0.012453 -0.020537 -0.019865
v 0.012513 -0.021124 -0.028406
v 0.013527 -0.020238 -0.036300
v 0.011751 -0.021664 -0.028228
v -0.005892 -0.023817 -0.015748
v 0.008276 -0.023726 0.013965
v 0.009529 -0.023402 0.011719
v 0.003027 -0.025460 -0.033608
v 0.004388 -0.025231 -0.033543
v 0.004192 -0.021529 -0.039656
v 0.003567 -0.022022 -0.039287
v 0.007137 -0.024056 -0.026467
v 0.006400 -0.023893 -0.025948
v 0.008836 -0.022515 -0.022018
v 0.011049 -0.021129 -0.014326
v 0.016844 -0.015351 -0.039044
v 0.006068 -0.023484 -0.014430
v 0.008129 -0.023036 -0.018158
v 0.013926 -0.019247 -0.028096
v 0.011944 -0.021998 -0.032876
v 0.009996 -0.022043 -0.022917
v 0.010503 -0.021786 -0.026007
v 0.010716 -0.021357 -0.022886
v 0.009824 -0.023171 -0.028468
v 0.011088 -0.021938 -0.030627
v 0.010652 -0.022476 -0.029710
v 0.011244 -0.021630 -0.027701
v 0.011014 -0.021200 -0.022003
v 0.009916 -0.023034 0.008793
v 0.016945 -0.017043 -0.013217
v 0.018717 -0.015462 -0.029726
v 0.018130 -0.017666 0.006446
v 0.004736 -0.024206 -0.022842
v 0.018329 -0.016434 0.017359
v 0.006937 -0.024648 0.005273
v 0.006669 -0.024506 0.006730
v 0.006501 -0.024681 0.008562
v 0.014247 -0.019100 -0.027301
v 0.022799 -0.010269 -0.010439
v 0.022844 -0.010375 -0.008942
v 0.009694 -0.023498 0.013903
v 0.006940 -0.023257 -0.020088
v 0.012574 -0.020950 -0.010419
v -0.014177 -0.020973 0.010657
v 0.014680 -0.019399 -0.021573
v 0.013298 -0.019810 -0.019476
v 0.012371 -0.020431 -0.018688
v 0.005421 -0.025140 -0.032632
v 0.013070 -0.020023 -0.016500
v -0.005713 -0.024612 0.012580
v 0.001972 -0.022358 -0.039439
v 0.011129 -0.021638 -0.013478
v -0.002604 -0.025445 0.013553
v 0.010676 -0.021531 -0.017449
v 0.008869 -0.022335 -0.014558
v 0.006352 -0.024886 0.005522
v 0.005769 -0.024697 -0.003118
v 0.010146 -0.023129 -0.007582
v 0.009308 -0.023436 -0.001983
v 0.009683 -0.023492 -0.003049
v -0.013901 -0.020871 0.007307
v 0.008517 -0.024127 0.007970
v 0.018245 -0.015849 -0.018545
v -0.008871 -0.023244 0.003303
v 0.007916 -0.023225 -0.010624
v 0.009591 -0.022047 -0.017310
v 0.013232 -0.021406 -0.005711
v 0.006528 -0.024505 0.009593
v 0.012413 -0.020639 -0.015300
v 0.009779 -0.023530 -0.004881
v 0.012081 -0.020943 -0.012014
v 0.010455 -0.021984 -0.018698
v 0.017831 -0.017105 -0.037461
v 0.010746 -0.021592 -0.019758
v 0.011417 -0.022564 -0.005683
v 0.005817 -0.023349 -0.017486
v -0.011032 -0.022294 -0.012314
v 0.004958 -0.023758 -0.016841
v 0.013802 -0.021030 -0.007727
v 0.012413 -0.020342 -0.017401
v 0.005510 -0.024545 -0.004423
v 0.006599 -0.024574 -0.004233
v -0.019126 -0.015898 -0.011339
v -0.020137 -0.015049 -0.009935
v 0.014360 -0.020521 -0.002041
v 0.013367 -0.020948 -0.001736
v 0.007910 -0.024104 0.001604
v -0.013104 -0.021317 -0.011685
v 0.011400 -0.021415 -0.012293
v 0.009834 -0.023306 0.000782
v 0.013200 -0.021320 -0.004230
v 0.013198 -0.020074 -0.013589
v 0.005754 -0.023878 -0.009645
v -0.010385 -0.022122 -0.010306
v 0.013453 -0.020738 -0.009198
v 0.013884 -0.020631 -0.006436
v 0.014567 -0.020136 -0.007385
v 0.014977 -0.020067 -0.006109
v -0.011650 -0.022106 0.000868
v 0.011317 -0.021017 -0.015142
v 0.004886 -0.024939 0.004199
v 0.015340 -0.019610 0.000457
v 0.014201 -0.019074 -0.014468
v 0.013494 -0.019872 -0.015180
v -0.018672 -0.016873 0.011429
v 0.023793 -0.006150 -0.004051
v 0.009504 -0.023329 0.000078
v 0.013405 -0.021299 0.002356
v 0.017429 -0.016643 -0.026572
v 0.015446 -0.018597 -0.011084
v 0.013334 -0.021438 -0.000098
v -0.011899 -0.021679 0.009094
v 0.008169 -0.024271 0.007289
v 0.016089 -0.017505 -0.014517
v 0.011809 -0.022105 -0.008838
v 0.009274 -0.023626 0.003106
v 0.012657 -0.021437 -0.007957
v 0.014046 -0.020550 -0.005114
v 0.010993 -0.022521 -0.002697
v 0.011358 -0.022298 -0.001706
v 0.016493 -0.019116 0.000712
v 0.015143 -0.019439 -0.009784
v 0.008774 -0.023914 -0.003793
v 0.009006 -0.024014 -0.002800
v -0.010791 -0.022366 0.006694
v -0.020937 -0.013849 -0.002218
v 0.005638 0.004573 -0.040651
v 0.015176 -0.018704 -0.012809
v 0.015140 -0.019761 0.003749
v 0.014098 -0.020927 0.004511
v -0.004670 -0.024414 -0.005229
v -0.018239 -0.017454 0.001340
v 0.004535 -0.025141 0.005383
v 0.016125 -0.018569 -0.009116
v -0.011924 -0.022019 0.007090
v 0.017089 -0.017781 -0.008733
v 0.014858 -0.018925 -0.012025
v 0.011234 -0.022589 -0.007276
v -0.016564 -0.018760 0.003630
v 0.010171 -0.023379 0.003376
v 0.010356 -0.023158 -0.001101
v 0.010728 -0.022841 -0.002050
v 0.008928 -0.023671 -0.000638
v 0.006102 -0.025024 -0.000524
v 0.010373 -0.023230 -0.002721
v 0.009357 -0.023434 0.001783
v 0.014989 -0.019920 0.001735
v 0.014947 -0.020354 0.002796
v 0.015574 -0.018067 -0.012016
v 0.005254 -0.024868 0.000816
v 0.013575 -0.020217 -0.010855
v 0.014403 -0.019795 -0.009561
v 0.008635 -0.024252 0.003101
v 0.007485 -0.024190 0.004080
v 0.008362 -0.023650 -0.006281
v 0.010441 -0.022150 -0.013599
v -0.017504 -0.018162 0.002310
v 0.010231 -0.021709 -0.014806
v 0.009071 -0.023516 0.004103
v 0.005338 -0.024826 -0.005728
v 0.006887 -0.024330 0.001875
v 0.008146 -0.024160 0.005285
v 0.009022 -0.022418 -0.012768
v 0.009248 -0.023334 0.000786
v 0.008812 -0.023753 0.000607
v 0.016769 -0.018604 -0.004787
v 0.007372 -0.023875 -0.005054
v -0.010426 -0.022854 -0.006321
v 0.008688 -0.024073 -0.005033
v 0.014427 -0.020236 -0.008488
v -0.014639 -0.020201 0.002207
v 0.015392 -0.019461 -0.007093
v 0.006037 -0.024762 -0.001709
v 0.009415 -0.023435 -0.003749
v 0.006993 -0.024342 -0.000867
v 0.008184 -0.023953 -0.001573
v -0.011767 -0.022023 -0.017255
v 0.007337 -0.024010 -0.006492
v 0.016868 -0.017353 0.018098
v -0.015843 -0.019685 -0.021478
v 0.007953 -0.024235 -0.000026
v 0.007577 -0.023126 -0.016482
v 0.017461 -0.017231 0.018863
v 0.003427 -0.024211 -0.036317
v 0.001355 -0.024345 -0.019978
v 0.001390 -0.024499 -0.022816
v -0.015341 -0.019908 -0.022534
v 0.006952 -0.023549 -0.015595
v 0.008945 -0.022932 -0.009720
v 0.006609 -0.023483 -0.012191
v 0.001830 -0.025895 0.007887
v 0.002399 -0.025246 -0.003265
v 0.001700 -0.024410 -0.010321
v 0.006196 -0.024879 0.004169
v 0.010595 -0.022865 0.001032
v 0.017764 -0.018175 0.005414
v -0.010112 -0.022685 -0.009009
v 0.007908 -0.024260 0.003977
v 0.009694 -0.022253 -0.013659
v 0.014521 -0.020726 0.000735
v 0.006777 -0.023374 -0.016770
v 0.011920 -0.021297 -0.011375
v 0.011006 -0.021474 -0.011350
v -0.023155 -0.009947 -0.006379
v -0.015425 -0.019490 0.002851
v -0.001363 -0.019273 -0.040218
v 0.004719 -0.024018 -0.008675
v 0.018465 -0.017572 0.010384
v 0.010510 -0.017126 -0.040231
v 0.014339 -0.019231 -0.031641
v 0.019190 -0.017232 0.011096
v 0.008950 -0.023361 -0.027786
v -0.015120 -0.019812 0.009410
v 0.009074 -0.023538 -0.028305
v -0.019368 -0.016078 -0.002397
v 0.009984 -0.022287 -0.011176
v 0.007047 -0.023131 -0.014509
v 0.017495 -0.006569 -0.040806
v -0.012606 -0.021657 -0.002867
v 0.016899 -0.017371 -0.026814
v -0.009139 -0.023064 -0.018063
v 0.009048 -0.022491 -0.013662
v 0.008476 -0.023018 -0.013555
v 0.019676 -0.016376 0.008594
v 0.020129 -0.015403 0.009945
v 0.007070 -0.023211 -0.024466
v 0.008120 -0.023516 -0.009097
v 0.018359 -0.017488 0.005562
v 0.017545 -0.017474 -0.007734
v 0.016762 -0.018467 0.004886
v 0.015356 -0.020128 -0.002141
v 0.011702 -0.021783 -0.010360
v 0.010873 -0.022245 -0.009478
v 0.023919 -0.008551 0.010394
v 0.003777 -0.025389 0.001151
v 0.020092 -0.015961 0.011537
v 0.018658 -0.016172 0.014048
v 0.020915 -0.014498 0.007452
v 0.023472 -0.008740 -0.007696
v -0.005007 -0.024550 -0.006538
v 0.007450 -0.023354 -0.019161
v 0.020923 -0.014875 0.006124
v -0.014188 -0.020598 0.001006
v 0.010865 -0.022863 0.004381
v -0.014828 -0.020332 -0.000302
v -0.014635 -0.020166 -0.008460
v 0.024189 0.001382 0.003366
v 0.018880 -0.017016 0.007381
v 0.009129 -0.022089 -0.016059
v 0.020862 -0.014634 0.008636
v 0.011797 -0.020906 -0.016439
v 0.004801 -0.023878 -0.014891
v -0.021223 -0.013328 0.001248
v 0.019746 -0.016035 0.005259
v -0.022071 -0.012789 0.010154
v 0.018773 -0.017084 0.009143
v 0.020335 -0.015423 0.009185
v 0.015210 -0.018766 -0.020766
v -0.016504 -0.019135 -0.015252
v -0.013824 -0.020935 -0.001158
v 0.016934 -0.018515 -0.005778
v 0.018372 -0.016766 -0.004990
v 0.018912 -0.016614 0.012782
v 0.014711 -0.020496 -0.000858
v 0.017488 -0.018176 0.002220
v -0.017083 -0.018298 0.005117
v 0.016886 -0.018615 0.003085
v -0.016550 -0.019129 -0.007196
v -0.020087 -0.014661 0.012485
v 0.021054 -0.014086 0.002887
v 0.019599 -0.014937 0.013681
v 0.018557 -0.015172 -0.019429
v 0.012068 -0.020972 -0.027741
v -0.016175 -0.019185 0.019558
v -0.016984 -0.018063 0.019915
v 0.018113 -0.015883 -0.015768
v 0.016327 -0.018585 0.012099
v 0.013109 -0.019968 -0.020766
v -0.020132 -0.015430 0.001917
v 0.012116 -0.021867 0.002925
v -0.020766 -0.014121 0.016256
v -0.020618 -0.014252 0.014747
v 0.017325 -0.016275 -0.014547
v -0.023971 -0.007827 0.009348
v -0.018312 -0.017613 0.010982
v -0.017564 -0.017741 0.011672
v 0.016462 -0.018148 0.016902
v 0.016882 -0.018408 0.001381
v 0.017480 -0.017995 0.001159
v 0.013168 -0.021294 -0.006963
v -0.021854 -0.012657 -0.001441
v 0.017113 -0.017164 0.017292
v 0.014494 -0.020660 0.003743
v 0.015380 -0.018597 -0.015153
v 0.005089 -0.020226 -0.039855
v 0.014499 -0.019087 -0.015684
v 0.015353 -0.018741 -0.016327
v 0.016556 -0.018895 0.001458
v 0.016619 -0.017251 -0.012296
v 0.012529 -0.020597 -0.022722
v -0.023263 0.008470 0.011019
v -0.024650 0.006871 0.009736
v -0.022022 -0.012848 -0.000201
v 0.013865 -0.019343 -0.016284
v 0.012425 -0.020518 -0.011321
v 0.017554 -0.017583 0.021568
v -0.024988 0.002166 0.003725
v 0.014322 -0.020620 -0.003303
v 0.015106 -0.019172 0.015892
v 0.020137 -0.013528 0.017689
v 0.018358 -0.017346 0.002867
v 0.021573 -0.011564 -0.027546
v 0.024393 -0.007640 -0.006524
v 0.023873 -0.006507 -0.006280
v 0.023825 -0.005069 -0.000303
v 0.023300 -0.010219 -0.000521
v 0.007909 -0.022851 -0.014368
v 0.012080 -0.021004 -0.014179
v 0.020862 -0.014023 0.020827
v 0.007229 -0.024251 0.003106
v -0.022213 -0.011569 0.009798
v 0.018784 -0.015533 -0.009971
v 0.017417 -0.016301 -0.011596
v -0.001210 -0.001310 0.040384
v 0.017553 -0.016197 -0.013124
v 0.015172 -0.019869 -0.004693
v 0.016002 -0.018494 0.017899
v 0.019760 -0.014702 0.020544
v 0.017056 -0.018135 -0.006822
v 0.021390 -0.011575 0.017537
v -0.022488 -0.010999 0.007884
v 0.015519 -0.019641 -0.008689
v 0.021502 -0.012076 0.016519
v 0.019235 -0.016707 0.010017
v 0.016156 -0.019091 0.011674
v 0.018592 -0.016493 -0.006639
v 0.018976 -0.016118 -0.005794
v 0.019460 -0.014770 -0.009669
v -0.023556 -0.009449 -0.002760
v -0.020481 -0.014829 -0.004459
v 0.020053 -0.015436 0.012510
v 0.020695 -0.013496 -0.009117
v 0.019042 -0.016259 -0.007274
v -0.021127 -0.012866 0.013884
v 0.020298 -0.014741 -0.005971
v 0.021752 -0.011555 -0.013167
v 0.021902 -0.011839 -0.012166
v 0.018904 -0.017223 0.005828
v 0.017501 -0.018025 -0.005400
v 0.013867 -0.019597 -0.012049
v 0.019026 -0.016736 0.002354
v 0.021429 -0.011637 0.014975
v 0.019826 -0.015984 0.009902
v -0.018064 -0.016945 0.012318
v 0.021928 -0.008804 -0.034770
v 0.019260 -0.014452 -0.017077
v 0.020762 -0.012685 0.016258
v 0.018339 -0.017103 -0.003882
v 0.020242 -0.015381 0.001456
v 0.018696 -0.016691 0.001409
v 0.006707 -0.023416 -0.010543
v 0.018872 -0.015061 0.015377
v 0.018879 -0.014768 -0.014236
v -0.011935 -0.021905 0.004965
v 0.020332 -0.012960 0.014970
v 0.018762 -0.014863 -0.011821
v 0.019729 -0.013885 -0.011712
v 0.019298 -0.014662 -0.016112
v 0.022543 -0.009699 0.018058
v 0.018431 -0.016895 -0.000216
v 0.020128 -0.013709 -0.015445
v 0.004680 -0.024394 -0.034680
v -0.022210 -0.011227 0.013855
v 0.016796 -0.019003 0.002321
v -0.016488 -0.018209 0.017162
v 0.022745 -0.008822 0.017992
v 0.018867 -0.015472 0.016523
v 0.021144 -0.014400 0.003697
v 0.019750 -0.014340 0.014913
v 0.022736 0.001412 -0.019771
v 0.017965 -0.016974 -0.006564
v 0.022760 -0.012205 0.011852
v 0.022071 -0.012295 0.010666
v 0.023084 -0.011277 0.011072
v 0.022083 -0.012340 -0.006020
v 0.019147 -0.015975 -0.002632
v 0.022842 -0.011638 0.009690
v 0.019160 -0.015057 0.014480
v 0.020236 -0.015592 0.010695
v 0.021308 -0.013374 0.013066
v 0.021467 -0.013902 0.004645
v 0.017953 -0.017348 0.001353
v 0.021288 -0.013865 0.008705
v 0.019594 -0.015810 -0.004474
v 0.019853 -0.015679 -0.005290
v 0.022059 -0.012382 0.001307
v 0.022678 -0.011794 0.000225
v 0.022819 -0.011346 -0.000757
v 0.023164 -0.010987 0.000029
v 0.022080 -0.005087 -0.030779
v 0.023010 -0.004095 -0.029920
v 0.020312 -0.013614 0.013864
v 0.021194 -0.012454 0.013930
v 0.021688 -0.013578 -0.001610
v 0.019336 -0.016117 0.001779
v 0.019963 -0.014343 0.016391
v 0.017802 -0.017364 -0.004665
v 0.020673 -0.012997 0.020216
v 0.020612 -0.012892 0.018814
v 0.020998 -0.011779 -0.017011
v 0.021653 -0.010782 -0.015896
v 0.019119 -0.015250 -0.009036
v 0.019006 -0.016112 -0.008532
v 0.011667 -0.021148 -0.020005
v 0.012182 -0.020827 -0.020929
v 0.021934 -0.013327 0.011812
v 0.017012 -0.017185 -0.032376
v 0.020468 -0.013597 -0.012650
v -0.025181 0.000357 0.020299
v 0.021573 -0.012738 -0.009793
v 0.018790 -0.015646 0.020492
v -0.025022 -0.002232 0.010674
v -0.024683 -0.003641 0.010847
v 0.023582 -0.006269 -0.005134
v 0.023688 -0.005101 -0.005901
v -0.022138 -0.012722 0.026716
v 0.015708 -0.017805 -0.013157
v 0.021759 -0.010384 0.017761
v 0.021751 -0.010869 0.016298
v 0.015175 -0.018439 -0.037245
v 0.021473 -0.013266 -0.005495
v -0.019791 0.011733 0.040303
v 0.022218 -0.012546 -0.000527
v 0.020030 -0.013561 -0.023263
v 0.012684 -0.020272 -0.014540
v 0.022159 -0.011635 -0.010517
v 0.021176 -0.013230 0.020973
v -0.025121 -0.002676 0.034557
v 0.013339 -0.019671 -0.022124
v 0.018066 -0.015844 -0.022588
v -0.021263 -0.012997 0.016230
v 0.018893 -0.014492 -0.022095
v 0.021840 -0.010540 0.015324
v 0.022273 -0.012491 -0.004748
v 0.023673 -0.005644 -0.007062
v -0.020269 -0.015707 0.030153
v -0.024573 0.002599 0.019711
v 0.024752 -0.005678 0.002842
v 0.020438 -0.013416 -0.011727
v 0.025041 -0.008551 0.003546
v 0.022678 -0.011357 -0.006807
v -0.020965 -0.014172 0.017193
v 0.024277 0.000062 -0.004515
v 0.021058 -0.012616 -0.011510
v 0.018210 -0.015792 -0.012035
v 0.022232 -0.009815 -0.017854
v 0.023038 -0.010758 -0.004909
v -0.016625 -0.019006 0.024636
v 0.021823 -0.013406 0.008372
v 0.018841 -0.015394 -0.018345
v 0.020243 -0.014202 0.012824
v 0.021213 -0.014177 0.012369
v 0.020629 -0.015340 0.011434
v -0.024525 0.006814 0.003877
v 0.018433 -0.017119 0.004639
v 0.021233 -0.014429 0.011396
v -0.024407 -0.003135 0.015360
v 0.023400 -0.011415 0.007510
v 0.020644 -0.014764 -0.004353
v 0.024086 -0.002864 -0.008180
v 0.023158 -0.000330 -0.024255
v 0.020153 -0.014080 -0.009844
v -0.004418 -0.025536 0.006668
v 0.019421 -0.016157 0.000429
v 0.023639 -0.010362 0.010702
v 0.023901 -0.009620 0.010065
v 0.021168 -0.008205 -0.025187
v -0.014843 -0.019765 0.017535
v 0.021243 -0.009244 -0.026209
v 0.020685 -0.014750 0.012184
v 0.022195 -0.013342 0.005666
v 0.020891 -0.014511 -0.001416
v 0.018057 -0.016825 -0.008418
v 0.020614 -0.014854 0.010225
v 0.021217 -0.013403 -0.006584
v 0.021602 -0.013733 0.009867
v 0.021574 -0.013429 0.002122
v 0.024738 -0.004442 0.003383
v 0.024709 -0.004422 0.004523
v 0.024608 -0.005607 0.001711
v 0.022828 -0.013181 0.006629
v 0.022731 -0.013280 0.007613
v 0.022163 -0.012667 0.009434
v 0.013278 0.020130 -0.032324
v 0.020701 -0.012307 -0.030848
v 0.008211 -0.023264 -0.026395
v 0.024798 -0.011152 0.006214
v 0.017844 -0.017786 0.000174
v -0.014782 -0.019067 0.039334
v 0.023204 -0.012360 0.007717
v 0.023346 -0.012957 0.007162
v 0.023380 -0.007423 0.010707
v 0.025262 -0.009203 0.004600
v 0.020682 -0.015201 0.003275
v -0.010700 -0.022802 0.035927
v 0.022462 -0.009577 -0.035512
v 0.025429 -0.010151 0.005490
v 0.023463 -0.011400 0.004308
v 0.023913 -0.010450 0.004584
v 0.017724 -0.017543 -0.003118
v 0.024559 0.000622 0.018009
v 0.020711 -0.014834 0.004640
v 0.024581 -0.005414 0.006439
v 0.024231 -0.011104 0.007375
v -0.007357 -0.024658 0.022432
v 0.023114 -0.010869 0.010265
v 0.023465 -0.006544 0.009979
v 0.024120 -0.007814 0.009244
v 0.023740 -0.006641 -0.002894
v 0.024266 -0.007510 -0.004183
v 0.024314 -0.007667 -0.002612
v -0.015036 -0.019909 0.007928
v 0.024118 -0.008157 0.007547
v 0.017747 -0.016422 -0.029421
v -0.010283 -0.023146 0.017772
v 0.016978 -0.017176 -0.029277
v 0.024809 -0.006188 0.004958
v 0.024836 -0.006772 0.004569
v 0.023576 -0.005142 0.010510
v -0.020483 -0.015309 0.024303
v 0.021635 -0.011180 0.019029
v 0.021439 -0.012400 0.019603
v -0.015720 -0.019873 -0.001166
v 0.021748 -0.013802 0.007069
v 0.023457 -0.010317 0.008071
v 0.023912 -0.009530 0.007377
v 0.005500 -0.024141 -0.025926
v 0.023146 -0.007910 0.018974
v -0.017983 -0.016683 0.013417
v 0.024013 -0.006585 0.021944
v 0.023518 -0.009033 0.008422
v 0.021146 -0.013998 0.007907
v 0.024101 0.003238 -0.002217
v -0.016077 -0.018517 0.012388
v 0.023318 0.004159 -0.028290
v -0.016453 -0.019165 0.009883
v 0.023326 -0.010499 0.009467
v 0.016150 -0.018695 -0.007747
v 0.022301 -0.013081 0.004121
v 0.022093 -0.012645 0.002408
v 0.022620 -0.008213 0.017003
v -0.017985 -0.016988 0.014713
v -0.017666 -0.018091 0.010277
v 0.022976 -0.009352 0.012434
v 0.021645 -0.013696 0.003414
v -0.012145 -0.021733 0.016921
v 0.022870 -0.011376 0.008391
v 0.003503 -0.025854 -0.028724
v -0.024414 -0.006977 0.019414
v 0.021635 -0.011991 0.015822
v 0.024219 -0.003093 0.004062
v 0.023830 -0.002386 0.002494
v 0.023155 -0.010250 0.012575
v 0.023270 -0.011207 0.012450
v -0.014764 -0.020460 0.022537
v -0.020450 -0.014932 0.000725
v 0.024033 -0.008268 0.002283
v 0.023601 -0.008950 0.002609
v 0.016655 -0.017787 0.017811
v 0.007234 -0.024294 -0.031944
v -0.013481 -0.021375 0.022605
v 0.016957 -0.017295 0.016128
v -0.010501 -0.023116 0.021608
v 0.022837 -0.008259 0.015957
v 0.017141 -0.017976 -0.004049
v -0.016557 -0.018715 0.011110
v 0.022366 -0.012296 0.008428
v 0.019375 -0.016255 0.003101
v -0.014931 -0.020210 0.016063
v 0.008441 -0.024057 0.004532
v -0.017428 -0.017770 0.014244
v -0.015637 -0.019924 0.023943
v -0.019433 -0.015950 0.010721
v 0.007777 -0.024391 0.004778
v 0.022406 -0.013237 0.003010
v -0.024782 -0.002227 0.008776
v 0.009864 -0.022738 -0.008715
v 0.008721 -0.023025 -0.008503
v 0.010845 -0.022718 0.012211
v -0.019072 -0.015876 0.019048
v 0.023729 -0.012534 0.005151
v 0.018543 -0.016918 -0.002376
v 0.023634 -0.009341 0.003285
v -0.019558 -0.015098 0.015712
v 0.022613 -0.009630 0.019272
v 0.018320 -0.016644 0.025164
v 0.012864 -0.020946 0.017944
v 0.022151 -0.011691 0.024117
v 0.013148 -0.021500 0.008847
v 0.014339 -0.019750 0.015692
v 0.023824 -0.008007 0.011418
v 0.011987 -0.021538 0.017806
v 0.015370 -0.020111 0.024216
v 0.015883 -0.019501 0.023496
v 0.022905 -0.008343 0.017750
v 0.013741 -0.018237 0.039550
v -0.005810 -0.024795 0.017414
v 0.013484 -0.018971 0.039010
v 0.022170 -0.010639 0.020100
v 0.014178 -0.020693 0.030599
v 0.022749 -0.008598 0.015247
v 0.003504 -0.025218 0.014640
v 0.013611 -0.020933 0.034053
v -0.018658 -0.016583 0.017628
v -0.018375 -0.016588 0.018522
v 0.023682 -0.007997 0.012646
v 0.009382 -0.023508 0.034702
v 0.024761 -0.006766 0.001960
v 0.024668 -0.007127 0.003440
v 0.024649 -0.007692 0.002383
v -0.018170 -0.017314 0.019935
v 0.014758 -0.019345 0.031303
v 0.011267 -0.021356 0.039017
v 0.013495 -0.021181 0.036458
v 0.015988 -0.018995 0.033517
v 0.015256 -0.019793 0.007202
v 0.015112 -0.019165 0.038394
v 0.014783 -0.018719 0.038545
v 0.024027 -0.009366 0.004204
v 0.017333 -0.017521 0.036151
v -0.012530 -0.021214 0.013745
v 0.024696 -0.010151 0.004693
v 0.020602 -0.014178 0.032940
v 0.023834 -0.008913 0.009477
v 0.019387 -0.014479 0.028360
v 0.012572 -0.022049 0.036100
v 0.017874 -0.017439 0.035681
v 0.023418 -0.009642 0.009144
v 0.010070 -0.022853 0.037795
v 0.008905 -0.023159 0.037610
v -0.016955 -0.017909 0.021190
v 0.012283 -0.020823 0.038808
v 0.009522 -0.023480 0.035725
v 0.012250 -0.018768 0.039975
v 0.015806 -0.016073 0.039842
v 0.002457 -0.024402 0.038795
v 0.017354 -0.018131 0.003322
v 0.012680 -0.021450 0.018694
v 0.009157 -0.022691 0.038576
v -0.013464 -0.020379 0.027898
v 0.005124 -0.024221 0.038390
v 0.005626 -0.024297 0.037550
v 0.006196 -0.023948 0.038239
v -0.002461 -0.024922 0.017806
v 0.017794 -0.016749 -0.010148
v 0.007706 -0.023448 0.015318
v 0.024241 -0.006507 0.000241
v 0.002300 -0.025002 0.037768
v 0.024935 -0.006914 0.005821
v 0.024891 -0.005398 0.005246
v -0.002129 -0.025698 0.022045
v 0.006727 -0.023070 0.038778
v 0.001418 -0.024837 0.038339
v 0.007131 -0.022688 -0.036967
v 0.025046 -0.005717 0.004181
v 0.001579 -0.013193 0.040017
v 0.022810 -0.011296 -0.001480
v 0.011093 -0.022446 0.036681
v 0.006263 -0.021116 0.040225
v 0.014384 -0.020819 0.034736
v -0.015022 -0.019233 0.021250
v 0.004691 -0.023867 -0.024944
v 0.023221 -0.010765 -0.001832
v -0.012487 -0.020911 0.039207
v 0.014099 -0.020586 0.032025
v -0.015104 -0.019827 0.025609
v 0.024601 -0.007914 0.001205
v -0.006842 -0.024755 0.033899
v 0.014641 -0.020421 0.033887
v 0.005772 -0.022250 0.039744
v 0.004197 -0.022422 0.040065
v -0.016201 -0.019113 0.027783
v 0.021768 -0.011928 0.037441
v -0.015913 -0.018705 0.031107
v 0.022410 -0.012752 0.003560
v 0.020377 -0.013571 0.026330
v 0.022163 -0.012509 0.003136
v -0.015184 -0.019685 0.018662
v 0.015516 -0.019157 0.037978
v 0.011802 -0.022156 0.033783
v 0.019926 -0.013041 0.038462
v -0.011754 -0.022265 -0.005786
v 0.015723 -0.018632 0.031296
v 0.019405 -0.015022 0.037840
v 0.020036 -0.015391 -0.002297
v 0.023945 -0.008524 -0.001938
v 0.010481 -0.021909 0.038773
v 0.020310 -0.009423 0.039878
v 0.019937 -0.014415 -0.008911
v 0.013862 -0.020708 0.037885
v 0.023365 -0.009682 -0.007037
v 0.009527 -0.005081 0.040050
v 0.022407 -0.008465 -0.021807
v 0.022633 -0.009954 -0.022255
v 0.020802 -0.011360 0.038962
v -0.007323 -0.023897 0.005429
v 0.021875 -0.011026 0.031497
v -0.008157 -0.023645 0.004223
v 0.014054 0.002727 0.038955
v 0.023113 -0.009990 -0.006041
v 0.006763 -0.002921 0.040134
v 0.019411 -0.014202 0.038428
v 0.021635 -0.011864 0.037922
v 0.019378 -0.016309 0.033875
v 0.018980 -0.016391 0.034715
v 0.021874 -0.008878 0.039067
v 0.020751 -0.007732 0.039845
v 0.020060 -0.011515 -0.038575
v 0.018668 -0.015294 -0.021084
v 0.019859 -0.012661 -0.038604
v 0.014265 -0.019616 0.038534
v 0.019270 -0.015296 0.035629
v 0.021652 -0.012374 0.026212
v -0.020670 -0.014681 0.019268
v 0.019899 -0.015713 0.034436
v 0.021398 -0.013498 0.034504
v 0.014647 -0.018937 -0.016737
v 0.017223 -0.017178 0.027094
v 0.013177 -0.021156 -0.007493
v 0.024570 -0.007702 0.000179
v 0.020567 -0.012913 0.031063
v 0.020701 -0.012959 0.032332
v 0.016916 0.017188 -0.036630
v 0.015097 -0.018609 -0.032141
v 0.019483 -0.015256 0.033158
v 0.019596 -0.014425 0.017826
v 0.019240 -0.014224 -0.028384
v 0.010223 -0.023284 -0.003960
v 0.010645 -0.022988 -0.004973
v 0.021906 -0.011303 0.037376
v 0.021950 -0.010476 -0.024149
v 0.021342 -0.011408 0.029972
v 0.018667 -0.015370 -0.012791
v 0.005317 -0.006097 0.040100
v 0.024581 -0.005953 0.022682
v 0.024060 -0.007495 0.025813
v 0.022105 -0.010659 -0.011611
v -0.013632 -0.020521 0.030344
v 0.020108 -0.014885 0.034872
v -0.011495 -0.022068 0.032251
v 0.023803 -0.006614 0.031902
v -0.010568 -0.023180 0.027499
v 0.023392 -0.009863 0.033529
v -0.012309 -0.021802 0.020012
v -0.013847 -0.020747 0.025291
v 0.022000 -0.010261 0.029951
v 0.023649 -0.007862 0.036012
v 0.023590 -0.007169 0.036636
v 0.023617 -0.008308 0.025808
v 0.004075 -0.025473 -0.028329
v 0.020833 -0.012324 -0.024042
v 0.021455 -0.012118 0.029130
v 0.023324 -0.008570 0.035216
v 0.021902 -0.010047 -0.014350
v -0.018426 -0.017514 0.029177
v -0.019324 -0.016885 0.027376
v 0.018863 -0.014945 0.029278
v 0.022966 -0.008628 0.030970
v 0.021742 -0.010794 -0.013458
v 0.023924 -0.007452 0.021064
v 0.021561 -0.012295 0.035033
v -0.007851 -0.023952 0.007161
v 0.021384 -0.011526 -0.025790
v 0.023588 -0.007214 0.018287
v 0.023394 -0.006744 0.018914
v 0.022507 -0.006006 -0.015628
v 0.018633 -0.015402 0.038269
v 0.016474 -0.017794 0.018487
v 0.020328 -0.013441 0.028425
v 0.023944 -0.007829 0.034827
v 0.025145 -0.004555 0.022771
v 0.016047 -0.016576 -0.038455
v -0.014005 -0.020232 0.013476
v 0.025481 -0.000225 0.034893
v 0.024652 -0.002353 0.036088
v 0.025681 0.004301 0.031638
v 0.016357 -0.017696 -0.021894
v -0.014139 -0.020465 0.011939
v 0.019506 -0.014122 -0.023012
v 0.025062 -0.001770 0.037017
v 0.025401 -0.001736 0.033976
v 0.024921 -0.002531 0.037136
v 0.017096 -0.017005 -0.011185
v 0.023672 -0.006864 0.037569
v 0.017920 -0.016140 -0.030698
v 0.019883 -0.016551 0.010828
v 0.023799 -0.006891 0.019877
v 0.023245 -0.008281 0.020196
v -0.001817 -0.025238 0.015183
v 0.015366 -0.018210 -0.017231
v 0.021621 -0.013096 0.034760
v 0.018061 0.002164 0.039571
v 0.024030 -0.004708 0.038169
v 0.013863 -0.004688 0.039947
v 0.025156 0.000158 0.037077
v 0.024990 -0.000967 0.037338
v 0.024676 -0.002729 0.034679
v 0.023663 0.001138 0.038907
v 0.025736 0.001385 0.028460
v 0.015920 -0.018969 -0.004520
v 0.015999 -0.018921 -0.005921
v 0.018770 -0.016257 -0.003917
v 0.025299 -0.001259 0.036981
v -0.002870 -0.025104 0.036266
v 0.025409 -0.001081 0.036669
v 0.024255 -0.004734 0.017242
v 0.021861 -0.011488 0.026131
v 0.016108 -0.002593 0.039800
v 0.015741 -0.018984 -0.010110
v 0.010631 0.000706 0.038775
v 0.016033 -0.019187 -0.000845
v 0.017413 0.007157 0.039716
v 0.023328 0.006256 -0.003358
v 0.023331 0.007257 -0.003086
v 0.011641 0.021288 0.002863
v 0.019809 0.015569 0.032652
v 0.024402 -0.000560 0.000857
v -0.004199 -0.025176 0.013398
v 0.023901 0.003811 0.001616
v 0.024215 0.002442 0.002564
v 0.023858 0.006485 0.010542
v 0.018930 0.014235 0.038796
v 0.012287 -0.021974 -0.004983
v 0.019438 0.016245 0.030118
v 0.016203 0.018687 0.038270
v 0.017772 0.018322 0.037873
v 0.017453 0.017473 0.038360
v 0.025215 0.004695 0.025141
v 0.006465 -0.023524 -0.013498
v 0.006322 0.008401 0.039051
v 0.008074 0.004682 0.039108
v 0.016545 -0.017526 -0.030625
v 0.024823 -0.001679 0.020366
v 0.024299 0.003449 0.013474
v 0.024434 0.001611 0.011802
v 0.018900 0.016731 0.026007
v 0.000180 -0.025852 0.007987
v 0.024029 0.005071 0.016509
v 0.023044 0.008507 0.009486
v 0.021753 0.011709 0.006612
v 0.021391 -0.004125 0.039751
v 0.018481 0.016307 0.012118
v 0.016417 -0.017349 -0.013465
v 0.024058 0.005487 0.005651
v 0.025275 -0.000320 0.020442
v 0.021834 0.011224 0.007623
v -0.002572 -0.025107 0.033132
v -0.001796 -0.025055 0.032009
v 0.024347 0.003200 0.011575
v -0.000626 -0.025483 0.032317
v 0.018150 -0.017235 -0.036731
v 0.017562 -0.017553 -0.037059
v 0.015750 -0.017588 -0.037493
v 0.024707 -0.007616 -0.000595
v 0.017516 0.011652 -0.039667
v 0.021495 -0.007149 -0.025536
v 0.023807 0.006490 0.006118
v 0.012845 -0.020244 -0.030379
v 0.022323 0.009689 -0.000339
v 0.012638 0.020261 0.039158
v 0.014813 -0.018150 -0.037897
v 0.022840 0.006979 -0.033135
v 0.022895 0.009742 0.009819
v 0.015651 -0.017958 -0.022262
v 0.023993 0.001038 0.004437
v 0.023957 0.002159 0.013112
v 0.021176 0.011993 0.001591
v -0.003184 -0.024476 0.038823
v 0.006329 0.023924 0.006282
v 0.015215 -0.018606 -0.013880
v 0.024081 0.000850 0.013069
v 0.024170 0.004474 0.013982
v 0.001684 -0.025656 0.009870
v 0.023900 0.004817 0.012325
v 0.023123 0.002878 -0.019105
v 0.024171 -0.000855 0.002410
v 0.016202 -0.019418 0.002465
v 0.023718 -0.004010 0.010367
v 0.024120 -0.003975 0.006809
v 0.024526 -0.001613 0.019200
v 0.024238 -0.003613 0.015630
v 0.023496 -0.006725 0.015473
v 0.024342 -0.002424 0.018939
v 0.024477 -0.005857 0.023871
v 0.011599 -0.022356 0.000015
v 0.022942 -0.009178 0.025693
v 0.025095 -0.002756 0.021896
v 0.007345 -0.023588 -0.009503
v 0.022941 -0.008624 0.013345
v 0.024117 -0.002814 0.015467
v 0.023781 -0.005719 0.009432
v 0.012271 -0.021158 -0.012937
v 0.024015 -0.003666 0.016566
v 0.024243 -0.002699 0.017423
v 0.023905 0.004677 0.009029
v 0.024629 0.000545 0.009508
v 0.014436 -0.019208 -0.013158
v 0.024017 -0.005398 0.012633
v -0.013254 -0.020508 0.031559
v 0.023385 -0.006316 0.013189
v 0.008226 -0.023857 -0.007639
v 0.017724 -0.016875 0.016602
v 0.011242 -0.022631 -0.004040
v -0.004675 -0.024698 0.038695
v -0.005146 -0.025122 0.038550
v 0.024195 -0.003685 0.018957
v 0.024525 -0.001466 0.017883
v 0.023614 -0.005744 0.016457
v 0.022890 0.009537 0.008125
v 0.004996 0.023879 -0.001224
v -0.005262 -0.024715 0.005846
v 0.007294 0.023206 -0.002800
v 0.022747 -0.012182 0.003815
v 0.013439 -0.021131 0.001325
v -0.007329 -0.024058 0.019305
v -0.006948 -0.024753 0.017106
v 0.024095 -0.002533 0.007861
v 0.009187 -0.023306 -0.007478
v 0.023319 -0.006142 0.014295
v -0.005760 -0.025081 0.011774
v 0.011886 0.021599 0.011969
v 0.013016 0.020585 0.013123
v 0.019891 0.014699 0.012224
v 0.013851 -0.019603 -0.021117
v 0.011770 -0.020978 -0.017745
v 0.020208 0.013729 0.013547
v 0.016576 0.018363 -0.001900
v 0.015416 0.019165 -0.000096
v 0.014442 0.019540 0.012930
v 0.001522 -0.025152 0.016230
v 0.012800 -0.020271 -0.012186
v 0.024059 -0.003759 0.002419
v 0.001775 -0.025029 -0.002358
v 0.017534 0.018219 0.035627
v -0.007783 -0.024462 0.017975
v 0.010263 -0.022098 -0.012260
v 0.008642 -0.022616 -0.019310
v -0.010965 -0.022571 -0.008892
v 0.020345 0.013792 0.017579
v -0.010875 -0.023405 0.024617
v -0.004885 -0.025452 0.011086
v 0.009368 -0.022521 -0.018307
v 0.018600 0.016505 0.027556
v -0.001551 -0.025222 0.020758
v -0.006608 -0.024428 0.017958
v 0.014643 -0.019065 -0.026654
v 0.015900 0.019765 0.035720
v 0.016328 0.006498 0.039132
v 0.015552 0.019841 0.027854
v 0.010679 0.022755 0.026309
v 0.015798 0.020160 0.034608
v 0.010763 0.022386 0.031131
v 0.017667 0.013510 0.039667
v 0.018697 0.016659 0.032329
v 0.018171 0.017575 0.030665
v 0.004132 0.016603 0.039085
v 0.009493 0.000546 0.039176
v 0.016029 -0.018019 -0.030897
v 0.009254 0.023406 0.031880
v 0.011175 0.021727 0.005936
v 0.012413 0.021527 0.005219
v 0.021191 0.012771 0.011073
v -0.005438 -0.025413 -0.030628
v 0.020402 0.014230 0.010277
v 0.015637 0.018829 0.010993
v 0.016143 0.018365 0.012569
v 0.015554 -0.018184 -0.031161
v 0.015245 -0.017540 -0.038430
v -0.001892 0.024674 0.003141
v -0.002208 0.024509 0.000700
v 0.012711 0.021164 0.017015
v 0.009492 0.022748 0.009280
v 0.008761 0.022862 0.005126
v 0.012295 0.021051 0.009840
v 0.010602 -0.022034 -0.010811
v 0.003477 0.024210 0.002759
v 0.013553 0.020780 0.008313
v -0.013162 -0.020923 0.026663
v -0.014368 -0.019758 0.028231
v 0.019446 -0.014577 -0.037459
v 0.014371 0.019923 0.007316
v 0.007179 0.024251 0.025047
v -0.015688 -0.008746 0.040229
v 0.005479 0.024436 0.024728
v 0.015054 0.020110 0.028224
v 0.018864 0.016401 0.010729
v 0.012361 -0.021160 -0.009340
v -0.002129 -0.025288 0.034678
v 0.023029 0.009472 0.011019
v 0.013822 0.020190 0.013318
v 0.007132 0.023078 0.015753
v 0.012678 0.020686 0.014538
v 0.013951 0.020001 0.014039
v 0.013770 0.020655 0.019862
v -0.013085 0.021018 -0.000482
v 0.010884 0.022833 0.024582
v 0.011335 0.022724 0.033329
v 0.017707 0.017334 0.014537
v 0.017654 0.017126 0.016163
v 0.010053 0.022234 0.012663
v 0.006997 0.023040 0.009788
v 0.006501 0.023392 0.011616
v 0.008322 0.022937 0.010253
v -0.003352 -0.023437 0.039208
v 0.003427 0.024163 0.000695
v 0.004923 -0.024552 -0.007395
v 0.011084 0.023214 0.023500
v 0.009377 0.022241 -0.004654
v 0.003356 0.024086 0.009153
v 0.001399 0.024591 0.006525
v 0.014979 0.019864 0.020601
v -0.001353 -0.025654 0.037048
v -0.003995 -0.025065 0.038631
v 0.002649 0.024546 0.006604
v 0.011986 -0.019151 -0.039130
v -0.000638 0.024367 0.011016
v 0.005197 -0.025096 0.002975
v 0.008589 0.023442 0.006814
v 0.001378 0.025532 0.036400
v -0.009578 -0.023396 0.026225
v 0.002021 0.025942 0.036573
v 0.007273 0.024932 0.037219
v 0.003269 0.026158 0.037734
v 0.004193 0.025076 0.037848
v 0.007367 0.023083 0.038767
v 0.016075 0.019687 0.021841
v 0.010727 -0.015956 -0.040457
v 0.002990 0.025307 0.038372
v 0.001224 0.025751 0.035751
v 0.001008 0.024411 0.011959
v 0.008987 0.023332 0.030110
v 0.008219 0.024008 0.029437
v -0.001083 0.026077 0.025418
v -0.000280 0.025641 0.027399
v -0.001337 0.025702 0.022959
v 0.014890 0.020325 0.027327
v -0.006530 -0.022425 0.039699
v 0.009591 0.023487 0.027679
v 0.013190 0.021527 0.026651
v 0.016174 0.019985 0.037836
v -0.011296 -0.022685 0.038263
v 0.012380 0.021983 0.038000
v 0.004887 -0.024740 -0.004723
v 0.017710 0.017685 0.028406
v 0.018613 0.015956 0.013109
v 0.019206 0.016151 0.025341
v 0.006037 0.023445 -0.010468
v 0.007314 0.023079 -0.010323
v 0.008739 0.022494 -0.011037
v 0.004370 0.023783 0.014901
v 0.015933 0.019624 0.032020
v -0.021213 -0.013980 0.022540
v -0.022375 -0.011725 0.023579
v 0.015207 0.020485 0.023558
v 0.002322 0.024227 0.014755
v 0.010649 -0.022610 -0.008125
v 0.011144 0.017389 0.039991
v 0.008149 -0.024030 -0.002785
v 0.004113 0.024585 0.028052
v 0.012192 -0.021683 -0.006421
v 0.007612 0.015482 0.039002
v 0.005120 0.015914 0.039083
v 0.014286 0.019607 0.038904
v 0.007431 -0.024054 -0.003736
v 0.012835 0.012609 0.039439
v -0.018132 -0.016411 0.035940
v -0.012982 -0.021537 0.029870
v -0.012982 -0.021103 0.028579
v 0.016691 0.017321 0.038855
v 0.010475 -0.022858 -0.005874
v 0.013168 0.018816 0.039912
v 0.010596 -0.022295 -0.008628
v 0.018103 0.003874 0.039795
v 0.017184 0.003394 0.039197
v 0.015186 0.007193 0.038928
v 0.006538 0.016190 0.039171
v 0.008599 0.023700 0.038597
v 0.000527 0.016067 0.039910
v 0.011566 -0.022071 -0.002852
v 0.016349 0.008140 0.039641
v 0.011152 -0.019667 -0.038913
v 0.003631 0.013758 0.039091
v 0.002683 0.018930 0.040086
v 0.011112 -0.022484 -0.008514
v 0.018898 0.017549 0.036579
v 0.015196 0.009680 0.039486
v 0.022536 0.008824 0.037470
v 0.003010 0.010301 0.039052
v 0.015762 0.003515 0.039007
v 0.017875 0.005652 0.039805
v 0.009942 -0.022597 -0.010254
v 0.013717 -0.002565 0.039747
v 0.014249 -0.017616 -0.038429
v 0.013861 -0.018560 -0.038138
v 0.000853 0.011348 0.039120
v 0.012120 0.015113 0.039816
v 0.000751 -0.002688 0.040086
v 0.009907 0.001853 0.039002
v 0.009908 0.003342 0.038970
v 0.008417 0.000063 0.039190
v 0.000593 0.009000 0.039142
v 0.006868 -0.023341 -0.023043
v 0.012582 0.003028 0.038895
v 0.007877 -0.022901 -0.022490
v 0.012097 0.012052 0.038959
v 0.007350 -0.023120 -0.013367
v 0.007225 -0.023108 -0.011333
v 0.004947 -0.024801 -0.002137
v 0.007421 -0.006908 0.040267
v 0.014198 0.011815 0.039773
v -0.011356 -0.021831 0.038868
v 0.006132 -0.024352 -0.026764
v 0.000955 0.002582 0.040084
v 0.005195 0.017071 0.039637
v 0.008189 -0.022937 -0.021294
v 0.007903 -0.023019 -0.020239
v -0.001394 -0.007635 0.040267
v 0.000311 -0.009069 0.039981
v 0.005191 -0.023633 -0.019952
v 0.002729 -0.002210 0.040099
v -0.012090 -0.019141 0.039968
v -0.012391 -0.008962 0.040712
v -0.006722 -0.024900 0.039033
v 0.013829 -0.019524 -0.030581
v -0.009674 -0.004241 0.040134
v 0.006529 -0.023580 -0.009207
v -0.002767 -0.008081 0.040286
v 0.005062 -0.024772 -0.001239
v 0.010668 0.009900 0.039208
v 0.014796 -0.018750 -0.020043
v -0.000368 -0.002037 0.040109
v -0.022214 0.003021 0.040267
v 0.003445 0.004315 0.039151
v 0.014134 -0.019327 -0.025753
v -0.015343 0.018893 0.039760
v 0.005027 0.014408 0.039195
v -0.007635 -0.023487 0.039667
v -0.005563 -0.024286 0.039190
v 0.001782 0.005351 0.039212
v 0.001884 0.009100 0.038899
v 0.002277 0.004556 0.039597
v 0.009492 -0.022157 -0.023500
v 0.006684 -0.024927 -0.028633
v -0.009746 -0.022265 0.039379
v 0.000420 0.014682 0.039924
v 0.001061 0.014154 0.039208
v 0.009707 -0.023366 -0.006356
v 0.000047 0.003147 0.040059
v -0.004802 -0.025052 0.036593
v -0.008346 0.024702 0.034996
v -0.003708 0.024936 0.035754
v 0.003701 0.017628 0.039762
v 0.011952 0.020047 0.039555
v 0.008710 0.015383 0.039083
v -0.005494 -0.020093 0.040372
v 0.006773 0.024627 0.036092
v -0.006000 0.024881 0.037406
v 0.003190 0.016691 0.039069
v -0.023430 -0.005110 0.040034
v -0.013026 0.015209 0.040489
v -0.003338 0.008624 0.040261
v 0.002812 0.024352 0.019010
v -0.000517 0.016013 0.040130
v 0.013349 0.020858 0.038513
v 0.000109 0.025666 0.034116
v -0.008424 -0.024386 0.039018
v -0.000376 0.025710 0.035834
v -0.005173 0.023858 0.015313
v -0.001944 0.024915 0.033844
v -0.013082 -0.020851 0.038836
v -0.004410 0.023878 0.039232
v -0.000577 0.024275 0.015724
v -0.001656 0.025283 0.038075
v -0.005115 0.025484 0.034358
v -0.004372 0.025761 0.028243
v -0.023109 -0.006809 0.039827
v -0.006683 0.024895 0.028757
v -0.006579 0.025582 0.033749
v -0.007651 0.024784 0.033442
v 0.002775 0.025225 0.026643
v 0.000969 0.025305 0.025722
v -0.007335 0.021852 0.040210
v -0.004910 0.026264 0.032254
v 0.011643 -0.021741 -0.031405
v 0.002726 0.025694 0.034951
v 0.002377 0.025031 0.021204
v 0.001723 0.024979 0.028179
v -0.007260 0.023827 0.017379
v -0.007813 0.023470 0.009204
v 0.014557 -0.019313 -0.029141
v 0.009234 -0.022089 -0.025355
v 0.001848 0.025223 0.029897
v -0.009553 0.022593 0.010936
v -0.000587 0.024485 0.017557
v -0.003409 0.024189 0.004574
v 0.009354 -0.022097 -0.024310
v -0.004541 -0.025609 0.037118
v -0.013810 0.020991 0.017730
v 0.004133 0.024865 0.025292
v -0.007653 0.023455 0.002364
v -0.002455 0.025463 0.021472
v -0.002642 0.025601 0.022712
v -0.006734 0.024210 0.007919
v 0.000787 0.024337 0.019019
v -0.002182 0.026585 0.028150
v 0.012017 0.010969 0.039007
v -0.005588 -0.025143 0.037145
v -0.004906 -0.025690 0.037859
v 0.000845 0.025393 0.037947
v 0.025037 0.000847 0.019205
v 0.013932 -0.019654 -0.033490
v 0.008620 0.023207 0.019182
v 0.023625 -0.005677 0.008274
v 0.023658 -0.006649 0.008985
v 0.013143 0.021416 0.032017
v -0.002085 -0.025299 0.036548
v 0.007001 -0.023187 -0.025651
v 0.008277 -0.023888 -0.027763
v 0.012820 0.020744 -0.002372
v 0.024475 -0.011105 0.004983
v 0.014894 -0.018906 -0.028425
v 0.011135 -0.021362 -0.020949
v 0.015451 -0.018385 -0.023098
v -0.001098 -0.025363 0.038450
v -0.025035 0.001133 0.007040
v 0.015359 -0.018553 -0.019625
v -0.023181 0.009666 0.005672
v -0.013869 0.021085 0.007099
v -0.016509 0.018856 0.013837
v -0.009251 0.023279 0.006278
v 0.002691 0.024078 0.012425
v 0.014885 0.020209 0.038363
v -0.022287 0.011257 0.030759
v -0.022743 0.010468 0.027869
v -0.019440 0.015164 0.038966
v -0.019338 0.015928 0.031003
v 0.002229 -0.025855 0.034077
v 0.006118 -0.019693 -0.039850
v -0.020679 0.013401 0.038599
v 0.022658 0.012333 0.035865
v -0.019204 0.015920 0.038154
v 0.018728 0.016977 0.038022
v 0.017181 0.000863 0.039078
v -0.017752 -0.015586 0.039918
v 0.015128 -0.018719 -0.027451
v -0.023093 -0.010028 0.037874
v 0.011138 -0.000746 -0.040730
v 0.011936 0.000718 -0.040759
v 0.005052 0.006624 -0.040662
v 0.005074 0.006630 -0.040663
v 0.005109 0.006724 -0.040664
v 0.006036 0.008598 -0.040699
v 0.002924 0.007931 -0.040628
v 0.002438 0.006043 -0.040602
v 0.010442 -0.003927 -0.040689
v 0.010160 -0.003842 -0.040684
v 0.005815 0.004397 -0.040660
v 0.006844 0.002187 -0.040663
v 0.007679 0.001964 -0.040679
v 0.013619 0.004427 -0.040825
v 0.013305 0.004280 -0.040817
v 0.003502 0.009335 -0.040652
v 0.004399 0.010860 -0.040683
v 0.005696 0.008706 -0.040693
v 0.004552 0.010588 -0.040684
v 0.006234 0.008897 -0.040706
v 0.003740 0.006477 -0.040633
v 0.005618 0.004595 -0.040657
v -0.001291 0.003982 -0.040506
v 0.001295 0.003724 -0.040559
v 0.005326 0.004414 -0.040650
v 0.005514 0.004648 -0.040656
v 0.009551 -0.003013 -0.040678
v -0.001583 0.003858 -0.040499
v -0.001805 0.003705 -0.040493
v 0.002949 0.002035 -0.040580
v 0.005392 0.000482 -0.040619
v 0.004768 0.000848 -0.040609
v 0.008144 0.002402 -0.040693
v 0.008066 0.002807 -0.040694
v 0.012964 0.003063 -0.040800
v 0.007714 0.002943 -0.040688
v 0.008501 -0.001320 -0.040670
v 0.006424 -0.000379 -0.040633
v 0.007767 -0.000689 -0.040659
v 0.007100 -0.000827 -0.040644
v 0.011025 -0.001906 -0.040718
v -0.008792 -0.004843 -0.040275
v -0.010178 -0.004861 -0.040246
v -0.003727 0.000697 -0.040428
v -0.002104 0.001674 -0.040470
v -0.007936 -0.003736 -0.040303
v -0.006319 -0.001962 -0.040351
v -0.010096 0.007767 -0.040351
v -0.008452 0.009823 -0.040403
v -0.006504 0.000793 -0.040370
v -0.006304 -0.001326 -0.040357
v -0.006174 0.001216 -0.040380
v -0.005674 0.001582 -0.040394
v -0.005464 0.001175 -0.040395
v -0.001645 0.003609 -0.040496
v -0.010051 0.007606 -0.040351
v -0.010197 0.007603 -0.040348
v -0.007912 0.010885 -0.040423
v -0.008962 0.011775 -0.040408
v -0.008748 0.011559 -0.040411
v 0.013373 -0.011578 -0.040688
v 0.014416 -0.011302 -0.040713
v 0.016709 -0.004883 -0.040814
v 0.017116 -0.005813 -0.040815
v 0.011901 -0.014569 -0.040633
v 0.011796 -0.014657 -0.040630
v 0.016774 -0.007873 -0.040791
v 0.017437 -0.006586 -0.040815
v 0.011974 -0.014518 -0.040635
v 0.012192 -0.014154 -0.040642
v 0.013888 0.003069 -0.040819
v 0.013229 0.001633 -0.040794
v 0.015505 -0.010315 -0.040744
v 0.015728 -0.010168 -0.040750
v 0.011959 -0.014579 -0.040634
v 0.010434 -0.015918 -0.040591
v 0.016489 -0.008569 -0.040779
v 0.010901 -0.004323 -0.040696
v 0.008791 -0.017417 -0.040544
v 0.008403 -0.017652 -0.040533
v 0.014863 0.004267 -0.040850
v 0.017106 0.000525 -0.040867
v 0.017163 0.000091 -0.040864
v 0.015678 0.001962 -0.040848
v 0.015185 0.004018 -0.040855
v 0.012318 0.000577 -0.040766
v 0.010994 -0.003520 -0.040704
v 0.011664 -0.002010 -0.040731
v 0.012504 0.001399 -0.040777
v 0.015879 -0.009911 -0.040755
v 0.013139 -0.012299 -0.040677
v 0.017317 -0.001266 -0.040856
v 0.017222 -0.000130 -0.040864
v 0.016861 -0.004348 -0.040821
v 0.017316 -0.002622 -0.040845
v 0.016741 -0.004811 -0.040815
v -0.014185 -0.015306 -0.040075
v -0.016402 -0.013641 -0.040042
v -0.012643 0.005905 -0.040282
v -0.012307 0.005830 -0.040289
v -0.014387 0.004370 -0.040233
v -0.014017 0.005540 -0.040250
v -0.013706 -0.015965 -0.040080
v -0.012362 -0.017511 -0.040096
v -0.012148 -0.017592 -0.040100
v -0.011352 0.006615 -0.040315
v -0.016594 -0.013379 -0.040040
v -0.013817 0.006378 -0.040261
v -0.015122 0.004006 -0.040214
v -0.016284 0.002341 -0.040176
v -0.015656 -0.007242 -0.040111
v -0.016789 -0.009310 -0.040070
v -0.018033 -0.010630 -0.040033
v -0.018011 -0.011115 -0.040029
v -0.016877 -0.013149 -0.040036
v -0.016233 -0.000515 -0.040154
v -0.016741 0.000859 -0.040154
v -0.015840 -0.006834 -0.040110
v -0.014531 -0.006901 -0.040137
v -0.012285 -0.007797 -0.040177
v -0.020533 -0.004215 -0.040032
v -0.019783 -0.004353 -0.040047
v -0.020599 -0.003524 -0.040037
v -0.013980 -0.001037 -0.040197
v -0.014785 -0.000948 -0.040181
v -0.018116 -0.005039 -0.040077
v -0.013848 -0.001932 -0.040192
v -0.014265 -0.004511 -0.040162
v -0.014160 -0.004096 -0.040168
v -0.020676 -0.003351 -0.040037
v -0.020824 0.000416 -0.040064
v -0.020972 -0.002642 -0.040036
v -0.014180 -0.004193 -0.040167
v -0.019830 0.006049 -0.040132
v -0.019267 0.006935 -0.040151
v -0.011468 -0.017882 -0.040112
v -0.010453 -0.017586 -0.040136
v -0.021885 0.001831 -0.040054
v -0.020370 0.002496 -0.040091
v -0.011280 -0.007442 -0.040201
v -0.011107 -0.006446 -0.040213
v -0.012006 -0.017851 -0.040101
v -0.009769 -0.018342 -0.040144
v 0.009924 -0.016109 -0.040578
v 0.010091 -0.016494 -0.040579
v -0.002946 -0.018371 -0.040288
v -0.003407 -0.018822 -0.040274
v -0.001233 -0.019016 -0.040319
v -0.000270 -0.019233 -0.040337
v -0.008422 -0.018760 -0.040169
v -0.007613 -0.019038 -0.040184
v -0.002653 -0.018457 -0.040293
v -0.004876 -0.019496 -0.040238
v -0.004457 -0.019636 -0.040245
v -0.005021 -0.019561 -0.040234
v 0.000137 -0.019478 -0.040344
v 0.001806 -0.019571 -0.040378
v 0.005364 -0.019135 -0.040457
v 0.005339 -0.019149 -0.040456
v 0.008280 -0.017834 -0.040529
v 0.003677 -0.019438 -0.040419
v 0.002683 -0.019639 -0.040396
v 0.005418 -0.019114 -0.040458
v 0.004000 -0.019418 -0.040426
v 0.006612 -0.018637 -0.040488
v 0.007071 -0.018443 -0.040499
v -0.005477 -0.019570 -0.040224
v 0.005241 -0.019159 -0.040454
v -0.002530 -0.018513 -0.040295
v -0.016125 0.013577 -0.040272
v -0.016385 0.013277 -0.040264
v -0.018078 0.011456 -0.040213
v -0.005202 0.018130 -0.040540
v -0.006664 0.019358 -0.040519
v -0.004514 0.017715 -0.040551
v -0.004359 0.017175 -0.040550
v -0.004246 0.017460 -0.040555
v -0.010496 0.018398 -0.040430
v 0.004384 0.011062 -0.040684
v 0.004660 0.011401 -0.040693
v -0.004744 0.016790 -0.040539
v 0.015103 0.004240 -0.040855
v 0.004987 0.011186 -0.040698
v 0.004789 0.010888 -0.040691
v 0.006008 0.008995 -0.040702
v -0.006034 0.014266 -0.040491
v -0.010602 0.018345 -0.040428
v -0.006501 0.013573 -0.040475
v -0.013488 0.016177 -0.040349
v -0.008730 0.012064 -0.040416
v -0.008544 0.012130 -0.040420
v -0.007226 0.012548 -0.040451
v -0.018640 0.010531 -0.040194
v -0.018946 0.009523 -0.040179
v -0.001836 -0.003076 -0.040437
v 0.005030 0.009770 -0.040687
v 0.007377 0.002783 -0.040680
vt 0.000191 0.559644
vt 0.000191 0.581739
vt 0.000704 0.526998
vt 0.001052 0.591923
vt 0.001057 0.603122
vt 0.001835 0.571655
vt 0.002517 0.539075
vt 0.002788 0.566552
vt 0.004251 0.575675
vt 0.005099 0.544577
vt 0.005298 0.517398
vt 0.006936 0.550899
vt 0.006960 0.571690
vt 0.008928 0.559339
vt 0.009060 0.493553
vt 0.009932 0.581013
vt 0.011003 0.569424
vt 0.011066 0.755295
vt 0.011085 0.168558
vt 0.011174 0.772886
vt 0.011233 0.734777
vt 0.011389 0.589039
vt 0.011638 0.606860
vt 0.011647 0.564132
vt 0.011697 0.866832
vt 0.012657 0.524673
vt 0.013140 0.241914
vt 0.013176 0.784994
vt 0.013674 0.574597
vt 0.013947 0.539714
vt 0.014002 0.510538
vt 0.014492 0.203399
vt 0.014708 0.720471
vt 0.015028 0.219358
vt 0.015166 0.722602
vt 0.015658 0.503194
vt 0.016059 0.211450
vt 0.016182 0.722484
vt 0.016281 0.253544
vt 0.016283 0.531183
vt 0.016495 0.188127
vt 0.016565 0.519023
vt 0.016672 0.231761
vt 0.016898 0.724018
vt 0.016959 0.164029
vt 0.017050 0.598545
vt 0.017131 0.806474
vt 0.017158 0.794427
vt 0.017539 0.202715
vt 0.017872 0.548038
vt 0.017953 0.196900
vt 0.018020 0.836776
vt 0.018034 0.566827
vt 0.018408 0.556867
vt 0.018515 0.180804
vt 0.018579 0.732489
vt 0.018616 0.834919
vt 0.018641 0.272603
vt 0.019417 0.158000
vt 0.019715 0.818741
vt 0.019988 0.170115
vt 0.020042 0.504633
vt 0.020134 0.581702
vt 0.020254 0.315005
vt 0.020543 0.150978
vt 0.020558 0.609583
vt 0.020618 0.263706
vt 0.020769 0.821224
vt 0.020770 0.818109
vt 0.020797 0.284673
vt 0.021245 0.214555
vt 0.021470 0.848098
vt 0.021470 0.498463
vt 0.021519 0.485059
vt 0.021847 0.206917
vt 0.022150 0.298456
vt 0.022186 0.188550
vt 0.022805 0.194121
vt 0.023012 0.821262
vt 0.023331 0.818693
vt 0.023414 0.306320
vt 0.023506 0.162281
vt 0.023710 0.167359
vt 0.023747 0.771481
vt 0.023895 0.737118
vt 0.024358 0.293008
vt 0.024358 0.254276
vt 0.024363 0.143836
vt 0.024573 0.549543
vt 0.024707 0.226409
vt 0.024914 0.516347
vt 0.025125 0.155068
vt 0.025144 0.525913
vt 0.025216 0.240719
vt 0.025382 0.563346
vt 0.025511 0.198686
vt 0.025569 0.543709
vt 0.025646 0.572894
vt 0.025711 0.247786
vt 0.025855 0.275258
vt 0.025892 0.535906
vt 0.025910 0.184038
vt 0.025970 0.641609
vt 0.026063 0.177996
vt 0.026175 0.589663
vt 0.026271 0.615095
vt 0.026651 0.217689
vt 0.026700 0.505762
vt 0.026756 0.191330
vt 0.027361 0.172138
vt 0.027374 0.498826
vt 0.027415 0.288599
vt 0.028556 0.785704
vt 0.028582 0.490299
vt 0.028661 0.801500
vt 0.028753 0.740541
vt 0.028761 0.598915
vt 0.028778 0.755315
vt 0.028804 0.327812
vt 0.028805 0.312480
vt 0.028896 0.547529
vt 0.028978 0.135926
vt 0.029118 0.147844
vt 0.029690 0.107031
vt 0.029710 0.836252
vt 0.030026 0.166939
vt 0.030085 0.301603
vt 0.030260 0.339729
vt 0.030266 0.206733
vt 0.030305 0.141129
vt 0.030414 0.234053
vt 0.030846 0.519705
vt 0.030866 0.546452
vt 0.030897 0.284010
vt 0.031068 0.185814
vt 0.031071 0.246818
vt 0.031436 0.309266
vt 0.031440 0.293556
vt 0.031613 0.225330
vt 0.031675 0.553973
vt 0.031704 0.156546
vt 0.031715 0.609817
vt 0.032115 0.883439
vt 0.032252 0.195136
vt 0.032481 0.262896
vt 0.032514 0.604882
vt 0.032597 0.120795
vt 0.032732 0.241898
vt 0.032733 0.581679
vt 0.032925 0.273153
vt 0.032942 0.565273
vt 0.033054 0.179430
vt 0.033438 0.173132
vt 0.033463 0.254026
vt 0.034095 0.503544
vt 0.034125 0.135688
vt 0.034206 0.588199
vt 0.034954 0.140774
vt 0.035124 0.593410
vt 0.035328 0.616484
vt 0.035600 0.162916
vt 0.035630 0.493435
vt 0.035695 0.354826
vt 0.035842 0.532294
vt 0.035868 0.290015
vt 0.036123 0.573727
vt 0.036154 0.147708
vt 0.036281 0.542558
vt 0.036329 0.128627
vt 0.036400 0.524481
vt 0.036877 0.512884
vt 0.036921 0.842584
vt 0.037098 0.309007
vt 0.037112 0.217061
vt 0.037459 0.152588
vt 0.037647 0.187995
vt 0.037714 0.248519
vt 0.037717 0.318398
vt 0.037866 0.896006
vt 0.038148 0.328248
vt 0.038355 0.838265
vt 0.038432 0.568433
vt 0.038443 0.261609
vt 0.038503 0.169927
vt 0.038534 0.905697
vt 0.038593 0.334978
vt 0.038625 0.282529
vt 0.038754 0.652328
vt 0.038850 0.099194
vt 0.038965 0.157754
vt 0.039002 0.299569
vt 0.039137 0.828732
vt 0.039204 0.601033
vt 0.039215 0.773692
vt 0.039218 0.908861
vt 0.039315 0.140384
vt 0.039541 0.587938
vt 0.039568 0.240098
vt 0.039664 0.179634
vt 0.039722 0.571448
vt 0.039837 0.500515
vt 0.040042 0.561653
vt 0.040125 0.907105
vt 0.040201 0.203218
vt 0.040517 0.149013
vt 0.040562 0.857407
vt 0.040838 0.163023
vt 0.040865 0.229383
vt 0.040887 0.133368
vt 0.040933 0.125476
vt 0.041286 0.153214
vt 0.041428 0.127949
vt 0.041512 0.257548
vt 0.041586 0.091816
vt 0.041801 0.110999
vt 0.041816 0.144077
vt 0.042302 0.290802
vt 0.042331 0.745950
vt 0.042331 0.791315
vt 0.042413 0.119675
vt 0.042574 0.574077
vt 0.042851 0.568756
vt 0.042911 0.657402
vt 0.043278 0.594409
vt 0.043390 0.529469
vt 0.043395 0.138575
vt 0.043597 0.310221
vt 0.043618 0.347019
vt 0.043664 0.623751
vt 0.043690 0.080773
vt 0.043742 0.872300
vt 0.043825 0.811730
vt 0.043993 0.270452
vt 0.044691 0.551752
vt 0.044718 0.536338
vt 0.044814 0.656501
vt 0.045017 0.102263
vt 0.045043 0.581891
vt 0.045097 0.506761
vt 0.045114 0.747652
vt 0.045268 0.157631
vt 0.045654 0.283172
vt 0.045795 0.188161
vt 0.045894 0.641375
vt 0.045905 0.248849
vt 0.045995 0.303752
vt 0.046163 0.842714
vt 0.046194 0.095772
vt 0.046207 0.761843
vt 0.046223 0.141551
vt 0.046264 0.925910
vt 0.046317 0.125226
vt 0.046348 0.590214
vt 0.046386 0.661802
vt 0.046648 0.167634
vt 0.047040 0.522076
vt 0.047290 0.747743
vt 0.047299 0.359175
vt 0.047422 0.329924
vt 0.047424 0.218740
vt 0.047492 0.148744
vt 0.047586 0.319167
vt 0.047739 0.178174
vt 0.047748 0.058621
vt 0.047762 0.542977
vt 0.048120 0.745923
vt 0.048134 0.513896
vt 0.048362 0.616435
vt 0.048441 0.090255
vt 0.048538 0.369835
vt 0.048605 0.129625
vt 0.048706 0.573493
vt 0.049125 0.197928
vt 0.049306 0.207909
vt 0.049345 0.298263
vt 0.049515 0.051707
vt 0.049630 0.135353
vt 0.049705 0.289138
vt 0.049793 0.259555
vt 0.049805 0.098039
vt 0.049889 0.563674
vt 0.049945 0.105397
vt 0.049987 0.070767
vt 0.049990 0.228311
vt 0.050047 0.341135
vt 0.050105 0.517225
vt 0.050160 0.672516
vt 0.050359 0.595026
vt 0.050415 0.115881
vt 0.050522 0.674714
vt 0.050551 0.530975
vt 0.050650 0.307109
vt 0.050690 0.075850
vt 0.050922 0.741227
vt 0.051025 0.185481
vt 0.051437 0.084458
vt 0.051498 0.238318
vt 0.051744 0.770646
vt 0.051769 0.190440
vt 0.051859 0.062061
vt 0.052222 0.314010
vt 0.052271 0.091507
vt 0.052600 0.781430
vt 0.052773 0.174327
vt 0.052903 0.122476
vt 0.052970 0.167961
vt 0.053024 0.161648
vt 0.053041 0.604269
vt 0.053141 0.634818
vt 0.053145 0.219824
vt 0.053191 0.154824
vt 0.053201 0.622413
vt 0.053233 0.098693
vt 0.053394 0.796899
vt 0.053512 0.141608
vt 0.053576 0.546986
vt 0.054086 0.692360
vt 0.054346 0.280754
vt 0.054423 0.204089
vt 0.054808 0.101940
vt 0.054908 0.354793
vt 0.055026 0.223756
vt 0.055059 0.251317
vt 0.055060 0.196225
vt 0.055315 0.270117
vt 0.055345 0.086765
vt 0.055862 0.068520
vt 0.055998 0.092852
vt 0.056008 0.572011
vt 0.056063 0.612739
vt 0.056177 0.127616
vt 0.056402 0.518549
vt 0.056412 0.229886
vt 0.056417 0.214744
vt 0.056441 0.554960
vt 0.056480 0.323243
vt 0.056495 0.106355
vt 0.056525 0.538578
vt 0.056744 0.902559
vt 0.056755 0.184976
vt 0.056774 0.076948
vt 0.056806 0.096978
vt 0.056881 0.828586
vt 0.056946 0.581173
vt 0.057003 0.134466
vt 0.057556 0.050409
vt 0.057568 0.071371
vt 0.057865 0.086085
vt 0.057888 0.147732
vt 0.058397 0.594131
vt 0.058422 0.710890
vt 0.058427 0.885492
vt 0.058448 0.710269
vt 0.058479 0.344883
vt 0.058497 0.654630
vt 0.058676 0.710851
vt 0.059024 0.174041
vt 0.059032 0.314123
vt 0.059060 0.260882
vt 0.059396 0.293423
vt 0.059450 0.166083
vt 0.059505 0.081231
vt 0.059558 0.692338
vt 0.059692 0.372706
vt 0.059761 0.060987
vt 0.060091 0.869533
vt 0.060199 0.597928
vt 0.060316 0.850189
vt 0.060348 0.527183
vt 0.060399 0.570908
vt 0.060432 0.729116
vt 0.060607 0.807805
vt 0.060644 0.938953
vt 0.060728 0.305281
vt 0.060745 0.607875
vt 0.060807 0.276422
vt 0.061055 0.564602
vt 0.061157 0.068515
vt 0.061252 0.576218
vt 0.061297 0.678767
vt 0.061711 0.139216
vt 0.062032 0.089699
vt 0.062072 0.234567
vt 0.062080 0.335697
vt 0.062136 0.632073
vt 0.062237 0.157435
vt 0.062253 0.769402
vt 0.062490 0.243882
vt 0.062564 0.753490
vt 0.062592 0.223460
vt 0.062723 0.570870
vt 0.063020 0.113744
vt 0.063080 0.201859
vt 0.063303 0.792420
vt 0.063424 0.189918
vt 0.063425 0.320321
vt 0.063579 0.547825
vt 0.063655 0.270776
vt 0.063812 0.214545
vt 0.063899 0.641939
vt 0.064156 0.055752
vt 0.064251 0.254764
vt 0.064469 0.357845
vt 0.064593 0.095095
vt 0.064607 0.128945
vt 0.064610 0.367189
vt 0.064845 0.734390
vt 0.065143 0.143416
vt 0.065289 0.535661
vt 0.065443 0.080465
vt 0.065589 0.181528
vt 0.065740 0.556231
vt 0.065850 0.073159
vt 0.065926 0.048545
vt 0.066151 0.364189
vt 0.066390 0.345838
vt 0.066476 0.171208
vt 0.066477 0.541602
vt 0.066502 0.263315
vt 0.067066 0.912989
vt 0.067091 0.955089
vt 0.067343 0.315951
vt 0.067480 0.148876
vt 0.067742 0.329177
vt 0.067980 0.163822
vt 0.068081 0.573746
vt 0.068252 0.283295
vt 0.068339 0.294178
vt 0.068391 0.191256
vt 0.068939 0.341843
vt 0.069196 0.337792
vt 0.069283 0.063931
vt 0.069344 0.053441
vt 0.070407 0.302134
vt 0.070608 0.353159
vt 0.070679 0.239447
vt 0.070703 0.919488
vt 0.070776 0.216859
vt 0.070845 0.228606
vt 0.070921 0.545051
vt 0.071133 0.368936
vt 0.071229 0.160150
vt 0.071230 0.381138
vt 0.071253 0.563842
vt 0.071323 0.249101
vt 0.071377 0.323404
vt 0.071381 0.073358
vt 0.071443 0.673413
vt 0.071867 0.311489
vt 0.072099 0.893294
vt 0.072290 0.155563
vt 0.072301 0.687000
vt 0.072378 0.928315
vt 0.072402 0.361282
vt 0.072537 0.296923
vt 0.072575 0.184695
vt 0.072883 0.066749
vt 0.073013 0.259323
vt 0.073015 0.316507
vt 0.073055 0.838713
vt 0.073402 0.177274
vt 0.073428 0.207696
vt 0.073496 0.136707
vt 0.073498 0.270805
vt 0.073508 0.292776
vt 0.073648 0.814839
vt 0.073675 0.789008
vt 0.073847 0.336870
vt 0.074148 0.655773
vt 0.074494 0.441468
vt 0.074596 0.706682
vt 0.074664 0.722239
vt 0.074684 0.198984
vt 0.074763 0.594154
vt 0.074854 0.190595
vt 0.074876 0.880267
vt 0.075238 0.345786
vt 0.075339 0.055500
vt 0.075398 0.618177
vt 0.075458 0.148774
vt 0.075593 0.161737
vt 0.075626 0.168973
vt 0.075669 0.330470
vt 0.075673 0.060933
vt 0.075956 0.066365
vt 0.075990 0.645290
vt 0.076005 0.438849
vt 0.076187 0.050367
vt 0.076757 0.441803
vt 0.076793 0.549756
vt 0.076899 0.322362
vt 0.076923 0.317245
vt 0.077076 0.234509
vt 0.077110 0.861855
vt 0.077376 0.940207
vt 0.077451 0.355653
vt 0.077525 0.116668
vt 0.077526 0.967066
vt 0.078076 0.625955
vt 0.078120 0.279987
vt 0.078320 0.905412
vt 0.078374 0.370244
vt 0.078460 0.299494
vt 0.078743 0.075960
vt 0.078823 0.059854
vt 0.078884 0.636905
vt 0.079097 0.225001
vt 0.079100 0.379390
vt 0.079161 0.243218
vt 0.079274 0.576019
vt 0.079497 0.206188
vt 0.079536 0.340220
vt 0.079704 0.215188
vt 0.079949 0.560709
vt 0.080619 0.094521
vt 0.080645 0.174723
vt 0.080677 0.254199
vt 0.080688 0.751837
vt 0.080866 0.949584
vt 0.080977 0.184068
vt 0.081032 0.364683
vt 0.081287 0.193254
vt 0.081463 0.289349
vt 0.081590 0.772229
vt 0.081748 0.610104
vt 0.081752 0.156094
vt 0.081791 0.220248
vt 0.081940 0.063370
vt 0.082012 0.046223
vt 0.082115 0.273848
vt 0.082254 0.347063
vt 0.082564 0.265096
vt 0.082584 0.035349
vt 0.082945 0.352035
vt 0.082972 0.675266
vt 0.083415 0.837171
vt 0.083428 0.642823
vt 0.083481 0.200999
vt 0.083590 0.449763
vt 0.083661 0.164417
vt 0.083909 0.312250
vt 0.084037 0.170058
vt 0.084154 0.665398
vt 0.084280 0.322868
vt 0.084409 0.358963
vt 0.084568 0.974888
vt 0.084797 0.956420
vt 0.085164 0.877532
vt 0.085285 0.709491
vt 0.085348 0.049621
vt 0.085405 0.722662
vt 0.085699 0.452135
vt 0.085796 0.699055
vt 0.085857 0.916965
vt 0.085903 0.334744
vt 0.086023 0.280401
vt 0.086279 0.740079
vt 0.086652 0.234851
vt 0.086697 0.221574
vt 0.086876 0.849896
vt 0.087009 0.056244
vt 0.087140 0.144298
vt 0.087158 0.924420
vt 0.087365 0.209678
vt 0.087438 0.446838
vt 0.087784 0.190385
vt 0.087971 0.769146
vt 0.087975 0.803113
vt 0.088193 0.248423
vt 0.088380 0.196457
vt 0.088383 0.822111
vt 0.088558 0.628900
vt 0.088599 0.176288
vt 0.088710 0.273247
vt 0.088808 0.430355
vt 0.088816 0.374526
vt 0.088880 0.596598
vt 0.088985 0.040273
vt 0.089086 0.348869
vt 0.089454 0.161380
vt 0.089664 0.357317
vt 0.089971 0.384186
vt 0.090181 0.889358
vt 0.090224 0.258760
vt 0.090283 0.201229
vt 0.090370 0.103575
vt 0.090544 0.728619
vt 0.090755 0.364946
vt 0.090979 0.061805
vt 0.091353 0.155181
vt 0.091714 0.266933
vt 0.092109 0.756004
vt 0.092162 0.184776
vt 0.092207 0.019294
vt 0.092301 0.715987
vt 0.092352 0.458787
vt 0.092421 0.168630
vt 0.092474 0.899854
vt 0.092629 0.459095
vt 0.092798 0.459236
vt 0.092844 0.700939
vt 0.092872 0.907503
vt 0.093138 0.278847
vt 0.093181 0.459924
vt 0.093316 0.287598
vt 0.093355 0.721584
vt 0.093397 0.859864
vt 0.093601 0.611370
vt 0.093760 0.693193
vt 0.093881 0.119799
vt 0.093903 0.787972
vt 0.093964 0.301549
vt 0.094012 0.215407
vt 0.094430 0.665757
vt 0.094555 0.449358
vt 0.094607 0.874263
vt 0.094823 0.746780
vt 0.095191 0.442787
vt 0.095563 0.819262
vt 0.095653 0.206187
vt 0.095758 0.194970
vt 0.095914 0.929966
vt 0.096056 0.839453
vt 0.096174 0.770312
vt 0.096332 0.737274
vt 0.096523 0.273131
vt 0.096622 0.074090
vt 0.096690 0.673120
vt 0.096742 0.243431
vt 0.096872 0.089240
vt 0.096963 0.432210
vt 0.096981 0.939884
vt 0.097130 0.685844
vt 0.097135 0.040449
vt 0.097172 0.331717
vt 0.097191 0.052041
vt 0.097498 0.920510
vt 0.097600 0.254698
vt 0.097858 0.161296
vt 0.097922 0.709166
vt 0.098035 0.956702
vt 0.098240 0.226907
vt 0.098424 0.805586
vt 0.098494 0.782698
vt 0.098581 0.678299
vt 0.098631 0.177114
vt 0.098731 0.468118
vt 0.099220 0.973188
vt 0.099268 0.583317
vt 0.099295 0.912041
vt 0.099513 0.470386
vt 0.099646 0.751714
vt 0.099728 0.135693
vt 0.099740 0.759677
vt 0.099795 0.348503
vt 0.099836 0.652734
vt 0.099914 0.871849
vt 0.099943 0.265623
vt 0.100243 0.767510
vt 0.100404 0.900165
vt 0.100441 0.376867
vt 0.100606 0.790527
vt 0.100617 0.816790
vt 0.100649 0.443963
vt 0.100782 0.797056
vt 0.100832 0.467346
vt 0.100951 0.455253
vt 0.101010 0.868339
vt 0.101081 0.765092
vt 0.101172 0.963872
vt 0.101206 0.366114
vt 0.101271 0.149850
vt 0.101315 0.723406
vt 0.101557 0.212679
vt 0.101679 0.386741
vt 0.101861 0.186766
vt 0.102050 0.744298
vt 0.102163 0.282058
vt 0.102680 0.044701
vt 0.102776 0.830060
vt 0.102978 0.769873
vt 0.103001 0.168238
vt 0.103103 0.687704
vt 0.103292 0.260122
vt 0.103348 0.201919
vt 0.103434 0.476622
vt 0.103574 0.947680
vt 0.103626 0.777406
vt 0.103824 0.861974
vt 0.103866 0.879864
vt 0.103915 0.696749
vt 0.104231 0.784300
vt 0.104356 0.320606
vt 0.104375 0.681259
vt 0.104616 0.194166
vt 0.104687 0.382813
vt 0.104778 0.852439
vt 0.104816 0.264172
vt 0.105017 0.751901
vt 0.105076 0.711013
vt 0.105206 0.423627
vt 0.105261 0.483046
vt 0.105677 0.794185
vt 0.105707 0.797743
vt 0.105753 0.810894
vt 0.105792 0.644716
vt 0.105918 0.907823
vt 0.106022 0.096645
vt 0.106072 0.821959
vt 0.106332 0.660491
vt 0.106414 0.252762
vt 0.106449 0.734402
vt 0.106473 0.670528
vt 0.106594 0.860252
vt 0.106615 0.240183
vt 0.106641 0.873206
vt 0.106673 0.181789
vt 0.106844 0.274445
vt 0.106987 0.816272
vt 0.107057 0.761495
vt 0.107117 0.057782
vt 0.107282 0.929062
vt 0.107601 0.984090
vt 0.107692 0.175429
vt 0.107795 0.228918
vt 0.108041 0.376872
vt 0.108167 0.219225
vt 0.108173 0.843913
vt 0.108215 0.892420
vt 0.108280 0.636076
vt 0.108537 0.774148
vt 0.108545 0.460535
vt 0.108769 0.161131
vt 0.109001 0.036072
vt 0.109106 0.826247
vt 0.109154 0.268800
vt 0.109162 0.744830
vt 0.109360 0.498677
vt 0.109372 0.805409
vt 0.109593 0.866915
vt 0.109816 0.494842
vt 0.109823 0.207365
vt 0.109824 0.449656
vt 0.109839 0.690215
vt 0.109853 0.263063
vt 0.109952 0.198303
vt 0.109986 0.939203
vt 0.110006 0.768498
vt 0.110203 0.914114
vt 0.110204 0.614206
vt 0.110298 0.080702
vt 0.110349 0.295986
vt 0.110514 0.791951
vt 0.110568 0.684426
vt 0.110809 0.432687
vt 0.110996 0.383798
vt 0.111000 0.505459
vt 0.111152 0.169207
vt 0.111291 0.028069
vt 0.111294 0.722159
vt 0.111348 0.811810
vt 0.111592 0.138965
vt 0.111648 0.456271
vt 0.111764 0.819820
vt 0.111775 0.643294
vt 0.111926 0.123365
vt 0.112076 0.730476
vt 0.112203 0.310744
vt 0.112269 0.476436
vt 0.112291 0.836062
vt 0.112508 0.825845
vt 0.112594 0.495405
vt 0.112671 0.650462
vt 0.112731 0.740020
vt 0.112781 0.703163
vt 0.112785 0.234541
vt 0.112830 0.190561
vt 0.112896 0.515819
vt 0.113018 0.850506
vt 0.113089 0.967411
vt 0.113126 0.514579
vt 0.113179 0.047205
vt 0.113207 0.782726
vt 0.113460 0.504887
vt 0.113484 0.752578
vt 0.113541 0.107648
vt 0.113559 0.517578
vt 0.113671 0.348020
vt 0.113866 0.725574
vt 0.113868 0.798733
vt 0.113969 0.412391
vt 0.113990 0.180928
vt 0.114032 0.515041
vt 0.114360 0.248884
vt 0.114410 0.241745
vt 0.114422 0.874125
vt 0.114457 0.040390
vt 0.114584 0.901790
vt 0.114586 0.336203
vt 0.114624 0.174364
vt 0.114634 0.858522
vt 0.114755 0.812809
vt 0.114804 0.152019
vt 0.114863 0.692856
vt 0.114896 0.976657
vt 0.114914 0.830383
vt 0.114948 0.764934
vt 0.115121 0.884161
vt 0.115371 0.697944
vt 0.115580 0.957059
vt 0.115668 0.722296
vt 0.115742 0.942467
vt 0.115757 0.677558
vt 0.116111 0.935933
vt 0.116143 0.233001
vt 0.116186 0.695055
vt 0.116570 0.226452
vt 0.116621 0.806201
vt 0.116847 0.275696
vt 0.116870 0.728905
vt 0.116924 0.213060
vt 0.116926 0.259941
vt 0.116971 0.285239
vt 0.117040 0.919285
vt 0.117128 0.823626
vt 0.117132 0.267865
vt 0.117387 0.773819
vt 0.117397 0.927535
vt 0.117451 0.844941
vt 0.117481 0.458602
vt 0.117484 0.759146
vt 0.117547 0.096058
vt 0.117577 0.362938
vt 0.117620 0.736438
vt 0.117672 0.640507
vt 0.117726 0.715736
vt 0.117905 0.948316
vt 0.117936 0.067508
vt 0.117996 0.166077
vt 0.118019 0.171456
vt 0.118330 0.202251
vt 0.118547 0.746319
vt 0.118713 0.518399
vt 0.119218 0.841057
vt 0.119281 0.816725
vt 0.119286 0.160064
vt 0.119337 0.794080
vt 0.119385 0.442558
vt 0.119707 0.724561
vt 0.119734 0.246724
vt 0.119804 0.087511
vt 0.119822 0.703208
vt 0.119860 0.878472
vt 0.120015 0.378958
vt 0.120112 0.800145
vt 0.120141 0.665094
vt 0.120317 0.029686
vt 0.120473 0.810736
vt 0.120604 0.834979
vt 0.120848 0.685750
vt 0.120885 0.186255
vt 0.121049 0.980893
vt 0.121225 0.622061
vt 0.121449 0.853914
vt 0.121641 0.921237
vt 0.121701 0.892485
vt 0.121821 0.077021
vt 0.121857 0.914637
vt 0.122012 0.604894
vt 0.122062 0.237610
vt 0.122124 0.936656
vt 0.122307 0.053378
vt 0.122505 0.431923
vt 0.122509 0.732308
vt 0.122599 0.755745
vt 0.122650 0.253376
vt 0.122747 0.035195
vt 0.122762 0.632920
vt 0.122813 0.867421
vt 0.122952 0.169840
vt 0.123059 0.644781
vt 0.123200 0.424843
vt 0.123457 0.177685
vt 0.123660 0.742462
vt 0.123661 0.684879
vt 0.123759 0.021082
vt 0.123798 0.469221
vt 0.123989 0.828828
vt 0.124143 0.193982
vt 0.124186 0.219366
vt 0.124238 0.805662
vt 0.124242 0.266073
vt 0.124403 0.989694
vt 0.124507 0.461991
vt 0.124537 0.944063
vt 0.124560 0.766520
vt 0.124570 0.781001
vt 0.124658 0.873676
vt 0.124883 0.488874
vt 0.124992 0.144517
vt 0.125031 0.390828
vt 0.125083 0.957066
vt 0.125086 0.789613
vt 0.125168 0.928315
vt 0.125268 0.449228
vt 0.125282 0.797782
vt 0.125373 0.210872
vt 0.125383 0.967892
vt 0.125517 0.040217
vt 0.125525 0.247873
vt 0.125635 0.478235
vt 0.125696 0.272958
vt 0.125786 0.842226
vt 0.125909 0.652310
vt 0.125941 0.260548
vt 0.125952 0.907373
vt 0.125958 0.694039
vt 0.125972 0.721033
vt 0.125976 0.848975
vt 0.125996 0.859744
vt 0.126029 0.155615
vt 0.126382 0.456941
vt 0.126474 0.886173
vt 0.126583 0.709487
vt 0.126610 0.812917
vt 0.126702 0.775625
vt 0.126773 0.227921
vt 0.126802 0.280518
vt 0.126810 0.820247
vt 0.126826 0.045803
vt 0.126938 0.164506
vt 0.127253 0.853555
vt 0.127780 0.505989
vt 0.127796 0.129295
vt 0.127845 0.096186
vt 0.128007 0.435834
vt 0.128019 0.931378
vt 0.128058 0.215565
vt 0.128071 0.111234
vt 0.128076 0.856039
vt 0.128148 0.975373
vt 0.128160 0.799208
vt 0.128170 0.297427
vt 0.128244 0.521480
vt 0.128266 0.970885
vt 0.128380 0.836750
vt 0.128494 0.749839
vt 0.128682 0.309602
vt 0.128820 0.925214
vt 0.128845 0.442815
vt 0.128936 0.524406
vt 0.128994 0.702209
vt 0.129101 0.825731
vt 0.129171 0.846832
vt 0.129218 0.866969
vt 0.129220 0.759955
vt 0.129419 0.896504
vt 0.129440 0.187059
vt 0.129500 0.419044
vt 0.129554 0.878080
vt 0.129644 0.430706
vt 0.129680 0.668775
vt 0.129801 0.524951
vt 0.129970 0.868792
vt 0.130126 0.170841
vt 0.130209 0.026575
vt 0.130288 0.774233
vt 0.130308 0.608802
vt 0.130438 0.939081
vt 0.130458 0.202959
vt 0.130616 0.627710
vt 0.130872 0.739810
vt 0.130882 0.946153
vt 0.130978 0.160201
vt 0.131041 0.463162
vt 0.131108 0.677705
vt 0.131116 0.638104
vt 0.131417 0.853056
vt 0.131519 0.527441
vt 0.131643 0.236132
vt 0.131681 0.255714
vt 0.131739 0.814741
vt 0.131792 0.221089
vt 0.131985 0.842687
vt 0.132044 0.327799
vt 0.132053 0.865008
vt 0.132238 0.688565
vt 0.132240 0.830781
vt 0.132476 0.011895
vt 0.132535 0.872371
vt 0.132592 0.952910
vt 0.132738 0.967006
vt 0.132865 0.266964
vt 0.132891 0.918880
vt 0.132900 0.706880
vt 0.133023 0.150749
vt 0.133120 0.050261
vt 0.133155 0.157543
vt 0.133165 0.194566
vt 0.133166 0.473208
vt 0.133203 0.817843
vt 0.133388 0.728235
vt 0.133447 0.245922
vt 0.133483 0.808126
vt 0.133574 0.450693
vt 0.133724 0.213809
vt 0.134105 0.962247
vt 0.134268 0.768657
vt 0.134325 0.888393
vt 0.134393 0.059696
vt 0.134488 0.515646
vt 0.134504 0.616692
vt 0.134625 0.793150
vt 0.134851 0.599149
vt 0.134867 0.032738
vt 0.134894 0.931662
vt 0.134904 0.078137
vt 0.135051 0.657757
vt 0.135124 0.350631
vt 0.135585 0.229328
vt 0.135704 0.843419
vt 0.135705 0.837961
vt 0.135754 0.178534
vt 0.135824 0.483594
vt 0.135843 0.782703
vt 0.136004 0.859796
vt 0.136323 0.910237
vt 0.136328 0.276318
vt 0.136417 0.974879
vt 0.136571 0.715129
vt 0.136749 0.641498
vt 0.136758 0.822504
vt 0.137123 0.544227
vt 0.137131 0.163259
vt 0.137141 0.630364
vt 0.137290 0.868275
vt 0.137358 0.495589
vt 0.137399 0.649091
vt 0.137410 0.969308
vt 0.137483 0.289728
vt 0.137522 0.253076
vt 0.137537 0.387032
vt 0.137669 0.425518
vt 0.137690 0.170920
vt 0.137868 0.849407
vt 0.138014 0.813386
vt 0.138092 0.756812
vt 0.138100 0.023598
vt 0.138140 0.986503
vt 0.138308 0.802350
vt 0.138533 0.503430
vt 0.138630 0.207523
vt 0.138774 0.041812
vt 0.138834 0.413652
vt 0.138846 0.671318
vt 0.138888 0.895536
vt 0.138922 0.699194
vt 0.138940 0.141703
vt 0.138957 0.270669
vt 0.139198 0.831000
vt 0.139277 0.549824
vt 0.139353 0.902975
vt 0.139472 0.744891
vt 0.139511 0.438184
vt 0.139547 0.267228
vt 0.139562 0.457372
vt 0.139604 0.466573
vt 0.139637 0.260950
vt 0.139640 0.222889
vt 0.139882 0.400639
vt 0.139944 0.873596
vt 0.140065 0.683228
vt 0.140114 0.199221
vt 0.140136 0.188273
vt 0.140227 0.154107
vt 0.140306 0.735451
vt 0.140826 0.843347
vt 0.140873 0.944997
vt 0.140880 0.883068
vt 0.140992 0.956774
vt 0.141043 0.628558
vt 0.141217 0.238136
vt 0.141296 0.374260
vt 0.141761 0.764644
vt 0.141887 0.650997
vt 0.141952 0.521869
vt 0.142071 0.563793
vt 0.142083 0.129210
vt 0.142285 0.534676
vt 0.142420 0.214634
vt 0.142523 0.893561
vt 0.142695 0.511216
vt 0.142937 0.051271
vt 0.142998 0.174257
vt 0.143324 0.230803
vt 0.143538 0.965225
vt 0.143699 0.606811
vt 0.143781 0.448951
vt 0.143804 0.117490
vt 0.143905 0.772573
vt 0.144198 0.977729
vt 0.144453 0.781513
vt 0.144742 0.034122
vt 0.144781 0.250572
vt 0.145021 0.475838
vt 0.145078 0.014426
vt 0.145080 0.618712
vt 0.145182 0.027843
vt 0.145328 0.460919
vt 0.145485 0.673159
vt 0.145488 0.568694
vt 0.145567 0.271169
vt 0.145791 0.167617
vt 0.145887 0.970488
vt 0.145905 0.020622
vt 0.146015 0.889765
vt 0.146030 0.766100
vt 0.146323 0.236348
vt 0.146477 0.180119
vt 0.146478 0.304846
vt 0.146766 0.454863
vt 0.146786 0.501910
vt 0.146831 0.791991
vt 0.146845 0.467617
vt 0.146867 0.207576
vt 0.146998 0.858754
vt 0.147059 0.661459
vt 0.147256 0.868300
vt 0.147257 0.811260
vt 0.147340 0.826250
vt 0.147512 0.837040
vt 0.147578 0.632270
vt 0.147634 0.876763
vt 0.147643 0.099377
vt 0.147664 0.901856
vt 0.147666 0.393926
vt 0.147692 0.913580
vt 0.147773 0.223660
vt 0.147910 0.193338
vt 0.148140 0.134825
vt 0.148156 0.199783
vt 0.148158 0.760638
vt 0.148162 0.930674
vt 0.148496 0.593222
vt 0.148523 0.159713
vt 0.148534 0.281980
vt 0.148886 0.418261
vt 0.148897 0.489243
vt 0.148925 0.149896
vt 0.149018 0.430081
vt 0.149231 0.141870
vt 0.149324 0.847828
vt 0.149340 0.801953
vt 0.149353 0.232165
vt 0.149509 0.649177
vt 0.149627 0.216212
vt 0.149723 0.609020
vt 0.149755 0.724958
vt 0.149905 0.037325
vt 0.150039 0.690077
vt 0.150062 0.711212
vt 0.150155 0.625857
vt 0.150190 0.186353
vt 0.150195 0.260414
vt 0.150316 0.961326
vt 0.150339 0.952698
vt 0.150638 0.983039
vt 0.150648 0.882562
vt 0.150777 0.535838
vt 0.150876 0.767740
vt 0.150948 0.062104
vt 0.151131 0.436475
vt 0.151496 0.450610
vt 0.151571 0.751527
vt 0.151609 0.639016
vt 0.151672 0.893955
vt 0.151795 0.820336
vt 0.151904 0.872975
vt 0.152102 0.739260
vt 0.152110 0.243660
vt 0.152147 0.456740
vt 0.152291 0.527041
vt 0.152333 0.778266
vt 0.152388 0.173196
vt 0.152415 0.276037
vt 0.152623 0.967795
vt 0.152763 0.546590
vt 0.152957 0.029709
vt 0.152991 0.463190
vt 0.153165 0.387506
vt 0.153176 0.196033
vt 0.153196 0.251946
vt 0.153388 0.443802
vt 0.153615 0.864032
vt 0.153707 0.516440
vt 0.153754 0.888412
vt 0.153805 0.630614
vt 0.153817 0.508971
vt 0.153824 0.876628
vt 0.153925 0.988059
vt 0.153963 0.008262
vt 0.154103 0.321822
vt 0.154164 0.202854
vt 0.154268 0.044888
vt 0.154314 0.470172
vt 0.154392 0.829487
vt 0.154415 0.249247
vt 0.154441 0.126875
vt 0.154502 0.228105
vt 0.154666 0.681587
vt 0.154885 0.903647
vt 0.155006 0.221239
vt 0.155209 0.698759
vt 0.155462 0.212685
vt 0.155610 0.716937
vt 0.155654 0.270269
vt 0.155746 0.425927
vt 0.155874 0.190079
vt 0.155942 0.870527
vt 0.156116 0.136983
vt 0.156188 0.943332
vt 0.156227 0.689518
vt 0.156487 0.670984
vt 0.156573 0.597275
vt 0.156676 0.399101
vt 0.156685 0.619647
vt 0.156971 0.145638
vt 0.156986 0.019145
vt 0.156994 0.258319
vt 0.157092 0.164901
vt 0.157102 0.869150
vt 0.157169 0.034899
vt 0.157373 0.976029
vt 0.157433 0.841629
vt 0.157557 0.660155
vt 0.157640 0.894762
vt 0.157640 0.561035
vt 0.157680 0.798389
vt 0.157943 0.882782
vt 0.158049 0.536291
vt 0.158240 0.512607
vt 0.158268 0.859123
vt 0.158317 0.760458
vt 0.158328 0.824194
vt 0.158469 0.079755
vt 0.158643 0.479144
vt 0.158657 0.207126
vt 0.158837 0.499716
vt 0.158963 0.251904
vt 0.159092 0.876073
vt 0.159209 0.418574
vt 0.159240 0.458883
vt 0.159415 0.294874
vt 0.159429 0.236445
vt 0.159456 0.922960
vt 0.159456 0.651415
vt 0.159470 0.227706
vt 0.159496 0.888028
vt 0.159544 0.771510
vt 0.159645 0.787203
vt 0.159651 0.833799
vt 0.159754 0.642345
vt 0.159889 0.378851
vt 0.160081 0.196072
vt 0.160170 0.202287
vt 0.160220 0.154580
vt 0.160321 0.451740
vt 0.160463 0.180215
vt 0.160469 0.488599
vt 0.160619 0.982202
vt 0.160791 0.778857
vt 0.161048 0.815531
vt 0.161116 0.962692
vt 0.161152 0.220933
vt 0.161271 0.281003
vt 0.161369 0.264987
vt 0.161380 0.607145
vt 0.161405 0.435420
vt 0.161676 0.630965
vt 0.161780 0.344322
vt 0.161947 0.754111
vt 0.162150 0.877834
vt 0.162161 0.848979
vt 0.162276 0.708113
vt 0.162309 0.521949
vt 0.162323 0.246655
vt 0.162337 0.205506
vt 0.162369 0.008602
vt 0.162444 0.890948
vt 0.162445 0.171273
vt 0.162545 0.914253
vt 0.162603 0.867945
vt 0.162691 0.859473
vt 0.162716 0.141218
vt 0.162782 0.673959
vt 0.162873 0.365716
vt 0.162917 0.212054
vt 0.162931 0.257830
vt 0.163032 0.906615
vt 0.163211 0.971682
vt 0.163215 0.828540
vt 0.163360 0.198092
vt 0.163370 0.666588
vt 0.163516 0.511744
vt 0.163527 0.545565
vt 0.163565 0.530125
vt 0.163623 0.471663
vt 0.163650 0.113602
vt 0.163666 0.272976
vt 0.163813 0.464867
vt 0.163818 0.953956
vt 0.163957 0.147169
vt 0.164308 0.027113
vt 0.164412 0.426201
vt 0.164503 0.188329
vt 0.164638 0.035683
vt 0.164713 0.886461
vt 0.164774 0.444566
vt 0.164783 0.875853
vt 0.164889 0.717420
vt 0.165001 0.898491
vt 0.165062 0.538713
vt 0.165231 0.861584
vt 0.165333 0.052119
vt 0.165623 0.042657
vt 0.165689 0.201145
vt 0.165758 0.730107
vt 0.165949 0.932694
vt 0.165966 0.683439
vt 0.166053 0.794490
vt 0.166072 0.856670
vt 0.166169 0.016121
vt 0.166215 0.133639
vt 0.166275 0.987393
vt 0.166342 0.782550
vt 0.166772 0.166559
vt 0.166823 0.161261
vt 0.166896 0.066262
vt 0.166980 0.873238
vt 0.167009 0.745971
vt 0.167286 0.963385
vt 0.167337 0.311914
vt 0.167399 0.125297
vt 0.167439 0.483061
vt 0.167442 0.891065
vt 0.167525 0.194452
vt 0.167637 0.804747
vt 0.167660 0.651867
vt 0.167791 0.457809
vt 0.167818 0.174011
vt 0.167820 0.230424
vt 0.167877 0.502666
vt 0.168000 0.775304
vt 0.168067 0.882811
vt 0.168081 0.596348
vt 0.168430 0.767456
vt 0.168489 0.788191
vt 0.168609 0.820892
vt 0.168638 0.645911
vt 0.168827 0.491916
vt 0.168939 0.475865
vt 0.168969 0.218662
vt 0.168977 0.695861
vt 0.168995 0.206659
vt 0.169026 0.150396
vt 0.169072 0.261840
vt 0.169327 0.943965
vt 0.169388 0.527097
vt 0.169627 0.758892
vt 0.169805 0.377091
vt 0.169832 0.839932
vt 0.170049 0.922283
vt 0.170078 0.671519
vt 0.170187 0.587310
vt 0.170189 0.981360
vt 0.170353 0.253412
vt 0.170365 0.001831
vt 0.170394 0.661568
vt 0.170406 0.199599
vt 0.170409 0.241543
vt 0.170455 0.544737
vt 0.170586 0.968072
vt 0.170649 0.269422
vt 0.170653 0.385872
vt 0.170721 0.973960
vt 0.170740 0.095777
vt 0.170765 0.908796
vt 0.170820 0.418887
vt 0.170842 0.284999
vt 0.170847 0.609309
vt 0.171047 0.036152
vt 0.171208 0.189007
vt 0.171273 0.866580
vt 0.171289 0.290710
vt 0.171369 0.141611
vt 0.171398 0.183091
vt 0.171399 0.400639
vt 0.171414 0.560687
vt 0.171488 0.451552
vt 0.171547 0.648776
vt 0.171596 0.278605
vt 0.171607 0.177454
vt 0.171829 0.534941
vt 0.171876 0.008872
vt 0.171895 0.949572
vt 0.171930 0.170073
vt 0.172039 0.602058
vt 0.172262 0.858814
vt 0.172531 0.707119
vt 0.172602 0.155070
vt 0.172683 0.850155
vt 0.172690 0.484273
vt 0.172751 0.058818
vt 0.172761 0.914352
vt 0.172866 0.828271
vt 0.173008 0.469542
vt 0.173029 0.134874
vt 0.173241 0.894616
vt 0.173247 0.463740
vt 0.173375 0.129663
vt 0.173384 0.209783
vt 0.173430 0.901444
vt 0.173935 0.520395
vt 0.173947 0.194218
vt 0.173958 0.042143
vt 0.173965 0.479366
vt 0.174005 0.230265
vt 0.174159 0.985831
vt 0.174242 0.148544
vt 0.174274 0.509843
vt 0.174317 0.202092
vt 0.174346 0.991905
vt 0.174557 0.873844
vt 0.174562 0.783106
vt 0.174657 0.173929
vt 0.174660 0.162925
vt 0.174670 0.793576
vt 0.174702 0.879655
vt 0.174719 0.188080
vt 0.174805 0.016671
vt 0.174843 0.963774
vt 0.175109 0.813140
vt 0.175236 0.051454
vt 0.175244 0.915110
vt 0.175363 0.620611
vt 0.175623 0.237109
vt 0.175693 0.930539
vt 0.175731 0.026560
vt 0.175775 0.774566
vt 0.175925 0.529400
vt 0.175965 0.635108
vt 0.175985 0.541084
vt 0.176013 0.548585
vt 0.176025 0.890583
vt 0.176053 0.274661
vt 0.176067 0.955482
vt 0.176083 0.078870
vt 0.176092 0.474179
vt 0.176104 0.736962
vt 0.176118 0.066449
vt 0.176221 0.121451
vt 0.176339 0.444993
vt 0.176378 0.220386
vt 0.176407 0.855248
vt 0.176647 0.109195
vt 0.176651 0.433828
vt 0.176719 0.486093
vt 0.176798 0.380704
vt 0.176917 0.936919
vt 0.177135 0.969832
vt 0.177329 0.883406
vt 0.177410 0.034103
vt 0.177417 0.910334
vt 0.177499 0.728352
vt 0.177521 0.981482
vt 0.177619 0.687560
vt 0.177632 0.497639
vt 0.177753 0.899799
vt 0.177949 0.009948
vt 0.178066 0.262834
vt 0.178069 0.458172
vt 0.178268 0.169388
vt 0.178362 0.451996
vt 0.178488 0.840430
vt 0.178491 0.207354
vt 0.178495 0.190324
vt 0.178505 0.868628
vt 0.178588 0.945260
vt 0.178867 0.471951
vt 0.178872 0.923755
vt 0.178879 0.184364
vt 0.178915 0.607988
vt 0.178925 0.678207
vt 0.178971 0.198161
vt 0.179153 0.286912
vt 0.179325 0.372934
vt 0.179411 0.717463
vt 0.179413 0.271784
vt 0.179419 0.176770
vt 0.179506 0.625004
vt 0.179568 0.133016
vt 0.179672 0.905648
vt 0.179677 0.976950
vt 0.179728 0.860460
vt 0.179731 0.000058
vt 0.179892 0.058603
vt 0.180108 0.477258
vt 0.180132 0.766356
vt 0.180214 0.536464
vt 0.180561 0.852939
vt 0.180601 0.294012
vt 0.180664 0.598196
vt 0.180672 0.934469
vt 0.180681 0.697525
vt 0.180762 0.065447
vt 0.180786 0.148541
vt 0.180806 0.393885
vt 0.180865 0.987445
vt 0.180955 0.650876
vt 0.181000 0.878518
vt 0.181010 0.819777
vt 0.181144 0.887618
vt 0.181269 0.962285
vt 0.181272 0.803086
vt 0.181304 0.302302
vt 0.181441 0.545341
vt 0.181452 0.247836
vt 0.181481 0.555143
vt 0.181486 0.141667
vt 0.181539 0.018586
vt 0.181591 0.920303
vt 0.181732 0.506579
vt 0.181771 0.089990
vt 0.181825 0.852696
vt 0.181889 0.232383
vt 0.181906 0.756784
vt 0.182166 0.070171
vt 0.182606 0.330601
vt 0.182631 0.051302
vt 0.182707 0.468761
vt 0.182822 0.731385
vt 0.182959 0.386314
vt 0.183001 0.811964
vt 0.183136 0.982737
vt 0.183253 0.035882
vt 0.183263 0.581130
vt 0.183263 0.706891
vt 0.183271 0.453742
vt 0.183424 0.162220
vt 0.183428 0.360756
vt 0.183446 0.441900
vt 0.183461 0.711163
vt 0.183466 0.278203
vt 0.183513 0.725047
vt 0.183589 0.315856
vt 0.183604 0.667255
vt 0.183640 0.153758
vt 0.183674 0.872289
vt 0.183759 0.867342
vt 0.183857 0.043253
vt 0.183936 0.747005
vt 0.184039 0.186061
vt 0.184106 0.931540
vt 0.184407 0.380385
vt 0.184540 0.083119
vt 0.184579 0.939548
vt 0.184631 0.922497
vt 0.184632 0.429107
vt 0.184718 0.515837
vt 0.184874 0.926169
vt 0.184887 0.113497
vt 0.184928 0.616392
vt 0.185016 0.460258
vt 0.185138 0.010386
vt 0.185234 0.269190
vt 0.185328 0.638778
vt 0.185363 0.213120
vt 0.185462 0.192600
vt 0.185508 0.527983
vt 0.185524 0.028139
vt 0.185532 0.994204
vt 0.185734 0.629845
vt 0.185742 0.948671
vt 0.185787 0.223054
vt 0.185855 0.416825
vt 0.185941 0.904460
vt 0.185952 0.589349
vt 0.186011 0.790112
vt 0.186141 0.916545
vt 0.186179 0.777587
vt 0.186317 0.202308
vt 0.186332 0.498905
vt 0.186363 0.684641
vt 0.186448 0.076149
vt 0.186535 0.882497
vt 0.186536 0.955184
vt 0.186559 0.970274
vt 0.186823 0.100997
vt 0.186913 0.978151
vt 0.186968 0.123114
vt 0.187093 0.738423
vt 0.187178 0.262611
vt 0.187180 0.894648
vt 0.187267 0.727441
vt 0.187300 0.293708
vt 0.187316 0.691165
vt 0.187407 0.178080
vt 0.187453 0.485145
vt 0.187658 0.604992
vt 0.187748 0.056086
vt 0.187794 0.888320
vt 0.187795 0.241864
vt 0.188005 0.595622
vt 0.188170 0.066320
vt 0.188254 0.598642
vt 0.188268 0.400639
vt 0.188295 0.863895
vt 0.188427 0.449883
vt 0.188603 0.116683
vt 0.188610 0.826818
vt 0.188631 0.184802
vt 0.188678 0.869755
vt 0.188734 0.286981
vt 0.188743 0.133668
vt 0.188772 0.456954
vt 0.188782 0.166995
vt 0.188990 0.463426
vt 0.189066 0.377104
vt 0.189072 0.923081
vt 0.189142 0.236338
vt 0.189221 0.143266
vt 0.189245 0.047906
vt 0.189379 0.019162
vt 0.189521 0.247863
vt 0.189607 0.090081
vt 0.189612 0.189313
vt 0.189617 0.807136
vt 0.189637 0.928056
vt 0.189790 0.712189
vt 0.189791 0.156558
vt 0.189980 0.229315
vt 0.190005 0.507051
vt 0.190011 0.566410
vt 0.190047 0.003889
vt 0.190117 0.875845
vt 0.190252 0.543412
vt 0.190451 0.222906
vt 0.190516 0.217580
vt 0.190613 0.854974
vt 0.190680 0.370786
vt 0.190843 0.276968
vt 0.190887 0.961661
vt 0.190988 0.844839
vt 0.191124 0.348873
vt 0.191137 0.000058
vt 0.191202 0.990023
vt 0.191251 0.721100
vt 0.191446 0.440134
vt 0.191454 0.583625
vt 0.191461 0.501206
vt 0.191534 0.299677
vt 0.191590 0.983135
vt 0.191834 0.645034
vt 0.191965 0.254397
vt 0.191979 0.313779
vt 0.192100 0.239440
vt 0.192151 0.835949
vt 0.192220 0.036083
vt 0.192234 0.291307
vt 0.192244 0.006227
vt 0.192306 0.608977
vt 0.192326 0.935377
vt 0.192363 0.679484
vt 0.192422 0.815422
vt 0.192566 0.731794
vt 0.192591 0.921735
vt 0.192622 0.243847
vt 0.192634 0.082320
vt 0.192636 0.783502
vt 0.192658 0.943402
vt 0.192719 0.766705
vt 0.192795 0.149596
vt 0.192878 0.460431
vt 0.192954 0.111457
vt 0.193123 0.126748
vt 0.193130 0.471075
vt 0.193139 0.195587
vt 0.193192 0.591829
vt 0.193215 0.030164
vt 0.193228 0.051261
vt 0.193312 0.394082
vt 0.193356 0.738059
vt 0.193358 0.599831
vt 0.193416 0.269780
vt 0.193439 0.700770
vt 0.193453 0.158700
vt 0.193861 0.998761
vt 0.193887 0.384866
vt 0.193917 0.797431
vt 0.193932 0.118999
vt 0.193940 0.366011
vt 0.194182 0.522896
vt 0.194186 0.297194
vt 0.194240 0.225495
vt 0.194266 0.187587
vt 0.194332 0.074471
vt 0.194335 0.180522
vt 0.194475 0.916408
vt 0.194546 0.432918
vt 0.194621 0.041432
vt 0.194633 0.284380
vt 0.194746 0.306333
vt 0.194764 0.974787
vt 0.194871 0.219439
vt 0.194999 0.495048
vt 0.195026 0.987733
vt 0.195100 0.743755
vt 0.195123 0.322824
vt 0.195140 0.635294
vt 0.195174 0.884100
vt 0.195196 0.209581
vt 0.195261 0.689528
vt 0.195413 0.951185
vt 0.195427 0.967849
vt 0.195607 0.096425
vt 0.195647 0.870114
vt 0.195763 0.891537
vt 0.195848 0.417661
vt 0.195866 0.292197
vt 0.195913 0.058498
vt 0.195930 0.905425
vt 0.196083 0.232649
vt 0.196273 0.754348
vt 0.196422 0.864609
vt 0.196435 0.429113
vt 0.196508 0.248143
vt 0.196520 0.376664
vt 0.196843 0.829336
vt 0.196856 0.822905
vt 0.197077 0.651029
vt 0.197118 0.786540
vt 0.197224 0.024113
vt 0.197413 0.737085
vt 0.197520 0.331574
vt 0.197521 0.010539
vt 0.197536 0.261223
vt 0.197596 0.161880
vt 0.197616 0.850154
vt 0.197643 0.479707
vt 0.197806 0.531688
vt 0.197954 0.426386
vt 0.197998 0.171831
vt 0.198059 0.927363
vt 0.198082 0.318844
vt 0.198167 0.661243
vt 0.198284 0.805935
vt 0.198392 0.453638
vt 0.198428 0.143171
vt 0.198474 0.513675
vt 0.198485 0.437654
vt 0.198570 0.240773
vt 0.198648 0.133575
vt 0.198706 0.088917
vt 0.198720 0.464716
vt 0.198736 0.857318
vt 0.198815 0.123777
vt 0.198913 0.503999
vt 0.198938 0.362275
vt 0.199130 0.303449
vt 0.199192 0.316033
vt 0.199334 0.837279
vt 0.199379 0.046164
vt 0.199440 0.777313
vt 0.199527 0.620928
vt 0.199584 0.712410
vt 0.199667 0.876344
vt 0.199914 0.032335
vt 0.200143 0.944686
vt 0.200254 0.297527
vt 0.200311 0.339396
vt 0.200346 0.607367
vt 0.200382 0.558595
vt 0.200434 0.674125
vt 0.200497 0.105699
vt 0.200652 0.938224
vt 0.200665 0.068172
vt 0.200734 0.191957
vt 0.200769 0.843876
vt 0.200837 0.825278
vt 0.200879 0.275592
vt 0.200892 0.253708
vt 0.200930 0.370400
vt 0.200944 0.431575
vt 0.201095 0.884372
vt 0.201114 0.732549
vt 0.201193 0.473428
vt 0.201236 0.443200
vt 0.201271 0.435976
vt 0.201285 0.116986
vt 0.201390 0.488113
vt 0.201440 0.588696
vt 0.201487 0.723415
vt 0.201590 0.509019
vt 0.201701 0.598293
vt 0.201707 0.396952
vt 0.201721 0.151924
vt 0.201821 0.523341
vt 0.201925 0.028235
vt 0.202043 0.182297
vt 0.202151 0.683819
vt 0.202211 0.079569
vt 0.202212 0.640555
vt 0.202221 0.631789
vt 0.202322 0.201142
vt 0.202371 0.461225
vt 0.202422 0.496352
vt 0.202457 0.036206
vt 0.202459 0.266942
vt 0.202472 0.311918
vt 0.202513 0.221098
vt 0.202513 0.017345
vt 0.202621 0.703540
vt 0.202975 0.419506
vt 0.203048 0.866861
vt 0.203234 0.851902
vt 0.203328 0.052721
vt 0.203386 0.812061
vt 0.203566 0.970308
vt 0.203738 0.985211
vt 0.203784 0.424327
vt 0.203811 0.097409
vt 0.203852 0.898343
vt 0.203907 0.820324
vt 0.203980 0.747744
vt 0.204020 0.283043
vt 0.204055 0.789806
vt 0.204138 0.000058
vt 0.204476 0.861221
vt 0.204497 0.300508
vt 0.204513 0.041598
vt 0.204711 0.959896
vt 0.204791 0.829584
vt 0.204954 0.667585
vt 0.204977 0.541497
vt 0.204985 0.481158
vt 0.205018 0.739520
vt 0.205192 0.694058
vt 0.205226 0.977961
vt 0.205499 0.208929
vt 0.205533 0.451342
vt 0.205571 0.306313
vt 0.205756 0.429527
vt 0.205777 0.651837
vt 0.205819 0.319894
vt 0.205865 0.204065
vt 0.205881 0.889498
vt 0.206059 0.233057
vt 0.206170 0.061207
vt 0.206208 0.458291
vt 0.206268 0.330789
vt 0.206268 0.707578
vt 0.206335 0.602492
vt 0.206515 0.838641
vt 0.206541 0.139200
vt 0.206567 0.196144
vt 0.206571 0.946692
vt 0.206596 0.467119
vt 0.206616 0.909473
vt 0.206633 0.508861
vt 0.206725 0.855522
vt 0.206730 0.291895
vt 0.206792 0.337852
vt 0.206795 0.796479
vt 0.206800 0.765398
vt 0.206818 0.395310
vt 0.206842 0.846088
vt 0.207036 0.161624
vt 0.207130 0.920090
vt 0.207204 0.089614
vt 0.207238 0.023930
vt 0.207264 0.609953
vt 0.207448 0.190020
vt 0.207516 0.436176
vt 0.207750 0.377084
vt 0.207877 0.390337
vt 0.207884 0.528680
vt 0.207911 0.245034
vt 0.207935 0.074153
vt 0.208017 0.730756
vt 0.208134 0.311799
vt 0.208169 0.126631
vt 0.208177 0.781243
vt 0.208277 0.474698
vt 0.208517 0.553095
vt 0.208524 0.871592
vt 0.208546 0.455780
vt 0.208631 0.444328
vt 0.208744 0.773445
vt 0.208899 0.755637
vt 0.209045 0.501093
vt 0.209105 0.285223
vt 0.209173 0.066914
vt 0.209286 0.858781
vt 0.209394 0.679062
vt 0.209407 0.493769
vt 0.209446 0.269537
vt 0.209673 0.421768
vt 0.209700 0.518300
vt 0.209955 0.661974
vt 0.210017 0.804241
vt 0.210021 0.114894
vt 0.210137 0.353805
vt 0.210177 0.630376
vt 0.210186 0.934535
vt 0.210344 0.863053
vt 0.210376 0.480727
vt 0.210492 0.849578
vt 0.210554 0.894606
vt 0.210603 0.722712
vt 0.210653 0.203392
vt 0.210903 0.106162
vt 0.210934 0.702425
vt 0.211002 0.901646
vt 0.211018 0.258579
vt 0.211051 0.686304
vt 0.211145 0.304964
vt 0.211209 0.880059
vt 0.211227 0.012287
vt 0.211228 0.712943
vt 0.211343 0.967945
vt 0.211405 0.030193
vt 0.211431 0.172480
vt 0.211543 0.278061
vt 0.211647 0.452130
vt 0.211703 0.400639
vt 0.211757 0.225194
vt 0.211817 0.343691
vt 0.211946 0.486161
vt 0.212135 0.366144
vt 0.212240 0.019348
vt 0.212332 0.672502
vt 0.212450 0.746839
vt 0.212525 0.097476
vt 0.212543 0.769373
vt 0.212712 0.477782
vt 0.213203 0.766210
vt 0.213240 0.655988
vt 0.213330 0.813486
vt 0.213571 0.642256
vt 0.213576 0.038135
vt 0.213603 0.082116
vt 0.213679 0.548175
vt 0.213756 0.838823
vt 0.213840 0.975954
vt 0.213898 0.482676
vt 0.213949 0.183749
vt 0.214050 0.194005
vt 0.214051 0.787838
vt 0.214210 0.090054
vt 0.214293 0.460014
vt 0.214294 0.144847
vt 0.214348 0.831831
vt 0.214378 0.446440
vt 0.214378 0.064307
vt 0.214415 0.774435
vt 0.214553 0.823095
vt 0.214660 0.910227
vt 0.214724 0.952246
vt 0.214734 0.511959
vt 0.214804 0.153168
vt 0.214809 0.047190
vt 0.214846 0.501450
vt 0.214876 0.057201
vt 0.214882 0.728000
vt 0.215008 0.871391
vt 0.215118 0.492269
vt 0.215157 0.535103
vt 0.215189 0.856145
vt 0.215292 0.326900
vt 0.215293 0.497766
vt 0.215439 0.761670
vt 0.215536 0.505857
vt 0.215613 0.650895
vt 0.215855 0.918031
vt 0.216051 0.287402
vt 0.216155 0.780478
vt 0.216191 0.524524
vt 0.216403 0.944798
vt 0.216495 0.736998
vt 0.216521 0.316062
vt 0.216655 0.074117
vt 0.216683 0.843149
vt 0.216721 0.896963
vt 0.216869 0.889451
vt 0.216951 0.429127
vt 0.217011 0.692771
vt 0.217123 0.023788
vt 0.217194 0.214539
vt 0.217433 0.517111
vt 0.217535 0.336376
vt 0.217627 0.754193
vt 0.217685 0.767574
vt 0.217799 0.000529
vt 0.218111 0.105724
vt 0.218174 0.135047
vt 0.218274 0.486616
vt 0.218330 0.719891
vt 0.218665 0.089079
vt 0.218688 0.439189
vt 0.218766 0.849752
vt 0.219219 0.162293
vt 0.219373 0.124002
vt 0.219600 0.617908
vt 0.219640 0.019466
vt 0.219702 0.806655
vt 0.219718 0.910201
vt 0.219799 0.960481
vt 0.219806 0.834932
vt 0.219909 0.232439
vt 0.219919 0.927425
vt 0.219931 0.493221
vt 0.220082 0.033055
vt 0.220136 0.862367
vt 0.220141 0.037426
vt 0.220225 0.711399
vt 0.220289 0.546585
vt 0.220289 0.534858
vt 0.220315 0.795605
vt 0.220355 0.728099
vt 0.220372 0.346304
vt 0.220381 0.268530
vt 0.220391 0.372083
vt 0.220432 0.063344
vt 0.220539 0.658132
vt 0.220550 0.361225
vt 0.220728 0.904142
vt 0.220732 0.279200
vt 0.220827 0.113970
vt 0.220931 0.041444
vt 0.220961 0.827534
vt 0.221008 0.331611
vt 0.221165 0.746860
vt 0.221318 0.329271
vt 0.221399 0.682545
vt 0.221416 0.528788
vt 0.221429 0.969008
vt 0.221471 0.936577
vt 0.221572 0.702144
vt 0.221629 0.068864
vt 0.221742 0.014162
vt 0.221758 0.775299
vt 0.222021 0.470303
vt 0.222074 0.853014
vt 0.222357 0.325862
vt 0.222365 0.302565
vt 0.222438 0.201541
vt 0.222463 0.096551
vt 0.222478 0.787327
vt 0.222630 0.511795
vt 0.222871 0.781967
vt 0.222871 0.675609
vt 0.222872 0.053524
vt 0.223060 0.878507
vt 0.223187 0.245950
vt 0.223323 0.450982
vt 0.223373 0.520402
vt 0.223494 0.479127
vt 0.223605 0.501524
vt 0.223615 0.534824
vt 0.223686 0.366310
vt 0.223707 0.084019
vt 0.223709 0.633602
vt 0.223828 0.174495
vt 0.223860 0.059449
vt 0.223932 0.761215
vt 0.223992 0.951464
vt 0.224003 0.669245
vt 0.224102 0.855608
vt 0.224419 0.028450
vt 0.224494 0.894802
vt 0.224753 0.817031
vt 0.224852 0.722875
vt 0.224890 0.768623
vt 0.224919 0.355868
vt 0.225071 0.009760
vt 0.225169 0.107115
vt 0.225470 0.075834
vt 0.225580 0.647868
vt 0.225874 0.065143
vt 0.225995 0.841118
vt 0.226100 0.188869
vt 0.226110 0.849647
vt 0.226125 0.331776
vt 0.226196 0.493791
vt 0.226252 0.803401
vt 0.226568 0.380642
vt 0.226591 0.044423
vt 0.226654 0.460294
vt 0.226667 0.287375
vt 0.226699 0.395421
vt 0.226797 0.691188
vt 0.226866 0.146640
vt 0.227044 0.511609
vt 0.227128 0.540016
vt 0.227193 0.485500
vt 0.227597 0.049189
vt 0.227726 0.321132
vt 0.227807 0.131728
vt 0.227819 0.056364
vt 0.228122 0.711625
vt 0.228170 0.019078
vt 0.228316 0.774877
vt 0.228370 0.362345
vt 0.228522 0.546493
vt 0.228532 0.947718
vt 0.228595 0.256207
vt 0.228782 0.868999
vt 0.228796 0.752984
vt 0.228926 0.208440
vt 0.228937 0.052692
vt 0.228976 0.728966
vt 0.229038 0.828786
vt 0.229046 0.122242
vt 0.229094 0.888886
vt 0.229214 0.508053
vt 0.229223 0.534611
vt 0.229447 0.034259
vt 0.229566 0.937759
vt 0.229619 0.040107
vt 0.229693 0.858555
vt 0.229766 0.013485
vt 0.229912 0.676058
vt 0.229949 0.875059
vt 0.229950 0.526215
vt 0.230098 0.863902
vt 0.230193 0.853050
vt 0.230236 0.847089
vt 0.230302 0.958600
vt 0.230345 0.741669
vt 0.230442 0.795245
vt 0.230699 0.071498
vt 0.230701 0.702250
vt 0.230825 0.719654
vt 0.231104 0.275069
vt 0.231700 0.330971
vt 0.231745 0.785734
vt 0.231830 0.162377
vt 0.232184 0.821612
vt 0.232185 0.764271
vt 0.232186 0.115361
vt 0.232270 0.062654
vt 0.232464 0.638961
vt 0.232548 0.951141
vt 0.232611 0.369142
vt 0.232635 0.024852
vt 0.232949 0.658769
vt 0.232966 0.340336
vt 0.233148 0.629109
vt 0.233171 0.883666
vt 0.233221 0.056306
vt 0.233258 0.608669
vt 0.233357 0.530789
vt 0.233509 0.044642
vt 0.233539 0.694525
vt 0.233589 0.103694
vt 0.233719 0.079685
vt 0.233796 0.582378
vt 0.233808 0.923058
vt 0.233861 0.685118
vt 0.233971 0.263964
vt 0.234190 0.861335
vt 0.234219 0.295392
vt 0.234288 0.503762
vt 0.234403 0.517003
vt 0.234497 0.031757
vt 0.234500 0.808004
vt 0.234543 0.351836
vt 0.234610 0.233830
vt 0.234739 0.091986
vt 0.234822 0.550815
vt 0.234878 0.615154
vt 0.234879 0.800361
vt 0.235068 0.489891
vt 0.235308 0.538735
vt 0.235347 0.866621
vt 0.235414 0.795251
vt 0.235759 0.245510
vt 0.235791 0.053432
vt 0.235820 0.842089
vt 0.235892 0.855763
vt 0.236046 0.815127
vt 0.236056 0.596818
vt 0.236337 0.791650
vt 0.236465 0.525322
vt 0.236491 0.311428
vt 0.236546 0.712302
vt 0.236580 0.048887
vt 0.236655 0.834805
vt 0.236683 0.849536
vt 0.236814 0.197873
vt 0.236976 0.542475
vt 0.237225 0.476604
vt 0.237279 0.514414
vt 0.237294 0.649302
vt 0.237386 0.655135
vt 0.237457 0.733456
vt 0.237519 0.014034
vt 0.237547 0.216856
vt 0.237727 0.757760
vt 0.237756 0.668983
vt 0.238002 0.604705
vt 0.238207 0.610479
vt 0.238262 0.719917
vt 0.238453 0.059373
vt 0.238461 0.701100
vt 0.238484 0.773160
vt 0.238562 0.750055
vt 0.238655 0.468281
vt 0.238713 0.292245
vt 0.238809 0.019852
vt 0.238870 0.284395
vt 0.238935 0.328076
vt 0.238936 0.566724
vt 0.239086 0.613811
vt 0.239086 0.727261
vt 0.239159 0.462167
vt 0.239797 0.041684
vt 0.239877 0.678671
vt 0.239936 0.558261
vt 0.239960 0.824067
vt 0.240043 0.662818
vt 0.240375 0.069956
vt 0.240435 0.361604
vt 0.240484 0.155292
vt 0.240486 0.795135
vt 0.240507 0.346820
vt 0.240798 0.495306
vt 0.240941 0.658312
vt 0.241172 0.047120
vt 0.241292 0.175770
vt 0.241341 0.809517
vt 0.241442 0.788622
vt 0.241847 0.533701
vt 0.241970 0.637203
vt 0.241989 0.842853
vt 0.242128 0.573813
vt 0.242132 0.784331
vt 0.242153 0.837730
vt 0.242202 0.038075
vt 0.242241 0.447018
vt 0.242580 0.779524
vt 0.242783 0.620095
vt 0.242877 0.483727
vt 0.242889 0.131939
vt 0.242963 0.801996
vt 0.243061 0.112927
vt 0.243143 0.763974
vt 0.243168 0.854310
vt 0.243525 0.729721
vt 0.243542 0.457463
vt 0.243758 0.686993
vt 0.243783 0.033150
vt 0.243926 0.641769
vt 0.244235 0.252087
vt 0.244280 0.815064
vt 0.244375 0.612252
vt 0.244411 0.549705
vt 0.244657 0.389455
vt 0.244709 0.848662
vt 0.244761 0.830351
vt 0.244796 0.489912
vt 0.245082 0.757070
vt 0.245206 0.594962
vt 0.245237 0.603526
vt 0.245446 0.507208
vt 0.245474 0.562172
vt 0.245551 0.541095
vt 0.245953 0.437979
vt 0.245993 0.639179
vt 0.246101 0.708781
vt 0.246198 0.498018
vt 0.246267 0.097747
vt 0.246379 0.353293
vt 0.246444 0.791325
vt 0.246575 0.081443
vt 0.246655 0.379440
vt 0.246703 0.760683
vt 0.246755 0.527351
vt 0.246861 0.468300
vt 0.247040 0.738130
vt 0.247210 0.567741
vt 0.247251 0.650208
vt 0.247325 0.773508
vt 0.247352 0.297749
vt 0.247579 0.269398
vt 0.247583 0.477624
vt 0.247602 0.796086
vt 0.247605 0.635229
vt 0.247874 0.662033
vt 0.248057 0.532933
vt 0.248060 0.586795
vt 0.248219 0.340380
vt 0.248445 0.784369
vt 0.248478 0.820810
vt 0.248517 0.729253
vt 0.248523 0.059523
vt 0.248588 0.576811
vt 0.248915 0.071429
vt 0.248939 0.721518
vt 0.249085 0.370643
vt 0.249329 0.202148
vt 0.249371 0.814892
vt 0.249380 0.028746
vt 0.249526 0.842356
vt 0.249682 0.461960
vt 0.250000 0.483795
vt 0.250138 0.696457
vt 0.250168 0.628611
vt 0.250675 0.792305
vt 0.250749 0.808239
vt 0.250753 0.033940
vt 0.250846 0.835181
vt 0.250849 0.455598
vt 0.250915 0.448830
vt 0.250930 0.642931
vt 0.250990 0.750737
vt 0.251012 0.558085
vt 0.251180 0.515264
vt 0.251333 0.441980
vt 0.251340 0.189350
vt 0.251413 0.673699
vt 0.251926 0.537069
vt 0.251955 0.619797
vt 0.252192 0.761498
vt 0.252463 0.232022
vt 0.252469 0.666206
vt 0.252496 0.047497
vt 0.252611 0.826385
vt 0.252898 0.689954
vt 0.253022 0.430384
vt 0.253081 0.798370
vt 0.253108 0.594173
vt 0.253275 0.479929
vt 0.253290 0.568063
vt 0.253717 0.319542
vt 0.253725 0.284403
vt 0.253771 0.611725
vt 0.253953 0.452055
vt 0.254001 0.545921
vt 0.254054 0.601990
vt 0.254394 0.482815
vt 0.254537 0.362485
vt 0.254556 0.040750
vt 0.254727 0.581336
vt 0.254762 0.533989
vt 0.254981 0.728218
vt 0.255029 0.501926
vt 0.255261 0.210510
vt 0.255286 0.473620
vt 0.255421 0.527958
vt 0.255790 0.490171
vt 0.256214 0.588315
vt 0.256440 0.710451
vt 0.256445 0.464103
vt 0.256651 0.447925
vt 0.256764 0.744024
vt 0.257252 0.815135
vt 0.257336 0.572831
vt 0.257584 0.774451
vt 0.257689 0.583657
vt 0.257777 0.683864
vt 0.257860 0.156142
vt 0.257875 0.701073
vt 0.257926 0.637908
vt 0.257979 0.070975
vt 0.258107 0.648912
vt 0.258454 0.293800
vt 0.258458 0.455256
vt 0.259089 0.804469
vt 0.259228 0.553469
vt 0.259390 0.787236
vt 0.259493 0.424392
vt 0.259669 0.838674
vt 0.259677 0.690734
vt 0.259751 0.177043
vt 0.259783 0.480033
vt 0.260305 0.736857
vt 0.260372 0.753018
vt 0.260387 0.429581
vt 0.260453 0.112969
vt 0.260465 0.391529
vt 0.260609 0.795362
vt 0.260704 0.562250
vt 0.260725 0.023143
vt 0.261015 0.440233
vt 0.261414 0.578430
vt 0.261424 0.031452
vt 0.261456 0.351622
vt 0.261786 0.536616
vt 0.262111 0.377160
vt 0.262121 0.618996
vt 0.262202 0.827159
vt 0.262276 0.790606
vt 0.262308 0.718602
vt 0.262528 0.517668
vt 0.262660 0.597838
vt 0.262660 0.136627
vt 0.263064 0.652998
vt 0.263123 0.628593
vt 0.263127 0.037984
vt 0.263130 0.193609
vt 0.263154 0.585788
vt 0.263211 0.086412
vt 0.263491 0.472501
vt 0.263675 0.711086
vt 0.263895 0.745719
vt 0.263923 0.306723
vt 0.263995 0.507359
vt 0.264017 0.449196
vt 0.264456 0.546650
vt 0.264707 0.808109
vt 0.264915 0.553429
vt 0.264969 0.610170
vt 0.265038 0.644206
vt 0.265291 0.705471
vt 0.265468 0.762494
vt 0.265730 0.297430
vt 0.265821 0.495658
vt 0.265871 0.420234
vt 0.265896 0.649223
vt 0.265921 0.061228
vt 0.266008 0.432181
vt 0.266011 0.799712
vt 0.266028 0.563409
vt 0.266081 0.289153
vt 0.266142 0.569870
vt 0.266208 0.030210
vt 0.266264 0.478275
vt 0.266310 0.438446
vt 0.266330 0.727077
vt 0.266968 0.337949
vt 0.266998 0.789265
vt 0.267105 0.362623
vt 0.267311 0.250819
vt 0.267637 0.024013
vt 0.267784 0.617851
vt 0.267841 0.775466
vt 0.267854 0.442694
vt 0.268207 0.485203
vt 0.268326 0.669918
vt 0.268400 0.637419
vt 0.268433 0.272081
vt 0.268499 0.027434
vt 0.268546 0.071995
vt 0.268647 0.698622
vt 0.268873 0.750240
vt 0.268939 0.742387
vt 0.269116 0.459938
vt 0.269197 0.701688
vt 0.269202 0.656602
vt 0.269211 0.604734
vt 0.269237 0.524822
vt 0.269574 0.557831
vt 0.269742 0.805599
vt 0.270080 0.023228
vt 0.270106 0.563837
vt 0.270126 0.411383
vt 0.270208 0.165735
vt 0.270278 0.711017
vt 0.270298 0.210818
vt 0.270329 0.026193
vt 0.270561 0.438535
vt 0.270565 0.578700
vt 0.270795 0.735522
vt 0.270874 0.035376
vt 0.270928 0.230483
vt 0.271032 0.448849
vt 0.271315 0.801409
vt 0.271658 0.814188
vt 0.271718 0.589625
vt 0.271767 0.623486
vt 0.271826 0.512171
vt 0.272414 0.549906
vt 0.272546 0.718811
vt 0.272810 0.631862
vt 0.272811 0.541892
vt 0.272977 0.616644
vt 0.273047 0.795060
vt 0.273071 0.128616
vt 0.273106 0.474606
vt 0.273369 0.646355
vt 0.273531 0.533803
vt 0.273539 0.599338
vt 0.273541 0.442393
vt 0.273556 0.805771
vt 0.273872 0.677837
vt 0.273904 0.049562
vt 0.274005 0.031641
vt 0.274127 0.786719
vt 0.274168 0.560326
vt 0.274251 0.500861
vt 0.274296 0.310858
vt 0.274401 0.301077
vt 0.274512 0.423938
vt 0.274829 0.779175
vt 0.274940 0.177018
vt 0.274940 0.321525
vt 0.275171 0.703181
vt 0.275445 0.567898
vt 0.275504 0.765729
vt 0.275511 0.756443
vt 0.275830 0.387417
vt 0.275832 0.114798
vt 0.275834 0.609176
vt 0.276315 0.028274
vt 0.276358 0.491621
vt 0.276655 0.718777
vt 0.276733 0.706852
vt 0.277142 0.638639
vt 0.277154 0.435808
vt 0.277288 0.229830
vt 0.277325 0.671219
vt 0.277355 0.799772
vt 0.277605 0.237639
vt 0.277678 0.483565
vt 0.277833 0.165893
vt 0.278085 0.407180
vt 0.278149 0.518462
vt 0.278174 0.725445
vt 0.278236 0.098556
vt 0.278378 0.713762
vt 0.278389 0.554934
vt 0.278391 0.789350
vt 0.278417 0.412472
vt 0.278620 0.746654
vt 0.279039 0.041009
vt 0.279222 0.806582
vt 0.279373 0.449239
vt 0.279665 0.219654
vt 0.279746 0.583460
vt 0.279794 0.651752
vt 0.279961 0.575131
vt 0.279979 0.917963
vt 0.280055 0.667337
vt 0.280058 0.190598
vt 0.280164 0.527844
vt 0.280225 0.781249
vt 0.280249 0.592867
vt 0.280317 0.630692
vt 0.280356 0.286755
vt 0.280381 0.375413
vt 0.280407 0.312606
vt 0.280602 0.261778
vt 0.280651 0.507306
vt 0.280715 0.036319
vt 0.280753 0.500276
vt 0.281018 0.660370
vt 0.281164 0.793210
vt 0.281257 0.561303
vt 0.281368 0.465846
vt 0.281402 0.495397
vt 0.281420 0.643862
vt 0.281645 0.770398
vt 0.281659 0.417027
vt 0.281877 0.246324
vt 0.281957 0.601592
vt 0.282139 0.355707
vt 0.282280 0.547319
vt 0.282472 0.228790
vt 0.282534 0.148642
vt 0.282843 0.409611
vt 0.283058 0.025115
vt 0.283122 0.537631
vt 0.283331 0.521773
vt 0.283409 0.477506
vt 0.283418 0.125341
vt 0.283619 0.619958
vt 0.283821 0.737897
vt 0.283826 0.456621
vt 0.283904 0.785590
vt 0.283979 0.253360
vt 0.284188 0.758766
vt 0.284211 0.980690
vt 0.284273 0.927598
vt 0.284376 0.168018
vt 0.284424 0.032495
vt 0.284618 0.810363
vt 0.284861 0.743018
vt 0.284877 0.951854
vt 0.284930 0.250192
vt 0.285151 0.568891
vt 0.285413 0.515711
vt 0.285430 0.531224
vt 0.285441 0.638810
vt 0.285461 0.719912
vt 0.285477 0.675212
vt 0.285539 0.609370
vt 0.285613 0.401368
vt 0.285814 0.426497
vt 0.286075 0.779446
vt 0.286125 0.890905
vt 0.286132 0.562213
vt 0.286240 0.689330
vt 0.286323 0.437530
vt 0.286523 0.072493
vt 0.286523 0.773495
vt 0.286757 0.272831
vt 0.287033 0.111555
vt 0.287067 0.881882
vt 0.287152 0.799411
vt 0.287262 0.472512
vt 0.287422 0.595200
vt 0.287473 0.742058
vt 0.287529 0.336248
vt 0.287538 0.460367
vt 0.287778 0.487589
vt 0.287852 0.524611
vt 0.287910 0.667119
vt 0.287917 0.647923
vt 0.288029 0.654989
vt 0.288161 0.577772
vt 0.288266 0.178306
vt 0.288334 0.498079
vt 0.288464 0.319763
vt 0.288525 0.444418
vt 0.288780 0.452696
vt 0.288878 0.767149
vt 0.288893 0.726194
vt 0.288920 0.235022
vt 0.288926 0.410302
vt 0.288940 0.965292
vt 0.289196 0.201071
vt 0.289300 0.732989
vt 0.289464 0.782776
vt 0.289665 0.507377
vt 0.289691 0.247819
vt 0.289946 0.556393
vt 0.289985 0.631372
vt 0.290104 0.745259
vt 0.290213 0.904841
vt 0.290242 0.988409
vt 0.290285 0.587064
vt 0.290307 0.218493
vt 0.290568 0.775928
vt 0.290629 0.789050
vt 0.290783 0.739469
vt 0.290808 0.417585
vt 0.291010 0.972822
vt 0.291289 0.187428
vt 0.291725 0.053588
vt 0.291743 0.602595
vt 0.291775 0.478134
vt 0.291801 0.468522
vt 0.291815 0.303485
vt 0.291966 0.953859
vt 0.292101 0.371907
vt 0.292429 0.769300
vt 0.292670 0.398411
vt 0.292758 0.515769
vt 0.292911 0.921581
vt 0.292945 0.565068
vt 0.293101 0.534082
vt 0.293122 0.571428
vt 0.293375 0.431141
vt 0.293384 0.662089
vt 0.293496 0.042171
vt 0.293530 0.940021
vt 0.293532 0.890728
vt 0.293830 0.545560
vt 0.294089 0.872942
vt 0.294166 0.641780
vt 0.294308 0.438376
vt 0.294330 0.594677
vt 0.294393 0.034085
vt 0.294538 0.445661
vt 0.294688 0.459718
vt 0.294726 0.613501
vt 0.294797 0.801971
vt 0.295487 0.781292
vt 0.295591 0.979586
vt 0.295731 0.452030
vt 0.295733 0.524070
vt 0.295849 0.258510
vt 0.295857 0.762632
vt 0.295889 0.315615
vt 0.295893 0.793910
vt 0.296030 0.190334
vt 0.296086 0.283945
vt 0.296181 0.404542
vt 0.296369 0.412204
vt 0.296392 0.350843
vt 0.296684 0.624634
vt 0.296722 0.098296
vt 0.296855 0.508183
vt 0.296903 0.393725
vt 0.297087 0.501031
vt 0.297366 0.742608
vt 0.297534 0.752029
vt 0.297819 0.696032
vt 0.297915 0.973807
vt 0.298026 0.774070
vt 0.298449 0.883305
vt 0.298478 0.606513
vt 0.298481 0.767475
vt 0.298726 0.673683
vt 0.298804 0.732993
vt 0.298857 0.787575
vt 0.298975 0.530159
vt 0.299192 0.271471
vt 0.299222 0.652809
vt 0.299248 0.561185
vt 0.299256 0.540490
vt 0.299297 0.492330
vt 0.299751 0.420580
vt 0.299787 0.327408
vt 0.299792 0.021052
vt 0.299889 0.578637
vt 0.299978 0.388643
vt 0.300044 0.440767
vt 0.300084 0.535258
vt 0.300132 0.466671
vt 0.300161 0.448027
vt 0.300174 0.964948
vt 0.300214 0.122865
vt 0.300303 0.568417
vt 0.300443 0.635326
vt 0.300565 0.950350
vt 0.300575 0.757065
vt 0.300616 0.474654
vt 0.300837 0.407337
vt 0.300842 0.483172
vt 0.301021 0.453908
vt 0.301057 0.460579
vt 0.301373 0.397582
vt 0.301425 0.223185
vt 0.301441 0.206549
vt 0.301608 0.193972
vt 0.301613 0.241449
vt 0.301636 0.182069
vt 0.301671 0.599887
vt 0.301802 0.515688
vt 0.301805 0.894358
vt 0.301898 0.985200
vt 0.302109 0.431204
vt 0.302172 0.164476
vt 0.302186 0.589614
vt 0.302437 0.877322
vt 0.302536 0.524482
vt 0.302550 0.761119
vt 0.302773 0.709397
vt 0.303236 0.443470
vt 0.303365 0.391662
vt 0.303437 0.504753
vt 0.303534 0.628143
vt 0.304018 0.410717
vt 0.304086 0.975975
vt 0.304150 0.539394
vt 0.304185 0.497205
vt 0.304296 0.661627
vt 0.304367 0.780046
vt 0.304555 0.792149
vt 0.304789 0.312914
vt 0.304838 0.685730
vt 0.304958 0.643918
vt 0.304980 0.265443
vt 0.304994 0.769800
vt 0.305014 0.925320
vt 0.305052 0.554039
vt 0.305344 0.742780
vt 0.305545 0.545059
vt 0.305722 0.621051
vt 0.305789 0.532170
vt 0.306172 0.609851
vt 0.306227 0.051292
vt 0.306347 0.463343
vt 0.306367 0.870885
vt 0.306483 0.570699
vt 0.306615 0.385193
vt 0.306713 0.912720
vt 0.306855 0.884417
vt 0.306856 0.493492
vt 0.306911 0.438620
vt 0.306946 0.197634
vt 0.306986 0.752105
vt 0.307243 0.638479
vt 0.307250 0.447101
vt 0.307393 0.656471
vt 0.307488 0.041819
vt 0.307542 0.563476
vt 0.307588 0.402912
vt 0.307869 0.595240
vt 0.307975 0.456750
vt 0.308243 0.583622
vt 0.308639 0.470516
vt 0.308671 0.345388
vt 0.308919 0.332782
vt 0.308974 0.634458
vt 0.309355 0.143783
vt 0.309412 0.762086
vt 0.309899 0.479308
vt 0.310090 0.422923
vt 0.310143 0.510099
vt 0.310155 0.992010
vt 0.310327 0.377990
vt 0.310543 0.980707
vt 0.310685 0.954325
vt 0.310871 0.576239
vt 0.311090 0.940147
vt 0.311173 0.296315
vt 0.311285 0.211620
vt 0.311298 0.066245
vt 0.311304 0.860460
vt 0.311311 0.659058
vt 0.311385 0.201658
vt 0.311509 0.488397
vt 0.311542 0.274730
vt 0.311774 0.638069
vt 0.311906 0.532103
vt 0.312189 0.523286
vt 0.312204 0.539248
vt 0.312246 0.627406
vt 0.312292 0.429870
vt 0.312432 0.601297
vt 0.312512 0.775209
vt 0.312513 0.917957
vt 0.312661 0.499566
vt 0.312695 0.784428
vt 0.312721 0.253570
vt 0.312796 0.617965
vt 0.312852 0.591404
vt 0.312890 0.391344
vt 0.312908 0.107041
vt 0.313047 0.323583
vt 0.313105 0.970842
vt 0.313431 0.084459
vt 0.313439 0.767215
vt 0.313518 0.666838
vt 0.313727 0.895598
vt 0.314276 0.567469
vt 0.314329 0.708027
vt 0.314542 0.437816
vt 0.314672 0.188474
vt 0.314736 0.548249
vt 0.314785 0.515748
vt 0.314996 0.463119
vt 0.315060 0.074213
vt 0.315125 0.676307
vt 0.315181 0.610476
vt 0.315234 0.653020
vt 0.315235 0.642955
vt 0.315620 0.368609
vt 0.315666 0.411233
vt 0.315690 0.582569
vt 0.315858 0.881678
vt 0.315898 0.380588
vt 0.315984 0.660748
vt 0.316032 0.333781
vt 0.316171 0.371950
vt 0.316414 0.173364
vt 0.316414 0.635384
vt 0.316920 0.313379
vt 0.317006 0.924831
vt 0.317135 0.622752
vt 0.317278 0.225508
vt 0.317329 0.557214
vt 0.317498 0.697779
vt 0.317670 0.986161
vt 0.317767 0.494138
vt 0.317899 0.449232
vt 0.317956 0.867940
vt 0.317988 0.977540
vt 0.318236 0.509351
vt 0.318263 0.024986
vt 0.318534 0.716095
vt 0.318635 0.483597
vt 0.318900 0.474520
vt 0.319084 0.532900
vt 0.319172 0.683822
vt 0.319496 0.430586
vt 0.319511 0.856813
vt 0.319661 0.440624
vt 0.319828 0.038860
vt 0.319857 0.588987
vt 0.319917 0.596182
vt 0.319945 0.771120
vt 0.320037 0.616271
vt 0.320040 0.574079
vt 0.320045 0.992009
vt 0.320066 0.390025
vt 0.320133 0.074717
vt 0.320583 0.606296
vt 0.320818 0.124623
vt 0.321186 0.910064
vt 0.321247 0.396334
vt 0.321265 0.435050
vt 0.321368 0.517048
vt 0.321833 0.957637
vt 0.322269 0.971181
vt 0.322312 0.382453
vt 0.322338 0.541499
vt 0.322494 0.490969
vt 0.322740 0.054958
vt 0.322775 0.421211
vt 0.322957 0.946756
vt 0.323336 0.177294
vt 0.323555 0.660959
vt 0.323619 0.467683
vt 0.323715 0.664485
vt 0.323719 0.627972
vt 0.323836 0.241606
vt 0.323882 0.563963
vt 0.323889 0.582670
vt 0.323956 0.720702
vt 0.323980 0.259656
vt 0.324043 0.368020
vt 0.324075 0.679001
vt 0.324112 0.648390
vt 0.324299 0.500658
vt 0.324402 0.202304
vt 0.324430 0.711422
vt 0.324913 0.458783
vt 0.325026 0.659600
vt 0.325084 0.640173
vt 0.325137 0.847519
vt 0.325152 0.526140
vt 0.325204 0.549347
vt 0.325241 0.441081
vt 0.325256 0.139672
vt 0.325309 0.516527
vt 0.325588 0.932072
vt 0.325966 0.601334
vt 0.326293 0.860258
vt 0.326396 0.387599
vt 0.326415 0.962900
vt 0.326483 0.875794
vt 0.326741 0.893680
vt 0.326783 0.299770
vt 0.326856 0.591089
vt 0.326934 0.067719
vt 0.326999 0.157350
vt 0.327040 0.450456
vt 0.327058 0.576030
vt 0.327293 0.430962
vt 0.327436 0.556579
vt 0.327479 0.411684
vt 0.327490 0.983299
vt 0.327810 0.674082
vt 0.327812 0.569536
vt 0.327917 0.511799
vt 0.328050 0.519152
vt 0.328260 0.612329
vt 0.328318 0.917372
vt 0.328366 0.281329
vt 0.328493 0.474600
vt 0.328735 0.352444
vt 0.328848 0.104145
vt 0.328967 0.171707
vt 0.329065 0.842088
vt 0.329219 0.494710
vt 0.329356 0.485653
vt 0.329678 0.535765
vt 0.329709 0.683316
vt 0.329735 0.655712
vt 0.329964 0.245823
vt 0.330084 0.971403
vt 0.330665 0.543891
vt 0.330702 0.402174
vt 0.330937 0.234522
vt 0.331014 0.378165
vt 0.331162 0.045274
vt 0.331236 0.581747
vt 0.331390 0.995044
vt 0.331435 0.291255
vt 0.331549 0.224333
vt 0.331584 0.081138
vt 0.331688 0.664266
vt 0.331816 0.505875
vt 0.331946 0.181617
vt 0.332038 0.500587
vt 0.332215 0.437229
vt 0.332215 0.466253
vt 0.332567 0.524182
vt 0.332679 0.479196
vt 0.332944 0.446295
vt 0.333014 0.599145
vt 0.333138 0.529528
vt 0.333180 0.354252
vt 0.333229 0.212040
vt 0.333304 0.030832
vt 0.333407 0.909545
vt 0.333408 0.962483
vt 0.333597 0.952385
vt 0.333790 0.649421
vt 0.333843 0.706677
vt 0.333912 0.851890
vt 0.333974 0.874500
vt 0.334060 0.863859
vt 0.334080 0.732693
vt 0.334106 0.456488
vt 0.334421 0.407734
vt 0.334723 0.389130
vt 0.334805 0.415214
vt 0.334866 0.239987
vt 0.334880 0.203648
vt 0.335107 0.638580
vt 0.335193 0.827233
vt 0.335213 0.573418
vt 0.335224 0.589328
vt 0.335263 0.624859
vt 0.335436 0.924756
vt 0.335482 0.884829
vt 0.335485 0.550369
vt 0.335762 0.692379
vt 0.335825 0.718069
vt 0.336049 0.474479
vt 0.336055 0.509728
vt 0.336163 0.495880
vt 0.336280 0.935796
vt 0.336341 0.431278
vt 0.336424 0.255862
vt 0.336431 0.424031
vt 0.336650 0.561681
vt 0.336819 0.517057
vt 0.336917 0.367602
vt 0.336920 0.435830
vt 0.337032 0.916109
vt 0.337089 0.462782
vt 0.337470 0.844761
vt 0.337820 0.228822
vt 0.337983 0.503213
vt 0.338162 0.899711
vt 0.338166 0.441331
vt 0.338386 0.482074
vt 0.338417 0.331677
vt 0.338464 0.682522
vt 0.338525 0.534061
vt 0.338845 0.217240
vt 0.338962 0.403643
vt 0.339172 0.194240
vt 0.339381 0.203193
vt 0.339404 0.709692
vt 0.339495 0.128123
vt 0.339614 0.168781
vt 0.339656 0.489708
vt 0.339837 0.449830
vt 0.339938 0.467866
vt 0.340338 0.396156
vt 0.340370 0.408570
vt 0.340502 0.869357
vt 0.340824 0.877922
vt 0.340925 0.541614
vt 0.341042 0.804507
vt 0.341160 0.660315
vt 0.341191 0.857959
vt 0.341225 0.526460
vt 0.341240 0.209399
vt 0.341373 0.593556
vt 0.341491 0.699121
vt 0.341664 0.974879
vt 0.341665 0.360235
vt 0.341929 0.429496
vt 0.341942 0.957410
vt 0.342010 0.581755
vt 0.342227 0.269375
vt 0.342510 0.459669
vt 0.342614 0.241228
vt 0.343199 0.610171
vt 0.343212 0.377173
vt 0.343273 0.352031
vt 0.343821 0.435853
vt 0.343894 0.444410
vt 0.343927 0.674248
vt 0.343935 0.912016
vt 0.343958 0.415311
vt 0.344180 0.992205
vt 0.344256 0.211953
vt 0.344527 0.725505
vt 0.344595 0.508772
vt 0.344632 0.215876
vt 0.344825 0.197974
vt 0.344890 0.475755
vt 0.344936 0.651266
vt 0.345136 0.498060
vt 0.345145 0.152819
vt 0.345222 0.933834
vt 0.345270 0.570379
vt 0.345434 0.888978
vt 0.345445 0.922939
vt 0.345471 0.183290
vt 0.345898 0.851310
vt 0.346081 0.299177
vt 0.346181 0.408313
vt 0.346655 0.534180
vt 0.346701 0.203359
vt 0.346855 0.466808
vt 0.346878 0.866121
vt 0.346911 0.357047
vt 0.346981 0.734968
vt 0.347041 0.227162
vt 0.347246 0.400415
vt 0.347537 0.875711
vt 0.347556 0.826669
vt 0.347577 0.254639
vt 0.347577 0.210767
vt 0.347701 0.517683
vt 0.347758 0.425803
vt 0.347764 0.060958
vt 0.347769 0.486971
vt 0.347804 0.943885
vt 0.347913 0.412762
vt 0.347951 0.098220
vt 0.348183 0.688488
vt 0.348261 0.366196
vt 0.348397 0.452291
vt 0.348516 0.730096
vt 0.349098 0.460565
vt 0.349250 0.634892
vt 0.349308 0.443475
vt 0.349342 0.409889
vt 0.349845 0.551006
vt 0.349992 0.718088
vt 0.350025 0.192485
vt 0.350216 0.661065
vt 0.350475 0.953162
vt 0.350519 0.577320
vt 0.350695 0.561757
vt 0.351272 0.172017
vt 0.351370 0.238283
vt 0.351390 0.351142
vt 0.351603 0.405513
vt 0.351619 0.982532
vt 0.351664 0.964000
vt 0.351676 0.388332
vt 0.351737 0.903939
vt 0.351888 0.526425
vt 0.351986 0.415581
vt 0.351994 0.479922
vt 0.352123 0.503448
vt 0.352264 0.447734
vt 0.352361 0.915216
vt 0.352486 0.471960
vt 0.352526 0.668181
vt 0.352537 0.861961
vt 0.352552 0.205357
vt 0.352581 0.933077
vt 0.352680 0.881782
vt 0.353076 0.465428
vt 0.353279 0.540108
vt 0.353288 0.218229
vt 0.353289 0.375260
vt 0.353432 0.510616
vt 0.353720 0.971970
vt 0.354084 0.232184
vt 0.354164 0.198981
vt 0.354435 0.235753
vt 0.354484 0.872713
vt 0.354501 0.358684
vt 0.354531 0.024005
vt 0.354596 0.727801
vt 0.354630 0.436730
vt 0.354697 0.445079
vt 0.354921 0.184510
vt 0.354931 0.496514
vt 0.355102 0.588743
vt 0.355231 0.191530
vt 0.355242 0.532781
vt 0.355245 0.458578
vt 0.355293 0.682146
vt 0.355348 0.736443
vt 0.355382 0.135878
vt 0.355436 0.983297
vt 0.355441 0.226552
vt 0.355711 0.149879
vt 0.355766 0.346964
vt 0.356022 0.119577
vt 0.356136 0.988998
vt 0.356443 0.914460
vt 0.356496 0.420954
vt 0.356557 0.450988
vt 0.356625 0.428172
vt 0.356637 0.790789
vt 0.356692 0.291460
vt 0.357108 0.204579
vt 0.357302 0.967766
vt 0.357464 0.828070
vt 0.357483 0.954404
vt 0.357504 0.711440
vt 0.357552 0.977977
vt 0.357748 0.517391
vt 0.357856 0.176314
vt 0.357930 0.164565
vt 0.357987 0.487508
vt 0.357999 0.569692
vt 0.358061 0.209885
vt 0.358234 0.231220
vt 0.358474 0.477785
vt 0.358552 0.889428
vt 0.358599 0.848257
vt 0.358848 0.398933
vt 0.358904 0.352830
vt 0.358962 0.921616
vt 0.359123 0.408209
vt 0.359391 0.688130
vt 0.359499 0.676673
vt 0.359650 0.658662
vt 0.360082 0.984043
vt 0.360141 0.549961
vt 0.360231 0.943456
vt 0.360452 0.818139
vt 0.360462 0.392325
vt 0.360489 0.202988
vt 0.360588 0.525855
vt 0.360716 0.998736
vt 0.360723 0.154308
vt 0.360753 0.318438
vt 0.360841 0.366658
vt 0.360883 0.415169
vt 0.361033 0.467108
vt 0.361117 0.698305
vt 0.361298 0.543893
vt 0.361430 0.932290
vt 0.361549 0.174006
vt 0.361743 0.614816
vt 0.361773 0.444893
vt 0.361977 0.555427
vt 0.362219 0.723855
vt 0.362225 0.105003
vt 0.362244 0.962882
vt 0.362315 0.670534
vt 0.362344 0.506144
vt 0.362436 0.914187
vt 0.362457 0.377943
vt 0.362480 0.193655
vt 0.362617 0.876592
vt 0.362856 0.217945
vt 0.362944 0.356383
vt 0.362948 0.867874
vt 0.362959 0.169126
vt 0.363386 0.239346
vt 0.363445 0.424507
vt 0.363477 0.086398
vt 0.363485 0.496303
vt 0.363671 0.520411
vt 0.363702 0.337285
vt 0.363737 0.435398
vt 0.364086 0.953882
vt 0.364147 0.533964
vt 0.364271 0.483128
vt 0.364281 0.182074
vt 0.364572 0.456318
vt 0.364788 0.981706
vt 0.364879 0.828889
vt 0.364898 0.150751
vt 0.365082 0.683624
vt 0.365165 0.988200
vt 0.365192 0.903639
vt 0.365480 0.515293
vt 0.365693 0.548133
vt 0.365795 0.429224
vt 0.365988 0.387766
vt 0.366081 0.476157
vt 0.366195 0.734934
vt 0.366348 0.161506
vt 0.366473 0.926880
vt 0.366486 0.118047
vt 0.366875 0.136035
vt 0.367192 0.674443
vt 0.367239 0.972044
vt 0.367288 0.201230
vt 0.367363 0.418690
vt 0.367499 0.229336
vt 0.368015 0.172712
vt 0.368151 0.491449
vt 0.368193 0.920593
vt 0.368516 0.209441
vt 0.368905 0.255073
vt 0.369001 0.947278
vt 0.369041 0.915673
vt 0.369058 0.691452
vt 0.369104 0.469970
vt 0.369195 0.678395
vt 0.369321 0.394592
vt 0.369434 0.521981
vt 0.369562 0.411187
vt 0.369631 0.885021
vt 0.369954 0.842842
vt 0.370033 0.895285
vt 0.370059 0.815839
vt 0.370120 0.686640
vt 0.370139 0.462997
vt 0.370219 0.449346
vt 0.370392 0.862249
vt 0.370457 0.560943
vt 0.370489 0.935429
vt 0.370564 0.540604
vt 0.370647 0.372184
vt 0.370822 0.153647
vt 0.370994 0.683375
vt 0.371103 0.573366
vt 0.371240 0.800454
vt 0.371601 0.441641
vt 0.371645 0.642026
vt 0.371690 0.672419
vt 0.371741 0.994902
vt 0.371781 0.143528
vt 0.371968 0.709550
vt 0.372184 0.483845
vt 0.372252 0.104833
vt 0.372317 0.902925
vt 0.372335 0.190976
vt 0.372338 0.360993
vt 0.372340 0.876739
vt 0.372468 0.065415
vt 0.372532 0.201100
vt 0.372551 0.925370
vt 0.372615 0.278215
vt 0.372706 0.921461
vt 0.372711 0.956380
vt 0.372841 0.425189
vt 0.372856 0.126287
vt 0.373000 0.475609
vt 0.373092 0.432731
vt 0.373189 0.728370
vt 0.373241 0.082605
vt 0.373246 0.044467
vt 0.373358 0.511686
vt 0.373473 0.500784
vt 0.373501 0.454975
vt 0.373688 0.719865
vt 0.373805 0.965275
vt 0.373844 0.114627
vt 0.373858 0.549444
vt 0.374432 0.163486
vt 0.374497 0.181660
vt 0.374609 0.415553
vt 0.374737 0.402564
vt 0.375277 0.381978
vt 0.375310 0.218684
vt 0.375316 0.783442
vt 0.375367 0.702315
vt 0.375645 0.209370
vt 0.375738 0.825363
vt 0.376033 0.135566
vt 0.376449 0.983427
vt 0.376504 0.679967
vt 0.376513 0.687436
vt 0.376610 0.420078
vt 0.376660 0.390129
vt 0.377095 0.172765
vt 0.377216 0.468981
vt 0.377234 0.491785
vt 0.377302 0.094775
vt 0.377362 0.593633
vt 0.377465 0.396335
vt 0.377549 0.930779
vt 0.377553 0.460817
vt 0.377556 0.530244
vt 0.377684 0.694922
vt 0.377879 0.353823
vt 0.377921 0.917877
vt 0.378037 0.563982
vt 0.378289 0.841084
vt 0.378512 0.204761
vt 0.378589 0.486768
vt 0.378966 0.872593
vt 0.379049 0.854993
vt 0.379061 0.674393
vt 0.379073 0.887677
vt 0.379108 0.900232
vt 0.379108 0.087677
vt 0.379165 0.143116
vt 0.379189 0.879831
vt 0.379493 0.197828
vt 0.379522 0.736636
vt 0.379540 0.972664
vt 0.379564 0.455771
vt 0.379683 0.418533
vt 0.379721 0.618389
vt 0.379790 0.438849
vt 0.379809 0.386286
vt 0.379811 0.664806
vt 0.379813 0.425000
vt 0.379818 0.074865
vt 0.379873 0.943621
vt 0.380067 0.155129
vt 0.380151 0.431015
vt 0.380196 0.104151
vt 0.380270 0.137047
vt 0.380353 0.448740
vt 0.380448 0.336894
vt 0.380672 0.346726
vt 0.380700 0.125586
vt 0.380995 0.518400
vt 0.381093 0.556678
vt 0.381148 0.412788
vt 0.381411 0.539697
vt 0.381451 0.806787
vt 0.381763 0.686968
vt 0.382023 0.680802
vt 0.382160 0.134740
vt 0.382299 0.479397
vt 0.382323 0.373350
vt 0.382848 0.833059
vt 0.382979 0.548257
vt 0.383076 0.962780
vt 0.383171 0.463926
vt 0.383416 0.362800
vt 0.383448 0.166864
vt 0.383522 0.694187
vt 0.383569 0.396752
vt 0.383570 0.955002
vt 0.384061 0.427421
vt 0.384199 0.994515
vt 0.384257 0.507993
vt 0.384294 0.532486
vt 0.384357 0.930098
vt 0.384519 0.489443
vt 0.384545 0.775598
vt 0.384579 0.420863
vt 0.384610 0.787019
vt 0.384766 0.113749
vt 0.384824 0.138788
vt 0.384905 0.702584
vt 0.385056 0.192690
vt 0.385180 0.387173
vt 0.385539 0.677100
vt 0.385543 0.731243
vt 0.385690 0.457586
vt 0.386059 0.470953
vt 0.386062 0.881283
vt 0.386178 0.441826
vt 0.386340 0.145695
vt 0.386491 0.845591
vt 0.386790 0.568870
vt 0.386926 0.821528
vt 0.387137 0.498072
vt 0.387303 0.977979
vt 0.387410 0.909261
vt 0.387527 0.445715
vt 0.387980 0.425492
vt 0.387993 0.433905
vt 0.388319 0.098698
vt 0.388529 0.160684
vt 0.388540 0.867630
vt 0.388741 0.355685
vt 0.388835 0.021882
vt 0.389003 0.692189
vt 0.389027 0.544001
vt 0.389039 0.717587
vt 0.389040 0.327041
vt 0.389249 0.525757
vt 0.389532 0.986282
vt 0.389768 0.937662
vt 0.389882 0.686279
vt 0.390245 0.450541
vt 0.390390 0.604000
vt 0.390397 0.968861
vt 0.390411 0.775795
vt 0.390493 0.535927
vt 0.390544 0.151993
vt 0.390845 0.405292
vt 0.390846 0.897082
vt 0.391119 0.553672
vt 0.391173 0.993295
vt 0.391359 0.417763
vt 0.391423 0.084682
vt 0.391441 0.831324
vt 0.391524 0.128965
vt 0.391554 0.948058
vt 0.391664 0.184734
vt 0.391887 0.515241
vt 0.392111 0.395110
vt 0.392141 0.653472
vt 0.392147 0.485010
vt 0.392183 0.923010
vt 0.392187 0.996686
vt 0.392235 0.117057
vt 0.392237 0.465342
vt 0.392258 0.681893
vt 0.392326 0.959601
vt 0.392404 0.389956
vt 0.392510 0.807307
vt 0.392600 0.685580
vt 0.392730 0.491754
vt 0.392736 0.141293
vt 0.392831 0.343015
vt 0.392850 0.443597
vt 0.392912 0.634974
vt 0.393195 0.107394
vt 0.393243 0.709054
vt 0.393310 0.793509
vt 0.393317 0.382519
vt 0.393912 0.853453
vt 0.394041 0.701083
vt 0.394201 0.426761
vt 0.394421 0.693601
vt 0.394642 0.506061
vt 0.395156 0.318431
vt 0.395236 0.672932
vt 0.395640 0.817995
vt 0.395710 0.747588
vt 0.396006 0.413075
vt 0.396045 0.370361
vt 0.396090 0.618846
vt 0.396108 0.877090
vt 0.396245 0.457920
vt 0.396349 0.975140
vt 0.396355 0.561896
vt 0.397015 0.910722
vt 0.397034 0.996232
vt 0.397104 0.435915
vt 0.397291 0.476333
vt 0.397303 0.781486
vt 0.397388 0.989513
vt 0.397489 0.981238
vt 0.397624 0.840743
vt 0.397631 0.390206
vt 0.397733 0.681805
vt 0.397754 0.767467
vt 0.398094 0.861721
vt 0.398099 0.451020
vt 0.398290 0.687752
vt 0.398357 0.463360
vt 0.398412 0.531270
vt 0.398552 0.397520
vt 0.398785 0.497821
vt 0.398848 0.106097
vt 0.399177 0.032067
vt 0.399225 0.409307
vt 0.399383 0.520386
vt 0.399436 0.586011
vt 0.399544 0.543583
vt 0.399631 0.467595
vt 0.400032 0.357096
vt 0.400065 0.093339
vt 0.400065 0.119381
vt 0.400065 0.172125
vt 0.400312 0.512170
vt 0.400533 0.403574
vt 0.400607 0.889080
vt 0.400788 0.329876
vt 0.400813 0.808474
vt 0.400863 0.796906
vt 0.400997 0.430216
vt 0.401682 0.789094
vt 0.402131 0.445687
vt 0.402150 0.489167
vt 0.402236 0.418734
vt 0.402268 0.869550
vt 0.402424 0.051789
vt 0.402463 0.966442
vt 0.402551 0.436548
vt 0.402749 0.096458
vt 0.402805 0.382857
vt 0.403107 0.823267
vt 0.403340 0.937861
vt 0.403368 0.851295
vt 0.403403 0.877674
vt 0.403504 0.084939
vt 0.403709 0.462586
vt 0.403747 0.374972
vt 0.403775 0.695881
vt 0.403805 0.557256
vt 0.403885 0.883274
vt 0.403891 0.344322
vt 0.403972 0.568711
vt 0.403988 0.392341
vt 0.404222 0.954036
vt 0.404718 0.505892
vt 0.404942 0.985976
vt 0.404958 0.642421
vt 0.405150 0.368679
vt 0.405241 0.314659
vt 0.405398 0.911415
vt 0.405508 0.605209
vt 0.405773 0.533731
vt 0.405932 0.921170
vt 0.406033 0.407239
vt 0.406061 0.398518
vt 0.406180 0.994238
vt 0.406483 0.901173
vt 0.406589 0.846737
vt 0.406750 0.711715
vt 0.406753 0.043390
vt 0.406841 0.363589
vt 0.406960 0.525112
vt 0.407209 0.861319
vt 0.407317 0.809019
vt 0.407451 0.051875
vt 0.407650 0.515103
vt 0.407665 0.870617
vt 0.407667 0.779745
vt 0.407798 0.040907
vt 0.407866 0.837621
vt 0.407884 0.356294
vt 0.408085 0.676796
vt 0.408119 0.625325
vt 0.408128 0.960159
vt 0.408134 0.453360
vt 0.408310 0.441285
vt 0.408494 0.086808
vt 0.408503 0.975663
vt 0.408666 0.549315
vt 0.408777 0.040814
vt 0.408785 0.686085
vt 0.408841 0.497971
vt 0.408852 0.702256
vt 0.408888 0.471496
vt 0.409182 0.892550
vt 0.409489 0.735671
vt 0.409786 0.430240
vt 0.409800 0.771725
vt 0.409981 0.658099
vt 0.409993 0.541317
vt 0.410258 0.946404
vt 0.410590 0.881949
vt 0.410706 0.110670
vt 0.410839 0.794889
vt 0.410842 0.692855
vt 0.410960 0.761937
vt 0.411015 0.899250
vt 0.411022 0.491576
vt 0.411032 0.048100
vt 0.411207 0.377669
vt 0.411307 0.365226
vt 0.411511 0.331270
vt 0.411610 0.462951
vt 0.411622 0.866100
vt 0.411625 0.823346
vt 0.411630 0.115284
vt 0.411754 0.028329
vt 0.411782 0.358548
vt 0.411865 0.390616
vt 0.412214 0.421506
vt 0.412435 0.120790
vt 0.412504 0.813161
vt 0.412865 0.896719
vt 0.412987 0.683293
vt 0.413179 0.401430
vt 0.413179 0.484375
vt 0.413585 0.531448
vt 0.413640 0.848498
vt 0.413711 0.348445
vt 0.413728 0.736784
vt 0.413844 0.751576
vt 0.414014 0.555046
vt 0.414251 0.310759
vt 0.414445 0.412448
vt 0.414590 0.359025
vt 0.414855 0.860016
vt 0.415159 0.052363
vt 0.415560 0.118999
vt 0.415595 0.506809
vt 0.415652 0.913001
vt 0.415945 0.946889
vt 0.416071 0.872160
vt 0.416156 0.954657
vt 0.416262 0.741696
vt 0.416291 0.320319
vt 0.416313 0.371064
vt 0.416415 0.548033
vt 0.416544 0.928507
vt 0.416552 0.592157
vt 0.416800 0.893296
vt 0.416802 0.446764
vt 0.417003 0.476802
vt 0.417158 0.552893
vt 0.417231 0.562855
vt 0.417246 0.056023
vt 0.417299 0.964577
vt 0.417337 0.984486
vt 0.417394 0.384050
vt 0.417413 0.675336
vt 0.417596 0.519264
vt 0.417625 0.720971
vt 0.417719 0.456917
vt 0.417835 0.436898
vt 0.417851 0.998046
vt 0.417880 0.900098
vt 0.417944 0.537650
vt 0.418052 0.050141
vt 0.418263 0.093706
vt 0.418407 0.364274
vt 0.418439 0.495531
vt 0.418508 0.576627
vt 0.418597 0.705268
vt 0.418884 0.111295
vt 0.418981 0.686519
vt 0.419321 0.117058
vt 0.419507 0.356977
vt 0.419514 0.695269
vt 0.419528 0.940430
vt 0.419566 0.122541
vt 0.419581 0.744895
vt 0.419636 0.377205
vt 0.419681 0.396956
vt 0.419721 0.775789
vt 0.420056 0.885556
vt 0.420291 0.403586
vt 0.420421 0.339588
vt 0.420699 0.974232
vt 0.420742 0.468003
vt 0.420952 0.104268
vt 0.421084 0.678931
vt 0.421207 0.712827
vt 0.421213 0.314760
vt 0.421374 0.762299
vt 0.421604 0.824905
vt 0.421639 0.639786
vt 0.421711 0.862778
vt 0.421757 0.139429
vt 0.421883 0.488734
vt 0.422125 0.750817
vt 0.422289 0.329259
vt 0.422454 0.552900
vt 0.422753 0.787869
vt 0.422823 0.732724
vt 0.422867 0.390758
vt 0.422917 0.424643
vt 0.422947 0.459301
vt 0.423003 0.667717
vt 0.423284 0.946293
vt 0.423312 0.370352
vt 0.423322 0.320963
vt 0.423653 0.855719
vt 0.423983 0.942923
vt 0.424117 0.869397
vt 0.424194 0.442426
vt 0.424234 0.878563
vt 0.424252 0.626272
vt 0.424488 0.799329
vt 0.424690 0.654043
vt 0.424691 0.511450
vt 0.424995 0.609050
vt 0.425136 0.529023
vt 0.425161 0.383509
vt 0.425459 0.024732
vt 0.425752 0.841888
vt 0.425766 0.362406
vt 0.425806 0.062588
vt 0.425834 0.410659
vt 0.425849 0.480962
vt 0.426197 0.452108
vt 0.426323 0.541792
vt 0.426360 0.305011
vt 0.426416 0.766984
vt 0.426445 0.132004
vt 0.426563 0.710633
vt 0.426618 0.567055
vt 0.426681 0.744767
vt 0.426836 0.934585
vt 0.426861 0.896254
vt 0.426999 0.955622
vt 0.427031 0.376919
vt 0.427055 0.435705
vt 0.427126 0.502751
vt 0.427177 0.350803
vt 0.427326 0.701270
vt 0.427555 0.976176
vt 0.427693 0.752607
vt 0.427802 0.908713
vt 0.427926 0.086135
vt 0.427996 0.941473
vt 0.428181 0.691043
vt 0.428720 0.684196
vt 0.428735 0.675471
vt 0.428766 0.462021
vt 0.428868 0.492920
vt 0.429155 0.557976
vt 0.429316 0.337154
vt 0.429370 0.707314
vt 0.429535 0.400618
vt 0.429585 0.832153
vt 0.429590 0.518157
vt 0.429608 0.863173
vt 0.429622 0.922796
vt 0.429753 0.760307
vt 0.429754 0.470491
vt 0.429808 0.688397
vt 0.430176 0.125810
vt 0.430268 0.985453
vt 0.430316 0.431868
vt 0.430363 0.139061
vt 0.430545 0.317015
vt 0.430729 0.548753
vt 0.430865 0.997795
vt 0.431117 0.588377
vt 0.431226 0.114834
vt 0.431283 0.946768
vt 0.431325 0.094388
vt 0.431344 0.780832
vt 0.431443 0.966002
vt 0.431574 0.873504
vt 0.431782 0.091132
vt 0.431862 0.573788
vt 0.432111 0.370865
vt 0.432220 0.107543
vt 0.432284 0.698009
vt 0.432549 0.390716
vt 0.432554 0.723819
vt 0.432749 0.408838
vt 0.432987 0.659428
vt 0.433109 0.378287
vt 0.433121 0.131540
vt 0.433151 0.565752
vt 0.433181 0.103315
vt 0.433414 0.383012
vt 0.433571 0.444546
vt 0.433614 0.809420
vt 0.433617 0.888043
vt 0.433718 0.743329
vt 0.433973 0.668466
vt 0.434183 0.766006
vt 0.434337 0.327401
vt 0.434583 0.509234
vt 0.434661 0.689573
vt 0.434770 0.533633
vt 0.434807 0.417595
vt 0.434860 0.677849
vt 0.434862 0.361935
vt 0.434892 0.064669
vt 0.434906 0.435697
vt 0.434948 0.733065
vt 0.434983 0.837096
vt 0.435190 0.848851
vt 0.435375 0.916677
vt 0.435393 0.863105
vt 0.435543 0.465565
vt 0.435588 0.058736
vt 0.435643 0.648590
vt 0.435651 0.137622
vt 0.435697 0.754489
vt 0.435734 0.858522
vt 0.436028 0.866085
vt 0.436264 0.793244
vt 0.436305 0.601891
vt 0.436501 0.128012
vt 0.436504 0.824316
vt 0.436716 0.345253
vt 0.436775 0.973348
vt 0.437018 0.631781
vt 0.437137 0.455498
vt 0.437302 0.337622
vt 0.437312 0.697918
vt 0.437357 0.085943
vt 0.437392 0.541485
vt 0.437444 0.040748
vt 0.437663 0.879347
vt 0.437691 0.429285
vt 0.437743 0.133588
vt 0.437756 0.486497
vt 0.438393 0.297138
vt 0.438396 0.353842
vt 0.438417 0.954376
vt 0.438437 0.313999
vt 0.438445 0.550609
vt 0.438535 0.123579
vt 0.438707 0.474992
vt 0.438794 0.906798
vt 0.438839 0.939314
vt 0.438931 0.774110
vt 0.439088 0.708567
vt 0.439257 0.988741
vt 0.439340 0.924747
vt 0.439349 0.559890
vt 0.439492 0.098593
vt 0.439638 0.515503
vt 0.439950 0.523684
vt 0.440401 0.498063
vt 0.440601 0.580672
vt 0.440741 0.872502
vt 0.440902 0.397847
vt 0.440918 0.569739
vt 0.441025 0.137939
vt 0.441240 0.864043
vt 0.441594 0.613701
vt 0.441709 0.782821
vt 0.441741 0.377261
vt 0.441819 0.107404
vt 0.441833 0.448017
vt 0.441894 0.591766
vt 0.442029 0.368384
vt 0.442073 0.918207
vt 0.442083 0.999804
vt 0.442121 0.747631
vt 0.442252 0.132368
vt 0.442498 0.767416
vt 0.442570 0.724353
vt 0.442810 0.062279
vt 0.443073 0.671764
vt 0.443074 0.660250
vt 0.443074 0.336175
vt 0.443110 0.409295
vt 0.443501 0.091389
vt 0.443555 0.812788
vt 0.443865 0.389074
vt 0.444017 0.800987
vt 0.444041 0.832649
vt 0.444046 0.791620
vt 0.444068 0.532998
vt 0.444213 0.977300
vt 0.444350 0.117380
vt 0.444383 0.842611
vt 0.444424 0.464778
vt 0.444764 0.737007
vt 0.444954 0.440056
vt 0.445221 0.053294
vt 0.445275 0.775395
vt 0.445313 0.021654
vt 0.445542 0.697045
vt 0.445729 0.542303
vt 0.445763 0.756120
vt 0.445858 0.048413
vt 0.445966 0.359639
vt 0.446010 0.099354
vt 0.446102 0.488657
vt 0.446302 0.552120
vt 0.446398 0.683782
vt 0.446439 0.432538
vt 0.446491 0.516895
vt 0.446709 0.481016
vt 0.446727 0.964629
vt 0.447022 0.347117
vt 0.447037 0.602493
vt 0.447085 0.855039
vt 0.447120 0.806654
vt 0.447132 0.508775
vt 0.447272 0.783509
vt 0.447580 0.882951
vt 0.447668 0.982871
vt 0.447739 0.472095
vt 0.447794 0.929780
vt 0.447956 0.586374
vt 0.448136 0.424330
vt 0.448302 0.324036
vt 0.448317 0.312826
vt 0.448410 0.823376
vt 0.448445 0.952176
vt 0.448567 0.790481
vt 0.448651 0.648461
vt 0.448671 0.562336
vt 0.448701 0.915976
vt 0.448743 0.126183
vt 0.448856 0.624063
vt 0.449255 0.796141
vt 0.449333 0.900373
vt 0.449418 0.745100
vt 0.449598 0.138823
vt 0.449691 0.988864
vt 0.449940 0.492782
vt 0.450614 0.452523
vt 0.450746 0.594242
vt 0.450756 0.665436
vt 0.450907 0.658512
vt 0.450917 0.342978
vt 0.450984 0.047494
vt 0.451078 0.110406
vt 0.451313 0.297653
vt 0.451326 0.803667
vt 0.451368 0.971569
vt 0.451412 0.337634
vt 0.451678 0.868756
vt 0.451730 0.768455
vt 0.451893 0.085679
vt 0.452199 0.575252
vt 0.452242 0.673972
vt 0.452360 0.434129
vt 0.452764 0.778851
vt 0.453036 0.544264
vt 0.453295 0.611979
vt 0.453333 0.104007
vt 0.453479 0.093999
vt 0.453640 0.602003
vt 0.453824 0.369300
vt 0.453948 0.400758
vt 0.454037 0.811333
vt 0.454056 0.635380
vt 0.454105 0.997431
vt 0.454195 0.725658
vt 0.454269 0.475228
vt 0.454301 0.498467
vt 0.454322 0.118109
vt 0.454386 0.790527
vt 0.454499 0.587099
vt 0.454622 0.835447
vt 0.454690 0.798695
vt 0.454888 0.523703
vt 0.455000 0.484478
vt 0.455063 0.981676
vt 0.455107 0.084439
vt 0.455314 0.976199
vt 0.455385 0.491575
vt 0.455412 0.943899
vt 0.455530 0.506713
vt 0.455614 0.845801
vt 0.455723 0.535737
vt 0.455737 0.464536
vt 0.455913 0.084063
vt 0.455921 0.385476
vt 0.456099 0.307611
vt 0.456160 0.655697
vt 0.456344 0.342548
vt 0.456415 0.595722
vt 0.456521 0.133422
vt 0.456727 0.925010
vt 0.457056 0.441750
vt 0.457215 0.623943
vt 0.457220 0.804769
vt 0.457276 0.513033
vt 0.457347 0.552692
vt 0.457583 0.416952
vt 0.457584 0.988147
vt 0.457886 0.967589
vt 0.457949 0.774854
vt 0.457974 0.563451
vt 0.458267 0.354171
vt 0.458472 0.933984
vt 0.458505 0.679392
vt 0.458528 0.126117
vt 0.458620 0.319103
vt 0.458661 0.744044
vt 0.458854 0.292307
vt 0.458962 0.666013
vt 0.459011 0.083892
vt 0.459140 0.032820
vt 0.459172 0.490093
vt 0.459181 0.110623
vt 0.459778 0.543308
vt 0.459931 0.958710
vt 0.459935 0.300079
vt 0.460075 0.530417
vt 0.460110 0.603477
vt 0.460222 0.080654
vt 0.460275 0.332228
vt 0.460473 0.630458
vt 0.460504 0.646297
vt 0.460542 0.786102
vt 0.461193 0.454969
vt 0.461233 0.448363
vt 0.461291 0.090039
vt 0.461294 0.822616
vt 0.461512 0.891397
vt 0.461561 0.431087
vt 0.461769 0.581662
vt 0.461968 0.996562
vt 0.462069 0.504230
vt 0.462170 0.096768
vt 0.462187 0.613827
vt 0.462199 0.972699
vt 0.462208 0.051125
vt 0.462457 0.635483
vt 0.462643 0.759542
vt 0.462727 0.051311
vt 0.462814 0.964417
vt 0.462826 0.051122
vt 0.463075 0.810803
vt 0.463213 0.592321
vt 0.463226 0.549023
vt 0.463229 0.770490
vt 0.463258 0.472896
vt 0.463284 0.799013
vt 0.463333 0.104309
vt 0.463727 0.910330
vt 0.463797 0.977741
vt 0.463841 0.536072
vt 0.464066 0.118492
vt 0.464086 0.134123
vt 0.464343 0.052239
vt 0.464358 0.719356
vt 0.464400 0.967687
vt 0.464477 0.876748
vt 0.464542 0.833781
vt 0.464567 0.073313
vt 0.464771 0.856317
vt 0.464836 0.842144
vt 0.464858 0.520317
vt 0.464979 0.557862
vt 0.465527 0.375913
vt 0.465629 0.987041
vt 0.465740 0.941925
vt 0.465862 0.330344
vt 0.465894 0.730865
vt 0.466112 0.528945
vt 0.466144 0.304674
vt 0.466224 0.481177
vt 0.466474 0.298030
vt 0.466580 0.780533
vt 0.466590 0.570948
vt 0.466640 0.655099
vt 0.466659 0.385125
vt 0.466812 0.493198
vt 0.466890 0.441616
vt 0.466926 0.542801
vt 0.467015 0.396093
vt 0.467265 0.314702
vt 0.467285 0.992779
vt 0.467319 0.340958
vt 0.467363 0.125182
vt 0.467490 0.963797
vt 0.467548 0.474790
vt 0.467771 0.026557
vt 0.467782 0.450051
vt 0.467867 0.085136
vt 0.467896 0.362912
vt 0.467922 0.326022
vt 0.468097 0.332437
vt 0.468398 0.410067
vt 0.468536 0.624352
vt 0.468538 0.091182
vt 0.468548 0.549404
vt 0.468640 0.996714
vt 0.469065 0.458921
vt 0.469171 0.075729
vt 0.469197 0.286466
vt 0.469284 0.513370
vt 0.469306 0.582362
vt 0.469345 0.807369
vt 0.469368 0.422793
vt 0.469384 0.970065
vt 0.469395 0.766373
vt 0.469529 0.751523
vt 0.470067 0.639695
vt 0.470103 0.088845
vt 0.470140 0.952712
vt 0.470526 0.793022
vt 0.470715 0.930016
vt 0.470847 0.801642
vt 0.470910 0.606982
vt 0.470920 0.846979
vt 0.471346 0.740745
vt 0.472095 0.296937
vt 0.472375 0.990296
vt 0.472414 0.108929
vt 0.472478 0.836735
vt 0.472608 0.350739
vt 0.472646 0.648365
vt 0.472656 0.775317
vt 0.472660 0.098624
vt 0.472837 0.561412
vt 0.473164 0.357076
vt 0.473249 0.433386
vt 0.473418 0.978590
vt 0.473427 0.544986
vt 0.473434 0.763509
vt 0.473514 0.758277
vt 0.473841 0.553746
vt 0.473853 0.388955
vt 0.474038 0.842821
vt 0.474060 0.537093
vt 0.474098 0.469662
vt 0.474272 0.829346
vt 0.474521 0.081709
vt 0.474571 0.817857
vt 0.474580 0.118927
vt 0.474865 0.308327
vt 0.474898 0.380903
vt 0.474991 0.807234
vt 0.475152 0.482720
vt 0.475195 0.282664
vt 0.475203 0.131257
vt 0.475222 0.403393
vt 0.475241 0.943690
vt 0.475435 0.503798
vt 0.475523 0.064025
vt 0.475536 0.088751
vt 0.475593 0.034815
vt 0.475926 0.729474
vt 0.476004 0.523830
vt 0.476192 0.492631
vt 0.476215 0.040770
vt 0.476221 0.655684
vt 0.476431 0.800299
vt 0.476441 0.769994
vt 0.476597 0.417824
vt 0.476615 0.077312
vt 0.476706 0.577897
vt 0.476748 0.056926
vt 0.476844 0.332583
vt 0.477085 0.592418
vt 0.477181 0.997867
vt 0.477432 0.063413
vt 0.477649 0.786281
vt 0.477732 0.425052
vt 0.477825 0.370622
vt 0.478104 0.444870
vt 0.478136 0.963203
vt 0.478361 0.341601
vt 0.478435 0.616962
vt 0.478449 0.320665
vt 0.478923 0.566926
vt 0.479024 0.515294
vt 0.479143 0.410574
vt 0.479200 0.396044
vt 0.479462 0.360042
vt 0.479493 0.751156
vt 0.479495 0.266350
vt 0.479800 0.353370
vt 0.479995 0.080237
vt 0.480066 0.072922
vt 0.480145 0.837221
vt 0.480255 0.495906
vt 0.480283 0.297326
vt 0.480429 0.848547
vt 0.480674 0.036576
vt 0.481016 0.864214
vt 0.481309 0.825179
vt 0.481454 0.377893
vt 0.481512 0.797173
vt 0.481764 0.557313
vt 0.481785 0.953067
vt 0.481812 0.045196
vt 0.481812 0.520300
vt 0.482049 0.456410
vt 0.482171 0.112363
vt 0.482654 0.093880
vt 0.482667 0.403223
vt 0.482955 0.808673
vt 0.482982 0.283872
vt 0.483212 0.986057
vt 0.483319 0.431285
vt 0.483335 0.887294
vt 0.483352 0.606376
vt 0.483442 0.629082
vt 0.483626 0.545729
vt 0.483648 0.643693
vt 0.483685 0.487351
vt 0.483782 0.973068
vt 0.484057 0.946367
vt 0.484314 0.069993
vt 0.484390 0.913046
vt 0.484779 0.573166
vt 0.485042 0.346609
vt 0.485112 0.473045
vt 0.485280 0.418644
vt 0.485297 0.763737
vt 0.485338 0.939285
vt 0.485405 0.739465
vt 0.485500 0.380614
vt 0.485633 0.309931
vt 0.485993 0.597235
vt 0.486079 0.533668
vt 0.486084 0.385548
vt 0.486099 0.086469
vt 0.486149 0.292091
vt 0.486344 0.328304
vt 0.486543 0.584606
vt 0.486546 0.102094
vt 0.486605 0.566324
vt 0.486813 0.463179
vt 0.486962 0.561128
vt 0.487091 0.134156
vt 0.487105 0.122483
vt 0.487127 0.779392
vt 0.487227 0.830948
vt 0.487471 0.299627
vt 0.487479 0.524633
vt 0.487674 0.514117
vt 0.487998 0.994564
vt 0.488014 0.408115
vt 0.488189 0.447938
vt 0.488271 0.500177
vt 0.488502 0.375666
vt 0.488999 0.284550
vt 0.489102 0.364697
vt 0.489186 0.077208
vt 0.489203 0.271773
vt 0.489210 0.076028
vt 0.489395 0.637444
vt 0.489475 0.617858
vt 0.489479 0.803753
vt 0.489556 0.944685
vt 0.489671 0.820793
vt 0.489969 0.336889
vt 0.490044 0.354360
vt 0.490093 0.321394
vt 0.490504 0.957433
vt 0.490589 0.795204
vt 0.490892 0.111742
vt 0.490949 0.950167
vt 0.491017 0.092689
vt 0.491100 0.439045
vt 0.491293 0.607053
vt 0.491309 0.076133
vt 0.491336 0.969172
vt 0.491381 0.577452
vt 0.491811 0.399263
vt 0.492160 0.562471
vt 0.492173 0.930101
vt 0.492484 0.314753
vt 0.492516 0.591250
vt 0.492603 0.293222
vt 0.492655 0.490090
vt 0.492807 0.453109
vt 0.492914 0.599813
vt 0.493389 0.278722
vt 0.493667 0.953321
vt 0.493716 0.853161
vt 0.493752 0.979879
vt 0.493877 0.267046
vt 0.494163 0.838914
vt 0.494177 0.751767
vt 0.494220 0.628947
vt 0.494272 0.554577
vt 0.494428 0.477617
vt 0.494509 0.803871
vt 0.494535 0.425376
vt 0.494696 0.570661
vt 0.494967 0.364070
vt 0.495134 0.300466
vt 0.495249 0.445649
vt 0.495565 0.130307
vt 0.495657 0.988873
vt 0.496275 0.865549
vt 0.496281 0.084403
vt 0.496478 0.285746
vt 0.496527 0.525902
vt 0.496569 0.614525
vt 0.496628 0.317265
vt 0.496647 0.329464
vt 0.496703 0.996181
vt 0.496789 0.411559
vt 0.496802 0.828915
vt 0.496822 0.772094
vt 0.497225 0.811399
vt 0.497319 0.717966
vt 0.497332 0.359840
vt 0.497692 0.460580
vt 0.497698 0.140312
vt 0.497786 0.276506
vt 0.497827 0.367816
vt 0.497896 0.270368
vt 0.498022 0.344035
vt 0.498181 0.900543
vt 0.498283 0.440837
vt 0.498360 0.952660
vt 0.498650 0.561478
vt 0.498764 0.606257
vt 0.498765 0.510434
vt 0.498869 0.309907
vt 0.498987 0.379040
vt 0.499041 0.540883
vt 0.499351 0.107398
vt 0.499422 0.943826
vt 0.499461 0.485418
vt 0.499790 0.623659
vt 0.499839 0.739486
vt 0.500072 0.595888
vt 0.500564 0.120243
vt 0.500571 0.803153
vt 0.500581 0.495178
vt 0.500591 0.583359
vt 0.500794 0.791104
vt 0.501003 0.072545
vt 0.501032 0.962600
vt 0.501285 0.875253
vt 0.501334 0.781431
vt 0.501651 0.762722
vt 0.501730 0.322956
vt 0.501808 0.096131
vt 0.501959 0.519088
vt 0.502272 0.071473
vt 0.502310 0.566782
vt 0.502688 0.446016
vt 0.502846 0.280063
vt 0.503230 0.468798
vt 0.503259 0.432646
vt 0.503694 0.352850
vt 0.503758 0.070829
vt 0.503961 0.389563
vt 0.504243 0.560172
vt 0.504613 0.614926
vt 0.504651 0.984356
vt 0.504799 0.572458
vt 0.504808 0.400796
vt 0.504980 0.311526
vt 0.505063 0.336893
vt 0.505161 0.362143
vt 0.505289 0.974730
vt 0.505358 0.856175
vt 0.505396 0.833747
vt 0.505494 0.112603
vt 0.505512 0.476084
vt 0.505617 0.886950
vt 0.505917 0.503759
vt 0.506027 0.522475
vt 0.506424 0.418561
vt 0.506692 0.299712
vt 0.506929 0.844404
vt 0.507155 0.316075
vt 0.507316 0.949729
vt 0.507483 0.133382
vt 0.507777 0.915213
vt 0.507937 0.605008
vt 0.508355 0.289613
vt 0.508652 0.449757
vt 0.508820 0.799575
vt 0.508950 0.381041
vt 0.508991 0.956259
vt 0.508995 0.307548
vt 0.509560 0.774943
vt 0.509588 0.407462
vt 0.509641 0.741111
vt 0.509767 0.823797
vt 0.509807 0.484611
vt 0.509868 0.330351
vt 0.509987 0.530736
vt 0.510273 0.459651
vt 0.510281 0.865469
vt 0.510369 0.371713
vt 0.510391 0.552624
vt 0.510401 0.934032
vt 0.510975 0.838446
vt 0.511061 0.992497
vt 0.511104 0.509885
vt 0.511161 0.809657
vt 0.511213 0.323255
vt 0.511304 0.941361
vt 0.511347 0.496855
vt 0.511464 0.115829
vt 0.511498 0.467475
vt 0.511777 0.751256
vt 0.512030 0.733059
vt 0.512126 0.105971
vt 0.512185 0.594261
vt 0.512263 0.876679
vt 0.512395 0.566407
vt 0.512827 0.899664
vt 0.513099 0.124794
vt 0.513119 0.541380
vt 0.513192 0.946137
vt 0.513251 0.063402
vt 0.513541 0.955911
vt 0.513712 0.082326
vt 0.513791 0.964911
vt 0.514084 0.786742
vt 0.514406 0.437220
vt 0.514484 0.983556
vt 0.514547 0.578933
vt 0.514556 0.502412
vt 0.514721 0.585404
vt 0.514866 0.834744
vt 0.514954 0.766209
vt 0.515036 0.070480
vt 0.515054 0.344911
vt 0.515267 0.356945
vt 0.515649 0.952417
vt 0.515776 0.854486
vt 0.515830 0.095010
vt 0.516448 0.366238
vt 0.516562 0.740798
vt 0.516810 0.061519
vt 0.516813 0.520510
vt 0.516825 0.870567
vt 0.516862 0.603411
vt 0.516984 0.411843
vt 0.517131 0.958869
vt 0.517296 0.451791
vt 0.517513 0.423910
vt 0.517533 0.446160
vt 0.517841 0.582594
vt 0.518147 0.113108
vt 0.518204 0.471864
vt 0.518314 0.460595
vt 0.518693 0.364021
vt 0.518850 0.940041
vt 0.519071 0.988568
vt 0.519274 0.500771
vt 0.519532 0.875344
vt 0.519707 0.735313
vt 0.519897 0.395950
vt 0.519902 0.885532
vt 0.519986 0.109043
vt 0.520003 0.380867
vt 0.520177 0.843459
vt 0.520465 0.800886
vt 0.520570 0.934769
vt 0.520573 0.731177
vt 0.520720 0.591154
vt 0.520826 0.131638
vt 0.520980 0.723423
vt 0.521044 0.927446
vt 0.521460 0.326989
vt 0.521478 0.866780
vt 0.522148 0.484941
vt 0.522209 0.120309
vt 0.522280 0.547048
vt 0.522296 0.507887
vt 0.522551 0.583418
vt 0.522731 0.439776
vt 0.522753 0.907973
vt 0.522964 0.598218
vt 0.523274 0.561127
vt 0.524016 0.918376
vt 0.524029 0.896667
vt 0.524040 0.574040
vt 0.524169 0.984774
vt 0.524250 0.532416
vt 0.524504 0.112929
vt 0.524696 0.064141
vt 0.524781 0.748580
vt 0.524954 0.429677
vt 0.525168 0.945891
vt 0.525275 0.361146
vt 0.525384 0.413354
vt 0.525610 0.761837
vt 0.525634 0.081945
vt 0.525678 0.974678
vt 0.525689 0.074861
vt 0.525754 0.336250
vt 0.525971 0.776626
vt 0.525995 0.991933
vt 0.526427 0.963964
vt 0.526591 0.055008
vt 0.526691 0.450058
vt 0.526776 0.876951
vt 0.526951 0.955937
vt 0.527063 0.935806
vt 0.527175 0.663014
vt 0.527230 0.790072
vt 0.527287 0.054124
vt 0.527445 0.104968
vt 0.527555 0.834050
vt 0.527726 0.738057
vt 0.528294 0.461353
vt 0.528446 0.053960
vt 0.528726 0.435767
vt 0.529058 0.090332
vt 0.529655 0.127110
vt 0.529817 0.419785
vt 0.529914 0.649256
vt 0.529931 0.134593
vt 0.529955 0.471517
vt 0.529964 0.815183
vt 0.530099 0.959694
vt 0.530551 0.670428
vt 0.530563 0.592162
vt 0.530617 0.855624
vt 0.530630 0.404656
vt 0.530665 0.618649
vt 0.530876 0.889130
vt 0.531017 0.599889
vt 0.531598 0.496686
vt 0.531721 0.901510
vt 0.531786 0.656617
vt 0.532163 0.050976
vt 0.532315 0.797617
vt 0.532357 0.581837
vt 0.532379 0.517587
vt 0.532440 0.054341
vt 0.532456 0.662988
vt 0.532713 0.984144
vt 0.532909 0.639375
vt 0.533120 0.926261
vt 0.533330 0.442507
vt 0.533953 0.913255
vt 0.533972 0.118115
vt 0.534195 0.677330
vt 0.534203 0.651630
vt 0.534443 0.867845
vt 0.534814 0.477628
vt 0.534875 0.630975
vt 0.535031 0.396061
vt 0.535046 0.059635
vt 0.535060 0.846755
vt 0.535106 0.744000
vt 0.535121 0.045015
vt 0.535641 0.721882
vt 0.535883 0.587449
vt 0.536072 0.959408
vt 0.536607 0.978774
vt 0.536682 0.753552
vt 0.536935 0.878146
vt 0.537113 0.128743
vt 0.537252 0.974519
vt 0.537353 0.650033
vt 0.537916 0.367649
vt 0.538100 0.079114
vt 0.538161 0.939608
vt 0.538220 0.840309
vt 0.538350 0.640477
vt 0.538595 0.951626
vt 0.538649 0.896247
vt 0.538725 0.098766
vt 0.539067 0.053153
vt 0.539155 0.967643
vt 0.539207 0.904401
vt 0.539376 0.672162
vt 0.539471 0.068160
vt 0.539474 0.610857
vt 0.539513 0.853355
vt 0.539558 0.570673
vt 0.540018 0.046798
vt 0.540055 0.786101
vt 0.540203 0.660706
vt 0.540454 0.887709
vt 0.540463 0.769235
vt 0.540510 0.689177
vt 0.541028 0.579764
vt 0.541821 0.844989
vt 0.542048 0.992620
vt 0.542411 0.382287
vt 0.542451 0.641596
vt 0.542776 0.920659
vt 0.542881 0.624666
vt 0.542887 0.538893
vt 0.542968 0.841137
vt 0.543030 0.604128
vt 0.543032 0.650152
vt 0.543107 0.121726
vt 0.543358 0.348733
vt 0.543359 0.042199
vt 0.543450 0.447499
vt 0.543466 0.073101
vt 0.543497 0.519882
vt 0.543565 0.495004
vt 0.543573 0.910436
vt 0.543696 0.861092
vt 0.543836 0.089868
vt 0.544097 0.563323
vt 0.544224 0.111324
vt 0.544342 0.556847
vt 0.544468 0.801322
vt 0.544723 0.982558
vt 0.544840 0.870918
vt 0.544853 0.833430
vt 0.544960 0.929975
vt 0.545122 0.591476
vt 0.545306 0.733889
vt 0.545319 0.130563
vt 0.545487 0.945238
vt 0.545501 0.530823
vt 0.545543 0.881000
vt 0.545674 0.975287
vt 0.545838 0.645006
vt 0.546058 0.076069
vt 0.546076 0.892666
vt 0.546128 0.901787
vt 0.547077 0.748900
vt 0.547261 0.843760
vt 0.547300 0.559284
vt 0.547697 0.470265
vt 0.547809 0.638290
vt 0.548081 0.851291
vt 0.548174 0.513603
vt 0.548286 0.551246
vt 0.548487 0.970139
vt 0.548693 0.650396
vt 0.548821 0.668796
vt 0.548821 0.100078
vt 0.549050 0.759170
vt 0.549125 0.598308
vt 0.549219 0.080612
vt 0.549622 0.579572
vt 0.549664 0.938544
vt 0.549860 0.506562
vt 0.549877 0.659537
vt 0.549894 0.923536
vt 0.549906 0.122346
vt 0.549954 0.070833
vt 0.550393 0.873730
vt 0.550415 0.087272
vt 0.550776 0.916879
vt 0.550780 0.460864
vt 0.550948 0.817167
vt 0.551188 0.564522
vt 0.551437 0.526236
vt 0.551489 0.537418
vt 0.551495 0.130969
vt 0.551852 0.690299
vt 0.552059 0.908236
vt 0.552505 0.607458
vt 0.552973 0.887992
vt 0.553001 0.619541
vt 0.553006 0.779947
vt 0.553485 0.979584
vt 0.553971 0.630985
vt 0.554000 0.997442
vt 0.554020 0.961919
vt 0.554319 0.899158
vt 0.554742 0.101211
vt 0.554908 0.589381
vt 0.555049 0.093121
vt 0.555170 0.106846
vt 0.555396 0.676782
vt 0.555422 0.803080
vt 0.555426 0.988348
vt 0.555505 0.858345
vt 0.555661 0.085361
vt 0.555680 0.948787
vt 0.555701 0.972912
vt 0.555757 0.844203
vt 0.555827 0.791005
vt 0.555955 0.653990
vt 0.556000 0.598204
vt 0.556088 0.661066
vt 0.556314 0.582158
vt 0.556342 0.880002
vt 0.556402 0.507918
vt 0.556527 0.930786
vt 0.556651 0.921630
vt 0.556757 0.613525
vt 0.557299 0.053506
vt 0.557569 0.643042
vt 0.557590 0.868380
vt 0.557595 0.771008
vt 0.557637 0.124175
vt 0.557642 0.554885
vt 0.557950 0.569638
vt 0.557990 0.076652
vt 0.558128 0.545131
vt 0.558326 0.115735
vt 0.558707 0.615948
vt 0.558729 0.754767
vt 0.558819 0.432902
vt 0.558945 0.762092
vt 0.559089 0.694006
vt 0.559118 0.852342
vt 0.559233 0.666712
vt 0.559303 0.939830
vt 0.559565 0.069597
vt 0.559934 0.488682
vt 0.559940 0.520584
vt 0.560193 0.533707
vt 0.560442 0.620979
vt 0.560508 0.576250
vt 0.560652 0.562613
vt 0.560691 0.634078
vt 0.560890 0.442609
vt 0.560910 0.420193
vt 0.561120 0.402774
vt 0.561280 0.659580
vt 0.561633 0.731369
vt 0.561649 0.084421
vt 0.561712 0.626505
vt 0.561724 0.100842
vt 0.562036 0.995381
vt 0.562111 0.916002
vt 0.562669 0.583760
vt 0.562777 0.602040
vt 0.563123 0.108523
vt 0.563214 0.904681
vt 0.563265 0.460509
vt 0.563283 0.934272
vt 0.563387 0.593069
vt 0.563398 0.991235
vt 0.563452 0.688808
vt 0.563528 0.617557
vt 0.563536 0.511846
vt 0.563639 0.502198
vt 0.563642 0.092777
vt 0.563737 0.611183
vt 0.563744 0.892680
vt 0.563917 0.652492
vt 0.563937 0.790727
vt 0.563939 0.549947
vt 0.563970 0.638261
vt 0.563989 0.766416
vt 0.564095 0.744808
vt 0.564442 0.672091
vt 0.564589 0.798106
vt 0.564812 0.979210
vt 0.564853 0.680106
vt 0.564888 0.832301
vt 0.565381 0.924080
vt 0.565512 0.952176
vt 0.565520 0.556360
vt 0.565806 0.783766
vt 0.565927 0.813241
vt 0.565978 0.970076
vt 0.566187 0.883256
vt 0.566303 0.944135
vt 0.566345 0.761158
vt 0.566361 0.621302
vt 0.566491 0.860035
vt 0.566542 0.582447
vt 0.566545 0.930779
vt 0.566595 0.541703
vt 0.566746 0.124196
vt 0.566977 0.644825
vt 0.567305 0.632148
vt 0.567488 0.470791
vt 0.567588 0.454625
vt 0.567646 0.876637
vt 0.568039 0.755742
vt 0.568293 0.766214
vt 0.568474 0.482131
vt 0.568792 0.848718
vt 0.568902 0.987729
vt 0.569028 0.586335
vt 0.569053 0.702298
vt 0.569059 0.510792
vt 0.569235 0.927837
vt 0.569306 0.097560
vt 0.569366 0.577967
vt 0.569385 0.939345
vt 0.569624 0.112525
vt 0.569792 0.663705
vt 0.569879 0.793127
vt 0.569986 0.868887
vt 0.569992 0.549022
vt 0.570109 0.994061
vt 0.570217 0.772688
vt 0.570219 0.592516
vt 0.570317 0.518501
vt 0.570417 0.566063
vt 0.570507 0.605211
vt 0.570675 0.637930
vt 0.570814 0.617117
vt 0.571049 0.687599
vt 0.571203 0.490053
vt 0.571450 0.417262
vt 0.571649 0.598320
vt 0.571711 0.901895
vt 0.571770 0.104407
vt 0.571909 0.766035
vt 0.572409 0.673880
vt 0.572446 0.957257
vt 0.572567 0.507333
vt 0.572665 0.530522
vt 0.573051 0.888968
vt 0.573054 0.966040
vt 0.573066 0.910697
vt 0.573073 0.624959
vt 0.573422 0.761299
vt 0.573492 0.555455
vt 0.573667 0.386771
vt 0.573698 0.399501
vt 0.573739 0.653453
vt 0.573740 0.463939
vt 0.573770 0.632035
vt 0.573785 0.498277
vt 0.573815 0.447887
vt 0.573963 0.644743
vt 0.574019 0.680536
vt 0.574314 0.438291
vt 0.574685 0.976083
vt 0.575236 0.572784
vt 0.575351 0.541864
vt 0.575521 0.928225
vt 0.575544 0.425060
vt 0.575647 0.735177
vt 0.575654 0.883623
vt 0.575673 0.117096
vt 0.575759 0.948069
vt 0.575914 0.971915
vt 0.575984 0.982368
vt 0.576127 0.471476
vt 0.576184 0.789504
vt 0.576438 0.584301
vt 0.576462 0.478991
vt 0.576632 0.649687
vt 0.576686 0.611132
vt 0.576775 0.918972
vt 0.576806 0.514291
vt 0.576901 0.780944
vt 0.576939 0.887956
vt 0.577054 0.592380
vt 0.577114 0.691909
vt 0.577215 0.865043
vt 0.577561 0.758447
vt 0.577710 0.802965
vt 0.578439 0.857158
vt 0.578488 0.548814
vt 0.578499 0.629100
vt 0.578523 0.489650
vt 0.578815 0.990122
vt 0.578840 0.598879
vt 0.579013 0.577813
vt 0.579070 0.456579
vt 0.579283 0.770581
vt 0.579452 0.974396
vt 0.579597 0.637834
vt 0.579808 0.676892
vt 0.579860 0.896305
vt 0.580118 0.645970
vt 0.580260 0.655344
vt 0.580348 0.697066
vt 0.580385 0.939514
vt 0.580496 0.888951
vt 0.580700 0.670503
vt 0.580990 0.912962
vt 0.581087 0.625552
vt 0.581434 0.535890
vt 0.581475 0.475700
vt 0.581526 0.905302
vt 0.581529 0.415744
vt 0.581577 0.604018
vt 0.581643 0.509048
vt 0.581810 0.971555
vt 0.581974 0.684203
vt 0.582036 0.515827
vt 0.582089 0.587607
vt 0.582247 0.652261
vt 0.582308 0.556559
vt 0.582380 0.876422
vt 0.582447 0.822381
vt 0.582557 0.571032
vt 0.582880 0.522428
vt 0.582893 0.619278
vt 0.582988 0.660643
vt 0.582999 0.631261
vt 0.583002 0.467653
vt 0.583227 0.423406
vt 0.583359 0.675164
vt 0.583455 0.597319
vt 0.583727 0.484006
vt 0.584168 0.842398
vt 0.584178 0.735174
vt 0.584498 0.530340
vt 0.584559 0.500001
vt 0.584832 0.583364
vt 0.584873 0.985533
vt 0.584986 0.541925
vt 0.585206 0.977612
vt 0.585444 0.563779
vt 0.585690 0.866054
vt 0.586006 0.376717
vt 0.586007 0.958681
vt 0.586037 0.969178
vt 0.586273 0.751321
vt 0.586327 0.492456
vt 0.586505 0.692788
vt 0.586717 0.344349
vt 0.586890 0.591185
vt 0.587083 0.446226
vt 0.587131 0.431490
vt 0.587438 0.702640
vt 0.587595 0.515666
vt 0.587743 0.923502
vt 0.587789 0.813379
vt 0.587793 0.627967
vt 0.588077 0.548579
vt 0.588521 0.787730
vt 0.588577 0.577136
vt 0.588671 0.478321
vt 0.588693 0.914611
vt 0.588819 0.932506
vt 0.589260 0.558849
vt 0.589266 0.940715
vt 0.589268 0.459106
vt 0.589456 0.893762
vt 0.589602 0.676685
vt 0.589707 0.611348
vt 0.589828 0.668348
vt 0.590036 0.635712
vt 0.590083 0.856076
vt 0.590251 0.946315
vt 0.590310 0.416308
vt 0.590404 0.645647
vt 0.590459 0.408983
vt 0.590649 0.598514
vt 0.590770 0.654661
vt 0.590810 0.769315
vt 0.591172 0.534728
vt 0.591215 0.498419
vt 0.591429 0.421966
vt 0.591469 0.573212
vt 0.591481 0.489288
vt 0.591503 0.617145
vt 0.591816 0.568711
vt 0.591936 0.348381
vt 0.591989 0.805930
vt 0.592155 0.508718
vt 0.592471 0.527209
vt 0.592493 0.631507
vt 0.592598 0.621660
vt 0.592714 0.885395
vt 0.592904 0.976550
vt 0.593198 0.361389
vt 0.593292 0.398012
vt 0.593359 0.604040
vt 0.593694 0.554102
vt 0.593732 0.341889
vt 0.594002 0.862793
vt 0.594026 0.984235
vt 0.594068 0.953216
vt 0.594167 0.901557
vt 0.594484 0.963846
vt 0.594532 0.583864
vt 0.594545 0.519797
vt 0.594624 0.685556
vt 0.594729 0.832109
vt 0.594742 0.562301
vt 0.594747 0.927382
vt 0.594760 0.548210
vt 0.594808 0.871454
vt 0.594858 0.381936
vt 0.594974 0.470289
vt 0.595345 0.744156
vt 0.595821 0.879218
vt 0.595998 0.628177
vt 0.596020 0.937932
vt 0.596046 0.592129
vt 0.596496 0.943207
vt 0.596623 0.541912
vt 0.596739 0.932435
vt 0.596957 0.921925
vt 0.596978 0.705661
vt 0.597198 0.765837
vt 0.597202 0.696895
vt 0.597321 0.661999
vt 0.597481 0.669943
vt 0.597488 0.817507
vt 0.597560 0.568257
vt 0.597711 0.958449
vt 0.597734 0.416056
vt 0.597830 0.858398
vt 0.597849 0.445550
vt 0.597892 0.389071
vt 0.598023 0.968877
vt 0.598262 0.461595
vt 0.598418 0.438608
vt 0.598431 0.632821
vt 0.598436 0.808348
vt 0.598497 0.758218
vt 0.598503 0.483986
vt 0.598829 0.982743
vt 0.598837 0.573466
vt 0.598838 0.623265
vt 0.599019 0.652672
vt 0.599188 0.375401
vt 0.599207 0.784924
vt 0.599316 0.799924
vt 0.599682 0.453304
vt 0.600035 0.826518
vt 0.600054 0.792465
vt 0.600398 0.331402
vt 0.600633 0.679569
vt 0.600815 0.616292
vt 0.600952 0.638864
vt 0.600977 0.348171
vt 0.601094 0.565602
vt 0.601141 0.597921
vt 0.601163 0.606961
vt 0.601287 0.548647
vt 0.601411 0.499560
vt 0.601425 0.777651
vt 0.601500 0.427282
vt 0.601561 0.742205
vt 0.601586 0.706656
vt 0.601681 0.847490
vt 0.601731 0.951055
vt 0.602115 0.885974
vt 0.602144 0.625792
vt 0.602184 0.406310
vt 0.602259 0.746908
vt 0.602270 0.752087
vt 0.602940 0.915134
vt 0.603091 0.580381
vt 0.603190 0.892972
vt 0.603258 0.514066
vt 0.603303 0.628072
vt 0.603918 0.929118
vt 0.604029 0.771214
vt 0.604172 0.691306
vt 0.604180 0.587659
vt 0.604399 0.557174
vt 0.604527 0.865323
vt 0.604571 0.667484
vt 0.604731 0.810589
vt 0.604754 0.785233
vt 0.604806 0.799048
vt 0.604923 0.467472
vt 0.604935 0.529078
vt 0.605084 0.674520
vt 0.605191 0.975776
vt 0.605197 0.683376
vt 0.605279 0.959651
vt 0.605700 0.708432
vt 0.605769 0.830914
vt 0.605949 0.700034
vt 0.605967 0.878052
vt 0.606244 0.792479
vt 0.606345 0.646237
vt 0.606391 0.821146
vt 0.607009 0.383290
vt 0.607198 0.395573
vt 0.607232 0.901937
vt 0.607247 0.744919
vt 0.607511 0.886549
vt 0.607583 0.763156
vt 0.607606 0.942288
vt 0.607649 0.908837
vt 0.607653 0.550071
vt 0.607824 0.779275
vt 0.607994 0.567107
vt 0.608036 0.754977
vt 0.608143 0.971626
vt 0.608300 0.923869
vt 0.608316 0.444279
vt 0.608402 0.478124
vt 0.608548 0.415089
vt 0.608679 0.639800
vt 0.608753 0.633596
vt 0.608769 0.654963
vt 0.608813 0.460905
vt 0.608944 0.574901
vt 0.609063 0.965336
vt 0.609219 0.581070
vt 0.609231 0.434592
vt 0.609330 0.623752
vt 0.609607 0.508496
vt 0.609669 0.344969
vt 0.609753 0.608825
vt 0.609948 0.808486
vt 0.610222 0.491089
vt 0.610376 0.857678
vt 0.610393 0.813643
vt 0.610447 0.787157
vt 0.610477 0.662907
vt 0.610828 0.668643
vt 0.610994 0.542415
vt 0.611304 0.695364
vt 0.611337 0.687924
vt 0.611339 0.752452
vt 0.611416 0.700806
vt 0.611525 0.358019
vt 0.611558 0.592326
vt 0.611584 0.600941
vt 0.611692 0.371590
vt 0.611738 0.773384
vt 0.611887 0.803378
vt 0.612068 0.889983
vt 0.612081 0.870652
vt 0.612084 0.706721
vt 0.612216 0.404335
vt 0.612304 0.585365
vt 0.612841 0.820040
vt 0.613058 0.917541
vt 0.613095 0.896725
vt 0.613133 0.825744
vt 0.613149 0.883753
vt 0.613185 0.517004
vt 0.613324 0.714928
vt 0.613552 0.914567
vt 0.613612 0.501450
vt 0.613674 0.748827
vt 0.613687 0.453568
vt 0.614331 0.432724
vt 0.614387 0.551967
vt 0.614628 0.923791
vt 0.614812 0.673636
vt 0.615209 0.681455
vt 0.615459 0.570749
vt 0.615604 0.426237
vt 0.615627 0.649762
vt 0.615767 0.967034
vt 0.615779 0.974009
vt 0.615897 0.876563
vt 0.616004 0.756305
vt 0.616353 0.793797
vt 0.616500 0.906234
vt 0.616834 0.336376
vt 0.616891 0.852221
vt 0.616985 0.953466
vt 0.616996 0.579199
vt 0.617112 0.562398
vt 0.617125 0.614494
vt 0.617226 0.929245
vt 0.617352 0.409336
vt 0.617543 0.470723
vt 0.617558 0.667621
vt 0.617561 0.486796
vt 0.617634 0.837048
vt 0.617659 0.700467
vt 0.617726 0.884223
vt 0.617750 0.533156
vt 0.617823 0.891627
vt 0.617877 0.436673
vt 0.617895 0.813383
vt 0.617961 0.508962
vt 0.617994 0.822536
vt 0.618063 0.781796
vt 0.618076 0.461211
vt 0.618182 0.621502
vt 0.618207 0.945526
vt 0.618276 0.865364
vt 0.618386 0.691433
vt 0.618527 0.415586
vt 0.618706 0.599339
vt 0.619048 0.640601
vt 0.619068 0.480340
vt 0.619086 0.398805
vt 0.619116 0.706260
vt 0.619303 0.587757
vt 0.619478 0.594874
vt 0.619583 0.604002
vt 0.619628 0.658433
vt 0.619708 0.710660
vt 0.620151 0.547250
vt 0.620187 0.766940
vt 0.620305 0.629182
vt 0.620337 0.503953
vt 0.620398 0.748674
vt 0.620487 0.523969
vt 0.620819 0.390924
vt 0.620904 0.802995
vt 0.621072 0.940039
vt 0.621324 0.446665
vt 0.621348 0.914636
vt 0.621405 0.962951
vt 0.621506 0.716158
vt 0.621681 0.827374
vt 0.622091 0.675060
vt 0.622135 0.515543
vt 0.622143 0.897036
vt 0.622257 0.404323
vt 0.622531 0.877136
vt 0.622665 0.349478
vt 0.622989 0.968504
vt 0.622996 0.597695
vt 0.623097 0.327710
vt 0.623416 0.797122
vt 0.623565 0.846469
vt 0.623941 0.410317
vt 0.624015 0.496636
vt 0.624180 0.539414
vt 0.624208 0.821006
vt 0.624423 0.924703
vt 0.624479 0.379717
vt 0.624586 0.649883
vt 0.624711 0.704858
vt 0.624770 0.456754
vt 0.624950 0.555339
vt 0.625042 0.613278
vt 0.625122 0.429695
vt 0.625324 0.965227
vt 0.625333 0.667688
vt 0.625344 0.885561
vt 0.625516 0.572996
vt 0.625896 0.608376
vt 0.625909 0.684669
vt 0.625955 0.465698
vt 0.626252 0.591667
vt 0.626648 0.365125
vt 0.626660 0.486883
vt 0.626713 0.564629
vt 0.626928 0.478514
vt 0.626962 0.811366
vt 0.626966 0.695559
vt 0.626967 0.418494
vt 0.627026 0.583277
vt 0.627066 0.619493
vt 0.627212 0.784108
vt 0.627347 0.791978
vt 0.627363 0.640048
vt 0.627704 0.471892
vt 0.627907 0.643371
vt 0.628069 0.508376
vt 0.628078 0.635643
vt 0.628124 0.892684
vt 0.628195 0.751304
vt 0.628432 0.777808
vt 0.628577 0.853787
vt 0.628638 0.547155
vt 0.628702 0.317649
vt 0.628762 0.530265
vt 0.628971 0.731344
vt 0.628975 0.711789
vt 0.628979 0.955444
vt 0.629052 0.396810
vt 0.629157 0.801630
vt 0.629220 0.831344
vt 0.629516 0.599700
vt 0.629550 0.612627
vt 0.629598 0.906803
vt 0.629733 0.826114
vt 0.629763 0.718771
vt 0.630146 0.947712
vt 0.630601 0.335331
vt 0.630672 0.964107
vt 0.630784 0.438435
vt 0.631299 0.387190
vt 0.631367 0.648204
vt 0.631427 0.561395
vt 0.631506 0.518951
vt 0.631595 0.843920
vt 0.631621 0.659140
vt 0.632083 0.917385
vt 0.632228 0.674228
vt 0.632376 0.152099
vt 0.632412 0.641163
vt 0.632422 0.407668
vt 0.632529 0.628372
vt 0.632641 0.450373
vt 0.632952 0.872261
vt 0.632995 0.468963
vt 0.633271 0.149179
vt 0.633384 0.818028
vt 0.633800 0.953678
vt 0.634026 0.606991
vt 0.634217 0.933110
vt 0.634365 0.785011
vt 0.634381 0.579323
vt 0.634567 0.492574
vt 0.634578 0.344678
vt 0.634902 0.896064
vt 0.634939 0.151381
vt 0.634960 0.475394
vt 0.635126 0.956183
vt 0.635219 0.460840
vt 0.635449 0.887106
vt 0.635697 0.614042
vt 0.635710 0.767869
vt 0.635954 0.952619
vt 0.635959 0.426760
vt 0.636260 0.835074
vt 0.636305 0.809836
vt 0.636362 0.824790
vt 0.636420 0.569549
vt 0.636592 0.701905
vt 0.636914 0.351672
vt 0.636995 0.687629
vt 0.637046 0.399482
vt 0.637135 0.829135
vt 0.637175 0.636321
vt 0.637280 0.483584
vt 0.637358 0.590056
vt 0.637401 0.555677
vt 0.637675 0.925312
vt 0.637804 0.538687
vt 0.637811 0.527160
vt 0.638492 0.390729
vt 0.638543 0.621550
vt 0.639036 0.599773
vt 0.639258 0.511515
vt 0.639295 0.907051
vt 0.639309 0.791994
vt 0.639488 0.799150
vt 0.639497 0.667719
vt 0.639530 0.142702
vt 0.639839 0.501821
vt 0.639868 0.345466
vt 0.640162 0.648305
vt 0.640377 0.778120
vt 0.640557 0.339781
vt 0.640579 0.953621
vt 0.641076 0.469279
vt 0.641298 0.434838
vt 0.641324 0.453809
vt 0.641383 0.607291
vt 0.641498 0.377971
vt 0.641655 0.415944
vt 0.641775 0.716000
vt 0.641856 0.855648
vt 0.642043 0.840756
vt 0.642107 0.890529
vt 0.642152 0.444359
vt 0.642592 0.826819
vt 0.643058 0.404217
vt 0.643224 0.396634
vt 0.643697 0.658351
vt 0.643746 0.676945
vt 0.643771 0.630313
vt 0.643959 0.361262
vt 0.644220 0.476629
vt 0.644524 0.895045
vt 0.644597 0.917975
vt 0.644644 0.614096
vt 0.644723 0.870295
vt 0.644753 0.832909
vt 0.644852 0.760640
vt 0.644949 0.595425
vt 0.645090 0.519580
vt 0.645112 0.565758
vt 0.645169 0.882082
vt 0.645414 0.318535
vt 0.645495 0.818703
vt 0.645569 0.786492
vt 0.645574 0.601168
vt 0.645757 0.150959
vt 0.645819 0.684837
vt 0.645829 0.581102
vt 0.645972 0.389165
vt 0.646053 0.640033
vt 0.646065 0.927629
vt 0.646232 0.692720
vt 0.646288 0.807800
vt 0.646569 0.483186
vt 0.646637 0.652466
vt 0.646670 0.491004
vt 0.646807 0.461320
vt 0.646925 0.572517
vt 0.646951 0.426903
vt 0.647135 0.735916
vt 0.647208 0.772474
vt 0.647468 0.667097
vt 0.647911 0.909339
vt 0.647968 0.528478
vt 0.648015 0.704104
vt 0.648147 0.588642
vt 0.648164 0.606684
vt 0.648343 0.547303
vt 0.648394 0.330071
vt 0.648594 0.827234
vt 0.648783 0.622106
vt 0.648987 0.408917
vt 0.649132 0.874833
vt 0.649300 0.780464
vt 0.649320 0.935329
vt 0.649840 0.028817
vt 0.650091 0.584856
vt 0.650385 0.900517
vt 0.650503 0.862722
vt 0.650684 0.913904
vt 0.650836 0.655238
vt 0.650892 0.398443
vt 0.651064 0.796601
vt 0.651101 0.648175
vt 0.651231 0.021989
vt 0.651350 0.558338
vt 0.651509 0.310253
vt 0.651563 0.347212
vt 0.651758 0.660435
vt 0.651826 0.870917
vt 0.651908 0.888383
vt 0.651922 0.417579
vt 0.651931 0.635990
vt 0.651963 0.510746
vt 0.652119 0.712128
vt 0.652123 0.537342
vt 0.652224 0.629925
vt 0.652269 0.586271
vt 0.652290 0.130156
vt 0.652980 0.877283
vt 0.652997 0.761181
vt 0.653109 0.673439
vt 0.653160 0.438028
vt 0.653240 0.778551
vt 0.653247 0.479162
vt 0.653302 0.470119
vt 0.653317 0.451301
vt 0.653417 0.568538
vt 0.653420 0.834495
vt 0.653446 0.846078
vt 0.653580 0.485300
vt 0.653625 0.720125
vt 0.653682 0.148707
vt 0.653716 0.642625
vt 0.653792 0.499990
vt 0.654185 0.366787
vt 0.654195 0.598183
vt 0.654353 0.576365
vt 0.654487 0.922613
vt 0.654493 0.407620
vt 0.654707 0.582662
vt 0.654763 0.822063
vt 0.655174 0.036670
vt 0.655223 0.683986
vt 0.655361 0.612369
vt 0.655442 0.828798
vt 0.655545 0.520777
vt 0.655768 0.318177
vt 0.655788 0.908536
vt 0.656234 0.914445
vt 0.656289 0.385318
vt 0.656479 0.696596
vt 0.656486 0.588939
vt 0.656812 0.460903
vt 0.656891 0.126152
vt 0.657042 0.770725
vt 0.657073 0.666091
vt 0.657236 0.787419
vt 0.657319 0.121798
vt 0.657332 0.812877
vt 0.657357 0.705836
vt 0.657370 0.550690
vt 0.657386 0.892874
vt 0.657549 0.425975
vt 0.657709 0.374613
vt 0.657991 0.034743
vt 0.658300 0.400673
vt 0.658364 0.726280
vt 0.658415 0.638958
vt 0.658754 0.482792
vt 0.658789 0.542940
vt 0.659028 0.734602
vt 0.659082 0.394160
vt 0.659231 0.633989
vt 0.659322 0.302925
vt 0.659481 0.358097
vt 0.659507 0.529153
vt 0.659515 0.624978
vt 0.659636 0.137647
vt 0.659779 0.900525
vt 0.659787 0.564470
vt 0.659818 0.882184
vt 0.659838 0.646472
vt 0.660027 0.865301
vt 0.660099 0.155345
vt 0.660152 0.947576
vt 0.660236 0.655823
vt 0.660651 0.713659
vt 0.661273 0.912055
vt 0.661303 0.117485
vt 0.661307 0.571290
vt 0.661332 0.837076
vt 0.661610 0.917678
vt 0.661637 0.414970
vt 0.661655 0.311913
vt 0.661657 0.603919
vt 0.661692 0.829349
vt 0.661715 0.490944
vt 0.662064 0.673823
vt 0.662159 0.019478
vt 0.662172 0.823576
vt 0.662325 0.578001
vt 0.662522 0.445436
vt 0.662684 0.927458
vt 0.662794 0.119183
vt 0.662859 0.535478
vt 0.663214 0.618176
vt 0.663257 0.557152
vt 0.663469 0.765574
vt 0.663606 0.046276
vt 0.663664 0.597839
vt 0.663737 0.583939
vt 0.663757 0.514835
vt 0.664041 0.466716
vt 0.664301 0.739661
vt 0.664381 0.701445
vt 0.664583 0.906318
vt 0.664711 0.610535
vt 0.664741 0.397772
vt 0.664767 0.158248
vt 0.664789 0.405143
vt 0.665182 0.720078
vt 0.665203 0.477741
vt 0.665495 0.899664
vt 0.665502 0.798951
vt 0.665616 0.126205
vt 0.665666 0.692725
vt 0.665722 0.936280
vt 0.666185 0.892127
vt 0.666217 0.521830
vt 0.666516 0.643241
vt 0.666632 0.708253
vt 0.666722 0.112695
vt 0.666730 0.435463
vt 0.666808 0.592034
vt 0.666881 0.605864
vt 0.666900 0.505365
vt 0.667032 0.727157
vt 0.667059 0.366762
vt 0.667088 0.348017
vt 0.667294 0.820038
vt 0.667371 0.650811
vt 0.667416 0.046060
vt 0.667470 0.572813
vt 0.667558 0.665195
vt 0.667581 0.565152
vt 0.667661 0.548384
vt 0.667892 0.456214
vt 0.667932 0.336718
vt 0.667944 0.915718
vt 0.668097 0.634616
vt 0.668277 0.378693
vt 0.668280 0.422938
vt 0.668861 0.682582
vt 0.669151 0.813812
vt 0.669238 0.625335
vt 0.669411 0.825065
vt 0.669414 0.873806
vt 0.669803 0.109302
vt 0.669863 0.577567
vt 0.669895 0.601196
vt 0.669941 0.320973
vt 0.669968 0.740530
vt 0.670036 0.784694
vt 0.670146 0.900591
vt 0.670161 0.539632
vt 0.670336 0.389692
vt 0.670458 0.831309
vt 0.671274 0.617577
vt 0.671375 0.715050
vt 0.671440 0.355535
vt 0.671644 0.305688
vt 0.671653 0.946915
vt 0.671990 0.137635
vt 0.672151 0.112668
vt 0.672925 0.657406
vt 0.673417 0.342999
vt 0.673444 0.733455
vt 0.673448 0.529836
vt 0.673545 0.583545
vt 0.673607 0.673877
vt 0.673707 0.926153
vt 0.673713 0.447219
vt 0.673731 0.293291
vt 0.673739 0.769441
vt 0.673791 0.882528
vt 0.673800 0.756689
vt 0.673836 0.486451
vt 0.673916 0.609574
vt 0.673965 0.960537
vt 0.674012 0.159239
vt 0.674098 0.848301
vt 0.674207 0.126364
vt 0.674245 0.412174
vt 0.674271 0.891496
vt 0.674390 0.650119
vt 0.674420 0.452393
vt 0.674550 0.806782
vt 0.674685 0.709556
vt 0.674694 0.568740
vt 0.675539 0.429406
vt 0.675610 0.909055
vt 0.675752 0.819576
vt 0.675890 0.061039
vt 0.675893 0.702014
vt 0.676214 0.121885
vt 0.676403 0.129706
vt 0.676422 0.421362
vt 0.676529 0.517050
vt 0.676692 0.596932
vt 0.676802 0.399500
vt 0.676842 0.466870
vt 0.676976 0.438291
vt 0.677029 0.922316
vt 0.677080 0.339514
vt 0.677213 0.690605
vt 0.677522 0.496709
vt 0.677528 0.555935
vt 0.677630 0.099757
vt 0.677782 0.825000
vt 0.677994 0.027787
vt 0.678001 0.632990
vt 0.678006 0.643185
vt 0.678040 0.372998
vt 0.678640 0.866575
vt 0.678751 0.544078
vt 0.678885 0.479192
vt 0.678976 0.129032
vt 0.679004 0.589786
vt 0.679063 0.045579
vt 0.679068 0.724199
vt 0.679091 0.603306
vt 0.679191 0.666352
vt 0.679386 0.574391
vt 0.679400 0.896466
vt 0.679436 0.536839
vt 0.679575 0.681436
vt 0.679666 0.347683
vt 0.679840 0.624885
vt 0.679877 0.051860
vt 0.679899 0.933240
vt 0.679925 0.454777
vt 0.680110 0.127497
vt 0.680121 0.132967
vt 0.680340 0.069870
vt 0.680515 0.506819
vt 0.680665 0.729987
vt 0.680746 0.607952
vt 0.680780 0.382202
vt 0.680791 0.425687
vt 0.680795 0.048090
vt 0.680948 0.813232
vt 0.681400 0.616435
vt 0.681768 0.360619
vt 0.682045 0.445298
vt 0.682097 0.142197
vt 0.682205 0.051116
vt 0.682380 0.984417
vt 0.682399 0.159036
vt 0.682405 0.712848
vt 0.682504 0.529295
vt 0.682533 0.524767
vt 0.682655 0.916887
vt 0.682658 0.160886
vt 0.682807 0.062761
vt 0.682882 0.968457
vt 0.682884 0.974727
vt 0.682974 0.610812
vt 0.682979 0.783020
vt 0.683204 0.532640
vt 0.683250 0.331175
vt 0.683551 0.903204
vt 0.683592 0.925223
vt 0.683609 0.581033
vt 0.683632 0.323126
vt 0.683874 0.674020
vt 0.683975 0.768390
vt 0.683988 0.938972
vt 0.684253 0.878147
vt 0.684422 0.803174
vt 0.684633 0.563646
vt 0.684707 0.908888
vt 0.685165 0.656857
vt 0.685351 0.696157
vt 0.685665 0.734586
vt 0.685724 0.487706
vt 0.685777 0.419513
vt 0.686167 0.479792
vt 0.686467 0.607022
vt 0.686542 0.919707
vt 0.686615 0.153656
vt 0.686749 0.434280
vt 0.686753 0.640398
vt 0.686884 0.932768
vt 0.686976 0.831624
vt 0.687174 0.817151
vt 0.687205 0.587676
vt 0.687229 0.391228
vt 0.687375 0.647857
vt 0.687437 0.339904
vt 0.687442 0.598172
vt 0.687485 0.301772
vt 0.687493 0.164693
vt 0.687605 0.992902
vt 0.687619 0.529423
vt 0.687705 0.687810
vt 0.687741 0.314405
vt 0.687770 0.131791
vt 0.687811 0.091320
vt 0.687877 0.926404
vt 0.688130 0.631993
vt 0.688219 0.472436
vt 0.688349 0.039538
vt 0.688358 0.888378
vt 0.688513 0.914968
vt 0.688578 0.941218
vt 0.688605 0.495870
vt 0.688610 0.674203
vt 0.688657 0.537129
vt 0.688657 0.370909
vt 0.688666 0.719737
vt 0.688680 0.767289
vt 0.689045 0.967843
vt 0.689283 0.522452
vt 0.689489 0.381753
vt 0.689515 0.896629
vt 0.689644 0.348233
vt 0.689816 0.074637
vt 0.689955 0.956732
vt 0.690129 0.989084
vt 0.690168 0.117533
vt 0.690280 0.546335
vt 0.690311 0.678958
vt 0.690351 0.704922
vt 0.690361 0.554278
vt 0.690451 0.073870
vt 0.690563 0.114780
vt 0.690698 0.503129
vt 0.690731 0.407219
vt 0.690998 0.398943
vt 0.691052 0.075146
vt 0.691095 0.512997
vt 0.691109 0.570080
vt 0.691176 0.460564
vt 0.691271 0.449049
vt 0.691356 0.116648
vt 0.691425 0.323342
vt 0.691443 0.879613
vt 0.691460 0.963932
vt 0.691481 0.076866
vt 0.691513 0.116531
vt 0.691760 0.794211
vt 0.691775 0.358634
vt 0.691793 0.801558
vt 0.691833 0.115975
vt 0.691852 0.747381
vt 0.691858 0.624376
vt 0.691884 0.615009
vt 0.691946 0.670172
vt 0.692128 0.653272
vt 0.692206 0.807601
vt 0.692278 0.873396
vt 0.692289 0.995606
vt 0.692348 0.854781
vt 0.692430 0.867135
vt 0.692500 0.921102
vt 0.693017 0.056165
vt 0.693131 0.948526
vt 0.693164 0.479873
vt 0.693371 0.580535
vt 0.694112 0.485813
vt 0.694187 0.931082
vt 0.694250 0.977269
vt 0.694617 0.726369
vt 0.694937 0.657262
vt 0.694989 0.454258
vt 0.695052 0.385742
vt 0.695097 0.811638
vt 0.695116 0.589881
vt 0.695141 0.638674
vt 0.695508 0.491553
vt 0.695549 0.529113
vt 0.695837 0.910600
vt 0.696208 0.415161
vt 0.696265 0.884462
vt 0.696287 0.145815
vt 0.696362 0.986421
vt 0.696445 0.735526
vt 0.696470 0.497641
vt 0.696473 0.606479
vt 0.696734 0.778167
vt 0.696739 0.686706
vt 0.696790 0.647584
vt 0.696820 0.559163
vt 0.696887 0.335246
vt 0.697239 0.963064
vt 0.697258 0.654180
vt 0.697260 0.968478
vt 0.697324 0.521045
vt 0.697352 0.715755
vt 0.697512 0.392548
vt 0.697710 0.377415
vt 0.697728 0.821849
vt 0.697736 0.425709
vt 0.697900 0.020797
vt 0.698151 0.940730
vt 0.698180 0.662548
vt 0.698191 0.132880
vt 0.698307 0.696435
vt 0.698365 0.508288
vt 0.698791 0.801622
vt 0.698933 0.400419
vt 0.699084 0.791876
vt 0.699192 0.632758
vt 0.699261 0.537575
vt 0.699829 0.365227
vt 0.699842 0.598601
vt 0.699922 0.999414
vt 0.699955 0.407966
vt 0.700077 0.578543
vt 0.700266 0.956154
vt 0.700524 0.039792
vt 0.700555 0.439860
vt 0.700598 0.099051
vt 0.700804 0.584049
vt 0.700909 0.620807
vt 0.700913 0.306920
vt 0.700987 0.900894
vt 0.701064 0.452690
vt 0.701294 0.548071
vt 0.701303 0.979820
vt 0.701365 0.948710
vt 0.701380 0.564151
vt 0.701657 0.894351
vt 0.701755 0.932879
vt 0.701957 0.705899
vt 0.702127 0.089837
vt 0.702430 0.963799
vt 0.702485 0.750539
vt 0.702573 0.924098
vt 0.702583 0.678224
vt 0.702643 0.626964
vt 0.702725 0.350041
vt 0.702819 0.572325
vt 0.702888 0.295424
vt 0.702899 0.515622
vt 0.703074 0.740996
vt 0.703268 0.466780
vt 0.703484 0.164686
vt 0.703541 0.614576
vt 0.703583 0.655636
vt 0.703595 0.781078
vt 0.703614 0.503008
vt 0.703706 0.669750
vt 0.703748 0.107248
vt 0.703920 0.732034
vt 0.704100 0.527151
vt 0.704199 0.872598
vt 0.704393 0.126598
vt 0.704499 0.639885
vt 0.704541 0.760180
vt 0.704584 0.971064
vt 0.704605 0.508706
vt 0.704909 0.115168
vt 0.704953 0.115299
vt 0.704988 0.115321
vt 0.704997 0.482677
vt 0.705029 0.590679
vt 0.705281 0.987315
vt 0.705529 0.578672
vt 0.705541 0.493874
vt 0.705682 0.115646
vt 0.705768 0.384493
vt 0.706037 0.978871
vt 0.706096 0.944686
vt 0.706101 0.688663
vt 0.706155 0.898777
vt 0.706408 0.318659
vt 0.706876 0.961000
vt 0.706915 0.938241
vt 0.707192 0.606078
vt 0.707327 0.445579
vt 0.707368 0.556460
vt 0.707495 0.583987
vt 0.707567 0.403899
vt 0.707682 0.885498
vt 0.707778 0.930766
vt 0.707790 0.429358
vt 0.707795 0.905434
vt 0.708058 0.695338
vt 0.708141 0.070846
vt 0.708344 0.371705
vt 0.708460 0.994083
vt 0.708656 0.027801
vt 0.708837 0.395259
vt 0.708856 0.359579
vt 0.709019 0.415949
vt 0.709289 0.345549
vt 0.709296 0.647551
vt 0.709466 0.519871
vt 0.709561 0.052993
vt 0.709824 0.914682
vt 0.709858 0.439396
vt 0.710019 0.570257
vt 0.710173 0.701139
vt 0.710280 0.982758
vt 0.710364 0.574319
vt 0.710604 0.597681
vt 0.710610 0.952870
vt 0.710670 0.724964
vt 0.710715 0.737219
vt 0.710739 0.564959
vt 0.710750 0.661986
vt 0.711032 0.103765
vt 0.711107 0.526560
vt 0.711126 0.303710
vt 0.711161 0.536459
vt 0.711205 0.622232
vt 0.711235 0.746014
vt 0.711400 0.631262
vt 0.711537 0.340871
vt 0.711696 0.509670
vt 0.712132 0.895387
vt 0.712199 0.586578
vt 0.712235 0.039222
vt 0.712559 0.424908
vt 0.712751 0.388141
vt 0.712770 0.671356
vt 0.712799 0.862053
vt 0.712868 0.591690
vt 0.713013 0.963565
vt 0.713235 0.103526
vt 0.713235 0.975470
vt 0.713240 0.754135
vt 0.713298 0.547867
vt 0.713787 0.935375
vt 0.713851 0.472466
vt 0.713966 0.112793
vt 0.714529 0.150803
vt 0.714546 0.653061
vt 0.715058 0.711300
vt 0.715116 0.612025
vt 0.715224 0.943970
vt 0.715308 0.519396
vt 0.715487 0.907984
vt 0.715561 0.408331
vt 0.715611 0.498196
vt 0.715618 0.902495
vt 0.715790 0.926323
vt 0.715931 0.093739
vt 0.716002 0.401432
vt 0.716172 0.479489
vt 0.716241 0.681002
vt 0.716373 0.692363
vt 0.716563 0.570041
vt 0.716603 0.580296
vt 0.716699 0.988852
vt 0.716774 0.350806
vt 0.716871 0.448783
vt 0.717153 0.432778
vt 0.717318 0.564193
vt 0.717361 0.640826
vt 0.717369 0.588193
vt 0.717505 0.083911
vt 0.717560 0.527216
vt 0.717564 0.557084
vt 0.717780 0.330443
vt 0.717833 0.603051
vt 0.718275 0.462867
vt 0.718341 0.488335
vt 0.718356 0.700465
vt 0.718383 0.647608
vt 0.718431 0.290342
vt 0.718433 0.744933
vt 0.718654 0.594474
vt 0.718770 0.625827
vt 0.719049 0.422570
vt 0.719091 0.393257
vt 0.719098 0.657506
vt 0.719148 0.761847
vt 0.719330 0.951177
vt 0.719437 0.366163
vt 0.719485 0.733113
vt 0.719505 0.664544
vt 0.719596 0.870895
vt 0.719634 0.884100
vt 0.719810 0.123753
vt 0.719873 0.381366
vt 0.719910 0.718885
vt 0.720037 0.511880
vt 0.720088 0.532514
vt 0.720361 0.493843
vt 0.720484 0.028162
vt 0.720630 0.027154
vt 0.720725 0.539647
vt 0.720735 0.504449
vt 0.721018 0.671879
vt 0.721053 0.122005
vt 0.721184 0.976254
vt 0.721280 0.967119
vt 0.721323 0.406083
vt 0.721374 0.027848
vt 0.721858 0.468080
vt 0.721936 0.473726
vt 0.722206 0.957323
vt 0.722315 0.125341
vt 0.722935 0.099828
vt 0.722953 0.517776
vt 0.723047 0.548501
vt 0.723176 0.108101
vt 0.723278 0.573590
vt 0.723326 0.619751
vt 0.723392 0.915414
vt 0.723402 0.061602
vt 0.723405 0.980977
vt 0.723609 0.901109
vt 0.723669 0.136688
vt 0.723745 0.630922
vt 0.723967 0.565169
vt 0.724360 0.074127
vt 0.724427 0.047385
vt 0.724461 0.723833
vt 0.724944 0.373159
vt 0.725367 0.437890
vt 0.725409 0.413427
vt 0.725449 0.524907
vt 0.725455 0.664997
vt 0.725558 0.649574
vt 0.725638 0.693821
vt 0.725687 0.299787
vt 0.725709 0.683918
vt 0.725883 0.948416
vt 0.725909 0.702773
vt 0.725966 0.464216
vt 0.725968 0.588808
vt 0.726052 0.496688
vt 0.726145 0.862937
vt 0.726217 0.480136
vt 0.726234 0.091165
vt 0.726311 0.659200
vt 0.726339 0.937517
vt 0.726405 0.308083
vt 0.726423 0.555777
vt 0.726495 0.674429
vt 0.726590 0.367705
vt 0.726636 0.738269
vt 0.726832 0.507755
vt 0.726904 0.977613
vt 0.727238 0.748681
vt 0.727285 0.991267
vt 0.727479 0.598598
vt 0.727717 0.402194
vt 0.727721 0.341711
vt 0.727758 0.730311
vt 0.728051 0.609817
vt 0.728090 0.639807
vt 0.728138 0.083851
vt 0.728476 0.712805
vt 0.728555 0.962053
vt 0.728669 0.580403
vt 0.728813 0.531566
vt 0.728867 0.761887
vt 0.728955 0.376357
vt 0.729181 0.548185
vt 0.729306 0.320605
vt 0.729450 0.754209
vt 0.730087 0.359336
vt 0.730537 0.969019
vt 0.730781 0.539842
vt 0.730874 0.457379
vt 0.730915 0.041697
vt 0.731031 0.488514
vt 0.731228 0.925344
vt 0.731258 0.858361
vt 0.731461 0.469728
vt 0.731566 0.428824
vt 0.731587 0.625456
vt 0.731619 0.665892
vt 0.731898 0.515522
vt 0.731934 0.696348
vt 0.731971 0.571949
vt 0.732150 0.871660
vt 0.732285 0.618355
vt 0.732435 0.872025
vt 0.732572 0.871423
vt 0.732636 0.870423
vt 0.732652 0.331177
vt 0.732711 0.856591
vt 0.732769 0.370250
vt 0.732975 0.962021
vt 0.733037 0.980205
vt 0.733171 0.633718
vt 0.733317 0.874862
vt 0.733343 0.552516
vt 0.733703 0.390586
vt 0.733711 0.381415
vt 0.733868 0.494632
vt 0.733868 0.956078
vt 0.733960 0.059603
vt 0.734059 0.688962
vt 0.734091 0.733856
vt 0.734208 0.161703
vt 0.734208 0.173431
vt 0.734216 0.522802
vt 0.734276 0.133971
vt 0.734395 0.586002
vt 0.734520 0.148749
vt 0.734526 0.639086
vt 0.734638 0.656645
vt 0.734655 0.649976
vt 0.734671 0.704046
vt 0.734687 0.644364
vt 0.734723 0.831348
vt 0.734828 0.742641
vt 0.734862 0.561133
vt 0.735016 0.090310
vt 0.735107 0.154119
vt 0.735111 0.835434
vt 0.735186 0.545574
vt 0.735367 0.603077
vt 0.735767 0.715259
vt 0.735778 0.753438
vt 0.735900 0.722978
vt 0.735902 0.296948
vt 0.736022 0.114983
vt 0.736044 0.890957
vt 0.736122 0.503234
vt 0.736179 0.593747
vt 0.736451 0.832081
vt 0.736487 0.100108
vt 0.736509 0.442801
vt 0.736520 0.677171
vt 0.736769 0.772509
vt 0.736976 0.046016
vt 0.737204 0.376665
vt 0.737245 0.407872
vt 0.737413 0.113979
vt 0.737498 0.710189
vt 0.737682 0.963125
vt 0.737734 0.480054
vt 0.737866 0.899559
vt 0.737975 0.911571
vt 0.738185 0.349038
vt 0.738202 0.909735
vt 0.738254 0.934964
vt 0.738297 0.994440
vt 0.738394 0.366078
vt 0.738512 0.888463
vt 0.738555 0.337637
vt 0.738573 0.609464
vt 0.738677 0.913512
vt 0.738698 0.281389
vt 0.738709 0.570303
vt 0.738710 0.156067
vt 0.738906 0.144882
vt 0.738965 0.615706
vt 0.738969 0.630378
vt 0.739215 0.400098
vt 0.739225 0.587989
vt 0.739277 0.177848
vt 0.739462 0.623599
vt 0.739502 0.945412
vt 0.739713 0.696138
vt 0.739779 0.310950
vt 0.739927 0.666117
vt 0.740042 0.359513
vt 0.740318 0.714711
vt 0.740424 0.580334
vt 0.740569 0.041221
vt 0.740613 0.747200
vt 0.740766 0.638771
vt 0.740947 0.081491
vt 0.741049 0.151393
vt 0.741183 0.893098
vt 0.741368 0.659104
vt 0.741511 0.126119
vt 0.741653 0.600950
vt 0.741655 0.462378
vt 0.741768 0.491838
vt 0.741809 0.605550
vt 0.741817 0.040099
vt 0.741855 0.972895
vt 0.741904 0.373164
vt 0.741987 0.072644
vt 0.742020 0.108622
vt 0.742057 0.557967
vt 0.742106 0.550064
vt 0.742302 0.432264
vt 0.742502 0.041539
vt 0.742502 0.054215
vt 0.742619 0.426922
vt 0.742631 0.158354
vt 0.742740 0.527876
vt 0.742748 0.673070
vt 0.742867 0.922522
vt 0.743025 0.564089
vt 0.743181 0.514429
vt 0.743452 0.590448
vt 0.743486 0.650414
vt 0.743567 0.417749
vt 0.743607 0.538459
vt 0.743684 0.596550
vt 0.743852 0.687213
vt 0.743880 0.120906
vt 0.743950 0.927368
vt 0.743975 0.454130
vt 0.744167 0.383496
vt 0.744232 0.168613
vt 0.744329 0.116456
vt 0.744871 0.706584
vt 0.745044 0.184073
vt 0.745141 0.143311
vt 0.745143 0.326297
vt 0.745190 0.927011
vt 0.745316 0.736897
vt 0.745366 0.072081
vt 0.745558 0.395519
vt 0.745616 0.571737
vt 0.745964 0.756023
vt 0.746142 0.780732
vt 0.746156 0.405198
vt 0.746201 0.720204
vt 0.746328 0.354157
vt 0.746579 0.470741
vt 0.746616 0.341184
vt 0.746845 0.957041
vt 0.746962 0.660358
vt 0.747205 0.502675
vt 0.747243 0.151281
vt 0.747275 0.621992
vt 0.747316 0.365502
vt 0.747349 0.120839
vt 0.747461 0.631420
vt 0.747723 0.557471
vt 0.747851 0.602798
vt 0.748000 0.374656
vt 0.748097 0.669014
vt 0.748110 0.678839
vt 0.748120 0.292148
vt 0.748206 0.437382
vt 0.748264 0.612646
vt 0.748528 0.595658
vt 0.748567 0.936490
vt 0.748754 0.936106
vt 0.749076 0.696320
vt 0.749673 0.578196
vt 0.749708 0.135105
vt 0.749767 0.302513
vt 0.749838 0.428774
vt 0.750023 0.085738
vt 0.750039 0.114168
vt 0.750477 0.175688
vt 0.750483 0.531397
vt 0.750698 0.564970
vt 0.750872 0.993127
vt 0.750956 0.078387
vt 0.751237 0.155912
vt 0.751313 0.641254
vt 0.751595 0.571666
vt 0.751595 0.542557
vt 0.751624 0.399880
vt 0.751635 0.481978
vt 0.751742 0.588262
vt 0.751751 0.945753
vt 0.752234 0.392988
vt 0.752426 0.165158
vt 0.752459 0.688083
vt 0.752479 0.493512
vt 0.752511 0.550069
vt 0.752734 0.335903
vt 0.752803 0.146224
vt 0.752833 0.654574
vt 0.752896 0.526908
vt 0.752990 0.981886
vt 0.753202 0.714338
vt 0.753242 0.968243
vt 0.753256 0.446151
vt 0.753341 0.510072
vt 0.753374 0.535460
vt 0.753379 0.349521
vt 0.753382 0.124237
vt 0.753698 0.627257
vt 0.753728 0.094842
vt 0.753814 0.313203
vt 0.754093 0.386501
vt 0.754196 0.648521
vt 0.754211 0.937532
vt 0.754635 0.378720
vt 0.754719 0.341356
vt 0.754761 0.106634
vt 0.754876 0.580632
vt 0.754899 0.359456
vt 0.755103 0.749799
vt 0.755137 0.282260
vt 0.755325 0.459453
vt 0.755354 0.574813
vt 0.755426 0.599077
vt 0.755671 0.408725
vt 0.755804 0.726007
vt 0.755879 0.620991
vt 0.755942 0.663088
vt 0.756024 0.170669
vt 0.756028 0.188137
vt 0.756041 0.606916
vt 0.756286 0.069229
vt 0.756410 0.682610
vt 0.756541 0.369796
vt 0.756638 0.163039
vt 0.757007 0.704509
vt 0.757053 0.762568
vt 0.757139 0.116353
vt 0.757254 0.694692
vt 0.757273 0.520140
vt 0.757470 0.306317
vt 0.757470 0.674485
vt 0.757529 0.502172
vt 0.757614 0.352942
vt 0.757655 0.398759
vt 0.757719 0.557601
vt 0.757826 0.079340
vt 0.757940 0.435481
vt 0.758163 0.996586
vt 0.758184 0.158285
vt 0.758365 0.634604
vt 0.758458 0.568802
vt 0.758523 0.950470
vt 0.758780 0.085811
vt 0.758956 0.391934
vt 0.758957 0.470676
vt 0.759348 0.787780
vt 0.759446 0.738816
vt 0.759713 0.421773
vt 0.759810 0.140596
vt 0.759923 0.333484
vt 0.760053 0.689042
vt 0.760142 0.626934
vt 0.760145 0.150438
vt 0.760156 0.538293
vt 0.760251 0.384760
vt 0.760286 0.577246
vt 0.760370 0.584862
vt 0.760401 0.346139
vt 0.760485 0.644028
vt 0.760705 0.354560
vt 0.760871 0.939154
vt 0.761023 0.613945
vt 0.761117 0.939617
vt 0.761145 0.298189
vt 0.761253 0.960164
vt 0.761288 0.496046
vt 0.761497 0.131501
vt 0.761591 0.546683
vt 0.761709 0.060989
vt 0.761719 0.450932
vt 0.761744 0.530575
vt 0.761757 0.593295
vt 0.761815 0.101581
vt 0.761929 0.396224
vt 0.761959 0.973827
vt 0.761972 0.488048
vt 0.762092 0.682407
vt 0.762211 0.321617
vt 0.762256 0.653040
vt 0.762333 0.122357
vt 0.762413 0.170165
vt 0.762451 0.715979
vt 0.763037 0.942161
vt 0.763379 0.510920
vt 0.763433 0.668845
vt 0.764021 0.400977
vt 0.764148 0.075126
vt 0.764305 0.696848
vt 0.764403 0.081196
vt 0.764851 0.623007
vt 0.765001 0.114618
vt 0.765199 0.662082
vt 0.765219 0.646738
vt 0.765830 0.361368
vt 0.766057 0.311377
vt 0.766071 0.375574
vt 0.766310 0.588340
vt 0.766406 0.443474
vt 0.766505 0.739470
vt 0.766515 0.137815
vt 0.766577 0.341027
vt 0.766774 0.630694
vt 0.766997 0.728961
vt 0.767106 0.604298
vt 0.767125 0.749598
vt 0.767265 0.144436
vt 0.767287 0.580998
vt 0.767578 0.411355
vt 0.767616 0.959350
vt 0.767630 0.470285
vt 0.767698 0.328048
vt 0.767766 0.563230
vt 0.767768 0.391330
vt 0.767791 0.126360
vt 0.767860 0.553032
vt 0.767882 0.640852
vt 0.767918 0.477731
vt 0.767919 0.767690
vt 0.768012 0.572807
vt 0.768078 0.688314
vt 0.768144 0.705934
vt 0.768206 0.089002
vt 0.768261 0.453268
vt 0.768315 0.155459
vt 0.768364 0.677844
vt 0.768465 0.493326
vt 0.768604 0.517276
vt 0.768610 0.334751
vt 0.768780 0.546177
vt 0.768823 0.120833
vt 0.768824 0.097965
vt 0.768864 0.462770
vt 0.768883 0.502136
vt 0.768966 0.953511
vt 0.769239 0.067795
vt 0.769627 0.188137
vt 0.769790 0.052436
vt 0.769877 0.995126
vt 0.770090 0.350314
vt 0.770095 0.951758
vt 0.770164 0.432304
vt 0.770405 0.539124
vt 0.770505 0.168963
vt 0.770747 0.523548
vt 0.770876 0.781843
vt 0.770895 0.107908
vt 0.771257 0.594782
vt 0.771264 0.649643
vt 0.771310 0.131798
vt 0.771414 0.321952
vt 0.771434 0.967867
vt 0.771723 0.137748
vt 0.771825 0.716252
vt 0.772583 0.658158
vt 0.772590 0.357913
vt 0.772683 0.667799
vt 0.772704 0.738360
vt 0.772873 0.421072
vt 0.773377 0.439637
vt 0.773655 0.282380
vt 0.773720 0.486973
vt 0.773734 0.117699
vt 0.773744 0.730791
vt 0.774012 0.078351
vt 0.774098 0.401012
vt 0.774236 0.586905
vt 0.774283 0.625423
vt 0.774341 0.615670
vt 0.774454 0.160294
vt 0.774464 0.124711
vt 0.774548 0.697185
vt 0.774888 0.340596
vt 0.774915 0.547627
vt 0.775023 0.059680
vt 0.775026 0.165273
vt 0.775507 0.135221
vt 0.775547 0.757787
vt 0.775571 0.314359
vt 0.775574 0.725010
vt 0.775614 0.511935
vt 0.775644 0.635799
vt 0.776273 0.380154
vt 0.776332 0.176749
vt 0.776608 0.045399
vt 0.776715 0.707890
vt 0.776801 0.519692
vt 0.776838 0.142466
vt 0.777036 0.958122
vt 0.777069 0.531139
vt 0.777097 0.568618
vt 0.777320 0.578373
vt 0.777472 0.687171
vt 0.777530 0.644632
vt 0.777616 0.557321
vt 0.777743 0.663520
vt 0.777823 0.769423
vt 0.777823 0.446289
vt 0.777851 0.366155
vt 0.777894 0.495866
vt 0.778140 0.329562
vt 0.778404 0.467856
vt 0.778474 0.152352
vt 0.778575 0.135002
vt 0.778660 0.068871
vt 0.778915 0.608335
vt 0.778934 0.164640
vt 0.778991 0.101668
vt 0.779060 0.676286
vt 0.779112 0.783881
vt 0.779212 0.130494
vt 0.779476 0.094719
vt 0.779520 0.601547
vt 0.779540 0.746235
vt 0.779705 0.437409
vt 0.779740 0.086359
vt 0.779809 0.653284
vt 0.779815 0.456377
vt 0.779834 0.351236
vt 0.779912 0.391043
vt 0.780407 0.411432
vt 0.780429 0.592882
vt 0.780487 0.542287
vt 0.780569 0.113399
vt 0.781075 0.427138
vt 0.781093 0.158703
vt 0.781138 0.419400
vt 0.781238 0.621691
vt 0.781246 0.062628
vt 0.781274 0.715731
vt 0.781596 0.074956
vt 0.781650 0.136123
vt 0.781657 0.306087
vt 0.781686 0.694124
vt 0.781725 0.504399
vt 0.781791 0.537164
vt 0.781847 0.668163
vt 0.781947 0.478510
vt 0.782032 0.612141
vt 0.782127 0.660705
vt 0.782217 0.122634
vt 0.782703 0.730304
vt 0.782819 0.584880
vt 0.782828 0.629098
vt 0.783218 0.517833
vt 0.783234 0.549177
vt 0.783247 0.173600
vt 0.783324 0.963028
vt 0.783507 0.321138
vt 0.783750 0.375280
vt 0.783841 0.107197
vt 0.783843 0.339407
vt 0.784069 0.703206
vt 0.784198 0.068072
vt 0.784296 0.524796
vt 0.784603 0.359147
vt 0.784714 0.964287
vt 0.784794 0.383147
vt 0.784815 0.580030
vt 0.784887 0.111684
vt 0.784945 0.690024
vt 0.784985 0.058009
vt 0.785304 0.449608
vt 0.785443 0.992411
vt 0.785787 0.143605
vt 0.785792 0.648571
vt 0.785807 0.615526
vt 0.785894 0.638710
vt 0.785898 0.314263
vt 0.785989 0.443064
vt 0.786167 0.071292
vt 0.786215 0.564270
vt 0.786432 0.345466
vt 0.786481 0.556388
vt 0.786592 0.683713
vt 0.786595 0.498049
vt 0.786900 0.188137
vt 0.786904 0.164783
vt 0.786908 0.365554
vt 0.786918 0.154228
vt 0.786971 0.052149
vt 0.787106 0.512505
vt 0.787209 0.489273
vt 0.787380 0.399317
vt 0.787389 0.966359
vt 0.787398 0.293277
vt 0.787523 0.573847
vt 0.787639 0.132161
vt 0.787803 0.115824
vt 0.787876 0.695483
vt 0.787883 0.047066
vt 0.787944 0.756838
vt 0.788064 0.460659
vt 0.788065 0.785791
vt 0.788073 0.772056
vt 0.788092 0.063857
vt 0.788540 0.353767
vt 0.788985 0.330081
vt 0.788988 0.090720
vt 0.789113 0.359889
vt 0.789337 0.607138
vt 0.789388 0.110479
vt 0.789420 0.454121
vt 0.789461 0.674673
vt 0.789472 0.656899
vt 0.789555 0.079766
vt 0.789812 0.338737
vt 0.789899 0.598169
vt 0.789956 0.389640
vt 0.789962 0.532912
vt 0.789990 0.174714
vt 0.790036 0.665325
vt 0.790119 0.420957
vt 0.790497 0.589698
vt 0.790587 0.581423
vt 0.790735 0.692147
vt 0.791109 0.542317
vt 0.791189 0.630894
vt 0.791217 0.622381
vt 0.791510 0.099993
vt 0.791698 0.123182
vt 0.791792 0.479257
vt 0.791874 0.700868
vt 0.791928 0.380553
vt 0.792127 0.496635
vt 0.792139 0.681065
vt 0.792302 0.560278
vt 0.792528 0.107547
vt 0.792547 0.741350
vt 0.792689 0.435776
vt 0.792691 0.518792
vt 0.792906 0.158754
vt 0.792934 0.447887
vt 0.793142 0.552440
vt 0.793351 0.715378
vt 0.793388 0.394448
vt 0.793611 0.505190
vt 0.793639 0.371211
vt 0.793750 0.764447
vt 0.793873 0.042207
vt 0.793934 0.467876
vt 0.794335 0.057182
vt 0.794386 0.512962
vt 0.794557 0.360934
vt 0.794738 0.409515
vt 0.794962 0.138815
vt 0.795057 0.491676
vt 0.795125 0.067500
vt 0.795164 0.130709
vt 0.795212 0.729462
vt 0.795227 0.614654
vt 0.795458 0.048770
vt 0.795489 0.318814
vt 0.795571 0.149787
vt 0.795587 0.646775
vt 0.795643 0.778422
vt 0.795693 0.349394
vt 0.795967 0.455865
vt 0.796202 0.686918
vt 0.796342 0.696686
vt 0.796422 0.283314
vt 0.796659 0.398711
vt 0.796692 0.567268
vt 0.796908 0.485298
vt 0.797214 0.636522
vt 0.797231 0.669325
vt 0.797396 0.299617
vt 0.797515 0.497469
vt 0.797590 0.750593
vt 0.797680 0.662776
vt 0.797724 0.166597
vt 0.797888 0.656108
vt 0.798139 0.114202
vt 0.798585 0.377651
vt 0.798797 0.417735
vt 0.798808 0.576328
vt 0.798904 0.786765
vt 0.798971 0.105953
vt 0.799026 0.328758
vt 0.799256 0.592877
vt 0.799310 0.705135
vt 0.799325 0.584539
vt 0.799399 0.476922
vt 0.799669 0.291669
vt 0.799695 0.760053
vt 0.799978 0.388919
vt 0.800060 0.770742
vt 0.800080 0.179996
vt 0.800174 0.677653
vt 0.800177 0.157393
vt 0.800311 0.627792
vt 0.800344 0.905724
vt 0.800374 0.525548
vt 0.800650 0.558571
vt 0.800760 0.124224
vt 0.800842 0.338557
vt 0.800895 0.964557
vt 0.801168 0.601527
vt 0.801242 0.491936
vt 0.801252 0.700257
vt 0.801537 0.425684
vt 0.801584 0.666249
vt 0.801917 0.694266
vt 0.802067 0.045768
vt 0.802322 0.133491
vt 0.802322 0.369468
vt 0.802350 0.357271
vt 0.802440 0.039837
vt 0.802568 0.348283
vt 0.802721 0.446641
vt 0.802737 0.514330
vt 0.802987 0.100978
vt 0.803000 0.640816
vt 0.803114 0.090745
vt 0.803427 0.314551
vt 0.803549 0.921161
vt 0.803605 0.501374
vt 0.803621 0.744248
vt 0.803679 0.735389
vt 0.803786 0.989706
vt 0.803823 0.361362
vt 0.803899 0.618652
vt 0.803986 0.661328
vt 0.804008 0.060257
vt 0.804150 0.151644
vt 0.804252 0.162157
vt 0.804316 0.909154
vt 0.804379 0.143373
vt 0.804431 0.646471
vt 0.804450 0.653591
vt 0.804462 0.402118
vt 0.804504 0.549220
vt 0.804748 0.536993
vt 0.804888 0.457184
vt 0.805075 0.049732
vt 0.805076 0.326845
vt 0.805087 0.119458
vt 0.805148 0.668637
vt 0.805512 0.782492
vt 0.805575 0.609261
vt 0.806000 0.571430
vt 0.806190 0.379463
vt 0.806260 0.711337
vt 0.806499 0.481857
vt 0.806503 0.723706
vt 0.806639 0.415455
vt 0.806695 0.564963
vt 0.806723 0.703540
vt 0.806729 0.766445
vt 0.806773 0.435589
vt 0.806995 0.351979
vt 0.807135 0.903493
vt 0.807150 0.186063
vt 0.807275 0.071482
vt 0.807472 0.751105
vt 0.807551 0.634222
vt 0.807571 0.686612
vt 0.807774 0.107136
vt 0.807946 0.345494
vt 0.808124 0.905418
vt 0.808255 0.467684
vt 0.808272 0.307174
vt 0.808413 0.167664
vt 0.808588 0.578731
vt 0.808645 0.493071
vt 0.808710 0.601843
vt 0.808735 0.317448
vt 0.808808 0.773103
vt 0.808819 0.596040
vt 0.808877 0.587671
vt 0.808892 0.696380
vt 0.809057 0.276830
vt 0.809182 0.641226
vt 0.809298 0.336556
vt 0.809323 0.746095
vt 0.809507 0.521591
vt 0.809614 0.136131
vt 0.809730 0.450102
vt 0.810099 0.284296
vt 0.810479 0.499846
vt 0.810588 0.760043
vt 0.810728 0.293263
vt 0.810849 0.364032
vt 0.810928 0.625905
vt 0.810978 0.614130
vt 0.811069 0.148163
vt 0.811088 0.156840
vt 0.811164 0.299971
vt 0.811187 0.321593
vt 0.811226 0.740523
vt 0.811254 0.114220
vt 0.811277 0.558138
vt 0.811282 0.914942
vt 0.811562 0.507998
vt 0.811609 0.391897
vt 0.811888 0.572805
vt 0.811915 0.126492
vt 0.811954 0.099245
vt 0.811979 0.374438
vt 0.811997 0.647551
vt 0.812104 0.798490
vt 0.812124 0.673787
vt 0.812658 0.356489
vt 0.812674 0.426358
vt 0.812994 0.266506
vt 0.813079 0.381217
vt 0.813169 0.568935
vt 0.813278 0.142444
vt 0.813365 0.444362
vt 0.813777 0.745897
vt 0.813822 0.527682
vt 0.813845 0.516462
vt 0.813961 0.495415
vt 0.814067 0.767107
vt 0.814421 0.932914
vt 0.814467 0.405025
vt 0.814483 0.725860
vt 0.814794 0.487415
vt 0.814856 0.563712
vt 0.815006 0.968754
vt 0.815137 0.543022
vt 0.815299 0.704835
vt 0.815315 0.659336
vt 0.815336 0.521732
vt 0.815374 0.639813
vt 0.815397 0.732722
vt 0.815480 0.082102
vt 0.815618 0.454430
vt 0.815714 0.619374
vt 0.815846 0.583807
vt 0.815887 0.328459
vt 0.816050 0.436470
vt 0.816141 0.942114
vt 0.816172 0.751726
vt 0.816297 0.315266
vt 0.816331 0.186773
vt 0.816447 0.632650
vt 0.816554 0.277114
vt 0.816669 0.091460
vt 0.816709 0.590697
vt 0.816721 0.576007
vt 0.816780 0.416614
vt 0.817253 0.967224
vt 0.817288 0.502507
vt 0.817418 0.351053
vt 0.817728 0.135522
vt 0.817744 0.371462
vt 0.817904 0.177610
vt 0.817985 0.717606
vt 0.818011 0.600765
vt 0.818128 0.535895
vt 0.818294 0.475401
vt 0.818305 0.048888
vt 0.818402 0.775372
vt 0.818406 0.381809
vt 0.818506 0.123551
vt 0.818536 0.463572
vt 0.818699 0.098400
vt 0.818830 0.118636
vt 0.819012 0.610622
vt 0.819041 0.953692
vt 0.819283 0.301819
vt 0.819285 0.290732
vt 0.819472 0.551432
vt 0.819592 0.929354
vt 0.819642 0.340775
vt 0.819683 0.758209
vt 0.819813 0.935719
vt 0.819954 0.569097
vt 0.820163 0.183437
vt 0.820258 0.423166
vt 0.820523 0.187140
vt 0.820558 0.283959
vt 0.820742 0.692804
vt 0.821186 0.493922
vt 0.821319 0.647583
vt 0.821350 0.584115
vt 0.821354 0.431029
vt 0.821364 0.678833
vt 0.821586 0.726557
vt 0.821612 0.709630
vt 0.821743 0.511523
vt 0.821790 0.627276
vt 0.821948 0.519881
vt 0.822128 0.396678
vt 0.822267 0.668302
vt 0.822604 0.743306
vt 0.822850 0.105918
vt 0.822856 0.408566
vt 0.823246 0.782979
vt 0.823301 0.752514
vt 0.823369 0.560004
vt 0.823495 0.637700
vt 0.823525 0.934577
vt 0.823667 0.147287
vt 0.823711 0.163615
vt 0.824039 0.590984
vt 0.824216 0.363007
vt 0.824519 0.967951
vt 0.824537 0.764761
vt 0.824647 0.182677
vt 0.824713 0.094899
vt 0.824811 0.321593
vt 0.825168 0.417217
vt 0.825316 0.185498
vt 0.825453 0.487286
vt 0.825480 0.376091
vt 0.825492 0.310525
vt 0.825823 0.618069
vt 0.825991 0.466198
vt 0.826093 0.384892
vt 0.826144 0.442562
vt 0.826362 0.652348
vt 0.826556 0.568246
vt 0.826704 0.576685
vt 0.826949 0.701716
vt 0.827234 0.502634
vt 0.827377 0.084285
vt 0.827403 0.944771
vt 0.827447 0.424483
vt 0.827520 0.067216
vt 0.827539 0.790580
vt 0.827550 0.771090
vt 0.827758 0.127389
vt 0.827828 0.115339
vt 0.827853 0.403020
vt 0.827995 0.528228
vt 0.828262 0.659046
vt 0.828275 0.604114
vt 0.828349 0.596080
vt 0.828493 0.456919
vt 0.828535 0.587311
vt 0.828561 0.430489
vt 0.828592 0.733024
vt 0.828700 0.610790
vt 0.829498 0.955797
vt 0.829788 0.754639
vt 0.830409 0.349182
vt 0.830808 0.474077
vt 0.830903 0.798008
vt 0.831057 0.418362
vt 0.831166 0.777527
vt 0.831635 0.408240
vt 0.831637 0.544327
vt 0.831655 0.739126
vt 0.831734 0.634578
vt 0.831873 0.625152
vt 0.831890 0.391976
vt 0.831935 0.681598
vt 0.831980 0.723376
vt 0.832002 0.645885
vt 0.832184 0.712725
vt 0.832378 0.768009
vt 0.832643 0.334613
vt 0.832963 0.761515
vt 0.833067 0.783375
vt 0.833264 0.691347
vt 0.833434 0.375069
vt 0.833723 0.137690
vt 0.833735 0.614316
vt 0.835171 0.670648
vt 0.835542 0.746184
vt 0.835582 0.773239
vt 0.836944 0.176335
vt 0.837395 0.654790
vt 0.837469 0.800194
vt 0.837886 0.158896
vt 0.838201 0.173386
vt 0.838601 0.789003
vt 0.839177 0.698551
vt 0.839212 0.146904
f 6344/5438 3126/5484 26/5525
f 6344/5438 26/5525 6345/5490
f 6346/5869 47/5871 6347/5870
f 33/5864 47/5871 6348/5877
f 33/5864 6348/5877 6349/5992
f 3133/5842 50/5937 6350/5919
f 3133/5842 6350/5919 6351/5829
f 3203/5969 3196/5896 3197/6025
f 4137/5955 3133/5842 3203/5969
f 3158/6104 3262/6026 3234/6195
f 3191/6019 3158/6104 4078/6189
f 4131/5298 6352/5281 6353/5288
f 3262/6026 3158/6104 3191/6019
f 18/5580 5214/5751 6354/5736
f 18/5580 6354/5736 6355/5611
f 6356/5598 19/5531 18/5580
f 6356/5598 18/5580 6355/5611
f 4078/6189 3197/6025 3191/6019
f 3191/6019 3281/5906 3262/6026
f 52/5708 6357/5669 6358/5664
f 52/5708 6358/5664 49/5696
f 3196/5896 3191/6019 3197/6025
f 3196/5896 3281/5906 3191/6019
f 3168/6044 3203/5969 23/6062
f 3196/5896 3149/5772 3281/5906
f 4137/5955 3203/5969 3168/6044
f 4137/5955 3168/6044 25/6012
f 6359/6015 50/5937 25/6012
f 6359/6015 25/6012 6360/6142
f 6361/6003 28/5943 6362/6130
f 35/6022 33/5864 6349/5992
f 35/6022 6349/5992 6363/6011
f 3203/5969 3133/5842 3196/5896
f 50/5937 4137/5955 25/6012
f 6364/5860 28/5943 47/5871
f 6364/5860 47/5871 6346/5869
f 33/5864 35/6022 34/5944
f 28/5943 6364/5860 6350/5919
f 28/5943 6350/5919 50/5937
f 34/5944 24/5791 44/5813
f 47/5871 5214/5751 6365/5756
f 47/5871 6365/5756 6347/5870
f 6366/5755 3133/5842 6367/5714
f 52/5708 49/5696 39/5854
f 28/5943 6361/6003 6348/5877
f 28/5943 6348/5877 47/5871
f 33/5864 44/5813 5214/5751
f 5214/5751 6368/5742 6369/5760
f 5214/5751 6369/5760 6365/5756
f 49/5696 24/5791 39/5854
f 27/5579 46/5661 26/5525
f 4131/5298 6353/5288 6370/5331
f 5214/5751 44/5813 43/5713
f 3149/5772 3196/5896 6371/5746
f 3149/5772 6371/5746 6372/5741
f 34/5944 39/5854 24/5791
f 49/5696 46/5661 24/5791
f 3196/5896 3133/5842 6366/5755
f 3196/5896 6366/5755 6371/5746
f 6368/5742 5214/5751 18/5580
f 6368/5742 18/5580 6373/5624
f 24/5791 43/5713 44/5813
f 26/5525 46/5661 49/5696
f 27/5579 45/5649 46/5661
f 45/5649 43/5713 46/5661
f 26/5525 3126/5484 27/5579
f 33/5864 5214/5751 47/5871
f 3203/5969 3197/6025 23/6062
f 18/5580 6374/5538 6375/5564
f 27/5579 6376/5612 6377/5633
f 27/5579 6377/5633 45/5649
f 46/5661 43/5713 24/5791
f 6378/5596 26/5525 49/5696
f 6378/5596 49/5696 6358/5664
f 6379/5648 43/5713 45/5649
f 6379/5648 45/5649 6377/5633
f 18/5580 19/5531 48/5510
f 6367/5714 3133/5842 6351/5829
f 27/5579 19/5531 6356/5598
f 27/5579 6356/5598 6376/5612
f 3126/5484 4131/5298 6370/5331
f 3126/5484 6370/5331 6380/5424
f 6374/5538 18/5580 48/5510
f 6374/5538 48/5510 6381/5495
f 50/5937 6359/6015 6362/6130
f 50/5937 6362/6130 28/5943
f 6373/5624 18/5580 6375/5564
f 3126/5484 6380/5424 6382/5460
f 3126/5484 6382/5460 19/5531
f 3126/5484 19/5531 27/5579
f 6381/5495 48/5510 6383/5464
f 48/5510 19/5531 6382/5460
f 48/5510 6382/5460 6383/5464
f 5214/5751 43/5713 6379/5648
f 5214/5751 6379/5648 6354/5736
f 3126/5484 6344/5438 6384/5371
f 3126/5484 6384/5371 4131/5298
f 3133/5842 4137/5955 50/5937
f 21/5471 6385/5401 6386/5410
f 21/5471 6386/5410 17/5505
f 33/5864 34/5944 44/5813
f 6387/5609 20/5670 6388/5650
f 6385/5401 21/5471 6389/5448
f 6389/5448 21/5471 6390/5515
f 17/5505 15/5626 21/5471
f 3262/6026 6391/6007 6392/6076
f 15/5626 6393/5635 6394/5548
f 6393/5635 15/5626 58/5718
f 6393/5635 58/5718 6395/5656
f 3103/5827 558/5899 3205/5930
f 3103/5827 3205/5930 3281/5906
f 3107/5810 58/5718 15/5626
f 6395/5656 58/5718 3149/5772
f 6395/5656 3149/5772 6396/5662
f 6397/5645 20/5670 6387/5609
f 21/5471 15/5626 6394/5548
f 21/5471 6394/5548 6390/5515
f 3107/5810 3103/5827 58/5718
f 6396/5662 3149/5772 20/5670
f 6396/5662 20/5670 6397/5645
f 3107/5810 558/5899 3103/5827
f 20/5670 3149/5772 6372/5741
f 20/5670 6372/5741 6398/5733
f 6388/5650 20/5670 6398/5733
f 3103/5827 3281/5906 3149/5772
f 6399/5998 3205/5930 558/5899
f 6399/5998 558/5899 6400/5999
f 3281/5906 3205/5930 3262/6026
f 3205/5930 6399/5998 6391/6007
f 3205/5930 6391/6007 3262/6026
f 3234/6195 3262/6026 6392/6076
f 3234/6195 6392/6076 6401/6139
f 6402/6186 3204/6194 6403/6174
f 3234/6195 4078/6189 3158/6104
f 3103/5827 3149/5772 58/5718
f 3204/6194 3234/6195 6401/6139
f 3204/6194 6401/6139 6403/6174
f 4797/316 4915/338 4207/397
f 4210/222 4842/202 4734/281
f 4734/281 4839/234 4798/335
f 6055/286 4828/332 5929/256
f 6043/73 5084/114 5125/111
f 4673/166 4217/98 4699/151
f 4842/202 4552/182 4699/151
f 4794/265 4797/316 4839/234
f 4842/202 4839/234 4734/281
f 5929/256 4482/267 6055/286
f 5083/74 5084/114 6231/15
f 4915/338 5504/369 4928/409
f 4220/238 4674/149 4673/166
f 5882/235 4915/338 4794/265
f 4842/202 4844/140 4839/234
f 4699/151 4346/95 4844/140
f 4774/171 4846/239 4482/267
f 4220/238 4673/166 4219/221
f 4673/166 4674/149 4217/98
f 5929/256 4831/291 4830/225
f 4844/140 5118/168 4839/234
f 4224/329 4211/344 4225/272
f 6318/155 5106/162 6287/201
f 6287/201 4846/239 4774/171
f 4831/291 5929/256 5504/369
f 4217/98 4674/149 4231/63
f 4217/98 5399/29 4441/53
f 4844/140 4346/95 4780/54
f 5118/168 4794/265 4839/234
f 5882/235 5118/168 5611/164
f 5118/168 4844/140 4807/133
f 4795/377 4798/335 4802/412
f 4807/133 4760/121 4732/97
f 6342/108 5106/162 6318/155
f 6318/155 6287/201 4774/171
f 5613/170 4755/132 4774/171
f 5125/111 5106/162 6342/108
f 4441/53 5399/29 4665/17
f 4441/53 4843/24 4780/54
f 5504/369 4915/338 4831/291
f 4260/391 4222/370 4795/377
f 4780/54 5824/89 4844/140
f 4673/166 4552/182 5582/200
f 4760/121 5824/89 4732/97
f 4786/93 5613/170 5611/164
f 5118/168 4763/101 5611/164
f 4210/222 4552/182 4842/202
f 6342/108 6318/155 4774/171
f 4844/140 4760/121 4807/133
f 6043/73 5125/111 6342/108
f 4769/14 4780/54 4843/24
f 4780/54 4773/50 5824/89
f 4763/101 5118/168 4732/97
f 6043/73 6342/108 4879/62
f 5399/29 4206/16 4459/9
f 4454/2 4206/16 4204/22
f 3047/8 4769/14 4843/24
f 4783/12 4773/50 4780/54
f 4782/30 4732/97 4773/50
f 4724/31 6342/108 4754/91
f 4724/31 4879/62 6342/108
f 4454/2 4459/9 4206/16
f 5929/256 4828/332 5504/369
f 4459/9 5860/6 4456/13
f 4862/1 4769/14 3047/8
f 4783/12 4782/30 4773/50
f 4763/101 4782/30 4813/40
f 4746/11 5307/42 5196/26
f 4754/91 5307/42 4724/31
f 6231/15 6043/73 4873/36
f 4224/329 4222/370 4693/379
f 5611/164 4763/101 4786/93
f 4813/40 5196/26 4786/93
f 4206/16 4231/63 4204/22
f 4699/151 4844/140 4842/202
f 4736/10 4735/7 4782/30
f 4843/24 4441/53 4665/17
f 4780/54 4769/14 4783/12
f 4734/281 4798/335 4795/377
f 5106/162 5125/111 5084/114
f 3047/8 4456/13 5860/6
f 4754/91 4755/132 4786/93
f 4224/329 4225/272 4734/281
f 4734/281 4225/272 4210/222
f 4693/379 4720/426 4245/474
f 5613/170 5929/256 4830/225
f 6231/15 5084/114 6043/73
f 5613/170 4830/225 5611/164
f 4207/397 2004/418 4918/440
f 4782/30 4763/101 4732/97
f 3047/8 4665/17 4456/13
f 4782/30 4735/7 4788/3
f 4780/54 4346/95 4441/53
f 4774/171 5929/256 5613/170
f 4245/474 4211/344 4693/379
f 4276/253 4277/288 4516/224
f 4459/9 4456/13 5399/29
f 4652/444 4795/377 4802/412
f 4732/97 5824/89 4773/50
f 5929/256 4774/171 4482/267
f 5882/235 4794/265 5118/168
f 4225/272 4211/344 4220/238
f 4786/93 5196/26 5307/42
f 4699/151 4552/182 4673/166
f 4807/133 4732/97 5118/168
f 4839/234 4797/316 4798/335
f 4915/338 5882/235 4831/291
f 5824/89 4760/121 4844/140
f 4207/397 4798/335 4797/316
f 4207/397 4915/338 2004/418
f 4210/222 5582/200 4552/182
f 4276/253 4450/350 4277/288
f 4260/391 4693/379 4222/370
f 5582/200 4210/222 4219/221
f 4665/17 3047/8 4843/24
f 4219/221 4210/222 4225/272
f 5399/29 4231/63 4206/16
f 4231/63 5399/29 4217/98
f 4802/412 4207/397 4805/490
f 4207/397 4918/440 4805/490
f 4915/338 4928/409 2004/418
f 4224/329 4693/379 4211/344
f 4813/40 4788/3 5196/26
f 4652/444 4720/426 4795/377
f 4802/412 4805/490 4652/444
f 4795/377 4224/329 4734/281
f 4786/93 4755/132 5613/170
f 4795/377 4720/426 4260/391
f 4456/13 4665/17 5399/29
f 4694/510 4720/426 4652/444
f 5882/235 5611/164 4830/225
f 4652/444 4805/490 4964/514
f 5307/42 4754/91 4786/93
f 4450/350 4220/238 4211/344
f 4830/225 4831/291 5882/235
f 4798/335 4207/397 4802/412
f 4217/98 4346/95 4699/151
f 4736/10 4782/30 4783/12
f 4260/391 4720/426 4693/379
f 4677/197 4220/238 4276/253
f 4198/117 4197/146 4203/66
f 4774/171 4754/91 6342/108
f 4176/160 4200/106 4202/142
f 4174/268 4197/146 4221/193
f 4197/146 4174/268 4202/142
f 4220/238 4677/197 4674/149
f 4774/171 4755/132 4754/91
f 4231/63 4674/149 4229/105
f 4676/159 4284/157 4677/197
f 4813/40 4782/30 4788/3
f 4674/149 4284/157 4229/105
f 4276/253 4516/224 4677/197
f 4673/166 5582/200 4219/221
f 4221/193 4198/117 4676/159
f 4676/159 4229/105 4284/157
f 4204/22 3049/46 4286/5
f 4454/2 4204/22 5566/4
f 4204/22 4229/105 3049/46
f 4286/5 5566/4 4204/22
f 4229/105 4676/159 4198/117
f 4202/142 4203/66 4197/146
f 3049/46 4198/117 4203/66
f 4677/197 4516/224 4676/159
f 4197/146 4198/117 4221/193
f 4797/316 4794/265 4915/338
f 4203/66 4285/23 3049/46
f 4879/62 4724/31 4873/36
f 4229/105 4204/22 4231/63
f 4198/117 3049/46 4229/105
f 4286/5 3049/46 4285/23
f 4202/142 4200/106 4203/66
f 4674/149 4677/197 4284/157
f 4873/36 6043/73 4879/62
f 4174/268 4176/160 4202/142
f 4676/159 4516/224 4221/193
f 4964/514 4694/510 4652/444
f 4694/510 4245/474 4720/426
f 4224/329 4795/377 4222/370
f 4516/224 4277/288 4237/308
f 4245/474 4450/350 4211/344
f 4217/98 4441/53 4346/95
f 4763/101 4813/40 4786/93
f 4220/238 4450/350 4276/253
f 5307/42 4746/11 4724/31
f 4769/14 4862/1 4783/12
f 4221/193 4516/224 4237/308
f 4221/193 4237/308 4174/268
f 4219/221 4225/272 4220/238
f 4788/3 4746/11 5196/26
f 5017/5941 4215/5885 5805/5892
f 4223/5867 4278/5843 4279/5884
f 4708/5731 5103/5839 4731/5833
f 4290/5936 4887/5914 4192/6010
f 4279/5884 4290/5936 4223/5867
f 5805/5892 4215/5885 4680/5840
f 5103/5839 4708/5731 5869/5790
f 4181/6269 3161/6331 4163/6231
f 4268/6131 6404/6179 6405/6146
f 4163/6231 3179/6167 4181/6269
f 4213/5792 4238/5823 4643/5768
f 6406/6350 4181/6269 5305/6248
f 6406/6350 5305/6248 6407/6292
f 3123/6150 3179/6167 3859/6046
f 6408/6090 4876/6042 6124/6079
f 6408/6090 6124/6079 6409/6091
f 4155/6053 4156/6096 4188/6055
f 4708/5731 4731/5833 4683/5788
f 4212/5778 4213/5792 4174/5663
f 3139/5950 4848/5907 4989/5894
f 4255/5948 4887/5914 3938/5880
f 5869/5790 3899/5891 5103/5839
f 3938/5880 4684/5811 4215/5885
f 3124/6210 6410/6219 6411/6249
f 3124/6210 6411/6249 5305/6248
f 4680/5840 4215/5885 4684/5811
f 4848/5907 5807/5845 4683/5788
f 4160/6187 4150/6073 4241/6144
f 4821/5991 6412/6089 6413/6098
f 4821/5991 6413/6098 4268/6131
f 4156/6096 4155/6053 4150/6073
f 4683/5788 5807/5845 4682/5771
f 26/6882 6414/6849 6415/6821
f 4779/5687 4708/5731 4683/5788
f 4240/6103 4163/6231 4241/6144
f 4287/6021 6416/6149 6417/6147
f 4287/6021 6417/6147 3136/6018
f 5305/6248 3123/6150 3124/6210
f 4989/5894 4683/5788 4731/5833
f 5442/5803 4223/5867 4212/5778
f 4174/5663 4237/5672 4212/5778
f 4821/5991 4874/5990 6418/6087
f 4821/5991 6418/6087 6412/6089
f 4641/5962 3835/6020 4188/6055
f 4223/5867 5442/5803 4278/5843
f 6409/6091 6124/6079 6419/6093
f 4821/5991 3895/5863 4874/5990
f 4279/5884 4737/5826 4887/5914
f 4448/5836 4212/5778 4223/5867
f 6410/6219 3124/6210 6420/6200
f 3139/5950 3890/5953 4287/6021
f 4887/5914 4559/5837 3938/5880
f 4278/5843 4737/5826 4279/5884
f 4684/5811 3938/5880 4559/5837
f 4680/5840 4684/5811 4710/5777
f 6352/6740 4131/6748 6421/6680
f 4779/5687 4683/5788 6077/5720
f 3123/6150 4690/6078 3124/6210
f 6422/6123 4850/6118 6423/6134
f 4192/6010 4209/6037 4240/6103
f 6357/6924 52/6887 6424/6831
f 4682/5771 4710/5777 4702/5715
f 6416/6149 4287/6021 4268/6131
f 6416/6149 4268/6131 6405/6146
f 4216/5874 4641/5962 4698/5898
f 5442/5803 5593/5801 4278/5843
f 4150/6073 2918/6095 4241/6144
f 4887/5914 4737/5826 4559/5837
f 4737/5826 4278/5843 5593/5801
f 6425/6573 2903/6708 2909/6552
f 6425/6573 2909/6552 6426/6545
f 4710/5777 4684/5811 3113/5721
f 3122/6440 3121/6427 4138/6364
f 2918/6095 4240/6103 4241/6144
f 3122/6440 2909/6552 3121/6427
f 6427/6685 2903/6708 6425/6573
f 3835/6020 4227/6004 4155/6053
f 6428/6808 2903/6708 6427/6685
f 4209/6037 3859/6046 3179/6167
f 4448/5836 4213/5792 4212/5778
f 4779/5687 6077/5720 4967/5668
f 4242/5728 4450/5595 4232/5754
f 6345/6853 26/6882 6429/6803
f 4641/5962 4216/5874 4847/5911
f 4704/5695 6077/5720 4682/5771
f 6430/6715 4131/6748 6431/6704
f 4240/6103 3179/6167 4163/6231
f 6429/6803 26/6882 6432/6856
f 3123/6150 5305/6248 3179/6167
f 4704/5695 4682/5771 4702/5715
f 4242/5728 5442/5803 4237/5672
f 3123/6150 3859/6046 4690/6078
f 6420/6200 3124/6210 4690/6078
f 6420/6200 4690/6078 6433/6156
f 4287/6021 4821/5991 4268/6131
f 4848/5907 4683/5788 4989/5894
f 4287/6021 3890/5953 4772/5928
f 4131/6748 6384/6781 6431/6704
f 4233/5734 5593/5801 4232/5754
f 6414/6849 26/6882 6378/6907
f 6434/6153 4268/6131 6413/6098
f 3121/6427 3811/6327 4127/6279
f 3122/6440 4138/6364 2963/6354
f 4242/5728 4232/5754 5442/5803
f 4698/5898 4238/5823 4216/5874
f 3122/6440 3117/6423 6435/6477
f 3122/6440 6435/6477 6436/6536
f 3117/6423 3122/6440 2867/6398
f 4192/6010 4240/6103 4191/6064
f 5442/5803 4232/5754 5593/5801
f 4291/5773 4559/5837 4737/5826
f 5593/5801 4233/5734 4737/5826
f 4239/5699 4701/5678 4702/5715
f 4311/6260 4186/6151 4127/6279
f 5807/5845 4680/5840 4710/5777
f 4228/6005 3977/5938 4290/5936
f 4710/5777 3113/5721 4239/5699
f 2918/6095 4150/6073 4191/6064
f 3117/6423 6437/6372 6438/6429
f 6426/6545 2909/6552 3122/6440
f 6426/6545 3122/6440 6436/6536
f 4772/5928 5103/5839 3899/5891
f 4702/5715 4710/5777 4239/5699
f 4240/6103 4209/6037 3179/6167
f 4240/6103 2918/6095 4191/6064
f 4290/5936 3977/5938 4223/5867
f 4887/5914 4290/5936 4279/5884
f 4684/5811 4291/5773 3113/5721
f 4138/6364 4127/6279 4280/6281
f 6077/5720 4704/5695 4967/5668
f 4228/6005 4150/6073 4227/6004
f 4704/5695 4702/5715 4701/5678
f 3977/5938 4227/6004 4641/5962
f 3835/6020 4641/5962 4227/6004
f 3890/5953 4989/5894 4772/5928
f 4684/5811 4559/5837 4291/5773
f 4701/5678 4239/5699 4694/5646
f 4181/6269 3179/6167 5305/6248
f 4216/5874 4449/5879 4847/5911
f 4680/5840 5807/5845 5805/5892
f 4450/5595 4242/5728 4277/5671
f 4213/5792 4216/5874 4238/5823
f 4737/5826 4233/5734 4291/5773
f 3121/6427 4127/6279 4138/6364
f 3113/5721 4289/5683 4239/5699
f 3977/5938 4641/5962 4847/5911
f 4250/5954 4690/6078 3859/6046
f 26/6882 6415/6821 6432/6856
f 4291/5773 4245/5578 3113/5721
f 4704/5695 4701/5678 4967/5668
f 6435/6477 3117/6423 6438/6429
f 3811/6327 4311/6260 4127/6279
f 6404/6179 4268/6131 6434/6153
f 4701/5678 4694/5646 4964/5619
f 4450/5595 4233/5734 4232/5754
f 3859/6046 4209/6037 4255/5948
f 4450/5595 4245/5578 4233/5734
f 3899/5891 4821/5991 4772/5928
f 4291/5773 4233/5734 4245/5578
f 4280/6281 2963/6354 4138/6364
f 4289/5683 4694/5646 4239/5699
f 4245/5578 4289/5683 3113/5721
f 4192/6010 4191/6064 4228/6005
f 2963/6354 3117/6423 2867/6398
f 6407/6292 5305/6248 6411/6249
f 5442/5803 4212/5778 4237/5672
f 6421/6680 4131/6748 6430/6715
f 4186/6151 4160/6187 4127/6279
f 4964/5619 4967/5668 4701/5678
f 4155/6053 4227/6004 4150/6073
f 4690/6078 3136/6018 6417/6147
f 4690/6078 6417/6147 6433/6156
f 4237/5672 4277/5671 4242/5728
f 4289/5683 4245/5578 4694/5646
f 4127/6279 4160/6187 4280/6281
f 2963/6354 4280/6281 4163/6231
f 4772/5928 4821/5991 4287/6021
f 4191/6064 4150/6073 4228/6005
f 4847/5911 4449/5879 3977/5938
f 4250/5954 3859/6046 5017/5941
f 3136/6018 4690/6078 4250/5954
f 3938/5880 4215/5885 4255/5948
f 3139/5950 3136/6018 4848/5907
f 4213/5792 4448/5836 4216/5874
f 4176/5709 2934/5735 4643/5768
f 4772/5928 834/5882 5103/5839
f 2934/5735 4176/5709 4174/5663
f 2963/6354 3161/6331 3117/6423
f 834/5882 4772/5928 4989/5894
f 4223/5867 3977/5938 4449/5879
f 4209/6037 4192/6010 4692/5986
f 3859/6046 4255/5948 5017/5941
f 5805/5892 4250/5954 5017/5941
f 3136/6018 4250/5954 4848/5907
f 3161/6331 6439/6352 6437/6372
f 3161/6331 6437/6372 3117/6423
f 3037/5934 4874/5990 3895/5863
f 4448/5836 4223/5867 4449/5879
f 4156/6096 4186/6151 4188/6055
f 4821/5991 3899/5891 3895/5863
f 3037/5934 4876/6042 4874/5990
f 4186/6151 4156/6096 4160/6187
f 4448/5836 4449/5879 4216/5874
f 5103/5839 834/5882 4731/5833
f 3977/5938 4228/6005 4227/6004
f 4989/5894 4731/5833 834/5882
f 2934/5735 4213/5792 4643/5768
f 4160/6187 4163/6231 4280/6281
f 4692/5986 4192/6010 4887/5914
f 3161/6331 2963/6354 4163/6231
f 4174/5663 4213/5792 2934/5735
f 4181/6269 6406/6350 6439/6352
f 4181/6269 6439/6352 3161/6331
f 4255/5948 4209/6037 4692/5986
f 3890/5953 3139/5950 4989/5894
f 4683/5788 4682/5771 6077/5720
f 4255/5948 4215/5885 5017/5941
f 5807/5845 4250/5954 5805/5892
f 4692/5986 4887/5914 4255/5948
f 4290/5936 4192/6010 4228/6005
f 4156/6096 4150/6073 4160/6187
f 4710/5777 4682/5771 5807/5845
f 4188/6055 3835/6020 4155/6053
f 4874/5990 4876/6042 6408/6090
f 4874/5990 6408/6090 6418/6087
f 4241/6144 4163/6231 4160/6187
f 2963/6354 2867/6398 3122/6440
f 4848/5907 4250/5954 5807/5845
f 3895/5863 3899/5891 5869/5790
f 3139/5950 4287/6021 3136/6018
f 2739/4311 2714/4328 2721/4251
f 6440/4431 3057/4443 6441/4368
f 3059/4472 3056/4423 2689/4521
f 2638/4706 2652/4668 2683/4658
f 2704/4381 2720/4348 596/4342
f 2676/4573 2678/4609 2651/4629
f 2689/4521 2698/4620 2672/4556
f 2705/4252 2739/4311 2721/4251
f 2720/4348 2705/4252 2719/4278
f 4334/4528 2672/4556 2676/4573
f 3059/4472 3726/4498 3062/4461
f 2785/4391 2714/4328 2739/4311
f 2700/4419 2704/4381 3056/4423
f 2566/4659 695/4613 2646/4588
f 2639/4814 2680/4740 2554/4735
f 2739/4311 2705/4252 2720/4348
f 2566/4659 2558/4635 695/4613
f 2646/4588 695/4613 3043/4577
f 3059/4472 3062/4461 3056/4423
f 2723/4133 2702/4154 2709/4066
f 2700/4419 3078/4485 2707/4428
f 3062/4461 2700/4419 3056/4423
f 2700/4419 2720/4348 2704/4381
f 3043/4577 2558/4635 2572/4652
f 2558/4635 2566/4659 2572/4652
f 2696/4618 2645/4661 2648/4682
f 2648/4682 2579/4649 2696/4618
f 2713/4247 2719/4278 2722/4214
f 2544/4720 2566/4659 2562/4702
f 2553/4508 2682/4506 3046/4433
f 2676/4573 2694/4531 4334/4528
f 2572/4652 2645/4661 2696/4618
f 2562/4702 2566/4659 2646/4588
f 3078/4485 3062/4461 3726/4498
f 2566/4659 2593/4709 2572/4652
f 2682/4506 3043/4577 2690/4527
f 2646/4588 2553/4508 2559/4499
f 3107/3737 3156/3681 51/3604
f 2648/4682 2663/4733 2574/4750
f 2690/4527 3043/4577 2696/4618
f 51/3604 6442/3584 6443/3593
f 2553/4508 3057/4443 2559/4499
f 2558/4635 3043/4577 695/4613
f 2566/4659 2544/4720 2593/4709
f 3078/4485 4334/4528 2658/4479
f 2645/4661 2594/4688 2648/4682
f 2555/4563 2646/4588 2559/4499
f 2658/4479 2785/4391 2707/4428
f 2680/4740 2639/4814 2685/4796
f 2689/4521 3056/4423 2697/4448
f 2648/4682 2574/4750 2554/4735
f 2572/4652 2594/4688 2645/4661
f 2672/4556 3726/4498 2689/4521
f 2690/4527 3727/4583 2689/4521
f 3078/4485 2658/4479 2707/4428
f 2678/4609 2698/4620 2683/4658
f 3156/3681 6444/3651 6445/3589
f 2555/4563 7/4584 2562/4702
f 3046/4433 3057/4443 2553/4508
f 3046/4433 2682/4506 2690/4527
f 2708/4098 2702/4154 2699/4160
f 2559/4499 6446/4451 6447/4513
f 2593/4709 2663/4733 2594/4688
f 6446/4451 2559/4499 3057/4443
f 6446/4451 3057/4443 6440/4431
f 2555/4563 2559/4499 6447/4513
f 2555/4563 6447/4513 6448/4520
f 2672/4556 2678/4609 2676/4573
f 3062/4461 3078/4485 2700/4419
f 3043/4577 2682/4506 2553/4508
f 3726/4498 2672/4556 3078/4485
f 2707/4428 2720/4348 2700/4419
f 2785/4391 2720/4348 2707/4428
f 4167/3617 3051/3703 3091/3687
f 2697/4448 3046/4433 2690/4527
f 2658/4479 4334/4528 2694/4531
f 3727/4583 2696/4618 2579/4649
f 51/3604 3156/3681 59/3623
f 2697/4448 3056/4423 3060/4359
f 2594/4688 2663/4733 2648/4682
f 2651/4629 2683/4658 2652/4668
f 2555/4563 2562/4702 2646/4588
f 2680/4740 2685/4796 2660/4711
f 2697/4448 2690/4527 2689/4521
f 558/3631 51/3604 6449/3528
f 558/3631 6449/3528 6400/3446
f 2742/3886 3706/3943 3704/3948
f 2698/4620 2689/4521 3727/4583
f 3045/3902 3730/3788 3728/3879
f 3051/3703 3731/3797 3730/3788
f 2698/4620 3727/4583 2579/4649
f 6441/4368 3057/4443 3046/4433
f 6441/4368 3046/4433 6450/4361
f 3704/3948 2738/3874 2742/3886
f 2740/3747 3039/3693 2751/3780
f 6449/3528 51/3604 6443/3593
f 3101/3831 2730/3850 2738/3874
f 2785/4391 2739/4311 2720/4348
f 2716/3783 3712/3711 2740/3747
f 59/3623 3156/3681 6445/3589
f 59/3623 6445/3589 6451/3550
f 56/4199 3044/4265 11/4198
f 12/4175 10/4113 56/4199
f 11/4198 12/4175 56/4199
f 6452/3669 3156/3681 3097/3829
f 6452/3669 3097/3829 6453/3740
f 56/4199 6454/4181 6455/4229
f 3742/3689 3091/3687 3730/3788
f 3078/4485 2672/4556 4334/4528
f 2713/4247 3060/4359 596/4342
f 573/3790 3051/3703 3102/3682
f 2698/4620 2678/4609 2672/4556
f 3092/4165 11/4198 3106/4243
f 3044/4265 56/4199 6455/4229
f 3044/4265 6455/4229 6456/4267
f 3044/4265 3106/4243 11/4198
f 2727/4027 2726/3982 2729/3957
f 6457/4283 3044/4265 6456/4267
f 12/4175 3099/4152 10/4113
f 4195/4103 3092/4165 3088/4123
f 3051/3703 3730/3788 3091/3687
f 3104/4040 4195/4103 3100/4109
f 2728/3915 2724/3972 2808/3971
f 3058/4314 3044/4265 6457/4283
f 3058/4314 6457/4283 6458/4353
f 3097/3829 6459/3889 6460/3821
f 6454/4181 56/4199 10/4113
f 6454/4181 10/4113 6461/4164
f 3044/4265 3058/4314 3106/4243
f 6453/3740 3097/3829 6460/3821
f 3106/4243 3058/4314 3447/4280
f 14/3847 3097/3829 3156/3681
f 3060/4359 2713/4247 3447/4280
f 3059/4472 2689/4521 3726/4498
f 14/3847 3156/3681 3107/3737
f 11/4198 3092/4165 3099/4152
f 2751/3780 2752/3804 2740/3747
f 2752/3804 2716/3783 2740/3747
f 3039/3693 2740/3747 3712/3711
f 6462/4177 16/4170 6463/4211
f 2752/3804 3101/3831 2716/3783
f 3092/4165 4195/4103 3099/4152
f 2703/4067 3694/4019 2708/4098
f 2709/4066 2726/3982 2727/4027
f 2708/4098 2699/4160 2703/4067
f 3730/3788 3039/3693 3742/3689
f 2706/4138 2807/4215 2713/4247
f 10/4113 3099/4152 4195/4103
f 3100/4109 2706/4138 3105/4047
f 2742/3886 3769/3857 3706/3943
f 3731/3797 2710/3806 3728/3879
f 3766/3652 3039/3693 4608/3635
f 3694/4019 2726/3982 2709/4066
f 2807/4215 2706/4138 3092/4165
f 3092/4165 3100/4109 3088/4123
f 2807/4215 3106/4243 3447/4280
f 3447/4280 3058/4314 3060/4359
f 2730/3850 2742/3886 2738/3874
f 2730/3850 3101/3831 2752/3804
f 2729/3957 3045/3902 3728/3879
f 2807/4215 3092/4165 3106/4243
f 14/3847 3107/3737 15/3909
f 2752/3804 2751/3780 2725/3837
f 3039/3693 3730/3788 2751/3780
f 10/4113 4195/4103 6464/4024
f 10/4113 6464/4024 6465/4033
f 6464/4024 4195/4103 3104/4040
f 6464/4024 3104/4040 6466/3998
f 3097/3829 14/3847 6467/3913
f 3097/3829 6467/3913 6468/3907
f 2733/3866 649/3894 2728/3915
f 6469/4073 10/4113 6465/4033
f 3097/3829 6468/3907 6459/3889
f 2706/4138 630/4062 3105/4047
f 17/4025 6470/3956 6467/3913
f 17/4025 6467/3913 14/3847
f 3099/4152 12/4175 11/4198
f 3709/4004 3706/3943 3694/4019
f 2575/4793 2639/4814 2554/4735
f 6442/3584 51/3604 59/3623
f 6442/3584 59/3623 6451/3550
f 3771/3630 3091/3687 3742/3689
f 3092/4165 2706/4138 3100/4109
f 4195/4103 3088/4123 3100/4109
f 3095/4055 17/4025 16/4170
f 2733/3866 2710/3806 573/3790
f 2723/4133 630/4062 2706/4138
f 3105/4047 2808/3971 2724/3972
f 3447/4280 2713/4247 2807/4215
f 6471/4068 3095/4055 16/4170
f 6471/4068 16/4170 6462/4177
f 6470/3956 17/4025 3095/4055
f 6470/3956 3095/4055 6472/4050
f 6466/3998 3104/4040 2724/3972
f 6466/3998 2724/3972 6473/3990
f 630/4062 2723/4133 2727/4027
f 649/3894 6474/3845 6475/3964
f 3095/4055 6476/4053 6472/4050
f 2706/4138 2713/4247 2723/4133
f 6461/4164 10/4113 6469/4073
f 3766/3652 4608/3635 3771/3630
f 6477/3601 3102/3682 544/3553
f 6477/3601 544/3553 6478/3559
f 3100/4109 3105/4047 3104/4040
f 2730/3850 2725/3837 2742/3886
f 2724/3972 3104/4040 3105/4047
f 8/4592 6479/4545 6480/4566
f 2709/4066 2708/4098 3694/4019
f 2724/3972 649/3894 6475/3964
f 2724/3972 6475/3964 6473/3990
f 2730/3850 2752/3804 2725/3837
f 2808/3971 3105/4047 630/4062
f 2554/4735 2680/4740 2670/4683
f 649/3894 573/3790 6481/3794
f 649/3894 6481/3794 6474/3845
f 2728/3915 649/3894 2724/3972
f 649/3894 2733/3866 573/3790
f 573/3790 3102/3682 6482/3762
f 573/3790 6482/3762 6481/3794
f 630/4062 2727/4027 2808/3971
f 2751/3780 3769/3857 2725/3837
f 2751/3780 3730/3788 3769/3857
f 2727/4027 2723/4133 2709/4066
f 3694/4019 3706/3943 2726/3982
f 2554/4735 2650/4680 2648/4682
f 51/3604 558/3631 3107/3737
f 6476/4053 3095/4055 6471/4068
f 3051/3703 573/3790 2710/3806
f 3102/3682 6477/3601 6482/3762
f 2727/4027 2729/3957 2808/3971
f 3771/3630 4167/3617 3091/3687
f 2728/3915 2808/3971 3728/3879
f 6483/4204 16/4170 6484/4166
f 3771/3630 3742/3689 3766/3652
f 3728/3879 2733/3866 2728/3915
f 3728/3879 2710/3806 2733/3866
f 3051/3703 544/3553 3102/3682
f 2742/3886 2725/3837 3769/3857
f 2729/3957 3728/3879 2808/3971
f 3051/3703 2710/3806 3731/3797
f 2555/4563 6448/4520 6485/4525
f 2555/4563 6485/4525 9/4549
f 3706/3943 3769/3857 3045/3902
f 2594/4688 2572/4652 2593/4709
f 3045/3902 3769/3857 3730/3788
f 7/4584 2555/4563 9/4549
f 3039/3693 3766/3652 3742/3689
f 3704/3948 3706/3943 3709/4004
f 3709/4004 3694/4019 2703/4067
f 2726/3982 3706/3943 3045/3902
f 2709/4066 2702/4154 2708/4098
f 9/4549 6485/4525 6479/4545
f 9/4549 6479/4545 8/4592
f 3046/4433 3058/4314 6458/4353
f 3046/4433 6458/4353 6450/4361
f 2670/4683 2660/4711 2698/4620
f 2648/4682 2650/4680 2579/4649
f 2574/4750 2575/4793 2554/4735
f 2696/4618 3043/4577 2572/4652
f 2726/3982 3045/3902 2729/3957
f 2554/4735 2670/4683 2650/4680
f 3728/3879 3730/3788 3731/3797
f 2681/4843 2569/4778 2685/4796
f 2685/4796 2569/4778 2660/4711
f 3043/4577 2553/4508 2646/4588
f 2723/4133 2713/4247 2722/4214
f 2702/4154 2723/4133 2722/4214
f 2638/4706 2660/4711 2569/4778
f 2697/4448 3060/4359 3046/4433
f 16/4170 6483/4204 6463/4211
f 2690/4527 2696/4618 3727/4583
f 2699/4160 2702/4154 2705/4252
f 2705/4252 2702/4154 2722/4214
f 2670/4683 2680/4740 2660/4711
f 2660/4711 2638/4706 2683/4658
f 3060/4359 3056/4423 596/4342
f 6486/4611 8/4592 6480/4566
f 2721/4251 2699/4160 2705/4252
f 9/4549 8/4592 7/4584
f 2719/4278 2705/4252 2722/4214
f 2579/4649 2650/4680 2670/4683
f 6444/3651 3156/3681 6452/3669
f 2698/4620 2660/4711 2683/4658
f 17/4025 14/3847 15/3909
f 2719/4278 2713/4247 596/4342
f 17/4025 6386/4101 6484/4166
f 17/4025 6484/4166 16/4170
f 2719/4278 596/4342 2720/4348
f 3046/4433 3060/4359 3058/4314
f 2698/4620 2579/4649 2670/4683
f 596/4342 3056/4423 2704/4381
f 2651/4629 2678/4609 2683/4658
f 5090/6553 5069/6568 3015/6491
f 5657/6815 5006/6906 4265/6827
f 3050/6702 5657/6815 4265/6827
f 4275/6338 4837/6252 4863/6356
f 5080/6438 6308/6403 4706/6459
f 6065/6472 5950/6432 3974/6464
f 4943/6426 5583/6473 4892/6463
f 2387/6723 5032/6841 6240/6712
f 4936/6890 4265/6827 5006/6906
f 5091/6378 5089/6332 5360/6325
f 4730/6178 4928/6160 4770/6217
f 4818/6413 4907/6342 4292/6395
f 4805/6107 4918/6122 4729/6159
f 6055/6209 4482/6214 6064/6237
f 5032/6841 5009/6742 6240/6712
f 5061/6616 4642/6539 3718/6608
f 4792/6197 4729/6159 4730/6178
f 4266/6476 4818/6413 4292/6395
f 5029/6587 5113/6504 4956/6594
f 4792/6197 4730/6178 4791/6234
f 4900/6261 5083/6221 965/6310
f 5067/6435 5955/6362 3802/6420
f 3116/6909 5657/6815 5009/6742
f 4943/6426 4687/6424 5109/6358
f 5009/6742 5032/6841 3116/6909
f 6190/6535 5958/6495 6191/6566
f 4857/6276 4858/6262 4791/6234
f 4956/6594 3050/6702 5029/6587
f 5297/6316 4898/6369 5821/6286
f 4967/6165 4964/6108 4709/6213
f 4709/6213 5948/6271 4855/6257
f 4837/6252 5821/6286 4863/6356
f 4935/6493 4686/6453 4687/6424
f 4757/6514 6191/6566 5958/6495
f 4686/6453 4956/6594 5113/6504
f 4792/6197 4858/6262 4709/6213
f 5089/6332 4984/6288 4899/6255
f 4858/6262 5948/6271 4709/6213
f 3015/6491 5517/6458 4818/6413
f 4899/6255 4900/6261 5360/6325
f 5583/6473 4893/6517 4892/6463
f 6209/6640 5624/6628 2436/6692
f 5948/6271 5160/6307 4855/6257
f 4820/6370 5949/6313 4908/6328
f 4878/6411 5091/6378 4686/6453
f 5075/6419 4898/6369 5065/6380
f 4687/6424 965/6310 5109/6358
f 4846/6190 4872/6256 4482/6214
f 4771/6389 4292/6395 4275/6338
f 5091/6378 4878/6411 5089/6332
f 5085/6451 5067/6435 2715/6512
f 5624/6628 5012/6696 2436/6692
f 4898/6369 5297/6316 5065/6380
f 4828/6181 6055/6209 6064/6237
f 5009/6742 5031/6636 6240/6712
f 5114/6376 4686/6453 5091/6378
f 5821/6286 4837/6252 4828/6181
f 5360/6325 4900/6261 965/6310
f 5085/6451 5065/6380 5067/6435
f 3802/6420 5955/6362 4984/6288
f 6221/6295 5297/6316 4872/6256
f 4907/6342 4818/6413 4908/6328
f 4706/6459 4803/6499 5080/6438
f 4878/6411 4984/6288 5089/6332
f 4804/6529 4706/6459 5085/6451
f 3802/6420 4984/6288 4878/6411
f 4837/6252 4857/6276 4770/6217
f 4857/6276 4837/6252 4275/6338
f 4872/6256 6064/6237 4482/6214
f 6221/6295 5067/6435 5065/6380
f 4872/6256 4846/6190 6221/6295
f 3116/6909 5006/6906 5657/6815
f 6190/6535 6191/6566 4834/6599
f 5009/6742 5657/6815 3050/6702
f 5009/6742 3050/6702 4956/6594
f 4770/6217 5504/6110 4837/6252
f 5009/6742 4956/6594 5031/6636
f 4978/6630 6240/6712 5031/6636
f 6190/6535 4834/6599 3895/6565
f 3015/6491 4266/6476 5090/6553
f 4878/6411 4686/6453 5113/6504
f 6209/6640 2387/6723 4978/6630
f 6308/6403 4898/6369 5075/6419
f 4900/6261 5084/6177 5083/6221
f 2387/6723 6209/6640 2436/6692
f 6209/6640 4978/6630 5099/6569
f 5099/6569 5100/6579 6209/6640
f 5100/6579 5624/6628 6209/6640
f 5029/6587 3718/6608 5112/6500
f 4908/6328 4818/6413 4820/6370
f 5821/6286 4828/6181 6064/6237
f 5114/6376 965/6310 4687/6424
f 965/6310 5114/6376 5360/6325
f 5106/6121 4899/6255 4984/6288
f 5089/6332 4899/6255 5360/6325
f 5114/6376 4687/6424 4686/6453
f 4943/6426 4892/6463 4687/6424
f 5075/6419 5065/6380 5085/6451
f 5114/6376 5091/6378 5360/6325
f 5106/6121 4984/6288 6287/6135
f 6221/6295 4846/6190 6287/6135
f 4928/6160 4730/6178 2004/6112
f 4687/6424 4892/6463 4935/6493
f 4863/6356 4898/6369 6308/6403
f 4642/6539 5067/6435 6281/6496
f 6287/6135 4984/6288 6221/6295
f 4872/6256 5297/6316 5821/6286
f 4900/6261 4899/6255 5084/6177
f 4935/6493 4892/6463 4893/6517
f 4978/6630 2387/6723 6240/6712
f 4935/6493 5111/6519 4686/6453
f 5084/6177 4899/6255 5106/6121
f 6221/6295 4984/6288 5955/6362
f 4907/6342 4275/6338 4292/6395
f 5958/6495 6190/6535 6065/6472
f 5955/6362 5067/6435 6221/6295
f 4964/6108 4805/6107 4709/6213
f 5297/6316 6221/6295 5065/6380
f 4729/6159 4918/6122 4730/6178
f 4837/6252 5504/6110 4828/6181
f 4878/6411 5113/6504 5112/6500
f 5504/6110 4770/6217 4928/6160
f 5113/6504 5029/6587 5112/6500
f 3802/6420 6281/6496 5067/6435
f 4898/6369 4863/6356 5821/6286
f 2004/6112 4730/6178 4918/6122
f 5958/6495 5517/6458 4757/6514
f 3802/6420 5112/6500 6281/6496
f 5821/6286 6064/6237 4872/6256
f 2715/6512 4804/6529 5085/6451
f 4791/6234 4730/6178 4770/6217
f 4791/6234 4770/6217 4857/6276
f 5029/6587 3050/6702 3718/6608
f 2715/6512 5067/6435 4642/6539
f 5085/6451 4706/6459 5075/6419
f 5080/6438 4863/6356 6308/6403
f 5075/6419 4706/6459 6308/6403
f 3718/6608 4642/6539 6281/6496
f 4956/6594 4686/6453 5111/6519
f 3717/6590 4642/6539 5061/6616
f 5112/6500 3718/6608 6281/6496
f 4729/6159 4792/6197 4805/6107
f 4771/6389 4275/6338 4863/6356
f 2715/6512 4642/6539 5107/6548
f 4804/6529 2715/6512 4868/6577
f 4858/6262 4792/6197 4791/6234
f 4926/6693 5082/6765 4929/6716
f 4857/6276 4275/6338 4907/6342
f 5296/6836 5086/6858 6124/6824
f 3050/6702 4265/6827 4261/6786
f 4792/6197 4709/6213 4805/6107
f 4868/6577 2715/6512 5107/6548
f 5107/6548 4642/6539 3717/6590
f 4800/6441 4292/6395 4771/6389
f 4908/6328 4858/6262 4907/6342
f 5107/6548 3717/6590 4868/6577
f 4954/6700 4261/6786 4931/6746
f 4266/6476 5078/6520 5090/6553
f 5087/6661 5066/6683 3719/6609
f 4266/6476 4292/6395 4800/6441
f 6178/6775 6112/6714 5068/6678
f 5948/6271 4858/6262 4908/6328
f 3015/6491 4818/6413 4266/6476
f 4877/6637 4926/6693 4923/6634
f 5078/6520 4803/6499 4914/6576
f 3037/6676 5296/6836 4876/6741
f 5064/6947 2549/6959 4866/6883
f 5950/6432 4818/6413 5517/6458
f 4914/6576 5090/6553 5078/6520
f 5070/6620 6191/6566 5069/6568
f 4771/6389 4863/6356 5080/6438
f 4932/6847 5063/6912 4971/6844
f 4779/6216 4709/6213 4855/6257
f 5948/6271 4908/6328 5949/6313
f 4818/6413 5950/6432 4820/6370
f 4972/6846 4261/6786 4265/6827
f 2775/6713 5068/6678 5039/6642
f 3990/6884 4865/6955 4850/6956
f 4932/6847 4925/6785 3720/6779
f 5087/6661 4864/6725 5066/6683
f 4967/6165 4709/6213 4779/6216
f 4708/6308 4779/6216 4855/6257
f 4855/6257 5160/6307 4708/6308
f 5160/6307 5948/6271 5949/6313
f 3015/6491 4757/6514 5517/6458
f 4820/6370 5950/6432 5869/6425
f 4820/6370 5160/6307 5949/6313
f 3718/6608 3050/6702 4954/6700
f 6124/6824 5086/6858 6487/6893
f 6124/6824 6487/6893 6419/6860
f 4801/6465 4803/6499 5079/6492
f 3037/6676 3895/6565 4834/6599
f 5160/6307 4820/6370 4708/6308
f 5069/6568 4757/6514 3015/6491
f 5950/6432 5517/6458 3974/6464
f 5869/6425 4708/6308 4820/6370
f 5950/6432 6065/6472 5869/6425
f 5080/6438 4801/6465 4800/6441
f 4757/6514 5069/6568 6191/6566
f 5958/6495 3974/6464 5517/6458
f 4859/6659 5070/6620 5068/6678
f 5869/6425 6065/6472 3895/6565
f 4865/6955 3990/6884 4866/6883
f 4968/6876 4932/6847 3720/6779
f 3974/6464 5958/6495 6065/6472
f 3895/6565 6065/6472 6190/6535
f 4954/6700 4930/6666 3718/6608
f 4876/6741 5296/6836 6124/6824
f 3990/6884 5296/6836 3038/6751
f 3038/6751 5296/6836 3037/6676
f 6178/6775 4866/6883 3990/6884
f 5063/6912 4866/6883 2585/6834
f 4931/6746 4930/6666 4954/6700
f 4868/6577 5087/6661 3719/6609
f 6178/6775 3990/6884 3038/6751
f 2549/6959 4865/6955 4866/6883
f 6178/6775 3038/6751 6112/6714
f 4859/6659 3038/6751 3037/6676
f 5042/6774 4866/6883 6178/6775
f 3037/6676 4834/6599 4859/6659
f 4803/6499 4801/6465 5080/6438
f 5064/6947 4866/6883 5063/6912
f 4866/6883 5042/6774 4927/6796
f 5042/6774 6178/6775 2775/6713
f 4859/6659 5068/6678 6112/6714
f 6191/6566 4859/6659 4834/6599
f 4929/6716 4923/6634 4926/6693
f 3719/6609 5066/6683 4877/6637
f 2585/6834 4866/6883 4927/6796
f 4927/6796 5042/6774 4929/6716
f 5042/6774 2775/6713 4929/6716
f 6191/6566 5070/6620 4859/6659
f 4931/6746 4968/6876 3720/6779
f 5068/6678 2775/6713 6178/6775
f 4923/6634 5039/6642 5090/6553
f 4931/6746 3720/6779 5087/6661
f 2585/6834 4925/6785 5063/6912
f 5082/6765 2585/6834 4927/6796
f 4929/6716 5082/6765 4927/6796
f 2775/6713 5039/6642 4929/6716
f 4864/6725 3720/6779 4925/6785
f 4936/6890 4972/6846 4265/6827
f 3990/6884 4850/6956 5296/6836
f 4925/6785 2585/6834 5082/6765
f 5070/6620 5039/6642 5068/6678
f 4923/6634 4929/6716 5039/6642
f 5039/6642 5070/6620 5069/6568
f 4877/6637 4914/6576 3719/6609
f 6487/6893 5086/6858 5296/6836
f 6487/6893 5296/6836 6488/6889
f 5063/6912 4932/6847 5024/6913
f 4926/6693 4925/6785 5082/6765
f 4932/6847 4971/6844 4925/6785
f 4266/6476 5079/6492 5078/6520
f 5069/6568 5090/6553 5039/6642
f 4804/6529 3719/6609 4914/6576
f 4968/6876 5024/6913 4932/6847
f 4706/6459 4804/6529 4803/6499
f 3802/6420 4878/6411 5112/6500
f 4857/6276 4907/6342 4858/6262
f 5066/6683 4925/6785 4926/6693
f 4923/6634 5090/6553 4914/6576
f 5066/6683 4864/6725 4925/6785
f 4877/6637 4923/6634 4914/6576
f 4926/6693 4877/6637 5066/6683
f 4868/6577 3717/6590 5087/6661
f 6488/6889 5296/6836 4850/6956
f 6488/6889 4850/6956 6422/6952
f 4971/6844 5063/6912 4925/6785
f 4968/6876 4972/6846 4936/6890
f 4864/6725 5087/6661 3720/6779
f 4931/6746 4261/6786 4968/6876
f 3038/6751 4859/6659 6112/6714
f 4972/6846 4968/6876 4261/6786
f 4930/6666 4931/6746 5087/6661
f 4804/6529 4914/6576 4803/6499
f 4803/6499 5078/6520 5079/6492
f 3719/6609 4804/6529 4868/6577
f 4801/6465 5079/6492 4266/6476
f 5061/6616 4930/6666 5087/6661
f 4261/6786 4954/6700 3050/6702
f 4801/6465 4266/6476 4800/6441
f 4930/6666 5061/6616 3718/6608
f 5087/6661 3717/6590 5061/6616
f 4800/6441 4771/6389 5080/6438
f 4956/6594 5111/6519 5301/6559
f 5031/6636 5301/6559 6315/6584
f 5299/6542 4893/6517 6315/6584
f 5026/6550 5583/6473 5099/6569
f 4893/6517 5583/6473 5026/6550
f 4935/6493 5299/6542 5301/6559
f 5026/6550 5099/6569 4978/6630
f 4956/6594 5301/6559 5031/6636
f 5301/6559 5111/6519 4935/6493
f 4935/6493 4893/6517 5299/6542
f 5031/6636 6315/6584 4978/6630
f 4893/6517 5026/6550 6315/6584
f 6315/6584 5026/6550 4978/6630
f 6315/6584 5301/6559 5299/6542
f 2574/1894 2663/1782 2576/1844
f 5096/1278 2505/1150 2448/1217
f 4529/1241 4942/1198 2486/1304
f 2628/1248 2486/1304 4942/1198
f 2395/1852 2442/1793 2384/1751
f 3036/933 5293/784 4916/772
f 6489/787 2552/793 6490/843
f 2575/1952 2574/1894 2576/1844
f 5135/1314 2389/1466 5096/1278
f 4867/1352 2628/1248 2500/1360
f 759/1798 2482/1760 5645/1709
f 5006/1251 3116/1388 5135/1314
f 4949/1526 2592/1646 2544/1528
f 2388/1658 2391/1551 2389/1466
f 3036/933 2354/1037 4001/1051
f 4001/1051 4912/1122 4000/1092
f 2393/1462 2391/1551 2456/1618
f 4549/1285 2606/1423 2491/1368
f 2545/1750 2458/1886 2576/1844
f 2500/1360 2453/1477 4867/1352
f 2606/1423 2520/1430 4953/1569
f 2536/1642 2535/1592 2454/1660
f 2389/1466 3116/1388 2396/1568
f 2445/1540 2370/1507 2444/1489
f 3116/1388 5032/1585 2396/1568
f 2654/1767 2454/1660 2653/1715
f 4916/772 5293/784 6491/757
f 4916/772 6491/757 6492/738
f 2544/1528 2540/1453 4949/1526
f 2654/1767 2655/1900 2465/1869
f 6493/1061 2543/1187 8/1111
f 6493/1061 8/1111 6486/1087
f 2482/1760 4789/1797 2388/1658
f 2543/1187 6493/1061 6494/1033
f 2543/1187 6494/1033 13/1089
f 2606/1423 4549/1285 2486/1304
f 2360/1999 3962/1908 2565/1969
f 5847/1735 5032/1585 2384/1751
f 5645/1709 5847/1735 2442/1793
f 2392/1757 2388/1658 4789/1797
f 4000/1092 4357/1195 2506/1086
f 4938/1307 4619/1361 2488/1246
f 2384/1751 5032/1585 2387/1728
f 4940/1173 5271/1098 5010/1193
f 2443/1109 4941/1124 2484/1067
f 2384/1751 2442/1793 5847/1735
f 2386/1830 2384/1751 2387/1728
f 2655/1900 2459/1982 2465/1869
f 6495/778 2552/793 6489/787
f 2691/1905 53/1816 6060/1800
f 2472/1796 2850/1749 2381/1686
f 2451/1269 2628/1248 2355/1148
f 2628/1248 2451/1269 2500/1360
f 3036/933 2508/1011 6496/951
f 3036/933 6496/951 6497/944
f 4739/1467 2369/1608 2453/1477
f 4884/1883 2442/1793 2395/1852
f 3111/899 2354/1037 3036/933
f 2355/1148 4912/1122 2354/1037
f 2454/1660 2535/1592 2653/1715
f 5012/1907 2386/1830 2436/1823
f 2391/1551 2388/1658 2456/1618
f 2606/1423 2644/1579 2605/1450
f 2563/1381 2557/1403 4950/1452
f 4949/1526 2540/1453 4950/1452
f 4001/1051 2354/1037 4912/1122
f 2654/1767 2653/1715 53/1816
f 4897/1344 2500/1360 2451/1269
f 2500/1360 2561/1412 4739/1467
f 6496/951 2508/1011 2506/1086
f 6496/951 2506/1086 6498/963
f 6060/1800 53/1816 2653/1715
f 5135/1314 3116/1388 2389/1466
f 2691/1905 2655/1900 53/1816
f 2445/1540 2369/1608 2370/1507
f 4916/772 3042/769 3111/899
f 4916/772 6499/741 6500/702
f 4916/772 6500/702 3042/769
f 5645/1709 2396/1568 5032/1585
f 2370/1507 4739/1467 2560/1426
f 2561/1412 2500/1360 4897/1344
f 2850/1749 6060/1800 2369/1608
f 2561/1412 4897/1344 2560/1426
f 2445/1540 2381/1686 2369/1608
f 2560/1426 4854/1458 2370/1507
f 3111/899 3036/933 4916/772
f 2545/1750 2644/1579 2573/1702
f 2355/1148 2628/1248 4912/1122
f 2576/1844 2592/1646 2545/1750
f 2381/1686 2850/1749 2369/1608
f 2495/1205 2542/1105 4941/1124
f 2477/1845 2472/1796 2361/1893
f 2379/1627 2381/1686 2445/1540
f 2483/1349 2449/1310 2481/1252
f 4940/1173 5019/1121 5271/1098
f 2370/1507 4854/1458 2444/1489
f 4882/1000 5138/887 2497/975
f 6060/1800 2477/1845 4963/1938
f 4937/1005 3034/1066 2497/975
f 4840/1419 2449/1310 2483/1349
f 4963/1938 2480/1976 2691/1905
f 2489/1807 2573/1702 2490/1759
f 4370/1987 2458/1886 3962/1908
f 5645/1709 2482/1760 2388/1658
f 4619/1361 2367/1416 4854/1458
f 2498/911 4992/1024 3111/899
f 4936/1147 5006/1251 2448/1217
f 2381/1686 4323/1764 2472/1796
f 5096/1278 5010/1193 5459/1172
f 2498/911 3042/769 5138/887
f 2606/1423 2486/1304 2520/1430
f 2458/1886 2545/1750 2489/1807
f 2495/1205 2449/1310 4938/1307
f 4884/1883 759/1798 2442/1793
f 2477/1845 4922/1916 4963/1938
f 4992/1024 2355/1148 2354/1037
f 4963/1938 2476/2006 2480/1976
f 2451/1269 2355/1148 2488/1246
f 2449/1310 2368/1189 2481/1252
f 2380/1683 2379/1627 2457/1625
f 2379/1627 5023/1573 2457/1625
f 4992/1024 2542/1105 2355/1148
f 2511/1399 2483/1349 4825/1267
f 5847/1735 5645/1709 5032/1585
f 2448/1217 2505/1150 4936/1147
f 5023/1573 2445/1540 2394/1481
f 4703/922 2497/975 2485/894
f 4922/1916 2477/1845 2361/1893
f 4884/1883 4789/1797 759/1798
f 4922/1916 2366/1955 4963/1938
f 2458/1886 2548/1977 2576/1844
f 2476/2006 4963/1938 2366/1955
f 2545/1750 2573/1702 2489/1807
f 2380/1683 2457/1625 2456/1618
f 2392/1757 4323/1764 2380/1683
f 4739/1467 2453/1477 2500/1360
f 5014/905 5098/830 5013/848
f 5138/887 4882/1000 2498/911
f 5098/830 5138/887 3042/769
f 5023/1573 4750/1548 2457/1625
f 3034/1066 2443/1109 2484/1067
f 5023/1573 2394/1481 4750/1548
f 2488/1246 4897/1344 2451/1269
f 4001/1051 4000/1092 3036/933
f 3962/1908 2458/1886 2489/1807
f 2455/1945 4922/1916 2361/1893
f 4992/1024 4882/1000 2542/1105
f 2552/793 3036/933 6497/944
f 2552/793 6497/944 6490/843
f 2575/1952 2576/1844 2548/1977
f 2455/1945 2366/1955 4922/1916
f 804/1064 4937/1005 2502/950
f 5138/887 5098/830 2485/894
f 4897/1344 2488/1246 4619/1361
f 2563/1381 4950/1452 2540/1453
f 2564/1305 2562/1398 2543/1187
f 2372/1483 4750/1548 2394/1481
f 2388/1658 2392/1757 2456/1618
f 2563/1381 2562/1398 2564/1305
f 2456/1618 4750/1548 2393/1462
f 759/1798 4789/1797 2482/1760
f 2484/1067 4882/1000 2497/975
f 3041/1322 4611/1306 2557/1403
f 2495/1205 2488/1246 2542/1105
f 2372/1483 2394/1481 2511/1399
f 3034/1066 5271/1098 5019/1121
f 6501/599 6335/615 5382/667
f 6501/599 5382/667 6502/600
f 5138/887 2485/894 2497/975
f 2488/1246 2495/1205 4938/1307
f 2489/1807 2490/1759 3962/1908
f 6423/470 4850/487 6503/489
f 5006/1251 5135/1314 2448/1217
f 2497/975 3034/1066 2484/1067
f 2488/1246 2355/1148 2542/1105
f 2367/1416 4938/1307 2449/1310
f 4986/618 2549/631 4988/664
f 4941/1124 2368/1189 2495/1205
f 4974/961 2400/936 4997/873
f 2544/1528 2592/1646 2593/1643
f 2480/1976 2476/2006 2452/2021
f 2498/911 3111/899 3042/769
f 2663/1782 2593/1643 2592/1646
f 2367/1416 4619/1361 4938/1307
f 4703/922 2485/894 5098/830
f 2380/1683 2381/1686 2379/1627
f 5064/701 3040/755 2549/631
f 2644/1579 2592/1646 2450/1509
f 5751/882 5063/791 5024/959
f 2549/631 3040/755 4988/664
f 2491/1368 2605/1450 2557/1403
f 3048/1803 2654/1767 2465/1869
f 2506/1086 4357/1195 2501/1182
f 4357/1195 2486/1304 4549/1285
f 2450/1509 4949/1526 4950/1452
f 4973/1043 804/1064 4974/961
f 2543/1187 2562/1398 7/1237
f 6504/651 3264/666 3042/769
f 6504/651 3042/769 6505/686
f 2369/1608 6060/1800 2653/1715
f 4980/565 4986/618 6335/615
f 4357/1195 4529/1241 2486/1304
f 4937/1005 2497/975 4703/922
f 4393/1169 2543/1187 13/1089
f 2654/1767 2490/1759 2536/1642
f 2563/1381 2540/1453 2562/1398
f 2380/1683 2456/1618 2392/1757
f 4937/1005 4703/922 5014/905
f 6335/615 6501/599 6506/596
f 6335/615 6506/596 4980/565
f 2477/1845 6060/1800 2850/1749
f 2545/1750 2592/1646 2644/1579
f 5023/1573 2379/1627 2445/1540
f 8/1111 2543/1187 7/1237
f 4988/664 6335/615 4986/618
f 5014/905 4703/922 5098/830
f 2560/1426 4897/1344 4619/1361
f 2396/1568 2388/1658 2389/1466
f 2368/1189 2449/1310 2495/1205
f 2483/1349 2511/1399 2394/1481
f 4953/1569 2490/1759 2573/1702
f 2443/1109 2368/1189 4941/1124
f 5096/1278 2393/1462 5095/1318
f 4000/1092 2508/1011 3036/933
f 2644/1579 2606/1423 4953/1569
f 4973/1043 5024/959 4968/1054
f 6507/647 3264/666 6504/651
f 4970/732 5045/743 5097/763
f 3042/769 3264/666 4970/732
f 4980/565 6508/552 6509/539
f 2562/1398 2540/1453 2544/1528
f 2557/1403 2605/1450 2450/1509
f 5645/1709 2388/1658 2396/1568
f 3034/1066 5019/1121 2443/1109
f 5271/1098 804/1064 5010/1193
f 2850/1749 2472/1796 2477/1845
f 4936/1147 4973/1043 4968/1054
f 6508/552 4980/565 6506/596
f 4970/732 5098/830 3042/769
f 6503/489 4850/487 4980/565
f 6503/489 4980/565 6509/539
f 2605/1450 2491/1368 2606/1423
f 4937/1005 5271/1098 3034/1066
f 2491/1368 2557/1403 4611/1306
f 4955/1240 4611/1306 3041/1322
f 4000/1092 2506/1086 2508/1011
f 6510/979 13/1089 6494/1033
f 2484/1067 4941/1124 2542/1105
f 5382/667 4970/732 3264/666
f 6511/604 3264/666 6507/647
f 5014/905 2502/950 4937/1005
f 4980/565 4865/575 2549/631
f 5014/905 5013/848 2502/950
f 4980/565 4850/487 4865/575
f 4840/1419 2367/1416 2449/1310
f 4611/1306 2501/1182 4549/1285
f 2535/1592 2358/1532 2453/1477
f 2393/1462 2389/1466 2391/1551
f 2654/1767 53/1816 2655/1900
f 5382/667 6335/615 4988/664
f 5020/1181 2368/1189 2443/1109
f 4970/732 5382/667 5045/743
f 2490/1759 4953/1569 2536/1642
f 13/1089 6510/979 6498/963
f 13/1089 6498/963 2506/1086
f 4988/664 5045/743 5382/667
f 2367/1416 2445/1540 2444/1489
f 2549/631 4986/618 4980/565
f 2486/1304 4867/1352 2520/1430
f 2543/1187 4955/1240 2564/1305
f 4942/1198 4912/1122 2628/1248
f 5097/763 5098/830 4970/732
f 4988/664 3040/755 5045/743
f 5045/743 3040/755 5013/848
f 2393/1462 4750/1548 2372/1483
f 4953/1569 2573/1702 2644/1579
f 2443/1109 5019/1121 5020/1181
f 2548/1977 2458/1886 4370/1987
f 2491/1368 4611/1306 4549/1285
f 2386/1830 2395/1852 2384/1751
f 4937/1005 804/1064 5271/1098
f 4357/1195 4942/1198 4529/1241
f 3042/769 6500/702 6505/686
f 4992/1024 2498/911 4882/1000
f 5045/743 5013/848 5098/830
f 5013/848 3040/755 4997/873
f 2511/1399 2393/1462 2372/1483
f 4323/1764 2381/1686 2380/1683
f 4942/1198 4000/1092 4912/1122
f 2639/2026 2575/1952 2548/1977
f 2548/1977 4370/1987 4336/2045
f 2436/1823 2386/1830 2387/1728
f 3040/755 5751/882 4997/873
f 5020/1181 2481/1252 2368/1189
f 2552/793 5293/784 3036/933
f 2400/936 4974/961 804/1064
f 5751/882 3040/755 5063/791
f 4739/1467 2561/1412 2560/1426
f 4963/1938 2691/1905 6060/1800
f 2457/1625 4750/1548 2456/1618
f 2628/1248 4867/1352 2486/1304
f 2546/2027 2639/2026 2548/1977
f 2552/793 6495/778 6512/781
f 2445/1540 2367/1416 4840/1419
f 5019/1121 4940/1173 5020/1181
f 5064/701 5063/791 3040/755
f 4997/873 5751/882 4974/961
f 2502/950 5013/848 2400/936
f 2358/1532 2520/1430 2453/1477
f 4825/1267 2481/1252 5020/1181
f 2483/1349 2481/1252 4825/1267
f 5097/763 5045/743 5098/830
f 2501/1182 4357/1195 4549/1285
f 4840/1419 2394/1481 2445/1540
f 4974/961 5751/882 4973/1043
f 2400/936 804/1064 2502/950
f 4000/1092 4942/1198 4357/1195
f 5751/882 5024/959 4973/1043
f 2394/1481 4840/1419 2483/1349
f 2520/1430 2358/1532 4953/1569
f 4825/1267 5020/1181 4940/1173
f 4370/1987 3962/1908 2360/1999
f 4739/1467 2370/1507 2369/1608
f 5010/1193 804/1064 5459/1172
f 3962/1908 2490/1759 2465/1869
f 2548/1977 4336/2045 2546/2027
f 2536/1642 4953/1569 2358/1532
f 759/1798 5645/1709 2442/1793
f 3048/1803 2465/1869 2490/1759
f 2373/1867 2472/1796 4323/1764
f 2476/2006 2357/2105 2452/2021
f 2565/1969 2459/1982 2551/2059
f 4891/1934 3098/1896 4790/1850
f 2459/1982 2655/1900 4589/1972
f 4350/2174 2570/2134 2529/2066
f 2395/1852 5011/1995 4884/1883
f 2551/2059 2529/2066 2360/1999
f 5007/2065 3096/1960 4891/1934
f 4962/1815 2373/1867 4323/1764
f 2440/2009 2422/1897 4884/1883
f 2463/2125 2551/2059 2352/2068
f 4336/2045 2570/2134 2571/2069
f 2463/2125 4350/2174 2461/2103
f 2452/2021 4713/1980 2480/1976
f 4789/1797 4790/1850 2392/1757
f 762/2104 2685/2114 2639/2026
f 2373/1867 3096/1960 2356/2052
f 2452/2021 2352/2068 4713/1980
f 2639/2026 2571/2069 762/2104
f 4790/1850 3098/1896 2374/1859
f 4891/1934 2390/1963 5007/2065
f 2570/2134 4336/2045 2529/2066
f 5382/667 3264/666 6511/604
f 5382/667 6511/604 6502/600
f 2681/2184 762/2104 2632/2126
f 2565/1969 2551/2059 2360/1999
f 2571/2069 2639/2026 2546/2027
f 2362/2067 2455/1945 2356/2052
f 2505/1150 804/1064 4973/1043
f 4790/1850 2422/1897 4891/1934
f 4370/1987 2529/2066 4336/2045
f 4589/1972 4713/1980 2352/2068
f 4891/1934 3096/1960 3098/1896
f 4713/1980 2655/1900 2691/1905
f 2362/2067 2357/2105 2476/2006
f 2546/2027 4336/2045 2571/2069
f 2632/2126 762/2104 2571/2069
f 2632/2126 2608/2162 2681/2184
f 762/2104 2681/2184 2685/2114
f 2570/2134 2608/2162 2632/2126
f 2551/2059 2463/2125 2461/2103
f 2461/2103 4350/2174 2551/2059
f 2529/2066 2551/2059 4350/2174
f 2571/2069 2570/2134 2632/2126
f 2356/2052 3096/1960 2375/2098
f 2366/1955 2362/2067 2476/2006
f 2356/2052 2455/1945 2361/1893
f 2455/1945 2362/2067 2366/1955
f 2357/2105 4452/2094 2452/2021
f 2352/2068 2551/2059 2459/1982
f 4370/1987 2360/1999 2529/2066
f 5007/2065 2375/2098 3096/1960
f 2361/1893 2373/1867 2356/2052
f 4452/2094 2352/2068 2452/2021
f 2352/2068 2459/1982 4589/1972
f 2374/1859 3096/1960 2373/1867
f 2373/1867 2361/1893 2472/1796
f 4962/1815 2374/1859 2373/1867
f 3098/1896 3096/1960 2374/1859
f 4589/1972 2655/1900 4713/1980
f 2422/1897 2390/1963 4891/1934
f 2392/1757 2374/1859 4962/1815
f 2480/1976 4713/1980 2691/1905
f 2390/1963 2422/1897 2440/2009
f 4962/1815 4323/1764 2392/1757
f 2374/1859 2392/1757 4790/1850
f 4789/1797 2422/1897 4790/1850
f 4884/1883 2422/1897 4789/1797
f 5011/1995 2440/2009 4884/1883
f 2386/1830 5011/1995 2395/1852
f 2386/1830 5012/1907 5011/1995
f 2542/1105 4882/1000 2484/1067
f 4940/1173 5010/1193 4825/1267
f 3962/1908 2465/1869 2565/1969
f 5459/1172 804/1064 2505/1150
f 2505/1150 4973/1043 4936/1147
f 4854/1458 2367/1416 2444/1489
f 4997/873 2400/936 5013/848
f 4867/1352 2453/1477 2520/1430
f 2511/1399 4825/1267 5095/1318
f 2501/1182 13/1089 2506/1086
f 4955/1240 2501/1182 4611/1306
f 4916/772 6492/738 6499/741
f 2536/1642 2358/1532 2535/1592
f 5010/1193 5095/1318 4825/1267
f 5096/1278 5459/1172 2505/1150
f 5096/1278 5095/1318 5010/1193
f 2535/1592 2453/1477 2369/1608
f 2393/1462 2511/1399 5095/1318
f 2543/1187 4393/1169 4955/1240
f 3041/1322 2557/1403 2563/1381
f 2564/1305 4955/1240 3041/1322
f 6491/757 5293/784 2552/793
f 6491/757 2552/793 6512/781
f 2592/1646 2576/1844 2663/1782
f 2605/1450 2644/1579 2450/1509
f 3048/1803 2490/1759 2654/1767
f 4950/1452 2557/1403 2450/1509
f 4949/1526 2450/1509 2592/1646
f 2563/1381 2564/1305 3041/1322
f 2654/1767 2536/1642 2454/1660
f 2535/1592 2369/1608 2653/1715
f 5135/1314 5096/1278 2448/1217
f 13/1089 2501/1182 4393/1169
f 4619/1361 4854/1458 2560/1426
f 3111/899 4992/1024 2354/1037
f 2393/1462 5096/1278 2389/1466
f 4393/1169 2501/1182 4955/1240
f 2565/1969 2465/1869 2459/1982
f 196/4761 3339/4686 6088/4675
f 138/4678 6309/4769 153/4690
f 223/4836 222/4914 423/4846
f 131/5177 397/5124 401/5058
f 550/4982 394/4907 319/4896
f 69/5098 66/5088 221/5010
f 196/4761 170/4788 3339/4686
f 483/5072 397/5124 129/5149
f 221/5010 6093/5005 62/5068
f 320/5003 550/4982 319/4896
f 512/4946 327/5007 360/4974
f 401/5058 397/5124 483/5072
f 401/5058 483/5072 364/4986
f 396/4916 360/4974 364/4986
f 397/5124 131/5177 129/5149
f 401/5058 364/4986 360/4974
f 153/4690 196/4761 6088/4675
f 74/5337 134/5305 109/5269
f 394/4907 550/4982 371/5041
f 371/5041 512/4946 394/4907
f 360/4974 327/5007 401/5058
f 401/5058 327/5007 371/5041
f 6099/4600 4037/4623 3339/4686
f 327/5007 512/4946 371/5041
f 6269/4434 6152/4507 481/4378
f 434/4657 477/4662 6284/4700
f 125/4633 4037/4623 6147/4570
f 435/4543 6280/4540 393/4582
f 3469/3781 3471/3863 3422/3786
f 3369/4312 6113/4372 4024/4413
f 6152/4507 533/4551 6328/4496
f 436/4210 456/4162 6285/4228
f 439/4392 6274/4427 6272/4490
f 3471/3863 3469/3781 3504/3901
f 437/4637 400/4679 465/4670
f 6147/4570 4037/4623 533/4551
f 6286/4064 445/4119 479/4142
f 6328/4496 489/4466 6127/4437
f 476/4298 6113/4372 3369/4312
f 6301/4516 444/4502 6283/4581
f 6152/4507 466/4574 6147/4570
f 6274/4427 648/4333 576/4383
f 648/4333 812/4221 576/4383
f 644/4453 438/4408 6247/4483
f 6269/4434 474/4512 6152/4507
f 468/4481 470/4411 439/4392
f 3601/3978 6327/3949 1500/4012
f 3546/3938 655/3993 443/4029
f 484/4586 437/4637 485/4616
f 6269/4434 6291/4456 474/4512
f 6127/4437 6152/4507 6328/4496
f 6290/4013 454/4070 446/4049
f 6088/4675 4037/4623 125/4633
f 458/4493 6272/4490 6302/4555
f 3339/4686 4037/4623 6088/4675
f 6284/4700 477/4662 6289/4737
f 6259/4569 138/4678 3362/4585
f 443/4029 6290/4013 3545/3922
f 656/4080 453/4126 456/4162
f 3443/4320 3381/4258 3369/4312
f 476/4298 481/4378 6113/4372
f 468/4481 6132/4517 6299/4476
f 3545/3922 6290/4013 798/3960
f 6274/4427 388/4494 6272/4490
f 3369/4312 3381/4258 449/4219
f 476/4298 478/4227 482/4284
f 3362/4585 426/4646 125/4633
f 388/4494 435/4543 6272/4490
f 533/4551 4037/4623 6099/4600
f 3362/4585 125/4633 466/4574
f 3369/4312 449/4219 476/4298
f 435/4543 388/4494 6280/4540
f 862/4271 451/4343 457/4279
f 6147/4570 466/4574 125/4633
f 6328/4496 533/4551 487/4511
f 645/4425 627/4471 576/4383
f 3362/4585 6152/4507 474/4512
f 3377/4045 1500/4012 6300/4079
f 482/4284 794/4354 481/4378
f 450/4186 441/4124 436/4210
f 812/4221 383/4355 576/4383
f 476/4298 449/4219 478/4227
f 449/4219 1946/4180 3371/4132
f 457/4279 436/4210 6285/4228
f 438/4408 645/4425 383/4355
f 655/3993 441/4124 443/4029
f 3359/4689 138/4678 6283/4581
f 437/4637 484/4586 393/4582
f 3362/4585 474/4512 6259/4569
f 6265/4276 450/4186 436/4210
f 6152/4507 3362/4585 466/4574
f 447/3991 6286/4064 1499/3989
f 794/4354 472/4398 6269/4434
f 484/4586 435/4543 393/4582
f 426/4646 3362/4585 138/4678
f 482/4284 478/4227 450/4186
f 441/4124 450/4186 3431/4099
f 463/4390 467/4446 472/4398
f 3389/3678 3469/3781 3422/3786
f 627/4471 388/4494 6274/4427
f 6130/4553 6132/4517 468/4481
f 486/4764 6277/4699 6284/4700
f 444/4502 467/4446 629/4430
f 3471/3863 3383/3930 6327/3949
f 6291/4456 6269/4434 472/4398
f 576/4383 383/4355 645/4425
f 3381/4258 1946/4180 449/4219
f 6277/4699 6278/4626 434/4657
f 3371/4132 6300/4079 479/4142
f 6276/4468 627/4471 645/4425
f 450/4186 478/4227 479/4142
f 463/4390 472/4398 460/4335
f 6265/4276 482/4284 450/4186
f 451/4343 459/4417 629/4430
f 453/4126 656/4080 448/4017
f 650/4313 383/4355 812/4221
f 3770/4096 3371/4132 3370/4111
f 437/4637 652/4636 400/4679
f 433/4578 6283/4581 444/4502
f 6301/4516 475/4534 474/4512
f 487/4511 4024/4413 489/4466
f 475/4534 6301/4516 6259/4569
f 444/4502 6301/4516 467/4446
f 6291/4456 472/4398 667/4432
f 437/4637 465/4670 485/4616
f 6301/4516 6291/4456 467/4446
f 439/4392 458/4493 468/4481
f 479/4142 445/4119 450/4186
f 460/4335 6265/4276 455/4296
f 3546/3938 443/4029 3545/3922
f 460/4335 457/4279 451/4343
f 6127/4437 489/4466 4024/4413
f 6265/4276 457/4279 455/4296
f 393/4582 652/4636 437/4637
f 627/4471 6280/4540 388/4494
f 6259/4569 474/4512 475/4534
f 444/4502 629/4430 6298/4465
f 6328/4496 487/4511 489/4466
f 6300/4079 6286/4064 479/4142
f 3770/4096 6300/4079 3371/4132
f 479/4142 449/4219 3371/4132
f 6259/4569 6301/4516 6283/4581
f 451/4343 463/4390 460/4335
f 467/4446 667/4432 472/4398
f 3504/3901 3545/3922 798/3960
f 467/4446 6291/4456 667/4432
f 3371/4132 1946/4180 3370/4111
f 794/4354 6265/4276 460/4335
f 3431/4099 450/4186 445/4119
f 457/4279 6265/4276 436/4210
f 481/4378 6152/4507 6127/4437
f 1500/4012 3377/4045 3601/3978
f 794/4354 482/4284 6265/4276
f 6300/4079 1500/4012 6286/4064
f 656/4080 441/4124 655/3993
f 3770/4096 3377/4045 6300/4079
f 6127/4437 4024/4413 6113/4372
f 459/4417 6298/4465 629/4430
f 438/4408 383/4355 650/4313
f 6050/5769 128/5684 144/5630
f 128/5684 6166/5591 144/5630
f 6295/3932 448/4017 655/3993
f 651/4595 393/4582 6280/4540
f 651/4595 389/4632 652/4636
f 6280/4540 6271/4572 651/4595
f 6280/4540 6275/4515 6271/4572
f 6275/4515 6276/4468 6247/4483
f 6247/4483 6276/4468 644/4453
f 389/4632 6266/4672 652/4636
f 6271/4572 389/4632 651/4595
f 629/4430 463/4390 451/4343
f 102/5719 128/5684 3821/5753
f 463/4390 629/4430 467/4446
f 454/4070 3431/4099 445/4119
f 6286/4064 446/4049 445/4119
f 436/4210 441/4124 456/4162
f 446/4049 6286/4064 447/3991
f 453/4126 464/4236 456/4162
f 147/5770 128/5684 6050/5769
f 6283/4581 138/4678 6259/4569
f 147/5770 5919/5767 128/5684
f 3821/5753 128/5684 5919/5767
f 533/4551 6152/4507 6147/4570
f 468/4481 6299/4476 470/4411
f 6099/4600 487/4511 533/4551
f 6286/4064 1500/4012 1499/3989
f 446/4049 454/4070 445/4119
f 3431/4099 454/4070 3654/4054
f 460/4335 472/4398 794/4354
f 656/4080 456/4162 441/4124
f 459/4417 470/4411 6298/4465
f 862/4271 457/4279 6285/4228
f 6298/4465 6132/4517 444/4502
f 477/4662 485/4616 465/4670
f 6309/4769 420/4845 223/4836
f 170/4788 471/4866 653/4801
f 6046/5300 6133/5260 6082/5290
f 484/4586 485/4616 6302/4555
f 645/4425 438/4408 644/4453
f 110/5454 130/5522 411/5494
f 69/5098 62/5068 6136/5155
f 457/4279 460/4335 455/4296
f 3832/5147 3833/5201 76/5210
f 411/5494 81/5498 6044/5455
f 153/4690 125/4633 426/4646
f 3833/5201 71/5271 304/5227
f 6094/5219 3854/5279 118/5320
f 3908/4919 3949/4968 4313/4889
f 444/4502 6132/4517 433/4578
f 6160/5487 158/5563 5922/5534
f 6168/5489 5957/5425 6250/5415
f 137/5404 6168/5489 6250/5415
f 6154/5435 145/5597 6168/5489
f 5924/5600 6339/5640 5923/5570
f 123/5366 85/5398 5957/5425
f 154/5700 6050/5769 145/5597
f 124/5360 140/5286 551/5345
f 6250/5415 5957/5425 85/5398
f 158/5563 6160/5487 6168/5489
f 6250/5415 124/5360 137/5404
f 145/5597 158/5563 6168/5489
f 6250/5415 85/5398 124/5360
f 137/5404 6154/5435 6168/5489
f 5922/5534 6329/5468 6160/5487
f 145/5597 144/5630 158/5563
f 124/5360 85/5398 123/5366
f 6050/5769 144/5630 145/5597
f 158/5563 6166/5591 5922/5534
f 124/5360 551/5345 137/5404
f 6166/5591 158/5563 144/5630
f 6168/5489 6160/5487 5957/5425
f 5924/5600 5922/5534 6166/5591
f 137/5404 551/5345 6154/5435
f 5923/5570 5922/5534 5924/5600
f 140/5286 124/5360 123/5366
f 6166/5591 128/5684 5924/5600
f 128/5684 6339/5640 5924/5600
f 6339/5640 128/5684 102/5719
f 3832/5147 6136/5155 3833/5201
f 447/3991 3383/3930 3504/3901
f 6113/4372 481/4378 6127/4437
f 68/5388 100/5405 78/5358
f 3360/4677 6099/4600 3339/4686
f 109/5269 3864/5176 3866/5198
f 74/5337 109/5269 6148/5400
f 6097/4736 82/4745 653/4801
f 6097/4736 3339/4686 82/4745
f 6312/5292 6049/5159 6094/5219
f 423/4846 471/4866 170/4788
f 648/4333 439/4392 3617/4230
f 6302/4555 435/4543 484/4586
f 1499/3989 1500/4012 6327/3949
f 474/4512 6291/4456 6301/4516
f 422/4630 6283/4581 433/4578
f 464/4236 451/4343 862/4271
f 3370/4111 3377/4045 3770/4096
f 196/4761 423/4846 170/4788
f 223/4836 423/4846 196/4761
f 6309/4769 223/4836 196/4761
f 6091/5017 222/4914 3949/4968
f 196/4761 153/4690 6309/4769
f 481/4378 794/4354 6269/4434
f 199/4871 223/4836 420/4845
f 470/4411 459/4417 451/4343
f 6295/3932 1005/4005 448/4017
f 199/4871 4313/4889 222/4914
f 3654/4054 454/4070 6290/4013
f 221/5010 3340/5066 3949/4968
f 426/4646 138/4678 153/4690
f 138/4678 417/4821 6309/4769
f 420/4845 417/4821 4313/4889
f 449/4219 479/4142 478/4227
f 3908/4919 221/5010 3949/4968
f 221/5010 3908/4919 6104/4978
f 3832/5147 6151/5148 66/5088
f 3431/4099 3654/4054 443/4029
f 627/4471 6276/4468 6275/4515
f 447/3991 6290/4013 446/4049
f 6104/4978 6093/5005 221/5010
f 69/5098 221/5010 62/5068
f 6136/5155 3832/5147 69/5098
f 3369/4312 4024/4413 3443/4320
f 6047/5042 62/5068 6093/5005
f 6136/5155 62/5068 6047/5042
f 71/5271 6133/5260 6046/5300
f 464/4236 6285/4228 456/4162
f 464/4236 862/4271 6285/4228
f 6046/5300 6082/5290 134/5305
f 74/5337 6148/5400 6052/5491
f 1499/3989 6327/3949 3383/3930
f 1499/3989 3383/3930 447/3991
f 6136/5155 79/5082 3864/5176
f 6132/4517 6130/4553 433/4578
f 440/4288 451/4343 464/4236
f 451/4343 440/4288 470/4411
f 6299/4476 6132/4517 6298/4465
f 6290/4013 443/4029 3654/4054
f 6082/5290 6133/5260 109/5269
f 109/5269 6136/5155 3864/5176
f 6148/5400 1776/5533 6052/5491
f 79/5082 3866/5198 3864/5176
f 6148/5400 109/5269 6312/5292
f 1776/5533 6148/5400 1778/5509
f 3866/5198 79/5082 6049/5159
f 6312/5292 109/5269 3866/5198
f 798/3960 6290/4013 447/3991
f 448/4017 656/4080 655/3993
f 6148/5400 6048/5444 1778/5509
f 441/4124 3431/4099 443/4029
f 6148/5400 80/5376 6048/5444
f 453/4126 448/4017 1005/4005
f 118/5320 80/5376 6312/5292
f 1778/5509 6031/5555 1777/5587
f 6327/3949 3601/3978 3621/3884
f 6278/4626 433/4578 6130/4553
f 440/4288 464/4236 453/4126
f 1778/5509 6048/5444 81/5498
f 470/4411 440/4288 439/4392
f 78/5358 80/5376 118/5320
f 6094/5219 118/5320 6312/5292
f 81/5498 6048/5444 6044/5455
f 411/5494 6031/5555 81/5498
f 6044/5455 6048/5444 100/5405
f 132/5327 68/5388 78/5358
f 3854/5279 132/5327 118/5320
f 130/5522 5923/5570 6182/5607
f 6044/5455 110/5454 411/5494
f 6298/4465 470/4411 6299/4476
f 100/5405 110/5454 6044/5455
f 3504/3901 798/3960 447/3991
f 110/5454 100/5405 68/5388
f 132/5327 67/5403 68/5388
f 5923/5570 130/5522 308/5529
f 5923/5570 6339/5640 6182/5607
f 458/4493 6302/4555 6130/4553
f 6278/4626 6131/4603 434/4657
f 6327/3949 3621/3884 3471/3863
f 477/4662 434/4657 6131/4603
f 67/5403 110/5454 68/5388
f 435/4543 6302/4555 6272/4490
f 3383/3930 3471/3863 3504/3901
f 433/4578 6278/4626 473/4654
f 67/5403 132/5327 6139/5357
f 6278/4626 6130/4553 6131/4603
f 3469/3781 4027/3840 3504/3901
f 102/5719 1729/5677 6339/5640
f 130/5522 110/5454 6137/5485
f 5922/5534 308/5529 6137/5485
f 6068/4912 471/4866 423/4846
f 81/5498 6031/5555 1778/5509
f 458/4493 6130/4553 468/4481
f 653/4801 82/4745 170/4788
f 6031/5555 6182/5607 1777/5587
f 6137/5485 308/5529 130/5522
f 308/5529 5922/5534 5923/5570
f 110/5454 67/5403 6137/5485
f 67/5403 6139/5357 6261/5416
f 6329/5468 6137/5485 67/5403
f 67/5403 6261/5416 6329/5468
f 439/4392 6272/4490 458/4493
f 6261/5416 6139/5357 123/5366
f 5922/5534 6137/5485 6329/5468
f 5957/5425 6261/5416 123/5366
f 453/4126 3617/4230 440/4288
f 1005/4005 1813/4063 453/4126
f 3621/3884 3422/3786 3471/3863
f 652/4636 393/4582 651/4595
f 6160/5487 6261/5416 5957/5425
f 304/5227 76/5210 3833/5201
f 1778/5509 1777/5587 1776/5533
f 420/4845 4313/4889 199/4871
f 6136/5155 6047/5042 79/5082
f 6091/5017 3949/4968 3340/5066
f 476/4298 482/4284 481/4378
f 473/4654 6278/4626 6277/4699
f 132/5327 78/5358 118/5320
f 76/5210 304/5227 71/5271
f 222/4914 4313/4889 3949/4968
f 1729/5677 6182/5607 6339/5640
f 6068/4912 423/4846 222/4914
f 130/5522 6182/5607 6031/5555
f 6049/5159 6312/5292 3866/5198
f 6302/4555 6131/4603 6130/4553
f 3617/4230 453/4126 1813/4063
f 3617/4230 439/4392 440/4288
f 6133/5260 6136/5155 109/5269
f 3545/3922 3504/3901 4027/3840
f 6148/5400 6312/5292 80/5376
f 6242/5023 6175/5014 6260/4962
f 562/5060 6175/5014 6242/5023
f 320/5003 6260/4962 6175/5014
f 320/5003 6175/5014 562/5060
f 4313/4889 417/4821 3908/4919
f 420/4845 6309/4769 417/4821
f 74/5337 6046/5300 134/5305
f 4281/3430 661/3368 1014/3372
f 4282/3365 1014/3372 3525/3312
f 1014/3372 661/3368 3525/3312
f 1014/3372 4282/3365 4281/3430
f 6329/5468 6261/5416 6160/5487
f 80/5376 78/5358 6048/5444
f 125/4633 153/4690 6088/4675
f 900/4235 947/4301 941/4357
f 946/4421 944/4450 336/4500
f 6158/5309 493/5315 6173/5267
f 6122/5208 6174/5229 121/5166
f 6122/5208 140/5286 6174/5229
f 131/5177 6122/5208 129/5149
f 6183/5701 201/5808 154/5700
f 140/5286 6122/5208 131/5177
f 154/5700 142/5573 6207/5625
f 6045/5816 6177/5783 2149/5766
f 6045/5816 2149/5766 6172/5759
f 141/5346 6154/5435 551/5345
f 142/5573 6162/5562 6207/5625
f 171/5569 239/5603 6226/5530
f 6177/5783 6183/5701 2149/5766
f 173/5608 6183/5701 6207/5625
f 6180/5070 1822/5025 1821/5075
f 193/5757 6045/5816 6172/5759
f 183/5818 193/5757 185/5796
f 141/5346 168/5361 6154/5435
f 126/5277 141/5346 551/5345
f 142/5573 6193/5497 146/5502
f 6154/5435 157/5434 6193/5497
f 3339/4686 170/4788 82/4745
f 6154/5435 168/5361 157/5434
f 143/5254 398/5214 126/5277
f 146/5502 6193/5497 578/5451
f 6162/5562 146/5502 290/5506
f 93/5674 180/5590 6200/5682
f 366/5154 131/5177 359/5107
f 173/5608 6162/5562 6202/5546
f 155/5657 173/5608 239/5603
f 164/5685 6183/5701 155/5657
f 540/5253 539/5244 6185/5173
f 493/5315 168/5361 313/5307
f 307/5263 313/5307 126/5277
f 1447/4305 6232/4324 964/4270
f 126/5277 398/5214 127/5164
f 171/5569 164/5685 239/5603
f 201/5808 6183/5701 6177/5783
f 366/5154 127/5164 398/5214
f 6162/5562 290/5506 6202/5546
f 157/5434 161/5395 578/5451
f 161/5395 168/5361 6251/5349
f 180/5590 93/5674 171/5569
f 6233/5239 494/5262 500/5308
f 366/5154 371/5041 127/5164
f 290/5506 165/5465 6202/5546
f 159/5447 578/5451 161/5395
f 938/4396 322/4475 936/4415
f 131/5177 401/5058 359/5107
f 91/5293 501/5245 539/5244
f 6180/5070 371/5041 550/4982
f 239/5603 6303/5560 6226/5530
f 294/5461 6/5514 171/5569
f 6295/3932 813/3942 1005/4005
f 401/5058 371/5041 359/5107
f 1822/5025 6180/5070 550/4982
f 6303/5560 165/5465 6226/5530
f 900/4235 941/4357 1785/4323
f 6249/5131 127/5164 6180/5070
f 307/5263 6211/5203 6173/5267
f 5928/5426 6/5514 294/5461
f 171/5569 6/5514 180/5590
f 171/5569 93/5674 164/5685
f 6159/5218 6173/5267 6211/5203
f 6255/5128 492/5108 555/5170
f 320/5003 1821/5075 1822/5025
f 95/5408 94/5463 6226/5530
f 6053/5172 6159/5218 6211/5203
f 6053/5172 6249/5131 6255/5128
f 6249/5131 1821/5075 6255/5128
f 164/5685 6172/5759 2149/5766
f 562/5060 1821/5075 320/5003
f 813/3942 1813/4063 1005/4005
f 95/5408 99/5369 94/5463
f 143/5254 131/5177 366/5154
f 557/5151 548/5122 554/5073
f 162/5289 6159/5218 6233/5239
f 6053/5172 555/5170 6159/5218
f 555/5170 6053/5172 6255/5128
f 6255/5128 1821/5075 492/5108
f 500/5308 498/5329 97/5378
f 366/5154 398/5214 143/5254
f 160/5368 500/5308 97/5378
f 6183/5701 154/5700 6207/5625
f 492/5108 1821/5075 562/5060
f 493/5315 307/5263 6173/5267
f 98/5328 99/5369 95/5408
f 492/5108 548/5122 555/5170
f 758/2935 707/2932 727/2997
f 162/5289 6233/5239 500/5308
f 500/5308 494/5262 498/5329
f 6249/5131 6180/5070 1821/5075
f 492/5108 562/5060 563/5105
f 98/5328 91/5293 99/5369
f 95/5408 165/5465 97/5378
f 6179/5197 547/5213 494/5262
f 313/5307 141/5346 126/5277
f 548/5122 492/5108 563/5105
f 1847/2995 727/2997 707/2932
f 777/3028 1847/2995 713/2924
f 555/5170 548/5122 6179/5197
f 143/5254 551/5345 140/5286
f 6257/4435 910/4356 942/4400
f 6211/5203 6249/5131 6053/5172
f 6243/5062 6242/5023 353/5026
f 6198/5054 567/5015 624/5081
f 574/4638 297/4571 559/4565
f 627/4471 6275/4515 6280/4540
f 547/5213 557/5151 501/5245
f 704/2854 783/2936 784/2838
f 578/5451 6193/5497 157/5434
f 6242/5023 569/4933 353/5026
f 6185/5173 501/5245 557/5151
f 6172/5759 164/5685 193/5757
f 6162/5562 142/5573 146/5502
f 6243/5062 353/5026 554/5073
f 6198/5054 618/5085 538/5037
f 947/4301 946/4421 941/4357
f 193/5757 93/5674 185/5796
f 1768/5109 557/5151 554/5073
f 162/5289 6173/5267 6159/5218
f 6233/5239 6159/5218 555/5170
f 6192/5061 554/5073 506/5022
f 941/4357 945/4442 942/4400
f 621/4920 567/5015 508/4999
f 322/4475 6257/4435 378/4519
f 941/4357 946/4421 945/4442
f 2902/2668 2900/2609 1057/2702
f 554/5073 353/5026 506/5022
f 562/5060 6242/5023 6243/5062
f 6257/4435 322/4475 938/4396
f 554/5073 548/5122 6243/5062
f 6185/5173 358/5191 540/5253
f 6303/5560 173/5608 6202/5546
f 1847/2995 707/2932 713/2924
f 494/5262 6233/5239 6179/5197
f 160/5368 165/5465 159/5447
f 6211/5203 127/5164 6249/5131
f 126/5277 551/5345 143/5254
f 569/4933 506/5022 353/5026
f 712/3102 777/3028 779/3006
f 627/4471 6274/4427 576/4383
f 358/5191 6185/5173 6237/5121
f 6185/5173 618/5085 6237/5121
f 143/5254 140/5286 131/5177
f 547/5213 6179/5197 557/5151
f 5509/2780 5510/2747 720/2776
f 6179/5197 6233/5239 555/5170
f 1785/4323 916/4253 900/4235
f 625/4758 349/4841 621/4920
f 506/5022 538/5037 6192/5061
f 173/5608 6303/5560 239/5603
f 6192/5061 538/5037 618/5085
f 6192/5061 1768/5109 554/5073
f 493/5315 6251/5349 168/5361
f 624/5081 6237/5121 6198/5054
f 142/5573 154/5700 145/5597
f 297/4571 338/4596 298/4505
f 500/5308 160/5368 162/5289
f 494/5262 547/5213 501/5245
f 540/5253 91/5293 539/5244
f 625/4758 343/4732 349/4841
f 758/2935 704/2854 722/2870
f 2902/2668 5673/2742 2904/2640
f 538/5037 523/4953 508/4999
f 493/5315 313/5307 307/5263
f 936/4415 322/4475 324/4533
f 126/5277 127/5164 307/5263
f 6243/5062 548/5122 562/5060
f 493/5315 6158/5309 6251/5349
f 6122/5208 121/5166 129/5149
f 597/4567 339/4628 595/4523
f 6185/5173 557/5151 1768/5109
f 93/5674 193/5757 164/5685
f 618/5085 1768/5109 6192/5061
f 621/4920 508/4999 523/4953
f 95/5408 498/5329 98/5328
f 498/5329 494/5262 501/5245
f 567/5015 6198/5054 508/4999
f 339/4628 625/4758 574/4638
f 160/5368 6251/5349 6158/5309
f 916/4253 952/4352 931/4277
f 2902/2668 1057/2702 5673/2742
f 142/5573 145/5597 6193/5497
f 336/4500 944/4450 595/4523
f 157/5434 168/5361 161/5395
f 559/4565 297/4571 336/4500
f 193/5757 183/5818 6045/5816
f 548/5122 557/5151 6179/5197
f 938/4396 936/4415 932/4349
f 98/5328 498/5329 501/5245
f 145/5597 6154/5435 6193/5497
f 161/5395 6251/5349 160/5368
f 164/5685 155/5657 239/5603
f 349/4841 545/4908 621/4920
f 1785/4323 910/4356 916/4253
f 559/4565 339/4628 574/4638
f 6303/5560 6202/5546 165/5465
f 159/5447 161/5395 160/5368
f 523/4953 538/5037 506/5022
f 162/5289 160/5368 6158/5309
f 6183/5701 173/5608 155/5657
f 94/5463 294/5461 171/5569
f 952/4352 932/4349 931/4277
f 515/4989 567/5015 621/4920
f 298/4505 946/4421 336/4500
f 338/4596 297/4571 333/4650
f 545/4908 515/4989 621/4920
f 578/5451 290/5506 146/5502
f 508/4999 6198/5054 538/5037
f 91/5293 98/5328 501/5245
f 578/5451 159/5447 290/5506
f 1447/4305 931/4277 932/4349
f 298/4505 338/4596 301/4510
f 550/4982 320/5003 1822/5025
f 910/4356 952/4352 916/4253
f 322/4475 323/4546 324/4533
f 301/4510 338/4596 334/4593
f 6200/5682 185/5796 93/5674
f 378/4519 301/4510 334/4593
f 323/4546 378/4519 334/4593
f 6180/5070 127/5164 371/5041
f 165/5465 160/5368 97/5378
f 945/4442 946/4421 298/4505
f 95/5408 6226/5530 165/5465
f 6162/5562 173/5608 6207/5625
f 932/4349 6232/4324 1447/4305
f 6257/4435 942/4400 301/4510
f 322/4475 378/4519 323/4546
f 942/4400 910/4356 1785/4323
f 297/4571 574/4638 333/4650
f 945/4442 301/4510 942/4400
f 6183/5701 164/5685 2149/5766
f 6226/5530 94/5463 171/5569
f 301/4510 945/4442 298/4505
f 6257/4435 301/4510 378/4519
f 498/5329 95/5408 97/5378
f 307/5263 127/5164 6211/5203
f 371/5041 366/5154 359/5107
f 595/4523 339/4628 559/4565
f 1768/5109 618/5085 6185/5173
f 952/4352 910/4356 6257/4435
f 942/4400 1785/4323 941/4357
f 938/4396 932/4349 952/4352
f 165/5465 290/5506 159/5447
f 936/4415 6232/4324 932/4349
f 1447/4305 964/4270 931/4277
f 339/4628 343/4732 625/4758
f 938/4396 952/4352 6257/4435
f 297/4571 298/4505 336/4500
f 6158/5309 6173/5267 162/5289
f 6237/5121 624/5081 358/5191
f 313/5307 168/5361 141/5346
f 548/5122 563/5105 562/5060
f 5928/5426 294/5461 90/5362
f 6237/5121 618/5085 6198/5054
f 539/5244 501/5245 6185/5173
f 559/4565 336/4500 595/4523
f 318/4774 513/4862 361/4859
f 381/4787 513/4862 318/4774
f 381/4787 394/4907 513/4862
f 394/4907 512/4946 513/4862
f 2904/2640 2891/2660 2901/2543
f 5519/4120 961/4173 930/4137
f 961/4173 5519/4120 918/4144
f 961/4173 916/4253 930/4137
f 930/4137 933/4059 5519/4120
f 922/4052 918/4144 5519/4120
f 961/4173 918/4144 900/4235
f 916/4253 961/4173 900/4235
f 933/4059 922/4052 5519/4120
f 6322/2825 2889/2767 2879/2779
f 123/5366 6139/5357 135/5347
f 5554/2880 707/2932 722/2870
f 335/4772 329/4713 296/4784
f 625/4758 329/4713 574/4638
f 335/4772 296/4784 355/4824
f 574/4638 329/4713 333/4650
f 344/4757 335/4772 549/4785
f 6258/4860 355/4824 296/4784
f 6258/4860 621/4920 523/4953
f 295/4870 355/4824 6258/4860
f 340/4815 355/4824 295/4870
f 344/4757 317/4802 330/4705
f 295/4870 6258/4860 523/4953
f 338/4596 333/4650 330/4705
f 317/4802 316/4767 330/4705
f 523/4953 569/4933 295/4870
f 317/4802 295/4870 354/4855
f 316/4767 527/4674 330/4705
f 317/4802 354/4855 316/4767
f 334/4593 338/4596 527/4674
f 352/4848 354/4855 569/4933
f 316/4767 352/4848 351/4798
f 309/4754 316/4767 351/4798
f 6260/4962 569/4933 6242/5023
f 569/4933 566/4861 352/4848
f 936/4415 993/4403 6232/4324
f 334/4593 300/4692 345/4622
f 309/4754 370/4760 300/4692
f 352/4848 566/4861 351/4798
f 370/4760 309/4754 351/4798
f 566/4861 569/4933 6260/4962
f 6260/4962 320/5003 391/4930
f 325/4685 345/4622 300/4692
f 6260/4962 391/4930 566/4861
f 320/5003 319/4896 391/4930
f 300/4692 370/4760 325/4685
f 646/4441 880/4380 993/4403
f 646/4441 647/4412 880/4380
f 324/4533 374/4522 993/4403
f 351/4798 566/4861 370/4760
f 323/4546 345/4622 324/4533
f 1847/2995 5506/3090 732/3054
f 345/4622 325/4685 372/4664
f 370/4760 328/4768 325/4685
f 319/4896 566/4861 391/4930
f 646/4441 993/4403 374/4522
f 817/4388 880/4380 647/4412
f 646/4441 380/4474 647/4412
f 321/4579 374/4522 6279/4625
f 6279/4625 374/4522 324/4533
f 345/4622 372/4664 324/4533
f 328/4768 566/4861 319/4896
f 646/4441 374/4522 380/4474
f 817/4388 647/4412 380/4474
f 377/4447 375/4379 817/4388
f 321/4579 373/4606 575/4599
f 326/4763 372/4664 328/4768
f 328/4768 319/4896 326/4763
f 380/4474 374/4522 386/4564
f 438/4408 375/4379 377/4447
f 817/4388 380/4474 377/4447
f 386/4564 321/4579 575/4599
f 373/4606 331/4639 575/4599
f 326/4763 319/4896 394/4907
f 316/4767 309/4754 300/4692
f 380/4474 386/4564 636/4537
f 377/4447 6247/4483 438/4408
f 380/4474 636/4537 377/4447
f 386/4564 575/4599 384/4643
f 6279/4625 639/4691 331/4639
f 639/4691 6279/4625 326/4763
f 83/5297 136/5302 135/5347
f 381/4787 326/4763 394/4907
f 385/4590 636/4537 386/4564
f 6247/4483 377/4447 636/4537
f 375/4379 438/4408 650/4313
f 331/4639 639/4691 384/4643
f 326/4763 381/4787 639/4691
f 6174/5229 140/5286 136/5302
f 385/4590 384/4643 6254/4617
f 6268/4717 639/4691 381/4787
f 88/5141 6049/5159 6056/5089
f 636/4537 6254/4617 577/4559
f 6275/4515 577/4559 6271/4572
f 6268/4717 384/4643 639/4691
f 631/4687 6254/4617 384/4643
f 427/4817 6079/4844 61/4918
f 6254/4617 392/4624 577/4559
f 512/4946 360/4974 396/4916
f 6254/4617 390/4704 392/4624
f 389/4632 6271/4572 392/4624
f 419/4947 6079/4844 496/4878
f 5506/3090 777/3028 712/3102
f 318/4774 631/4687 6268/4717
f 549/4785 340/4815 317/4802
f 631/4687 318/4774 390/4704
f 396/4916 513/4862 512/4946
f 575/4599 331/4639 384/4643
f 422/4630 433/4578 473/4654
f 390/4704 6248/4660 392/4624
f 6248/4660 390/4704 408/4697
f 412/4813 6262/4752 6282/4874
f 121/5166 315/5123 312/5132
f 632/4783 390/4704 6270/4799
f 396/4916 6306/4895 361/4859
f 473/4654 6296/4719 3359/4689
f 6118/4879 6116/4856 421/4842
f 3359/4689 424/4765 138/4678
f 389/4632 408/4697 6266/4672
f 6270/4799 6306/4895 632/4783
f 86/4936 410/4881 3361/4885
f 6247/4483 636/4537 577/4559
f 783/2936 737/2893 784/2838
f 316/4767 354/4855 352/4848
f 6081/4771 6079/4844 424/4765
f 6306/4895 396/4916 364/4986
f 577/4559 392/4624 6271/4572
f 417/4821 138/4678 427/4817
f 6139/5357 132/5327 83/5297
f 61/4918 3908/4919 417/4821
f 361/4859 6306/4895 6270/4799
f 408/4697 632/4783 6264/4770
f 364/4986 6125/4990 6306/4895
f 635/4939 6135/4994 419/4947
f 6081/4771 6296/4719 405/4795
f 61/4918 417/4821 427/4817
f 421/4842 6126/4820 6264/4770
f 400/4679 6266/4672 6262/4752
f 317/4802 340/4815 295/4870
f 421/4842 6116/4856 6126/4820
f 373/4606 321/4579 6279/4625
f 6277/4699 432/4776 60/4743
f 477/4662 465/4670 6289/4737
f 421/4842 6306/4895 6118/4879
f 386/4564 374/4522 321/4579
f 6125/4990 483/5072 6121/5043
f 341/4715 335/4772 344/4757
f 6049/5159 79/5082 6128/5053
f 424/4765 427/4817 138/4678
f 406/4977 3361/4885 6282/4874
f 6125/4990 6120/4967 6306/4895
f 60/4743 432/4776 405/4795
f 405/4795 6079/4844 6081/4771
f 483/5072 362/5080 6121/5043
f 390/4704 6254/4617 631/4687
f 312/5132 129/5149 121/5166
f 6104/4978 3908/4919 61/4918
f 6264/4770 6126/4820 6262/4752
f 473/4654 6277/4699 6296/4719
f 6262/4752 399/4741 400/4679
f 117/5152 534/5206 114/5266
f 6126/4820 6116/4856 6118/4879
f 122/4997 641/4984 415/4929
f 318/4774 361/4859 6270/4799
f 6270/4799 390/4704 318/4774
f 372/4664 326/4763 6279/4625
f 6289/4737 465/4670 399/4741
f 86/4936 122/4997 415/4929
f 6118/4879 6306/4895 6120/4967
f 300/4692 334/4593 527/4674
f 6262/4752 6126/4820 6282/4874
f 432/4776 413/4839 405/4795
f 496/4878 6079/4844 405/4795
f 6174/5229 136/5302 116/5251
f 385/4590 386/4564 384/4643
f 136/5302 140/5286 123/5366
f 412/4813 399/4741 6262/4752
f 632/4783 408/4697 390/4704
f 61/4918 6079/4844 419/4947
f 341/4715 344/4757 330/4705
f 6156/4792 413/4839 432/4776
f 641/4984 6129/4996 414/4937
f 421/4842 6264/4770 632/4783
f 409/4822 6289/4737 399/4741
f 6120/4967 491/4941 6118/4879
f 86/4936 418/4853 410/4881
f 549/4785 317/4802 344/4757
f 534/5206 6119/5130 403/5168
f 296/4784 625/4758 6258/4860
f 389/4632 392/4624 6248/4660
f 641/4984 122/4997 6128/5053
f 496/4878 405/4795 413/4839
f 316/4767 300/4692 527/4674
f 324/4533 993/4403 936/4415
f 87/4976 61/4918 419/4947
f 6121/5043 6120/4967 6125/4990
f 362/5080 312/5132 315/5123
f 135/5347 136/5302 123/5366
f 424/4765 6079/4844 427/4817
f 318/4774 6268/4717 381/4787
f 621/4920 6258/4860 625/4758
f 119/5129 120/5135 65/5200
f 635/4939 419/4947 496/4878
f 335/4772 340/4815 549/4785
f 362/5080 315/5123 490/5050
f 121/5166 6174/5229 403/5168
f 101/5083 133/5048 406/4977
f 534/5206 403/5168 6174/5229
f 491/4941 6282/4874 6118/4879
f 483/5072 129/5149 312/5132
f 413/4839 6156/4792 486/4764
f 491/4941 6120/4967 490/5050
f 120/5135 101/5083 117/5152
f 413/4839 414/4937 496/4878
f 6248/4660 408/4697 389/4632
f 323/4546 334/4593 345/4622
f 6047/5042 87/4976 419/4947
f 490/5050 315/5123 6119/5130
f 491/4941 490/5050 406/4977
f 6289/4737 418/4853 486/4764
f 566/4861 328/4768 370/4760
f 496/4878 414/4937 635/4939
f 491/4941 406/4977 6282/4874
f 6093/5005 87/4976 6047/5042
f 6253/5078 490/5050 6119/5130
f 418/4853 413/4839 486/4764
f 338/4596 330/4705 527/4674
f 3854/5279 6094/5219 65/5200
f 414/4937 634/4992 635/4939
f 3359/4689 6081/4771 424/4765
f 136/5302 83/5297 116/5251
f 3361/4885 409/4822 412/4813
f 409/4822 410/4881 418/4853
f 83/5297 114/5266 116/5251
f 6139/5357 83/5297 135/5347
f 506/5022 569/4933 523/4953
f 6296/4719 6277/4699 60/4743
f 779/3006 777/3028 697/2958
f 296/4784 329/4713 625/4758
f 405/4795 6296/4719 60/4743
f 116/5251 534/5206 6174/5229
f 414/4937 415/4929 641/4984
f 6253/5078 406/4977 490/5050
f 6129/4996 6128/5053 634/4992
f 385/4590 6254/4617 636/4537
f 324/4533 372/4664 6279/4625
f 6253/5078 101/5083 406/4977
f 6156/4792 432/4776 486/4764
f 6135/4994 634/4992 79/5082
f 409/4822 399/4741 412/4813
f 6322/2825 2984/2862 2889/2767
f 6322/2825 737/2893 2984/2862
f 6119/5130 117/5152 6253/5078
f 3359/4689 6296/4719 6081/4771
f 116/5251 114/5266 534/5206
f 415/4929 418/4853 86/4936
f 403/5168 6119/5130 315/5123
f 6128/5053 6129/4996 641/4984
f 6094/5219 88/5141 119/5129
f 473/4654 3359/4689 422/4630
f 6056/5089 122/4997 133/5048
f 61/4918 87/4976 6093/5005
f 577/4559 6275/4515 6247/4483
f 6253/5078 117/5152 101/5083
f 362/5080 483/5072 312/5132
f 409/4822 418/4853 6289/4737
f 294/5461 94/5463 310/5429
f 732/3054 727/2997 1847/2995
f 720/2776 681/2812 722/2870
f 6131/4603 6302/4555 485/4616
f 406/4977 133/5048 86/4936
f 6262/4752 6266/4672 408/4697
f 6094/5219 119/5129 65/5200
f 3361/4885 406/4977 86/4936
f 415/4929 414/4937 413/4839
f 6306/4895 421/4842 632/4783
f 79/5082 634/4992 6128/5053
f 328/4768 372/4664 325/4685
f 6135/4994 79/5082 6047/5042
f 117/5152 6119/5130 534/5206
f 409/4822 3361/4885 410/4881
f 341/4715 333/4650 329/4713
f 6135/4994 635/4939 634/4992
f 5509/2780 1057/2702 5510/2747
f 720/2776 722/2870 704/2854
f 1813/4063 812/4221 3617/4230
f 713/2924 697/2958 777/3028
f 783/2936 704/2854 758/2935
f 3854/5279 114/5266 132/5327
f 704/2854 5509/2780 720/2776
f 6322/2825 2879/2779 737/2893
f 399/4741 465/4670 400/4679
f 6056/5089 133/5048 119/5129
f 2891/2660 2879/2779 2889/2767
f 2902/2668 3563/2601 2900/2609
f 2879/2779 5673/2742 784/2838
f 5506/3090 1847/2995 777/3028
f 335/4772 341/4715 329/4713
f 133/5048 122/4997 86/4936
f 704/2854 784/2838 5509/2780
f 707/2932 758/2935 722/2870
f 432/4776 6277/4699 486/4764
f 166/5386 291/5399 5927/5335
f 713/2924 707/2932 5554/2880
f 784/2838 5673/2742 5509/2780
f 133/5048 101/5083 120/5135
f 6274/4427 439/4392 648/4333
f 2879/2779 784/2838 737/2893
f 681/2812 5554/2880 722/2870
f 361/4859 513/4862 396/4916
f 373/4606 6279/4625 331/4639
f 5673/2742 1057/2702 5509/2780
f 1057/2702 1853/2670 5510/2747
f 5673/2742 2879/2779 2904/2640
f 6056/5089 119/5129 88/5141
f 2900/2609 1853/2670 1057/2702
f 3854/5279 65/5200 114/5266
f 6104/4978 61/4918 6093/5005
f 1853/2670 720/2776 5510/2747
f 2904/2640 2879/2779 2891/2660
f 412/4813 6282/4874 3361/4885
f 114/5266 83/5297 132/5327
f 6128/5053 122/4997 6056/5089
f 2891/2660 2889/2767 2916/2667
f 2902/2668 2904/2640 3563/2601
f 6135/4994 6047/5042 419/4947
f 6120/4967 6121/5043 490/5050
f 6049/5159 88/5141 6094/5219
f 6125/4990 364/4986 483/5072
f 403/5168 315/5123 121/5166
f 6121/5043 362/5080 490/5050
f 340/4815 335/4772 355/4824
f 422/4630 3359/4689 6283/4581
f 117/5152 114/5266 65/5200
f 6126/4820 6118/4879 6282/4874
f 333/4650 341/4715 330/4705
f 6128/5053 6056/5089 6049/5159
f 6186/5857 183/5818 185/5796
f 520/5079 6236/5115 542/5087
f 6236/5115 6238/5137 535/5150
f 535/5150 624/5081 542/5087
f 6230/5194 516/5252 535/5150
f 624/5081 567/5015 617/5047
f 6238/5137 6236/5115 520/5079
f 542/5087 6236/5115 535/5150
f 535/5150 516/5252 358/5191
f 542/5087 624/5081 617/5047
f 6230/5194 535/5150 6238/5137
f 615/5046 520/5079 542/5087
f 615/5046 542/5087 617/5047
f 567/5015 515/4989 617/5047
f 617/5047 515/4989 615/5046
f 358/5191 624/5081 535/5150
f 615/5046 616/5039 520/5079
f 515/4989 616/5039 615/5046
f 3475/3792 3470/3701 3484/3670
f 799/3621 770/3581 772/3609
f 840/4200 816/4254 1586/4300
f 3457/3761 810/3826 3479/3776
f 3446/3452 3499/3437 3445/3515
f 767/3616 769/3656 3502/3698
f 3475/3792 3484/3670 3482/3753
f 765/3438 763/3509 806/3475
f 820/4322 911/4272 993/4403
f 3475/3792 3545/3922 4027/3840
f 811/3556 3453/3469 796/3453
f 3510/3671 3630/3580 3478/3570
f 3482/3753 3547/3789 3511/3854
f 3278/4071 1801/4042 886/3929
f 802/3883 813/3942 6295/3932
f 3475/3792 6325/3759 3470/3701
f 849/3722 3547/3789 3482/3753
f 966/4217 911/4272 921/4153
f 3495/3602 3433/3507 3434/3551
f 303/3510 3481/3514 3630/3580
f 3546/3938 3511/3854 3496/3860
f 992/4075 851/4134 882/4148
f 3459/3793 909/3834 830/3871
f 3543/3059 3507/3152 3352/3188
f 3510/3671 3478/3570 3495/3602
f 807/3810 814/3946 892/3859
f 806/3475 763/3509 790/3577
f 3495/3602 3484/3670 3470/3701
f 3587/3864 6295/3932 3496/3860
f 3498/3375 3442/3344 3534/3268
f 3479/3776 3480/3751 766/3662
f 800/3615 811/3556 835/3692
f 3459/3793 830/3871 821/3848
f 3603/3657 849/3722 3482/3753
f 3479/3776 3496/3860 3480/3751
f 1463/3176 3387/3255 3388/3213
f 6326/3726 3464/3763 849/3722
f 6295/3932 3587/3864 802/3883
f 3503/3664 767/3616 3502/3698
f 924/4206 816/4254 815/4151
f 3464/3763 6326/3726 835/3692
f 3484/3670 3603/3657 3482/3753
f 3510/3671 3495/3602 3470/3701
f 3482/3753 3511/3854 3475/3792
f 3496/3860 3464/3763 3480/3751
f 3511/3854 3546/3938 3545/3922
f 770/3581 801/3679 3483/3654
f 3434/3551 3484/3670 3495/3602
f 3434/3551 3524/3598 3484/3670
f 849/3722 3464/3763 3547/3789
f 3365/3132 3465/3228 3561/3184
f 3496/3860 3511/3854 3547/3789
f 3480/3751 835/3692 766/3662
f 6325/3759 3469/3781 3510/3671
f 3433/3507 3445/3515 3499/3437
f 3483/3654 766/3662 790/3577
f 3493/3457 3499/3437 3498/3375
f 3545/3922 3475/3792 3511/3854
f 3452/3568 3434/3551 3505/3480
f 3455/3655 3603/3657 800/3615
f 6326/3726 849/3722 835/3692
f 3524/3598 3603/3657 3484/3670
f 3475/3792 4027/3840 6325/3759
f 810/3826 3587/3864 3479/3776
f 650/4313 912/4297 375/4379
f 1463/3176 1811/3171 3351/3206
f 3534/3268 3408/3251 3352/3188
f 810/3826 802/3883 3587/3864
f 3524/3598 3434/3551 3452/3568
f 3587/3864 3496/3860 3479/3776
f 3470/3701 6325/3759 3510/3671
f 912/4297 1586/4300 817/4388
f 811/3556 790/3577 766/3662
f 819/4041 883/4072 827/3985
f 3510/3671 3469/3781 3389/3678
f 3464/3763 835/3692 3480/3751
f 6324/3124 3365/3132 3552/3062
f 820/4322 816/4254 911/4272
f 811/3556 766/3662 835/3692
f 3388/3213 3387/3255 3436/3304
f 3483/3654 3479/3776 766/3662
f 813/3942 802/3883 892/3859
f 3495/3602 3478/3570 3445/3515
f 3445/3515 3433/3507 3495/3602
f 3455/3655 800/3615 835/3692
f 3510/3671 3389/3678 3630/3580
f 3457/3761 3483/3654 801/3679
f 892/3859 814/3946 813/3942
f 811/3556 3452/3568 3453/3469
f 886/3929 821/3848 830/3871
f 3513/3318 3490/3246 3519/3277
f 3603/3657 3452/3568 800/3615
f 3445/3515 3478/3570 3481/3514
f 845/3827 825/3775 894/3833
f 3457/3761 3479/3776 3483/3654
f 3630/3580 3481/3514 3478/3570
f 3524/3598 3452/3568 3603/3657
f 1463/3176 3351/3206 3387/3255
f 3433/3507 3499/3437 3493/3457
f 886/3929 814/3946 807/3810
f 790/3577 763/3509 768/3574
f 924/4206 921/4153 911/4272
f 3493/3457 3505/3480 3434/3551
f 3573/3330 3465/3228 3513/3318
f 3457/3761 801/3679 774/3752
f 3445/3515 3481/3514 3446/3452
f 818/4205 812/4221 3278/4071
f 3505/3480 3453/3469 3452/3568
f 768/3574 3483/3654 790/3577
f 1813/4063 814/3946 1801/4042
f 814/3946 1813/4063 813/3942
f 892/3859 802/3883 810/3826
f 3561/3184 3534/3268 3507/3152
f 1467/3411 3453/3469 3505/3480
f 3436/3304 3442/3344 3648/3413
f 835/3692 849/3722 3455/3655
f 6295/3932 655/3993 3496/3860
f 3459/3793 826/3729 832/3727
f 796/3453 806/3475 811/3556
f 993/4403 880/4380 820/4322
f 770/3581 3483/3654 768/3574
f 3446/3452 3481/3514 305/3464
f 303/3510 305/3464 3481/3514
f 801/3679 771/3637 3503/3664
f 305/3464 3494/3476 3648/3413
f 3603/3657 3455/3655 849/3722
f 3488/3405 3493/3457 3498/3375
f 303/3510 3494/3476 305/3464
f 816/4254 820/4322 1586/4300
f 3499/3437 3442/3344 3498/3375
f 1467/3411 3505/3480 3488/3405
f 860/3995 992/4075 839/4074
f 806/3475 796/3453 3501/3416
f 3502/3698 769/3656 826/3729
f 3433/3507 3493/3457 3434/3551
f 839/4074 3278/4071 831/3962
f 3453/3469 1467/3411 1218/3384
f 1218/3384 796/3453 3453/3469
f 770/3581 768/3574 763/3509
f 774/3752 801/3679 3503/3664
f 770/3581 799/3621 801/3679
f 774/3752 3502/3698 807/3810
f 1801/4042 812/4221 1813/4063
f 821/3848 886/3929 807/3810
f 886/3929 1801/4042 814/3946
f 305/3464 3648/3413 3446/3452
f 889/3564 772/3609 753/3540
f 832/3727 826/3729 769/3656
f 3488/3405 3498/3375 3573/3330
f 1467/3411 3488/3405 3513/3318
f 811/3556 806/3475 790/3577
f 3465/3228 3365/3132 3522/3186
f 3442/3344 3446/3452 3648/3413
f 752/3462 763/3509 765/3438
f 3573/3330 3498/3375 3534/3268
f 851/4134 883/4072 815/4151
f 806/3475 803/3360 765/3438
f 3351/3206 3408/3251 3387/3255
f 803/3360 806/3475 3501/3416
f 1218/3384 1467/3411 3513/3318
f 3503/3664 3502/3698 774/3752
f 801/3679 799/3621 771/3637
f 1801/4042 3278/4071 812/4221
f 650/4313 818/4205 912/4297
f 807/3810 3459/3793 821/3848
f 3513/3318 3488/3405 3573/3330
f 3519/3277 1218/3384 3513/3318
f 774/3752 892/3859 3457/3761
f 1218/3384 795/3355 3501/3416
f 1218/3384 3501/3416 796/3453
f 800/3615 3452/3568 811/3556
f 807/3810 826/3729 3459/3793
f 749/3369 752/3462 765/3438
f 765/3438 803/3360 749/3369
f 3499/3437 3446/3452 3442/3344
f 3501/3416 795/3355 803/3360
f 3496/3860 655/3993 3546/3938
f 770/3581 752/3462 753/3540
f 3493/3457 3488/3405 3505/3480
f 771/3637 772/3609 3503/3664
f 3542/3208 6324/3124 3529/3109
f 772/3609 770/3581 753/3540
f 886/3929 831/3962 3278/4071
f 3534/3268 3561/3184 3465/3228
f 830/3871 831/3962 886/3929
f 839/4074 818/4205 3278/4071
f 3534/3268 3442/3344 3408/3251
f 3573/3330 3534/3268 3465/3228
f 3387/3255 3408/3251 3442/3344
f 3387/3255 3442/3344 3436/3304
f 1218/3384 3519/3277 3517/3294
f 3519/3277 3542/3208 3517/3294
f 302/3131 1811/3171 1463/3176
f 795/3355 1218/3384 3517/3294
f 892/3859 810/3826 3457/3761
f 795/3355 3485/3315 803/3360
f 772/3609 767/3616 3503/3664
f 812/4221 818/4205 650/4313
f 3496/3860 3547/3789 3464/3763
f 830/3871 833/3875 831/3962
f 826/3729 807/3810 3502/3698
f 3534/3268 3352/3188 3507/3152
f 752/3462 770/3581 763/3509
f 3513/3318 3465/3228 3490/3246
f 771/3637 799/3621 772/3609
f 3408/3251 3351/3206 3352/3188
f 3490/3246 3542/3208 3519/3277
f 892/3859 774/3752 807/3810
f 3522/3186 3490/3246 3465/3228
f 3485/3315 795/3355 3517/3294
f 3529/3109 6324/3124 3552/3062
f 889/3564 767/3616 772/3609
f 825/3775 3459/3793 832/3727
f 769/3656 1947/3710 832/3727
f 843/3925 839/4074 831/3962
f 839/4074 822/4203 818/4205
f 833/3875 830/3871 909/3834
f 3459/3793 825/3775 909/3834
f 833/3875 843/3925 831/3962
f 3352/3188 3351/3206 1811/3171
f 3490/3246 3522/3186 3542/3208
f 825/3775 832/3727 1947/3710
f 860/3995 839/4074 843/3925
f 818/4205 822/4203 912/4297
f 822/4203 839/4074 824/4129
f 909/3834 845/3827 833/3875
f 825/3775 845/3827 909/3834
f 833/3875 894/3833 843/3925
f 3561/3184 3507/3152 3365/3132
f 992/4075 883/4072 851/4134
f 302/3131 3352/3188 1811/3171
f 3352/3188 302/3131 3543/3059
f 3543/3059 3365/3132 3507/3152
f 3599/3075 1463/3176 3388/3213
f 3522/3186 6324/3124 3542/3208
f 842/3725 825/3775 1947/3710
f 860/3995 843/3925 6333/3903
f 817/4388 375/4379 912/4297
f 912/4297 822/4203 1586/4300
f 882/4148 822/4203 824/4129
f 992/4075 824/4129 839/4074
f 833/3875 845/3827 894/3833
f 894/3833 846/3825 843/3925
f 6324/3124 3522/3186 3365/3132
f 3543/3059 302/3131 3599/3075
f 3365/3132 3543/3059 3552/3062
f 1463/3176 3599/3075 302/3131
f 842/3725 894/3833 825/3775
f 860/3995 827/3985 992/4075
f 6333/3903 843/3925 846/3825
f 860/3995 6333/3903 827/3985
f 822/4203 840/4200 1586/4300
f 822/4203 882/4148 840/4200
f 882/4148 824/4129 992/4075
f 846/3825 894/3833 842/3725
f 992/4075 827/3985 883/4072
f 880/4380 817/4388 1586/4300
f 840/4200 882/4148 851/4134
f 880/4380 1586/4300 820/4322
f 840/4200 815/4151 816/4254
f 840/4200 851/4134 815/4151
f 819/4041 815/4151 883/4072
f 819/4041 921/4153 815/4151
f 815/4151 921/4153 924/4206
f 911/4272 816/4254 924/4206
f 993/4403 911/4272 6232/4324
f 911/4272 966/4217 6232/4324
f 964/4270 6232/4324 966/4217
f 295/4870 569/4933 354/4855
f 418/4853 415/4929 413/4839
f 119/5129 133/5048 120/5135
f 120/5135 117/5152 65/5200
f 384/4643 6268/4717 631/4687
f 634/4992 414/4937 6129/4996
f 6262/4752 408/4697 6264/4770
f 974/4121 922/4052 990/4021
f 948/4346 959/4237 1006/4325
f 989/3905 990/4021 978/3947
f 990/4021 1029/4082 957/4130
f 983/3885 989/3905 978/3947
f 893/3912 978/3947 990/4021
f 922/4052 893/3912 990/4021
f 1006/4325 951/4422 948/4346
f 1003/3658 1048/3717 1370/3694
f 951/4422 278/4480 598/4477
f 1010/4469 598/4477 595/4523
f 1048/3717 1052/3823 980/3811
f 943/4195 957/4130 959/4237
f 1029/4082 990/4021 1028/3979
f 918/4144 972/4145 900/4235
f 1028/3979 990/4021 989/3905
f 963/4167 957/4130 1029/4082
f 1020/4069 1029/4082 1028/3979
f 1028/3979 989/3905 6229/3888
f 989/3905 1052/3823 6229/3888
f 947/4301 900/4235 943/4195
f 947/4301 943/4195 959/4237
f 1029/4082 1020/4069 963/4167
f 972/4145 922/4052 974/4121
f 1052/3823 989/3905 980/3811
f 948/4346 947/4301 959/4237
f 916/4253 929/4182 930/4137
f 3530/4208 6332/4125 929/4182
f 969/4087 933/4059 930/4137
f 6332/4125 901/4172 6338/4127
f 966/4217 887/4157 901/4172
f 6338/4127 901/4172 887/4157
f 969/4087 923/4014 933/4059
f 969/4087 6336/4037 923/4014
f 921/4153 887/4157 966/4217
f 887/4157 823/4117 6338/4127
f 923/4014 913/3963 933/4059
f 6336/4037 999/3968 923/4014
f 6332/4125 915/4061 6336/4037
f 809/4056 915/4061 823/4117
f 913/3963 923/4014 999/3968
f 823/4117 921/4153 809/4056
f 999/3968 879/3908 913/3963
f 915/4061 1276/3986 904/3983
f 968/3832 983/3885 893/3912
f 980/3811 868/3760 986/3750
f 809/4056 921/4153 819/4041
f 879/3908 870/3887 913/3963
f 1276/3986 3290/3945 904/3983
f 844/3959 1276/3986 3227/4008
f 870/3887 970/3813 893/3912
f 970/3813 968/3832 893/3912
f 868/3760 968/3832 869/3777
f 927/3928 903/3877 879/3908
f 3290/3945 1276/3986 844/3959
f 898/3976 956/3926 844/3959
f 899/3861 970/3813 870/3887
f 868/3760 987/3707 991/3713
f 987/3707 868/3760 869/3777
f 898/3976 819/4041 2426/3937
f 903/3877 899/3861 879/3908
f 1404/3899 903/3877 927/3928
f 896/3897 3290/3945 844/3959
f 898/3976 1235/3895 956/3926
f 844/3959 956/3926 896/3897
f 1166/3791 970/3813 899/3861
f 970/3813 971/3746 869/3777
f 869/3777 971/3746 987/3707
f 2426/3937 827/3985 876/3898
f 898/3976 2426/3937 1235/3895
f 1003/3658 988/3645 685/3501
f 987/3707 971/3746 678/3697
f 6333/3903 876/3898 827/3985
f 838/3838 2426/3937 876/3898
f 1166/3791 903/3877 967/3835
f 864/3620 685/3501 988/3645
f 1166/3791 678/3697 971/3746
f 987/3707 678/3697 864/3620
f 1166/3791 971/3746 970/3813
f 6333/3903 867/3824 876/3898
f 876/3898 867/3824 838/3838
f 838/3838 928/3809 1235/3895
f 1166/3791 967/3835 1000/3731
f 928/3809 967/3835 896/3897
f 846/3825 867/3824 6333/3903
f 967/3835 928/3809 1000/3731
f 867/3824 846/3825 859/3738
f 3509/3773 6330/3708 838/3838
f 867/3824 859/3738 3509/3773
f 950/3636 872/3618 1000/3731
f 995/3519 865/3612 793/3592
f 1947/3710 3555/3650 842/3725
f 905/3642 859/3738 842/3725
f 859/3738 905/3642 6330/3708
f 872/3618 735/3588 878/3542
f 735/3588 950/3636 874/3555
f 872/3618 878/3542 692/3543
f 866/3458 995/3519 1009/3513
f 793/3592 684/3545 1009/3513
f 823/4117 887/4157 921/4153
f 809/4056 3227/4008 915/4061
f 842/3725 3555/3650 905/3642
f 6330/3708 905/3642 6331/3594
f 873/3629 6330/3708 6331/3594
f 873/3629 874/3555 950/3636
f 928/3809 838/3838 6330/3708
f 874/3555 878/3542 735/3588
f 1009/3513 684/3545 718/3491
f 690/3418 866/3458 848/3420
f 3555/3650 769/3656 890/3628
f 890/3628 919/3587 3555/3650
f 905/3642 3555/3650 919/3587
f 905/3642 854/3582 6331/3594
f 905/3642 847/3557 854/3582
f 874/3555 873/3629 6331/3594
f 689/3500 878/3542 874/3555
f 689/3500 691/3482 878/3542
f 692/3543 691/3482 718/3491
f 1009/3513 718/3491 848/3420
f 969/4087 930/4137 929/4182
f 688/3339 690/3418 848/3420
f 769/3656 778/3591 890/3628
f 847/3557 905/3642 919/3587
f 848/3420 718/3491 676/3397
f 778/3591 829/3549 919/3587
f 847/3557 919/3587 853/3520
f 691/3482 679/3435 676/3397
f 919/3587 829/3549 853/3520
f 829/3549 778/3591 828/3558
f 674/3433 914/3403 677/3467
f 679/3435 914/3403 996/3342
f 679/3435 996/3342 676/3397
f 968/3832 980/3811 983/3885
f 676/3397 728/3288 791/3300
f 747/3052 672/3181 791/3300
f 829/3549 792/3505 853/3520
f 750/3493 853/3520 785/3444
f 674/3433 841/3516 750/3493
f 756/3362 914/3403 674/3433
f 756/3362 996/3342 914/3403
f 683/3252 710/3209 728/3288
f 889/3564 792/3505 828/3558
f 756/3362 674/3433 856/3366
f 730/3185 710/3209 683/3252
f 785/3444 792/3505 4281/3430
f 889/3564 753/3540 792/3505
f 970/3813 869/3777 968/3832
f 785/3444 4281/3430 4282/3365
f 856/3366 674/3433 785/3444
f 683/3252 996/3342 754/3286
f 683/3252 731/3198 730/3185
f 4281/3430 792/3505 753/3540
f 785/3444 4282/3365 856/3366
f 739/3292 754/3286 856/3366
f 754/3286 731/3198 683/3252
f 752/3462 4281/3430 753/3540
f 4282/3365 739/3292 856/3366
f 754/3286 739/3292 731/3198
f 3525/3312 739/3292 4282/3365
f 5534/3143 5506/3090 731/3198
f 739/3292 3525/3312 3526/3237
f 1006/4325 959/4237 963/4167
f 732/3054 5506/3090 5534/3143
f 927/3928 904/3983 3292/3939
f 661/3368 751/3285 3525/3312
f 665/3287 661/3368 749/3369
f 874/3555 841/3516 677/3467
f 3525/3312 3528/3234 3526/3237
f 3528/3234 3525/3312 751/3285
f 982/3800 1052/3823 1048/3717
f 974/4121 990/4021 957/4130
f 842/3725 859/3738 846/3825
f 893/3912 983/3885 978/3947
f 749/3369 803/3360 745/3309
f 5534/3143 723/3096 732/3054
f 665/3287 751/3285 661/3368
f 927/3928 3292/3939 1404/3899
f 745/3309 665/3287 749/3369
f 751/3285 664/3197 3528/3234
f 986/3750 1048/3717 980/3811
f 946/4421 947/4301 948/4346
f 987/3707 988/3645 991/3713
f 1048/3717 986/3750 1370/3694
f 3583/2867 3544/2871 3537/2946
f 1003/3658 3568/3644 1048/3717
f 734/3101 723/3096 671/3156
f 664/3197 751/3285 665/3287
f 665/3287 745/3309 657/3256
f 671/3156 3528/3234 664/3197
f 931/4277 3530/4208 929/4182
f 664/3197 665/3287 657/3256
f 598/4477 278/4480 597/4567
f 2901/2543 2891/2660 2884/2584
f 723/3096 734/3101 726/3049
f 966/4217 901/4172 3530/4208
f 946/4421 948/4346 962/4402
f 734/3101 671/3156 675/3146
f 803/3360 3486/3317 663/3274
f 728/3288 710/3209 791/3300
f 2884/2584 2891/2660 2916/2667
f 972/4145 943/4195 900/4235
f 918/4144 922/4052 972/4145
f 848/3420 866/3458 1009/3513
f 962/4402 944/4450 946/4421
f 928/3809 6330/3708 1000/3731
f 943/4195 974/4121 957/4130
f 948/4346 951/4422 962/4402
f 666/3278 663/3274 662/3231
f 3577/2805 3150/2756 3613/2834
f 166/5386 90/5362 294/5461
f 931/4277 964/4270 3530/4208
f 3150/2756 3577/2805 3600/2743
f 943/4195 972/4145 974/4121
f 1000/3731 6330/3708 950/3636
f 996/3342 683/3252 728/3288
f 166/5386 310/5429 291/5399
f 6229/3888 1052/3823 982/3800
f 951/4422 944/4450 962/4402
f 963/4167 959/4237 957/4130
f 516/5252 90/5362 169/5304
f 980/3811 989/3905 983/3885
f 1010/4469 944/4450 951/4422
f 2905/2806 2915/2727 5394/2808
f 944/4450 1010/4469 595/4523
f 951/4422 598/4477 1010/4469
f 752/3462 661/3368 4281/3430
f 727/2997 669/2996 758/2935
f 904/3983 927/3928 999/3968
f 669/2996 748/3050 708/3011
f 678/3697 865/3612 864/3620
f 789/3134 659/3087 664/3197
f 662/3231 663/3274 5388/3201
f 598/4477 597/4567 595/4523
f 3617/4230 812/4221 648/4333
f 672/3181 688/3339 791/3300
f 6332/4125 6338/4127 915/4061
f 166/5386 294/5461 310/5429
f 793/3592 678/3697 872/3618
f 789/3134 662/3231 660/3177
f 664/3197 659/3087 675/3146
f 4249/3010 3585/3018 3312/2930
f 94/5463 291/5399 310/5429
f 3526/3237 671/3156 5534/3143
f 169/5304 358/5191 516/5252
f 5927/5335 91/5293 540/5253
f 679/3435 691/3482 689/3500
f 3583/2867 3567/2888 3308/2803
f 652/4636 6266/4672 400/4679
f 847/3557 750/3493 841/3516
f 4248/2952 3312/2930 2984/2862
f 872/3618 950/3636 735/3588
f 684/3545 793/3592 872/3618
f 4249/3010 742/3026 5389/3088
f 898/3976 809/4056 819/4041
f 3150/2756 3247/2680 4283/2700
f 5551/2992 3266/2934 3532/2897
f 748/3050 659/3087 708/3011
f 3227/4008 898/3976 844/3959
f 2426/3937 819/4041 827/3985
f 3485/3315 3517/3294 1354/3264
f 1404/3899 896/3897 967/3835
f 662/3231 5388/3201 660/3177
f 848/3420 791/3300 688/3339
f 94/5463 99/5369 291/5399
f 747/3052 791/3300 710/3209
f 166/5386 169/5304 90/5362
f 2971/2631 2970/2589 402/2655
f 748/3050 734/3101 659/3087
f 847/3557 841/3516 6331/3594
f 3150/2756 3600/2743 3247/2680
f 664/3197 657/3256 789/3134
f 758/2935 708/3011 783/2936
f 3247/2680 2947/2583 387/2648
f 677/3467 679/3435 689/3500
f 710/3209 712/3102 747/3052
f 879/3908 899/3861 870/3887
f 6276/4468 645/4425 644/4453
f 540/5253 169/5304 5927/5335
f 847/3557 853/3520 750/3493
f 402/2655 2916/2667 2915/2727
f 99/5369 91/5293 5927/5335
f 4027/3840 3469/3781 6325/3759
f 1166/3791 1000/3731 994/3716
f 657/3256 745/3309 803/3360
f 3552/3062 4111/2991 5551/2992
f 2905/2806 5394/2808 3536/2904
f 684/3545 872/3618 692/3543
f 708/3011 659/3087 725/3031
f 789/3134 788/3073 725/3031
f 169/5304 540/5253 358/5191
f 758/2935 669/2996 708/3011
f 1000/3731 872/3618 994/3716
f 994/3716 678/3697 1166/3791
f 1354/3264 3517/3294 92/3221
f 915/4061 904/3983 6336/4037
f 660/3177 5388/3201 740/3140
f 6284/4700 6289/4737 486/4764
f 3312/2930 3585/3018 3536/2904
f 166/5386 5927/5335 169/5304
f 922/4052 913/3963 893/3912
f 676/3397 791/3300 848/3420
f 868/3760 991/3713 986/3750
f 4283/2700 387/2648 2880/2723
f 5927/5335 291/5399 99/5369
f 222/4914 223/4836 199/4871
f 76/5210 6151/5148 3832/5147
f 2971/2631 2880/2723 387/2648
f 1235/3895 896/3897 956/3926
f 3227/4008 809/4056 898/3976
f 789/3134 740/3140 788/3073
f 666/3278 657/3256 803/3360
f 678/3697 793/3592 865/3612
f 725/3031 783/2936 708/3011
f 3266/2934 4111/2991 350/2965
f 788/3073 680/2990 725/3031
f 92/3221 3517/3294 3542/3208
f 1404/3899 3292/3939 3290/3945
f 740/3140 5388/3201 5389/3088
f 3449/3145 5388/3201 92/3221
f 785/3444 674/3433 750/3493
f 3339/4686 6097/4736 3360/4677
f 1404/3899 967/3835 903/3877
f 6330/3708 3509/3773 859/3738
f 723/3096 726/3049 732/3054
f 678/3697 994/3716 872/3618
f 728/3288 676/3397 996/3342
f 677/3467 689/3500 874/3555
f 3585/3018 5551/2992 3536/2904
f 6133/5260 71/5271 3833/5201
f 6331/3594 841/3516 874/3555
f 3577/2805 3544/2871 3583/2867
f 100/5405 6048/5444 78/5358
f 6284/4700 6277/4699 434/4657
f 685/3501 864/3620 995/3519
f 485/4616 477/4662 6131/4603
f 878/3542 691/3482 692/3543
f 742/3026 680/2990 788/3073
f 680/2990 783/2936 725/3031
f 789/3134 725/3031 659/3087
f 853/3520 792/3505 785/3444
f 2944/2641 2947/2583 3247/2680
f 92/3221 3542/3208 3449/3145
f 2880/2723 3150/2756 4283/2700
f 109/5269 134/5305 6082/5290
f 991/3713 988/3645 1370/3694
f 6330/3708 873/3629 950/3636
f 3577/2805 3583/2867 3308/2803
f 692/3543 718/3491 684/3545
f 999/3968 927/3928 879/3908
f 3528/3234 671/3156 3526/3237
f 3532/2897 3613/2834 2905/2806
f 726/3049 734/3101 748/3050
f 756/3362 856/3366 754/3286
f 3529/3109 3552/3062 5551/2992
f 3150/2756 2880/2723 3613/2834
f 221/5010 66/5088 3340/5066
f 350/2965 4111/2991 3543/3059
f 1009/3513 995/3519 793/3592
f 2880/2723 402/2655 2915/2727
f 71/5271 6046/5300 74/5337
f 680/2990 742/3026 4248/2952
f 1404/3899 3290/3945 896/3897
f 680/2990 737/2893 783/2936
f 731/3198 739/3292 3526/3237
f 3449/3145 3448/3085 5389/3088
f 915/4061 3227/4008 1276/3986
f 803/3360 3485/3315 3486/3317
f 754/3286 996/3342 756/3362
f 3584/2972 3567/2888 3537/2946
f 828/3558 792/3505 829/3549
f 387/2648 4283/2700 3247/2680
f 5389/3088 788/3073 740/3140
f 5389/3088 5388/3201 3449/3145
f 5388/3201 1354/3264 92/3221
f 5506/3090 712/3102 731/3198
f 748/3050 669/2996 726/3049
f 854/3582 847/3557 6331/3594
f 1003/3658 1370/3694 988/3645
f 789/3134 660/3177 740/3140
f 899/3861 903/3877 1166/3791
f 3485/3315 663/3274 3486/3317
f 2916/2667 5394/2808 2915/2727
f 2905/2806 3613/2834 2880/2723
f 3577/2805 3308/2803 3600/2743
f 2426/3937 838/3838 1235/3895
f 3290/3945 3292/3939 904/3983
f 4248/2952 742/3026 4249/3010
f 663/3274 1354/3264 5388/3201
f 6091/5017 75/4975 222/4914
f 4248/2952 737/2893 680/2990
f 3585/3018 5389/3088 3448/3085
f 3529/3109 3448/3085 3449/3145
f 657/3256 666/3278 662/3231
f 767/3616 889/3564 828/3558
f 3306/2898 3544/2871 3613/2834
f 411/5494 130/5522 6031/5555
f 980/3811 968/3832 868/3760
f 778/3591 767/3616 828/3558
f 864/3620 988/3645 987/3707
f 69/5098 3832/5147 66/5088
f 3585/3018 4249/3010 5389/3088
f 679/3435 677/3467 914/3403
f 727/2997 726/3049 669/2996
f 675/3146 671/3156 664/3197
f 4248/2952 4249/3010 3312/2930
f 769/3656 767/3616 778/3591
f 3529/3109 3585/3018 3448/3085
f 964/4270 966/4217 3530/4208
f 5389/3088 742/3026 788/3073
f 674/3433 677/3467 841/3516
f 789/3134 657/3256 662/3231
f 6338/4127 823/4117 915/4061
f 2984/2862 5394/2808 2889/2767
f 3537/2946 3567/2888 3583/2867
f 928/3809 896/3897 1235/3895
f 929/4182 6332/4125 969/4087
f 3585/3018 3529/3109 5551/2992
f 2915/2727 2905/2806 2880/2723
f 3544/2871 3306/2898 3537/2946
f 3613/2834 3532/2897 3306/2898
f 752/3462 749/3369 661/3368
f 3532/2897 3266/2934 3306/2898
f 916/4253 931/4277 929/4182
f 3312/2930 5394/2808 2984/2862
f 2984/2862 737/2893 4248/2952
f 1370/3694 986/3750 991/3713
f 995/3519 864/3620 865/3612
f 5394/2808 2916/2667 2889/2767
f 3530/4208 901/4172 6332/4125
f 838/3838 867/3824 3509/3773
f 2970/2589 2916/2667 402/2655
f 2880/2723 2971/2631 402/2655
f 3613/2834 3544/2871 3577/2805
f 5551/2992 4111/2991 3266/2934
f 731/3198 712/3102 730/3185
f 75/4975 6068/4912 222/4914
f 730/3185 712/3102 710/3209
f 3537/2946 3543/3059 3599/3075
f 904/3983 999/3968 6336/4037
f 734/3101 675/3146 659/3087
f 3536/2904 3532/2897 2905/2806
f 1003/3658 685/3501 3568/3644
f 3537/2946 3306/2898 350/2965
f 6151/5148 3340/5066 66/5088
f 870/3887 893/3912 913/3963
f 4111/2991 3552/3062 3543/3059
f 3833/5201 6136/5155 6133/5260
f 913/3963 922/4052 933/4059
f 3599/3075 3584/2972 3537/2946
f 969/4087 6332/4125 6336/4037
f 1947/3710 769/3656 3555/3650
f 3529/3109 3449/3145 3542/3208
f 5394/2808 3312/2930 3536/2904
f 3485/3315 1354/3264 663/3274
f 919/3587 890/3628 778/3591
f 726/3049 727/2997 732/3054
f 350/2965 3543/3059 3537/2946
f 3600/2743 2944/2641 3247/2680
f 663/3274 666/3278 803/3360
f 723/3096 5534/3143 671/3156
f 3266/2934 350/2965 3306/2898
f 3526/3237 5534/3143 731/3198
f 3536/2904 5551/2992 3532/2897
f 676/3397 718/3491 691/3482
f 3739/971 3710/1012 3170/1031
f 2847/1260 4133/1183 3210/1271
f 3672/1018 3649/962 3662/914
f 3703/1132 3170/1031 3688/1081
f 3699/1197 376/1175 3703/1132
f 3771/330 3914/479 3798/499
f 3686/1097 3700/1144 3734/1107
f 3425/1259 3210/1271 4133/1183
f 2838/869 3696/863 2747/750
f 4073/1330 4164/1347 2474/1238
f 3619/1693 3308/1804 3553/1781
f 3739/971 3696/863 3710/1012
f 3248/1582 3607/1572 3580/1774
f 3582/1407 4274/1355 3586/1512
f 3170/1031 376/1175 3614/1155
f 2838/869 2747/750 2746/649
f 3250/1451 3677/1445 3578/1500
f 4079/1129 4164/1347 4069/1272
f 3248/1582 3578/1500 3607/1572
f 3693/968 3686/1097 3710/1012
f 3334/1123 2474/1238 4165/1153
f 3762/572 4048/537 2820/506
f 3732/765 3856/706 3701/730
f 4133/1183 2847/1260 3334/1123
f 3607/1572 3565/1671 3580/1774
f 4165/1153 4079/1129 4128/1050
f 3619/1693 3565/1671 3310/1609
f 3615/1279 3677/1445 3250/1451
f 3686/1097 3688/1081 3695/1035
f 3758/754 3635/860 469/744
f 4164/1347 3953/1524 4055/1442
f 4167/312 3740/309 3051/229
f 3681/1492 3310/1609 3607/1572
f 3141/878 3696/863 3739/971
f 3677/1445 3607/1572 3578/1500
f 3712/577 2746/649 2747/750
f 3765/710 3759/713 3112/614
f 4860/813 3665/856 3627/885
f 3170/1031 3741/977 3739/971
f 499/608 2747/750 3701/730
f 4235/1688 4234/1587 2944/1659
f 3693/968 2754/1014 3686/1097
f 3615/1279 593/1262 376/1175
f 3746/694 3759/713 4860/813
f 3699/1197 3640/1226 3615/1279
f 4128/1050 3334/1123 4165/1153
f 3640/1226 3462/1390 3677/1445
f 3764/380 3147/355 3750/448
f 1791/587 3207/606 3246/673
f 3691/1162 3688/1081 3734/1107
f 3688/1081 3686/1097 3734/1107
f 3696/863 3701/730 2747/750
f 499/608 3712/577 2747/750
f 376/1175 593/1262 3614/1155
f 3239/972 3271/1076 3235/1063
f 3711/835 3701/730 3141/878
f 3932/385 4167/312 3798/499
f 3209/1353 3208/1335 3210/1271
f 3549/609 3753/601 3420/553
f 3746/694 3595/633 3596/645
f 3270/884 3239/972 3267/947
f 4607/525 3712/577 499/608
f 3141/878 3741/977 3711/835
f 3021/400 3145/469 3147/355
f 3671/1038 3672/1018 3170/1031
f 3672/1018 3662/914 3741/977
f 3310/1609 3565/1671 3607/1572
f 3677/1445 3681/1492 3607/1572
f 3671/1038 3763/1085 3672/1018
f 4234/1587 4235/1688 3574/1613
f 3763/1085 3625/1127 3672/1018
f 3574/1613 3586/1512 4234/1587
f 2847/1260 2474/1238 3334/1123
f 499/608 3762/572 3798/499
f 3208/1335 2847/1260 3210/1271
f 2945/640 3753/601 3745/691
f 4073/1330 2474/1238 2847/1260
f 3625/1127 3763/1085 3614/1155
f 3751/535 3218/452 3750/448
f 3549/609 3595/633 4302/683
f 3335/1102 4133/1183 3334/1123
f 3640/1226 3691/1162 3734/1107
f 3207/606 1791/587 3226/595
f 3914/479 4607/525 3798/499
f 3666/881 3741/977 3662/914
f 3276/712 3261/625 3246/673
f 2754/1014 3700/1144 3686/1097
f 4302/683 3746/694 3758/754
f 3625/1127 3474/1055 3672/1018
f 3672/1018 3474/1055 3649/962
f 4082/831 4083/875 4084/896
f 3462/1390 3681/1492 3677/1445
f 4607/525 3039/367 3712/577
f 3798/499 3762/572 2820/506
f 3640/1226 3677/1445 3615/1279
f 3762/572 3856/706 3761/656
f 3732/765 3711/835 3738/773
f 3246/673 3258/767 3276/712
f 3257/820 3258/767 3273/789
f 3665/856 3649/962 3660/976
f 3425/1259 3209/1353 3210/1271
f 4234/1587 3557/1374 2881/1546
f 3275/654 3277/652 4081/699
f 3701/730 3696/863 3141/878
f 3553/1781 3567/1862 3584/1881
f 2944/1659 4234/1587 2881/1546
f 3287/842 3270/884 3267/947
f 3209/1353 4144/1434 3208/1335
f 3738/773 3711/835 3666/881
f 3619/1693 3310/1609 3558/1615
f 4167/312 3771/330 3798/499
f 3703/1132 376/1175 3170/1031
f 3681/1492 3462/1390 3582/1407
f 4607/525 499/608 3798/499
f 1791/587 3246/673 3261/625
f 3627/885 3665/856 3660/976
f 3112/614 3761/656 3765/710
f 3557/1374 4274/1355 2982/1224
f 3665/856 3662/914 3649/962
f 3662/914 3738/773 3666/881
f 906/1157 2982/1224 3255/1277
f 3691/1162 3640/1226 3699/1197
f 3751/535 3595/633 3549/609
f 3755/543 3760/628 3596/645
f 3666/881 3711/835 3741/977
f 3759/713 3596/645 3760/628
f 906/1157 3255/1277 3640/1226
f 4079/1129 2474/1238 4164/1347
f 3696/863 2838/869 3693/968
f 3738/773 3856/706 3732/765
f 3584/1881 3580/1774 3553/1781
f 3760/628 3112/614 3759/713
f 2982/1224 906/1157 3700/1144
f 4234/1587 3586/1512 3557/1374
f 3734/1107 3700/1144 906/1157
f 4274/1355 3582/1407 3255/1277
f 3681/1492 3586/1512 3310/1609
f 2820/506 1439/486 3932/385
f 3738/773 3662/914 3665/856
f 3660/976 3649/962 3474/1055
f 3755/543 3751/535 3750/448
f 3734/1107 906/1157 3640/1226
f 4048/537 1439/486 2820/506
f 2945/640 3226/595 3260/549
f 3238/874 3239/972 3270/884
f 4607/525 3914/479 4608/375
f 3761/656 3112/614 4048/537
f 3753/601 3549/609 3745/691
f 3746/694 3596/645 3759/713
f 3145/469 3021/400 1439/486
f 3681/1492 3582/1407 3586/1512
f 3553/1781 3580/1774 3565/1671
f 4235/1688 3600/1801 3308/1804
f 3553/1781 3565/1671 3619/1693
f 3170/1031 3710/1012 3695/1035
f 3856/706 3738/773 3761/656
f 3738/773 3765/710 3761/656
f 2945/640 3745/691 3229/700
f 4060/1590 4068/1588 4144/1434
f 3739/971 3741/977 3141/878
f 3226/595 2945/640 3207/606
f 3754/804 469/744 3635/860
f 2385/1437 4068/1588 3953/1524
f 3660/976 3474/1055 3643/1072
f 3762/572 499/608 3701/730
f 3856/706 3762/572 3701/730
f 3672/1018 3741/977 3170/1031
f 3246/673 2945/640 3229/700
f 3771/330 4608/375 3914/479
f 3659/816 3228/852 3188/809
f 3643/1072 3638/1057 3645/987
f 3578/1500 3248/1582 3250/1451
f 3148/557 105/472 3268/551
f 3145/469 1439/486 4048/537
f 1439/486 3021/400 3932/385
f 4069/1272 4164/1347 4055/1442
f 3762/572 3761/656 4048/537
f 3308/1804 3567/1862 3553/1781
f 3738/773 3665/856 3765/710
f 3284/737 3276/712 3294/774
f 4048/537 3112/614 3145/469
f 3693/968 3710/1012 3696/863
f 3255/1277 2982/1224 4274/1355
f 3686/1097 3695/1035 3710/1012
f 3558/1615 3586/1512 3574/1613
f 4607/525 4608/375 3039/367
f 3263/1047 3707/1142 3353/1084
f 593/1262 3615/1279 3250/1451
f 3170/1031 3695/1035 3688/1081
f 3699/1197 3615/1279 376/1175
f 3627/885 3660/976 3645/987
f 3754/804 3185/775 3745/691
f 3462/1390 3640/1226 3255/1277
f 3238/874 3231/918 3256/1002
f 3258/767 3294/774 3276/712
f 3283/617 3148/557 3261/625
f 3558/1615 3310/1609 3586/1512
f 3261/625 3285/677 3283/617
f 3665/856 3759/713 3765/710
f 3308/1804 3619/1693 4235/1688
f 3691/1162 3703/1132 3688/1081
f 3574/1613 4235/1688 3619/1693
f 3170/1031 3763/1085 3671/1038
f 3228/852 3215/836 3185/775
f 4235/1688 2944/1659 3600/1801
f 3691/1162 3699/1197 3703/1132
f 3660/976 3643/1072 3645/987
f 3586/1512 4274/1355 3557/1374
f 3283/617 3277/652 3282/592
f 3558/1615 3574/1613 3619/1693
f 4051/1357 2385/1437 4073/1330
f 3732/765 3701/730 3711/835
f 3740/309 3932/385 3021/400
f 3145/469 3112/614 3755/543
f 3170/1031 3614/1155 3763/1085
f 3253/760 3258/767 3246/673
f 1791/587 3268/551 3226/595
f 3580/1774 3584/1881 3599/2013
f 3627/885 3635/860 4860/813
f 3645/987 3632/917 3627/885
f 3758/754 469/744 4302/683
f 4860/813 3759/713 3665/856
f 3758/754 3746/694 4860/813
f 3255/1277 3582/1407 3462/1390
f 3740/309 3021/400 3147/355
f 3112/614 3760/628 3755/543
f 3755/543 3750/448 3145/469
f 3627/885 3632/917 3635/860
f 3632/917 3645/987 3638/1057
f 3758/754 4860/813 3635/860
f 3750/448 3147/355 3145/469
f 2838/869 2754/1014 3693/968
f 3798/499 2820/506 3932/385
f 3751/535 3755/543 3596/645
f 4167/312 3932/385 3740/309
f 3750/448 3218/452 3764/380
f 3595/633 3751/535 3596/645
f 3218/452 3751/535 3420/553
f 469/744 3745/691 4302/683
f 3746/694 4302/683 3595/633
f 3420/553 3751/535 3549/609
f 4302/683 3745/691 3549/609
f 4146/990 1763/1071 786/960
f 1105/1250 4711/1239 3981/1199
f 3784/1258 4711/1239 4347/1317
f 1766/1079 786/960 1763/1071
f 4347/1317 3877/1319 4403/1354
f 2671/1133 2668/1178 3981/1199
f 4146/990 1050/898 1061/964
f 4294/1454 4623/1418 4403/1354
f 3797/1211 1667/1116 2759/1176
f 3876/1236 2761/1196 3784/1258
f 3790/1231 1015/1194 3801/1242
f 4088/1339 1616/1292 1799/1393
f 1861/1504 1940/1487 1799/1393
f 1105/1250 3791/1282 4711/1239
f 1659/1219 2668/1178 926/1128
f 1616/1292 3877/1319 3790/1231
f 1258/879 1061/964 1050/898
f 1881/1520 1867/1558 4337/1645
f 1766/1079 3982/1168 1667/1116
f 4146/990 1506/1036 1763/1071
f 1061/964 1509/955 1512/986
f 1902/1595 1897/1522 1891/1471
f 2668/1178 1659/1219 3981/1199
f 1512/986 1506/1036 1061/964
f 1763/1071 1506/1036 926/1128
f 3319/1025 3317/967 3330/1008
f 3294/774 3287/842 3284/737
f 3260/549 3226/595 3268/551
f 3257/820 3254/849 3238/874
f 3253/760 3246/673 3229/700
f 3148/557 3268/551 1791/587
f 3276/712 3284/737 3285/677
f 106/471 3268/551 105/472
f 3258/767 3253/760 3273/789
f 3188/809 3754/804 3659/816
f 3284/737 4081/699 3285/677
f 106/471 3260/549 3268/551
f 3631/952 3638/1057 3221/995
f 3243/1179 3249/1174 3235/1063
f 3753/601 2945/640 3260/549
f 3631/952 3216/924 3228/852
f 3707/1142 3249/1174 3328/1243
f 3267/947 3265/956 4083/875
f 3253/760 3229/700 3215/836
f 3185/775 3229/700 3745/691
f 4076/834 3258/767 3257/820
f 3277/652 3275/654 3282/592
f 3188/809 3185/775 3754/804
f 3287/842 3267/947 4083/875
f 3217/1030 3221/995 3638/1057
f 4081/699 3277/652 3285/677
f 3659/816 3754/804 3635/860
f 3216/924 3221/995 3217/1030
f 3294/774 4076/834 3287/842
f 3253/760 3242/811 3273/789
f 3635/860 3632/917 3228/852
f 3279/785 4081/699 3284/737
f 3218/452 3260/549 106/471
f 3276/712 3285/677 3261/625
f 3261/625 3148/557 1791/587
f 3185/775 3215/836 3229/700
f 3228/852 3659/816 3635/860
f 3256/1002 3217/1030 3241/1158
f 3242/811 3253/760 3215/836
f 3288/748 276/681 3280/720
f 3242/811 3257/820 3273/789
f 4076/834 3270/884 3287/842
f 3287/842 3279/785 3284/737
f 3280/720 4081/699 3279/785
f 276/681 3341/669 3280/720
f 469/744 3754/804 3745/691
f 3301/827 3318/783 3316/731
f 3215/836 3254/849 3242/811
f 3283/617 3282/592 3148/557
f 3280/720 3275/654 4081/699
f 3216/924 3631/952 3221/995
f 3313/624 3275/654 3341/669
f 4084/896 3289/807 4082/831
f 3242/811 3254/849 3257/820
f 3285/677 3277/652 3283/617
f 3238/874 3270/884 4076/834
f 3218/452 3420/553 3260/549
f 3335/1102 3319/1025 3342/1100
f 3188/809 3228/852 3185/775
f 3342/1100 4075/1170 4133/1183
f 3228/852 3216/924 3215/836
f 3279/785 3287/842 4083/875
f 3341/669 3275/654 3280/720
f 4075/1170 3342/1100 3708/1117
f 3231/918 3254/849 3215/836
f 3282/592 3275/654 3313/624
f 3258/767 4076/834 3294/774
f 3313/624 3341/669 2507/659
f 3254/849 3231/918 3238/874
f 3420/553 3753/601 3260/549
f 3279/785 4083/875 4082/831
f 4082/831 3289/807 3280/720
f 3231/918 3215/836 3216/924
f 2945/640 3246/673 3207/606
f 3238/874 3256/1002 3239/972
f 3708/1117 3353/1084 3707/1142
f 3239/972 3235/1063 3267/947
f 4082/831 3280/720 3279/785
f 3288/748 3280/720 3289/807
f 4076/834 3257/820 3238/874
f 3216/924 3217/1030 3231/918
f 3228/852 3632/917 3631/952
f 3217/1030 3256/1002 3231/918
f 4133/1183 3335/1102 3342/1100
f 3239/972 3256/1002 3271/1076
f 3267/947 3235/1063 3263/1047
f 3265/956 3267/947 3263/1047
f 4084/896 4083/875 3265/956
f 3301/827 3288/748 3289/807
f 3289/807 4084/896 3301/827
f 3632/917 3638/1057 3631/952
f 4084/896 3302/926 3301/827
f 3256/1002 3241/1158 3271/1076
f 3235/1063 3271/1076 3243/1179
f 3263/1047 3235/1063 3249/1174
f 3263/1047 3330/1008 3265/956
f 4084/896 3265/956 3330/1008
f 276/681 3288/748 3316/731
f 3243/1179 3271/1076 3241/1158
f 3707/1142 3263/1047 3249/1174
f 4084/896 3330/1008 3317/967
f 3311/897 3301/827 3302/926
f 3317/967 3302/926 4084/896
f 3317/967 3319/1025 3302/926
f 4075/1170 3707/1142 3328/1243
f 3330/1008 3342/1100 3319/1025
f 3328/1243 3425/1259 4075/1170
f 4075/1170 3708/1117 3707/1142
f 3342/1100 3330/1008 3353/1084
f 3425/1259 4133/1183 4075/1170
f 3288/748 3301/827 3316/731
f 3353/1084 3708/1117 3342/1100
f 3353/1084 3330/1008 3263/1047
f 895/1026 926/1128 1506/1036
f 3982/1168 2671/1133 3981/1199
f 3791/1282 4347/1317 4711/1239
f 1659/1219 926/1128 3799/1126
f 2759/1176 1667/1116 2761/1196
f 4147/1586 4294/1454 4295/1603
f 3982/1168 4711/1239 2761/1196
f 3614/1155 593/1262 3653/1256
f 1061/964 1506/1036 4146/990
f 3497/1359 3653/1256 593/1262
f 3620/1348 3653/1256 3497/1359
f 1659/1219 1015/1194 3790/1231
f 3497/1359 593/1262 3250/1451
f 3497/1359 3673/1400 3620/1348
f 4625/1321 3876/1236 4118/1289
f 3612/1519 3620/1348 3673/1400
f 3620/1348 3622/1235 3653/1256
f 3622/1235 3620/1348 3500/1378
f 1258/879 1509/955 1061/964
f 3981/1199 1659/1219 1105/1250
f 2761/1196 3876/1236 2759/1176
f 3673/1400 3497/1359 3612/1519
f 3612/1519 3250/1451 3604/1576
f 3580/1774 3608/1719 3248/1582
f 2761/1196 4711/1239 3784/1258
f 3580/1774 3602/1813 3608/1719
f 3981/1199 4711/1239 3982/1168
f 4623/1418 4294/1454 4149/1478
f 2668/1178 2671/1133 926/1128
f 3612/1519 3611/1663 3610/1740
f 3610/1740 3611/1663 3467/1812
f 3608/1719 3602/1813 3467/1812
f 2596/920 1512/986 1258/879
f 3982/1168 1766/1079 2671/1133
f 1867/1558 1881/1520 1802/1433
f 3410/1755 3439/1783 3591/1556
f 3612/1519 3610/1740 3410/1755
f 3610/1740 3467/1812 3441/1853
f 3801/1242 1015/1194 3799/1126
f 926/1128 2671/1133 1763/1071
f 1802/1433 1881/1520 1810/1438
f 2120/1838 3973/1895 4047/1824
f 1891/1471 1810/1438 1881/1520
f 1015/1194 1659/1219 3799/1126
f 3778/801 2596/920 1258/879
f 4047/1824 3829/1776 4338/1726
f 3441/1853 3410/1755 3610/1740
f 3388/2072 4301/1913 3599/2013
f 1105/1250 1659/1219 3790/1231
f 3790/1231 3791/1282 1105/1250
f 895/1026 1512/986 2596/920
f 895/1026 1506/1036 1512/986
f 3876/1236 3851/1299 3797/1211
f 3790/1231 3877/1319 3791/1282
f 4118/1289 4540/1345 4625/1321
f 1940/1487 1802/1433 1799/1393
f 3877/1319 4347/1317 3791/1282
f 1891/1471 1881/1520 1902/1595
f 3790/1231 3801/1242 1616/1292
f 4347/1317 4118/1289 3784/1258
f 3589/1909 3590/1843 3410/1755
f 3467/1812 3593/1949 3441/1853
f 3642/1983 3441/1853 3593/1949
f 3876/1236 4625/1321 3851/1299
f 4146/990 786/960 1050/898
f 4347/1317 4540/1345 4118/1289
f 3799/1126 926/1128 895/1026
f 3388/2072 3593/1949 4301/1913
f 3978/1323 1616/1292 3801/1242
f 2671/1133 1766/1079 1763/1071
f 1802/1433 4403/1354 4088/1339
f 4347/1317 4403/1354 4540/1345
f 3602/1813 3580/1774 4301/1913
f 1941/1559 1940/1487 1861/1504
f 4088/1339 3877/1319 1616/1292
f 4403/1354 3877/1319 4088/1339
f 3978/1323 1799/1393 1616/1292
f 4540/1345 4623/1418 4625/1321
f 1802/1433 1810/1438 4403/1354
f 3642/1983 3593/1949 3450/2088
f 4337/1645 1902/1595 1881/1520
f 4403/1354 4623/1418 4540/1345
f 3978/1323 3159/1408 1799/1393
f 1802/1433 4088/1339 1799/1393
f 1861/1504 1799/1393 3159/1408
f 4403/1354 1891/1471 4294/1454
f 1512/986 1509/955 1258/879
f 1941/1559 1867/1558 1940/1487
f 3829/1776 1902/1595 4337/1645
f 1667/1116 3982/1168 2761/1196
f 3589/1909 3473/1947 3518/2034
f 3450/2088 3518/2034 3642/1983
f 1810/1438 1891/1471 4403/1354
f 1897/1522 4294/1454 1891/1471
f 1867/1558 1941/1559 1653/1622
f 4295/1603 4294/1454 1897/1522
f 4147/1586 4149/1478 4294/1454
f 1940/1487 1867/1558 1802/1433
f 3876/1236 3797/1211 2759/1176
f 1653/1622 4337/1645 1867/1558
f 3612/1519 3497/1359 3250/1451
f 4337/1645 1653/1622 4338/1726
f 3876/1236 3784/1258 4118/1289
f 4337/1645 4338/1726 3829/1776
f 3472/2156 3450/2088 3648/2204
f 4047/1824 3973/1895 3829/1776
f 3973/1895 2120/1838 3879/1915
f 2665/716 4168/690 4768/668
f 642/923 2769/808 897/853
f 3388/2072 3450/2088 3593/1949
f 642/923 976/1009 1680/957
f 738/1056 1680/957 976/1009
f 2768/729 1681/866 863/798
f 786/960 1766/1079 976/1009
f 897/853 1050/898 786/960
f 3450/2088 3388/2072 3436/2152
f 4122/865 4169/994 3808/949
f 3436/2152 3648/2204 3450/2088
f 3604/1576 3248/1582 3608/1719
f 3592/1941 3590/1843 3589/1909
f 3808/949 3806/904 4122/865
f 1681/866 1680/957 863/798
f 1681/866 2769/808 642/923
f 2768/729 4168/690 2769/808
f 2643/796 2769/808 2665/716
f 3494/2205 3472/2156 3648/2204
f 1667/1116 4189/1091 1766/1079
f 3836/583 3837/616 4168/690
f 1680/957 1681/866 642/923
f 3589/1909 3540/2077 3592/1941
f 3805/1016 3825/969 3807/937
f 2768/729 2769/808 1681/866
f 2712/740 2643/796 2665/716
f 3467/1812 3611/1663 3608/1719
f 4629/916 863/798 1680/957
f 3804/1143 4653/1078 3805/1016
f 4168/690 3837/616 2637/657
f 786/960 642/923 897/853
f 786/960 976/1009 642/923
f 897/853 2769/808 2643/796
f 4196/868 719/749 4629/916
f 2643/796 1050/898 897/853
f 3518/2034 3472/2156 3540/2077
f 976/1009 4189/1091 738/1056
f 5820/697 2711/689 57/607
f 4169/994 3804/1143 3805/1016
f 3592/1941 3439/1783 3590/1843
f 1766/1079 4189/1091 976/1009
f 4768/668 2712/740 2665/716
f 2637/657 4768/668 4168/690
f 3494/2205 303/2238 3472/2156
f 4168/690 2768/729 3836/583
f 738/1056 3852/1062 1680/957
f 719/749 4196/868 4300/824
f 3852/1062 5959/1027 4629/916
f 3589/1909 3518/2034 3540/2077
f 4121/714 2712/740 2711/689
f 3589/1909 3410/1755 3441/1853
f 57/607 2711/689 4768/668
f 729/722 719/749 4300/824
f 2711/689 5820/697 4121/714
f 1050/898 2643/796 1258/879
f 2637/657 3837/616 57/607
f 4629/916 719/749 863/798
f 4196/868 4169/994 4122/865
f 4300/824 4196/868 4122/865
f 1258/879 2643/796 2712/740
f 3518/2034 3473/1947 3642/1983
f 4300/824 4299/828 729/722
f 2711/689 2712/740 4768/668
f 57/607 4768/668 2637/657
f 4629/916 4169/994 4196/868
f 3472/2156 303/2238 3385/2231
f 2665/716 2769/808 4168/690
f 738/1056 4189/1091 3852/1062
f 5959/1027 3852/1062 3796/1137
f 5959/1027 4169/994 4629/916
f 3778/801 1258/879 2712/740
f 1680/957 3852/1062 4629/916
f 3852/1062 4189/1091 4190/1135
f 3796/1137 3852/1062 4190/1135
f 3614/1155 3622/1235 3625/1127
f 3796/1137 4169/994 5959/1027
f 2712/740 4121/714 3778/801
f 4299/828 4300/824 4122/865
f 2861/871 3806/904 3807/937
f 4189/1091 1667/1116 4190/1135
f 3797/1211 3796/1137 4190/1135
f 3807/937 3808/949 3805/1016
f 3804/1143 4169/994 3796/1137
f 4121/714 5820/697 3778/801
f 3806/904 4299/828 4122/865
f 41/623 5820/697 57/607
f 4299/828 3853/814 729/722
f 4169/994 3805/1016 3808/949
f 4190/1135 1667/1116 3797/1211
f 4299/828 2861/871 3853/814
f 303/2238 3630/2299 3385/2231
f 4299/828 3806/904 2861/871
f 3807/937 3806/904 3808/949
f 3805/1016 4653/1078 3825/969
f 3540/2077 3472/2156 3650/2210
f 3825/969 2861/871 3807/937
f 3300/611 3153/665 3295/643
f 3737/764 3298/719 3152/761
f 3787/1045 3799/1126 895/1026
f 3630/2299 3650/2210 3385/2231
f 3157/735 2499/771 4080/806
f 2499/771 3737/764 4130/825
f 2677/940 3786/978 895/1026
f 3789/984 4273/946 3748/1022
f 3322/1415 4003/1301 4053/1358
f 4095/845 4094/858 4090/925
f 2595/1177 4142/1206 4104/1130
f 4097/770 4112/859 4636/844
f 3934/1620 3322/1415 2299/1521
f 3630/2299 3389/2331 3650/2210
f 3157/735 4080/806 4097/770
f 4053/1358 4055/1442 2299/1521
f 4120/1261 4093/1131 4142/1206
f 3180/524 3202/407 462/518
f 4113/913 3789/984 3788/954
f 4038/1944 4032/1946 4031/2002
f 4034/2090 3928/2018 4339/2122
f 3737/764 4095/845 4130/825
f 4301/1913 3580/1774 3599/2013
f 4097/770 3032/829 3326/728
f 4113/913 4112/859 4273/946
f 3311/897 3323/903 3318/783
f 425/2644 4096/2679 3343/2634
f 3794/662 3153/665 3300/611
f 3593/1949 3467/1812 4301/1913
f 6100/2749 3360/2799 190/2766
f 5581/888 3747/988 4273/946
f 3997/2191 3967/2081 3996/2176
f 3991/2303 3951/2251 6009/2293
f 5581/888 4112/859 4080/806
f 368/619 3297/568 3295/643
f 3439/1783 3410/1755 3590/1843
f 3737/764 4119/802 4095/845
f 3326/728 5820/697 41/623
f 4045/1741 3972/1773 4044/1892
f 3336/2058 2447/2060 3338/2146
f 462/518 3539/567 3180/524
f 4132/1283 4099/1371 3963/1411
f 3300/611 3180/524 3539/567
f 4095/845 4091/929 4130/825
f 4273/946 3747/988 3748/1022
f 3951/2251 4023/2216 6009/2293
f 4097/770 4636/844 3032/829
f 3952/1978 1931/1903 3942/1870
f 462/518 105/472 3148/557
f 3518/2034 3450/2088 3472/2156
f 41/623 4098/680 3326/728
f 4140/1244 4053/1358 4003/1301
f 2008/2137 4034/2090 3687/2189
f 3032/829 4636/844 3320/919
f 1814/2053 3926/2010 3639/2092
f 462/518 3202/407 105/472
f 3955/1637 3954/1543 3953/1524
f 3777/703 3794/662 3291/753
f 3748/1022 3324/1060 4093/1131
f 3602/1813 4301/1913 3467/1812
f 3799/1126 3800/1152 3801/1242
f 3612/1519 3410/1755 3591/1556
f 4094/858 4119/802 4124/818
f 3786/978 2677/940 2834/932
f 3291/753 3315/847 2494/790
f 610/2447 3992/2381 609/2369
f 3315/847 3307/855 2494/790
f 3291/753 3304/692 3318/783
f 3792/688 3303/644 3313/624
f 3955/1637 3953/1524 4017/1699
f 4054/1738 3987/1771 4049/1667
f 3291/753 3794/662 3304/692
f 3987/1771 4054/1738 3947/1842
f 3608/1719 3611/1663 3604/1576
f 3931/2136 3930/2190 3939/2130
f 4089/982 4090/925 2528/1004
f 5912/2499 613/2505 614/2547
f 3845/1077 4093/1131 3800/1152
f 1968/2198 4115/2248 3687/2189
f 3295/643 4123/739 3165/705
f 3801/1242 3800/1152 4132/1283
f 4089/982 2528/1004 3193/1046
f 4142/1206 4093/1131 4104/1130
f 4095/845 4119/802 4094/858
f 3591/1556 3500/1378 3612/1519
f 3971/1833 2310/1739 3965/1674
f 3748/1022 3747/988 3324/1060
f 3969/1966 3971/1833 2258/1948
f 3966/2182 4043/2255 3996/2176
f 4091/929 4085/1032 4087/953
f 4091/929 4089/982 4086/1001
f 3998/2265 4011/2230 3997/2191
f 3604/1576 3611/1663 3612/1519
f 3338/2146 2281/2193 3347/2140
f 3620/1348 3612/1519 3500/1378
f 3172/704 3291/753 2494/790
f 4017/1699 3953/1524 4068/1588
f 4085/1032 3747/988 4087/953
f 4123/739 3295/643 3172/704
f 3967/2081 3997/2191 4114/2148
f 3323/903 3311/897 3319/1025
f 2255/1827 3961/1756 3957/1910
f 5912/2499 235/2442 613/2505
f 3300/611 3297/568 3180/524
f 3295/643 3297/568 3300/611
f 3622/1235 3614/1155 3653/1256
f 3441/1853 3642/1983 3473/1947
f 105/472 104/356 103/363
f 3307/855 4124/818 2494/790
f 2814/2258 3930/2190 1722/2199
f 3153/665 3777/703 3172/704
f 3322/1415 3934/1620 3935/1484
f 3935/1484 3934/1620 4049/1667
f 3218/452 106/471 103/363
f 2595/1177 4104/1130 4079/1129
f 3367/2511 3363/2535 5966/2582
f 103/363 106/471 105/472
f 3473/1947 3589/1909 3441/1853
f 3948/1962 3969/1966 3705/2040
f 3327/1234 4093/1131 4120/1261
f 2528/1004 2533/891 2532/942
f 3248/1582 3604/1576 3250/1451
f 1931/1903 3879/1915 2120/1838
f 3777/703 3291/753 3172/704
f 4099/1371 4132/1283 3327/1234
f 3385/2231 3650/2210 3472/2156
f 612/2558 4061/2533 6058/2580
f 276/681 3792/688 3313/624
f 3845/1077 3800/1152 3787/1045
f 368/619 4098/680 41/623
f 3950/2606 425/2644 6057/2600
f 276/681 3316/731 3792/688
f 3787/1045 3788/954 3789/984
f 3218/452 103/363 3764/380
f 3792/688 3318/783 3304/692
f 4120/1261 4142/1206 4140/1244
f 4140/1244 4142/1206 2595/1177
f 2258/1948 3971/1833 2255/1827
f 2596/920 3778/801 3780/864
f 3764/380 103/363 3147/355
f 3327/1234 4120/1261 4099/1371
f 3324/1060 4104/1130 4093/1131
f 4128/1050 2504/1013 3334/1123
f 3147/355 544/244 3740/309
f 276/681 3313/624 2507/659
f 4069/1272 4140/1244 2595/1177
f 3935/1484 4099/1371 3322/1415
f 4636/844 4112/859 4113/913
f 3334/1123 2504/1013 3319/1025
f 3847/1876 2112/1953 4035/1992
f 3322/1415 4053/1358 2299/1521
f 2299/1521 3965/1674 3934/1620
f 103/363 6513/290 6514/287
f 103/363 6514/287 3147/355
f 4117/1836 6146/1958 4018/1873
f 2299/1521 3954/1543 3965/1674
f 3743/236 3147/355 6514/287
f 3743/236 6514/287 6515/254
f 3789/984 4113/913 4273/946
f 2310/1739 3934/1620 3965/1674
f 4054/1738 3934/1620 2310/1739
f 4120/1261 4140/1244 4003/1301
f 4112/859 4097/770 4080/806
f 4128/1050 2528/1004 2532/942
f 4029/2495 4105/2537 3916/2479
f 3988/1653 3987/1771 3846/1788
f 3984/2338 3983/2270 4006/2304
f 4089/982 4091/929 4090/925
f 3970/1789 2310/1739 3971/1833
f 3947/1842 4054/1738 3970/1789
f 3954/1543 4055/1442 3953/1524
f 3987/1771 4100/1863 3846/1788
f 4022/2149 4019/2257 4023/2216
f 3743/236 544/244 3147/355
f 3961/1756 3955/1637 4017/1699
f 4128/1050 4079/1129 3193/1046
f 3051/229 3740/309 544/244
f 3965/1674 3961/1756 2255/1827
f 3970/1789 3971/1833 3947/1842
f 4044/1892 4039/1898 6144/1965
f 3955/1637 3965/1674 3954/1543
f 3984/2338 4006/2304 6024/2367
f 3787/1045 895/1026 3786/978
f 4100/1863 3847/1876 3846/1788
f 3961/1756 4017/1699 4018/1873
f 4068/1588 4045/1741 4017/1699
f 3363/2535 3367/2511 6073/2456
f 3947/1842 3971/1833 3969/1966
f 609/2369 3992/2381 3991/2303
f 6071/2760 190/2766 6018/2824
f 3998/2265 3997/2191 3999/2241
f 2258/1948 2255/1827 3957/1910
f 4164/1347 4073/1330 2385/1437
f 3318/783 3792/688 3316/731
f 3947/1842 3969/1966 3948/1962
f 2112/1953 3847/1876 4100/1863
f 3848/1748 3988/1653 3846/1788
f 3984/2338 395/2402 3985/2322
f 4104/1130 3324/1060 4085/1032
f 282/1917 3847/1876 4035/1992
f 3957/1910 3961/1756 4018/1873
f 2677/940 2596/920 3780/864
f 4117/1836 4018/1873 4017/1699
f 3367/2511 1955/2426 6073/2456
f 4103/709 3298/719 3737/764
f 4045/1741 4068/1588 3346/1679
f 3957/1910 2326/2015 2258/1948
f 4041/2319 430/2297 3960/2284
f 2258/1948 3967/2081 3969/1966
f 2112/1953 3948/1962 3928/2018
f 3847/1876 282/1917 3937/1825
f 3311/897 3318/783 3301/827
f 3343/2634 163/2645 6058/2580
f 2834/932 2677/940 3780/864
f 3347/2140 2409/2095 4293/2028
f 3967/2081 2258/1948 2326/2015
f 2326/2015 3957/1910 4293/2028
f 6074/2707 207/2761 6078/2686
f 3705/2040 3969/1966 3967/2081
f 6146/1958 4044/1892 6145/1986
f 3346/1679 4068/1588 4060/1590
f 282/1917 3942/1870 3937/1825
f 3346/1679 3972/1773 4045/1741
f 2595/1177 4079/1129 4069/1272
f 3937/1825 3942/1870 3958/1765
f 6007/2334 4020/2287 3405/2272
f 4293/2028 4018/1873 6146/1958
f 4293/2028 2409/2095 2326/2015
f 6074/2707 4096/2679 6071/2760
f 3928/2018 3705/2040 4339/2122
f 3799/1126 3787/1045 3800/1152
f 4055/1442 4053/1358 4069/1272
f 3971/1833 3965/1674 2255/1827
f 3029/1021 3748/1022 3845/1077
f 4034/2090 4035/1992 3928/2018
f 3999/2241 3997/2191 3996/2176
f 3029/1021 3787/1045 3789/984
f 4035/1992 3926/2010 282/1917
f 2310/1739 3970/1789 4054/1738
f 3926/2010 3942/1870 282/1917
f 4044/1892 3972/1773 4039/1898
f 3996/2176 3967/2081 2409/2095
f 3360/2799 6097/2836 190/2766
f 4039/1898 3972/1773 3414/1874
f 4100/1863 3948/1962 2112/1953
f 2008/2137 3931/2136 3639/2092
f 4034/2090 3926/2010 4035/1992
f 4120/1261 4003/1301 4099/1371
f 1968/2198 3687/2189 4034/2090
f 1968/2198 4339/2122 4011/2230
f 3783/2433 4310/2392 235/2442
f 6145/1986 4044/1892 6144/1965
f 4022/2149 4023/2216 4015/2112
f 3687/2189 4115/2248 3993/2245
f 3994/2587 3916/2479 4105/2537
f 4091/929 4087/953 5581/888
f 4293/2028 3338/2146 3347/2140
f 4339/2122 4114/2148 4011/2230
f 3781/2488 4072/2478 3783/2433
f 1968/2198 4034/2090 4339/2122
f 3336/2058 4293/2028 6146/1958
f 2120/1838 3958/1765 3942/1870
f 3639/2092 3926/2010 4034/2090
f 6078/2686 207/2761 174/2678
f 4038/1944 4039/1898 3414/1874
f 4119/802 3737/764 3152/761
f 4038/1944 6144/1965 4039/1898
f 4066/2186 3966/2182 3347/2140
f 3987/1771 3947/1842 4100/1863
f 4114/2148 3997/2191 4011/2230
f 96/2684 89/2657 6115/2627
f 2008/2137 3639/2092 4034/2090
f 3992/2381 610/2447 235/2442
f 3993/2245 3894/2314 3943/2269
f 6099/2784 6100/2749 6098/2728
f 235/2442 4033/2403 3992/2381
f 6316/2341 2182/2320 4043/2255
f 3991/2303 4041/2319 3960/2284
f 4015/2112 4050/2083 4022/2149
f 4080/806 2499/771 4130/825
f 6009/2293 4019/2257 6007/2334
f 4015/2112 2447/2060 3572/2051
f 4117/1836 4017/1699 4045/1741
f 3794/662 3303/644 3304/692
f 4031/2002 6144/1965 4038/1944
f 1956/2510 3367/2511 5966/2582
f 3983/2270 1968/2198 4011/2230
f 3033/779 5820/697 3326/728
f 6057/2600 425/2644 3343/2634
f 3952/1978 1715/2078 3878/2023
f 4119/802 3152/761 4124/818
f 3878/2023 3879/1915 3952/1978
f 5581/888 4087/953 3747/988
f 3343/2634 6058/2580 6057/2600
f 4023/2216 3338/2146 4015/2112
f 4090/925 2533/891 2528/1004
f 3300/611 3313/624 3303/644
f 6058/2580 614/2547 6057/2600
f 4031/2002 4050/2083 3572/2051
f 4022/2149 4050/2083 3733/2075
f 3996/2176 2409/2095 3966/2182
f 4043/2255 4042/2235 430/2297
f 4066/2186 4042/2235 3966/2182
f 4093/1131 3845/1077 3748/1022
f 3789/984 3748/1022 3029/1021
f 3999/2241 2182/2320 3998/2265
f 4066/2186 2281/2193 4042/2235
f 3338/2146 6105/2247 3959/2242
f 3319/1025 3335/1102 3334/1123
f 6145/1986 3572/2051 2447/2060
f 3998/2265 4006/2304 4011/2230
f 3983/2270 4115/2248 1968/2198
f 3983/2270 4011/2230 4006/2304
f 4050/2083 4015/2112 3572/2051
f 3931/2136 1715/2078 3639/2092
f 6024/2367 4006/2304 4005/2312
f 3931/2136 2008/2137 1722/2199
f 1715/2078 3939/2130 3878/2023
f 3165/705 2547/663 3295/643
f 6316/2341 4043/2255 430/2297
f 430/2297 4042/2235 3960/2284
f 6105/2247 3338/2146 3951/2251
f 3959/2242 6105/2247 3991/2303
f 3778/801 5820/697 3033/779
f 3847/1876 3937/1825 3848/1748
f 4005/2312 4006/2304 3998/2265
f 3319/1025 2504/1013 3323/903
f 4273/946 4112/859 5581/888
f 3985/2322 4115/2248 3983/2270
f 3985/2322 3993/2245 4115/2248
f 3931/2136 3939/2130 1715/2078
f 3894/2314 3985/2322 3929/2383
f 430/2297 4041/2319 6316/2341
f 2281/2193 4066/2186 3347/2140
f 4098/680 4103/709 3157/735
f 4054/1738 4049/1667 3934/1620
f 6024/2367 4005/2312 2182/2320
f 3991/2303 6105/2247 3951/2251
f 3991/2303 3960/2284 3959/2242
f 4053/1358 4140/1244 4069/1272
f 3984/2338 3985/2322 3983/2270
f 4049/1667 3988/1653 3935/1484
f 3894/2314 3993/2245 3985/2322
f 6074/2707 6078/2686 163/2645
f 3984/2338 6024/2367 395/2402
f 4044/1892 6146/1958 4117/1836
f 4339/2122 3705/2040 3967/2081
f 1722/2199 3943/2269 2814/2258
f 609/2369 3991/2303 6009/2293
f 4095/845 4090/925 4091/929
f 3992/2381 4310/2392 6316/2341
f 4058/2379 6025/2421 6024/2367
f 4058/2379 4310/2392 3783/2433
f 3781/2488 5912/2499 4061/2533
f 395/2402 6024/2367 3916/2479
f 4101/906 3307/855 3315/847
f 3992/2381 4033/2403 4310/2392
f 4100/1863 3947/1842 3948/1962
f 3405/2272 4020/2287 4019/2257
f 4071/2464 6025/2421 3783/2433
f 3783/2433 235/2442 3781/2488
f 3165/705 3152/761 3298/719
f 3782/2523 3781/2488 612/2558
f 3879/1915 1931/1903 3952/1978
f 1955/2426 610/2447 609/2369
f 3304/692 3303/644 3792/688
f 4090/925 4094/858 2533/891
f 3783/2433 4072/2478 4071/2464
f 4071/2464 4029/2495 3916/2479
f 4071/2464 3916/2479 6025/2421
f 1955/2426 1956/2510 610/2447
f 235/2442 610/2447 613/2505
f 4124/818 2533/891 4094/858
f 1955/2426 6102/2388 6073/2456
f 6102/2388 6007/2334 3378/2326
f 4072/2478 4029/2495 4071/2464
f 3781/2488 3782/2523 4072/2478
f 4096/2679 163/2645 3343/2634
f 613/2505 610/2447 1956/2510
f 4101/906 2532/942 2533/891
f 1955/2426 3367/2511 1956/2510
f 3782/2523 4105/2537 4029/2495
f 1814/2053 3952/1978 3926/2010
f 3781/2488 4061/2533 612/2558
f 4061/2533 5912/2499 614/2547
f 4018/1873 4293/2028 3957/1910
f 5966/2582 3364/2698 96/2684
f 3783/2433 6025/2421 4058/2379
f 6070/2563 613/2505 1956/2510
f 4021/2610 4105/2537 3782/2523
f 4061/2533 614/2547 6058/2580
f 3639/2092 1715/2078 1814/2053
f 4021/2610 3782/2523 612/2558
f 4021/2610 174/2678 3994/2587
f 3993/2245 1722/2199 3687/2189
f 3320/919 3780/864 3032/829
f 1956/2510 5966/2582 6070/2563
f 6070/2563 3950/2606 614/2547
f 3777/703 3153/665 3794/662
f 612/2558 6058/2580 163/2645
f 6007/2334 1955/2426 609/2369
f 3303/644 3794/662 3300/611
f 4021/2610 612/2558 163/2645
f 174/2678 4021/2610 6078/2686
f 6070/2563 5966/2582 6115/2627
f 3315/847 3323/903 4101/906
f 3702/2639 5966/2582 3363/2535
f 6115/2627 3950/2606 6070/2563
f 2532/942 2504/1013 4128/1050
f 163/2645 6078/2686 4021/2610
f 4085/1032 4079/1129 4104/1130
f 6115/2627 5966/2582 96/2684
f 3295/643 3153/665 3172/704
f 3702/2639 3364/2698 5966/2582
f 3953/1524 4164/1347 2385/1437
f 89/2657 3950/2606 6115/2627
f 3311/897 3302/926 3319/1025
f 3950/2606 89/2657 425/2644
f 2504/1013 2532/942 3323/903
f 3999/2241 3996/2176 4043/2255
f 4096/2679 6074/2707 163/2645
f 6071/2760 207/2761 6074/2707
f 172/2701 4096/2679 425/2644
f 6069/2704 89/2657 96/2684
f 89/2657 172/2701 425/2644
f 3336/2058 3338/2146 4293/2028
f 1722/2199 3993/2245 3943/2269
f 217/2827 207/2761 6071/2760
f 6098/2728 6100/2749 96/2684
f 6099/2784 6098/2728 3364/2698
f 172/2701 89/2657 6069/2704
f 6100/2749 6069/2704 96/2684
f 4096/2679 172/2701 6071/2760
f 217/2827 6071/2760 6018/2824
f 5912/2499 3781/2488 235/2442
f 172/2701 6069/2704 190/2766
f 190/2766 6069/2704 6100/2749
f 172/2701 190/2766 6071/2760
f 6024/2367 2182/2320 4058/2379
f 3778/801 3033/779 3780/864
f 6100/2749 6099/2784 3360/2799
f 6145/1986 2447/2060 6146/1958
f 3948/1962 3705/2040 3928/2018
f 4038/1944 3414/1874 4032/1946
f 4339/2122 3967/2081 4114/2148
f 6018/2824 6097/2836 653/2885
f 4105/2537 4021/2610 3994/2587
f 190/2766 6097/2836 6018/2824
f 3800/1152 3327/1234 4132/1283
f 6316/2341 4058/2379 2182/2320
f 4031/2002 3572/2051 6144/1965
f 4086/1001 3193/1046 4085/1032
f 4072/2478 3782/2523 4029/2495
f 4128/1050 3193/1046 2528/1004
f 4124/818 4123/739 2494/790
f 6316/2341 4310/2392 4058/2379
f 4043/2255 2182/2320 3999/2241
f 3338/2146 4023/2216 3951/2251
f 4091/929 4086/1001 4085/1032
f 3320/919 4636/844 4113/913
f 3193/1046 4086/1001 4089/982
f 96/2684 3364/2698 6098/2728
f 3780/864 3033/779 3032/829
f 3315/847 3318/783 3323/903
f 4123/739 3172/704 2494/790
f 2533/891 4124/818 3307/855
f 3326/728 3032/829 3033/779
f 3295/643 2547/663 368/619
f 3323/903 2532/942 4101/906
f 3733/2075 4050/2083 4031/2002
f 4023/2216 4019/2257 6009/2293
f 6009/2293 6007/2334 609/2369
f 4080/806 4130/825 5581/888
f 1722/2199 2008/2137 3687/2189
f 3848/1748 3937/1825 3958/1765
f 1931/1903 2120/1838 3942/1870
f 1814/2053 1715/2078 3952/1978
f 2409/2095 3347/2140 3966/2182
f 4109/1459 3516/1561 3237/1340
f 3237/1340 3331/1536 3333/1369
f 3331/1536 3354/1681 3409/1508
f 4060/1590 3409/1508 3354/1681
f 3414/1874 3354/1681 4102/1733
f 3249/1174 3237/1340 3412/1281
f 3516/1561 4102/1733 3331/1536
f 4109/1459 3237/1340 3400/1327
f 3328/1243 3344/1356 3425/1259
f 3331/1536 3237/1340 3516/1561
f 3209/1353 4145/1449 4144/1434
f 3959/2242 3960/2284 4042/2235
f 3320/919 3788/954 3786/978
f 3237/1340 3333/1369 3412/1281
f 895/1026 2596/920 2677/940
f 4005/2312 3998/2265 2182/2320
f 4020/2287 6007/2334 4019/2257
f 3324/1060 3747/988 4085/1032
f 2547/663 3165/705 3298/719
f 4123/739 3152/761 3165/705
f 3409/1508 4060/1590 4145/1449
f 4033/2403 235/2442 4310/2392
f 3955/1637 3961/1756 3965/1674
f 3320/919 4113/913 3788/954
f 4102/1733 3354/1681 3331/1536
f 3378/2326 6007/2334 3405/2272
f 3737/764 2499/771 3157/735
f 3320/919 2834/932 3780/864
f 3315/847 3291/753 3318/783
f 3400/1327 3241/1158 3399/1320
f 368/619 2547/663 4098/680
f 4098/680 2547/663 4103/709
f 6070/2563 614/2547 613/2505
f 4055/1442 3954/1543 2299/1521
f 2281/2193 3959/2242 4042/2235
f 3572/2051 6145/1986 6144/1965
f 4130/825 4091/929 5581/888
f 3152/761 4123/739 4124/818
f 3972/1773 3346/1679 4060/1590
f 4103/709 3737/764 3157/735
f 6057/2600 614/2547 3950/2606
f 276/681 2507/659 3341/669
f 6102/2388 1955/2426 6007/2334
f 3926/2010 3952/1978 3942/1870
f 3931/2136 1722/2199 3930/2190
f 3967/2081 2326/2015 2409/2095
f 4043/2255 3966/2182 4042/2235
f 4015/2112 3338/2146 2447/2060
f 2547/663 3298/719 4103/709
f 3935/1484 3963/1411 4099/1371
f 4045/1741 4044/1892 4117/1836
f 3786/978 2834/932 3320/919
f 3992/2381 6316/2341 4041/2319
f 3992/2381 4041/2319 3991/2303
f 4098/680 3157/735 4097/770
f 3847/1876 3848/1748 3846/1788
f 2533/891 3307/855 4101/906
f 3916/2479 6024/2367 6025/2421
f 3928/2018 4035/1992 2112/1953
f 3328/1243 3249/1174 3412/1281
f 4079/1129 4085/1032 3193/1046
f 3786/978 3788/954 3787/1045
f 3333/1369 3331/1536 3409/1508
f 2281/2193 3338/2146 3959/2242
f 3987/1771 3988/1653 4049/1667
f 3322/1415 4099/1371 4003/1301
f 395/2402 3929/2383 3985/2322
f 4093/1131 3327/1234 3800/1152
f 3845/1077 3787/1045 3029/1021
f 4097/770 3326/728 4098/680
f 3336/2058 6146/1958 2447/2060
f 3354/1681 3972/1773 4060/1590
f 3328/1243 3333/1369 3344/1356
f 3237/1340 3249/1174 3243/1179
f 3412/1281 3333/1369 3328/1243
f 3400/1327 3237/1340 3243/1179
f 3775/1474 3756/1541 4109/1459
f 4109/1459 3400/1327 3775/1474
f 3972/1773 3354/1681 3414/1874
f 3409/1508 3344/1356 3333/1369
f 4145/1449 3344/1356 3409/1508
f 3241/1158 3400/1327 3243/1179
f 3569/1497 3775/1474 3400/1327
f 4060/1590 4144/1434 4145/1449
f 3399/1320 3569/1497 3400/1327
f 3344/1356 4145/1449 3209/1353
f 3425/1259 3344/1356 3209/1353
f 3946/1856 2076/1927 3531/1994
f 1146/1923 4558/1832 3945/1918
f 1880/2135 1707/2171 1613/2185
f 1756/1720 1902/1595 3829/1776
f 1925/2063 3906/2133 4512/2159
f 3629/2132 3650/2210 6092/2228
f 3664/1303 3500/1378 3588/1373
f 3591/1556 3439/1783 3437/1673
f 3638/1057 3643/1072 3644/1160
f 3415/1904 3427/1810 3439/1783
f 3435/1593 3397/1722 3785/1606
f 6092/2228 3650/2210 3389/2331
f 3394/1996 3416/1922 3430/1847
f 3637/1329 3628/1476 3426/1363
f 3592/1941 3540/2077 3618/2061
f 3439/1783 3427/1810 3437/1673
f 3592/1941 3527/2044 3415/1904
f 3404/1695 3174/1639 3402/1547
f 3540/2077 3629/2132 3618/2061
f 3372/2101 3394/1996 3527/2044
f 3416/1922 3466/2048 3779/1929
f 3628/1476 3637/1329 3489/1493
f 6092/2228 4028/2169 3629/2132
f 3394/1996 3372/2101 3466/2048
f 3628/1476 3419/1514 3426/1363
f 3404/1695 3430/1847 3418/1822
f 3527/2044 4028/2169 3372/2101
f 3785/1606 3419/1514 3628/1476
f 3404/1695 3402/1547 3419/1514
f 3403/1925 3527/2044 3394/1996
f 3527/2044 3403/1925 3415/1904
f 3404/1695 3418/1822 3624/1775
f 3427/1810 3415/1904 3403/1925
f 3394/1996 3466/2048 3416/1922
f 3430/1847 3397/1722 3427/1810
f 3629/2132 4028/2169 3527/2044
f 3372/2101 4028/2169 4052/2164
f 3622/1235 3652/1223 3625/1127
f 3427/1810 3397/1722 3437/1673
f 3435/1593 3437/1673 3397/1722
f 3779/1929 3429/1861 3416/1922
f 3629/2132 3527/2044 3618/2061
f 3591/1556 3588/1373 3500/1378
f 3232/1284 3236/1215 3223/1161
f 3223/1161 3638/1057 3222/1213
f 3403/1925 3394/1996 3430/1847
f 3397/1722 3430/1847 3404/1695
f 3418/1822 3430/1847 3416/1922
f 3591/1556 3437/1673 3489/1493
f 3397/1722 3404/1695 3785/1606
f 3222/1213 3638/1057 3644/1160
f 3389/2331 3432/2261 6092/2228
f 3432/2261 4028/2169 6092/2228
f 3652/1223 3609/1110 3625/1127
f 3664/1303 3651/1295 3652/1223
f 3591/1556 3489/1493 3588/1373
f 3779/1929 3624/1775 3429/1861
f 3416/1922 3429/1861 3418/1822
f 3785/1606 3628/1476 3435/1593
f 3415/1904 3439/1783 3592/1941
f 3435/1593 3628/1476 3489/1493
f 3232/1284 3222/1213 3426/1363
f 3236/1215 3232/1284 3399/1320
f 3588/1373 3489/1493 3637/1329
f 949/1222 3644/1160 3200/1210
f 3664/1303 3622/1235 3500/1378
f 3689/1802 3624/1775 3779/1929
f 3629/2132 3540/2077 3650/2210
f 3426/1363 3419/1514 3421/1409
f 3174/1639 3404/1695 3624/1775
f 3402/1547 3174/1639 3551/1552
f 3588/1373 3637/1329 3651/1295
f 3637/1329 3222/1213 949/1222
f 3689/1802 3793/1657 3624/1775
f 3624/1775 3793/1657 3174/1639
f 3372/2101 4052/2164 3466/2048
f 3588/1373 3651/1295 3664/1303
f 3200/1210 3651/1295 3637/1329
f 3402/1547 3569/1497 3421/1409
f 3200/1210 3652/1223 3651/1295
f 3785/1606 3404/1695 3419/1514
f 3624/1775 3418/1822 3429/1861
f 3569/1497 3174/1639 3793/1657
f 3551/1552 3174/1639 3569/1497
f 3622/1235 3664/1303 3652/1223
f 3222/1213 3637/1329 3426/1363
f 3527/2044 3592/1941 3618/2061
f 3637/1329 949/1222 3200/1210
f 3551/1552 3569/1497 3402/1547
f 3569/1497 3399/1320 3421/1409
f 3426/1363 3421/1409 3232/1284
f 4028/2169 3432/2261 4052/2164
f 3609/1110 3652/1223 3200/1210
f 3421/1409 3419/1514 3402/1547
f 3232/1284 3421/1409 3399/1320
f 3222/1213 3232/1284 3223/1161
f 3489/1493 3437/1673 3435/1593
f 3474/1055 3609/1110 3643/1072
f 949/1222 3222/1213 3644/1160
f 3200/1210 3643/1072 3609/1110
f 3403/1925 3430/1847 3427/1810
f 3200/1210 3644/1160 3643/1072
f 3474/1055 3625/1127 3609/1110
f 3223/1161 3236/1215 3241/1158
f 3236/1215 3399/1320 3241/1158
f 3217/1030 3638/1057 3223/1161
f 3223/1161 3241/1158 3217/1030
f 3945/1918 1126/1993 1146/1923
f 3829/1776 3973/1895 2076/1927
f 2076/1927 3973/1895 2064/1975
f 3364/2698 487/2769 6099/2784
f 4024/2706 6106/2697 1871/2646
f 3368/1989 4070/1974 3579/2029
f 4008/2474 3374/2529 6107/2578
f 3377/2508 3384/2459 3601/2455
f 4008/2474 6066/2440 3374/2529
f 3376/2425 3411/2469 3392/2415
f 6107/2578 3663/2633 1871/2646
f 3381/2595 3443/2628 3374/2529
f 3460/2317 3621/2384 6297/2373
f 3438/2309 6067/2356 3230/2305
f 3575/1604 3576/1675 3756/1541
f 4024/2706 487/2769 6106/2697
f 1249/2416 3716/2457 6073/2456
f 3756/1541 3345/1601 4109/1459
f 3879/1915 2064/1975 3973/1895
f 1927/2196 3468/2215 3849/2280
f 3945/1918 4558/1832 3946/1856
f 3716/2457 3363/2535 6073/2456
f 4070/1974 3669/1919 3520/2007
f 1126/1993 3945/1918 3531/1994
f 3382/2387 3697/2290 6067/2356
f 3862/2036 1126/1993 3828/2080
f 3716/2457 4008/2474 3363/2535
f 3381/2595 3374/2529 1946/2531
f 3355/2118 3356/2001 3357/2042
f 3438/2309 3849/2280 3850/2363
f 2950/2339 3621/2384 3460/2317
f 6292/2484 3374/2529 6066/2440
f 4008/2474 3716/2457 3382/2387
f 3779/1929 3417/2025 3520/2007
f 3363/2535 6107/2578 6111/2588
f 6292/2484 6066/2440 3379/2404
f 3378/2326 3405/2272 3774/2217
f 3531/1994 3945/1918 3946/1856
f 3382/2387 3380/2366 3697/2290
f 3697/2290 3378/2326 3774/2217
f 3405/2272 4019/2257 3350/2209
f 3382/2387 6067/2356 6066/2440
f 3373/2213 3849/2280 3438/2309
f 3366/2082 3843/2121 3579/2029
f 3633/1981 3356/2001 3733/2075
f 884/1727 1756/1720 1495/1794
f 3828/2080 1126/1993 3531/1994
f 3379/2404 6067/2356 3438/2309
f 3843/2121 3373/2213 3390/2225
f 4558/1832 884/1727 3946/1856
f 3702/2639 6106/2697 3364/2698
f 3230/2305 6067/2356 3697/2290
f 3345/1601 3756/1541 3576/1675
f 3946/1856 1495/1794 2076/1927
f 3401/1899 4074/1834 3406/1942
f 3345/1601 3576/1675 3407/1692
f 3702/2639 6111/2588 4025/2613
f 3725/2110 3520/2007 3417/2025
f 3411/2469 6292/2484 3379/2404
f 3392/2415 3379/2404 3850/2363
f 3905/2117 3906/2133 1925/2063
f 3380/2366 3378/2326 3697/2290
f 3230/2305 3697/2290 3375/2259
f 3774/2217 3349/2139 3697/2290
f 6102/2388 3378/2326 3380/2366
f 1946/2531 3374/2529 1945/2517
f 1805/1708 4147/1586 1131/1731
f 3432/2261 3389/2331 3422/2371
f 6111/2588 6107/2578 4025/2613
f 1131/1731 884/1727 4558/1832
f 4074/1834 3767/1846 3406/1942
f 1880/2135 1613/2185 3905/2117
f 1249/2416 6073/2456 6102/2388
f 3702/2639 3363/2535 6111/2588
f 3939/2130 3930/2190 1707/2171
f 3368/1989 3579/2029 3843/2121
f 1880/2135 3905/2117 3878/2023
f 1707/2171 1880/2135 3939/2130
f 3939/2130 1880/2135 3878/2023
f 1897/1522 1754/1611 4295/1603
f 3468/2215 3460/2317 3849/2280
f 1925/2063 3878/2023 3905/2117
f 3774/2217 3355/2118 3349/2139
f 3376/2425 3392/2415 3850/2363
f 2064/1975 3878/2023 1925/2063
f 4512/2159 3922/2124 1925/2063
f 2064/1975 1925/2063 2076/1927
f 3879/1915 3878/2023 2064/1975
f 3922/2124 3531/1994 1925/2063
f 1946/2531 3411/2469 3370/2518
f 3531/1994 2076/1927 1925/2063
f 3531/1994 3922/2124 3828/2080
f 2076/1927 1495/1794 3829/1776
f 6107/2578 3374/2529 3663/2633
f 3850/2363 3849/2280 6297/2373
f 3438/2309 3375/2259 3390/2225
f 884/1727 1495/1794 3946/1856
f 1495/1794 1756/1720 3829/1776
f 3230/2305 3375/2259 3438/2309
f 6297/2373 3376/2425 3850/2363
f 1126/1993 3862/2036 1146/1923
f 3579/2029 4070/1974 3520/2007
f 3384/2459 3377/2508 3376/2425
f 1754/1611 1756/1720 884/1727
f 1146/1923 4639/1868 4558/1832
f 3375/2259 3398/2206 3390/2225
f 1902/1595 1756/1720 1754/1611
f 3576/1675 3575/1604 3793/1657
f 3398/2206 3697/2290 3349/2139
f 4022/2149 3733/2075 3355/2118
f 3768/1717 4102/1733 3516/1561
f 4295/1603 1754/1611 884/1727
f 1131/1731 4295/1603 884/1727
f 4008/2474 3382/2387 6066/2440
f 1131/1731 4558/1832 4639/1868
f 1897/1522 1902/1595 1754/1611
f 4025/2613 1871/2646 3702/2639
f 4147/1586 4295/1603 1131/1731
f 4637/1878 1131/1731 4639/1868
f 4637/1878 1805/1708 1131/1731
f 3202/407 6516/294 6517/371
f 3202/407 3180/524 22/389
f 6516/294 3202/407 22/389
f 6516/294 22/389 6518/266
f 3373/2213 1927/2196 3849/2280
f 3370/2518 3411/2469 3377/2508
f 2762/571 368/619 41/623
f 3460/2317 6297/2373 3849/2280
f 3184/249 6519/240 6520/257
f 3184/249 6520/257 4135/387
f 34/25 38/231 39/143
f 3376/2425 6297/2373 3601/2455
f 3348/1743 3413/1795 3767/1846
f 3384/2459 3376/2425 3601/2455
f 4135/387 3219/303 3181/298
f 3405/2272 3350/2209 3774/2217
f 3181/298 3155/194 3184/249
f 3390/2225 3398/2206 3843/2121
f 55/560 41/623 57/607
f 3398/2206 3349/2139 3843/2121
f 32/192 3176/232 3724/343
f 3154/466 3297/568 2762/571
f 41/623 40/536 2762/571
f 4135/387 3180/524 4136/467
f 3184/249 3155/194 3201/118
f 3520/2007 3366/2082 3579/2029
f 3219/303 3182/394 3175/314
f 55/560 57/607 4262/494
f 3850/2363 3379/2404 3438/2309
f 40/536 41/623 55/560
f 3219/303 4135/387 3182/394
f 3175/314 3186/219 3219/303
f 3175/314 3164/372 3176/232
f 3724/343 3154/466 3163/460
f 3164/372 3724/343 3176/232
f 1927/2196 3373/2213 314/2143
f 4129/84 3155/194 3187/113
f 3186/219 3175/314 3176/232
f 3163/460 40/536 4262/494
f 4622/660 2768/729 863/798
f 863/798 3722/707 4622/660
f 719/749 3722/707 863/798
f 2659/598 3836/583 4622/660
f 3813/650 3722/707 719/749
f 3723/602 3722/707 3813/650
f 4139/501 3803/450 3836/583
f 3813/650 719/749 3809/637
f 3809/637 719/749 729/722
f 2693/420 3714/339 4139/501
f 4172/747 729/722 3853/814
f 4253/622 3809/637 729/722
f 4252/563 2862/554 3809/637
f 4139/501 2862/554 2895/437
f 2895/437 2693/420 4139/501
f 4173/812 4172/747 3853/814
f 2895/437 2903/251 2693/420
f 2861/871 4651/837 4173/812
f 4653/1078 4413/973 3825/969
f 4413/973 4194/895 3825/969
f 4153/632 4151/519 4253/622
f 2903/251 2895/437 4157/453
f 4153/632 3815/687 3812/547
f 4194/895 4651/837 2861/871
f 4651/837 3815/687 4173/812
f 4182/991 4413/973 4653/1078
f 4151/519 4153/632 3812/547
f 2903/251 4157/453 2909/373
f 4267/641 3812/547 3815/687
f 4194/895 4180/902 4651/837
f 4651/837 3816/810 3815/687
f 3812/547 3121/421 4151/519
f 6297/2373 3621/2384 3601/2455
f 4182/991 4185/1080 4030/1007
f 4180/902 3816/810 4651/837
f 4182/991 4030/1007 4180/902
f 4267/641 3816/810 4312/670
f 3812/547 3811/498 3121/421
f 3350/2209 3355/2118 3774/2217
f 4415/780 3816/810 4180/902
f 3357/2042 3349/2139 3355/2118
f 3843/2121 3349/2139 3368/1989
f 4672/1096 4670/1039 4030/1007
f 4186/648 4311/546 4312/670
f 4415/780 4180/902 4178/908
f 3663/2633 4024/2706 1871/2646
f 4670/1039 4672/1096 4679/1114
f 4030/1007 4670/1039 4669/992
f 4178/908 4669/992 4187/945
f 30/172 36/206 35/72
f 4186/648 4415/780 4691/805
f 3724/343 3163/460 4263/368
f 3724/343 29/247 32/192
f 5952/548 3837/616 3836/583
f 4697/1029 4670/1039 4679/1114
f 4669/992 4670/1039 4187/945
f 4187/945 4199/862 4178/908
f 3373/2213 3438/2309 3390/2225
f 4691/805 4178/908 4199/862
f 4691/805 4188/723 4186/648
f 4194/895 4413/973 4180/902
f 3411/2469 3376/2425 3377/2508
f 4262/494 57/607 3837/616
f 31/181 32/192 29/247
f 4129/84 3187/113 23/28
f 4199/862 4187/945 4696/941
f 4129/84 3197/20 4078/18
f 31/181 42/125 32/192
f 3373/2213 3843/2121 314/2143
f 2876/476 4262/494 5952/548
f 3725/2110 1927/2196 314/2143
f 4187/945 4697/1029 4696/941
f 4641/893 4199/862 4696/941
f 1927/2196 3725/2110 3468/2215
f 3163/460 4262/494 4263/368
f 3460/2317 3468/2215 3432/2261
f 5952/548 3836/583 2876/476
f 4019/2257 4022/2149 3350/2209
f 3355/2118 3350/2209 4022/2149
f 3723/602 4622/660 3722/707
f 4696/941 4697/1029 4698/1049
f 4698/1049 4641/893 4696/941
f 4185/1080 4182/991 4653/1078
f 3368/1989 3349/2139 3357/2042
f 31/181 30/172 42/125
f 4030/1007 4669/992 4178/908
f 3202/407 6517/371 6521/351
f 3202/407 6521/351 104/356
f 1946/2531 1945/2517 6292/2484
f 3363/2535 4008/2474 6107/2578
f 3182/394 4135/387 4136/467
f 3197/20 4129/84 23/28
f 4698/1049 4697/1029 4238/1101
f 3187/113 3168/48 23/28
f 1249/2416 3382/2387 3716/2457
f 3366/2082 314/2143 3843/2121
f 6522/69 3177/115 3176/232
f 6522/69 3176/232 6523/80
f 2768/729 4622/660 3836/583
f 3702/2639 1871/2646 6106/2697
f 3366/2082 3725/2110 314/2143
f 3432/2261 2950/2339 3460/2317
f 3432/2261 3468/2215 4052/2164
f 4126/366 4262/494 2876/476
f 3621/2384 2950/2339 3422/2371
f 36/206 29/247 4263/368
f 55/560 4262/494 40/536
f 2876/476 3836/583 3803/450
f 3355/2118 3733/2075 3356/2001
f 3356/2001 3406/1942 3357/2042
f 3413/1795 3655/1889 3767/1846
f 29/247 36/206 30/172
f 3697/2290 3398/2206 3375/2259
f 39/143 3714/339 52/179
f 3382/2387 1249/2416 3380/2366
f 3186/219 3187/113 3155/194
f 4312/670 4415/780 4186/648
f 3201/118 6524/218 6519/240
f 3201/118 6519/240 3184/249
f 3164/372 3154/466 3724/343
f 3168/48 3177/115 25/47
f 3177/115 6522/69 6360/60
f 3177/115 6360/60 25/47
f 4126/366 36/206 4263/368
f 3520/2007 3725/2110 3366/2082
f 4052/2164 3468/2215 3440/2142
f 3440/2142 3725/2110 3466/2048
f 3422/2371 2950/2339 3432/2261
f 2873/352 2876/476 3803/450
f 3767/1846 3368/1989 3406/1942
f 4078/18 3201/118 4129/84
f 3356/2001 3401/1899 3406/1942
f 3655/1889 4070/1974 3368/1989
f 2876/476 2873/352 4126/366
f 2873/352 38/231 4126/366
f 38/231 36/206 4126/366
f 2862/554 4157/453 2895/437
f 3714/339 2873/352 3803/450
f 1249/2416 6102/2388 3380/2366
f 3541/1554 3793/1657 3575/1604
f 35/72 36/206 34/25
f 3663/2633 3443/2628 4024/2706
f 38/231 2873/352 39/143
f 36/206 38/231 34/25
f 6292/2484 3411/2469 1946/2531
f 3401/1899 3633/1981 3414/1874
f 4129/84 3201/118 3155/194
f 3379/2404 6066/2440 6067/2356
f 4052/2164 3440/2142 3466/2048
f 3417/2025 3466/2048 3725/2110
f 3357/2042 3406/1942 3368/1989
f 35/72 42/125 30/172
f 3401/1899 3356/2001 3633/1981
f 4031/2002 3633/1981 3733/2075
f 3175/314 3182/394 3164/372
f 4136/467 3154/466 3182/394
f 3177/115 3186/219 3176/232
f 4267/641 4312/670 4311/546
f 3155/194 3219/303 3186/219
f 3413/1795 3348/1743 3576/1675
f 4185/1080 4672/1096 4030/1007
f 3348/1743 3768/1717 3407/1692
f 3724/343 4263/368 29/247
f 3379/2404 3392/2415 3411/2469
f 3779/1929 3466/2048 3417/2025
f 3767/1846 4074/1834 3768/1717
f 4032/1946 3633/1981 4031/2002
f 6424/185 52/179 3714/339
f 6424/185 3714/339 6525/203
f 3184/249 4135/387 3181/298
f 4102/1733 4074/1834 3401/1899
f 3669/1919 3779/1929 3520/2007
f 3154/466 40/536 3163/460
f 3164/372 3182/394 3154/466
f 6523/80 3176/232 32/192
f 6523/80 32/192 6526/79
f 3440/2142 3468/2215 3725/2110
f 6527/68 42/125 6528/57
f 6526/79 32/192 42/125
f 6526/79 42/125 6527/68
f 4262/494 4126/366 4263/368
f 42/125 35/72 6363/52
f 42/125 6363/52 6528/57
f 105/472 3202/407 104/356
f 3655/1889 3413/1795 3689/1802
f 3655/1889 3368/1989 3767/1846
f 3768/1717 4074/1834 4102/1733
f 3348/1743 3767/1846 3768/1717
f 4102/1733 3401/1899 3414/1874
f 3414/1874 3633/1981 4032/1946
f 3180/524 4135/387 22/389
f 3689/1802 3779/1929 3669/1919
f 3154/466 2762/571 40/536
f 3443/2628 3663/2633 3374/2529
f 3177/115 3187/113 3186/219
f 3374/2529 6292/2484 1945/2517
f 6525/203 3714/339 2903/251
f 6525/203 2903/251 6428/195
f 5952/548 4262/494 3837/616
f 3154/466 4136/467 3297/568
f 3413/1795 3576/1675 3689/1802
f 3407/1692 3576/1675 3348/1743
f 3297/568 4136/467 3180/524
f 30/172 31/181 29/247
f 3219/303 3155/194 3181/298
f 3177/115 3168/48 3187/113
f 4135/387 6520/257 6518/266
f 4135/387 6518/266 22/389
f 3655/1889 3669/1919 4070/1974
f 2762/571 3297/568 368/619
f 3689/1802 3576/1675 3793/1657
f 2873/352 3714/339 39/143
f 487/2769 3364/2698 6106/2697
f 6107/2578 1871/2646 4025/2613
f 3407/1692 3768/1717 3345/1601
f 3345/1601 3768/1717 3516/1561
f 3345/1601 3516/1561 4109/1459
f 3669/1919 3655/1889 3689/1802
f 3575/1604 3756/1541 3541/1554
f 3541/1554 3569/1497 3793/1657
f 3541/1554 3756/1541 3775/1474
f 3541/1554 3775/1474 3569/1497
f 3838/1367 4603/1405 4595/1311
f 4679/1114 4238/1101 4697/1029
f 4412/1273 4678/1186 4671/1165
f 4643/1167 5487/1270 4176/1200
f 4679/1114 311/1233 4238/1101
f 3109/1544 4077/1599 4785/1662
f 4560/1328 3823/1221 3804/1143
f 4236/1375 4200/1334 5487/1270
f 4425/1583 4584/1596 4599/1456
f 4329/1680 5558/1778 4427/1723
f 4238/1101 311/1233 4643/1167
f 1351/1502 3183/1589 855/1473
f 4317/1785 4329/1680 4332/1672
f 4983/1656 4308/1518 3109/1544
f 4412/1273 4595/1311 4725/1341
f 4574/1166 3823/1221 4595/1311
f 4308/1518 4143/1428 3840/1475
f 4725/1341 4595/1311 4599/1456
f 2758/1441 4688/1382 4725/1341
f 4604/2017 4445/2076 4600/2138
f 4405/2047 4664/1988 4638/1914
f 3119/1968 4617/1866 4664/1988
f 4574/1166 4653/1078 3823/1221
f 4143/1428 4203/1432 4200/1334
f 4585/1652 4427/1723 4602/1841
f 4236/1375 3840/1475 4143/1428
f 4412/1273 4671/1165 4595/1311
f 5487/1270 311/1233 5488/1300
f 4402/1967 3862/2036 4401/2016
f 4599/1456 4595/1311 4603/1405
f 311/1233 5487/1270 4643/1167
f 3924/1470 3819/1385 4688/1382
f 4185/1080 4653/1078 4574/1166
f 4427/1723 5558/1778 4617/1866
f 1359/1422 855/1473 4625/1321
f 5488/1300 4678/1186 4412/1273
f 4671/1165 4678/1186 4679/1114
f 4645/1523 2758/1441 4599/1456
f 3924/1470 3839/1503 3819/1385
f 4400/1724 4726/1828 4398/1713
f 4599/1456 4657/1488 4425/1583
f 4645/1523 3924/1470 2758/1441
f 4203/1432 4143/1428 4308/1518
f 2827/1597 3924/1470 4645/1523
f 311/1233 4679/1114 4678/1186
f 5488/1300 4412/1273 4725/1341
f 4203/1432 4308/1518 4285/1581
f 3119/1968 4604/2017 4602/1841
f 3839/1503 3924/1470 2827/1597
f 3804/1143 3823/1221 4653/1078
f 4185/1080 4574/1166 4671/1165
f 5972/1984 5467/2020 4637/1878
f 3109/1544 4308/1518 3839/1503
f 4285/1581 4308/1518 4983/1656
f 4400/1724 2827/1597 4585/1652
f 4051/1357 4073/1330 2847/1260
f 3838/1367 4560/1328 3872/1469
f 3183/1589 1086/1629 3087/1567
f 4645/1523 4584/1596 4585/1652
f 4638/1914 4440/1753 4637/1878
f 3087/1567 1086/1629 3115/1638
f 2862/554 4252/563 4157/453
f 4645/1523 4585/1652 2827/1597
f 4402/1967 1146/1923 3862/2036
f 4236/1375 5488/1300 3819/1385
f 2906/1387 855/1473 1504/1444
f 2827/1597 4077/1599 3839/1503
f 4414/1566 4329/1680 4425/1583
f 4784/1848 4785/1662 4398/1713
f 4398/1713 4077/1599 2827/1597
f 3872/1469 4414/1566 4657/1488
f 4414/1566 4425/1583 4657/1488
f 4188/723 4691/805 4199/862
f 4584/1596 4427/1723 4585/1652
f 3804/1143 3796/1137 3826/1255
f 4348/1563 3873/1447 1031/1490
f 3109/1544 4785/1662 4983/1656
f 4584/1596 4645/1523 4599/1456
f 5632/1372 4560/1328 3826/1255
f 3872/1469 3822/1513 4414/1566
f 4726/1828 4400/1724 4602/1841
f 4400/1724 4585/1652 4602/1841
f 1031/1490 4351/1531 4349/1570
f 1504/1444 855/1473 1031/1490
f 4671/1165 4574/1166 4595/1311
f 3121/421 2909/373 4254/495
f 5467/2020 4638/1914 4637/1878
f 4672/1096 4185/1080 4671/1165
f 4416/1676 1805/1708 4440/1753
f 3795/1291 3826/1255 3796/1137
f 5632/1372 3826/1255 3795/1291
f 4351/1531 3087/1567 4349/1570
f 4348/1563 3822/1513 3873/1447
f 3115/1638 4332/1672 4348/1563
f 3822/1513 4348/1563 4414/1566
f 3872/1469 4657/1488 3838/1367
f 4414/1566 4348/1563 4332/1672
f 4657/1488 4603/1405 3838/1367
f 4400/1724 4398/1713 2827/1597
f 4647/1829 4785/1662 4784/1848
f 3804/1143 3826/1255 4560/1328
f 2906/1387 3869/1414 3851/1299
f 3873/1447 4560/1328 5632/1372
f 4077/1599 3109/1544 3839/1503
f 4144/1434 4051/1357 3208/1335
f 4398/1713 4726/1828 4784/1848
f 3795/1291 3796/1137 3797/1211
f 3869/1414 5632/1372 3795/1291
f 1504/1444 1031/1490 5632/1372
f 4638/1914 4617/1866 4317/1785
f 5558/1778 4329/1680 4317/1785
f 4983/1656 4785/1662 5953/1716
f 4349/1570 4348/1563 1031/1490
f 4077/1599 4398/1713 4785/1662
f 4332/1672 4440/1753 4317/1785
f 3119/1968 4602/1841 4617/1866
f 4785/1662 4647/1829 5953/1716
f 3636/2168 5972/1984 4402/1967
f 1351/1502 4149/1478 4147/1586
f 4332/1672 3115/1638 4440/1753
f 3539/567 462/518 3282/592
f 3300/611 3539/567 3313/624
f 462/518 3148/557 3282/592
f 4236/1375 3819/1385 3840/1475
f 5972/1984 4639/1868 4402/1967
f 3183/1589 4351/1531 855/1473
f 4726/1828 4557/1930 4378/1954
f 4726/1828 4378/1954 4784/1848
f 3839/1503 4308/1518 3840/1475
f 3872/1469 4560/1328 3873/1447
f 3795/1291 3797/1211 3851/1299
f 4329/1680 4414/1566 4332/1672
f 3119/1968 4445/2076 4604/2017
f 4664/1988 3752/2115 4445/2076
f 4173/812 3853/814 2861/871
f 4254/495 2909/373 4157/453
f 1504/1444 5632/1372 3869/1414
f 5558/1778 4317/1785 4617/1866
f 4625/1321 855/1473 2906/1387
f 4311/546 3811/498 4267/641
f 4600/2138 4445/2076 3721/2153
f 4638/1914 4317/1785 4440/1753
f 4348/1563 4349/1570 3115/1638
f 4286/1697 4285/1581 4983/1656
f 4602/1841 4604/2017 4557/1930
f 4664/1988 4617/1866 4638/1914
f 3539/567 3282/592 3313/624
f 3869/1414 2906/1387 1504/1444
f 5488/1300 311/1233 4678/1186
f 4440/1753 3115/1638 1086/1629
f 5488/1300 4236/1375 5487/1270
f 4349/1570 3087/1567 3115/1638
f 4378/1954 4557/1930 3151/2046
f 4672/1096 4671/1165 4679/1114
f 4584/1596 4425/1583 4427/1723
f 5632/1372 1031/1490 3873/1447
f 5488/1300 4725/1341 4688/1382
f 2862/554 3813/650 3809/637
f 4657/1488 4599/1456 4603/1405
f 2906/1387 3851/1299 4625/1321
f 4602/1841 4557/1930 4726/1828
f 4425/1583 4329/1680 4427/1723
f 3812/547 4267/641 3811/498
f 4440/1753 1805/1708 4637/1878
f 4416/1676 4440/1753 1086/1629
f 4153/632 4253/622 729/722
f 4351/1531 3183/1589 3087/1567
f 5467/2020 4405/2047 4638/1914
f 4416/1676 1086/1629 3183/1589
f 3721/2153 4445/2076 3752/2115
f 1359/1422 4149/1478 1351/1502
f 4664/1988 4445/2076 3119/1968
f 1359/1422 1351/1502 855/1473
f 4147/1586 3183/1589 1351/1502
f 4623/1418 1359/1422 4625/1321
f 4670/1039 4697/1029 4187/945
f 4637/1878 4639/1868 5972/1984
f 3183/1589 1805/1708 4416/1676
f 5972/1984 3636/2168 5467/2020
f 4602/1841 4427/1723 4617/1866
f 5467/2020 2743/2128 4405/2047
f 4405/2047 3721/2153 3752/2115
f 1805/1708 3183/1589 4147/1586
f 4623/1418 4149/1478 1359/1422
f 5467/2020 3636/2168 2743/2128
f 4199/862 4641/893 4188/723
f 1146/1923 4402/1967 4639/1868
f 4401/2016 3636/2168 4402/1967
f 1031/1490 855/1473 4351/1531
f 2758/1441 3924/1470 4688/1382
f 4153/632 729/722 4172/747
f 4688/1382 3819/1385 5488/1300
f 3839/1503 3840/1475 3819/1385
f 3823/1221 3838/1367 4595/1311
f 3869/1414 3795/1291 3851/1299
f 3823/1221 4560/1328 3838/1367
f 3872/1469 3873/1447 3822/1513
f 4200/1334 4176/1200 5487/1270
f 4252/563 4254/495 4157/453
f 4725/1341 4599/1456 2758/1441
f 4664/1988 4405/2047 3752/2115
f 3151/2046 4557/1930 4604/2017
f 4143/1428 4200/1334 4236/1375
f 4151/519 3121/421 4254/495
f 4178/908 4180/902 4030/1007
f 4194/895 2861/871 3825/969
f 4415/780 4178/908 4691/805
f 3201/118 4078/18 3234/21
f 2659/598 4139/501 3836/583
f 2659/598 4622/660 3723/602
f 3201/118 6529/116 6524/218
f 6530/353 104/356 6521/351
f 6529/116 3201/118 3234/21
f 6529/116 3234/21 6531/85
f 6513/290 103/363 6532/317
f 3204/35 6533/38 6534/44
f 3204/35 6402/33 6533/38
f 6531/85 3234/21 6535/56
f 3204/35 6534/44 6535/56
f 3204/35 6535/56 3234/21
f 3743/236 6515/254 6536/223
f 103/363 104/356 6530/353
f 103/363 6530/353 6532/317
f 4182/991 4180/902 4413/973
f 3803/450 4139/501 3714/339
f 4415/780 4312/670 3816/810
f 4172/747 4173/812 3815/687
f 3743/236 6536/223 6537/188
f 3723/602 2862/554 4139/501
f 4252/563 3809/637 4253/622
f 2693/420 2903/251 3714/339
f 6478/103 544/244 3743/236
f 6478/103 3743/236 6537/188
f 3815/687 4153/632 4172/747
f 4051/1357 4144/1434 2385/1437
f 4253/622 4151/519 4254/495
f 4051/1357 2847/1260 3208/1335
f 2474/1238 4079/1129 4165/1153
f 4144/1434 4068/1588 2385/1437
f 4139/501 2659/598 3723/602
f 3815/687 3816/810 4267/641
f 4338/1726 1653/1622 4116/1734
f 4132/1283 3964/1331 3801/1242
f 1934/1534 1855/1510 3935/1484
f 3813/650 2862/554 3723/602
f 1653/1622 1877/1617 4116/1734
f 3842/1464 3159/1408 3963/1411
f 4338/1726 4116/1734 4047/1824
f 3848/1748 3933/1649 3988/1653
f 3159/1408 3978/1323 3964/1331
f 3964/1331 3225/1293 3801/1242
f 1861/1504 3842/1464 1855/1510
f 1941/1559 1877/1617 1653/1622
f 4252/563 4253/622 4254/495
f 1934/1534 1861/1504 1855/1510
f 3159/1408 3964/1331 3963/1411
f 3963/1411 1855/1510 3842/1464
f 4047/1824 3958/1765 2120/1838
f 4116/1734 1877/1617 3933/1649
f 3935/1484 1855/1510 3963/1411
f 3958/1765 4047/1824 4116/1734
f 3225/1293 3978/1323 3801/1242
f 3958/1765 4116/1734 3933/1649
f 1934/1534 3933/1649 1877/1617
f 3964/1331 3978/1323 3225/1293
f 3848/1748 3958/1765 3933/1649
f 1934/1534 3988/1653 3933/1649
f 1934/1534 3935/1484 3988/1653
f 3963/1411 3964/1331 4132/1283
f 1941/1559 1861/1504 1877/1617
f 1861/1504 1934/1534 1877/1617
f 3159/1408 3842/1464 1861/1504
f 4373/4034 4428/3935 4258/4020
f 2471/2423 2537/2350 5794/2406
f 5311/2744 5440/2719 5421/2672
f 2471/2423 2679/2401 2783/2347
f 5298/2625 5883/2675 4570/2626
f 2153/2370 5829/2412 2924/2362
f 2731/2158 5858/2252 2625/2318
f 4387/3958 4257/4000 5498/3852
f 2153/2370 2154/2354 5849/2396
f 4570/2626 4667/2538 5298/2625
f 4431/2289 5687/2260 5396/2315
f 2924/2362 5794/2406 2894/2342
f 4909/2494 5364/2448 4910/2472
f 4436/2490 5999/2438 5659/2414
f 4667/2538 5324/2560 4649/2458
f 3140/2229 3190/2267 3071/2327
f 3146/2328 3321/2357 5508/2418
f 4626/2288 3173/2194 3146/2328
f 2897/2307 5866/2344 2816/2368
f 5659/2414 4649/2458 4436/2490
f 4324/3216 4716/3296 5491/3232
f 3535/2428 5270/2361 5121/2449
f 4658/3961 4463/3892 4428/3935
f 4362/3068 4556/3133 5446/3001
f 4562/3814 5851/3855 4428/3935
f 5591/2967 4553/3047 5357/3038
f 5665/2894 5591/2967 5341/2852
f 5531/3407 4325/3311 5518/3359
f 4324/3216 4325/3311 4716/3296
f 4716/3296 4517/3337 5491/3232
f 5432/3244 5518/3359 4325/3311
f 4716/3296 4430/3402 4517/3337
f 2816/2368 5866/2344 3073/2393
f 5866/2344 2896/2291 3071/2327
f 3220/2360 3065/2332 3108/2300
f 4375/4022 5543/4030 4387/3958
f 4542/3723 4460/3796 4541/3754
f 5335/2714 5435/2755 5341/2852
f 5341/2852 5552/2790 5665/2894
f 5591/2967 5665/2894 5446/3001
f 5543/4030 4309/4084 4257/4000
f 5379/2386 5121/2449 5270/2361
f 3146/2328 3220/2360 4626/2288
f 3108/2300 3065/2332 3129/2277
f 4460/3796 4542/3723 4434/3739
f 5849/2396 2154/2354 2816/2368
f 5072/2734 5317/2658 4777/2695
f 4649/2458 5659/2414 4959/2364
f 4666/2477 4667/2538 4649/2458
f 5813/2212 2784/2211 2306/2266
f 5421/2672 5883/2675 5298/2625
f 2896/2291 5854/2223 5722/2276
f 5311/2744 5421/2672 5343/2664
f 2783/2347 2537/2350 2471/2423
f 2301/2333 2679/2401 2103/2409
f 2924/2362 2154/2354 2153/2370
f 2897/2307 2154/2354 5818/2301
f 3190/2267 3506/2180 3166/2201
f 3178/2203 3146/2328 3173/2194
f 3173/2194 4626/2288 5683/2243
f 2153/2370 5849/2396 5829/2412
f 5851/3855 5498/3852 4435/3936
f 4362/3068 5569/3150 4556/3133
f 4541/3754 5400/3695 4542/3723
f 5491/3232 5569/3150 4324/3216
f 4362/3068 5446/3001 5561/2969
f 2919/2181 5888/2224 5858/2252
f 5556/3236 5432/3244 4325/3311
f 5856/3784 4455/3745 5851/3855
f 3827/2202 4431/2289 5414/2296
f 4460/3796 4434/3739 4458/3820
f 5119/2690 5435/2755 5335/2714
f 5552/2790 5341/2852 5435/2755
f 4649/2458 4959/2364 4958/2378
f 5374/2359 4959/2364 5659/2414
f 5326/3683 4434/3739 4542/3723
f 4258/4020 4368/4105 4373/4034
f 5127/3643 5126/3700 4539/3757
f 4649/2458 4853/2419 4666/2477
f 4909/2494 4667/2538 4666/2477
f 4381/3839 4437/3770 3515/3843
f 4667/2538 4852/2520 5295/2604
f 5421/2672 5298/2625 5295/2604
f 2537/2350 5819/2273 2894/2342
f 2103/2409 2625/2318 2301/2333
f 5818/2301 3118/2167 2897/2307
f 4431/2289 4663/2218 4568/2226
f 5393/2275 3146/2328 3178/2203
f 5661/2977 5698/2979 628/3030
f 3110/2246 5854/2223 2896/2291
f 4528/3624 5788/3625 4523/3660
f 4324/3216 5569/3150 5782/3113
f 4362/3068 5561/2969 4361/3024
f 5446/3001 5492/2933 5561/2969
f 4324/3216 4741/3157 5556/3236
f 5315/2730 5552/2790 5435/2755
f 5072/2734 5398/2831 5552/2790
f 5665/2894 5398/2831 5438/2889
f 5326/3683 4542/3723 4523/3660
f 4649/2458 4958/2378 4853/2419
f 4542/3723 5400/3695 4523/3660
f 5840/2446 2679/2401 2471/2423
f 4455/3745 5856/3784 5433/3706
f 4322/3390 5572/3391 5432/3244
f 4632/2323 4958/2378 4959/2364
f 4666/2477 5364/2448 4909/2494
f 5856/3784 4562/3814 4564/3724
f 5543/4030 4407/4086 4309/4084
f 2897/2307 3118/2167 3110/2246
f 5433/3706 5856/3784 4564/3724
f 4852/2520 4667/2538 4909/2494
f 4458/3820 4434/3739 4539/3757
f 5374/2359 5379/2386 5656/2343
f 5295/2604 4852/2520 4871/2599
f 4513/3853 4539/3757 4381/3839
f 2783/2347 2306/2266 2684/2274
f 5858/2252 2306/2266 2301/2333
f 5819/2273 3118/2167 5818/2301
f 3715/2173 5393/2275 3178/2203
f 4741/3157 4324/3216 5782/3113
f 4361/3024 5561/2969 5457/2915
f 5492/2933 5447/2899 5561/2969
f 4741/3157 4360/3200 5556/3236
f 5552/2790 5283/2689 5072/2734
f 5492/2933 5438/2889 5447/2899
f 4539/3757 4384/3690 5127/3643
f 4632/2323 4959/2364 5396/2315
f 5414/2296 5374/2359 5656/2343
f 5046/2647 4871/2599 4759/2564
f 2306/2266 2784/2211 2684/2274
f 2625/2318 2664/2374 2656/2298
f 4523/3660 5788/3625 5326/3683
f 5400/3695 4528/3624 4523/3660
f 4845/2432 4744/2395 4728/2340
f 2306/2266 5858/2252 5888/2224
f 4385/3649 4384/3690 5326/3683
f 5782/3113 4361/3024 5473/3060
f 5433/3706 4894/3647 4455/3745
f 5046/2647 4759/2564 4919/2630
f 5834/3714 4564/3724 4562/3814
f 4919/2630 5283/2689 5119/2690
f 5072/2734 5283/2689 5317/2658
f 4624/2348 4635/2365 4958/2378
f 5433/3706 4564/3724 5434/3659
f 4624/2348 4632/2323 4618/2324
f 4744/2395 5422/2439 5364/2448
f 4437/3770 5834/3714 4562/3814
f 4852/2520 4845/2432 4411/2504
f 4539/3757 4434/3739 4384/3690
f 4539/3757 4437/3770 4381/3839
f 4759/2564 4871/2599 4411/2504
f 5720/2192 2684/2274 2784/2211
f 2656/2298 2731/2158 2625/2318
f 2919/2181 5858/2252 2731/2158
f 5422/2439 4845/2432 4910/2472
f 5481/3129 4741/3157 4740/3097
f 4463/3892 4562/3814 4428/3935
f 5544/3503 5538/3534 5797/3572
f 4917/2598 5283/2689 4919/2630
f 4917/2598 5317/2658 5283/2689
f 4635/2365 4742/2329 4744/2395
f 4431/2289 3827/2202 4663/2218
f 4744/2395 4845/2432 5422/2439
f 5813/2212 2765/2161 2784/2211
f 5899/3069 5473/3060 5679/2987
f 5899/3069 5481/3129 4740/3097
f 5794/2406 2383/2461 2471/2423
f 4481/3486 4543/3565 5538/3534
f 4520/2822 5311/2744 4519/2801
f 5434/3659 4894/3647 5433/3706
f 4635/2365 4618/2324 4742/2329
f 4689/2250 4742/2329 4618/2324
f 2765/2161 5813/2212 2919/2181
f 4309/4084 4407/4086 4371/4131
f 5883/2675 5323/2681 4570/2626
f 4368/4105 4258/4020 4306/4095
f 5541/3573 5434/3659 5523/3626
f 1633/3367 1906/3303 1264/3381
f 4522/2278 4728/2340 4742/2329
f 4742/2329 4689/2250 4522/2278
f 4615/2389 4845/2432 4728/2340
f 5914/3808 4489/3728 4470/3755
f 4615/2389 4728/2340 4579/2382
f 4579/2382 4845/2432 4615/2389
f 2960/2593 2925/2546 2941/2617
f 2883/2696 4902/2694 5496/2635
f 5619/2659 5496/2635 4902/2694
f 5797/3572 5788/3625 4528/3624
f 4478/3585 5788/3625 5797/3572
f 4894/3647 5434/3659 5541/3573
f 4570/2626 5323/2681 5428/2676
f 3108/2300 4626/2288 3220/2360
f 5523/3626 5834/3714 5126/3700
f 2966/2466 2833/2436 2475/2434
f 4376/4114 4407/4086 4375/4022
f 5990/3212 5991/3247 711/3166
f 5350/2579 5324/2560 4667/2538
f 1324/3345 1906/3303 1633/3367
f 1358/3117 1337/3082 1374/3005
f 1323/3281 1906/3303 1324/3345
f 5871/2993 1374/3005 1337/3082
f 1376/3267 1352/3229 1906/3303
f 1906/3303 1352/3229 1178/3205
f 4371/4131 3989/4159 4581/4202
f 4546/3632 4385/3649 5788/3625
f 1323/3281 1324/3345 1326/3298
f 1337/3082 1178/3205 1920/3123
f 1649/3423 1665/3409 1651/3494
f 1920/3123 1305/3053 1337/3082
f 1178/3205 1298/3142 1920/3123
f 1352/3229 1298/3142 1178/3205
f 4478/3585 4545/3595 5788/3625
f 1323/3281 1317/3204 1376/3267
f 5126/3700 5834/3714 4437/3770
f 5121/2449 5999/2438 4436/2490
f 4385/3649 5326/3683 5788/3625
f 4546/3632 4545/3595 5127/3643
f 1326/3298 1324/3345 1423/3346
f 1670/3289 1326/3298 1423/3346
f 1423/3346 1665/3409 1677/3358
f 1677/3358 1665/3409 1649/3423
f 1305/3053 1920/3123 1298/3142
f 1298/3142 1352/3229 1317/3204
f 1789/3254 1317/3204 1323/3281
f 1670/3289 1789/3254 1326/3298
f 1423/3346 1691/3279 1670/3289
f 4649/2458 5324/2560 4436/2490
f 5523/3626 5126/3700 5127/3643
f 1423/3346 1677/3358 1691/3279
f 5415/2482 3533/2501 3514/2554
f 1649/3423 1415/3340 1677/3358
f 167/3449 1415/3340 1649/3423
f 201/3427 191/3329 167/3449
f 5432/3244 5572/3391 5518/3359
f 1317/3204 1352/3229 1376/3267
f 1976/2963 1305/3053 5892/2976
f 1178/3205 1358/3117 5873/3302
f 1298/3142 1862/3072 1305/3053
f 1317/3204 1862/3072 1298/3142
f 1318/3168 1317/3204 1789/3254
f 1376/3267 1906/3303 1323/3281
f 4381/3839 4580/3923 4513/3853
f 5523/3626 5507/3541 5541/3573
f 1789/3254 1670/3289 1691/3279
f 191/3329 5909/3323 6187/3226
f 206/3041 230/2994 202/3058
f 214/2866 213/2840 240/2750
f 5574/3100 5357/3038 4553/3047
f 6170/3121 5889/3014 206/3041
f 167/3449 191/3329 1678/3306
f 1682/3219 1691/3279 1415/3340
f 1678/3306 1682/3219 1415/3340
f 5538/3534 4545/3595 4478/3585
f 5357/3038 5465/3000 5591/2967
f 5465/3000 5599/2945 5591/2967
f 1178/3205 1264/3381 1906/3303
f 200/3187 1678/3306 191/3329
f 5871/2993 1337/3082 1305/3053
f 1692/3203 1711/3112 1318/3168
f 1862/3072 1318/3168 1711/3112
f 1692/3203 1691/3279 1682/3219
f 2073/2847 209/2916 204/2878
f 5895/3035 1862/3072 1711/3112
f 5544/3503 5472/3445 5538/3534
f 5523/3626 4543/3565 5507/3541
f 4520/2822 4519/2801 5329/2903
f 200/3187 6187/3226 6170/3121
f 1800/2947 1862/3072 5895/3035
f 5543/4030 4375/4022 4407/4086
f 200/3187 191/3329 6187/3226
f 209/2916 2073/2847 1800/2947
f 4556/3133 5574/3100 4553/3047
f 1178/3205 1337/3082 1358/3117
f 5834/3714 5434/3659 4564/3724
f 1682/3219 1711/3112 1692/3203
f 1318/3168 1789/3254 1692/3203
f 4598/3210 4556/3133 5520/3260
f 1976/2963 5871/2993 1305/3053
f 1800/2947 5892/2976 1862/3072
f 5572/3391 4322/3390 4481/3486
f 206/3041 200/3187 6170/3121
f 5851/3855 4435/3936 4428/3935
f 3514/2554 5495/2592 5406/2528
f 5472/3445 5544/3503 5531/3407
f 1711/3112 1846/3013 5895/3035
f 1800/2947 5895/3035 205/2962
f 230/2994 1846/3013 202/3058
f 3515/3843 4463/3892 4381/3839
f 5429/3450 4326/3498 5507/3541
f 209/2916 205/2962 204/2878
f 205/2962 209/2916 1800/2947
f 4543/3565 4481/3486 5507/3541
f 211/2920 230/2994 5889/3014
f 240/2750 215/2699 214/2866
f 1682/3219 202/3058 1711/3112
f 5873/3302 1264/3381 1178/3205
f 1862/3072 5892/2976 1305/3053
f 1678/3306 1415/3340 167/3449
f 206/3041 202/3058 200/3187
f 1846/3013 205/2962 5895/3035
f 1318/3168 1862/3072 1317/3204
f 4437/3770 4562/3814 3515/3843
f 201/3427 5909/3323 191/3329
f 5889/3014 230/2994 206/3041
f 1692/3203 1789/3254 1691/3279
f 1326/3298 1789/3254 1323/3281
f 204/2878 214/2866 2229/2763
f 2816/2368 3073/2393 2833/2436
f 2073/2847 204/2878 2229/2763
f 4257/4000 4309/4084 4306/4095
f 1682/3219 200/3187 202/3058
f 1415/3340 1691/3279 1677/3358
f 204/2878 205/2962 1846/3013
f 214/2866 211/2920 213/2840
f 1682/3219 1678/3306 200/3187
f 5938/2603 2229/2763 215/2699
f 214/2866 215/2699 2229/2763
f 211/2920 214/2866 230/2994
f 4258/4020 4257/4000 4306/4095
f 214/2866 204/2878 1846/3013
f 214/2866 1846/3013 230/2994
f 4371/4131 4407/4086 4376/4114
f 1711/3112 202/3058 1846/3013
f 3073/2393 5866/2344 3071/2327
f 5900/2906 5893/2908 5877/2856
f 1375/3009 1272/3067 1358/3117
f 1978/2886 2151/2951 1363/2909
f 4545/3595 4546/3632 5788/3625
f 5851/3855 4562/3814 5856/3784
f 1969/2863 1978/2886 1363/2909
f 3110/2246 2896/2291 2897/2307
f 1374/3005 1363/2909 1375/3009
f 1363/2909 2151/2951 1375/3009
f 1969/2863 1363/2909 2096/2821
f 3220/2360 3171/2355 3065/2332
f 1363/2909 1374/3005 5878/2923
f 5429/3450 5507/3541 4481/3486
f 5415/2482 3076/2462 3075/2405
f 5538/3534 4478/3585 5797/3572
f 2096/2821 1363/2909 2127/2860
f 5507/3541 4326/3498 5541/3573
f 2096/2821 2046/2829 1969/2863
f 5878/2923 2127/2860 1363/2909
f 5878/2923 1374/3005 5871/2993
f 5794/2406 5829/2412 5843/2480
f 4658/3961 4580/3923 4463/3892
f 5900/2906 5902/2922 5893/2908
f 5569/3150 4362/3068 5782/3113
f 5892/2976 5893/2908 5902/2922
f 5829/2412 5849/2396 2864/2473
f 2127/2860 2042/2797 2096/2821
f 2503/2487 2509/2481 5840/2446
f 1375/3009 1358/3117 1374/3005
f 2096/2821 2044/2771 2046/2829
f 2046/2829 2044/2771 2347/2773
f 5878/2923 5894/2850 2127/2860
f 5871/2993 2014/2917 5878/2923
f 4581/4202 4369/4155 4371/4131
f 5531/3407 5518/3359 5472/3445
f 4624/2348 4958/2378 4632/2323
f 1976/2963 2014/2917 5871/2993
f 5790/4218 3989/4159 5791/4196
f 5572/3391 4481/3486 5472/3445
f 1800/2947 5893/2908 5892/2976
f 4371/4131 4376/4114 3989/4159
f 2471/2423 2383/2461 2327/2514
f 5344/2782 5312/2751 5440/2719
f 5311/2744 4520/2822 5344/2782
f 2128/2817 2042/2797 2127/2860
f 1984/2759 1890/2837 2054/2705
f 2042/2797 2513/2754 2096/2821
f 1272/3067 1375/3009 2151/2951
f 2044/2771 5838/2677 2347/2773
f 5867/2549 2276/2594 5844/2519
f 1976/2963 5872/2849 2014/2917
f 5834/3714 5523/3626 5434/3659
f 5844/2519 5850/2485 5867/2549
f 4257/4000 4387/3958 5543/4030
f 5894/2850 2205/2785 2128/2817
f 5872/2849 5902/2922 5877/2856
f 2042/2797 2300/2726 2513/2754
f 4520/2822 5325/2879 5337/2841
f 2044/2771 2513/2754 2143/2692
f 5523/3626 5127/3643 4543/3565
f 2143/2692 5838/2677 2044/2771
f 2014/2917 5872/2849 5894/2850
f 5877/2856 5879/2813 5872/2849
f 5429/3450 4481/3486 4322/3390
f 2148/2577 5838/2677 2143/2692
f 2053/2787 1901/2710 5872/2849
f 5872/2849 1904/2764 5894/2850
f 4481/3486 5538/3534 5472/3445
f 1890/2837 2073/2847 2054/2705
f 1904/2764 1898/2671 2300/2726
f 1890/2837 1984/2759 5879/2813
f 1800/2947 2073/2847 1890/2837
f 2300/2726 2150/2638 2143/2692
f 5893/2908 1800/2947 1890/2837
f 5872/2849 1901/2710 1904/2764
f 1976/2963 5892/2976 5902/2922
f 2042/2797 2128/2817 2205/2785
f 5844/2519 2276/2594 5845/2562
f 1890/2837 5877/2856 5893/2908
f 2513/2754 2300/2726 2143/2692
f 1984/2759 2053/2787 5879/2813
f 5326/3683 4384/3690 4434/3739
f 1837/2557 2083/2620 5890/2665
f 2229/2763 5938/2603 2054/2705
f 2604/2376 2322/2430 2297/2408
f 4580/3923 4381/3839 4463/3892
f 2509/2481 2148/2577 5867/2549
f 2300/2726 1898/2671 2150/2638
f 2054/2705 2062/2596 1824/2618
f 5867/2549 2148/2577 2150/2638
f 1984/2759 1901/2710 2053/2787
f 5850/2485 5844/2519 2550/2451
f 5938/2603 2062/2596 2054/2705
f 2046/2829 1978/2886 1969/2863
f 5819/2273 2537/2350 2684/2274
f 5867/2549 5850/2485 2509/2481
f 2062/2596 5938/2603 226/2496
f 2292/2450 5803/2336 216/2460
f 2300/2726 2205/2785 1904/2764
f 1984/2759 5890/2665 1901/2710
f 2083/2620 1901/2710 5890/2665
f 1898/2671 2262/2619 2276/2594
f 2320/2424 2322/2430 2604/2376
f 2290/2522 2062/2596 226/2496
f 2269/2544 2062/2596 2290/2522
f 2128/2817 2127/2860 5894/2850
f 5312/2751 5476/2722 5440/2719
f 2269/2544 1824/2618 2062/2596
f 4545/3595 5538/3534 4543/3565
f 1824/2618 1837/2557 5890/2665
f 2297/2408 216/2460 5803/2336
f 1978/2886 2046/2829 2214/2848
f 5894/2850 1904/2764 2205/2785
f 2103/2409 2550/2451 2664/2374
f 2276/2594 2262/2619 5845/2562
f 2046/2829 2347/2773 2214/2848
f 2044/2771 2096/2821 2513/2754
f 1824/2618 5890/2665 2054/2705
f 2083/2620 5881/2541 2262/2619
f 5881/2541 2083/2620 1837/2557
f 1824/2618 2269/2544 1837/2557
f 2550/2451 2103/2409 5850/2485
f 2290/2522 2292/2450 2269/2544
f 2205/2785 2300/2726 2042/2797
f 5881/2541 5845/2562 2262/2619
f 1837/2557 2292/2450 216/2460
f 4455/3745 5498/3852 5851/3855
f 1904/2764 1901/2710 1898/2671
f 2487/2491 5844/2519 5845/2562
f 2604/2376 2664/2374 2320/2424
f 1837/2557 2269/2544 2292/2450
f 2604/2376 2297/2408 5803/2336
f 5127/3643 4385/3649 4546/3632
f 4458/3820 4539/3757 4513/3853
f 1837/2557 216/2460 5881/2541
f 5845/2562 5881/2541 2487/2491
f 5900/2906 5877/2856 5902/2922
f 5850/2485 2103/2409 2509/2481
f 2290/2522 226/2496 2292/2450
f 2320/2424 2487/2491 2322/2430
f 216/2460 2322/2430 2487/2491
f 5872/2849 5879/2813 2053/2787
f 5844/2519 2487/2491 2550/2451
f 2487/2491 2320/2424 2550/2451
f 5472/3445 5518/3359 5572/3391
f 1901/2710 2083/2620 2262/2619
f 5894/2850 5878/2923 2014/2917
f 1898/2671 2276/2594 2150/2638
f 216/2460 2297/2408 2322/2430
f 2148/2577 2143/2692 2150/2638
f 1890/2837 5879/2813 5877/2856
f 2054/2705 5890/2665 1984/2759
f 4541/3754 3477/3803 5532/3807
f 4394/4174 4392/4192 4438/4234
f 3986/4161 3772/4107 4547/4094
f 4460/3796 4681/3878 3477/3803
f 5476/2722 5323/2681 5883/2675
f 4368/4105 4306/4095 4616/4189
f 4392/4192 4535/4216 3127/4259
f 4457/3882 4460/3796 4458/3820
f 3968/3896 4681/3878 5557/3999
f 5557/3999 4566/4090 4547/4094
f 4490/4147 4547/4094 4566/4090
f 3968/3896 5532/3807 4681/3878
f 4438/4234 3127/4259 4594/4321
f 3127/4259 4535/4216 3855/4286
f 4457/3882 4458/3820 4571/3914
f 5790/4218 4581/4202 3989/4159
f 4571/3914 4458/3820 4513/3853
f 4494/4078 4566/4090 5557/3999
f 4490/4147 4566/4090 4410/4156
f 2550/2451 2320/2424 2664/2374
f 3862/4576 4408/4409 3858/4449
f 4410/4156 4654/4242 4490/4147
f 5881/2541 216/2460 2487/2491
f 4550/4193 4490/4147 4654/4242
f 4570/2626 4569/2615 5350/2579
f 4571/3914 4640/3974 4457/3882
f 4566/4090 4494/4078 4410/4156
f 5350/2579 4569/2615 5324/2560
f 4594/4321 3855/4286 4386/4374
f 4659/3955 4658/3961 4464/4002
f 3860/4401 4594/4321 4386/4374
f 3870/4207 4654/4242 4410/4156
f 3870/4207 4447/4262 4538/4238
f 4654/4242 3855/4286 4550/4193
f 4681/3878 4640/3974 5557/3999
f 4662/4016 4640/3974 4571/3914
f 4410/4156 4417/4184 3870/4207
f 3127/4259 3855/4286 4594/4321
f 3861/4470 3860/4401 4386/4374
f 5790/4218 5791/4196 3594/4266
f 3870/4207 4538/4238 4654/4242
f 3855/4286 4654/4242 4655/4369
f 4640/3974 4662/4016 4656/4104
f 4580/3923 4464/4002 4662/4016
f 4464/4002 4658/3961 4373/4034
f 4654/4242 4538/4238 4447/4262
f 3055/4255 3487/4244 4379/4291
f 4655/4369 4654/4242 4606/4340
f 4597/4097 4662/4016 4464/4002
f 5121/2449 4436/2490 5464/2525
f 3830/4140 3831/4194 4656/4104
f 4373/4034 4368/4105 4372/4081
f 4606/4340 4654/4242 4447/4262
f 4634/4197 3830/4140 4633/4135
f 4655/4369 3907/4473 3861/4470
f 4606/4340 4408/4409 4605/4397
f 4605/4397 4655/4369 4606/4340
f 4447/4262 3061/4264 4811/4330
f 5358/2653 5475/2611 5324/2560
f 4597/4097 4328/4187 4633/4135
f 4600/4389 4601/4375 4604/4399
f 4656/4104 4494/4078 4640/3974
f 4435/3936 5498/3852 4257/4000
f 2718/4326 4397/4308 3061/4264
f 4597/4097 5863/4106 4404/4178
f 4404/4178 4328/4187 4597/4097
f 5121/2449 5464/2525 3084/2516
f 4460/3796 4457/3882 4681/3878
f 4408/4409 3907/4473 4605/4397
f 2718/4326 3061/4264 4396/4274
f 4634/4197 4380/4232 4396/4274
f 5341/2852 5329/2903 4519/2801
f 4328/4187 4404/4178 4496/4273
f 3862/4576 3907/4473 4408/4409
f 2718/4326 3871/4377 4811/4330
f 4545/3595 4543/3565 5127/3643
f 4446/4445 3858/4449 4408/4409
f 3871/4377 4446/4445 4408/4409
f 4640/3974 4494/4078 5557/3999
f 4496/4273 4424/4332 4380/4232
f 5329/2903 5341/2852 5599/2945
f 5557/3999 4547/4094 4578/3975
f 4567/4367 4396/4274 4424/4332
f 4600/4389 4358/4358 4359/4318
f 3857/4464 3858/4449 4446/4445
f 4390/4376 4424/4332 4496/4273
f 4590/4319 4345/4245 4342/4275
f 3855/4286 4535/4216 4550/4193
f 5329/2903 5325/2879 4520/2822
f 3857/4464 4446/4445 4401/4503
f 3067/4444 4446/4445 4567/4367
f 4342/4275 4614/4289 4359/4318
f 4342/4275 4358/4358 4590/4319
f 4590/4319 4389/4405 4390/4376
f 3127/4259 4438/4234 4392/4192
f 2743/4509 3067/4444 4390/4376
f 4369/4155 4581/4202 4341/4239
f 4614/4289 3901/4339 4359/4318
f 4358/4358 4342/4275 4359/4318
f 5337/2841 5325/2879 5629/2895
f 5672/3092 5574/3100 5637/3130
f 4614/4289 4341/4239 3901/4339
f 4341/4239 4614/4289 4342/4275
f 3901/4339 4600/4389 4359/4318
f 4368/4105 4404/4178 5863/4106
f 3901/4339 4604/4399 4601/4375
f 3721/4416 4389/4405 4358/4358
f 5485/3348 5520/3260 4517/3337
f 4598/3210 5520/3260 5484/3282
f 4392/4192 3772/4107 3986/4161
f 4373/4034 4372/4081 5863/4106
f 5485/3348 4517/3337 5754/3380
f 5760/3425 4430/3402 3581/3492
f 4600/4389 3721/4416 4358/4358
f 4404/4178 4345/4245 4496/4273
f 5495/2592 3514/2554 5496/2635
f 5406/2528 5495/2592 5524/2574
f 2941/2617 2925/2546 5524/2574
f 2475/2434 2833/2436 3073/2393
f 4811/4330 4606/4340 4447/4262
f 4342/4275 4345/4245 4616/4189
f 4658/3961 4428/3935 4373/4034
f 4656/4104 4662/4016 4633/4135
f 3065/2332 3169/2399 3069/2349
f 3055/4255 4581/4202 3487/4244
f 5415/2482 5406/2528 3076/2462
f 2925/2546 5406/2528 5524/2574
f 3055/4255 4379/4291 4631/4309
f 4373/4034 4597/4097 4464/4002
f 2833/2436 2864/2473 5849/2396
f 3598/4263 4592/4315 4379/4291
f 2743/4509 4389/4405 4405/4482
f 5843/2480 2493/2493 5794/2406
f 3487/4244 3598/4263 4379/4291
f 5863/4106 4597/4097 4373/4034
f 3487/4244 5790/4218 3598/4263
f 1976/2963 5902/2922 5872/2849
f 2864/2473 5843/2480 5829/2412
f 3067/4444 2743/4509 3636/4610
f 2327/2514 2503/2487 2471/2423
f 4258/4020 4428/3935 4435/3936
f 2073/2847 2229/2763 2054/2705
f 2509/2481 2503/2487 2148/2577
f 4631/4309 4379/4291 4378/4394
f 3594/4266 3598/4263 5790/4218
f 4631/4309 4378/4394 3151/4387
f 2327/2514 2383/2461 2493/2493
f 4341/4239 4342/4275 4616/4189
f 5344/2782 5571/2786 5312/2751
f 5337/2841 5344/2782 4520/2822
f 5476/2722 5550/2732 5323/2681
f 5337/2841 5629/2895 5480/2881
f 3533/2501 5508/2418 3535/2428
f 1898/2671 1901/2710 2262/2619
f 4408/4409 4811/4330 3871/4377
f 4592/4315 4378/4394 4379/4291
f 5428/2676 5323/2681 5550/2732
f 4569/2615 4570/2626 5428/2676
f 2150/2638 2276/2594 5867/2549
f 4569/2615 5358/2653 5324/2560
f 4616/4189 4306/4095 4369/4155
f 4436/2490 5449/2575 5464/2525
f 2503/2487 5840/2446 2471/2423
f 4567/4367 2718/4326 4396/4274
f 5324/2560 5475/2611 5449/2575
f 3084/2516 5823/2561 3533/2501
f 5464/2525 5493/2616 3084/2516
f 3512/2556 3533/2501 5823/2561
f 5672/3092 5642/3048 5574/3100
f 5599/2945 5478/3002 5329/2903
f 5621/2943 5325/2879 5329/2903
f 4616/4189 4345/4245 4404/4178
f 4592/4315 3598/4263 4593/4295
f 5325/2879 5621/2943 5629/2895
f 4424/4332 4396/4274 4380/4232
f 3986/4161 4550/4193 4535/4216
f 5544/3503 5797/3572 4530/3561
f 3533/2501 3535/2428 3084/2516
f 5483/3199 5637/3130 5574/3100
f 4605/4397 3907/4473 4655/4369
f 5484/3282 5483/3199 4598/3210
f 5760/3425 3581/3492 4433/3481
f 3901/4339 3151/4387 4604/4399
f 5495/2592 5496/2635 5619/2659
f 5495/2592 2941/2617 5524/2574
f 5476/2722 5312/2751 5571/2786
f 2475/2434 3073/2393 5810/2463
f 2966/2466 2475/2434 5810/2463
f 2946/2422 5773/2380 3138/2420
f 3986/4161 4535/4216 4392/4192
f 3069/2349 3169/2399 3138/2420
f 3076/2462 5406/2528 2925/2546
f 2833/2436 2687/2509 2864/2473
f 4384/3690 4385/3649 5127/3643
f 5883/2675 5440/2719 5476/2722
f 2337/2548 2493/2493 5843/2480
f 2745/2540 5843/2480 2864/2473
f 5855/2566 2327/2514 2493/2493
f 5476/2722 5571/2786 5550/2732
f 5337/2841 5480/2881 5573/2869
f 3055/4255 4631/4309 4341/4239
f 5656/2343 5865/2316 5414/2296
f 5480/2881 5629/2895 5546/2927
f 4446/4445 3636/4610 4401/4503
f 5550/2732 5567/2733 5428/2676
f 4569/2615 5428/2676 5358/2653
f 5414/2296 5865/2316 3685/2253
f 5466/2652 5449/2575 5475/2611
f 5823/2561 5397/2623 3512/2556
f 4633/4135 4662/4016 4597/4097
f 5672/3092 5774/3119 5772/3110
f 3514/2554 3512/2556 5397/2623
f 5672/3092 5636/3074 5642/3048
f 4371/4131 4369/4155 4309/4084
f 5396/2315 4959/2364 4431/2289
f 5329/2903 5478/3002 5568/3021
f 5329/2903 5568/3021 5621/2943
f 5546/2927 5629/2895 5621/2943
f 4593/4295 4647/4329 4592/4315
f 4380/4232 4634/4197 4633/4135
f 4530/3561 3424/3554 5544/3503
f 4541/3754 4460/3796 3477/3803
f 3827/2202 5414/2296 3685/2253
f 4433/3481 3581/3492 4432/3517
f 4306/4095 4309/4084 4369/4155
f 4647/4329 5564/4299 5953/4331
f 4640/3974 4681/3878 4457/3882
f 3424/3554 3581/3492 5544/3503
f 5266/2351 5865/2316 5656/2343
f 5393/2275 3715/2173 4612/2281
f 3715/2173 4298/2183 3521/2237
f 4446/4445 3871/4377 4567/4367
f 5486/3354 5484/3282 5485/3348
f 5484/3282 4492/3336 5483/3199
f 5403/3410 5485/3348 5760/3425
f 3073/2393 2946/2422 5810/2463
f 4666/2477 4853/2419 5364/2448
f 5904/2500 2966/2466 5810/2463
f 3857/4464 4401/4503 3862/4576
f 5904/2500 2687/2509 2966/2466
f 3535/2428 3321/2357 5270/2361
f 4744/2395 4853/2419 4635/2365
f 4590/4319 4358/4358 4389/4405
f 5393/2275 4612/2281 3321/2357
f 3685/2253 4298/2183 3827/2202
f 2946/2422 3138/2420 1885/2483
f 3169/2399 3079/2486 3138/2420
f 5379/2386 5999/2438 5121/2449
f 4410/4156 4494/4078 4417/4184
f 2864/2473 2687/2509 2516/2542
f 2864/2473 2516/2542 2745/2540
f 4369/4155 4341/4239 4616/4189
f 5573/2869 5571/2786 5337/2841
f 5571/2786 5553/2792 5550/2732
f 5466/2652 5493/2616 5449/2575
f 4298/2183 4644/2271 3521/2237
f 4397/4308 4811/4330 3061/4264
f 3901/4339 4601/4375 4600/4389
f 5397/2623 5444/2713 2883/2696
f 4681/3878 5532/3807 3477/3803
f 3871/4377 2718/4326 4567/4367
f 6010/3136 5772/3110 5774/3119
f 4417/4184 4656/4104 3831/4194
f 4631/4309 3151/4387 3901/4339
f 3685/2253 4644/2271 4298/2183
f 5636/3074 5672/3092 5772/3110
f 3337/3202 6010/3136 5774/3119
f 5546/2927 5664/2984 5580/2941
f 4432/3517 4495/3472 4433/3481
f 3594/4266 5564/4299 4593/4295
f 4528/3624 3424/3554 4530/3561
f 4496/4273 4345/4245 4590/4319
f 3424/3554 4432/3517 3581/3492
f 4492/3336 3337/3202 5483/3199
f 4417/4184 3831/4194 3061/4264
f 5484/3282 5486/3354 4492/3336
f 4495/3472 5403/3410 5760/3425
f 4397/4308 2718/4326 4811/4330
f 4547/4094 4490/4147 4550/4193
f 5619/2659 3004/2682 2941/2617
f 4436/2490 5324/2560 5449/2575
f 4578/3975 4547/4094 3772/4107
f 4658/3961 4659/3955 4580/3923
f 2941/2617 3004/2682 2435/2662
f 5904/2500 5810/2463 2972/2532
f 2688/2559 2687/2509 5904/2500
f 3138/2420 3079/2486 1885/2483
f 3169/2399 3162/2492 3079/2486
f 4571/3914 4513/3853 4580/3923
f 2953/2573 2925/2546 2960/2593
f 3858/4449 3857/4464 3862/4576
f 4644/2271 5270/2361 4612/2281
f 2337/2548 2745/2540 2141/2642
f 4612/2281 3521/2237 4644/2271
f 2055/2621 2745/2540 2516/2542
f 3521/2237 4612/2281 3715/2173
f 4368/4105 4616/4189 4404/4178
f 4647/4329 4593/4295 5564/4299
f 2330/2651 5855/2566 2338/2612
f 2148/2577 2382/2597 5838/2677
f 4662/4016 4571/3914 4580/3923
f 5573/2869 5553/2792 5571/2786
f 5865/2316 4644/2271 3685/2253
f 5573/2869 5546/2927 5580/2941
f 5567/2733 5553/2792 5549/2775
f 5548/2721 5567/2733 5549/2775
f 5270/2361 3321/2357 4612/2281
f 5865/2316 5270/2361 4644/2271
f 5489/2729 5358/2653 5548/2721
f 5489/2729 5466/2652 5358/2653
f 5266/2351 5656/2343 5379/2386
f 5790/4218 3487/4244 4581/4202
f 3071/2327 3069/2349 5773/2380
f 5493/2616 5466/2652 5452/2731
f 4368/4105 5863/4106 4372/4081
f 5744/3548 4461/3648 5402/3634
f 5865/2316 5266/2351 5270/2361
f 5444/2713 5397/2623 5493/2616
f 5444/2713 5420/2758 2883/2696
f 5720/2192 3118/2167 5819/2273
f 3861/4470 4386/4374 4655/4369
f 5976/3478 907/3406 5600/3428
f 4902/2694 5618/2741 5619/2659
f 5379/2386 5270/2361 5266/2351
f 5550/2732 5553/2792 5567/2733
f 4496/4273 4380/4232 4328/4187
f 552/4009 5936/3987 934/3920
f 3831/4194 4634/4197 4396/4274
f 4488/3217 6010/3136 3337/3202
f 5988/3321 592/3401 5616/3307
f 5579/2980 5578/3019 5588/3025
f 2786/3248 670/3273 2872/3192
f 1651/3494 1772/3490 1649/3423
f 5546/2927 5579/2980 5664/2984
f 5618/2741 5515/2802 5682/2819
f 4581/4202 3055/4255 4341/4239
f 4567/4367 4424/4332 3067/4444
f 4656/4104 4633/4135 3830/4140
f 152/3686 1788/3607 1530/3691
f 4495/3472 4432/3517 5783/3525
f 4562/3814 4463/3892 3515/3843
f 3424/3554 4528/3624 5607/3633
f 4528/3624 3729/3672 5607/3633
f 4580/3923 4659/3955 4464/4002
f 1772/3490 167/3449 1649/3423
f 2687/2509 2439/2591 2516/2542
f 4493/3284 3337/3202 4492/3336
f 1663/3583 1651/3494 1788/3607
f 4655/4369 4386/4374 3855/4286
f 4634/4197 3831/4194 3830/4140
f 4784/4364 4378/4394 4592/4315
f 3076/2462 2925/2546 3162/2492
f 5401/3736 5400/3695 4541/3754
f 1065/3563 836/3508 584/3463
f 4389/4405 2743/4509 4390/4376
f 3729/3672 5400/3695 5401/3736
f 5619/2659 5618/2741 3004/2682
f 3004/2682 2975/2708 2435/2662
f 5810/2463 1885/2483 2972/2532
f 167/3449 1663/3583 6050/3675
f 5374/2359 4431/2289 4959/2364
f 3594/4266 4593/4295 3598/4263
f 5744/3548 4467/3578 4461/3648
f 4417/4184 4494/4078 4656/4104
f 2960/2593 2435/2662 2953/2573
f 3067/4444 4424/4332 4390/4376
f 4606/4340 4811/4330 4408/4409
f 2964/2602 2439/2591 2688/2559
f 2745/2540 2055/2621 2141/2642
f 1772/3490 1651/3494 1663/3583
f 5557/3999 4578/3975 3968/3896
f 2398/2673 2338/2612 2141/2642
f 4392/4192 4394/4174 3772/4107
f 2330/2651 2338/2612 2398/2673
f 4476/3611 5402/3634 3940/3719
f 5549/2775 5553/2792 5503/2845
f 3870/4207 4417/4184 4447/4262
f 5489/2729 5548/2721 5477/2794
f 1788/3607 1651/3494 431/3562
f 4902/2694 5417/2753 5618/2741
f 5444/2713 5439/2815 5647/2781
f 3075/2405 5508/2418 5415/2482
f 3831/4194 4396/4274 3061/4264
f 3073/2393 3071/2327 5773/2380
f 4590/4319 4390/4376 4496/4273
f 4491/3270 5596/3240 5595/3178
f 1809/3061 1808/3070 5578/3019
f 5343/2664 4871/2599 5335/2714
f 4495/3472 5783/3525 4471/3461
f 167/3449 6050/3675 154/3610
f 152/3686 147/3705 1663/3583
f 5783/3525 3458/3567 5608/3579
f 5415/2482 3514/2554 5406/2528
f 3986/4161 4547/4094 4550/4193
f 5607/3633 3729/3672 5511/3718
f 4405/4482 4389/4405 3721/4416
f 5126/3700 4437/3770 4539/3757
f 4328/4187 4380/4232 4633/4135
f 3901/4339 4341/4239 4631/4309
f 4492/3336 4484/3395 4493/3284
f 3636/4610 4446/4445 3067/4444
f 4784/4364 4592/4315 4647/4329
f 3061/4264 4447/4262 4417/4184
f 5548/2721 5428/2676 5567/2733
f 4258/4020 4435/3936 4257/4000
f 4471/3461 4492/3336 5403/3410
f 6050/3675 1663/3583 147/3705
f 3821/3771 5919/3748 152/3686
f 5680/3347 4485/3335 5655/3377
f 5642/3048 5357/3038 5574/3100
f 1530/3691 1788/3607 442/3619
f 152/3686 5919/3748 147/3705
f 1663/3583 167/3449 1772/3490
f 431/3562 442/3619 1788/3607
f 152/3686 156/3758 3821/3771
f 152/3686 1530/3691 156/3758
f 2411/2959 3031/2901 3035/2960
f 3821/3771 156/3758 102/3862
f 4472/3539 5951/3529 4471/3461
f 167/3449 154/3610 201/3427
f 1663/3583 1788/3607 152/3686
f 5772/3110 6010/3136 5636/3074
f 5997/3163 6016/3138 1930/3083
f 5661/2977 5638/2949 743/2918
f 5511/3718 3729/3672 5401/3736
f 1919/2746 2141/2642 2431/2717
f 2872/3192 5997/3163 5703/3108
f 4541/3754 5532/3807 5401/3736
f 2522/2720 2435/2662 2975/2708
f 3004/2682 5696/2748 2975/2708
f 5946/3674 5963/3586 5932/3590
f 1885/2483 5685/2568 2972/2532
f 2972/2532 2965/2637 2688/2559
f 2435/2662 2434/2669 2953/2573
f 5983/2661 2061/2663 2439/2591
f 5477/2794 5549/2775 5503/2845
f 5444/2713 5452/2731 5439/2815
f 5515/2802 5618/2741 5417/2753
f 3190/2267 3069/2349 3071/2327
f 3535/2428 5121/2449 3084/2516
f 5678/3106 6010/3136 5595/3178
f 5588/3025 1808/3070 5587/3032
f 1896/3497 572/3569 4497/3538
f 5664/2984 5587/3032 5644/3045
f 4484/3395 4492/3336 4471/3461
f 4485/3335 4484/3395 5655/3377
f 4497/3538 5968/3530 1895/3471
f 5401/3736 5532/3807 5512/3799
f 3129/2277 3166/2201 5683/2243
f 2975/2708 764/2772 2522/2720
f 5618/2741 5682/2819 5696/2748
f 2061/2663 2431/2717 2055/2621
f 4740/3097 5473/3060 5899/3069
f 2398/2673 1919/2746 2221/2740
f 5477/2794 5503/2845 3131/2876
f 3084/2516 5493/2616 5823/2561
f 3904/3872 3968/3896 4578/3975
f 5579/2980 5588/3025 5587/3032
f 4476/3611 5577/3544 5744/3548
f 5439/2815 5452/2731 5490/2800
f 2337/2548 5843/2480 2745/2540
f 5678/3106 5595/3178 6317/3180
f 637/3533 608/3523 1795/3560
f 5644/3045 5474/2999 5664/2984
f 5415/2482 5508/2418 3533/2501
f 4488/3217 3337/3202 4493/3284
f 580/3332 6004/3295 4532/3396
f 5608/3579 5607/3633 5606/3639
f 1809/3061 5678/3106 1808/3070
f 552/4009 934/3920 3889/3927
f 5951/3529 5817/3502 4471/3461
f 4486/4006 5630/4092 4510/4039
f 5503/2845 5553/2792 5573/2869
f 5568/3021 5678/3106 1809/3061
f 5655/3377 5654/3419 2887/3382
f 3968/3896 5512/3799 5532/3807
f 5512/3799 4468/3772 5511/3718
f 4596/3702 605/3666 602/3608
f 5696/2748 5682/2819 764/2772
f 2434/2669 2965/2637 5685/2568
f 5846/2725 2431/2717 2061/2663
f 2136/2793 1919/2746 2431/2717
f 4497/3538 5932/3590 5968/3530
f 5456/2844 5682/2819 5515/2802
f 5474/2999 5471/2981 5470/2921
f 668/3290 5610/3250 2089/3328
f 3131/2876 5503/2845 5469/2907
f 5379/2386 5374/2359 5659/2414
f 5490/2800 3131/2876 3130/2875
f 5490/2800 3130/2875 5439/2815
f 5678/3106 6317/3180 5584/3160
f 5555/3071 1808/3070 5601/3118
f 2410/3016 2131/3023 5638/2949
f 5644/3045 5634/3065 5474/2999
f 5951/3529 4472/3539 4467/3578
f 4467/3578 5608/3579 5606/3639
f 5587/3032 5664/2984 5579/2980
f 5587/3032 1808/3070 5555/3071
f 4468/3772 5512/3799 3904/3872
f 5568/3021 1809/3061 5578/3019
f 746/2820 2521/2757 764/2772
f 5537/3386 3395/3412 5706/3441
f 2434/2669 885/2768 2965/2637
f 888/2711 2907/2789 5846/2725
f 888/2711 2965/2637 885/2768
f 3506/2180 3190/2267 3140/2229
f 2953/2573 5685/2568 3079/2486
f 2136/2793 2431/2717 1405/2807
f 1919/2746 1271/2830 2192/2791
f 2219/2823 2347/2773 2221/2740
f 5651/2954 3131/2876 5469/2907
f 2946/2422 1885/2483 5810/2463
f 4461/3648 3940/3719 5402/3634
f 5516/2826 744/2872 5515/2802
f 5298/2625 4667/2538 5295/2604
f 5544/3503 4430/3402 5531/3407
f 3130/2875 3131/2876 3035/2960
f 3031/2901 5439/2815 3130/2875
f 5397/2623 5823/2561 5493/2616
f 5682/2819 139/2818 764/2772
f 3129/2277 3190/2267 3166/2201
f 4486/4006 3913/4043 5630/4092
f 3031/2901 743/2918 5530/2868
f 744/2872 5638/2949 5463/2896
f 2110/3086 4504/3193 2893/3125
f 5590/3322 5716/3319 5537/3386
f 5594/3245 5584/3160 6317/3180
f 4635/2365 4853/2419 4958/2378
f 5930/3225 5942/3293 4504/3193
f 5555/3071 5601/3118 5622/3114
f 5335/2714 4519/2801 5311/2744
f 4502/3139 5601/3118 4477/3161
f 5446/3001 4556/3133 4553/3047
f 5744/3548 5951/3529 4467/3578
f 5935/3646 1065/3563 1134/3603
f 5606/3639 3386/3699 4461/3648
f 3386/3699 4468/3772 3891/3741
f 3146/2328 3075/2405 3220/2360
f 3079/2486 3162/2492 2953/2573
f 4487/3801 4468/3772 4561/3893
f 4468/3772 4487/3801 3891/3741
f 5846/2725 2907/2789 5833/2777
f 5942/3293 580/3332 6307/3394
f 5622/3114 5644/3045 5555/3071
f 4438/4234 3874/4183 4394/4174
f 5833/2777 1405/2807 2431/2717
f 5471/2981 2279/3015 5651/2954
f 3131/2876 5651/2954 3035/2960
f 3130/2875 3035/2960 3031/2901
f 5698/2979 5661/2977 743/2918
f 5692/2929 717/2950 5463/2896
f 5601/3118 4502/3139 5622/3114
f 5622/3114 5725/3116 5634/3065
f 586/3414 606/3436 1896/3497
f 5685/2568 1885/2483 3079/2486
f 5705/3495 5764/3465 5744/3548
f 3146/2328 5508/2418 3075/2405
f 3129/2277 3069/2349 3190/2267
f 4468/3772 3904/3872 4561/3893
f 337/3576 1160/3614 805/3532
f 3904/3872 4578/3975 4561/3893
f 4561/3893 3299/3818 4487/3801
f 4487/3801 3299/3818 3891/3741
f 2414/3393 1895/3471 590/3451
f 746/2820 2910/2843 2980/2770
f 5682/2819 5625/2925 5885/2877
f 5636/3074 6010/3136 5678/3106
f 885/2768 736/2865 2907/2789
f 5479/2855 5352/2778 5376/2804
f 5479/2855 5585/2858 5457/2915
f 5585/2858 5479/2855 5376/2804
f 5457/2915 5447/2899 5479/2855
f 5398/2831 5352/2778 5479/2855
f 5398/2831 5479/2855 5447/2899
f 717/2950 5625/2925 5463/2896
f 5651/2954 2279/3015 5650/2983
f 4621/4046 4620/3994 5954/3981
f 3035/2960 5651/2954 5650/2983
f 4632/2323 5687/2260 4689/2250
f 5638/2949 717/2950 5692/2929
f 5396/2315 5687/2260 4632/2323
f 4568/2226 5687/2260 4431/2289
f 5594/3245 4527/3301 643/3224
f 643/3224 5623/3179 4477/3161
f 5364/2448 5422/2439 4910/2472
f 3891/3741 3940/3719 4461/3648
f 2493/2493 2337/2548 5855/2566
f 2907/2789 888/2711 885/2768
f 682/3151 5979/3078 6016/3138
f 5705/3495 5706/3441 5707/3440
f 4561/3893 4578/3975 5540/4011
f 4561/3893 4499/3934 3299/3818
f 5813/2212 2306/2266 5888/2224
f 4575/3640 937/3712 4423/3684
f 3031/2901 5530/2868 5439/2815
f 4468/3772 3386/3699 5193/3696
f 6317/3180 5596/3240 5719/3259
f 6317/3180 5719/3259 5594/3245
f 5719/3259 5596/3240 5716/3319
f 5719/3259 5590/3322 5594/3245
f 5716/3319 5590/3322 5719/3259
f 3772/4107 4394/4174 3863/4118
f 2910/2843 746/2820 5857/2900
f 4660/2429 4775/2467 4411/2504
f 5683/2243 3108/2300 3129/2277
f 6187/3226 247/3159 6170/3121
f 5548/2721 5549/2775 5477/2794
f 6045/3262 6187/3226 5909/3323
f 5350/2579 4667/2538 4570/2626
f 5885/2877 5625/2925 5884/2961
f 5909/3323 201/3427 6177/3374
f 5909/3323 6177/3374 6045/3262
f 4430/3402 4325/3311 5531/3407
f 1930/3083 5979/3078 628/3030
f 5573/2869 5580/2941 5470/2921
f 5435/2755 5119/2690 5315/2730
f 746/2820 5885/2877 5857/2900
f 4527/3301 654/3291 643/3224
f 736/2865 885/2768 2910/2843
f 2113/2912 2198/2853 2399/2887
f 2214/2848 2097/2891 1978/2886
f 5861/2982 5862/2986 5625/2925
f 5352/2778 5734/2752 5354/2718
f 2279/3015 5641/3033 5650/2983
f 5650/2983 5641/3033 3035/2960
f 5072/2734 5734/2752 5398/2831
f 2410/3016 5638/2949 5661/2977
f 2883/2696 5496/2635 5397/2623
f 3828/4601 3861/4470 3907/4473
f 5746/3389 4527/3301 4526/3379
f 3912/3967 3913/4043 4486/4006
f 5628/3167 5622/3114 5623/3179
f 3828/4601 3922/4562 3861/4470
f 888/2711 5983/2661 2965/2637
f 5535/3511 5705/3495 5577/3544
f 2306/2266 2783/2347 2301/2333
f 5705/3495 5535/3511 5706/3441
f 757/3007 5868/3022 2110/3086
f 5615/3431 5706/3441 5752/3487
f 3321/2357 3146/2328 5393/2275
f 3861/4470 4512/4538 3936/4455
f 3299/3818 4499/3934 4473/3849
f 5335/2714 5341/2852 4519/2801
f 4394/4174 3874/4183 3863/4118
f 5981/2911 5832/2944 5868/3022
f 5678/3106 5568/3021 5636/3074
f 5576/3521 5575/3546 5648/3599
f 5884/2961 5625/2925 5862/2986
f 5857/2900 5885/2877 5884/2961
f 3921/4458 3936/4455 3906/4504
f 4751/3552 5577/3544 4476/3611
f 3905/4529 3921/4458 3906/4504
f 5634/3065 5563/3095 5562/3046
f 247/3159 6045/3262 183/3169
f 4660/2429 4845/2432 4579/2382
f 5747/3455 5614/3439 5752/3487
f 2108/2971 2113/2912 2161/2942
f 668/3290 6310/3350 6311/3280
f 1978/2886 2097/2891 2151/2951
f 1702/4489 1707/4526 3930/4554
f 2156/2931 2200/2884 2138/2938
f 3865/4306 4438/4234 4594/4321
f 3834/4386 3979/4366 3865/4306
f 5321/3141 2284/3081 5563/3095
f 3921/4458 3979/4366 3834/4386
f 1613/4501 1734/4436 3921/4458
f 717/2950 2131/3023 5861/2982
f 1735/4459 1702/4489 2814/4514
f 5641/3033 2279/3015 2284/3081
f 628/3030 5698/2979 2421/3017
f 5641/3033 5986/3044 3035/2960
f 3071/2327 5722/2276 3140/2229
f 1637/4281 3979/4366 3980/4334
f 5986/3044 2421/3017 3035/2960
f 3834/4386 4594/4321 3860/4401
f 2883/2696 5417/2753 4902/2694
f 1735/4459 1743/4457 3941/4395
f 3980/4334 1471/4363 3910/4310
f 1430/4365 4627/4327 1926/4407
f 4618/2324 4632/2323 4689/2250
f 1471/4363 3941/4395 4627/4327
f 1734/4436 3941/4395 1471/4363
f 2925/2546 2953/2573 3162/2492
f 3132/4220 4438/4234 3865/4306
f 3918/4083 6006/4076 5943/4168
f 4526/3379 5615/3431 5746/3389
f 4648/4404 5964/4350 1468/4344
f 5910/4260 1637/4281 3910/4310
f 5654/3419 3395/3412 2887/3382
f 1743/4457 1926/4407 3941/4395
f 643/3224 654/3291 5610/3250
f 5535/3511 5577/3544 4751/3552
f 347/4169 975/4091 348/4158
f 3979/4366 3921/4458 1734/4436
f 5911/4293 4627/4327 1400/4249
f 6187/3226 6045/3262 247/3159
f 1471/4363 5911/4293 3910/4310
f 5397/2623 5496/2635 3514/2554
f 1221/4213 1641/4185 5910/4260
f 5615/3431 5752/3487 5614/3439
f 4561/3893 5540/4011 4499/3934
f 1330/4112 1641/4185 1221/4213
f 4610/4420 1456/4463 3944/4462
f 5937/4212 3898/4256 5943/4168
f 3321/2357 3535/2428 5508/2418
f 1430/4365 1926/4407 4610/4420
f 3860/4401 3861/4470 3936/4455
f 1330/4112 2882/4150 4305/4060
f 4627/4327 5911/4293 1471/4363
f 4499/3934 5540/4011 3913/4043
f 6006/4076 1011/4115 5943/4168
f 1456/4463 4610/4420 1926/4407
f 1430/4365 4610/4420 3900/4382
f 2684/2274 5720/2192 5819/2273
f 1400/4249 4627/4327 3892/4233
f 2882/4150 1330/4112 1221/4213
f 1221/4213 1400/4249 2882/4150
f 5544/3503 3581/3492 4430/3402
f 4473/3849 4499/3934 4685/3919
f 5773/2380 2946/2422 3073/2393
f 3940/3719 4473/3849 3296/3782
f 4648/4404 3900/4382 3944/4462
f 3900/4382 5956/4304 1430/4365
f 5764/3465 5707/3440 5654/3419
f 3980/4334 3979/4366 1471/4363
f 3296/3782 4470/3755 3940/3719
f 1926/4407 4627/4327 3941/4395
f 760/3036 5862/2986 715/3055
f 4305/4060 4469/4100 4444/4085
f 3905/4529 1613/4501 3921/4458
f 1066/4226 3892/4233 5956/4304
f 1734/4436 1471/4363 3979/4366
f 3944/4462 3900/4382 4610/4420
f 3892/4233 4627/4327 5956/4304
f 3875/4141 3863/4118 3874/4183
f 3883/3842 875/3767 5973/3743
f 5862/2986 760/3036 5884/2961
f 5888/2224 2919/2181 5813/2212
f 1400/4249 3892/4233 2882/4150
f 1446/4418 5964/4350 4648/4404
f 3906/4504 3936/4455 4512/4538
f 3903/4292 1066/4226 5956/4304
f 2814/4514 1456/4463 1743/4457
f 5584/3160 4477/3161 5601/3118
f 4594/4321 3834/4386 3865/4306
f 4530/3561 5797/3572 4528/3624
f 4759/2564 4747/2571 4919/2630
f 1734/4436 1735/4459 3941/4395
f 724/3051 733/2966 5884/2961
f 5706/3441 5615/3431 4526/3379
f 3132/4220 3865/4306 1637/4281
f 348/4158 4444/4085 2882/4150
f 3900/4382 1468/4344 5956/4304
f 4469/4100 2882/4150 4444/4085
f 5832/2944 736/2865 5627/2926
f 1066/4226 348/4158 3892/4233
f 4777/2695 5734/2752 5072/2734
f 1430/4365 5956/4304 4627/4327
f 4315/4261 3903/4292 5964/4350
f 556/4384 553/4338 5964/4350
f 2399/2887 2160/2948 2161/2942
f 891/3506 5747/3455 5576/3521
f 2156/2931 2151/2951 2097/2891
f 2883/2696 5420/2758 5417/2753
f 2138/2938 1244/2985 2156/2931
f 6086/3996 5960/4031 984/4065
f 4477/3161 5584/3160 643/3224
f 4845/2432 4660/2429 4411/2504
f 5721/3147 5563/3095 5725/3116
f 1066/4226 3903/4292 4315/4261
f 2131/3023 715/3055 5861/2982
f 1011/4115 1360/4191 5943/4168
f 1468/4344 5964/4350 3903/4292
f 347/4169 1066/4226 541/4201
f 975/4091 4444/4085 348/4158
f 5688/3137 5589/3196 2872/3192
f 2284/3081 2279/3015 5562/3046
f 628/3030 5979/3078 2410/3016
f 1641/4185 3132/4220 1637/4281
f 541/4201 1066/4226 4315/4261
f 3886/4257 1360/4191 981/4163
f 682/3151 565/3230 721/3189
f 5651/2954 5469/2907 5471/2981
f 4759/2564 4775/2467 4753/2534
f 3886/4257 4315/4261 553/4338
f 5634/3065 5603/3027 5474/2999
f 2421/3017 1930/3083 628/3030
f 2814/4514 1702/4489 3930/4554
f 5703/3108 5986/3044 5641/3033
f 5943/4168 3919/4149 3918/4083
f 2421/3017 5986/3044 1930/3083
f 981/4163 541/4201 4315/4261
f 3910/4310 5911/4293 5910/4260
f 3834/4386 3936/4455 3921/4458
f 5470/2921 5471/2981 5469/2907
f 5979/3078 2131/3023 2410/3016
f 1446/4418 556/4384 5964/4350
f 4491/3270 4488/3217 4493/3284
f 5964/4350 553/4338 4315/4261
f 2192/2791 2219/2823 2221/2740
f 3828/4601 3907/4473 3862/4576
f 5884/2961 733/2966 5857/2900
f 1221/4213 5910/4260 5911/4293
f 981/4163 1360/4191 1011/4115
f 5936/3987 6086/3996 1023/3900
f 850/3164 4504/3193 861/3299
f 2089/3328 5610/3250 654/3291
f 5937/4212 1360/4191 3886/4257
f 1011/4115 4621/4046 981/4163
f 5546/2927 5621/2943 5579/2980
f 4621/4046 1011/4115 552/4009
f 552/4009 6006/4076 5936/3987
f 5937/4212 5943/4168 1360/4191
f 1400/4249 1221/4213 5911/4293
f 5605/3218 5628/3167 5610/3250
f 4775/2467 4749/2527 4753/2534
f 5960/4031 6086/3996 5936/3987
f 1702/4489 1613/4501 1707/4526
f 5937/4212 3886/4257 3898/4256
f 1637/4281 5910/4260 1641/4185
f 975/4091 981/4163 4621/4046
f 1637/4281 3865/4306 3979/4366
f 3940/3719 3309/3677 4476/3611
f 981/4163 347/4169 541/4201
f 5960/4031 3918/4083 984/4065
f 3075/2405 3076/2462 3220/2360
f 1613/4501 1702/4489 1734/4436
f 4499/3934 3913/4043 3912/3967
f 3940/3719 4470/3755 3309/3677
f 3863/4118 3875/4141 3913/4043
f 3874/4183 3132/4220 3875/4141
f 5721/3147 5628/3167 5605/3218
f 4740/3097 4741/3157 5782/3113
f 5628/3167 5725/3116 5622/3114
f 5884/2961 760/3036 724/3051
f 5321/3141 5721/3147 5605/3218
f 4484/3395 5764/3465 5654/3419
f 5754/3380 4517/3337 5760/3425
f 5962/3778 4596/3702 875/3767
f 875/3767 3883/3842 5334/3828
f 5868/3022 2160/2948 5981/2911
f 5444/2713 5647/2781 5420/2758
f 3884/3951 3251/4038 5916/3997
f 4009/3931 5916/3997 1762/3980
f 2138/2938 2133/3008 1244/2985
f 5478/3002 5599/2945 5465/3000
f 5600/3428 1838/3376 5746/3389
f 5688/3137 5703/3108 2284/3081
f 2133/3008 2108/2971 837/3063
f 5321/3141 5589/3196 5688/3137
f 4468/3772 5193/3696 5511/3718
f 4526/3379 5537/3386 5706/3441
f 736/2865 5832/2944 5981/2911
f 837/3063 2893/3125 850/3164
f 5614/3439 5747/3455 5746/3389
f 3296/3782 4474/3822 4470/3755
f 2907/2789 2403/2839 5833/2777
f 4499/3934 3912/3967 4685/3919
f 1838/3376 640/3356 2089/3328
f 3309/3677 6029/3600 4476/3611
f 5511/3718 5401/3736 5512/3799
f 5575/3546 5576/3521 5752/3487
f 5414/2296 4431/2289 5374/2359
f 4685/3919 3912/3967 4508/3906
f 5343/2664 5335/2714 5311/2744
f 5627/2926 761/3012 5832/2944
f 4471/3461 5764/3465 4484/3395
f 5630/4092 3913/4043 3875/4141
f 2198/2853 1271/2830 2136/2793
f 643/3224 5584/3160 5594/3245
f 715/3055 622/3093 760/3036
f 5991/3247 5980/3220 6003/3148
f 5563/3095 5634/3065 5725/3116
f 5734/2752 4777/2695 5354/2718
f 5537/3386 4526/3379 5590/3322
f 776/3207 5977/3258 5930/3225
f 5992/3815 3896/3733 583/3756
f 5747/3455 5752/3487 5576/3521
f 888/2711 5846/2725 5983/2661
f 622/3093 715/3055 5903/3135
f 757/3007 2110/3086 837/3063
f 4495/3472 5760/3425 4433/3481
f 2174/3057 1244/2985 2133/3008
f 5638/2949 744/2872 743/2918
f 1272/3067 2151/2951 1244/2985
f 744/2872 5516/2826 743/2918
f 2133/3008 837/3063 2174/3057
f 5722/2276 3071/2327 2896/2291
f 3171/2355 3169/2399 3065/2332
f 5605/3218 5604/3261 5589/3196
f 1930/3083 6016/3138 5979/3078
f 5914/3808 3883/3842 5973/3743
f 2403/2839 5981/2911 2399/2887
f 5569/3150 5491/3232 4556/3133
f 640/3356 1838/3376 5600/3428
f 2783/2347 2684/2274 2537/2350
f 3309/3677 5649/3665 6029/3600
f 2964/2602 5983/2661 2439/2591
f 3912/3967 4486/4006 4508/3906
f 2894/2342 5819/2273 5818/2301
f 5914/3808 4474/3822 4508/3906
f 5649/3665 3309/3677 4489/3728
f 1405/2807 5833/2777 2403/2839
f 5981/2911 2403/2839 736/2865
f 654/3291 4527/3301 5746/3389
f 622/3093 5903/3135 711/3166
f 2198/2853 1987/2883 1271/2830
f 5963/3586 5968/3530 5932/3590
f 2097/2891 2200/2884 2156/2931
f 6003/3148 724/3051 622/3093
f 852/3120 761/3012 724/3051
f 5471/2981 5603/3027 5562/3046
f 4477/3161 5623/3179 4502/3139
f 761/3012 852/3120 5868/3022
f 5456/2844 5463/2896 5682/2819
f 1244/2985 2174/3057 1272/3067
f 711/3166 5903/3135 5990/3212
f 5530/2868 5516/2826 5439/2815
f 5604/3261 2786/3248 5589/3196
f 5647/2781 5439/2815 5516/2826
f 5574/3100 4556/3133 5483/3199
f 640/3356 6310/3350 668/3290
f 2138/2938 1987/2883 2113/2912
f 2154/2354 2924/2362 5818/2301
f 3169/2399 3220/2360 3076/2462
f 4423/3684 937/3712 3885/3768
f 6311/3280 5988/3321 5604/3261
f 3913/4043 5540/4011 3863/4118
f 3171/2355 3220/2360 3169/2399
f 1456/4463 1926/4407 1743/4457
f 1468/4344 3903/4292 5956/4304
f 1637/4281 3980/4334 3910/4310
f 4469/4100 4305/4060 2882/4150
f 5495/2592 5619/2659 2941/2617
f 3918/4083 3919/4149 984/4065
f 6029/3600 5649/3665 5648/3599
f 347/4169 348/4158 1066/4226
f 347/4169 981/4163 975/4091
f 5914/3808 4508/3906 4661/3880
f 1011/4115 6006/4076 552/4009
f 3936/4455 3834/4386 3860/4401
f 3918/4083 5960/4031 5936/3987
f 973/3667 5935/3646 1111/3661
f 4315/4261 3886/4257 981/4163
f 3918/4083 5936/3987 6006/4076
f 584/3463 773/3448 805/3532
f 3900/4382 4648/4404 1468/4344
f 3861/4470 3922/4562 4512/4538
f 3892/4233 348/4158 2882/4150
f 1734/4436 1702/4489 1735/4459
f 1743/4457 1735/4459 2814/4514
f 4917/2598 4747/2571 4749/2527
f 4753/2534 4747/2571 4759/2564
f 3314/4102 4510/4039 5630/4092
f 4747/2571 4917/2598 4919/2630
f 5295/2604 4871/2599 5343/2664
f 606/3436 633/3351 599/3417
f 2679/2401 2509/2481 2103/2409
f 5589/3196 5321/3141 5605/3218
f 3314/4102 5630/4092 1641/4185
f 5868/3022 5832/2944 761/3012
f 5747/3455 891/3506 5600/3428
f 4510/4039 3884/3951 4486/4006
f 5648/3599 891/3506 5576/3521
f 4467/3578 4472/3539 5608/3579
f 5483/3199 3337/3202 5637/3130
f 622/3093 711/3166 6003/3148
f 5577/3544 5705/3495 5744/3548
f 6003/3148 852/3120 724/3051
f 852/3120 5984/3126 5868/3022
f 502/4032 3683/4128 511/4048
f 2382/2597 2148/2577 2327/2514
f 4012/4003 504/3973 536/3952
f 5868/3022 5984/3126 2110/3086
f 2431/2717 5846/2725 5833/2777
f 507/4341 6083/4303 6061/4224
f 5605/3218 5610/3250 668/3290
f 6307/3394 580/3332 5598/3404
f 5746/3389 5747/3455 5600/3428
f 1490/3479 1275/3454 1273/3426
f 653/4536 6019/4488 6018/4547
f 1225/3504 148/3597 1263/3488
f 1184/3499 1450/3518 1490/3479
f 5936/3987 5918/3868 934/3920
f 382/4116 108/4057 6036/4044
f 2221/2740 1919/2746 2192/2791
f 6003/3148 711/3166 5991/3247
f 561/4010 1002/4028 560/4058
f 6036/4044 530/3984 1068/3965
f 2279/3015 5471/2981 5562/3046
f 4504/3193 5984/3126 5930/3225
f 4527/3301 5594/3245 5590/3322
f 5685/2568 2953/2573 2434/2669
f 1272/3067 5896/3223 1358/3117
f 251/4241 3919/4149 5943/4168
f 5648/3599 5575/3546 6029/3600
f 4491/3270 4485/3335 5680/3347
f 743/2918 5516/2826 5530/2868
f 107/3819 270/3812 5913/3890
f 5485/3348 5403/3410 5486/3354
f 2174/3057 850/3164 1272/3067
f 721/3189 5990/3212 5903/3135
f 5604/3261 5616/3307 2786/3248
f 5995/3242 5997/3163 2872/3192
f 565/3230 6016/3138 5997/3163
f 5515/2802 5417/2753 5516/2826
f 6151/4302 72/4223 6123/4269
f 2113/2912 2399/2887 2161/2942
f 5917/3904 4009/3931 3189/3858
f 5637/3130 3337/3202 5774/3119
f 5600/3428 891/3506 5976/3478
f 2433/2712 2434/2669 2435/2662
f 2433/2712 2435/2662 2522/2720
f 76/4268 72/4223 6151/4302
f 5452/2731 5489/2729 5490/2800
f 6182/3910 63/3816 1777/3918
f 2434/2669 2433/2712 2980/2770
f 452/4190 252/4250 6142/4248
f 2522/2720 2521/2757 2433/2712
f 2521/2757 2980/2770 2433/2712
f 1930/3083 5703/3108 5997/3163
f 5918/3868 940/3867 934/3920
f 3940/3719 3891/3741 3299/3818
f 5649/3665 4489/3728 5973/3743
f 2975/2708 5696/2748 764/2772
f 907/3406 6310/3350 640/3356
f 2521/2757 746/2820 2980/2770
f 584/3463 5598/3404 773/3448
f 6014/3512 581/3547 568/3474
f 2872/3192 5703/3108 5688/3137
f 1184/3499 1490/3479 1273/3426
f 395/4542 3916/4548 4002/4487
f 3162/2492 3169/2399 3076/2462
f 6311/3280 6310/3350 5988/3321
f 3138/2420 5773/2380 3069/2349
f 891/3506 5648/3599 1795/3560
f 2625/2318 2103/2409 2664/2374
f 111/4222 3683/4128 182/4179
f 4489/3728 5914/3808 5973/3743
f 881/3327 5995/3242 670/3273
f 2679/2401 5840/2446 2509/2481
f 5630/4092 3875/4141 1641/4185
f 3884/3951 4661/3880 4508/3906
f 4471/3461 5403/3410 4495/3472
f 75/4393 2023/4347 234/4424
f 1641/4185 1330/4112 3314/4102
f 5482/3174 5432/3244 4360/3200
f 3904/3872 5512/3799 3968/3896
f 2894/2342 5794/2406 2537/2350
f 5980/3220 852/3120 6003/3148
f 150/3522 1275/3454 1564/3483
f 1633/3367 1378/3399 1324/3345
f 1633/3367 1273/3426 1378/3399
f 1274/3398 1665/3409 1423/3346
f 1264/3381 1273/3426 1633/3367
f 1274/3398 6184/3447 1665/3409
f 1264/3381 1184/3499 1273/3426
f 6184/3447 1651/3494 1665/3409
f 6184/3447 1274/3398 1275/3454
f 1275/3454 1490/3479 1564/3483
f 1651/3494 6184/3447 1647/3496
f 1275/3454 1647/3496 6184/3447
f 431/3562 1651/3494 1647/3496
f 1647/3496 1275/3454 150/3522
f 149/3605 431/3562 150/3522
f 442/3619 431/3562 149/3605
f 580/3332 5977/3258 6004/3295
f 1275/3454 1378/3399 1273/3426
f 197/3688 149/3605 6337/3638
f 442/3619 197/3688 1530/3691
f 6016/3138 565/3230 682/3151
f 4491/3270 5680/3347 5716/3319
f 1530/3691 480/3764 156/3758
f 6337/3638 194/3704 197/3688
f 480/3764 1530/3691 197/3688
f 2330/2651 2398/2673 2221/2740
f 5973/3743 3259/3720 3213/3676
f 4411/2504 4775/2467 4759/2564
f 102/3862 156/3758 64/3798
f 194/3704 195/3765 197/3688
f 195/3765 480/3764 197/3688
f 852/3120 5980/3220 776/3207
f 5721/3147 5321/3141 5563/3095
f 5984/3126 4504/3193 2110/3086
f 6014/3512 2412/3429 5976/3478
f 6029/3600 5575/3546 4751/3552
f 5873/3302 1223/3473 1264/3381
f 1729/3844 102/3862 64/3798
f 1597/3779 480/3764 195/3765
f 63/3816 480/3764 1597/3779
f 1263/3488 1386/3571 1223/3473
f 1443/3596 1431/3721 1505/3673
f 1032/3734 253/3730 148/3597
f 238/3870 429/3881 564/3787
f 1729/3844 64/3798 63/3816
f 107/3819 195/3765 1570/3766
f 1597/3779 195/3765 63/3816
f 194/3704 1505/3673 1431/3721
f 955/3805 958/3769 1027/3865
f 407/3977 1558/3940 497/3841
f 958/3769 920/3785 1001/3856
f 1443/3596 1187/3613 1431/3721
f 497/3841 503/3830 151/3709
f 497/3841 369/3876 1634/3944
f 367/4122 6040/4036 5933/4051
f 1187/3613 1386/3571 151/3709
f 63/3816 107/3819 1777/3918
f 2522/2720 764/2772 2521/2757
f 5913/3890 270/3812 428/3891
f 1300/3732 1431/3721 1187/3613
f 564/3787 1038/3663 1039/3685
f 5930/3225 852/3120 776/3207
f 461/3802 1300/3732 503/3830
f 5913/3890 428/3891 509/3953
f 871/3378 5873/3302 5896/3223
f 1032/3734 1049/3575 1038/3663
f 194/3704 1443/3596 1505/3673
f 1001/3856 977/3917 1027/3865
f 1272/3067 850/3164 5896/3223
f 151/3709 503/3830 1300/3732
f 1634/3944 369/3876 537/3970
f 6051/3966 1776/4018 1777/3918
f 1431/3721 461/3802 270/3812
f 1184/3499 1223/3473 1187/3613
f 1053/3933 429/3881 238/3870
f 1184/3499 1264/3381 1223/3473
f 536/3952 429/3881 1053/3933
f 5990/3212 721/3189 5978/3243
f 5933/4051 407/3977 6143/4035
f 5562/3046 5563/3095 2284/3081
f 6014/3512 5976/3478 637/3533
f 1386/3571 1187/3613 1223/3473
f 1033/3795 955/3805 1017/3873
f 428/3891 270/3812 461/3802
f 6052/4023 232/4001 6141/4089
f 4747/2571 4753/2534 4749/2527
f 5696/2748 3004/2682 5618/2741
f 148/3597 151/3709 1386/3571
f 5654/3419 5655/3377 4484/3395
f 1023/3900 6086/3996 997/3911
f 1184/3499 1187/3613 1443/3596
f 1641/4185 3875/4141 3132/4220
f 1027/3865 977/3917 1018/3941
f 148/3597 253/3730 151/3709
f 407/3977 1634/3944 1524/4007
f 5707/3440 5764/3465 5705/3495
f 5603/3027 5634/3065 5562/3046
f 367/4122 5933/4051 526/4108
f 148/3597 1386/3571 1263/3488
f 63/3816 195/3765 107/3819
f 670/3273 5995/3242 2872/3192
f 1033/3795 488/3749 955/3805
f 71/4225 367/4122 72/4223
f 5707/3440 3395/3412 5654/3419
f 497/3841 151/3709 253/3730
f 1032/3734 564/3787 1041/3836
f 367/4122 526/4108 72/4223
f 1038/3663 1150/3531 1039/3685
f 497/3841 1558/3940 503/3830
f 3340/4345 6151/4302 6123/4269
f 428/3891 461/3802 503/3830
f 5873/3302 1263/3488 1223/3473
f 670/3273 2786/3248 5616/3307
f 1150/3531 1038/3663 1049/3575
f 72/4223 526/4108 77/4188
f 72/4223 77/4188 6123/4269
f 536/3952 504/3973 1054/3924
f 6108/4317 3340/4345 6123/4269
f 5838/2677 2382/2597 2330/2651
f 526/4108 511/4048 3683/4128
f 6052/4023 6051/3966 509/3953
f 502/4032 511/4048 537/3970
f 4012/4003 502/4032 504/3973
f 497/3841 253/3730 1032/3734
f 5716/3319 5680/3347 2887/3382
f 997/3911 6086/3996 998/3969
f 1032/3734 369/3876 497/3841
f 744/2872 5456/2844 5515/2802
f 73/4282 6123/4269 111/4222
f 115/4337 73/4282 244/4294
f 6108/4317 115/4337 6091/4371
f 561/4010 977/3917 998/3969
f 5995/3242 565/3230 5997/3163
f 4012/4003 530/3984 108/4057
f 536/3952 1053/3933 530/3984
f 244/4294 2023/4347 115/4337
f 115/4337 75/4393 6091/4371
f 1524/4007 1634/3944 537/3970
f 299/4290 244/4294 70/4240
f 244/4294 299/4290 2023/4347
f 4598/3210 5483/3199 4556/3133
f 721/3189 565/3230 623/3257
f 115/4337 2023/4347 75/4393
f 6068/4454 234/4424 471/4491
f 461/3802 1431/3721 1300/3732
f 182/4179 6096/4246 70/4240
f 5774/3119 5672/3092 5637/3130
f 6096/4246 299/4290 70/4240
f 2023/4347 299/4290 269/4351
f 5921/3954 6052/4023 509/3953
f 608/3523 5976/3478 891/3506
f 6089/4478 471/4491 234/4424
f 3994/4497 174/4486 346/4429
f 77/4188 3683/4128 111/4222
f 188/4176 6096/4246 182/4179
f 6036/4044 416/4088 382/4116
f 561/4010 1064/4015 1018/3941
f 5933/4051 6040/4036 407/3977
f 1064/4015 1068/3965 1018/3941
f 1571/4136 6141/4089 367/4122
f 299/4290 6096/4246 269/4351
f 764/2772 139/2818 746/2820
f 6040/4036 1558/3940 407/3977
f 6089/4478 234/4424 6090/4440
f 6089/4478 653/4536 471/4491
f 891/3506 1795/3560 608/3523
f 4002/4487 2180/4467 395/4542
f 1041/3836 369/3876 1032/3734
f 188/4176 382/4116 416/4088
f 2221/2740 2215/2703 2330/2651
f 875/3767 3259/3720 5973/3743
f 187/4231 6095/4285 6096/4246
f 115/4337 6108/4317 73/4282
f 2412/3429 6310/3350 907/3406
f 6086/3996 1002/4028 998/3969
f 6090/4440 234/4424 269/4351
f 416/4088 452/4190 188/4176
f 332/4307 6095/4285 187/4231
f 5647/2781 5516/2826 5420/2758
f 269/4351 6095/4285 332/4307
f 560/4058 356/4110 3902/4077
f 908/3846 1001/3856 920/3785
f 6086/3996 984/4065 1002/4028
f 6310/3350 592/3401 5988/3321
f 232/4001 1558/3940 6040/4036
f 3909/4452 3916/4548 3994/4497
f 238/3870 1068/3965 1053/3933
f 269/4351 6026/4438 6090/4440
f 6090/4440 6087/4460 6019/4488
f 1571/4136 74/4171 6141/4089
f 4470/3755 4474/3822 5914/3808
f 3874/4183 4438/4234 3132/4220
f 4744/2395 5364/2448 4853/2419
f 6142/4248 187/4231 452/4190
f 452/4190 416/4088 6023/4139
f 2783/2347 2679/2401 2301/2333
f 1795/3560 5648/3599 620/3627
f 416/4088 3902/4077 6023/4139
f 6142/4248 332/4307 187/4231
f 560/4058 495/4093 356/4110
f 564/3787 429/3881 1041/3836
f 4510/4039 3251/4038 3884/3951
f 3884/3951 3883/3842 4661/3880
f 495/4093 1002/4028 984/4065
f 1049/3575 1032/3734 148/3597
f 5977/3258 776/3207 5980/3220
f 6020/4209 452/4190 6023/4139
f 5537/3386 2887/3382 3395/3412
f 357/4146 6023/4139 3902/4077
f 5939/4287 332/4307 6142/4248
f 332/4307 365/4362 6063/4373
f 5556/3236 4360/3200 5432/3244
f 357/4146 356/4110 6059/4143
f 3299/3818 4473/3849 3940/3719
f 5782/3113 4362/3068 4361/3024
f 1225/3504 871/3378 5925/3456
f 6063/4373 6062/4426 6026/4438
f 6019/4488 6026/4438 217/4495
f 509/3953 428/3891 5921/3954
f 3884/3951 5917/3904 3883/3842
f 5440/2719 5883/2675 5421/2672
f 452/4190 6020/4209 252/4250
f 5939/4287 252/4250 6083/4303
f 365/4362 6062/4426 6063/4373
f 495/4093 3919/4149 6059/4143
f 3888/3988 4305/4060 4444/4085
f 1225/3504 1263/3488 871/3378
f 1558/3940 5921/3954 428/3891
f 5636/3074 5568/3021 5478/3002
f 724/3051 760/3036 622/3093
f 5896/3223 797/3353 871/3378
f 217/4495 6026/4438 6062/4426
f 5896/3223 850/3164 797/3353
f 510/4336 5939/4287 6083/4303
f 2219/2823 2097/2891 2214/2848
f 6062/4426 365/4362 113/4370
f 5990/3212 5978/3243 5987/3283
f 2887/3382 5680/3347 5655/3377
f 187/4231 6096/4246 188/4176
f 5469/2907 5503/2845 5470/2921
f 1054/3924 537/3970 369/3876
f 5987/3283 5978/3243 623/3257
f 5975/3364 5616/3307 592/3401
f 6143/4035 1524/4007 526/4108
f 6061/4224 6083/4303 6020/4209
f 977/3917 561/4010 1018/3941
f 5943/4168 3898/4256 251/4241
f 6061/4224 3919/4149 251/4241
f 4377/4414 4002/4487 3909/4452
f 5921/3954 1558/3940 232/4001
f 5976/3478 608/3523 637/3533
f 3031/2901 2411/2959 743/2918
f 881/3327 565/3230 5995/3242
f 4493/3284 4484/3395 4485/3335
f 1016/4316 3898/4256 3886/4257
f 6062/4426 112/4410 207/4492
f 6083/4303 112/4410 113/4370
f 6026/4438 6019/4488 6087/4460
f 3898/4256 1016/4316 251/4241
f 619/3326 623/3257 565/3230
f 4532/3396 773/3448 5598/3404
f 4648/4404 3929/4484 1446/4418
f 5486/3354 5403/3410 4492/3336
f 4471/3461 5783/3525 4472/3539
f 5975/3364 633/3351 5616/3307
f 553/4338 1016/4316 3886/4257
f 507/4341 112/4410 6083/4303
f 5783/3525 4432/3517 3458/3567
f 724/3051 761/3012 733/2966
f 5485/3348 5484/3282 5520/3260
f 6062/4426 113/4370 112/4410
f 907/3406 5976/3478 2412/3429
f 757/3007 2108/2971 2161/2942
f 715/3055 2131/3023 6005/3105
f 5311/2744 5344/2782 5440/2719
f 5607/3633 5608/3579 3458/3567
f 174/4486 112/4410 346/4429
f 112/4410 507/4341 346/4429
f 1016/4316 3915/4406 507/4341
f 2113/2912 2108/2971 2138/2938
f 5746/3389 2089/3328 654/3291
f 1047/3668 488/3749 1039/3685
f 2412/3429 592/3401 6310/3350
f 5665/2894 5492/2933 5446/3001
f 590/3451 4533/3524 4534/3459
f 3884/3951 5916/3997 5917/3904
f 564/3787 1033/3795 238/3870
f 623/3257 5978/3243 721/3189
f 2786/3248 2872/3192 5589/3196
f 2192/2791 1271/2830 2219/2823
f 553/4338 4377/4414 1025/4360
f 6087/4460 6090/4440 6026/4438
f 150/3522 431/3562 1647/3496
f 3213/3676 4596/3702 620/3627
f 507/4341 3915/4406 346/4429
f 342/4385 3915/4406 1016/4316
f 4377/4414 553/4338 556/4384
f 1027/3865 1017/3873 955/3805
f 4467/3578 5606/3639 4461/3648
f 2200/2884 2219/2823 1271/2830
f 5931/3641 5971/3735 5969/3680
f 6040/4036 367/4122 6141/4089
f 6004/3295 5980/3220 5991/3247
f 495/4093 984/4065 3919/4149
f 1039/3685 1033/3795 564/3787
f 5764/3465 4471/3461 5817/3502
f 2399/2887 2198/2853 1405/2807
f 503/3830 1558/3940 428/3891
f 5604/3261 5605/3218 6311/3280
f 346/4429 3915/4406 3994/4497
f 5642/3048 5465/3000 5357/3038
f 6182/3910 1729/3844 63/3816
f 556/4384 1446/4418 4377/4414
f 3213/3676 5648/3599 5649/3665
f 6019/4488 6089/4478 6090/4440
f 581/3547 6014/3512 4575/3640
f 2097/2891 2219/2823 2200/2884
f 4504/3193 5942/3293 861/3299
f 1120/3434 1150/3531 797/3353
f 2941/2617 2435/2662 2960/2593
f 342/4385 1025/4360 4377/4414
f 619/3326 5987/3283 623/3257
f 4377/4414 1446/4418 2032/4439
f 2032/4439 2180/4467 4377/4414
f 1033/3795 1039/3685 488/3749
f 588/3484 599/3417 568/3474
f 2910/2843 5857/2900 5627/2926
f 5975/3364 592/3401 599/3417
f 3944/4462 3894/4532 3929/4484
f 238/3870 1017/3873 1068/3965
f 5642/3048 5478/3002 5465/3000
f 670/3273 633/3351 881/3327
f 5573/2869 5470/2921 5503/2845
f 2897/2307 2816/2368 2154/2354
f 958/3769 955/3805 488/3749
f 5444/2713 5493/2616 5452/2731
f 269/4351 332/4307 6063/4373
f 2032/4439 1446/4418 2180/4467
f 5734/2752 5352/2778 5398/2831
f 1054/3924 1041/3836 429/3881
f 71/4225 1571/4136 367/4122
f 1762/3980 4010/3921 4009/3931
f 2180/4467 4002/4487 4377/4414
f 881/3327 619/3326 565/3230
f 1068/3965 1064/4015 416/4088
f 488/3749 1047/3668 958/3769
f 602/3608 637/3533 1795/3560
f 1838/3376 2089/3328 5746/3389
f 4325/3311 4430/3402 4716/3296
f 592/3401 2412/3429 6014/3512
f 77/4188 111/4222 6123/4269
f 3909/4452 4002/4487 3916/4548
f 1446/4418 3929/4484 2180/4467
f 5579/2980 5621/2943 5578/3019
f 640/3356 5600/3428 907/3406
f 4596/3702 3213/3676 3259/3720
f 908/3846 997/3911 1001/3856
f 5193/3696 5606/3639 5607/3633
f 1808/3070 5584/3160 5601/3118
f 917/3744 920/3785 935/3715
f 3929/4484 4648/4404 3944/4462
f 1187/3613 151/3709 1300/3732
f 4618/2324 4635/2365 4624/2348
f 5916/3997 4009/3931 5917/3904
f 580/3332 5942/3293 5930/3225
f 564/3787 1032/3734 1038/3663
f 3943/4524 3894/4532 3944/4462
f 5452/2731 5466/2652 5489/2729
f 113/4370 510/4336 6083/4303
f 5659/2414 5999/2438 5379/2386
f 6307/3394 1120/3434 1959/3361
f 111/4222 182/4179 70/4240
f 4532/3396 6004/3295 585/3357
f 746/2820 139/2818 5885/2877
f 495/4093 6059/4143 356/4110
f 510/4336 332/4307 5939/4287
f 611/3526 581/3547 5993/3606
f 4740/3097 5782/3113 5473/3060
f 2439/2591 2687/2509 2688/2559
f 1150/3531 5925/3456 797/3353
f 5398/2831 5447/2899 5438/2889
f 342/4385 3909/4452 3915/4406
f 2965/2637 5983/2661 2964/2602
f 232/4001 6052/4023 5921/3954
f 637/3533 602/3608 6014/3512
f 5420/2758 5516/2826 5417/2753
f 6020/4209 6083/4303 252/4250
f 606/3436 881/3327 633/3351
f 3340/4345 6108/4317 6091/4371
f 5623/3179 5610/3250 5628/3167
f 404/3622 4423/3684 5993/3606
f 586/3414 619/3326 881/3327
f 5918/3868 1023/3900 954/3817
f 2023/4347 269/4351 234/4424
f 174/4486 207/4492 112/4410
f 5485/3348 5754/3380 5760/3425
f 1076/3566 1120/3434 836/3508
f 592/3401 6014/3512 568/3474
f 1244/2985 2151/2951 2156/2931
f 997/3911 977/3917 1001/3856
f 1120/3434 6307/3394 584/3463
f 4852/2520 4910/2472 4845/2432
f 2434/2669 2980/2770 885/2768
f 5916/3997 4305/4060 1762/3980
f 6096/4246 6095/4285 269/4351
f 4461/3648 3386/3699 3891/3741
f 1150/3531 1049/3575 5925/3456
f 5449/2575 5493/2616 5464/2525
f 5535/3511 5575/3546 5752/3487
f 5857/2900 733/2966 5627/2926
f 2338/2612 2337/2548 2141/2642
f 6307/3394 1959/3361 5942/3293
f 861/3299 1959/3361 1120/3434
f 3514/2554 3533/2501 3512/2556
f 4491/3270 4493/3284 4485/3335
f 1033/3795 1017/3873 238/3870
f 5862/2986 5861/2982 715/3055
f 5614/3439 5746/3389 5615/3431
f 1987/2883 2138/2938 2200/2884
f 586/3414 2414/3393 619/3326
f 5817/3502 5744/3548 5764/3465
f 2399/2887 1405/2807 2403/2839
f 881/3327 606/3436 586/3414
f 2411/2959 2421/3017 5698/2979
f 571/3742 605/3666 4596/3702
f 4621/4046 552/4009 4620/3994
f 5725/3116 5628/3167 5721/3147
f 643/3224 5610/3250 5623/3179
f 850/3164 2893/3125 4504/3193
f 5596/3240 4491/3270 5716/3319
f 526/4108 5933/4051 6143/4035
f 5962/3778 571/3742 4596/3702
f 2160/2948 2399/2887 5981/2911
f 585/3357 4738/3415 4532/3396
f 935/3715 920/3785 958/3769
f 585/3357 5991/3247 5987/3283
f 5975/3364 599/3417 633/3351
f 3683/4128 108/4057 182/4179
f 5475/2611 5358/2653 5466/2652
f 6051/3966 6052/4023 1776/4018
f 3129/2277 3065/2332 3069/2349
f 633/3351 670/3273 5616/3307
f 1076/3566 836/3508 1065/3563
f 5829/2412 5794/2406 2924/2362
f 6036/4044 1068/3965 416/4088
f 1076/3566 1150/3531 1120/3434
f 1017/3873 1027/3865 1018/3941
f 2383/2461 5794/2406 2493/2493
f 4508/3906 4474/3822 4473/3849
f 5119/2690 5335/2714 5046/2647
f 5918/3868 5936/3987 1023/3900
f 5520/3260 4556/3133 5491/3232
f 568/3474 599/3417 592/3401
f 572/3569 611/3526 5993/3606
f 571/3742 3189/3858 925/3851
f 2215/2703 2221/2740 2347/2773
f 2284/3081 5703/3108 5641/3033
f 2330/2651 2215/2703 5838/2677
f 5962/3778 3189/3858 571/3742
f 717/2950 5638/2949 2131/3023
f 761/3012 5627/2926 733/2966
f 3888/3988 4444/4085 3880/4026
f 2338/2612 5855/2566 2337/2548
f 5941/3950 5954/3981 960/3869
f 5552/2790 5398/2831 5665/2894
f 5925/3456 871/3378 797/3353
f 3189/3858 4010/3921 925/3851
f 2219/2823 2214/2848 2347/2773
f 2431/2717 2141/2642 2055/2621
f 4527/3301 5590/3322 4526/3379
f 580/3332 5930/3225 5977/3258
f 934/3920 940/3867 3889/3927
f 4010/3921 3189/3858 4009/3931
f 1896/3497 1895/3471 586/3414
f 757/3007 2160/2948 5868/3022
f 5478/3002 5642/3048 5636/3074
f 588/3484 581/3547 611/3526
f 5931/3641 5963/3586 5946/3674
f 4919/2630 5119/2690 5046/2647
f 3189/3858 5334/3828 5917/3904
f 5490/2800 5489/2729 5477/2794
f 3772/4107 5540/4011 4578/3975
f 937/3712 4575/3640 571/3742
f 5951/3529 5744/3548 5817/3502
f 5913/3890 509/3953 6051/3966
f 5885/2877 139/2818 5682/2819
f 6141/4089 232/4001 6040/4036
f 5480/2881 5546/2927 5573/2869
f 4575/3640 404/3622 581/3547
f 3889/3927 4620/3994 552/4009
f 5939/4287 6142/4248 252/4250
f 3880/4026 3887/3992 3888/3988
f 939/3916 4010/3921 3888/3988
f 149/3605 1443/3596 6337/3638
f 925/3851 4010/3921 939/3916
f 5638/2949 5692/2929 5463/2896
f 5968/3530 590/3451 1895/3471
f 920/3785 917/3744 908/3846
f 5930/3225 5984/3126 852/3120
f 74/4171 1571/4136 71/4225
f 4361/3024 5457/2915 5679/2987
f 395/4542 2180/4467 3929/4484
f 4738/3415 590/3451 4534/3459
f 4361/3024 5679/2987 5473/3060
f 2816/2368 2833/2436 5849/2396
f 3296/3782 4473/3849 4474/3822
f 1431/3721 1570/3766 194/3704
f 5873/3302 1358/3117 5896/3223
f 342/4385 4377/4414 3909/4452
f 861/3299 797/3353 850/3164
f 5490/2800 5477/2794 3131/2876
f 2131/3023 5979/3078 6005/3105
f 3880/4026 975/4091 5954/3981
f 407/3977 497/3841 1634/3944
f 73/4282 111/4222 70/4240
f 1047/3668 5935/3646 935/3715
f 3251/4038 3314/4102 1330/4112
f 6317/3180 5595/3178 5596/3240
f 150/3522 1490/3479 1450/3518
f 2411/2959 3035/2960 2421/3017
f 960/3869 583/3756 3885/3768
f 1017/3873 1018/3941 1068/3965
f 960/3869 939/3916 5941/3950
f 6005/3105 5979/3078 682/3151
f 875/3767 5334/3828 5962/3778
f 6143/4035 407/3977 1524/4007
f 1016/4316 553/4338 1025/4360
f 3885/3768 571/3742 925/3851
f 194/3704 1570/3766 195/3765
f 5575/3546 5535/3511 4751/3552
f 442/3619 149/3605 197/3688
f 5954/3981 3887/3992 3880/4026
f 5707/3440 5706/3441 3395/3412
f 939/3916 3888/3988 5941/3950
f 602/3608 620/3627 4596/3702
f 925/3851 939/3916 960/3869
f 5627/2926 736/2865 2910/2843
f 369/3876 1041/3836 1054/3924
f 1002/4028 495/4093 560/4058
f 606/3436 611/3526 1896/3497
f 1330/4112 5916/3997 3251/4038
f 194/3704 6337/3638 1443/3596
f 5932/3590 4497/3538 572/3569
f 2910/2843 885/2768 2980/2770
f 63/3816 64/3798 480/3764
f 571/3742 3885/3768 937/3712
f 269/4351 6063/4373 6026/4438
f 480/3764 64/3798 156/3758
f 5969/3680 917/3744 1111/3661
f 5578/3019 1808/3070 5588/3025
f 997/3911 998/3969 977/3917
f 850/3164 2174/3057 837/3063
f 2113/2912 1987/2883 2198/2853
f 997/3911 908/3846 1023/3900
f 4510/4039 3314/4102 3251/4038
f 1065/3563 1047/3668 1076/3566
f 1065/3563 5935/3646 1047/3668
f 188/4176 452/4190 187/4231
f 568/3474 581/3547 588/3484
f 5678/3106 5584/3160 1808/3070
f 5428/2676 5548/2721 5358/2653
f 6061/4224 251/4241 507/4341
f 382/4116 182/4179 108/4057
f 3386/3699 5606/3639 5193/3696
f 3424/3554 3458/3567 4432/3517
f 1896/3497 611/3526 572/3569
f 2814/4514 3943/4524 1456/4463
f 5537/3386 5716/3319 2887/3382
f 6068/4454 75/4393 234/4424
f 585/3357 6004/3295 5991/3247
f 2327/2514 5855/2566 2382/2597
f 1450/3518 1184/3499 1443/3596
f 2414/3393 585/3357 5987/3283
f 6023/4139 357/4146 6020/4209
f 3772/4107 3863/4118 5540/4011
f 4534/3459 805/3532 773/3448
f 1120/3434 584/3463 836/3508
f 2089/3328 640/3356 668/3290
f 1027/3865 958/3769 1001/3856
f 2055/2621 2439/2591 2061/2663
f 2896/2291 5866/2344 2897/2307
f 5463/2896 5456/2844 744/2872
f 1054/3924 429/3881 536/3952
f 5873/3302 871/3378 1263/3488
f 5954/3981 975/4091 4621/4046
f 1225/3504 1049/3575 148/3597
f 5818/2301 2924/2362 2894/2342
f 4661/3880 3883/3842 5914/3808
f 5993/3606 3818/3653 572/3569
f 2688/2559 2965/2637 2964/2602
f 958/3769 1047/3668 935/3715
f 3140/2229 5722/2276 5854/2223
f 404/3622 4575/3640 4423/3684
f 6014/3512 602/3608 4575/3640
f 1378/3399 1275/3454 1274/3398
f 5992/3815 940/3867 1535/3774
f 5119/2690 5283/2689 5315/2730
f 6123/4269 73/4282 6108/4317
f 150/3522 1443/3596 149/3605
f 682/3151 721/3189 6005/3105
f 2656/2298 5770/2244 2731/2158
f 6186/3098 192/3115 183/3169
f 192/3115 247/3159 183/3169
f 270/3812 1570/3766 1431/3721
f 6171/3077 5889/3014 6170/3121
f 198/2998 6171/3077 192/3115
f 2556/2263 2567/2325 2318/2292
f 5889/3014 6340/2913 211/2920
f 2567/2325 5827/2279 2656/2298
f 6340/2913 5889/3014 198/2998
f 2625/2318 5858/2252 2301/2333
f 2556/2263 5827/2279 2567/2325
f 2604/2376 2318/2292 2567/2325
f 6061/4224 6020/4209 357/4146
f 2604/2376 5803/2336 2318/2292
f 6171/3077 6170/3121 247/3159
f 5770/2244 2656/2298 5827/2279
f 5770/2244 5827/2279 2556/2263
f 73/4282 70/4240 244/4294
f 2567/2325 2664/2374 2604/2376
f 2664/2374 2567/2325 2656/2298
f 3683/4128 77/4188 526/4108
f 213/2840 211/2920 237/2874
f 6340/2913 237/2874 211/2920
f 5889/3014 6171/3077 198/2998
f 192/3115 6186/3098 198/2998
f 192/3115 6171/3077 247/3159
f 1535/3774 5971/3735 5946/3674
f 3885/3768 925/3851 960/3869
f 207/4492 217/4495 6062/4426
f 2141/2642 1919/2746 2398/2673
f 5511/3718 5193/3696 5607/3633
f 5969/3680 1160/3614 5931/3641
f 504/3973 502/4032 537/3970
f 2136/2793 1271/2830 1919/2746
f 590/3451 5968/3530 4533/3524
f 404/3622 5993/3606 581/3547
f 270/3812 107/3819 1570/3766
f 2972/2532 5685/2568 2965/2637
f 5987/3283 619/3326 2414/3393
f 4533/3524 805/3532 4534/3459
f 2055/2621 2516/2542 2439/2591
f 1065/3563 584/3463 805/3532
f 3887/3992 5941/3950 3888/3988
f 935/3715 5935/3646 973/3667
f 4910/2472 4852/2520 4909/2494
f 5968/3530 5963/3586 4533/3524
f 1111/3661 1160/3614 5969/3680
f 3889/3927 940/3867 5992/3815
f 4488/3217 4491/3270 5595/3178
f 998/3969 1002/4028 561/4010
f 5941/3950 3887/3992 5954/3981
f 337/3576 805/3532 4533/3524
f 5625/2925 717/2950 5861/2982
f 3885/3768 583/3756 4423/3684
f 5925/3456 1049/3575 1225/3504
f 1324/3345 1378/3399 1274/3398
f 1330/4112 4305/4060 5916/3997
f 188/4176 182/4179 382/4116
f 4472/3539 5783/3525 5608/3579
f 3888/3988 4010/3921 1762/3980
f 5481/3129 4360/3200 4741/3157
f 1896/3497 4497/3538 1895/3471
f 4728/2340 4744/2395 4742/2329
f 5334/3828 3189/3858 5962/3778
f 3889/3927 5954/3981 4620/3994
f 6052/4023 6141/4089 74/4171
f 5447/2899 5457/2915 5561/2969
f 960/3869 3889/3927 5992/3815
f 342/4385 1016/4316 1025/4360
f 6005/3105 721/3189 5903/3135
f 1777/3918 107/3819 5913/3890
f 3213/3676 620/3627 5648/3599
f 5481/3129 5482/3174 4360/3200
f 3818/3653 5946/3674 5932/3590
f 3943/4524 3944/4462 1456/4463
f 1762/3980 4305/4060 3888/3988
f 2414/3393 590/3451 585/3357
f 5682/2819 5463/2896 5625/2925
f 5706/3441 5535/3511 5752/3487
f 2160/2948 757/3007 2161/2942
f 1150/3531 1076/3566 1039/3685
f 5973/3743 3213/3676 5649/3665
f 1423/3346 1324/3345 1274/3398
f 5438/2889 5492/2933 5665/2894
f 337/3576 4533/3524 5963/3586
f 5971/3735 1535/3774 5918/3868
f 572/3569 3818/3653 5932/3590
f 583/3756 3818/3653 4423/3684
f 4444/4085 975/4091 3880/4026
f 6019/4488 653/4536 6089/4478
f 5992/3815 583/3756 960/3869
f 5918/3868 954/3817 5971/3735
f 6051/3966 1777/3918 5913/3890
f 5571/2786 5344/2782 5337/2841
f 530/3984 6036/4044 108/4057
f 605/3666 571/3742 4575/3640
f 588/3484 606/3436 599/3417
f 5993/3606 4423/3684 3818/3653
f 5421/2672 5295/2604 5343/2664
f 2061/2663 5983/2661 5846/2725
f 1160/3614 1134/3603 805/3532
f 837/3063 2108/2971 757/3007
f 6059/4143 6061/4224 357/4146
f 5963/3586 5931/3641 337/3576
f 365/4362 332/4307 510/4336
f 2200/2884 1271/2830 1987/2883
f 3818/3653 583/3756 3896/3733
f 5604/3261 5988/3321 5616/3307
f 5446/3001 4553/3047 5591/2967
f 590/3451 4738/3415 585/3357
f 5904/2500 2972/2532 2688/2559
f 1134/3603 1065/3563 805/3532
f 5599/2945 5341/2852 5591/2967
f 1895/3471 2414/3393 586/3414
f 1076/3566 1047/3668 1039/3685
f 1054/3924 504/3973 537/3970
f 3994/4497 3915/4406 3909/4452
f 5838/2677 2215/2703 2347/2773
f 5931/3641 1160/3614 337/3576
f 6005/3105 5903/3135 715/3055
f 4488/3217 5595/3178 6010/3136
f 4476/3611 6029/3600 4751/3552
f 2833/2436 2966/2466 2687/2509
f 875/3767 4596/3702 3259/3720
f 5634/3065 5644/3045 5622/3114
f 6059/4143 3919/4149 6061/4224
f 3309/3677 4470/3755 4489/3728
f 3902/4077 1064/4015 561/4010
f 6004/3295 5977/3258 5980/3220
f 2503/2487 2327/2514 2148/2577
f 150/3522 1450/3518 1443/3596
f 960/3869 5954/3981 3889/3927
f 6018/4547 6019/4488 217/4495
f 1490/3479 150/3522 1564/3483
f 5046/2647 5335/2714 4871/2599
f 113/4370 365/4362 510/4336
f 4517/3337 4430/3402 5760/3425
f 108/4057 502/4032 4012/4003
f 560/4058 3902/4077 561/4010
f 4486/4006 3884/3951 4508/3906
f 743/2918 2411/2959 5698/2979
f 1053/3933 1068/3965 530/3984
f 1111/3661 935/3715 973/3667
f 1134/3603 1111/3661 5935/3646
f 5555/3071 5644/3045 5587/3032
f 3902/4077 416/4088 1064/4015
f 5621/2943 5568/3021 5578/3019
f 1524/4007 537/3970 511/4048
f 736/2865 2403/2839 2907/2789
f 5552/2790 5315/2730 5283/2689
f 3458/3567 3424/3554 5607/3633
f 76/4268 71/4225 72/4223
f 5855/2566 2330/2651 2382/2597
f 2410/3016 5661/2977 628/3030
f 5400/3695 3729/3672 4528/3624
f 861/3299 1120/3434 797/3353
f 3818/3653 3896/3733 5946/3674
f 1111/3661 917/3744 935/3715
f 1930/3083 5986/3044 5703/3108
f 602/3608 1795/3560 620/3627
f 5470/2921 5580/2941 5474/2999
f 4738/3415 4534/3459 4532/3396
f 251/4241 1016/4316 507/4341
f 2198/2853 2136/2793 1405/2807
f 5520/3260 5491/3232 4517/3337
f 6311/3280 5605/3218 668/3290
f 356/4110 357/4146 3902/4077
f 5931/3641 5946/3674 5971/3735
f 4532/3396 4534/3459 773/3448
f 4685/3919 4508/3906 4473/3849
f 4626/2288 3108/2300 5683/2243
f 1134/3603 1160/3614 1111/3661
f 5474/2999 5580/2941 5664/2984
f 4532/3396 5598/3404 580/3332
f 2108/2971 2133/3008 2138/2938
f 605/3666 4575/3640 602/3608
f 3896/3733 5992/3815 1535/3774
f 1535/3774 940/3867 5918/3868
f 108/4057 3683/4128 502/4032
f 6307/3394 5598/3404 584/3463
f 3896/3733 1535/3774 5946/3674
f 4411/2504 4871/2599 4852/2520
f 5334/3828 3883/3842 5917/3904
f 908/3846 917/3744 954/3817
f 861/3299 5942/3293 1959/3361
f 536/3952 530/3984 4012/4003
f 1023/3900 908/3846 954/3817
f 5402/3634 4476/3611 5744/3548
f 5321/3141 5688/3137 2284/3081
f 5987/3283 5991/3247 5990/3212
f 5474/2999 5603/3027 5471/2981
f 5623/3179 5622/3114 4502/3139
f 1524/4007 511/4048 526/4108
f 5971/3735 954/3817 917/3744
f 837/3063 2110/3086 2893/3125
f 5556/3236 4325/3311 4324/3216
f 611/3526 606/3436 588/3484
f 5969/3680 5971/3735 917/3744
f 2843/1574 2841/1633 2842/1530
f 1291/1936 1283/1998 1299/2019
f 1281/1664 1320/1602 1319/1527
f 1281/1664 6267/1634 1307/1736
f 1307/1736 5761/1677 1333/1761
f 1299/2019 1293/2064 6218/1887
f 1211/2091 1201/1956 1210/2073
f 6218/1887 1282/1791 1307/1736
f 1299/2019 1283/1998 1200/2208
f 1281/1664 1307/1736 1282/1791
f 1202/1932 6101/1809 1213/1752
f 1928/1745 2841/1633 2843/1574
f 1280/1924 6218/1887 1293/2064
f 1193/2178 1299/2019 1200/2208
f 3192/1115 3173/989 5683/1106
f 701/1542 1103/1564 1270/1698
f 1193/2178 1138/2187 1293/2064
f 1280/1924 5586/1746 1282/1791
f 1200/2208 1191/2335 1193/2178
f 1138/2187 1289/2116 1293/2064
f 1290/1818 5586/1746 1280/1924
f 1138/2187 1191/2335 1198/2264
f 1283/1998 1291/1936 1384/1820
f 1206/2119 1200/2208 1283/1998
f 2865/1840 3658/1817 3214/1950
f 5812/2014 5822/1928 2774/2050
f 4247/1560 5766/1632 4170/1539
f 1283/1998 1262/1920 6252/2056
f 5822/1928 3118/1837 5720/2003
f 1211/2091 1220/1957 1201/1956
f 5690/909 4646/1015 3606/1053
f 3144/1391 3143/1448 5780/1472
f 226/2989 5804/2882 2292/2873
f 1220/1957 1211/2091 6252/2056
f 1266/2200 1200/2208 1206/2119
f 6252/2056 1266/2200 1206/2119
f 1201/1956 1202/1932 1210/2073
f 1206/2119 1283/1998 6252/2056
f 1220/1957 6252/2056 1262/1920
f 1428/672 1556/762 1547/803
f 1260/1787 6101/1809 1267/1882
f 1201/1956 1220/1957 1267/1882
f 1761/509 1748/445 5841/436
f 4418/857 3715/759 3178/886
f 4646/1015 3198/966 3199/1048
f 1731/2905 260/2978 1182/2842
f 3976/838 2899/721 4067/872
f 1108/1691 690/1805 688/1616
f 286/2957 5831/2940 1190/3043
f 693/1370 1098/1496 694/1468
f 713/675 709/696 697/756
f 1650/1075 1553/996 1560/1058
f 286/2957 1214/2859 5831/2940
f 716/521 1844/502 1849/454
f 1182/2842 6215/2739 1214/2859
f 1674/196 1675/158 1600/209
f 1190/3043 260/2978 286/2957
f 1167/2745 6215/2739 1181/2622
f 4388/636 4498/589 4429/561
f 2899/721 4498/589 4388/636
f 5712/1668 2866/1710 4247/1560
f 712/1070 780/1042 741/1136
f 696/1083 686/1296 698/1263
f 686/1296 693/1370 698/1263
f 686/1296 1098/1496 693/1370
f 1101/1654 1112/1280 1119/1538
f 1109/1550 1101/1654 1110/1768
f 1101/1654 1119/1538 1104/1780
f 1101/1654 673/1912 1110/1768
f 673/1912 1100/1939 1110/1768
f 673/1912 1104/1780 1396/1937
f 1100/1939 673/1912 1102/2035
f 1396/1937 1060/2030 673/1912
f 1097/2032 1100/1939 1099/2070
f 1073/2084 1102/2035 673/1912
f 1073/2084 673/1912 1060/2030
f 1037/2688 1034/2654 1044/2550
f 1077/2177 1073/2084 1060/2030
f 1073/2084 1062/2233 1074/2113
f 1034/2654 1040/2503 1044/2550
f 5660/507 1737/493 1717/439
f 1073/2084 1074/2113 1102/2035
f 271/2953 1030/2809 587/2816
f 4498/589 4565/528 4429/561
f 278/3091 271/2953 597/3182
f 1820/187 1774/233 5668/242
f 1073/2084 1077/2177 1062/2233
f 4288/2154 1074/2113 1062/2233
f 1040/2503 1070/2552 1147/2502
f 1067/2624 1034/2654 1042/2685
f 1034/2654 1043/2762 1042/2685
f 5886/161 1531/207 1519/184
f 1030/2809 1043/2762 1034/2654
f 1013/2937 1030/2809 271/2953
f 1100/1939 1102/2035 1099/2070
f 1744/629 5842/711 1747/638
f 271/2953 1012/2973 1013/2937
f 781/661 697/756 709/696
f 1022/2567 1116/2441 1059/2614
f 1034/2654 1067/2624 1070/2552
f 4304/1325 3206/1316 3144/1391
f 3571/2286 4288/2154 1055/2310
f 1055/2310 1051/2400 3571/2286
f 1145/2417 1147/2502 1115/2507
f 1043/2762 1045/2715 1042/2685
f 1620/147 1593/220 1621/210
f 1021/2861 1043/2762 1030/2809
f 1013/2937 1012/2973 278/3091
f 4565/528 4498/589 1644/504
f 1700/205 1536/175 1701/167
f 1056/2345 1145/2417 1115/2507
f 5646/671 703/726 781/661
f 1046/2302 1380/2398 1072/2283
f 1043/2762 1024/2833 1045/2715
f 278/3091 951/3215 1013/2937
f 5822/1928 2823/1821 1928/1745
f 1619/252 1624/289 1594/305
f 1059/2614 1020/2795 1058/2691
f 1072/2283 1380/2398 1075/2352
f 1051/2400 1069/2443 982/2551
f 1116/2441 1056/2345 1115/2507
f 1147/2502 1070/2552 1115/2507
f 1097/2032 1099/2070 4288/2154
f 696/1083 780/1042 714/854
f 1815/1202 1096/1342 1119/1538
f 1112/1280 686/1296 1807/1019
f 1112/1280 5513/985 1815/1202
f 1112/1280 1815/1202 1119/1538
f 1815/1202 1414/948 5533/1120
f 6149/693 6150/799 1830/635
f 1699/311 1672/261 1673/349
f 787/1190 696/1083 698/1263
f 1807/1019 1806/788 6150/799
f 787/1190 780/1042 696/1083
f 5646/671 1803/833 714/854
f 1815/1202 5513/985 1414/948
f 696/1083 1803/833 1807/1019
f 1807/1019 686/1296 696/1083
f 5513/985 5617/768 1414/948
f 1812/655 1806/788 1803/833
f 1116/2441 1380/2398 1046/2302
f 6150/799 1806/788 1830/635
f 5646/671 1812/655 1803/833
f 1807/1019 6150/799 5513/985
f 1112/1280 1807/1019 5513/985
f 1807/1019 1803/833 1806/788
f 696/1083 714/854 1803/833
f 5646/671 1825/579 1812/655
f 1812/655 1830/635 1806/788
f 1815/1202 5533/1120 1096/1342
f 1812/655 1825/579 1850/555
f 5513/985 6150/799 6149/693
f 1850/555 1830/635 1812/655
f 5513/985 6149/693 5617/768
f 2841/1633 3143/1448 2842/1530
f 1070/2552 1067/2624 1115/2507
f 1045/2715 1020/2795 1059/2614
f 1004/2796 1045/2715 1024/2833
f 1006/3034 1024/2833 1021/2861
f 1013/2937 951/3215 1006/3034
f 4170/1539 5700/1610 4205/1506
f 5074/214 5093/248 1617/189
f 1141/2219 1130/2172 1196/2221
f 1129/2099 1287/2144 1196/2221
f 1312/1835 1292/1790 1286/1933
f 1149/2295 1287/2144 1295/2170
f 1407/821 5839/817 6117/727
f 1121/2346 1196/2221 1149/2295
f 1196/2221 1143/2294 1141/2219
f 1129/2099 1302/1985 1391/2037
f 1391/2037 1287/2144 1129/2099
f 1196/2221 1130/2172 1129/2099
f 1149/2295 1196/2221 1287/2144
f 1284/1871 6341/1901 1302/1985
f 1292/1790 1306/1906 1286/1933
f 1149/2295 1295/2170 1198/2264
f 1287/2144 1132/2031 1295/2170
f 1287/2144 1391/2037 1132/2031
f 1312/1835 6341/1901 1284/1871
f 1673/349 1671/315 1584/381
f 1292/1790 1311/1694 1290/1818
f 1286/1933 1302/1985 6341/1901
f 1312/1835 1286/1933 6341/1901
f 1295/2170 1289/2116 1198/2264
f 1121/2346 1143/2294 1196/2221
f 1128/2055 1129/2099 1130/2172
f 1306/1906 1292/1790 1290/1818
f 1132/2031 1280/1924 1289/2116
f 4063/292 1829/246 1026/275
f 1132/2031 1289/2116 1295/2170
f 1302/1985 1286/1933 1391/2037
f 1132/2031 1286/1933 1306/1906
f 1141/2219 1143/2294 1130/2172
f 1286/1933 1132/2031 1391/2037
f 1280/1924 1132/2031 1306/1906
f 1290/1818 1280/1924 1306/1906
f 1075/2352 1051/2400 1055/2310
f 1104/1780 673/1912 1101/1654
f 5646/671 781/661 782/588
f 705/441 1844/502 681/508
f 1059/2614 1116/2441 1115/2507
f 686/1296 1112/1280 1109/1550
f 3570/2096 687/1885 5525/1884
f 1067/2624 1045/2715 1059/2614
f 3166/1201 5815/1228 3192/1115
f 1006/3034 1021/2861 1013/2937
f 5852/1040 1796/823 1265/928
f 1828/191 1781/173 5670/127
f 258/3029 257/3079 280/3099
f 1022/2567 1380/2398 1116/2441
f 1051/2400 1048/2512 3568/2391
f 1004/2796 1020/2795 1045/2715
f 6041/481 1528/482 1517/425
f 1013/2937 1021/2861 1030/2809
f 600/3155 288/3153 349/3239
f 1004/2796 1024/2833 1007/2857
f 1034/2654 1070/2552 1040/2503
f 1062/2233 1055/2310 4288/2154
f 706/576 1844/502 716/521
f 1536/175 1529/141 1701/167
f 258/3029 267/2968 262/2974
f 2100/1772 2866/1710 2865/1840
f 268/3037 262/2974 594/2988
f 603/3104 287/3149 257/3079
f 278/3091 1012/2973 271/2953
f 1051/2400 982/2551 1048/2512
f 5789/3042 242/3170 5798/3084
f 1928/1745 2823/1821 2841/1633
f 604/3211 582/3154 514/3233
f 1069/2443 1380/2398 1022/2567
f 3214/1950 3212/1971 2865/1840
f 519/3272 250/3238 236/3263
f 1059/2614 1058/2691 1022/2567
f 3571/2286 1051/2400 3568/2391
f 531/3172 545/3271 543/3195
f 1006/3034 963/2955 1007/2857
f 982/2551 1069/2443 1022/2567
f 3658/1817 2865/1840 2866/1710
f 1075/2352 1380/2398 1069/2443
f 1147/2502 1145/2417 1040/2503
f 1075/2352 1069/2443 1051/2400
f 250/3238 175/3191 236/3263
f 259/3162 529/3165 285/3122
f 1724/107 1721/90 1703/34
f 5762/1443 4170/1539 4205/1506
f 2866/1710 5712/1668 3658/1817
f 246/3175 189/3265 179/3266
f 594/2988 6228/3040 5411/3056
f 1020/2795 1007/2857 963/2955
f 686/1296 1109/1550 1098/1496
f 5802/1997 3252/1931 3749/1880
f 1097/2032 3570/2096 5525/1884
f 5712/1668 3211/1777 3658/1817
f 256/3094 521/3144 603/3104
f 1028/2851 1022/2567 1058/2691
f 3658/1817 3252/1931 3214/1950
f 1592/215 1624/289 1593/220
f 4170/1539 5762/1443 4247/1560
f 1022/2567 6229/2656 982/2551
f 1109/1550 1112/1280 1101/1654
f 1024/2833 1006/3034 1007/2857
f 2620/2220 2765/2131 2919/2207
f 1058/2691 1020/2795 1028/2851
f 3211/1777 5712/1668 3391/1689
f 690/1805 687/1885 1479/1875
f 3211/1777 3252/1931 3658/1817
f 184/3385 505/3333 178/3297
f 279/3103 579/3128 343/3276
f 3391/1689 3358/1808 3211/1777
f 3736/1545 5712/1668 4247/1560
f 6210/3269 524/3314 6245/3275
f 5712/1668 3736/1545 3391/1689
f 1075/2352 1062/2233 1072/2283
f 1075/2352 1055/2310 1062/2233
f 3272/2079 3423/2127 5724/2022
f 3744/1338 4303/1171 5697/1324
f 4288/2154 1099/2070 1074/2113
f 1620/147 1598/124 1592/215
f 1059/2614 1115/2507 1067/2624
f 5411/3056 603/3104 1578/3076
f 1109/1550 1110/1768 1113/1701
f 1034/2654 1037/2688 1030/2809
f 5928/3443 249/3408 184/3385
f 5802/1997 3272/2079 3252/1931
f 179/3266 242/3170 246/3175
f 1021/2861 1024/2833 1043/2762
f 293/3003 273/3066 275/3020
f 3269/1093 4303/1171 3735/1010
f 1928/1745 3118/1837 5822/1928
f 3736/1545 4247/1560 5709/1425
f 5612/322 1783/333 1736/284
f 1110/1768 1100/1939 1063/1792
f 1102/2035 1074/2113 1099/2070
f 1113/1701 985/1650 1109/1550
f 519/3272 306/3334 528/3249
f 277/3064 271/2953 275/3020
f 603/3104 601/3194 287/3149
f 579/3128 288/3153 600/3155
f 1030/2809 1037/2688 587/2816
f 273/3066 579/3128 279/3103
f 1042/2685 1045/2715 1067/2624
f 3233/1580 3391/1689 3736/1545
f 3749/1880 3358/1808 2818/1742
f 1020/2795 1004/2796 1007/2857
f 5809/2155 2812/2262 2623/2175
f 604/3211 292/3183 582/3154
f 1116/2441 1046/2302 1056/2345
f 587/2816 272/2914 271/2953
f 1798/822 5737/876 6076/915
f 591/2964 275/3020 272/2914
f 288/3153 579/3128 280/3099
f 607/3235 601/3194 6245/3275
f 3568/2391 685/2268 3571/2286
f 279/3103 275/3020 273/3066
f 339/3316 279/3103 343/3276
f 212/3392 5907/3343 289/3320
f 1621/210 1593/220 1619/252
f 1072/2283 1062/2233 1077/2177
f 2826/1188 5815/1228 2832/1313
f 6238/3373 520/3363 524/3314
f 1022/2567 1028/2851 6229/2656
f 515/3338 6245/3275 616/3341
f 275/3020 591/2964 293/3003
f 524/3314 616/3341 6245/3275
f 266/2910 591/2964 272/2914
f 280/3099 531/3172 288/3153
f 2809/2249 3423/2127 2623/2175
f 531/3172 543/3195 288/3153
f 4318/782 4067/872 2899/721
f 1621/210 1687/169 1620/147
f 1269/1737 985/1650 1063/1792
f 3233/1580 2818/1742 3391/1689
f 6217/3089 522/3127 259/3162
f 1100/1939 1097/2032 5525/1884
f 5411/3056 256/3094 603/3104
f 284/3222 175/3191 250/3238
f 524/3314 520/3363 616/3341
f 4288/2154 3570/2096 1097/2032
f 1098/1496 1109/1550 985/1650
f 5697/1324 4304/1325 5709/1425
f 177/3349 249/3408 516/3470
f 531/3172 280/3099 287/3149
f 287/3149 280/3099 257/3079
f 258/3029 262/2974 268/3037
f 1619/252 5699/212 1621/210
f 5854/1505 3120/1479 3224/1404
f 3736/1545 5709/1425 5780/1472
f 5780/1472 3233/1580 3736/1545
f 522/3127 175/3191 261/3190
f 4067/872 4154/930 3656/997
f 685/2268 3570/2096 3571/2286
f 6238/3373 525/3310 6230/3424
f 3269/1093 3656/997 3606/1053
f 543/3195 349/3239 288/3153
f 306/3334 516/3470 6230/3424
f 601/3194 604/3211 6245/3275
f 5697/1324 3657/1204 4304/1325
f 259/3162 285/3122 6217/3089
f 524/3314 525/3310 6238/3373
f 525/3310 306/3334 6230/3424
f 264/2828 272/2914 587/2816
f 1672/261 1700/205 1668/216
f 262/2974 266/2910 263/2864
f 604/3211 601/3194 292/3183
f 258/3029 293/3003 267/2968
f 257/3079 5411/3056 1578/3076
f 1269/1737 1270/1698 1008/1628
f 1600/209 1687/169 5699/212
f 6313/1435 1252/1350 1242/1406
f 1655/122 1620/147 1687/169
f 5411/3056 268/3037 594/2988
f 1798/822 6076/915 1753/892
f 1252/1350 6085/1290 1242/1406
f 1624/289 1611/392 1594/305
f 1643/345 1671/315 1669/277
f 1256/1436 6109/1482 1242/1406
f 349/3239 579/3128 600/3155
f 1600/209 5699/212 1619/252
f 1543/1230 6085/1290 5944/1184
f 1594/305 1645/271 1619/252
f 277/3064 597/3182 271/2953
f 2892/228 5418/128 5408/186
f 1242/1406 1248/1336 1256/1436
f 257/3079 1578/3076 603/3104
f 272/2914 264/2828 266/2910
f 5947/1145 1543/1230 5945/1113
f 543/3195 545/3271 349/3239
f 5612/322 1491/260 1733/310
f 1238/1149 1239/1266 5947/1145
f 1250/1337 1241/1410 1256/1436
f 293/3003 591/2964 267/2968
f 603/3104 521/3144 601/3194
f 1250/1337 1543/1230 1239/1266
f 1551/1227 1239/1266 1238/1149
f 518/2919 6194/3039 517/3004
f 1687/169 1600/209 1606/156
f 1687/169 1606/156 1655/122
f 515/3338 607/3235 6245/3275
f 1602/586 1622/497 1603/515
f 258/3029 273/3066 293/3003
f 6194/3039 283/3080 6228/3040
f 6217/3089 260/2978 1190/3043
f 189/3265 289/3320 179/3266
f 1551/1227 1245/1312 1239/1266
f 1602/586 1566/610 1622/497
f 1588/331 1594/305 1611/392
f 607/3235 545/3271 531/3172
f 1619/252 1645/271 1600/209
f 1588/331 1645/271 1594/305
f 1551/1227 1238/1149 1550/1151
f 3995/630 1602/586 1603/515
f 1581/627 1603/515 1644/504
f 3995/630 1577/708 1602/586
f 514/3233 259/3162 528/3249
f 6228/3040 594/2988 517/3004
f 1577/708 1566/610 1602/586
f 4498/589 2899/721 1581/627
f 292/3183 521/3144 582/3154
f 522/3127 261/3190 259/3162
f 6210/3269 514/3233 524/3314
f 2371/2397 2731/2394 2803/2437
f 287/3149 607/3235 531/3172
f 1675/158 1606/156 1600/209
f 1577/708 3995/630 4462/751
f 1655/122 1606/156 1596/130
f 256/3094 5411/3056 6228/3040
f 1579/786 1566/610 1577/708
f 1581/627 4462/751 3995/630
f 3975/851 1577/708 4462/751
f 518/2919 517/3004 594/2988
f 1579/786 1577/708 3692/832
f 3142/1457 3927/1245 3744/1338
f 517/3004 6194/3039 6228/3040
f 1576/766 1566/610 1579/786
f 6228/3040 283/3080 256/3094
f 515/3338 545/3271 607/3235
f 1611/392 1589/405 1588/331
f 1669/277 1600/209 1645/271
f 1674/196 1600/209 1590/226
f 514/3233 6210/3269 604/3211
f 1669/277 1645/271 1588/331
f 3881/1951 4/1991 5710/2071
f 1560/1058 1561/934 1565/1088
f 1589/405 1611/392 1622/497
f 3976/838 4462/751 1581/627
f 524/3314 514/3233 525/3310
f 1579/786 3692/832 1631/935
f 268/3037 5411/3056 257/3079
f 1236/1333 1567/1208 1212/1343
f 1241/1410 1243/1365 1240/1429
f 6075/794 1745/715 1749/795
f 5745/1631 5733/1758 5750/1682
f 4110/1420 1236/1333 1212/1343
f 3920/1308 4092/1461 1212/1343
f 3090/1017 3975/851 4013/867
f 1655/122 1596/130 1583/88
f 3975/851 1631/935 3692/832
f 1596/130 1606/156 1675/158
f 1212/1343 1567/1208 3920/1308
f 1251/1220 1630/1140 1567/1208
f 1567/1208 1565/1088 1635/1099
f 3090/1017 4013/867 3976/838
f 5373/134 1820/187 5441/165
f 529/3165 259/3162 514/3233
f 3125/1644 2843/1574 5854/1505
f 285/3122 529/3165 582/3154
f 363/458 1748/445 1760/517
f 262/2974 267/2968 266/2910
f 1550/1151 1238/1149 1560/1058
f 1237/1501 1231/1417 4110/1420
f 257/3079 258/3029 268/3037
f 1590/226 1668/216 1674/196
f 1669/277 1588/331 1643/345
f 1589/405 1622/497 1629/463
f 1631/935 3975/851 3090/1017
f 1632/1134 1568/939 1631/935
f 349/3239 343/3276 579/3128
f 1568/939 1632/1134 1635/1099
f 3244/2337 3451/2227 2809/2249
f 260/2978 6217/3089 6194/3039
f 594/2988 262/2974 263/2864
f 528/3249 525/3310 514/3233
f 260/2978 6194/3039 518/2919
f 1718/462 6012/393 1476/473
f 263/2864 518/2919 594/2988
f 601/3194 521/3144 292/3183
f 4388/636 3682/550 3678/679
f 285/3122 582/3154 283/3080
f 3090/1017 1632/1134 1631/935
f 306/3334 525/3310 528/3249
f 1690/123 1596/130 1675/158
f 267/2968 591/2964 266/2910
f 519/3272 505/3333 177/3349
f 1448/526 1648/480 1555/562
f 1590/226 1600/209 1669/277
f 1596/130 1690/123 1583/88
f 1675/158 1674/196 1701/167
f 1635/1099 1632/1134 3920/1308
f 185/3536 5796/3477 231/3489
f 6194/3039 6217/3089 285/3122
f 256/3094 582/3154 521/3144
f 6245/3275 604/3211 6210/3269
f 5418/128 2892/228 3538/163
f 261/3190 528/3249 259/3162
f 579/3128 273/3066 280/3099
f 1589/405 1643/345 1588/331
f 279/3103 277/3064 275/3020
f 3140/1377 5854/1505 3224/1404
f 1560/1058 1553/996 1554/900
f 1226/1624 1224/1685 1234/1762
f 1650/1075 1560/1058 1238/1149
f 1419/998 1553/996 1650/1075
f 1226/1624 1237/1501 1552/1600
f 1544/921 1553/996 1419/998
f 514/3233 582/3154 529/3165
f 1224/1685 1226/1624 1552/1600
f 1568/939 1576/766 1579/786
f 1589/405 1584/381 1643/345
f 261/3190 284/3222 528/3249
f 1248/1336 1250/1337 1256/1436
f 1668/216 1590/226 6027/250
f 1590/226 1669/277 6027/250
f 177/3349 306/3334 519/3272
f 1584/381 1589/405 1629/463
f 4092/1461 1552/1600 1237/1501
f 1566/610 1629/463 1622/497
f 5778/2475 2296/2555 2801/2536
f 3841/1594 4171/1706 3820/1678
f 519/3272 528/3249 284/3222
f 1233/1395 1243/1365 1245/1312
f 2324/2774 3325/2650 2649/2666
f 272/2914 275/3020 271/2953
f 231/3489 203/3442 198/3535
f 280/3099 273/3066 258/3029
f 1488/75 1503/129 1724/107
f 522/3127 6217/3089 1190/3043
f 266/2910 264/2828 263/2864
f 261/3190 175/3191 284/3222
f 177/3349 516/3470 306/3334
f 2139/65 1583/88 1690/123
f 1701/167 1690/123 1675/158
f 231/3489 5796/3477 186/3421
f 284/3222 250/3238 519/3272
f 5717/2024 3245/2129 1304/2039
f 607/3235 287/3149 601/3194
f 1562/1571 1552/1600 4092/1461
f 3927/1245 3868/1386 1632/1134
f 203/3442 231/3489 186/3421
f 5738/1766 1224/1685 5739/1700
f 1644/504 4498/589 1581/627
f 277/3064 339/3316 597/3182
f 1554/900 1561/934 1560/1058
f 1561/934 1556/762 1576/766
f 5798/3084 522/3127 1190/3043
f 1553/996 1544/921 1554/900
f 5798/3084 175/3191 522/3127
f 5739/1700 1552/1600 1563/1619
f 5947/1145 1650/1075 1238/1149
f 1650/1075 1559/1034 1419/998
f 1562/1571 1563/1619 1552/1600
f 1671/315 1643/345 1584/381
f 1555/562 1646/653 1428/672
f 3142/1457 3868/1386 3927/1245
f 1668/216 6027/250 1672/261
f 1671/315 6027/250 1669/277
f 285/3122 283/3080 6194/3039
f 1642/408 1584/381 1629/463
f 208/3387 186/3421 219/3331
f 1629/463 1566/610 1555/562
f 6197/3253 6054/3305 178/3297
f 203/3442 186/3421 208/3387
f 228/3352 6340/3466 203/3442
f 6197/3253 236/3263 255/3214
f 3305/2163 2860/2197 3550/2097
f 3606/1053 3657/1204 3269/1093
f 1190/3043 5831/2940 5798/3084
f 248/3173 175/3191 5798/3084
f 248/3173 179/3266 255/3214
f 255/3214 175/3191 248/3173
f 1726/131 1728/208 1730/198
f 1521/59 2139/65 1686/92
f 249/3408 177/3349 505/3333
f 2139/65 1690/123 1686/92
f 1690/123 1701/167 1529/141
f 5738/1766 5739/1700 5740/1799
f 516/3470 249/3408 90/3537
f 505/3333 519/3272 236/3263
f 1563/1619 3923/1684 5739/1700
f 1562/1571 3923/1684 1563/1619
f 1755/558 5658/569 1761/509
f 3868/1386 3142/1457 5704/1533
f 3142/1457 3744/1338 4141/1460
f 3560/2489 1161/2513 3556/2576
f 229/3308 208/3387 219/3331
f 228/3352 203/3442 208/3387
f 1555/562 1566/610 1646/653
f 1566/610 1576/766 1646/653
f 1231/1417 1233/1395 1236/1333
f 1561/934 1554/900 1556/762
f 3570/2096 995/2100 687/1885
f 1556/762 1646/653 1576/766
f 1547/803 1554/900 1544/921
f 5740/1799 3647/1891 5738/1766
f 5740/1799 5739/1700 3923/1684
f 2195/974 1419/998 1559/1034
f 3626/1888 5723/1786 3623/1902
f 1453/931 1544/921 2195/974
f 5831/2940 5789/3042 5798/3084
f 175/3191 255/3214 236/3263
f 505/3333 184/3385 249/3408
f 582/3154 256/3094 283/3080
f 90/3537 249/3408 5928/3443
f 236/3263 178/3297 505/3333
f 1240/1429 1233/1395 1230/1529
f 1672/261 6027/250 1671/315
f 1642/408 1673/349 1584/381
f 5726/1879 5755/1811 3881/1951
f 1648/480 1629/463 1555/562
f 3897/1598 3868/1386 5704/1533
f 2556/2465 3454/2515 5800/2471
f 4205/1506 4161/1515 4141/1460
f 1248/1336 1543/1230 1250/1337
f 6/3460 6196/3432 180/3485
f 242/3170 179/3266 248/3173
f 3975/851 3692/832 1577/708
f 236/3263 6197/3253 178/3297
f 1755/558 1761/509 1737/493
f 1241/1410 1278/1516 1279/1557
f 229/3308 219/3331 189/3265
f 3911/1614 5723/1786 4171/1706
f 1686/92 1658/82 1521/59
f 246/3175 242/3170 5789/3042
f 1686/92 1690/123 1529/141
f 179/3266 6197/3253 255/3214
f 6/3460 5928/3443 184/3385
f 1658/82 1522/45 1521/59
f 184/3385 178/3297 6195/3371
f 6334/1294 1551/1227 1251/1220
f 227/3324 237/3370 228/3352
f 213/3383 237/3370 227/3324
f 3647/1891 5740/1799 5749/1911
f 3923/1684 3810/1784 5740/1799
f 1546/846 1544/921 1453/931
f 6200/3468 181/3400 212/3392
f 3090/1017 4303/1171 3927/1245
f 1556/762 1554/900 1547/803
f 5704/1533 5730/1635 3897/1598
f 1556/762 1428/672 1646/653
f 1544/921 1546/846 1547/803
f 1245/1312 1243/1365 1239/1266
f 6054/3305 6197/3253 179/3266
f 1559/1034 5947/1145 5945/1113
f 184/3385 6196/3432 6/3460
f 1784/819 1757/826 5769/912
f 2195/974 1559/1034 1453/931
f 6054/3305 6195/3371 178/3297
f 3814/1959 5784/2008 3817/2057
f 6196/3432 184/3385 6195/3371
f 1672/261 1688/211 1700/205
f 1629/463 1648/480 1532/423
f 5777/1537 3841/1594 3142/1457
f 3841/1594 3911/1614 4171/1706
f 1240/1429 1243/1365 1233/1395
f 1673/349 1672/261 1671/315
f 1642/408 1532/423 1673/349
f 1455/516 1666/461 1528/482
f 179/3266 5907/3343 6054/3305
f 6054/3305 5907/3343 6195/3371
f 1753/892 1752/993 5769/912
f 1236/1333 1233/1395 6334/1294
f 1843/512 1823/483 1850/555
f 4161/1515 4205/1506 3911/1614
f 3556/2576 1161/2513 1174/2608
f 6195/3371 281/3422 6196/3432
f 228/3352 5905/3241 227/3324
f 6200/3468 180/3485 281/3422
f 1755/558 1744/629 5658/569
f 4304/1325 3144/1391 5709/1425
f 1411/890 1418/938 1712/983
f 1251/1220 1551/1227 1550/1151
f 5907/3343 179/3266 289/3320
f 1540/590 1555/562 1428/672
f 1648/480 1676/451 1532/423
f 1636/404 1644/504 1603/515
f 1648/480 1448/526 1676/451
f 1520/61 1523/19 1522/45
f 289/3320 189/3265 219/3331
f 281/3422 180/3485 6196/3432
f 1476/473 6012/393 1484/429
f 245/3388 6195/3371 5907/3343
f 1732/177 1759/245 1764/213
f 281/3422 6195/3371 181/3400
f 1689/241 1580/190 1688/211
f 3810/1784 3897/1598 3824/1725
f 3142/1457 3841/1594 4159/1565
f 1236/1333 6334/1294 1251/1220
f 1630/1140 1560/1058 1565/1088
f 1568/939 1635/1099 1561/934
f 3824/1725 3897/1598 5730/1635
f 1658/82 1686/92 1529/141
f 4159/1565 3820/1678 5730/1635
f 1408/958 1434/1023 1397/1074
f 3841/1594 3820/1678 4159/1565
f 2860/2197 3713/2106 3550/2097
f 5905/3241 229/3308 6189/3227
f 5905/3241 240/3313 227/3324
f 1540/590 1541/580 1448/526
f 1428/672 1537/639 1540/590
f 1453/931 1549/965 1435/880
f 2140/2497 3325/2650 3492/2605
f 687/1885 995/2100 866/1935
f 1557/1044 1549/965 1559/1034
f 279/3103 339/3316 277/3064
f 1557/1044 1246/1094 1434/1023
f 5780/1472 3143/1448 3233/1580
f 1660/386 1532/423 1676/451
f 3810/1784 3844/1921 5749/1911
f 1448/526 6041/481 1676/451
f 1834/424 5460/384 5431/336
f 2164/55 1523/19 1520/61
f 1241/1410 1239/1266 1243/1365
f 219/3331 212/3392 289/3320
f 5907/3343 181/3400 245/3388
f 245/3388 181/3400 6195/3371
f 181/3400 6200/3468 281/3422
f 1531/207 5886/161 1580/190
f 1689/241 1531/207 1580/190
f 1529/141 5886/161 1515/126
f 5727/1831 3810/1784 3824/1725
f 3667/1763 3824/1725 5730/1635
f 5730/1635 3820/1678 3667/1763
f 5905/3241 228/3352 229/3308
f 5745/1631 1226/1624 1234/1762
f 5907/3343 212/3392 181/3400
f 1549/965 1453/931 1559/1034
f 3735/1010 3090/1017 3976/838
f 5757/1690 1350/1730 5700/1610
f 1429/839 1454/840 1710/758
f 210/3107 240/3313 5905/3241
f 210/3107 5938/3158 215/3325
f 228/3352 237/3370 6340/3466
f 1541/580 5748/540 1448/526
f 2556/2465 5800/2471 5770/2445
f 1428/672 1382/733 1537/639
f 3646/2375 5731/2285 5693/2308
f 1710/758 1382/733 1429/839
f 5801/1940 3749/1880 2823/1821
f 1549/965 1557/1044 1434/1023
f 1424/1119 1434/1023 1246/1094
f 1113/1701 1110/1768 1063/1792
f 1661/307 1689/241 1699/311
f 1699/311 1660/386 1661/307
f 1656/442 1676/451 6041/481
f 3844/1921 3810/1784 5727/1831
f 5727/1831 3824/1725 3667/1763
f 5755/1811 3667/1763 3820/1678
f 1726/131 1704/43 1721/90
f 3911/1614 1350/1730 5723/1786
f 5798/3084 242/3170 248/3173
f 6206/2928 5789/3042 5831/2940
f 5745/1631 1230/1529 1226/1624
f 5708/523 1787/427 5362/500
f 3841/1594 5777/1537 3911/1614
f 5789/3042 5891/3111 246/3175
f 5886/161 1519/184 1515/126
f 1684/110 5915/104 1520/61
f 3674/1826 5711/1858 1350/1730
f 3245/2129 3451/2227 3293/2239
f 699/1384 701/1542 702/1517
f 3476/2530 1161/2513 3134/2390
f 5730/1635 5704/1533 4159/1565
f 2556/2465 2318/2572 3454/2515
f 3844/1921 5727/1831 5736/1943
f 5809/2155 5802/1997 5812/2014
f 5726/1879 5727/1831 3667/1763
f 1630/1140 1251/1220 1550/1151
f 1233/1395 1237/1501 1230/1529
f 1508/597 5748/540 1541/580
f 1561/934 1576/766 1568/939
f 1541/580 1537/639 1508/597
f 1135/2107 1155/2222 1079/2145
f 6273/2157 1078/2093 1079/2145
f 1710/758 1383/682 1382/733
f 1434/1023 1436/883 1549/965
f 1424/1119 1397/1074 1434/1023
f 1420/1139 1394/1141 1402/1073
f 1661/307 1511/255 1689/241
f 1046/2302 6273/2157 1155/2222
f 1687/169 1621/210 5699/212
f 1656/442 1517/425 1660/386
f 1139/2195 1056/2345 1155/2222
f 1139/2195 1155/2222 1135/2107
f 1046/2302 1155/2222 1056/2345
f 6041/481 5748/540 1528/482
f 1782/603 1792/605 5728/556
f 6273/2157 1046/2302 6256/2236
f 1135/2107 1079/2145 1078/2093
f 1828/191 5626/217 1026/275
f 1143/2294 1056/2345 1139/2195
f 1531/207 1511/255 1519/184
f 1515/126 1519/184 1683/153
f 1128/2055 1139/2195 1135/2107
f 1683/153 1684/110 1515/126
f 1451/570 1538/621 1459/585
f 6256/2236 1046/2302 1072/2283
f 1510/152 5915/104 1684/110
f 1155/2222 6273/2157 1079/2145
f 1739/980 6164/1003 1780/870
f 6273/2157 6256/2236 1077/2177
f 1139/2195 1128/2055 1130/2172
f 1077/2177 6256/2236 1072/2283
f 1497/527 1498/513 1427/559
f 1204/927 1716/1020 1739/980
f 4063/292 4064/301 5356/227
f 1139/2195 1130/2172 1143/2294
f 1145/2417 1056/2345 1143/2294
f 5785/2788 2649/2666 2335/2674
f 189/3265 6189/3227 229/3308
f 1464/724 1383/682 1710/758
f 5723/1786 1350/1730 5711/1858
f 1432/742 1413/674 1462/685
f 1402/1073 1397/1074 1420/1139
f 1661/307 5741/306 1511/255
f 1517/425 1461/361 1660/386
f 5915/104 1469/135 2163/102
f 6109/1482 6313/1435 1242/1406
f 1494/109 5137/77 2163/102
f 1212/1343 4092/1461 4110/1420
f 1191/2335 1154/2444 1198/2264
f 1044/2550 1040/2503 1142/2435
f 518/2919 589/2810 1162/2814
f 1149/2295 6219/2452 1121/2346
f 1186/2470 1170/2539 1158/2476
f 1179/2687 1180/2649 6215/2739
f 1158/2476 1170/2539 1197/2521
f 1195/2358 1209/2311 1188/2411
f 1121/2346 6080/2377 1143/2294
f 274/2738 1164/2735 263/2864
f 1121/2346 6219/2452 1142/2435
f 1189/2524 1154/2444 1158/2476
f 1180/2649 1172/2545 1181/2622
f 1182/2842 518/2919 1162/2814
f 1482/511 1412/564 1498/513
f 1036/2607 1044/2550 6219/2452
f 1513/542 1508/597 1452/573
f 1408/958 1426/861 1436/883
f 6222/2765 1152/2709 1035/2683
f 1441/1090 1440/1138 1738/1069
f 5528/446 4269/396 5368/422
f 1406/999 1397/1074 1402/1073
f 1176/2506 1188/2411 1185/2385
f 1699/311 1689/241 1672/261
f 1365/1125 1441/1090 1403/1052
f 1527/304 1481/263 1511/255
f 1154/2444 6219/2452 1149/2295
f 5565/359 1804/323 1868/402
f 1461/361 1517/425 1652/417
f 1185/2385 1227/2330 1208/2240
f 1513/542 1455/516 1528/482
f 1037/2688 1152/2709 587/2816
f 1517/425 1528/482 1652/417
f 2860/2197 2852/2188 3713/2106
f 1469/135 5915/104 1510/152
f 1163/2629 1165/2643 1164/2735
f 1666/461 1514/520 1466/456
f 1143/2294 6080/2377 1145/2417
f 5853/943 1794/752 1796/823
f 1153/2581 1154/2444 1194/2565
f 1424/1119 1253/1163 1397/1074
f 6219/2452 1148/2553 1036/2607
f 1121/2346 1142/2435 6080/2377
f 1520/61 5140/83 1684/110
f 1182/2842 1162/2814 6214/2783
f 6219/2452 1154/2444 1148/2553
f 1186/2470 1172/2545 1169/2632
f 1685/199 1519/184 1481/263
f 1683/153 1685/199 1510/152
f 1227/2330 1188/2411 1209/2311
f 1688/211 1672/261 1689/241
f 6164/1003 6165/910 1780/870
f 1036/2607 1148/2553 1035/2683
f 1044/2550 1142/2435 6219/2452
f 1035/2683 1152/2709 1036/2607
f 1148/2553 1154/2444 1153/2581
f 1185/2385 1188/2411 1227/2330
f 1398/717 1449/646 1464/724
f 1149/2295 1198/2264 1154/2444
f 1445/792 1426/861 1444/777
f 1539/889 1408/958 1406/999
f 1144/2427 1040/2503 1145/2417
f 1713/1006 1403/1052 1441/1090
f 1437/970 1402/1073 1403/1052
f 1035/2683 1148/2553 1153/2581
f 1662/340 1481/263 1527/304
f 1158/2476 1154/2444 1191/2335
f 1657/357 1527/304 5741/306
f 1153/2581 1194/2565 1156/2590
f 1152/2709 1037/2688 1036/2607
f 1514/520 1455/516 1452/573
f 1195/2358 1188/2411 1186/2470
f 1652/417 1528/482 1666/461
f 6080/2377 1144/2427 1145/2417
f 1461/361 5741/306 1661/307
f 1153/2581 1157/2636 1035/2683
f 1486/96 1526/78 1494/109
f 1209/2311 1200/2208 1266/2200
f 1194/2565 1154/2444 1189/2524
f 6080/2377 1142/2435 1144/2427
f 1738/1069 1713/1006 1441/1090
f 1773/325 5462/376 1315/318
f 1035/2683 264/2828 6222/2765
f 1666/461 1466/456 1480/411
f 587/2816 6222/2765 264/2828
f 1044/2550 1036/2607 1037/2688
f 1685/199 1481/263 1679/243
f 5140/83 1658/82 1515/126
f 1474/176 1510/152 1685/199
f 1753/892 6076/915 1752/993
f 1820/187 5626/217 5441/165
f 1035/2683 274/2738 264/2828
f 1191/2335 1186/2470 1158/2476
f 1153/2581 1156/2590 1157/2636
f 1531/207 1689/241 1511/255
f 3428/285 1858/321 2892/228
f 3428/285 2892/228 5408/186
f 5945/1113 1246/1094 1557/1044
f 1158/2476 1197/2521 1189/2524
f 1538/621 1409/620 1459/585
f 587/2816 1152/2709 6222/2765
f 6037/642 1744/629 1755/558
f 1157/2636 1156/2590 1194/2565
f 1742/776 1714/725 5839/817
f 274/2738 1157/2636 1163/2629
f 1197/2521 1151/2569 1189/2524
f 1195/2358 1186/2470 1191/2335
f 1761/509 5841/436 1737/493
f 274/2738 1035/2683 1157/2636
f 1186/2470 1169/2632 1170/2539
f 1780/870 1749/795 1742/776
f 1767/383 5643/297 1783/333
f 1144/2427 1142/2435 1040/2503
f 274/2738 263/2864 264/2828
f 1765/67 5131/39 5875/87
f 1195/2358 1191/2335 1200/2208
f 274/2738 1163/2629 1164/2735
f 1197/2521 1170/2539 1151/2569
f 1449/646 1452/573 1508/597
f 1163/2629 1189/2524 1151/2569
f 1170/2539 1169/2632 1165/2643
f 1454/840 1436/883 1465/800
f 1188/2411 1172/2545 1186/2470
f 1200/2208 1209/2311 1195/2358
f 1724/107 1727/139 1721/90
f 1534/593 1452/573 1449/646
f 1444/777 1398/717 1445/792
f 1151/2569 1170/2539 1165/2643
f 1151/2569 1165/2643 1163/2629
f 6224/2736 1165/2643 1169/2632
f 1514/520 1452/573 1534/593
f 1539/889 1406/999 1437/970
f 1169/2632 1172/2545 1180/2649
f 1209/2311 1266/2200 1227/2330
f 1527/304 1657/357 1662/340
f 1666/461 1480/411 1652/417
f 6017/41 2164/55 5137/77
f 1172/2545 1188/2411 1176/2506
f 5670/127 1865/86 5192/138
f 589/2810 263/2864 1164/2735
f 1746/574 5758/532 1816/591
f 5369/358 5368/422 4269/396
f 6224/2736 1164/2735 1165/2643
f 6224/2736 1169/2632 1168/2737
f 1858/321 3428/285 1832/354
f 1527/304 1511/255 5741/306
f 1169/2632 1180/2649 1179/2687
f 5342/180 5408/186 3160/119
f 1172/2545 1176/2506 1181/2622
f 1786/678 5545/718 1796/823
f 1181/2622 6215/2739 1180/2649
f 1514/520 1534/593 1395/566
f 518/2919 263/2864 589/2810
f 1738/1069 1716/1020 1712/983
f 589/2810 1164/2735 6224/2736
f 1438/907 1437/970 1713/1006
f 5431/336 5369/358 4269/396
f 1442/522 1514/520 1395/566
f 1208/2240 1227/2330 1266/2200
f 1179/2687 1168/2737 1169/2632
f 1486/96 1493/144 1503/129
f 6214/2783 6224/2736 1168/2737
f 1486/96 1488/75 1478/51
f 1660/386 1699/311 1673/349
f 6224/2736 1162/2814 589/2810
f 1469/135 1493/144 1494/109
f 5460/384 1836/430 1856/416
f 1534/593 1457/676 1538/621
f 5460/384 1856/416 1832/354
f 1179/2687 6215/2739 1168/2737
f 1832/354 3428/285 4270/259
f 6214/2783 1168/2737 1182/2842
f 6224/2736 6214/2783 1162/2814
f 1182/2842 1168/2737 6215/2739
f 5342/180 4270/259 5408/186
f 5631/150 1765/67 1770/145
f 260/2978 518/2919 1182/2842
f 5639/278 5626/217 5668/242
f 5677/503 1859/455 5702/465
f 3160/119 2988/178 5342/180
f 1163/2629 1194/2565 1189/2524
f 1712/983 1713/1006 1738/1069
f 1194/2565 1163/2629 1157/2636
f 1127/1253 1140/1394 1124/1525
f 1840/477 1836/430 1833/431
f 1444/777 1410/695 1457/676
f 5565/359 5666/279 1804/323
f 1118/1744 1104/1780 1119/1538
f 1466/456 1484/429 1480/411
f 1302/1985 1128/2055 1284/1871
f 1338/1192 1346/1249 1308/1229
f 1395/566 1534/593 1538/621
f 1082/1854 1093/1754 1085/1770
f 1329/1216 1817/1185 5771/1112
f 1460/746 1410/695 1444/777
f 6343/1860 1199/2000 1106/1872
f 1462/685 1410/695 1460/746
f 3428/285 5408/186 4270/259
f 5565/359 1775/398 1773/325
f 1770/145 2346/183 1774/233
f 1716/1020 1204/927 1712/983
f 1308/1229 1357/1298 1340/1276
f 1313/1275 1328/1401 1390/1389
f 1418/938 1438/907 1713/1006
f 1080/1779 1285/1839 1084/1769
f 1078/2093 1199/2000 1117/2041
f 1745/715 5842/711 1744/629
f 6164/1003 5996/1104 5835/1041
f 1335/1380 1341/1286 1342/1254
f 1745/715 1714/725 1742/776
f 1793/1028 5771/1112 1389/1146
f 1199/2000 1060/2030 1396/1937
f 1438/907 1458/841 1437/970
f 3134/2390 3634/2282 3548/2413
f 1442/522 1664/475 1514/520
f 1764/213 1774/233 2346/183
f 5694/299 6042/324 6013/273
f 5460/384 1833/431 1836/430
f 1793/1028 3444/1059 5771/1112
f 1104/1780 1106/1872 1396/1937
f 6343/1860 1118/1744 1114/1718
f 1749/795 1745/715 1742/776
f 1755/558 1737/493 5660/507
f 1401/1212 1344/1209 1440/1138
f 1547/803 1382/733 1428/672
f 1128/2055 1081/1990 1090/1926
f 1114/1718 1118/1744 1119/1538
f 5763/745 1757/826 1758/736
f 6343/1860 1082/1854 1107/1979
f 2988/178 2989/64 4108/120
f 1769/81 1831/137 4108/120
f 1503/129 1488/75 1486/96
f 1292/1790 1303/1651 1311/1694
f 5192/138 5372/112 5373/134
f 3160/119 5408/186 5418/128
f 6343/1860 1107/1979 1199/2000
f 1114/1718 1093/1754 1082/1854
f 1656/442 1660/386 1676/451
f 1114/1718 1082/1854 6343/1860
f 1060/2030 1199/2000 6273/2157
f 1833/431 1839/468 1840/477
f 1752/993 1751/1068 1087/1065
f 1480/411 1657/357 1652/417
f 1839/468 1833/431 1834/424
f 5666/279 1774/233 1764/213
f 1538/621 1451/570 1395/566
f 1319/1527 1335/1380 1355/1446
f 1460/746 1458/841 1432/742
f 1407/821 1458/841 1438/907
f 1325/1623 1321/1669 1125/1605
f 1780/870 1204/927 1739/980
f 1094/1819 1288/1851 1136/1890
f 5681/374 5368/422 5369/358
f 1827/449 5681/374 4175/434
f 1095/1555 1119/1538 1096/1342
f 1664/475 1484/429 1466/456
f 6273/2157 1199/2000 1078/2093
f 1104/1780 1118/1744 1106/1872
f 1088/1665 1095/1555 1124/1525
f 1664/475 1442/522 1476/473
f 1077/2177 1060/2030 6273/2157
f 1650/1075 5947/1145 1559/1034
f 1094/1819 1082/1854 1085/1770
f 1117/2041 1107/1979 1137/2043
f 1081/1990 1107/1979 1082/1854
f 1319/1527 1385/1376 1335/1380
f 1133/1511 1140/1394 6163/1495
f 6042/324 6032/319 6013/273
f 1540/590 1448/526 1555/562
f 5460/384 1834/424 1833/431
f 1657/357 1480/411 1662/340
f 1303/1651 1314/1553 1310/1575
f 1769/81 4148/76 5670/127
f 4107/262 5431/336 4270/259
f 1496/274 1487/204 6013/273
f 1842/491 5528/446 5368/422
f 5533/1120 1127/1253 1096/1342
f 1080/1779 1084/1769 1122/1703
f 1408/958 1539/889 1426/861
f 2801/2536 2140/2497 5799/2410
f 1703/34 1719/37 1723/71
f 4108/120 1831/137 2988/178
f 1124/1525 1091/1712 1088/1665
f 1331/1309 1329/1216 1340/1276
f 1125/1605 1124/1525 1133/1511
f 1507/295 1481/263 1662/340
f 1127/1253 1124/1525 1096/1342
f 5670/127 1831/137 1769/81
f 1758/736 1757/826 1784/819
f 5663/100 5373/134 5640/70
f 1107/1979 1083/2054 1137/2043
f 1798/822 1753/892 1757/826
f 5669/658 626/698 1758/736
f 1797/684 626/698 5669/658
f 5431/336 5460/384 4270/259
f 1459/585 5602/538 1451/570
f 5372/112 1865/86 5640/70
f 5842/711 1797/684 1747/638
f 1353/1427 5592/1351 1366/1362
f 5842/711 5763/745 1797/684
f 1078/2093 1083/2054 1135/2107
f 1078/2093 1117/2041 1137/2043
f 1392/1257 5592/1351 1342/1254
f 1783/333 1470/390 1767/383
f 2988/178 4270/259 5342/180
f 1090/1926 1136/1890 1288/1851
f 1843/512 1840/477 1839/468
f 1868/402 1804/323 1741/388
f 1823/483 1839/468 1834/424
f 1081/1990 1083/2054 1107/1979
f 1410/695 1462/685 1538/621
f 1106/1872 1118/1744 6343/1860
f 1095/1555 1114/1718 1119/1538
f 1458/841 1407/821 1432/742
f 1127/1253 5852/1040 1389/1146
f 1796/823 1784/819 1265/928
f 5852/1040 1127/1253 5533/1120
f 1484/429 1664/475 1476/473
f 1095/1555 1088/1665 1114/1718
f 1083/2054 1078/2093 1137/2043
f 1365/1125 1402/1073 1394/1141
f 1716/1020 1740/1082 1739/980
f 1090/1926 1081/1990 1136/1890
f 1721/90 1704/43 1703/34
f 6206/2928 254/2892 5789/3042
f 1679/243 1487/204 1474/176
f 1332/1180 1346/1249 1343/1207
f 1477/334 1496/274 6032/319
f 5837/1118 1740/1082 1750/1095
f 1496/274 1491/260 1487/204
f 5373/134 5631/150 1820/187
f 1140/1394 1127/1253 1313/1275
f 1491/260 1496/274 1477/334
f 1435/880 1454/840 1429/839
f 5718/148 1732/177 1705/136
f 5677/503 1818/612 5811/541
f 1284/1871 1090/1926 1285/1839
f 1094/1819 1136/1890 1082/1854
f 5670/127 1781/173 1831/137
f 1412/564 1409/620 1485/613
f 1739/980 1740/1082 6164/1003
f 1140/1394 1133/1511 1124/1525
f 1542/1214 1401/1212 1361/1156
f 6032/319 6042/324 6012/393
f 1685/199 1683/153 1519/184
f 5356/227 4107/262 2988/178
f 3134/2390 3548/2413 3476/2530
f 6117/727 1432/742 1407/821
f 1081/1990 1128/2055 1135/2107
f 1741/388 5841/436 1748/445
f 5372/112 5640/70 5373/134
f 1091/1712 1084/1769 1094/1819
f 1827/449 4175/434 5811/541
f 5372/112 5192/138 1865/86
f 5769/912 1265/928 1784/819
f 5771/1112 1348/1164 1329/1216
f 5633/58 5663/100 5640/70
f 1127/1253 1389/1146 1313/1275
f 2335/2674 2318/2572 5803/2716
f 1557/1044 1559/1034 5945/1113
f 1771/94 1708/99 1725/27
f 1321/1669 1122/1703 1125/1605
f 1140/1394 1313/1275 1390/1389
f 1128/2055 1090/1926 1284/1871
f 1708/99 1771/94 1705/136
f 1336/1455 1328/1401 1322/1383
f 1818/612 1792/605 1794/752
f 1288/1851 1285/1839 1090/1926
f 1725/27 5875/87 5131/39
f 1850/555 1825/579 1843/512
f 1485/613 1409/620 1413/674
f 1314/1553 1328/1401 1336/1455
f 5602/538 1442/522 1451/570
f 1095/1555 1096/1342 1124/1525
f 1843/512 1839/468 1823/483
f 1818/612 1794/752 5617/768
f 1870/360 4175/434 5681/374
f 1413/674 6117/727 6037/642
f 1738/1069 1440/1138 1750/1095
f 5356/227 2988/178 1781/173
f 1123/1729 1122/1703 1321/1669
f 1084/1769 1288/1851 1094/1819
f 1498/513 1412/564 1427/559
f 1390/1389 1328/1401 6163/1495
f 1771/94 1704/43 1726/131
f 6117/727 1714/725 6037/642
f 1084/1769 1091/1712 1092/1661
f 1313/1275 1331/1309 1328/1401
f 6075/794 1749/795 1779/850
f 176/530 5362/500 5361/464
f 1339/1154 1440/1138 1344/1209
f 1438/907 1418/938 1411/890
f 1793/1028 1389/1146 5852/1040
f 1092/1661 1124/1525 1125/1605
f 1401/1212 1542/1214 1362/1274
f 5839/817 1407/821 1411/890
f 1398/717 1457/676 1449/646
f 1769/81 4108/120 2989/64
f 1125/1605 1133/1511 6163/1495
f 1365/1125 1403/1052 1402/1073
f 1725/27 1708/99 5875/87
f 1751/1068 5996/1104 1348/1164
f 5835/1041 1751/1068 1071/981
f 1444/777 1457/676 1398/717
f 1335/1380 1385/1376 1341/1286
f 1817/1185 1313/1275 1389/1146
f 1724/107 1502/174 1727/139
f 6012/393 1477/334 6032/319
f 1314/1553 1316/1498 1310/1575
f 1477/334 1733/310 1491/260
f 1790/1366 1357/1298 1385/1376
f 1476/473 5602/538 1482/511
f 1288/1851 1084/1769 1285/1839
f 1122/1703 1084/1769 1092/1661
f 1087/1065 3444/1059 1752/993
f 1125/1605 1122/1703 1092/1661
f 186/3421 212/3392 219/3331
f 1125/1605 6163/1495 1325/1623
f 5853/943 5533/1120 1414/948
f 6165/910 1071/981 5737/876
f 1520/61 1522/45 1658/82
f 4269/396 5528/446 1834/424
f 4064/301 5431/336 4107/262
f 5545/718 1089/626 5669/658
f 1265/928 1793/1028 5852/1040
f 5356/227 4064/301 4107/262
f 5633/58 1765/67 5663/100
f 1658/82 5140/83 1520/61
f 1823/483 5528/446 1842/491
f 1792/605 5708/523 5728/556
f 1081/1990 1135/2107 1083/2054
f 5361/464 1775/398 5775/419
f 1284/1871 1285/1839 1080/1779
f 1329/1216 1313/1275 1817/1185
f 5808/2151 3698/2089 3776/2074
f 1719/37 1488/75 1723/71
f 1413/674 1409/620 1462/685
f 1093/1754 1114/1718 1088/1665
f 1742/776 5839/817 1709/815
f 1409/620 1412/564 1459/585
f 1389/1146 5771/1112 1817/1185
f 1128/2055 1302/1985 1129/2099
f 6117/727 1413/674 1432/742
f 5842/711 1798/822 5763/745
f 1865/86 5670/127 4148/76
f 5361/464 5362/500 1787/427
f 1117/2041 1199/2000 1107/1979
f 1314/1553 1325/1623 6163/1495
f 1136/1890 1081/1990 1082/1854
f 1411/890 1204/927 5839/817
f 1482/511 1718/462 1476/473
f 1502/174 1728/208 1727/139
f 1705/136 1732/177 5870/154
f 1314/1553 6163/1495 1328/1401
f 1085/1770 1088/1665 1091/1712
f 1721/90 1727/139 1726/131
f 1331/1309 1313/1275 1329/1216
f 1088/1665 1085/1770 1093/1754
f 1328/1401 1331/1309 1322/1383
f 1488/75 1724/107 1723/71
f 1123/1729 1284/1871 1080/1779
f 1390/1389 6163/1495 1140/1394
f 5718/148 1771/94 1726/131
f 5835/1041 1071/981 6164/1003
f 1491/260 1728/208 1502/174
f 3454/2515 2318/2572 5792/2586
f 1426/861 1445/792 1436/883
f 1764/213 1759/245 5666/279
f 1080/1779 1122/1703 1123/1729
f 1123/1729 1321/1669 1325/1623
f 6076/915 5737/876 1071/981
f 6076/915 1071/981 1752/993
f 1771/94 5718/148 1705/136
f 5670/127 5192/138 1828/191
f 1469/135 1494/109 2163/102
f 5771/1112 3444/1059 1087/1065
f 1199/2000 1396/1937 1106/1872
f 1480/411 1484/429 1483/395
f 1314/1553 1309/1711 1325/1623
f 1436/883 1445/792 1465/800
f 1091/1712 1094/1819 1085/1770
f 1828/191 5356/227 1781/173
f 1322/1383 1331/1309 1340/1276
f 5369/358 5431/336 4064/301
f 4270/259 5460/384 1832/354
f 1309/1711 1284/1871 1123/1729
f 1713/1006 1712/983 1418/938
f 1303/1651 1309/1711 1314/1553
f 1445/792 1398/717 1464/724
f 5539/459 1827/449 1826/492
f 4063/292 5369/358 4064/301
f 1087/1065 1751/1068 5771/1112
f 1765/67 5875/87 1770/145
f 1343/1207 1346/1249 1338/1192
f 5748/540 1513/542 1528/482
f 1850/555 1842/491 1819/544
f 1123/1729 1325/1623 1309/1711
f 1314/1553 1336/1455 1316/1498
f 1850/555 1823/483 1842/491
f 1340/1276 1329/1216 1348/1164
f 1362/1274 1392/1257 1401/1212
f 1780/870 1779/850 1749/795
f 5771/1112 1751/1068 1348/1164
f 1322/1383 1316/1498 1336/1455
f 1092/1661 1091/1712 1124/1525
f 1340/1276 1790/1366 1322/1383
f 1312/1835 1284/1871 1309/1711
f 1338/1192 1332/1180 1343/1207
f 1434/1023 1408/958 1436/883
f 1709/815 1780/870 1742/776
f 1309/1711 1303/1651 1292/1790
f 1344/1209 1392/1257 1342/1254
f 1714/725 6117/727 5839/817
f 1308/1229 1340/1276 1348/1164
f 1716/1020 1738/1069 1750/1095
f 1718/462 1482/511 1498/513
f 5545/718 1784/819 1796/823
f 1786/678 1792/605 1782/603
f 1347/1480 1316/1498 1322/1383
f 6149/693 1830/635 5811/541
f 1790/1366 1347/1480 1322/1383
f 5631/150 1774/233 1820/187
f 5891/3111 224/2975 210/3107
f 6012/393 1718/462 1473/438
f 5592/1351 1392/1257 1362/1274
f 1737/493 5841/436 1717/439
f 1790/1366 1340/1276 1357/1298
f 1309/1711 1292/1790 1312/1835
f 1708/99 1705/136 5870/154
f 1338/1192 5996/1104 1332/1180
f 1751/1068 1752/993 1071/981
f 1728/208 1726/131 1727/139
f 1526/78 5137/77 1494/109
f 5996/1104 1751/1068 5835/1041
f 1780/870 1709/815 5839/817
f 5737/876 1798/822 6075/794
f 5140/83 1515/126 1684/110
f 1470/390 1477/334 1472/399
f 1491/260 1736/284 1728/208
f 1303/1651 1310/1575 1311/1694
f 1385/1376 1346/1249 1341/1286
f 1491/260 5612/322 1736/284
f 1347/1480 1310/1575 1316/1498
f 1470/390 5612/322 1477/334
f 1348/1164 1338/1192 1308/1229
f 5631/150 5663/100 1765/67
f 5996/1104 1338/1192 1348/1164
f 5737/876 6075/794 1779/850
f 1385/1376 1347/1480 1790/1366
f 1310/1575 1320/1602 1311/1694
f 1432/742 1462/685 1460/746
f 1320/1602 1310/1575 1347/1480
f 1760/517 5652/584 5758/532
f 5769/912 1752/993 1793/1028
f 1346/1249 1357/1298 1308/1229
f 1385/1376 1319/1527 1347/1480
f 1461/361 1657/357 5741/306
f 5842/711 1745/715 6075/794
f 5539/459 1842/491 5368/422
f 5192/138 5441/165 1828/191
f 1346/1249 1385/1376 1357/1298
f 1539/889 1458/841 1444/777
f 1319/1527 1320/1602 1347/1480
f 1829/246 5356/227 1828/191
f 1740/1082 1332/1180 5996/1104
f 5996/1104 6164/1003 1740/1082
f 6013/273 1487/204 1679/243
f 1740/1082 5837/1118 1332/1180
f 1332/1180 1341/1286 1346/1249
f 1477/334 6012/393 1472/399
f 5837/1118 1339/1154 1332/1180
f 1335/1380 5592/1351 1355/1446
f 1514/520 1666/461 1455/516
f 1341/1286 1332/1180 1342/1254
f 5708/523 1818/612 5677/503
f 176/530 1746/574 5728/556
f 5643/297 1741/388 1804/323
f 1339/1154 1342/1254 1332/1180
f 1750/1095 1339/1154 5837/1118
f 1487/204 1502/174 1503/129
f 1716/1020 1750/1095 1740/1082
f 1335/1380 1342/1254 5592/1351
f 5626/217 1820/187 5668/242
f 1413/674 6037/642 1485/613
f 1355/1446 5592/1351 1353/1427
f 1549/965 1436/883 1435/880
f 1736/284 5643/297 1728/208
f 1344/1209 1342/1254 1339/1154
f 5718/148 1730/198 1732/177
f 1830/635 1819/544 5811/541
f 1440/1138 1339/1154 1750/1095
f 1366/1362 5592/1351 1362/1274
f 1204/927 1411/890 1712/983
f 1392/1257 1344/1209 1401/1212
f 1449/646 1383/682 1464/724
f 1366/1362 1362/1274 1421/1297
f 5668/242 1774/233 1315/318
f 1361/1156 1401/1212 1440/1138
f 1679/243 1474/176 1685/199
f 5875/87 1708/99 5870/154
f 1362/1274 1542/1214 1421/1297
f 1816/591 5652/584 5669/658
f 2757/2453 3454/2515 2763/2498
f 1473/438 1498/513 5660/507
f 5137/77 2164/55 2163/102
f 5441/165 5626/217 1828/191
f 5736/1943 3893/2004 3844/1921
f 1382/733 1383/682 1537/639
f 5723/1786 5711/1858 3623/1902
f 220/2902 3463/2939 3329/2811
f 1741/388 1748/445 1868/402
f 1474/176 1487/204 1493/144
f 5811/541 1819/544 1826/492
f 1636/404 1611/392 1628/337
f 1615/237 5027/282 1592/215
f 1694/269 5128/230 4700/296
f 5027/282 1695/280 5743/313
f 1361/1156 1440/1138 1441/1090
f 4507/378 4514/432 4537/413
f 1694/269 1695/280 5093/248
f 1730/198 5718/148 1726/131
f 1485/613 1427/559 1412/564
f 1644/504 1626/410 4505/447
f 1427/559 1485/613 6037/642
f 5027/282 1624/289 1592/215
f 5643/297 1730/198 1728/208
f 1626/410 4537/413 4505/447
f 1532/423 1660/386 1673/349
f 5093/248 1695/280 1615/237
f 1361/1156 1441/1090 1365/1125
f 4062/341 4507/378 4537/413
f 5361/464 5758/532 176/530
f 1775/398 1787/427 5462/376
f 1717/439 1470/390 1473/438
f 5681/374 1026/275 1870/360
f 4514/432 4568/433 4506/478
f 2988/178 3160/119 2989/64
f 5643/297 1736/284 1783/333
f 5743/313 1587/328 1585/320
f 6075/794 1798/822 5842/711
f 1644/504 1636/404 1626/410
f 1628/337 1624/289 5027/282
f 1497/527 1427/559 5660/507
f 1695/280 1694/269 1693/302
f 5431/336 4269/396 1834/424
f 5763/745 1798/822 1757/826
f 1775/398 5462/376 1773/325
f 4565/528 4439/485 5735/505
f 1657/357 1461/361 1652/417
f 5681/374 1827/449 5368/422
f 1693/302 5743/313 1695/280
f 1473/438 1470/390 1472/399
f 1628/337 5027/282 1585/320
f 4503/362 4537/413 1626/410
f 6165/910 5737/876 1779/850
f 1781/173 2988/178 1831/137
f 1693/302 1694/269 4700/296
f 5743/313 1585/320 5027/282
f 1502/174 1487/204 1491/260
f 1538/621 1462/685 1409/620
f 1827/449 5811/541 1826/492
f 4514/432 3676/365 4573/401
f 1611/392 1624/289 1628/337
f 1759/245 1732/177 1730/198
f 4537/413 4503/362 4062/341
f 1541/580 1540/590 1537/639
f 4451/347 2265/327 4507/378
f 1587/328 1693/302 4548/326
f 1741/388 5643/297 1767/383
f 5743/313 1693/302 1587/328
f 1628/337 1585/320 1623/342
f 4062/341 4548/326 4700/296
f 5660/507 1717/439 1473/438
f 4506/478 4663/488 4531/529
f 5617/768 1794/752 1414/948
f 4175/434 1870/360 5701/428
f 1587/328 1623/342 1585/320
f 4548/326 1693/302 4700/296
f 1412/564 5602/538 1459/585
f 2988/178 4107/262 4270/259
f 1465/800 1464/724 1710/758
f 5776/2120 3713/2106 2852/2188
f 5853/943 1796/823 5852/1040
f 5748/540 1508/597 1513/542
f 5128/230 4065/293 4700/296
f 5769/912 1793/1028 1265/928
f 5626/217 5639/278 1026/275
f 1660/386 1461/361 1661/307
f 1819/544 1830/635 1850/555
f 4663/488 4506/478 4568/433
f 1787/427 5708/523 5702/465
f 4548/326 4500/348 1587/328
f 6037/642 1755/558 1427/559
f 4451/347 4062/341 2265/327
f 4439/485 1644/504 4505/447
f 5728/556 1746/574 1782/603
f 1662/340 1480/411 1483/395
f 5763/745 626/698 1797/684
f 1628/337 1623/342 1636/404
f 1507/295 1662/340 5694/299
f 4573/401 4568/433 4514/432
f 5769/912 1757/826 1753/892
f 1619/252 1593/220 1624/289
f 4500/348 4062/341 4503/362
f 5373/134 5441/165 5192/138
f 210/3107 226/2989 5938/3158
f 1472/399 6012/393 1473/438
f 1714/725 1745/715 6037/642
f 1625/382 1623/342 1587/328
f 1664/475 1466/456 1514/520
f 6042/324 1662/340 6012/393
f 5128/230 1694/269 5093/248
f 4507/378 2265/327 3676/365
f 1486/96 1494/109 1493/144
f 1794/752 5853/943 1414/948
f 1438/907 1411/890 1407/821
f 5839/817 1204/927 1780/870
f 4700/296 4065/293 4062/341
f 1779/850 1780/870 6165/910
f 4500/348 4503/362 1625/382
f 1593/220 1620/147 1592/215
f 3676/365 4689/346 4573/401
f 1497/527 5660/507 1498/513
f 4568/433 4573/401 5687/414
f 6032/319 1496/274 6013/273
f 2265/327 4065/293 4551/283
f 1783/333 5612/322 1470/390
f 1587/328 4500/348 1625/382
f 1453/931 1435/880 1429/839
f 1636/404 1623/342 1625/382
f 1771/94 1725/27 1704/43
f 4065/293 2265/327 4062/341
f 1625/382 4503/362 1626/410
f 5643/297 1804/323 1759/245
f 5666/279 1773/325 1774/233
f 1626/410 1636/404 1625/382
f 1767/383 1717/439 5841/436
f 1615/237 1695/280 5027/282
f 1764/213 2346/183 5870/154
f 4507/378 4062/341 4451/347
f 1442/522 1395/566 1451/570
f 2265/327 4551/283 1573/300
f 5758/532 5361/464 363/458
f 1818/612 5617/768 6149/693
f 2346/183 1770/145 5870/154
f 4062/341 4500/348 4548/326
f 1573/300 3676/365 2265/327
f 1547/803 1546/846 1382/733
f 5643/297 1759/245 1730/198
f 4514/432 4507/378 3676/365
f 1529/141 1580/190 5886/161
f 1826/492 1819/544 1842/491
f 1469/135 1510/152 1474/176
f 1026/275 5639/278 1870/360
f 3676/365 1573/300 4689/346
f 1464/724 1465/800 1445/792
f 1703/34 1723/71 1724/107
f 5811/541 1818/612 6149/693
f 4537/413 5689/457 4505/447
f 1840/477 1856/416 1836/430
f 6037/642 1745/715 1744/629
f 1804/323 5666/279 1759/245
f 5689/457 4537/413 4514/432
f 1231/1417 1236/1333 4110/1420
f 1503/129 1502/174 1724/107
f 1767/383 1470/390 1717/439
f 4439/485 4565/528 1644/504
f 5361/464 1787/427 1775/398
f 1828/191 1026/275 1829/246
f 1315/318 1787/427 1870/360
f 5689/457 4439/485 4505/447
f 5853/943 5852/1040 5533/1120
f 1758/736 1784/819 5545/718
f 5689/457 4514/432 5684/484
f 5735/505 4439/485 5689/457
f 5687/414 4573/401 4689/346
f 1679/243 1481/263 1507/295
f 5677/503 4175/434 1859/455
f 5684/484 4514/432 4506/478
f 5689/457 5684/484 5735/505
f 5758/532 363/458 1760/517
f 5735/505 4429/561 4565/528
f 1679/243 1507/295 5694/299
f 1859/455 4175/434 5701/428
f 246/3175 6189/3227 189/3265
f 243/2835 3491/2693 3492/2605
f 1710/758 1454/840 1465/800
f 5684/484 4506/478 3682/550
f 5684/484 3682/550 5735/505
f 4429/561 5735/505 3682/550
f 5875/87 5870/154 1770/145
f 3682/550 4506/478 4531/529
f 1774/233 1773/325 1315/318
f 5545/718 5669/658 1758/736
f 5841/436 1741/388 1767/383
f 4429/561 3682/550 4388/636
f 4591/578 3682/550 4531/529
f 5658/569 1744/629 1747/638
f 3827/533 4591/578 4531/529
f 5137/77 1526/78 1478/51
f 6321/1626 1232/1747 1213/1752
f 1254/1499 5901/1402 6313/1435
f 1542/1214 1379/1247 1421/1297
f 2195/974 1544/921 1419/998
f 5666/279 5565/359 1773/325
f 1026/275 5681/374 4063/292
f 5775/419 5565/359 1868/402
f 1435/880 1436/883 1454/840
f 1458/841 1460/746 1444/777
f 363/458 5775/419 1868/402
f 2163/102 2164/55 5915/104
f 6109/1482 1256/1436 2293/1549
f 6001/1636 6235/1687 6002/1578
f 5565/359 5775/419 1775/398
f 1254/1499 1381/1491 1247/1396
f 1792/605 1786/678 1794/752
f 1406/999 1402/1073 1437/970
f 5901/1402 1254/1499 1247/1396
f 1377/1268 6085/1290 1252/1350
f 1444/777 1426/861 1539/889
f 1870/360 1787/427 5701/428
f 1372/1302 1399/1264 1371/1346
f 5901/1402 1377/1268 1252/1350
f 6304/1424 1388/1494 1425/1431
f 5701/428 5702/465 1859/455
f 1222/1806 1277/1640 5750/1682
f 1213/1752 1261/1607 6321/1626
f 5745/1631 1279/1557 1278/1516
f 3668/2254 1171/2407 1177/2372
f 5361/464 5775/419 363/458
f 6304/1424 1416/1379 1371/1346
f 1406/999 1408/958 1397/1074
f 6321/1626 6109/1482 2293/1549
f 1761/509 5658/569 1760/517
f 6294/1439 1381/1491 6305/1486
f 6002/1578 1388/1494 6305/1486
f 1452/573 1455/516 1513/542
f 1786/678 1089/626 5545/718
f 363/458 1868/402 1748/445
f 1257/1696 1277/1640 1222/1806
f 5539/459 5368/422 1827/449
f 1476/473 1442/522 5602/538
f 1254/1499 6321/1626 1261/1607
f 1296/1970 1222/1806 1297/1961
f 1748/445 1761/509 1760/517
f 1232/1747 1222/1806 1229/1877
f 1493/144 1469/135 1474/176
f 1379/1247 1542/1214 5765/1203
f 5702/465 5708/523 5677/503
f 1345/1463 6263/1577 1369/1584
f 1429/839 1382/733 1546/846
f 1293/2064 1289/2116 1280/1924
f 1257/1696 1222/1806 1232/1747
f 1202/1932 1213/1752 1229/1877
f 1356/1732 1301/1857 1333/1761
f 1229/1877 1213/1752 1232/1747
f 1532/423 1642/408 1629/463
f 1782/603 1089/626 1786/678
f 1416/1379 6304/1424 1425/1431
f 1448/526 5748/540 6041/481
f 5137/77 1478/51 6017/41
f 1782/603 1746/574 1089/626
f 1787/427 5702/465 5701/428
f 1297/1961 1215/2102 1296/1970
f 1417/1326 1416/1379 1364/1364
f 1246/1094 5945/1113 5944/1184
f 3674/1826 3675/1973 5711/1858
f 5694/299 6013/273 1679/243
f 4175/434 5677/503 5811/541
f 5462/376 1787/427 1315/318
f 1529/141 1515/126 1658/82
f 1173/2468 1185/2385 1177/2372
f 5708/523 1792/605 1818/612
f 6313/1435 5901/1402 1252/1350
f 1713/1006 1437/970 1403/1052
f 5658/569 5652/584 1760/517
f 1369/1584 1294/1647 1349/1641
f 1747/638 5652/584 5658/569
f 1261/1607 1259/1562 1381/1491
f 1281/1664 1282/1791 5586/1746
f 1167/2745 241/2798 5831/2940
f 1296/1970 1205/2011 1229/1877
f 1764/213 5870/154 1732/177
f 1457/676 1410/695 1538/621
f 1253/1163 1420/1139 1397/1074
f 1796/823 1794/752 1786/678
f 1089/626 1816/591 5669/658
f 6234/1721 1384/1820 1387/1714
f 1797/684 5669/658 1747/638
f 6321/1626 2293/1549 1277/1640
f 1294/1647 1387/1714 6241/1704
f 1205/2011 1215/2102 1228/2147
f 1277/1640 1279/1557 5750/1682
f 5901/1402 1247/1396 1377/1268
f 1394/1141 5765/1203 1365/1125
f 5749/1911 5767/2012 3647/1891
f 1089/626 1746/574 1816/591
f 1229/1877 1222/1806 1296/1970
f 1277/1640 2293/1549 1279/1557
f 1483/395 6012/393 1662/340
f 1758/736 626/698 5763/745
f 1297/1961 5768/2005 1215/2102
f 1542/1214 1365/1125 5765/1203
f 1368/1421 1366/1362 1364/1364
f 1071/981 6165/910 6164/1003
f 5761/1677 1307/1736 6267/1634
f 1519/184 1511/255 1481/263
f 5539/459 1826/492 1842/491
f 1510/152 1684/110 1683/153
f 6305/1486 1381/1491 1259/1562
f 1508/597 1383/682 1449/646
f 6234/1721 1203/1814 1367/1849
f 218/2724 241/2798 1175/2570
f 1816/591 5758/532 5652/584
f 3554/2038 3641/2150 5756/2123
f 1498/513 1473/438 1718/462
f 1746/574 176/530 5758/532
f 1259/1562 1261/1607 6110/1621
f 1198/2264 1289/2116 1138/2187
f 1458/841 1539/889 1437/970
f 1829/246 4063/292 5356/227
f 5639/278 1315/318 1870/360
f 1373/1191 1255/1218 1399/1264
f 6305/1486 1259/1562 6002/1578
f 5652/584 1747/638 5669/658
f 1296/1970 1215/2102 1205/2011
f 1377/1268 1247/1396 1393/1315
f 5612/322 1733/310 1477/334
f 3554/2038 5749/1911 3844/1921
f 1175/2570 3556/2576 218/2724
f 5768/2005 1297/1961 1219/1864
f 1526/78 1486/96 1478/51
f 1175/2570 5753/2526 1173/2468
f 5668/242 1315/318 5639/278
f 1377/1268 1393/1315 1255/1218
f 1656/442 6041/481 1517/425
f 1823/483 1834/424 5528/446
f 1345/1463 1433/1485 6263/1577
f 5369/358 4063/292 5681/374
f 1421/1297 1364/1364 1366/1362
f 5728/556 5362/500 176/530
f 1484/429 6012/393 1483/395
f 5944/1184 6085/1290 1377/1268
f 1424/1119 1246/1094 5944/1184
f 5631/150 1770/145 1774/233
f 1534/593 1449/646 1457/676
f 5768/2005 1219/1864 3647/1891
f 6110/1621 6001/1636 6002/1578
f 2324/2774 2649/2666 5785/2788
f 1508/597 1537/639 1383/682
f 5728/556 5708/523 5362/500
f 2296/2555 5778/2475 2763/2498
f 2100/1772 3212/1971 3674/1826
f 3134/2390 1171/2407 3668/2254
f 4092/1461 1237/1501 4110/1420
f 5733/1758 1234/1762 1219/1864
f 6304/1424 1371/1346 6246/1392
f 3597/2108 1215/2102 5768/2005
f 1228/2147 1210/2073 1205/2011
f 5781/2321 2364/2313 5799/2410
f 233/2956 224/2975 5891/3111
f 1228/2147 1215/2102 1217/2234
f 225/2970 210/3107 220/2902
f 1294/1647 1327/1648 1387/1714
f 1255/1218 1253/1163 1377/1268
f 5756/2123 3597/2108 5767/2012
f 1177/2372 1208/2240 1217/2234
f 1424/1119 5944/1184 1377/1268
f 1327/1648 6263/1577 6234/1721
f 6246/1392 6294/1439 6304/1424
f 1567/1208 1635/1099 3920/1308
f 5785/2788 5803/2716 5804/2882
f 5714/2160 2852/2188 5715/2214
f 2803/2437 2731/2394 2757/2453
f 3682/550 4591/578 4443/634
f 5756/2123 3668/2254 3597/2108
f 5750/1682 1279/1557 5745/1631
f 1622/497 1611/392 1603/515
f 3244/2337 5864/2353 2140/2497
f 5891/3111 5789/3042 233/2956
f 3325/2650 2140/2497 2801/2536
f 1565/1088 1567/1208 1630/1140
f 2803/2437 2757/2453 2763/2498
f 2140/2497 3492/2605 5732/2431
f 233/2956 5789/3042 254/2892
f 2763/2498 3454/2515 5792/2586
f 3817/2057 3893/2004 5736/1943
f 3616/2256 3634/2282 3134/2390
f 3814/1959 5736/1943 5726/1879
f 3713/2106 3212/1971 3550/2097
f 3881/1951 5755/1811 3626/1888
f 3757/2165 3634/2282 3616/2256
f 5717/2024 3214/1950 5724/2022
f 3626/1888 3623/1902 4/1991
f 5864/2353 3244/2337 2809/2249
f 1248/1336 1242/1406 6085/1290
f 4166/1964 5711/1858 3675/1973
f 231/3489 198/3535 6186/3527
f 5755/1811 5723/1786 3626/1888
f 2296/2555 5792/2586 2649/2666
f 5891/3111 210/3107 5905/3241
f 254/2892 1159/2832 233/2956
f 5729/2087 4/1991 4340/2049
f 3646/2375 5693/2308 3274/2306
f 233/2956 243/2835 224/2975
f 5711/1858 4166/1964 3623/1902
f 231/3489 6186/3527 185/3536
f 4340/2049 3698/2089 3773/2141
f 1159/2832 254/2892 218/2724
f 5804/2882 220/2902 5785/2788
f 3975/851 4462/751 4013/867
f 6189/3227 5891/3111 5905/3241
f 5778/2475 2803/2437 2763/2498
f 3817/2057 5736/1943 3814/1959
f 4/1991 3881/1951 3626/1888
f 3623/1902 4166/1964 4/1991
f 3657/1204 3206/1316 4304/1325
f 5732/2431 3492/2605 2607/2454
f 3675/1973 5787/2033 4166/1964
f 228/3352 208/3387 229/3308
f 3492/2605 3491/2693 3476/2530
f 2763/2498 5792/2586 2296/2555
f 2803/2437 5778/2475 2371/2397
f 224/2975 3461/2890 3463/2939
f 1159/2832 218/2724 3491/2693
f 3927/1245 4303/1171 3744/1338
f 4518/2062 3675/1973 3212/1971
f 2842/1530 3143/1448 3195/1440
f 210/3107 224/2975 3463/2939
f 218/2724 3556/2576 1174/2608
f 243/2835 3456/2846 3461/2890
f 225/2970 5804/2882 226/2989
f 1632/1134 3868/1386 3920/1308
f 3674/1826 5757/1690 2100/1772
f 241/2798 254/2892 6206/2928
f 1565/1088 1561/934 1635/1099
f 2731/2394 2371/2397 2364/2313
f 1240/1429 1230/1529 1278/1516
f 3461/2890 3329/2811 3463/2939
f 3881/1951 5710/2071 5784/2008
f 198/3535 203/3442 6340/3466
f 5731/2285 3634/2282 1216/2179
f 3657/1204 3606/1053 2898/1159
f 3212/1971 3713/2106 4518/2062
f 3675/1973 3776/2074 5787/2033
f 5740/1799 3810/1784 5749/1911
f 3550/2097 3212/1971 1304/2039
f 1551/1227 6334/1294 1245/1312
f 5787/2033 4340/2049 4166/1964
f 1174/2608 3491/2693 218/2724
f 4141/1460 4161/1515 5777/1537
f 227/3324 240/3313 213/3383
f 2774/2050 5720/2003 2784/2085
f 3456/2846 243/2835 3329/2811
f 220/2902 3329/2811 2324/2774
f 5799/2410 2364/2313 2371/2397
f 3245/2129 3550/2097 1304/2039
f 4/1991 4166/1964 4340/2049
f 5812/2014 5802/1997 5801/1940
f 1161/2513 3560/2489 3134/2390
f 2335/2674 2649/2666 5792/2586
f 1567/1208 1236/1333 1251/1220
f 3661/2109 3776/2074 4518/2062
f 1233/1395 1231/1417 1237/1501
f 1562/1571 3897/1598 3923/1684
f 5784/2008 5710/2071 3817/2057
f 5700/1610 5766/1632 5757/1690
f 3925/2166 5695/2232 5731/2285
f 3274/2306 5732/2431 3646/2375
f 5787/2033 3698/2089 4340/2049
f 3661/2109 4518/2062 5776/2120
f 3923/1684 3897/1598 3810/1784
f 218/2724 254/2892 241/2798
f 4141/1460 5777/1537 3142/1457
f 3491/2693 1174/2608 3476/2530
f 215/3325 240/3313 210/3107
f 3329/2811 3461/2890 3456/2846
f 5799/2410 5778/2475 2801/2536
f 3661/2109 5776/2120 5714/2160
f 3911/1614 5700/1610 1350/1730
f 4518/2062 3713/2106 5776/2120
f 3674/1826 1350/1730 5757/1690
f 3245/2129 5717/2024 3423/2127
f 1240/1429 1278/1516 1241/1410
f 2335/2674 5803/2716 5785/2788
f 1159/2832 3491/2693 243/2835
f 5714/2160 5776/2120 2852/2188
f 5778/2475 5799/2410 2371/2397
f 3090/1017 3927/1245 1632/1134
f 5736/1943 5727/1831 5726/1879
f 3976/838 1581/627 2899/721
f 5732/2431 3244/2337 2140/2497
f 1226/1624 1230/1529 1237/1501
f 3817/2057 5710/2071 1216/2179
f 3212/1971 3214/1950 1304/2039
f 5808/2151 5695/2232 3773/2141
f 5729/2087 3773/2141 3925/2166
f 4340/2049 3773/2141 5729/2087
f 3776/2074 3661/2109 5808/2151
f 3274/2306 5715/2214 2852/2188
f 5781/2321 5864/2353 2812/2262
f 1234/1762 1224/1685 5738/1766
f 3674/1826 3212/1971 3675/1973
f 701/1542 1270/1698 1108/1691
f 243/2835 233/2956 1159/2832
f 5733/1758 1222/1806 5750/1682
f 2296/2555 2649/2666 2801/2536
f 2809/2249 3451/2227 3423/2127
f 3976/838 4013/867 4462/751
f 3911/1614 5777/1537 4161/1515
f 5799/2410 5864/2353 5781/2321
f 1304/2039 3214/1950 5717/2024
f 1543/1230 5947/1145 1239/1266
f 3776/2074 3675/1973 4518/2062
f 2809/2249 2812/2262 5864/2353
f 3325/2650 3329/2811 3492/2605
f 3245/2129 3293/2239 3305/2163
f 5695/2232 5715/2214 3274/2306
f 3244/2337 5732/2431 3274/2306
f 3244/2337 3274/2306 3293/2239
f 3995/630 1603/515 1581/627
f 1611/392 1636/404 1603/515
f 5695/2232 5693/2308 5731/2285
f 2364/2313 2812/2262 5809/2155
f 5808/2151 3661/2109 5714/2160
f 1108/1691 687/1885 690/1805
f 1216/2179 3925/2166 5731/2285
f 6200/3468 186/3421 5796/3477
f 3925/2166 1216/2179 5710/2071
f 3244/2337 3293/2239 3451/2227
f 2757/2453 5800/2471 3454/2515
f 5785/2788 220/2902 2324/2774
f 5695/2232 3925/2166 3773/2141
f 5864/2353 5799/2410 2140/2497
f 5766/1632 5700/1610 4170/1539
f 3911/1614 4205/1506 5700/1610
f 3757/2165 1216/2179 3634/2282
f 210/3107 3463/2939 220/2902
f 1560/1058 1630/1140 1550/1151
f 1849/454 1844/502 705/441
f 1161/2513 3476/2530 1174/2608
f 3142/1457 4159/1565 5704/1533
f 225/2970 220/2902 5804/2882
f 1543/1230 5944/1184 5945/1113
f 2860/2197 3305/2163 3293/2239
f 3293/2239 3274/2306 2860/2197
f 5770/2445 5800/2471 2757/2453
f 3925/2166 5710/2071 5729/2087
f 5710/2071 4/1991 5729/2087
f 5695/2232 5808/2151 5715/2214
f 5757/1690 5766/1632 2100/1772
f 3492/2605 3476/2530 3548/2413
f 5724/2022 3423/2127 5717/2024
f 5739/1700 1224/1685 1552/1600
f 5714/2160 5715/2214 5808/2151
f 1631/935 1568/939 1579/786
f 246/3175 5891/3111 6189/3227
f 243/2835 3492/2605 3329/2811
f 1250/1337 1239/1266 1241/1410
f 4171/1706 5723/1786 5755/1811
f 3305/2163 3550/2097 3245/2129
f 2324/2774 3329/2811 3325/2650
f 3451/2227 3245/2129 3423/2127
f 1230/1529 5745/1631 1278/1516
f 3667/1763 5755/1811 5726/1879
f 5745/1631 1234/1762 5733/1758
f 5781/2321 2812/2262 2364/2313
f 185/3536 6200/3468 5796/3477
f 3698/2089 5787/2033 3776/2074
f 4303/1171 3090/1017 3735/1010
f 3773/2141 3698/2089 5808/2151
f 3325/2650 2801/2536 2649/2666
f 210/3107 225/2970 226/2989
f 6085/1290 1543/1230 1248/1336
f 4171/1706 5755/1811 3820/1678
f 3881/1951 3814/1959 5726/1879
f 243/2835 3461/2890 224/2975
f 6206/2928 5831/2940 241/2798
f 3274/2306 2852/2188 2860/2197
f 2607/2454 3646/2375 5732/2431
f 186/3421 6200/3468 212/3392
f 5731/2285 3548/2413 3634/2282
f 3548/2413 5731/2285 3646/2375
f 3195/1440 2843/1574 2842/1530
f 3492/2605 3548/2413 2607/2454
f 5792/2586 2318/2572 2335/2674
f 5770/2445 2757/2453 2731/2394
f 3548/2413 3646/2375 2607/2454
f 3274/2306 5693/2308 5695/2232
f 6334/1294 1233/1395 1245/1312
f 3881/1951 5784/2008 3814/1959
f 1103/1564 1008/1628 1270/1698
f 5815/1228 3506/1288 3194/1332
f 3657/1204 2898/1159 2830/1232
f 2899/721 4388/636 4318/782
f 1700/205 1688/211 1536/175
f 4318/782 4582/797 5690/909
f 2818/1742 3358/1808 3391/1689
f 698/1263 693/1370 699/1384
f 1361/1156 1365/1125 1542/1214
f 3606/1053 4154/930 5690/909
f 3657/1204 2830/1232 3206/1316
f 2898/1159 3606/1053 4353/1103
f 5660/507 1427/559 1755/558
f 1752/993 3444/1059 1793/1028
f 5631/150 5373/134 5663/100
f 5915/104 2164/55 1520/61
f 1412/564 1482/511 5602/538
f 5765/1203 1399/1264 1545/1265
f 1503/129 1493/144 1487/204
f 2832/1313 3195/1440 3143/1448
f 3143/1448 3144/1391 3206/1316
f 2364/2313 5809/2155 2620/2220
f 5586/1746 1311/1694 1320/1602
f 1845/531 1825/579 1835/534
f 1417/1326 1364/1364 1422/1287
f 5836/2111 2774/2050 2765/2131
f 6109/1482 1254/1499 6313/1435
f 714/854 697/756 703/726
f 1668/216 1701/167 1674/196
f 782/588 781/661 706/576
f 6101/1809 2323/1705 5965/1707
f 3570/2096 4288/2154 3571/2286
f 1108/1691 688/1616 702/1517
f 741/1136 787/1190 747/1225
f 787/1190 698/1263 699/1384
f 672/1397 699/1384 702/1517
f 1063/1792 5525/1884 1269/1737
f 3680/734 4582/797 3678/679
f 1261/1607 5965/1707 6110/1621
f 1008/1628 1098/1496 985/1650
f 3272/2079 5809/2155 2623/2175
f 787/1190 699/1384 672/1397
f 1425/1431 1388/1494 1433/1485
f 5691/877 5690/909 4582/797
f 4443/634 4298/594 3680/734
f 2830/1232 2832/1313 3206/1316
f 787/1190 672/1397 747/1225
f 1353/1427 6138/1535 1355/1446
f 2826/1188 2830/1232 2898/1159
f 4353/1103 2826/1188 2898/1159
f 2832/1313 3143/1448 3206/1316
f 2364/2313 2620/2220 2731/2394
f 5965/1707 2323/1705 6110/1621
f 3827/533 4531/529 4663/488
f 1203/1814 6235/1687 1260/1787
f 1213/1752 6101/1809 5965/1707
f 1260/1787 2323/1705 6101/1809
f 3134/2390 3560/2489 1171/2407
f 1008/1628 985/1650 1269/1737
f 4247/1560 2866/1710 5766/1632
f 1213/1752 5965/1707 1261/1607
f 1260/1787 6235/1687 2323/1705
f 4318/782 5690/909 4154/930
f 3656/997 3735/1010 4067/872
f 6246/1392 1247/1396 6294/1439
f 741/1136 747/1225 712/1070
f 1108/1691 702/1517 701/1542
f 3252/1931 3211/1777 3358/1808
f 3120/1479 5854/1505 2843/1574
f 1489/32 1488/75 1719/37
f 4582/797 3680/734 5691/877
f 4067/872 3735/1010 3976/838
f 1388/1494 6002/1578 6220/1591
f 5812/2014 5801/1940 5822/1928
f 1371/1346 1416/1379 1417/1326
f 4646/1015 4353/1103 3606/1053
f 3240/1670 3118/1837 1928/1745
f 1234/1762 3647/1891 1219/1864
f 4353/1103 4646/1015 3508/1108
f 5691/877 4646/1015 5690/909
f 4298/594 3715/759 3680/734
f 2832/1313 2830/1232 2826/1188
f 4353/1103 3508/1108 2826/1188
f 3120/1479 2843/1574 3195/1440
f 5720/2003 2774/2050 5822/1928
f 1489/32 1478/51 1501/49
f 2774/2050 5836/2111 5812/2014
f 5767/2012 5768/2005 3647/1891
f 1488/75 1501/49 1478/51
f 1489/32 1501/49 1488/75
f 1688/211 1580/190 1536/175
f 1388/1494 6304/1424 6305/1486
f 3570/2096 685/2268 995/2100
f 5694/299 1662/340 6042/324
f 3678/679 4582/797 4318/782
f 1536/175 1580/190 1529/141
f 5554/582 681/508 706/576
f 1700/205 1701/167 1668/216
f 2823/1821 2818/1742 2841/1633
f 1113/1701 1063/1792 985/1650
f 4106/1465 3897/1598 1562/1571
f 1301/1857 1384/1820 1291/1936
f 3118/1837 3240/1670 3125/1644
f 3199/1048 3508/1108 4646/1015
f 5738/1766 3647/1891 1234/1762
f 866/1935 1479/1875 687/1885
f 5691/877 3198/966 4646/1015
f 3680/734 3715/759 4418/857
f 3508/1108 5815/1228 2826/1188
f 3194/1332 3195/1440 2832/1313
f 4218/581 5646/671 782/588
f 703/726 5646/671 714/854
f 3678/679 3682/550 4443/634
f 6246/1392 1393/1315 1247/1396
f 1852/406 720/443 1853/364
f 1562/1571 4092/1461 4106/1465
f 4591/578 3827/533 4298/594
f 1848/545 716/521 1854/496
f 4218/581 782/588 1848/545
f 4106/1465 3920/1308 3868/1386
f 4218/581 1825/579 5646/671
f 705/441 1851/403 1849/454
f 1854/496 1849/454 1841/435
f 688/1616 672/1397 702/1517
f 5128/230 5093/248 5074/214
f 3868/1386 3897/1598 4106/1465
f 5809/2155 5812/2014 5836/2111
f 3110/1655 3118/1837 3125/1644
f 4318/782 4154/930 4067/872
f 3192/1115 3508/1108 3199/1048
f 3198/966 5691/877 4418/857
f 3224/1404 3120/1479 3195/1440
f 5525/1884 1270/1698 1269/1737
f 2832/1313 5815/1228 3194/1332
f 3224/1404 3195/1440 3194/1332
f 1854/496 716/521 1849/454
f 1854/496 1835/534 1848/545
f 706/576 681/508 1844/502
f 694/1468 1103/1564 701/1542
f 1384/1820 1367/1849 1283/1998
f 1262/1920 1283/1998 1367/1849
f 1367/1849 6134/1855 1262/1920
f 3178/886 3198/966 4418/857
f 3214/1950 3252/1931 5724/2022
f 1267/1882 1220/1957 1207/1865
f 866/1935 690/1805 1479/1875
f 3597/2108 5768/2005 5767/2012
f 1367/1849 1203/1814 6134/1855
f 1207/1865 1203/1814 1260/1787
f 1267/1882 1207/1865 1260/1787
f 1262/1920 6134/1855 1203/1814
f 1203/1814 1207/1865 1262/1920
f 1247/1396 1381/1491 6294/1439
f 1207/1865 1220/1957 1262/1920
f 5854/1505 3110/1655 3125/1644
f 1108/1691 1270/1698 687/1885
f 3233/1580 3143/1448 2841/1633
f 5724/2022 3252/1931 3272/2079
f 3144/1391 5780/1472 5709/1425
f 3192/1115 3199/1048 3173/989
f 3199/1048 3198/966 3173/989
f 2812/2262 2809/2249 2623/2175
f 4205/1506 4141/1460 3114/1413
f 1270/1698 5525/1884 687/1885
f 1433/1485 6220/1591 6263/1577
f 1857/415 1851/403 705/441
f 1208/2240 1210/2073 1228/2147
f 3194/1332 3506/1288 3224/1404
f 1851/403 1857/415 1852/406
f 5554/582 706/576 713/675
f 4218/581 1835/534 1825/579
f 1841/435 1849/454 1851/403
f 3735/1010 3656/997 3269/1093
f 779/901 697/756 714/854
f 1858/321 1851/403 1852/406
f 5733/1758 1219/1864 1222/1806
f 3224/1404 3506/1288 3140/1377
f 706/576 716/521 782/588
f 5371/258 1858/321 1853/364
f 5802/1997 3749/1880 5801/1940
f 1255/1218 1393/1315 1399/1264
f 1217/2234 1208/2240 1228/2147
f 713/675 706/576 781/661
f 5762/1443 5709/1425 4247/1560
f 703/726 697/756 781/661
f 4141/1460 3744/1338 3114/1413
f 1832/354 1851/403 1858/321
f 5809/2155 3272/2079 5802/1997
f 705/441 720/443 1852/406
f 780/1042 779/901 714/854
f 1371/1346 1399/1264 1393/1315
f 1256/1436 1241/1410 1279/1557
f 1253/1163 1255/1218 1420/1139
f 1845/531 1843/512 1825/579
f 5371/258 1853/364 2900/270
f 681/508 720/443 705/441
f 2843/1574 3240/1670 1928/1745
f 3173/989 3198/966 3178/886
f 2620/2220 5809/2155 5836/2111
f 1253/1163 1424/1119 1377/1268
f 5371/258 2892/228 1858/321
f 1835/534 4218/581 1848/545
f 1175/2570 1171/2407 3560/2489
f 6002/1578 6235/1687 6220/1591
f 5815/1228 3166/1201 3506/1288
f 1373/1191 1394/1141 1420/1139
f 1279/1557 2293/1549 1256/1436
f 1388/1494 6220/1591 1433/1485
f 3668/2254 1217/2234 1215/2102
f 1232/1747 6321/1626 1257/1696
f 1840/477 1845/531 1835/534
f 3668/2254 1177/2372 1217/2234
f 6001/1636 2323/1705 6235/1687
f 1373/1191 1399/1264 5765/1203
f 5762/1443 5697/1324 5709/1425
f 3757/2165 3817/2057 1216/2179
f 2823/1821 3749/1880 2818/1742
f 6220/1591 6235/1687 6234/1721
f 5683/1106 3166/1201 3192/1115
f 1852/406 1853/364 1858/321
f 3554/2038 5767/2012 5749/1911
f 1255/1218 1373/1191 1420/1139
f 6002/1578 1259/1562 6110/1621
f 5756/2123 3641/2150 3668/2254
f 1856/416 1840/477 1841/435
f 1353/1427 1366/1362 1345/1463
f 1856/416 1851/403 1832/354
f 1177/2372 1185/2385 1208/2240
f 1848/545 782/588 716/521
f 6218/1887 1280/1924 1282/1791
f 4298/594 4443/634 4591/578
f 1364/1364 1416/1379 1425/1431
f 1371/1346 1417/1326 1372/1302
f 1545/1265 1399/1264 1372/1302
f 5756/2123 5767/2012 3554/2038
f 3893/2004 3554/2038 3844/1921
f 1368/1421 1425/1431 1433/1485
f 1394/1141 1373/1191 5765/1203
f 6220/1591 6234/1721 6263/1577
f 1203/1814 6234/1721 6235/1687
f 2900/270 3538/163 5371/258
f 1349/1641 6208/1630 6138/1535
f 3641/2150 3616/2256 3668/2254
f 1381/1491 1254/1499 1261/1607
f 781/661 709/696 713/675
f 1177/2372 1171/2407 1175/2570
f 1422/1287 1379/1247 1545/1265
f 1372/1302 1417/1326 1545/1265
f 699/1384 693/1370 694/1468
f 1545/1265 1379/1247 5765/1203
f 5371/258 3538/163 2892/228
f 3597/2108 3668/2254 1215/2102
f 6305/1486 6304/1424 6294/1439
f 1366/1362 1368/1421 1345/1463
f 2774/2050 2784/2085 2765/2131
f 2620/2220 2919/2207 2731/2394
f 1297/1961 1222/1806 1219/1864
f 5697/1324 5762/1443 3114/1413
f 1425/1431 1368/1421 1364/1364
f 6109/1482 6321/1626 1254/1499
f 5836/2111 2765/2131 2620/2220
f 1205/2011 1210/2073 1202/1932
f 1433/1485 1345/1463 1368/1421
f 3134/2390 3668/2254 3616/2256
f 3867/2086 3641/2150 3554/2038
f 1422/1287 1364/1364 1421/1297
f 6246/1392 1371/1346 1393/1315
f 1211/2091 1210/2073 1208/2240
f 1201/1956 6101/1809 1202/1932
f 1173/2468 1177/2372 1175/2570
f 1387/1714 1327/1648 6234/1721
f 3252/1931 3358/1808 3749/1880
f 1546/846 1453/931 1429/839
f 1173/2468 1176/2506 1185/2385
f 6101/1809 1201/1956 1267/1882
f 1098/1496 1008/1628 1103/1564
f 1545/1265 1417/1326 1422/1287
f 1138/2187 1193/2178 1191/2335
f 699/1384 694/1468 701/1542
f 2818/1742 3233/1580 2841/1633
f 1369/1584 6263/1577 1327/1648
f 6138/1535 1353/1427 1345/1463
f 6234/1721 1367/1849 1384/1820
f 1840/477 1843/512 1845/531
f 1345/1463 1369/1584 6138/1535
f 4588/264 4522/276 4689/346
f 3192/1115 5815/1228 3508/1108
f 3554/2038 3893/2004 3867/2086
f 5762/1443 4205/1506 3114/1413
f 3867/2086 3757/2165 3641/2150
f 1175/2570 3560/2489 3556/2576
f 1176/2506 1173/2468 5753/2526
f 1422/1287 1421/1297 1379/1247
f 1307/1736 1333/1761 6218/1887
f 3744/1338 5697/1324 3114/1413
f 1327/1648 1294/1647 1369/1584
f 1369/1584 1349/1641 6138/1535
f 3893/2004 3817/2057 3867/2086
f 3657/1204 4303/1171 3269/1093
f 1193/2178 1293/2064 1299/2019
f 3867/2086 3817/2057 3757/2165
f 4106/1465 4092/1461 3920/1308
f 5753/2526 1175/2570 1183/2585
f 4154/930 3606/1053 3656/997
f 1176/2506 5753/2526 1183/2585
f 5822/1928 5801/1940 2823/1821
f 1384/1820 6241/1704 1387/1714
f 1175/2570 1167/2745 1183/2585
f 1311/1694 5586/1746 1290/1818
f 1334/1666 1192/1612 6208/1630
f 5761/1677 6267/1634 1192/1612
f 4689/346 1573/300 4588/264
f 5525/1884 1063/1792 1100/1939
f 1183/2585 1181/2622 1176/2506
f 6241/1704 1349/1641 1294/1647
f 6241/1704 1384/1820 1356/1732
f 1355/1446 6138/1535 1319/1527
f 780/1042 712/1070 779/901
f 1841/435 1851/403 1856/416
f 6208/1630 1349/1641 1356/1732
f 1192/1612 6138/1535 6208/1630
f 3240/1670 2843/1574 3125/1644
f 1592/215 1617/189 1615/237
f 286/2957 1731/2905 1214/2859
f 3616/2256 3641/2150 3757/2165
f 6215/2739 1167/2745 1214/2859
f 1167/2745 1175/2570 241/2798
f 286/2957 260/2978 1731/2905
f 1592/215 1598/124 1617/189
f 2623/2175 3423/2127 3272/2079
f 1167/2745 1181/2622 1183/2585
f 1281/1664 5586/1746 1320/1602
f 694/1468 1098/1496 1103/1564
f 1214/2859 1167/2745 5831/2940
f 6208/1630 1356/1732 1334/1666
f 780/1042 787/1190 741/1136
f 6241/1704 1356/1732 1349/1641
f 6110/1621 2323/1705 6001/1636
f 2865/1840 3212/1971 2100/1772
f 1857/415 705/441 1852/406
f 4388/636 3678/679 4318/782
f 1384/1820 1301/1857 1356/1732
f 1615/237 1617/189 5093/248
f 5766/1632 2866/1710 2100/1772
f 1731/2905 1182/2842 1214/2859
f 1319/1527 6138/1535 1192/1612
f 6321/1626 1277/1640 1257/1696
f 5804/2882 5803/2716 2292/2873
f 1319/1527 1192/1612 6267/1634
f 1356/1732 1333/1761 1334/1666
f 4418/857 5691/877 3680/734
f 5697/1324 4303/1171 3657/1204
f 5761/1677 1192/1612 1334/1666
f 1835/534 1854/496 1840/477
f 6218/1887 1333/1761 1301/1857
f 1854/496 1841/435 1840/477
f 1208/2240 1266/2200 1211/2091
f 4443/634 3680/734 3678/679
f 1291/1936 1299/2019 1301/1857
f 1205/2011 1202/1932 1229/1877
f 1281/1664 1319/1527 6267/1634
f 1211/2091 1266/2200 6252/2056
f 1334/1666 1333/1761 5761/1677
f 1299/2019 6218/1887 1301/1857
f 4230/5572 2973/5654 4244/5703
f 4244/5703 4243/5745 2969/5616
f 3286/5470 2949/5456 2954/5342
f 2973/5654 2948/5725 2994/5730
f 532/5993 3167/5932 2935/5878
f 2974/5782 4244/5703 2994/5730
f 4244/5703 2973/5654 2994/5730
f 4230/5572 2969/5616 4256/5524
f 4014/5987 2985/5963 2926/6072
f 5291/5629 2973/5654 2959/5557
f 4226/5273 5340/5261 2967/5196
f 5366/5215 2979/5179 979/5160
f 2959/5557 2952/5544 5291/5629
f 4244/5703 2969/5616 4230/5572
f 2959/5557 2973/5654 4230/5572
f 3068/5897 2922/5821 2921/5901
f 5390/5323 5340/5261 4226/5273
f 2948/5725 2973/5654 5291/5629
f 3066/5478 2949/5456 4230/5572
f 5390/5323 4214/5314 5340/5261
f 4208/5900 3005/5817 3003/5806
f 2890/5117 2968/5235 2888/5120
f 2983/5350 4264/5351 5213/5407
f 2952/5544 3286/5470 5426/5441
f 2949/5456 2959/5557 4230/5572
f 2969/5616 5427/5526 4256/5524
f 2969/5616 2993/5744 4179/5599
f 2969/5616 4243/5745 2993/5744
f 3017/5983 4208/5900 3167/5932
f 2914/5659 5291/5629 2952/5544
f 5378/5374 2954/5342 2949/5456
f 4316/5445 4246/5472 5427/5526
f 2922/5821 2955/5807 2948/5725
f 2956/5021 2888/5120 1019/5076
f 2955/5807 2974/5782 2994/5730
f 4256/5524 5427/5526 4246/5472
f 2938/6140 2997/6068 3077/6094
f 2935/5878 3003/5806 2974/5782
f 5427/5526 2969/5616 4179/5599
f 4246/5472 3066/5478 4256/5524
f 1874/5092 4026/5126 979/5160
f 5426/5441 2954/5342 2929/5355
f 2958/5220 1019/5076 2888/5120
f 4243/5745 3003/5806 3005/5817
f 3286/5470 2954/5342 5426/5441
f 4244/5703 3003/5806 4243/5745
f 2993/5744 4243/5745 3005/5817
f 2949/5456 5213/5407 5378/5374
f 2959/5557 3286/5470 2952/5544
f 4259/6100 532/5993 4004/6101
f 1019/5076 2967/5196 3396/5077
f 5213/5407 3066/5478 4246/5472
f 3068/5897 2935/5878 2955/5807
f 4208/5900 3003/5806 2935/5878
f 4214/5314 4264/5351 2983/5350
f 5378/5374 5390/5323 2954/5342
f 5213/5407 4264/5351 5378/5374
f 3077/6094 2933/6152 3080/6188
f 3068/5897 532/5993 2935/5878
f 2968/5235 2929/5355 2954/5342
f 2935/5878 3167/5932 4208/5900
f 2954/5342 5390/5323 4226/5273
f 2922/5821 3068/5897 2955/5807
f 2958/5220 2888/5120 2968/5235
f 5340/5261 570/5183 2967/5196
f 4264/5351 5390/5323 5378/5374
f 5213/5407 4316/5445 3393/5397
f 4259/6100 3017/5983 532/5993
f 2958/5220 2967/5196 1019/5076
f 570/5183 3396/5077 2967/5196
f 3068/5897 2921/5901 4014/5987
f 3068/5897 4014/5987 532/5993
f 2954/5342 4226/5273 2958/5220
f 5390/5323 4264/5351 4214/5314
f 3080/6188 3081/6212 2938/6140
f 3393/5397 2983/5350 5213/5407
f 2840/6747 2831/6762 2829/6854
f 2831/6762 2732/6819 2829/6854
f 2921/5901 2985/5963 4014/5987
f 2974/5782 2955/5807 2935/5878
f 84/6050 4014/5987 2926/6072
f 2959/5557 2949/5456 3286/5470
f 2652/6908 2647/6866 2613/6859
f 3167/5932 532/5993 3017/5983
f 4244/5703 2974/5782 3003/5806
f 2948/5725 2955/5807 2994/5730
f 2613/6859 2662/6892 2652/6908
f 2949/5456 3066/5478 5213/5407
f 532/5993 4014/5987 3137/6028
f 2967/5196 2958/5220 4226/5273
f 5291/5629 2914/5659 2948/5725
f 4214/5314 2983/5350 5653/5283
f 2662/6892 2651/6929 2652/6908
f 2714/6886 2787/6835 2790/6771
f 4162/5207 5366/5215 979/5160
f 2983/5350 3393/5397 2978/5343
f 2634/6792 2613/6859 2647/6866
f 3137/6028 2997/6068 532/5993
f 4214/5314 5653/5283 5340/5261
f 4014/5987 84/6050 3137/6028
f 2983/5350 2978/5343 5653/5283
f 2787/6835 2701/6895 2789/6843
f 3538/4969 2890/5117 2888/5120
f 2569/6900 2647/6866 2638/6921
f 4004/6101 532/5993 2997/6068
f 2701/6895 3064/6899 2789/6843
f 2829/6854 2732/6819 2699/6942
f 4316/5445 5213/5407 4246/5472
f 3137/6028 3077/6094 2997/6068
f 84/6050 3077/6094 3137/6028
f 2958/5220 2968/5235 2954/5342
f 4256/5524 3066/5478 4230/5572
f 2662/6892 2676/6931 2651/6929
f 570/5183 5340/5261 4162/5207
f 5653/5283 4162/5207 5340/5261
f 2978/5343 2977/5241 5653/5283
f 2676/6931 2662/6892 2616/6877
f 3064/6899 3053/6873 2789/6843
f 2926/6072 3077/6094 84/6050
f 4004/6101 3081/6212 4259/6100
f 2829/6854 2796/6833 2840/6747
f 2701/6895 2787/6835 2714/6886
f 2997/6068 2938/6140 4004/6101
f 4162/5207 4026/5126 570/5183
f 4026/5126 3396/5077 570/5183
f 2647/6866 2652/6908 2638/6921
f 2785/6946 2701/6895 2714/6886
f 4162/5207 5653/5283 5366/5215
f 2956/5021 3538/4969 2888/5120
f 2721/6926 2796/6833 2829/6854
f 2676/6931 2616/6877 2694/6914
f 5653/5283 2977/5241 5366/5215
f 3077/6094 2926/6072 2933/6152
f 3081/6212 4004/6101 2938/6140
f 2938/6140 3077/6094 3080/6188
f 4162/5207 979/5160 4026/5126
f 5366/5215 2977/5241 2979/5179
f 1874/5092 979/5160 2979/5179
f 2714/6886 2796/6833 2721/6926
f 5099/6948 5583/6935 6314/6897
f 3053/6873 2658/6936 2694/6914
f 2699/6942 2721/6926 2829/6854
f 5564/6910 5566/6944 4286/6957
f 4983/6954 5564/6910 4286/6957
f 5564/6910 4983/6954 5953/6928
f 3594/6789 5828/6842 4391/6878
f 2658/6936 3053/6873 3064/6899
f 2785/6946 3064/6899 2701/6895
f 4391/6878 5566/6944 5564/6910
f 5564/6910 3594/6789 4391/6878
f 5566/6944 4391/6878 4454/6930
f 4454/6930 4391/6878 5828/6842
f 2658/6936 3064/6899 2785/6946
f 5445/5473 5597/5437 5494/5527
f 5425/5924 5786/5844 5499/5852
f 5597/5437 5679/5385 4363/5344
f 2694/6914 2616/6877 3053/6873
f 5527/6733 4715/6731 4714/6837
f 5880/5994 5386/6063 5410/6027
f 4723/6502 2987/6466 4465/6394
f 5597/5437 5662/5493 5494/5527
f 5547/6452 4743/6446 4727/6392
f 4960/6484 5088/6525 5134/6445
f 5458/6298 4465/6394 4374/6315
f 5224/6034 5236/6038 5197/5976
f 5453/6051 5454/6054 4906/5979
f 4911/5861 5500/5793 5570/5779
f 5349/5543 5494/5527 5468/5636
f 5176/6045 5989/6083 5158/6032
f 5876/6778 4814/6875 5521/6798
f 4364/5420 4363/5344 4382/5390
f 5468/5636 5424/5583 5349/5543
f 4880/6578 5345/6604 4896/6611
f 5413/5532 5185/5621 5898/5610
f 5424/5583 5423/5652 5430/5690
f 5662/5493 4383/5466 5253/5537
f 5109/6939 6288/6881 4943/6934
f 5391/6311 5383/6272 5191/6243
f 5253/5537 4383/5466 5897/5521
f 5527/6733 5806/6638 4765/6623
f 5500/5793 4333/5761 5430/5690
f 4743/6446 4723/6502 4465/6394
f 5450/6220 5370/6227 5363/6304
f 5635/5739 5221/5841 5223/5805
f 4715/6731 4296/6810 4714/6837
f 5410/6027 5412/6128 5542/6059
f 5468/5636 5316/5726 5570/5779
f 5897/5521 5898/5610 5253/5537
f 5436/5575 5348/5604 5416/5665
f 5405/6170 5989/6083 5139/6114
f 5468/5636 5430/5690 5423/5652
f 5236/6038 5215/6085 5514/6116
f 5432/5592 4333/5761 4322/5727
f 5392/6002 5130/5933 5289/5989
f 5167/6374 6022/6381 5134/6445
f 5316/5726 5468/5636 5416/5665
f 4383/5466 5662/5493 4364/5420
f 2267/6916 5073/6811 4515/6901
f 6028/6049 5392/6002 5158/6032
f 4880/6578 4895/6541 6323/6522
f 5940/6143 5386/6063 5514/6116
f 5416/5665 5223/5805 5316/5726
f 4319/6175 5505/6127 4752/6119
f 5906/5910 5197/5976 4367/5946
f 4895/6541 4896/6611 4765/6623
f 4321/6706 5876/6778 4576/6763
f 5223/5805 4367/5946 5742/5915
f 4321/6706 4479/6617 5529/6707
f 5874/6669 4896/6611 4767/6648
f 4330/5988 5409/5916 5742/5915
f 5409/5916 4911/5861 5742/5915
f 4383/5466 4668/5457 5897/5521
f 5742/5915 4367/5946 5880/5994
f 4895/6541 4355/6474 4933/6460
f 4835/6888 5860/6941 4480/6911
f 4576/6763 4422/6743 4321/6706
f 6320/6759 5961/6688 4766/6691
f 5419/5814 5906/5910 5221/5841
f 5898/5610 5416/5665 5348/5604
f 4835/6888 5828/6842 4406/6802
f 5742/5915 5880/5994 5410/6027
f 5209/5895 5906/5910 5419/5814
f 5349/5543 5424/5583 5899/5477
f 5391/6311 5136/6320 4365/6366
f 4354/6518 4895/6541 4765/6623
f 4455/6225 4808/6224 4374/6315
f 5786/5844 5425/5924 5559/5939
f 5436/5575 5416/5665 5468/5636
f 5259/5689 5184/5711 5419/5814
f 5742/5915 5410/6027 4330/5988
f 2267/6916 5109/6939 965/6953
f 4321/6706 5529/6707 5876/6778
f 4911/5861 5499/5852 5500/5793
f 5679/5385 5445/5473 5899/5477
f 4383/5466 4382/5390 4668/5457
f 5967/6168 5381/6250 5201/6215
f 5806/6638 4479/6617 5359/6530
f 4364/5420 5662/5493 5597/5437
f 5432/5592 5430/5690 4333/5761
f 5786/5844 4333/5761 5499/5852
f 5830/6106 5453/6051 5542/6059
f 5133/6497 5088/6525 5365/6592
f 5450/6220 4319/6175 4752/6119
f 5570/5779 5223/5805 5742/5915
f 5429/5866 5786/5844 5559/5939
f 5830/6106 5412/6128 5450/6220
f 4383/5466 4364/5420 4382/5390
f 4330/5988 4906/5979 5409/5916
f 5117/6126 5386/6063 5940/6143
f 4367/5946 5221/5841 5906/5910
f 5197/5976 5236/6038 4367/5946
f 5209/5895 5419/5814 5239/5881
f 5494/5527 5662/5493 5436/5575
f 5209/5895 4366/5959 5906/5910
f 4906/5979 5559/5939 5425/5924
f 965/6953 5083/6949 2267/6916
f 4455/6225 4894/6138 4808/6224
f 5994/6105 5967/6168 5215/6085
f 5494/5527 5436/5575 5468/5636
f 5239/5881 5182/5846 5238/5958
f 5635/5739 5419/5814 5221/5841
f 5425/5924 5499/5852 5409/5916
f 5410/6027 5542/6059 4330/5988
f 5182/5846 5239/5881 5257/5797
f 5570/5779 5430/5690 5468/5636
f 3562/6644 4356/6583 3332/6675
f 5253/5537 5348/5604 5436/5575
f 5236/6038 5514/6116 5386/6063
f 4895/6541 4354/6518 4355/6474
f 5190/6208 5179/6137 5191/6243
f 953/6443 4960/6484 5134/6445
f 4906/5979 5454/6054 4326/5985
f 2267/6916 4934/6874 5073/6811
f 4767/6648 4896/6611 5345/6604
f 5453/6051 4330/5988 5542/6059
f 4366/5959 5437/6036 5224/6034
f 5238/5958 4366/5959 5239/5881
f 5541/6067 4326/5985 5536/6071
f 5158/6032 5289/5989 5176/6045
f 4356/6583 4376/6582 4375/6498
f 5454/6054 5536/6071 4326/5985
f 4442/6485 4356/6583 4375/6498
f 5130/5933 5238/5958 5182/5846
f 4712/6756 3332/6675 4421/6737
f 5940/6143 5514/6116 5201/6215
f 5253/5537 5436/5575 5662/5493
f 5073/6811 4901/6790 5387/6726
f 4367/5946 5223/5805 5221/5841
f 5514/6116 5215/6085 5967/6168
f 5167/6374 5136/6320 5338/6306
f 5224/6034 5994/6105 5215/6085
f 5259/5689 5185/5621 5184/5711
f 5536/6071 5505/6127 5541/6067
f 4752/6119 5454/6054 5453/6051
f 5899/5477 5445/5473 5349/5543
f 4387/6434 5498/6335 5497/6407
f 4453/6580 4356/6583 4442/6485
f 4442/6485 5497/6407 2987/6466
f 5500/5793 5430/5690 5570/5779
f 953/6443 5161/6505 5501/6528
f 5238/5958 5392/6002 6028/6049
f 5597/5437 5445/5473 5679/5385
f 5236/6038 5386/6063 4367/5946
f 5967/6168 5994/6105 5190/6208
f 4873/6945 4466/6904 4869/6862
f 5133/6497 4888/6563 4889/6481
f 4333/5761 5786/5844 4322/5727
f 4905/6745 4901/6790 4870/6867
f 5419/5814 5257/5797 5239/5881
f 4905/6745 5526/6677 4901/6790
f 5522/6199 5156/6242 5191/6243
f 5201/6215 5002/6314 4913/6280
f 5830/6106 5450/6220 4752/6119
f 5450/6220 5412/6128 5370/6227
f 5238/5958 5130/5933 5392/6002
f 3332/6675 4712/6756 5791/6727
f 5570/5779 5742/5915 4911/5861
f 5898/5610 5348/5604 5253/5537
f 5345/6604 4888/6563 5132/6647
f 4733/6879 4814/6875 4862/6925
f 5136/6320 5167/6374 3135/6414
f 4366/5959 5209/5895 5239/5881
f 5830/6106 4752/6119 5453/6051
f 5500/5793 5499/5852 4333/5761
f 5201/6215 5370/6227 4335/6172
f 5289/5989 5158/6032 5392/6002
f 5967/6168 5190/6208 5381/6250
f 4901/6790 5526/6677 5387/6726
f 5897/5521 5413/5532 5898/5610
f 5002/6314 5201/6215 5381/6250
f 4455/6225 4374/6315 5498/6335
f 4913/6280 5370/6227 5201/6215
f 5156/6242 5405/6170 5187/6232
f 5383/6272 5190/6208 5191/6243
f 4905/6745 6320/6759 4766/6691
f 5445/5473 5494/5527 5349/5543
f 5238/5958 6028/6049 5437/6036
f 4808/6224 5450/6220 5458/6298
f 5259/5689 5898/5610 5185/5621
f 5236/6038 5224/6034 5215/6085
f 4808/6224 4319/6175 5450/6220
f 4356/6583 4675/6627 3332/6675
f 4326/5985 5429/5866 5559/5939
f 5898/5610 5635/5739 5416/5665
f 5455/6336 5450/6220 5363/6304
f 5158/6032 5989/6083 6028/6049
f 5384/6317 5002/6314 5381/6250
f 4888/6563 5345/6604 6227/6549
f 5791/6727 4712/6756 5828/6842
f 5179/6137 5989/6083 5405/6170
f 5381/6250 5190/6208 5383/6272
f 5635/5739 5898/5610 5259/5689
f 5409/5916 4906/5979 5425/5924
f 5559/5939 4906/5979 4326/5985
f 4363/5344 4364/5420 5597/5437
f 5363/6304 4913/6280 4331/6371
f 4913/6280 5363/6304 5370/6227
f 5455/6336 5363/6304 4727/6392
f 5412/6128 5410/6027 5386/6063
f 5458/6298 5450/6220 5455/6336
f 5527/6733 4781/6805 4320/6814
f 5497/6407 5498/6335 4374/6315
f 5536/6071 5454/6054 5505/6127
f 5437/6036 5179/6137 5994/6105
f 4880/6578 4896/6611 4895/6541
f 5002/6314 4331/6371 4913/6280
f 4814/6875 4735/6922 4736/6933
f 5468/5636 5423/5652 5424/5583
f 3135/6414 5134/6445 5133/6497
f 5961/6688 6320/6759 4297/6736
f 4808/6224 5458/6298 4374/6315
f 5876/6778 5529/6707 4320/6814
f 4727/6392 5443/6388 5455/6336
f 5455/6336 4465/6394 5458/6298
f 5989/6083 5176/6045 5139/6114
f 4889/6481 3135/6414 5133/6497
f 4832/6410 4331/6371 5002/6314
f 5002/6314 5887/6377 4832/6410
f 5384/6317 5814/6340 5887/6377
f 5381/6250 5383/6272 5384/6317
f 4905/6745 4870/6867 4869/6862
f 5405/6170 5156/6242 5522/6199
f 5391/6311 5814/6340 5383/6272
f 5874/6669 4715/6731 4765/6623
f 4675/6627 4356/6583 4453/6580
f 4745/6869 4714/6837 4296/6810
f 4727/6392 4331/6371 4748/6442
f 4366/5959 5238/5958 5437/6036
f 5453/6051 4906/5979 4330/5988
f 4743/6446 5443/6388 4727/6392
f 5443/6388 4465/6394 5455/6336
f 4465/6394 5497/6407 4374/6315
f 4453/6580 4409/6673 4675/6627
f 5814/6340 5391/6311 4365/6366
f 4727/6392 4748/6442 5150/6468
f 4743/6446 4465/6394 5443/6388
f 4748/6442 4832/6410 4355/6474
f 5405/6170 5102/6180 5187/6232
f 4480/6911 4459/6951 4454/6930
f 4465/6394 2987/6466 5497/6407
f 4354/6518 5150/6468 4748/6442
f 5386/6063 5880/5994 4367/5946
f 4921/6409 4889/6481 4933/6460
f 5848/6855 4733/6879 4862/6925
f 4365/6366 3135/6414 4921/6409
f 4366/5959 5197/5976 5906/5910
f 3135/6414 4365/6366 5136/6320
f 5179/6137 5190/6208 5994/6105
f 5814/6340 4921/6409 5887/6377
f 5497/6407 4442/6485 4387/6434
f 4387/6434 4442/6485 4375/6498
f 6227/6549 5345/6604 4880/6578
f 5150/6468 5359/6530 5547/6452
f 5359/6530 5150/6468 4354/6518
f 4743/6446 5359/6530 4723/6502
f 5405/6170 5522/6199 5179/6137
f 4895/6541 4933/6460 6323/6522
f 3135/6414 4889/6481 4921/6409
f 4453/6580 4442/6485 2987/6466
f 5547/6452 5359/6530 4743/6446
f 5635/5739 5223/5805 5416/5665
f 5570/5779 5316/5726 5223/5805
f 4335/6172 5412/6128 5117/6126
f 4419/6657 4409/6673 4453/6580
f 4354/6518 4765/6623 5359/6530
f 4832/6410 4933/6460 4355/6474
f 4723/6502 5359/6530 4479/6617
f 5156/6242 5338/6306 5136/6320
f 5635/5739 5259/5689 5419/5814
f 4889/6481 6227/6549 6323/6522
f 953/6443 5134/6445 6022/6381
f 2987/6466 4723/6502 4453/6580
f 953/6443 6022/6381 5141/6368
f 5940/6143 4335/6172 5117/6126
f 4479/6617 4453/6580 4723/6502
f 5224/6034 5437/6036 5994/6105
f 4765/6623 5806/6638 5359/6530
f 4870/6867 6231/6937 4869/6862
f 6323/6522 6227/6549 4880/6578
f 6227/6549 4889/6481 4888/6563
f 5363/6304 4331/6371 4727/6392
f 5134/6445 5088/6525 5133/6497
f 5505/6127 5454/6054 4752/6119
f 5365/6592 4883/6654 5526/6677
f 5167/6374 5134/6445 3135/6414
f 4453/6580 4479/6617 4419/6657
f 5529/6707 4479/6617 5806/6638
f 5501/6528 4960/6484 953/6443
f 953/6443 5159/6437 5161/6505
f 5257/5797 5184/5711 5166/5738
f 5424/5583 5430/5690 5432/5592
f 5967/6168 5201/6215 5514/6116
f 5386/6063 5117/6126 5412/6128
f 4321/6706 4419/6657 4479/6617
f 5527/6733 4765/6623 4715/6731
f 5409/5916 5499/5852 4911/5861
f 4765/6623 4896/6611 5874/6669
f 5806/6638 5527/6733 5529/6707
f 5159/6437 953/6443 5141/6368
f 5365/6592 6021/6614 4888/6563
f 5088/6525 5502/6600 5365/6592
f 4409/6673 4419/6657 4422/6743
f 4419/6657 4321/6706 4422/6743
f 5505/6127 4808/6224 4894/6138
f 5501/6528 5502/6600 5088/6525
f 3989/6665 4376/6582 3562/6644
f 3562/6644 3332/6675 5791/6727
f 3989/6665 3562/6644 5791/6727
f 4894/6138 5541/6067 5505/6127
f 4320/6814 5529/6707 5527/6733
f 4297/6736 4715/6731 5874/6669
f 5961/6688 5874/6669 4767/6648
f 5365/6592 5526/6677 6021/6614
f 5365/6592 5502/6600 4883/6654
f 4409/6673 4422/6743 4395/6769
f 5132/6647 4767/6648 5345/6604
f 4421/6737 3332/6675 4409/6673
f 4714/6837 4781/6805 5527/6733
f 4297/6736 4296/6810 4715/6731
f 5961/6688 4297/6736 5874/6669
f 5176/6045 6033/6033 5139/6114
f 5961/6688 4767/6648 4766/6691
f 5109/6939 2267/6916 4515/6901
f 4335/6172 5940/6143 5201/6215
f 4331/6371 4832/6410 4748/6442
f 4767/6648 5132/6647 4766/6691
f 4733/6879 4420/6822 4814/6875
f 4356/6583 3562/6644 4376/6582
f 6021/6614 5526/6677 5132/6647
f 4395/6769 4421/6737 4409/6673
f 4422/6743 4420/6822 4395/6769
f 5521/6798 4422/6743 4576/6763
f 4722/6868 4781/6805 4714/6837
f 4781/6805 4722/6868 4320/6814
f 4320/6814 4814/6875 5876/6778
f 4354/6518 4748/6442 4355/6474
f 4576/6763 5876/6778 5521/6798
f 5191/6243 5156/6242 5136/6320
f 6320/6759 4296/6810 4297/6736
f 5501/6528 5088/6525 4960/6484
f 4766/6691 5132/6647 4905/6745
f 5526/6677 4905/6745 5132/6647
f 5387/6726 5526/6677 4883/6654
f 4421/6737 4395/6769 4406/6802
f 6288/6881 5109/6939 4903/6864
f 4420/6822 5848/6855 4395/6769
f 5828/6842 4712/6756 4406/6802
f 5791/6727 5828/6842 3594/6789
f 4466/6904 4745/6869 4296/6810
f 4366/5959 5224/6034 5197/5976
f 4745/6869 4746/6940 4714/6837
f 4722/6868 4714/6837 4788/6938
f 5547/6452 4727/6392 5150/6468
f 4320/6814 4722/6868 4735/6922
f 6028/6049 5989/6083 5179/6137
f 5786/5844 5429/5866 4322/5727
f 4869/6862 4296/6810 6320/6759
f 4395/6769 5848/6855 4406/6802
f 4733/6879 5848/6855 4420/6822
f 5521/6798 4814/6875 4420/6822
f 4466/6904 4296/6810 4869/6862
f 4745/6869 4466/6904 4746/6940
f 4788/6938 4714/6837 4746/6940
f 4735/6922 4722/6868 4788/6938
f 6320/6759 4905/6745 4869/6862
f 5848/6855 4835/6888 4406/6802
f 5828/6842 4835/6888 4480/6911
f 4466/6904 4724/6958 4746/6940
f 4335/6172 5370/6227 5412/6128
f 4783/6950 4814/6875 4736/6933
f 4934/6874 4870/6867 4901/6790
f 5073/6811 4934/6874 4901/6790
f 4862/6925 4835/6888 5848/6855
f 5828/6842 4480/6911 4454/6930
f 4903/6864 5073/6811 4961/6788
f 4869/6862 6231/6937 4873/6945
f 4783/6950 4862/6925 4814/6875
f 5083/6949 4870/6867 4934/6874
f 3047/6943 4835/6888 4862/6925
f 4480/6911 5860/6941 4459/6951
f 3047/6943 5860/6941 4835/6888
f 4421/6737 4406/6802 4712/6756
f 5083/6949 6231/6937 4870/6867
f 2267/6916 5083/6949 4934/6874
f 4422/6743 5521/6798 4420/6822
f 5412/6128 5830/6106 5542/6059
f 5073/6811 4903/6864 4515/6901
f 5184/5711 5257/5797 5419/5814
f 5437/6036 6028/6049 5179/6137
f 5887/6377 4921/6409 4933/6460
f 4933/6460 4889/6481 6323/6522
f 4888/6563 6021/6614 5132/6647
f 4808/6224 5505/6127 4319/6175
f 4735/6922 4814/6875 4320/6814
f 4948/6871 5583/6935 4943/6934
f 4903/6864 5109/6939 4515/6901
f 3332/6675 4675/6627 4409/6673
f 5166/5738 5182/5846 5257/5797
f 4668/5457 5413/5532 5897/5521
f 5179/6137 5522/6199 5191/6243
f 4873/6945 4724/6958 4466/6904
f 4933/6460 4832/6410 5887/6377
f 4921/6409 5814/6340 4365/6366
f 5814/6340 5384/6317 5383/6272
f 5002/6314 5384/6317 5887/6377
f 6022/6381 5167/6374 5338/6306
f 5365/6592 4888/6563 5133/6497
f 6022/6381 5338/6306 5141/6368
f 5191/6243 5136/6320 5391/6311
f 4945/5259 5585/5268 5376/5202
f 5375/5189 4945/5259 5376/5202
f 5457/5258 5585/5268 4363/5344
f 5585/5268 4945/5259 4363/5344
f 5375/5189 5376/5202 5352/5134
f 4363/5344 5908/5311 4382/5390
f 5908/5311 4363/5344 4945/5259
f 4945/5259 5375/5189 5208/5222
f 5461/5125 5385/5184 5375/5189
f 5208/5222 5908/5311 4945/5259
f 5457/5258 4363/5344 5679/5385
f 5385/5184 5208/5222 5375/5189
f 5461/5125 5375/5189 5352/5134
f 5332/5301 5330/5233 1953/5223
f 5244/5169 5219/5226 1936/5272
f 2339/6462 2332/6534 2526/6483
f 2260/4995 2207/5064 2201/5112
f 1518/4640 1522/4621 1523/4645
f 4271/6752 2438/6729 4536/6784
f 1996/5868 5040/5858 2230/5927
f 2344/6475 4352/6416 2343/6469
f 2237/5815 5040/5858 1996/5868
f 2531/6273 4554/6365 4969/6355
f 2359/6625 2541/6564 2460/6613
f 1994/5535 2234/5614 5059/5584
f 2000/5542 2228/5518 2178/5419
f 5451/5016 1957/5036 1966/4958
f 1889/5428 4040/5339 4007/5384
f 4134/4898 2218/4909 2167/4819
f 2343/6469 4987/6373 4756/6422
f 3028/6375 3074/6363 4307/6402
f 2256/5511 5059/5584 5218/5571
f 1921/5356 1972/5317 1973/5299
f 2090/5775 2048/5679 2091/5748
f 2642/6621 3013/6558 3014/6618
f 2134/4805 2162/4825 2157/4894
f 3023/6245 3024/6326 2611/6282
f 2181/5249 2177/5216 2010/5332
f 2531/6273 5308/6321 4399/6233
f 1937/5096 5258/5174 1960/5161
f 5327/5641 5059/5584 2325/5675
f 1575/4943 5188/5034 5281/5029
f 2263/6031 1998/6013 2285/6084
f 1548/4950 2989/4827 37/4970
f 2115/4744 2135/4789 2144/4803
f 1936/5272 1924/5285 1951/5199
f 4134/4898 2167/4819 2624/4804
f 2615/6719 3054/6804 2630/6734
f 2813/6794 3072/6783 3063/6730
f 1949/4884 1950/4935 5222/4906
f 2167/4819 2194/4723 2188/4722
f 2325/5675 2246/5666 4501/5710
f 4816/6857 2390/6902 2440/6903
f 3025/6397 3010/6454 2661/6509
f 2244/5631 2286/5552 5218/5571
f 2252/6206 2239/6124 2240/6074
f 2268/5970 1993/5996 2251/5922
f 2250/5920 2268/5970 2251/5922
f 2175/5084 2170/5057 2172/5035
f 5633/4728 1952/4832 5300/4782
f 4849/4883 5560/4913 2173/4838
f 1974/5011 1948/5063 1922/4988
f 2597/6421 4343/6334 2610/6300
f 2263/6031 2225/6066 1993/5996
f 755/6406 4965/6450 4554/6365
f 1939/4835 5640/4714 1863/4840
f 2125/5049 2121/4979 2165/5018
f 2218/4909 4134/4898 2193/4964
f 3016/6698 2601/6766 4327/6722
f 5164/5975 1989/6041 1988/5997
f 2211/4985 2210/4932 2260/4995
f 1922/4988 5148/4902 1943/4940
f 1489/4644 1492/4666 1478/4614
f 5278/4849 4572/4892 2065/4857
f 2286/5552 2302/5513 2288/5467
f 2256/5511 2280/5482 5059/5584
f 2619/5809 3008/5692 4201/5789
f 5054/5838 1991/5917 2088/5849
f 1980/5528 5779/5593 2990/5503
f 2303/5486 2047/5551 5081/5496
f 6035/5786 2586/5872 5181/5876
f 3072/6783 2813/6794 2789/6843
f 2172/5035 2211/4985 2260/4995
f 2534/6671 2524/6652 2588/6610
f 1922/4988 1948/5063 1932/5091
f 2159/5157 2199/5237 2145/5230
f 2307/5835 2241/5940 2340/5888
f 2165/5018 2147/5004 2294/5032
f 3020/6303 3028/6375 3025/6397
f 2253/5321 2166/5255 2202/5217
f 2203/4915 2126/4960 2049/4897
f 5284/5794 2231/5743 1999/5722
f 3024/6326 2622/6254 2626/6337
f 2286/5552 2244/5631 2287/5623
f 2478/6806 4350/6894 2463/6863
f 2993/5744 3008/5692 4179/5599
f 2177/5216 2277/5193 2002/5136
f 4817/6795 4536/6784 2438/6729
f 2238/5747 1990/5804 2235/5729
f 5793/4980 4134/4898 877/4928
f 2312/4831 2314/4810 2313/4865
f 2209/4910 2312/4831 2313/4865
f 2250/5920 2217/5905 2227/5949
f 2790/6771 2811/6787 3085/6694
f 2007/5295 2006/5381 2010/5332
f 2048/5679 2090/5775 2094/5702
f 5306/5430 2991/5475 1963/5436
f 2181/5249 2277/5193 2177/5216
f 2202/5217 5036/5190 2201/5112
f 5255/5622 658/5691 1999/5722
f 2189/4854 4134/4898 2624/4804
f 5255/5622 2990/5503 5779/5593
f 3027/6323 3020/6303 3002/6266
f 4057/5045 1874/5092 4056/5006
f 2130/5144 2155/5086 2159/5157
f 1937/5096 1974/5011 1938/5024
f 2286/5552 2288/5467 2283/5476
f 2478/6806 4650/6753 2578/6732
f 4969/6355 4554/6365 4758/6415
f 1720/4748 2188/4722 1475/4698
f 2236/5452 2011/5364 2178/5419
f 2238/5747 2234/5614 2618/5651
f 2582/6184 2531/6273 4399/6233
f 2990/5503 2000/5542 265/5440
f 2001/5851 2217/5905 2270/5862
f 2270/5862 2250/5920 2251/5922
f 2278/5787 2245/5820 2272/5724
f 3086/6546 3011/6508 3000/6471
f 1703/4615 1706/4721 2013/4749
f 3089/6650 2615/6719 3052/6633
f 2441/6885 2496/6828 2510/6865
f 2231/5743 2237/5815 2238/5747
f 4572/4892 5278/4849 2070/4911
f 2272/5724 2244/5631 5327/5641
f 2580/6526 4965/6450 755/6406
f 2003/5326 2178/5419 2011/5364
f 2011/5364 2012/5389 2185/5322
f 2287/5623 2302/5513 2286/5552
f 6017/4631 1492/4666 6038/4667
f 5056/5639 2048/5679 2315/5585
f 2940/6333 4307/6402 3074/6363
f 1899/5893 5170/5902 1892/5931
f 1952/4832 1929/4925 5609/4869
f 2631/6205 2626/6337 2622/6254
f 1958/4742 1923/4781 5131/4663
f 1997/5995 1998/6013 2227/5949
f 4193/6290 4046/6293 3917/6344
f 2662/6892 2614/6830 2616/6877
f 2012/5389 2253/5321 2185/5322
f 2570/6927 2577/6840 2608/6898
f 5859/4891 4134/4898 2189/4854
f 5427/5526 4179/5599 2976/5499
f 658/5691 5779/5593 1985/5632
f 3052/6633 2661/6509 3019/6572
f 4316/5445 2976/5499 5302/5417
f 2169/4777 1525/4710 2194/4723
f 2609/5965 1888/5908 1899/5893
f 1575/4943 5220/4971 5188/5034
f 2610/6300 2248/6211 2611/6282
f 2609/5965 2612/6081 3026/6029
f 2176/4888 2312/4831 2209/4910
f 3917/6344 2940/6333 4193/6290
f 2199/5237 2102/5310 2145/5230
f 5346/6136 2612/6081 2657/6193
f 2129/4957 2116/4934 2049/4897
f 2231/5743 5284/5794 5040/5858
f 2657/6193 3023/6245 5346/6136
f 4307/6402 2940/6333 3917/6344
f 2126/4960 2165/5018 2129/4957
f 1911/5553 1915/5459 3670/5432
f 2227/5949 2230/5927 1997/5995
f 5059/5584 2234/5614 2271/5667
f 1918/5348 3670/5432 5620/5340
f 2170/5057 2291/4983 2158/4972
f 5016/6651 4796/6735 2438/6729
f 1943/4940 5609/4869 1929/4925
f 2168/4800 5071/4863 2162/4825
f 1864/4956 2981/4886 2986/4948
f 5451/5016 1961/5106 1957/5036
f 5059/5584 2246/5666 2325/5675
f 2302/5513 2304/5411 2288/5467
f 4998/6635 2523/6571 2524/6652
f 5255/5622 1999/5722 2231/5743
f 5795/5051 2207/5064 5793/4980
f 4554/6365 5264/6267 755/6406
f 2027/5605 2305/5686 5056/5639
f 5640/4714 1939/4835 5633/4728
f 2241/5940 2261/6000 2041/6014
f 1492/4666 1489/4644 2188/4722
f 4555/6749 2578/6732 2534/6671
f 2199/5237 2197/5224 2208/5275
f 5092/6198 2243/6109 1995/6202
f 1991/5917 2274/5971 2223/5966
f 1525/4710 2169/4777 775/4755
f 2285/6084 2243/6109 2263/6031
f 1965/5163 5186/5236 2177/5216
f 4056/5006 1866/5038 1864/4956
f 2185/5322 2171/5257 2179/5276
f 2183/5167 2005/5195 2171/5257
f 3566/6626 2791/6567 2851/6632
f 2298/5319 2304/5411 2216/5365
f 5560/4913 2260/4995 2210/4932
f 2142/4766 2162/4825 2134/4805
f 3072/6783 2615/6719 2815/6674
f 2196/4868 2116/4934 2070/4911
f 3006/6515 3007/6447 2661/6509
f 1905/5974 1977/6008 5175/5942
f 2621/6430 2635/6503 2674/6448
f 2237/5815 1996/5868 2001/5851
f 3085/6694 2806/6662 3566/6626
f 2577/6840 2570/6927 4350/6894
f 2230/5927 2217/5905 2001/5851
f 4271/6752 4536/6784 4838/6829
f 5186/5236 1965/5163 1962/5182
f 37/4970 4057/5045 1548/4950
f 6035/5786 658/5691 2247/5776
f 2179/5276 2003/5326 2011/5364
f 4026/5126 4057/5045 3396/5077
f 2201/5112 2183/5167 2202/5217
f 877/4928 4134/4898 5859/4891
f 2613/6859 2634/6792 2614/6830
f 5222/4906 5212/4921 2313/4865
f 2185/5322 2253/5321 2171/5257
f 5170/5902 3012/5890 4152/5951
f 2305/5686 2027/5605 2287/5623
f 4125/4829 5148/4902 1933/4847
f 2314/4810 1706/4721 5199/4786
f 4040/5339 1942/5306 4007/5384
f 3086/6546 2792/6538 2810/6612
f 2298/5319 2102/5310 2208/5275
f 2010/5332 2177/5216 2007/5295
f 1916/5431 1980/5528 5306/5430
f 5418/4917 3523/4987 3160/4826
f 2210/4932 2157/4894 5071/4863
f 1910/5717 2584/5617 5333/5749
f 2662/6892 2613/6859 2614/6830
f 3006/6515 2692/6601 2695/6513
f 2155/5086 2130/5144 2132/5097
f 2319/6324 2348/6357 2321/6404
f 2280/5482 4511/5421 2012/5389
f 2325/5675 2272/5724 5327/5641
f 2173/4838 2167/4819 4849/4883
f 3017/5983 4259/6100 3128/6057
f 5186/5236 1972/5317 2007/5295
f 2597/6421 4344/6399 4343/6334
f 2166/5255 2197/5224 5036/5190
f 2629/6229 4343/6334 5264/6267
f 4208/5900 2995/5956 3012/5890
f 1548/4950 4057/5045 4056/5006
f 2591/6412 5267/6486 2599/6506
f 2343/6469 4756/6422 2583/6523
f 5620/5340 5332/5301 1924/5285
f 4511/5421 2280/5482 2256/5511
f 4849/4883 2167/4819 2218/4909
f 6038/4667 1525/4710 1523/4645
f 2478/6806 2525/6801 4650/6753
f 2618/5651 2234/5614 2000/5542
f 2577/6840 2578/6732 4555/6749
f 6008/4954 2193/4964 2207/5064
f 1963/5436 2991/5475 2990/5503
f 2196/4868 5278/4849 2152/4794
f 1979/5519 1911/5553 2584/5617
f 3022/6226 3070/6141 3009/6163
f 1916/5431 1921/5356 5347/5338
f 5018/6818 4271/6752 4838/6829
f 1475/4698 1703/4615 2013/4749
f 2173/4838 2168/4800 2169/4777
f 2614/6830 2630/6734 3054/6804
f 2063/5186 2146/5185 2099/5234
f 5795/5051 5151/5102 2317/5133
f 1863/4840 4016/4903 1869/4926
f 1492/4666 2188/4722 2194/4723
f 1548/4950 4056/5006 2986/4948
f 5212/4921 1966/4958 2009/4955
f 2302/5513 2287/5623 2047/5551
f 1949/4884 5222/4906 1935/4850
f 3053/6873 3054/6804 3072/6783
f 1921/5356 1916/5431 5306/5430
f 3013/6558 2635/6503 3014/6618
f 2115/4744 2144/4803 2052/4812
f 2666/6196 2631/6205 2622/6254
f 1915/5459 1911/5553 1979/5519
f 5633/4728 1939/4835 1952/4832
f 2624/4804 2167/4819 2188/4722
f 1869/4926 1864/4956 1866/5038
f 2213/5517 5041/5507 4059/5565
f 1516/4707 775/4755 2142/4766
f 4125/4829 1933/4847 1923/4781
f 37/4970 3160/4826 3018/5009
f 2989/4827 3160/4826 37/4970
f 2270/5862 2217/5905 2250/5920
f 2235/5729 2271/5667 2234/5614
f 2627/6387 5267/6486 2591/6412
f 3007/6447 3006/6515 2695/6513
f 1268/5373 2308/5446 6030/5402
f 1879/5750 5333/5749 1909/5647
f 4987/6373 5308/6321 4756/6422
f 3030/6656 2460/6613 4998/6635
f 2040/6102 2587/6077 2582/6184
f 2254/5393 2304/5411 2298/5319
f 775/4755 2169/4777 2168/4800
f 2189/4854 2176/4888 5859/4891
f 1958/4742 1765/4612 5300/4782
f 1923/4781 1725/4641 5131/4663
f 3020/6303 2626/6337 2631/6205
f 2184/4963 2009/4955 1957/5036
f 2981/4886 1769/4730 2989/4827
f 4057/5045 37/4970 3396/5077
f 2305/5686 2091/5748 5056/5639
f 2789/6843 3053/6873 3072/6783
f 4985/6807 4816/6857 4817/6795
f 2313/4865 5212/4921 2209/4910
f 1950/4935 5451/5016 1966/4958
f 1865/4729 4148/4811 1863/4840
f 2093/5912 2019/5961 2043/5875
f 1725/4641 1706/4721 1704/4560
f 1914/5982 5170/5902 4036/6030
f 2049/4897 2116/4934 2196/4868
f 1706/4721 1703/4615 1704/4560
f 3028/6375 3027/6323 3074/6363
f 1909/5647 5333/5749 2584/5617
f 4125/4829 1958/4742 5300/4782
f 2631/6205 2612/6081 4036/6030
f 2190/5140 2175/5084 2201/5112
f 4452/6870 2464/6832 2352/6905
f 2204/4938 2203/4915 2157/4894
f 1980/5528 1979/5519 2584/5617
f 1952/4832 5609/4869 5300/4782
f 2048/5679 5056/5639 2091/5748
f 2811/6787 3063/6730 3085/6694
f 4501/5710 2272/5724 2325/5675
f 4965/6450 2523/6571 2527/6488
f 5640/4714 1865/4729 1863/4840
f 2268/5970 1998/6013 2263/6031
f 3160/4826 3523/4987 3018/5009
f 2187/5205 2179/5276 2005/5195
f 1863/4840 4148/4811 2981/4886
f 2657/6193 2622/6254 3023/6245
f 2157/4894 2158/4972 2204/4938
f 1769/4730 2981/4886 4148/4811
f 37/4970 3018/5009 3396/5077
f 2328/6720 2468/6721 2331/6809
f 1958/4742 4125/4829 1923/4781
f 2995/5956 2996/6006 4152/5951
f 1864/4956 2986/4948 4056/5006
f 2667/6689 2669/6738 3014/6618
f 2179/5276 2171/5257 2005/5195
f 1916/5431 1979/5519 1980/5528
f 4059/5565 5056/5639 2315/5585
f 1720/4748 2206/4791 2624/4804
f 5222/4906 1966/4958 5212/4921
f 1961/5106 5451/5016 1932/5091
f 2013/4749 1706/4721 2312/4831
f 3523/4987 1019/5076 3018/5009
f 3523/4987 2956/5021 1019/5076
f 5300/4782 5609/4869 4125/4829
f 1923/4781 1935/4850 5199/4786
f 1863/4840 1869/4926 1939/4835
f 2624/4804 2188/4722 1720/4748
f 2130/5144 2145/5230 2111/5156
f 2059/5033 2058/5119 5188/5034
f 858/6239 2266/6192 2341/6274
f 2124/4951 2056/4887 2060/4905
f 2460/6613 2541/6564 2523/6571
f 2463/6863 2525/6801 2478/6806
f 3956/6687 2568/6705 3030/6656
f 2010/5332 2178/5419 2003/5326
f 6008/4954 4849/4883 2218/4909
f 2600/6816 2681/6919 2602/6845
f 5199/4786 1935/4850 2313/4865
f 1939/4835 1869/4926 1929/4925
f 2206/4791 2186/4818 2189/4854
f 4016/4903 2981/4886 1864/4956
f 2989/4827 1548/4950 2981/4886
f 4201/5789 3008/5692 2993/5744
f 2312/4831 2186/4818 2013/4749
f 4483/6560 2378/6562 2334/6615
f 2121/4979 2070/4911 2116/4934
f 2580/6526 2588/6610 2523/6571
f 2048/5679 2095/5634 2315/5585
f 4343/6334 755/6406 5264/6267
f 2627/6387 3024/6326 2621/6430
f 5148/4902 5609/4869 1943/4940
f 1516/4707 1525/4710 775/4755
f 1949/4884 1935/4850 1933/4847
f 1939/4835 1929/4925 1952/4832
f 1924/5285 5332/5301 1953/5223
f 1949/4884 1933/4847 5148/4902
f 1951/5199 5226/5090 5244/5169
f 5222/4906 2313/4865 1935/4850
f 5267/6486 2635/6503 3013/6558
f 2635/6503 2621/6430 2695/6513
f 1960/5161 5258/5174 5330/5233
f 5353/5012 1929/4925 1869/4926
f 1869/4926 4016/4903 1864/4956
f 5302/5417 3393/5397 4316/5445
f 5244/5169 1954/5100 1872/5139
f 2590/6629 4555/6749 2534/6671
f 2981/4886 1548/4950 2986/4948
f 5199/4786 2313/4865 2314/4810
f 2167/4819 2173/4838 2169/4777
f 2009/4955 2209/4910 5212/4921
f 2013/4749 2206/4791 1720/4748
f 2206/4791 2013/4749 2186/4818
f 2581/6183 2629/6229 700/6080
f 1516/4707 1599/4665 1523/4645
f 6035/5786 1999/5722 658/5691
f 2187/5205 2005/5195 2317/5133
f 2000/5542 2990/5503 5255/5622
f 2095/5634 2094/5702 2039/5706
f 1863/4840 2981/4886 4016/4903
f 2274/5971 2340/5888 2241/5940
f 3001/6270 3027/6323 3002/6266
f 2043/5875 2088/5849 2093/5912
f 2998/5613 3008/5692 1876/5655
f 5347/5338 1921/5356 1973/5299
f 4307/6402 2800/6385 3000/6471
f 5353/5012 1869/4926 1866/5038
f 2821/6709 3085/6694 2851/6632
f 1929/4925 5353/5012 1873/5008
f 1938/5024 1943/4940 1929/4925
f 2021/5784 2090/5775 2020/5830
f 2278/5787 4501/5710 2235/5729
f 2184/4963 877/4928 2176/4888
f 5795/5051 1957/5036 5151/5102
f 2188/4722 1489/4644 1475/4698
f 2469/6768 2568/6705 4650/6753
f 1994/5535 2280/5482 2236/5452
f 2186/4818 2176/4888 2189/4854
f 1965/5163 1932/5091 1962/5182
f 2047/5551 2287/5623 2027/5605
f 4979/6478 2349/6431 4976/6360
f 2058/5119 2077/5118 2063/5186
f 2598/6581 2633/6591 808/6646
f 2587/6077 5164/5975 1983/6043
f 1922/4988 1943/4940 1974/5011
f 2194/4723 2167/4819 2169/4777
f 5353/5012 1866/5038 1954/5100
f 1938/5024 1929/4925 1873/5008
f 5353/5012 5226/5090 1873/5008
f 1943/4940 1938/5024 1974/5011
f 3018/5009 1019/5076 3396/5077
f 1719/4655 1475/4698 1489/4644
f 2270/5862 1990/5804 2001/5851
f 2206/4791 2189/4854 2624/4804
f 1523/4645 1525/4710 1516/4707
f 4758/6415 4965/6450 2527/6488
f 2186/4818 2312/4831 2176/4888
f 2531/6273 5264/6267 4554/6365
f 2176/4888 2209/4910 2184/4963
f 1478/4614 1492/4666 6017/4631
f 3022/6226 2939/6222 3002/6266
f 2233/6052 2285/6084 1998/6013
f 5148/4902 4125/4829 5609/4869
f 5451/5016 1950/4935 1922/4988
f 1883/5539 1886/5558 1878/5606
f 1966/4958 5222/4906 1950/4935
f 1866/5038 1860/5145 1954/5100
f 5226/5090 5353/5012 1954/5100
f 1938/5024 1873/5008 5226/5090
f 1874/5092 1866/5038 4056/5006
f 2187/5205 2181/5249 2179/5276
f 2470/6619 2517/6543 2345/6533
f 877/4928 5859/4891 2176/4888
f 2209/4910 2009/4955 2184/4963
f 6038/4667 2164/4605 6017/4631
f 2603/6359 2610/6300 2611/6282
f 2202/5217 2166/5255 5036/5190
f 2633/6591 2599/6506 5274/6551
f 2525/6801 2463/6863 2464/6832
f 1933/4847 1935/4850 1923/4781
f 5292/5138 1937/5096 1938/5024
f 5081/5496 2295/5433 2303/5486
f 1937/5096 1948/5063 1974/5011
f 4036/6030 2612/6081 1914/5982
f 1922/4988 1932/5091 5451/5016
f 3128/6057 4259/6100 3009/6163
f 2312/4831 1706/4721 2314/4810
f 5071/4863 2168/4800 2173/4838
f 5418/4917 2956/5021 3523/4987
f 1866/5038 1874/5092 1860/5145
f 1860/5145 1872/5139 1954/5100
f 5226/5090 1954/5100 5244/5169
f 1938/5024 5226/5090 5292/5138
f 5793/4980 877/4928 2184/4963
f 5793/4980 2184/4963 5795/5051
f 5056/5639 4059/5565 2027/5605
f 2194/4723 6038/4667 1492/4666
f 2317/5133 5151/5102 2282/5171
f 1523/4645 2164/4605 6038/4667
f 2695/6513 2621/6430 3007/6447
f 2203/4915 2291/4983 2126/4960
f 3128/6057 2996/6006 2995/5956
f 5175/5942 1977/6008 1986/6009
f 1923/4781 5199/4786 1725/4641
f 1962/5182 1960/5161 1975/5238
f 1918/5348 1924/5285 1936/5272
f 2590/6629 4327/6722 4555/6749
f 2304/5411 2295/5433 2216/5365
f 1937/5096 1960/5161 1948/5063
f 5226/5090 1951/5199 5292/5138
f 2979/5179 1860/5145 1874/5092
f 1872/5139 1860/5145 5244/5169
f 2792/6538 3566/6626 2810/6612
f 5292/5138 5258/5174 1937/5096
f 1958/4742 5131/4663 1765/4612
f 2162/4825 5071/4863 2157/4894
f 1525/4710 6038/4667 2194/4723
f 4796/6735 2329/6780 4985/6807
f 2277/5193 2181/5249 2282/5171
f 5560/4913 4849/4883 6008/4954
f 2184/4963 1957/5036 5795/5051
f 2467/6782 2568/6705 2469/6768
f 2587/6077 1983/6043 1913/6145
f 5148/4902 1922/4988 1950/4935
f 1948/5063 1960/5161 1932/5091
f 1953/5223 5330/5233 5258/5174
f 2047/5551 2117/5549 5081/5496
f 1960/5161 1962/5182 1932/5091
f 1961/5106 1932/5091 1965/5163
f 2225/6066 2263/6031 2243/6109
f 2977/5241 1860/5145 2979/5179
f 5219/5226 5244/5169 1860/5145
f 2135/4789 5970/4738 2191/4775
f 3024/6326 2626/6337 2621/6430
f 1951/5199 5244/5169 1936/5272
f 5292/5138 1951/5199 1953/5223
f 5292/5138 1953/5223 5258/5174
f 2218/4909 2193/4964 6008/4954
f 1971/5287 5330/5233 5332/5301
f 4026/5126 1874/5092 4057/5045
f 4134/4898 5793/4980 2193/4964
f 2674/6448 2635/6503 5267/6486
f 2213/5517 4059/5565 2315/5585
f 2177/5216 1961/5106 1965/5163
f 1961/5106 2002/5136 1957/5036
f 2204/4938 2158/4972 2291/4983
f 2977/5241 5219/5226 1860/5145
f 1953/5223 1951/5199 1924/5285
f 2157/4894 2203/4915 2134/4805
f 5793/4980 2207/5064 2193/4964
f 2939/6222 3009/6163 4259/6100
f 2317/5133 2207/5064 5795/5051
f 5151/5102 1957/5036 2002/5136
f 2616/6877 2614/6830 3054/6804
f 2295/5433 5081/5496 5035/5443
f 3022/6226 2631/6205 3070/6141
f 2569/6900 2600/6816 2640/6797
f 2124/4951 2060/4905 2114/4924
f 5016/6651 4483/6560 2334/6615
f 2056/4887 5220/4971 1575/4943
f 2254/5393 4511/5421 2283/5476
f 2598/6581 2590/6629 2617/6490
f 2130/5144 2111/5156 2132/5097
f 1975/5238 1960/5161 1970/5247
f 1962/5182 1975/5238 5186/5236
f 1970/5247 1960/5161 5330/5233
f 2002/5136 1961/5106 2177/5216
f 1942/5306 5219/5226 2977/5241
f 1475/4698 2013/4749 1720/4748
f 1936/5272 5219/5226 1942/5306
f 3000/6471 3011/6508 4307/6402
f 1991/5917 5054/5838 2340/5888
f 3019/6572 2936/6597 902/6624
f 5071/4863 2173/4838 5560/4913
f 2168/4800 2142/4766 775/4755
f 5170/5902 1899/5893 2619/5809
f 2260/4995 5560/4913 6008/4954
f 2260/4995 6008/4954 2207/5064
f 2207/5064 2317/5133 2005/5195
f 5151/5102 2002/5136 2282/5171
f 1522/4621 1518/4640 1521/4619
f 1518/4640 1523/4645 1599/4665
f 2003/5326 2181/5249 2010/5332
f 1599/4665 1516/4707 1697/4726
f 2106/5056 2125/5049 2085/5099
f 2615/6719 3089/6650 2815/6674
f 2144/4803 2135/4789 2065/4857
f 3012/5890 2995/5956 4152/5951
f 2210/4932 5071/4863 5560/4913
f 3016/6698 2642/6621 3014/6618
f 2088/5849 2018/5909 2093/5912
f 3020/6303 3027/6323 3028/6375
f 1981/5774 2247/5776 658/5691
f 1964/5379 1921/5356 5306/5430
f 1268/5373 2101/5383 5035/5443
f 4327/6722 2601/6766 2600/6816
f 1973/5299 1975/5238 1970/5247
f 1975/5238 1972/5317 5186/5236
f 1970/5247 5330/5233 1971/5287
f 2177/5216 5186/5236 2007/5295
f 2619/5809 4201/5789 5170/5902
f 2191/4775 2152/4794 2135/4789
f 1942/5306 2977/5241 2978/5343
f 4040/5339 1936/5272 1942/5306
f 5620/5340 1924/5285 1918/5348
f 4040/5339 1918/5348 1936/5272
f 5081/5496 2117/5549 5041/5507
f 2135/4789 2152/4794 5278/4849
f 2162/4825 2142/4766 2168/4800
f 3022/6226 3009/6163 2939/6222
f 1697/4726 1516/4707 2142/4766
f 2207/5064 2005/5195 2183/5167
f 2282/5171 2002/5136 2277/5193
f 2317/5133 2282/5171 2187/5205
f 1521/4619 1518/4640 1599/4665
f 3917/6344 2800/6385 4307/6402
f 1697/4726 1698/4708 1599/4665
f 2590/6629 808/6646 4327/6722
f 1967/5964 1894/5887 1888/5908
f 2213/5517 2084/5540 5279/5458
f 2264/6024 2038/5960 2223/5966
f 2016/6048 2041/6014 2232/6069
f 2582/6184 5264/6267 2531/6273
f 1973/5299 1970/5247 1971/5287
f 1975/5238 1973/5299 1972/5317
f 2603/6359 2591/6412 2610/6300
f 2978/5343 4007/5384 1942/5306
f 6114/5104 5281/5029 5188/5034
f 2349/6431 4979/6478 2350/6524
f 4040/5339 1889/5428 1918/5348
f 5332/5301 5620/5340 1944/5382
f 5347/5338 1971/5287 5332/5301
f 1599/4665 2139/4591 1521/4619
f 2630/6734 2667/6689 2686/6663
f 2134/4805 1697/4726 2142/4766
f 1917/5853 1910/5717 5333/5749
f 2207/5064 2183/5167 2201/5112
f 2201/5112 2172/5035 2260/4995
f 2282/5171 2181/5249 2187/5205
f 1599/4665 1698/4708 1533/4653
f 3956/6687 4998/6635 2524/6652
f 1697/4726 2134/4805 1698/4708
f 2610/6300 4343/6334 2629/6229
f 2239/6124 2252/6206 2266/6192
f 4544/6284 2376/6343 2289/6265
f 2610/6300 2581/6183 2248/6211
f 2315/5585 2084/5540 2213/5517
f 2611/6282 2627/6387 2603/6359
f 2303/5486 2295/5433 2304/5411
f 2581/6183 2610/6300 2629/6229
f 2126/4960 2129/4957 2049/4897
f 1971/5287 5347/5338 1973/5299
f 1972/5317 2006/5381 2007/5295
f 5302/5417 4007/5384 2978/5343
f 1918/5348 1889/5428 3670/5432
f 2956/5021 5418/4917 3538/4969
f 1944/5382 5620/5340 3670/5432
f 1944/5382 5347/5338 5332/5301
f 2626/6337 3025/6397 3007/6447
f 2139/4591 1533/4653 1583/4598
f 3001/6270 4193/6290 2940/6333
f 2139/4591 1599/4665 1533/4653
f 902/6624 2936/6597 2815/6674
f 2158/4972 2157/4894 2210/4932
f 2137/5242 2086/5294 2107/5318
f 2211/4985 2158/4972 2210/4932
f 2233/6052 1989/6041 2992/6132
f 2201/5112 2175/5084 2172/5035
f 2152/4794 2191/4775 5970/4738
f 2171/5257 2202/5217 2183/5167
f 2270/5862 2278/5787 1990/5804
f 1582/4725 1533/4653 1698/4708
f 5267/6486 5274/6551 2599/6506
f 2254/5393 2253/5321 4511/5421
f 2134/4805 1582/4725 1698/4708
f 2602/6845 2608/6898 2577/6840
f 2569/6900 2640/6797 2641/6820
f 2099/5234 2146/5185 2137/5242
f 1972/5317 1921/5356 1964/5379
f 2006/5381 1972/5317 1964/5379
f 2010/5332 2006/5381 265/5440
f 1908/5469 4007/5384 5302/5417
f 1889/5428 4007/5384 1908/5469
f 1889/5428 1893/5508 3670/5432
f 1944/5382 3670/5432 1915/5459
f 1944/5382 1916/5431 5347/5338
f 2597/6421 2599/6506 2617/6490
f 1583/4598 1533/4653 1655/4568
f 2049/4897 2134/4805 2203/4915
f 2666/6196 2657/6193 2612/6081
f 2172/5035 2158/4972 2211/4985
f 5346/6136 2611/6282 2248/6211
f 2171/5257 2253/5321 2202/5217
f 2179/5276 2181/5249 2003/5326
f 1582/4725 1591/4696 1533/4653
f 1582/4725 2134/4805 2152/4794
f 1268/5373 2107/5318 2086/5294
f 5970/4738 2135/4789 2115/4744
f 2245/5820 2275/5737 2272/5724
f 1963/5436 2006/5381 1964/5379
f 2990/5503 265/5440 2006/5381
f 265/5440 2178/5419 2010/5332
f 2976/5499 1908/5469 5302/5417
f 1883/5539 1889/5428 1908/5469
f 1883/5539 1893/5508 1889/5428
f 1893/5508 1911/5553 3670/5432
f 1944/5382 1915/5459 1916/5431
f 2065/4857 4572/4892 2114/4924
f 1655/4568 1533/4653 1654/4627
f 2134/4805 2049/4897 5934/4837
f 2203/4915 2204/4938 2291/4983
f 2170/5057 2158/4972 2172/5035
f 2201/5112 5036/5190 2190/5140
f 2190/5140 2170/5057 2175/5084
f 1591/4696 1601/4681 1533/4653
f 5970/4738 1591/4696 1582/4725
f 5220/4971 2056/4887 2124/4951
f 5970/4738 1582/4725 2152/4794
f 2152/4794 2134/4805 5934/4837
f 3022/6226 3002/6266 3020/6303
f 5279/5458 2084/5540 2050/5442
f 1964/5379 5306/5430 1963/5436
f 2233/6052 1997/5995 638/6001
f 4036/6030 5170/5902 4152/5951
f 2990/5503 2006/5381 1963/5436
f 2000/5542 2178/5419 265/5440
f 1886/5558 1908/5469 2976/5499
f 1908/5469 1886/5558 1883/5539
f 1893/5508 1883/5539 1907/5588
f 4555/6749 4327/6722 2600/6816
f 1654/4627 1533/4653 1601/4681
f 1620/4541 1655/4568 1654/4627
f 5934/4837 2049/4897 2196/4868
f 5036/5190 2197/5224 2190/5140
f 2170/5057 2190/5140 2159/5157
f 5164/5975 2249/5952 5181/5876
f 3128/6057 4036/6030 2996/6006
f 2298/5319 2166/5255 2253/5321
f 1591/4696 5970/4738 1601/4681
f 2123/4993 2114/4924 2121/4979
f 2196/4868 2152/4794 5934/4837
f 2224/6120 2016/6048 2273/6099
f 2681/6919 2608/6898 2602/6845
f 2132/5097 2165/5018 2155/5086
f 2627/6387 2611/6282 3024/6326
f 4179/5599 1886/5558 2976/5499
f 1907/5588 1883/5539 1884/5618
f 2077/5118 2105/5127 2146/5185
f 1601/4681 1595/4651 1654/4627
f 1654/4627 1595/4651 1620/4541
f 2629/6229 1913/6145 700/6080
f 2291/4983 2170/5057 2294/5032
f 2291/4983 2147/5004 2126/4960
f 2622/6254 3024/6326 3023/6245
f 2190/5140 2197/5224 2159/5157
f 1917/5853 1905/5974 5175/5942
f 2166/5255 2298/5319 2197/5224
f 4201/5789 2993/5744 5171/5824
f 2009/4955 1966/4958 1957/5036
f 2155/5086 2170/5057 2159/5157
f 2674/6448 2627/6387 2621/6430
f 5041/5507 2117/5549 4059/5565
f 4511/5421 2253/5321 2012/5389
f 2236/5452 2012/5389 2011/5364
f 2254/5393 2298/5319 2253/5321
f 1601/4681 5970/4738 2115/4744
f 2060/4905 2065/4857 2114/4924
f 2667/6689 2630/6734 2634/6792
f 2059/5033 2123/4993 2106/5056
f 1980/5528 2991/5475 5306/5430
f 2580/6526 755/6406 2617/6490
f 2991/5475 1980/5528 2990/5503
f 2228/5518 2236/5452 2178/5419
f 1900/5828 1899/5893 1888/5908
f 2000/5542 2234/5614 2228/5518
f 4179/5599 2998/5613 1886/5558
f 1884/5618 1883/5539 1878/5606
f 1886/5558 2998/5613 1878/5606
f 5355/5660 1907/5588 1884/5618
f 2584/5617 1911/5553 1909/5647
f 2000/5542 5255/5622 2618/5651
f 1638/4694 1595/4651 1601/4681
f 1618/4607 1620/4541 1595/4651
f 2170/5057 2155/5086 2294/5032
f 2294/5032 2147/5004 2291/4983
f 2116/4934 2129/4957 2165/5018
f 2243/6109 5092/6198 2225/6066
f 2197/5224 2199/5237 2159/5157
f 2208/5275 2197/5224 2298/5319
f 2012/5389 2236/5452 2280/5482
f 2115/4744 1638/4694 1601/4681
f 2070/4911 5278/4849 2196/4868
f 1993/5996 2261/6000 2251/5922
f 2228/5518 1994/5535 2236/5452
f 2116/4934 2165/5018 2121/4979
f 2618/5651 5255/5622 2231/5743
f 5779/5593 658/5691 5255/5622
f 2228/5518 2234/5614 1994/5535
f 4316/5445 5427/5526 2976/5499
f 1884/5618 1878/5606 1887/5697
f 1878/5606 2998/5613 1876/5655
f 5188/5034 5220/4971 2059/5033
f 1887/5697 5355/5660 1884/5618
f 1909/5647 1907/5588 5355/5660
f 1909/5647 1911/5553 1875/5602
f 1985/5632 1980/5528 2584/5617
f 1618/4607 1598/4589 1620/4541
f 2155/5086 2165/5018 2294/5032
f 2159/5157 2145/5230 2130/5144
f 4152/5951 2996/6006 4036/6030
f 2254/5393 2288/5467 2304/5411
f 2084/5540 2315/5585 2095/5634
f 1612/4739 1638/4694 2115/4744
f 2633/6591 2642/6621 808/6646
f 2065/4857 2135/4789 5278/4849
f 2666/6196 2622/6254 2657/6193
f 1268/5373 2082/5391 2107/5318
f 2630/6734 2614/6830 2634/6792
f 6030/5402 2082/5391 1268/5373
f 1980/5528 1985/5632 5779/5593
f 2231/5743 2238/5747 2618/5651
f 1878/5606 1876/5655 1887/5697
f 1887/5697 1879/5750 5355/5660
f 1875/5602 1907/5588 1909/5647
f 5355/5660 1879/5750 1909/5647
f 1875/5602 1911/5553 1907/5588
f 1910/5717 1985/5632 2584/5617
f 1598/4589 1618/4607 1604/4671
f 2264/6024 2016/6048 2224/6120
f 2121/4979 2114/4924 2070/4911
f 2199/5237 2208/5275 2102/5310
f 2102/5310 2298/5319 2216/5365
f 2256/5511 2283/5476 4511/5421
f 2283/5476 2288/5467 2254/5393
f 1994/5535 5059/5584 2280/5482
f 4994/6283 4399/6233 5308/6321
f 2115/4744 2052/4812 1612/4739
f 2114/4924 4572/4892 2070/4911
f 2235/5729 2234/5614 2238/5747
f 658/5691 1985/5632 2636/5693
f 1887/5697 1876/5655 3008/5692
f 1887/5697 1900/5828 1879/5750
f 1879/5750 2589/5781 5333/5749
f 1985/5632 1910/5717 2636/5693
f 2165/5018 2132/5097 2125/5049
f 3008/5692 2619/5809 1887/5697
f 2121/4979 2125/5049 2106/5056
f 1977/6008 1912/6039 700/6080
f 2145/5230 2102/5310 2086/5294
f 2216/5365 2101/5383 2102/5310
f 2132/5097 2111/5156 2085/5099
f 2145/5230 2137/5242 2111/5156
f 5218/5571 2283/5476 2256/5511
f 2304/5411 2302/5513 2303/5486
f 1595/4651 1604/4671 1618/4607
f 2295/5433 2101/5383 2216/5365
f 2052/4812 2144/4803 2065/4857
f 4201/5789 5171/5824 5170/5902
f 3028/6375 4307/6402 3010/6454
f 2631/6205 3022/6226 3020/6303
f 2001/5851 2238/5747 2237/5815
f 5284/5794 1999/5722 6035/5786
f 658/5691 2636/5693 1981/5774
f 5059/5584 2271/5667 2246/5666
f 1903/5834 1879/5750 1900/5828
f 2619/5809 1900/5828 1887/5697
f 1903/5834 2589/5781 1879/5750
f 2589/5781 1903/5834 5333/5749
f 1910/5717 1917/5853 1981/5774
f 5333/5749 1903/5834 1917/5853
f 1910/5717 1981/5774 2636/5693
f 2124/4951 2114/4924 2123/4993
f 4036/6030 3070/6141 2631/6205
f 2106/5056 2123/4993 2121/4979
f 2086/5294 2102/5310 1268/5373
f 2145/5230 2086/5294 2137/5242
f 2599/6506 2598/6581 2617/6490
f 2102/5310 2101/5383 1268/5373
f 2085/5099 2111/5156 2105/5127
f 2137/5242 2146/5185 2111/5156
f 5218/5571 5059/5584 5327/5641
f 3008/5692 2998/5613 4179/5599
f 2283/5476 5218/5571 2286/5552
f 2302/5513 2047/5551 2303/5486
f 2101/5383 2295/5433 5035/5443
f 2122/4867 2052/4812 2065/4857
f 1990/5804 2278/5787 2235/5729
f 2001/5851 1990/5804 2238/5747
f 5181/5876 5284/5794 6035/5786
f 3081/6212 4193/6290 3001/6270
f 5181/5876 5040/5858 5284/5794
f 2247/5776 2586/5872 6035/5786
f 4501/5710 2246/5666 2271/5667
f 3005/5817 5171/5824 2993/5744
f 2227/5949 2268/5970 2250/5920
f 1900/5828 1894/5887 1903/5834
f 2619/5809 1899/5893 1900/5828
f 2586/5872 1981/5774 1917/5853
f 1967/5964 1917/5853 1903/5834
f 2124/4951 2123/4993 2059/5033
f 2105/5127 2106/5056 2085/5099
f 2105/5127 2111/5156 2146/5185
f 5327/5641 2244/5631 5218/5571
f 2122/4867 2056/4887 2052/4812
f 2065/4857 2060/4905 2122/4867
f 1996/5868 2230/5927 2001/5851
f 5040/5858 2237/5815 2231/5743
f 5040/5858 5181/5876 2249/5952
f 2586/5872 2247/5776 1981/5774
f 5171/5824 3005/5817 3012/5890
f 5171/5824 3012/5890 5170/5902
f 1900/5828 1888/5908 1894/5887
f 5175/5942 2586/5872 1917/5853
f 1905/5974 1917/5853 1967/5964
f 2059/5033 5220/4971 2124/4951
f 2059/5033 2106/5056 2077/5118
f 2106/5056 2105/5127 2077/5118
f 2597/6421 2591/6412 2599/6506
f 2099/5234 2137/5242 2107/5318
f 1268/5373 5035/5443 2308/5446
f 2287/5623 2244/5631 2275/5737
f 5081/5496 5041/5507 5035/5443
f 5267/6486 2627/6387 2674/6448
f 2122/4867 2060/4905 2056/4887
f 2270/5862 2245/5820 2278/5787
f 2272/5724 4501/5710 2278/5787
f 2249/5952 2230/5927 5040/5858
f 5181/5876 2586/5872 5164/5975
f 1595/4651 1638/4694 1604/4671
f 3012/5890 3005/5817 4208/5900
f 2586/5872 5175/5942 1982/5957
f 1967/5964 1882/6075 1905/5974
f 2077/5118 2058/5119 2059/5033
f 5035/5443 5041/5507 2308/5446
f 2063/5186 2077/5118 2146/5185
f 2272/5724 2275/5737 2244/5631
f 2311/5740 2287/5623 2275/5737
f 2027/5605 2117/5549 2047/5551
f 2245/5820 2270/5862 2251/5922
f 638/6001 2230/5927 2249/5952
f 2230/5927 2227/5949 2217/5905
f 2586/5872 1982/5957 5164/5975
f 1988/5997 2249/5952 5164/5975
f 1604/4671 1638/4694 1612/4739
f 1899/5893 1892/5931 2609/5965
f 1914/5982 1892/5931 5170/5902
f 2609/5965 1967/5964 1888/5908
f 1982/5957 5175/5942 1986/6009
f 1882/6075 1912/6039 1905/5974
f 1967/5964 5346/6136 1882/6075
f 2081/5423 2082/5391 6030/5402
f 2081/5423 6030/5402 2308/5446
f 2800/6385 4184/6487 3000/6471
f 5041/5507 2213/5517 2308/5446
f 2275/5737 2307/5835 2311/5740
f 2305/5686 2287/5623 2311/5740
f 2524/6652 2534/6671 2578/6732
f 2117/5549 2027/5605 4059/5565
f 2307/5835 2245/5820 2251/5922
f 638/6001 1997/5995 2230/5927
f 2249/5952 1989/6041 638/6001
f 5164/5975 1982/5957 1983/6043
f 1988/5997 1989/6041 2249/5952
f 2995/5956 4208/5900 3017/5983
f 1892/5931 1914/5982 2609/5965
f 3026/6029 1967/5964 2609/5965
f 1977/6008 1905/5974 1912/6039
f 1982/5957 1986/6009 1983/6043
f 700/6080 1912/6039 1882/6075
f 2248/6211 1882/6075 5346/6136
f 1967/5964 3026/6029 5346/6136
f 2058/5119 6114/5104 5188/5034
f 2308/5446 2213/5517 5279/5458
f 2275/5737 2245/5820 2307/5835
f 2307/5835 2242/5799 2311/5740
f 2311/5740 2242/5799 2305/5686
f 2307/5835 2251/5922 2241/5940
f 5164/5975 2587/6077 1989/6041
f 1914/5982 2612/6081 2609/5965
f 1977/6008 700/6080 1986/6009
f 1986/6009 700/6080 1983/6043
f 700/6080 1882/6075 2581/6183
f 2581/6183 1882/6075 2248/6211
f 2612/6081 5346/6136 3026/6029
f 2082/5391 5279/5458 2050/5442
f 2242/5799 2307/5835 2340/5888
f 2091/5748 2305/5686 2242/5799
f 2241/5940 2251/5922 2261/6000
f 2268/5970 2227/5949 1998/6013
f 2233/6052 1998/6013 1997/5995
f 1989/6041 2587/6077 2040/6102
f 3070/6141 4036/6030 3128/6057
f 2081/5423 5279/5458 2082/5391
f 1983/6043 700/6080 1913/6145
f 3023/6245 2611/6282 5346/6136
f 5054/5838 2242/5799 2340/5888
f 5054/5838 2091/5748 2242/5799
f 2263/6031 1993/5996 2268/5970
f 2992/6132 2285/6084 2233/6052
f 2995/5956 3017/5983 3128/6057
f 1913/6145 2582/6184 2587/6077
f 2125/5049 2132/5097 2085/5099
f 3128/6057 3009/6163 3070/6141
f 2612/6081 2631/6205 2666/6196
f 2088/5849 2091/5748 5054/5838
f 2090/5775 2091/5748 2088/5849
f 2617/6490 4344/6399 2597/6421
f 2274/5971 2241/5940 2041/6014
f 2240/6074 2041/6014 2261/6000
f 2261/6000 1993/5996 2225/6066
f 2274/5971 1991/5917 2340/5888
f 1913/6145 5264/6267 2582/6184
f 5264/6267 1913/6145 2629/6229
f 2095/5634 2048/5679 2094/5702
f 2179/5276 2011/5364 2185/5322
f 2094/5702 2090/5775 2021/5784
f 2088/5849 2028/5825 2090/5775
f 2274/5971 2041/6014 2016/6048
f 2232/6069 2041/6014 2240/6074
f 2261/6000 2225/6066 2240/6074
f 2939/6222 4259/6100 3081/6212
f 2088/5849 1991/5917 2018/5909
f 2039/5706 2094/5702 2021/5784
f 2028/5825 2088/5849 2043/5875
f 2028/5825 2020/5830 2090/5775
f 2016/6048 2264/6024 2274/5971
f 2239/6124 2232/6069 2240/6074
f 2225/6066 5092/6198 2240/6074
f 2223/5966 2038/5960 1991/5917
f 2223/5966 2274/5971 2264/6024
f 3081/6212 3001/6270 2939/6222
f 4816/6857 4985/6807 5007/6880
f 2597/6421 2610/6300 2591/6412
f 2591/6412 2603/6359 2627/6387
f 638/6001 1989/6041 2233/6052
f 2018/5909 1991/5917 2038/5960
f 2020/5830 2028/5825 2043/5875
f 2273/6099 2016/6048 2232/6069
f 2239/6124 2273/6099 2232/6069
f 2240/6074 5092/6198 2252/6206
f 3002/6266 2939/6222 3001/6270
f 3020/6303 3025/6397 2626/6337
f 755/6406 4343/6334 4344/6399
f 2621/6430 2626/6337 3007/6447
f 2093/5912 2018/5909 2038/5960
f 2273/6099 2239/6124 2266/6192
f 2252/6206 5092/6198 2226/6258
f 2365/6318 5092/6198 1995/6202
f 2531/6273 4969/6355 5308/6321
f 4193/6290 3081/6212 4046/6293
f 755/6406 4344/6399 2617/6490
f 2038/5960 2019/5961 2093/5912
f 2043/5875 2019/5961 5280/5889
f 2266/6192 2224/6120 2273/6099
f 2289/6265 2266/6192 2252/6206
f 4544/6284 2252/6206 2226/6258
f 5092/6198 4981/6278 2226/6258
f 4994/6283 2365/6318 1995/6202
f 2365/6318 4981/6278 5092/6198
f 4969/6355 4756/6422 5308/6321
f 5308/6321 4987/6373 4994/6283
f 4965/6450 4758/6415 4554/6365
f 4756/6422 4969/6355 4758/6415
f 2580/6526 2523/6571 4965/6450
f 3001/6270 2940/6333 3027/6323
f 3007/6447 3025/6397 2661/6509
f 3028/6375 3010/6454 3025/6397
f 2466/6570 2343/6469 2583/6523
f 2695/6513 3014/6618 2635/6503
f 2289/6265 2252/6206 4544/6284
f 2341/6274 2266/6192 2289/6265
f 2226/6258 4976/6360 4544/6284
f 4976/6360 2226/6258 4981/6278
f 4994/6283 4987/6373 2365/6318
f 2365/6318 4976/6360 4981/6278
f 4758/6415 2527/6488 4756/6422
f 3074/6363 3027/6323 2940/6333
f 2800/6385 3917/6344 4046/6293
f 2617/6490 2590/6629 2580/6526
f 5267/6486 3013/6558 5274/6551
f 2598/6581 2599/6506 2633/6591
f 3014/6618 2695/6513 2692/6601
f 2289/6265 2348/6357 2341/6274
f 4976/6360 2376/6343 4544/6284
f 4352/6416 2365/6318 4987/6373
f 2365/6318 4977/6433 4976/6360
f 2583/6523 4756/6422 2527/6488
f 3006/6515 2661/6509 2692/6601
f 2661/6509 3010/6454 3019/6572
f 3011/6508 3010/6454 4307/6402
f 2590/6629 2588/6610 2580/6526
f 2642/6621 2633/6591 5274/6551
f 3013/6558 2642/6621 5274/6551
f 2590/6629 2598/6581 808/6646
f 2692/6601 2667/6689 3014/6618
f 2376/6343 2348/6357 2289/6265
f 2319/6324 858/6239 2341/6274
f 2341/6274 2348/6357 2319/6324
f 2376/6343 4976/6360 2349/6431
f 4352/6416 4977/6433 2365/6318
f 4987/6373 2343/6469 4352/6416
f 4979/6478 4976/6360 4977/6433
f 2527/6488 2523/6571 2541/6564
f 2541/6564 2583/6523 2527/6488
f 2524/6652 2523/6571 2588/6610
f 2692/6601 2661/6509 3052/6633
f 3011/6508 3019/6572 3010/6454
f 2590/6629 2534/6671 2588/6610
f 2686/6663 2667/6689 2692/6601
f 2376/6343 2349/6431 2348/6357
f 4977/6433 4352/6416 2344/6475
f 4977/6433 2517/6543 4979/6478
f 2583/6523 2541/6564 2359/6625
f 3052/6633 2686/6663 2692/6601
f 3019/6572 3089/6650 3052/6633
f 3019/6572 3011/6508 2936/6597
f 808/6646 2642/6621 3016/6698
f 808/6646 3016/6698 4327/6722
f 3014/6618 2669/6738 3016/6698
f 2667/6689 2634/6792 2669/6738
f 2577/6840 4350/6894 2478/6806
f 2348/6357 2349/6431 2336/6418
f 2321/6404 4875/6401 2319/6324
f 2348/6357 2336/6418 2321/6404
f 2517/6543 4977/6433 2344/6475
f 2345/6533 2344/6475 2343/6469
f 2530/6598 4979/6478 2517/6543
f 2345/6533 2343/6469 2466/6570
f 2583/6523 2359/6625 2466/6570
f 2523/6571 4998/6635 2460/6613
f 2792/6538 3000/6471 4184/6487
f 3019/6572 902/6624 3089/6650
f 2936/6597 3011/6508 3086/6546
f 3086/6546 3000/6471 2792/6538
f 2640/6797 3016/6698 2669/6738
f 2641/6820 2669/6738 2634/6792
f 2339/6462 2336/6418 2349/6431
f 2321/6404 2526/6483 4875/6401
f 2339/6462 2321/6404 2336/6418
f 2351/6511 2349/6431 2350/6524
f 2350/6524 4979/6478 2530/6598
f 2345/6533 2517/6543 2344/6475
f 2530/6598 2517/6543 2462/6681
f 2466/6570 2470/6619 2345/6533
f 2466/6570 2359/6625 2492/6631
f 2524/6652 2578/6732 3956/6687
f 3956/6687 3030/6656 4998/6635
f 2791/6567 2792/6538 4184/6487
f 2815/6674 3089/6650 902/6624
f 2615/6719 2630/6734 3052/6633
f 2936/6597 3086/6546 2810/6612
f 3016/6698 2640/6797 2601/6766
f 4555/6749 2600/6816 2602/6845
f 2640/6797 2669/6738 2641/6820
f 2641/6820 2634/6792 2647/6866
f 2339/6462 2349/6431 2351/6511
f 2321/6404 2339/6462 2526/6483
f 2350/6524 2473/6605 2351/6511
f 2473/6605 2350/6524 2530/6598
f 2470/6619 2462/6681 2517/6543
f 2462/6681 2468/6721 2530/6598
f 2466/6570 2492/6631 2470/6619
f 2538/6699 2492/6631 2359/6625
f 2359/6625 2460/6613 3030/6656
f 3956/6687 2578/6732 4650/6753
f 2791/6567 3566/6626 2792/6538
f 2815/6674 2936/6597 2810/6612
f 2578/6732 2577/6840 2478/6806
f 2577/6840 4555/6749 2602/6845
f 2601/6766 2640/6797 2600/6816
f 2647/6866 2569/6900 2641/6820
f 2339/6462 2351/6511 2332/6534
f 2332/6534 2351/6511 2473/6605
f 2468/6721 2473/6605 2530/6598
f 2470/6619 2538/6699 2462/6681
f 2353/6799 2468/6721 2462/6681
f 2538/6699 2470/6619 2492/6631
f 2568/6705 2538/6699 2359/6625
f 2568/6705 2359/6625 3030/6656
f 2568/6705 3956/6687 4650/6753
f 3054/6804 2615/6719 3072/6783
f 3072/6783 2815/6674 3063/6730
f 2815/6674 2810/6612 2806/6662
f 2810/6612 3566/6626 2806/6662
f 2569/6900 2681/6919 2600/6816
f 2526/6483 2332/6534 2378/6562
f 2332/6534 2473/6605 2316/6622
f 2468/6721 2328/6720 2473/6605
f 2538/6699 2342/6764 2462/6681
f 2353/6799 2462/6681 2342/6764
f 2353/6799 2479/6839 2468/6721
f 2538/6699 2568/6705 2467/6782
f 3085/6694 3566/6626 2851/6632
f 3063/6730 2815/6674 2806/6662
f 2616/6877 3054/6804 3053/6873
f 2316/6622 2378/6562 2332/6534
f 4483/6560 2526/6483 2378/6562
f 2328/6720 2316/6622 2473/6605
f 2538/6699 2363/6800 2342/6764
f 2342/6764 4586/6812 2353/6799
f 2353/6799 2362/6915 2479/6839
f 2468/6721 2479/6839 2331/6809
f 2363/6800 2538/6699 2467/6782
f 2525/6801 2469/6768 4650/6753
f 3063/6730 2806/6662 3085/6694
f 3063/6730 2811/6787 2813/6794
f 2378/6562 2316/6622 2334/6615
f 2328/6720 2518/6682 2316/6622
f 2331/6809 2375/6852 2328/6720
f 2342/6764 2363/6800 4586/6812
f 2357/6872 2353/6799 4586/6812
f 2353/6799 2357/6872 2362/6915
f 2479/6839 2362/6915 2356/6932
f 2356/6932 2331/6809 2479/6839
f 2363/6800 2467/6782 4452/6870
f 2467/6782 2469/6768 2464/6832
f 2464/6832 2469/6768 2525/6801
f 2821/6709 2851/6632 2825/6695
f 2790/6771 3085/6694 2821/6709
f 2789/6843 2813/6794 2811/6787
f 2334/6615 2316/6622 2518/6682
f 2328/6720 2329/6780 2518/6682
f 2375/6852 2329/6780 2328/6720
f 2331/6809 2356/6932 2375/6852
f 2363/6800 2357/6872 4586/6812
f 4452/6870 2357/6872 2363/6800
f 4452/6870 2467/6782 2464/6832
f 2821/6709 2825/6695 2790/6771
f 2789/6843 2811/6787 2787/6835
f 2464/6832 2463/6863 2352/6905
f 2334/6615 2518/6682 5016/6651
f 2518/6682 2329/6780 4796/6735
f 2329/6780 2375/6852 5007/6880
f 2790/6771 2787/6835 2811/6787
f 2518/6682 4796/6735 5016/6651
f 5007/6880 4985/6807 2329/6780
f 4817/6795 4796/6735 4985/6807
f 1915/5459 1979/5519 1916/5431
f 2438/6729 4796/6735 4817/6795
f 4816/6857 4838/6829 4817/6795
f 4536/6784 4817/6795 4838/6829
f 4838/6829 4816/6857 2440/6903
f 2510/6865 4838/6829 2440/6903
f 2510/6865 2440/6903 5011/6920
f 5018/6818 4838/6829 2510/6865
f 2510/6865 5011/6920 2441/6885
f 2496/6828 5018/6818 2510/6865
f 5012/6918 2441/6885 5011/6920
f 1706/4721 1725/4641 5199/4786
f 1967/5964 1903/5834 1894/5887
f 1907/5588 1911/5553 1893/5508
f 1950/4935 1949/4884 5148/4902
f 5300/4782 1765/4612 5633/4728
f 1475/4698 1719/4655 1703/4615
f 5279/5458 2081/5423 2308/5446
f 2165/5018 2126/4960 2147/5004
f 2235/5729 4501/5710 2271/5667
f 2390/6902 4816/6857 5007/6880
f 2978/5343 3393/5397 5302/5417
f 3052/6633 2630/6734 2686/6663
f 2797/6791 54/6739 2796/6833
f 2741/6641 2750/6703 2717/6724
f 2797/6791 2790/6771 2825/6695
f 2839/6645 2851/6632 2819/6585
f 2782/6367 2779/6339 2753/6218
f 2797/6791 2796/6833 2714/6886
f 2817/6684 2824/6697 2839/6645
f 2798/6507 2788/6544 4184/6487
f 54/6739 2824/6697 2840/6747
f 3083/6228 2859/6148 2771/6230
f 2828/6561 2778/6595 2839/6645
f 2779/6339 2854/6390 2781/6347
f 2714/6886 2790/6771 2797/6791
f 2788/6544 2791/6567 4184/6487
f 2849/6349 2793/6383 3082/6297
f 2778/6595 2817/6684 2839/6645
f 2749/6755 2734/6777 2717/6724
f 2999/6241 3081/6212 3080/6188
f 2824/6697 54/6739 2825/6695
f 2770/6353 2773/6384 3684/6319
f 2819/6585 2828/6561 2839/6645
f 2798/6507 2794/6540 2828/6561
f 1/6521 2767/6467 2773/6384
f 2798/6507 2855/6461 2794/6540
f 2849/6349 3082/6297 4314/6322
f 2825/6695 2851/6632 2839/6645
f 2817/6684 2831/6762 2840/6747
f 2799/6312 2793/6383 2800/6385
f 2788/6544 2819/6585 2805/6588
f 2933/6152 2937/6171 2822/6236
f 2802/6537 2928/6557 2741/6641
f 3083/6228 2836/6285 3082/6297
f 2817/6684 2717/6724 2831/6762
f 3082/6297 2836/6285 4314/6322
f 2800/6385 4046/6293 2799/6312
f 2798/6507 2828/6561 2819/6585
f 2791/6567 2805/6588 2851/6632
f 3690/6667 2741/6641 2717/6724
f 54/6739 2840/6747 2796/6833
f 2854/6390 2779/6339 2748/6417
f 2800/6385 2793/6383 4184/6487
f 2817/6684 2778/6595 2777/6586
f 3690/6667 2817/6684 2777/6586
f 2777/6586 2794/6540 2780/6489
f 2824/6697 2825/6695 2839/6645
f 2788/6544 2805/6588 2791/6567
f 2767/6467 1/6521 2928/6557
f 3690/6667 2777/6586 2741/6641
f 4272/6400 2795/6439 2780/6489
f 2771/6230 2753/6218 5/6275
f 2781/6347 2849/6349 4314/6322
f 3080/6188 2822/6236 2999/6241
f 2819/6585 2788/6544 2798/6507
f 2855/6461 2780/6489 2794/6540
f 2804/6294 5/6275 2779/6339
f 2780/6489 2802/6537 2777/6586
f 2741/6641 2777/6586 2802/6537
f 2717/6724 2750/6703 2749/6755
f 2717/6724 2732/6819 2831/6762
f 2798/6507 2835/6428 2855/6461
f 1/6521 2750/6703 2741/6641
f 2780/6489 2795/6439 2802/6537
f 2748/6417 2780/6489 2855/6461
f 2854/6390 2748/6417 2855/6461
f 2750/6703 1/6521 2737/6750
f 4184/6487 4183/6444 2798/6507
f 2737/6750 2749/6755 2750/6703
f 2732/6819 2717/6724 2734/6777
f 2805/6588 2819/6585 2851/6632
f 1/6521 2741/6641 2928/6557
f 2767/6467 2802/6537 2795/6439
f 2748/6417 4272/6400 2780/6489
f 2744/6823 2732/6819 2734/6777
f 2928/6557 2802/6537 2767/6467
f 4183/6444 2835/6428 2798/6507
f 2748/6417 2779/6339 4272/6400
f 2824/6697 2817/6684 2840/6747
f 2835/6428 2854/6390 2855/6461
f 2717/6724 2817/6684 3690/6667
f 2777/6586 2778/6595 2794/6540
f 2793/6383 4183/6444 4184/6487
f 2782/6367 2795/6439 4272/6400
f 2779/6339 5/6275 2753/6218
f 2773/6384 2767/6467 2795/6439
f 4183/6444 2793/6383 2835/6428
f 2781/6347 2854/6390 2835/6428
f 2795/6439 2782/6367 2773/6384
f 2782/6367 4272/6400 2779/6339
f 2793/6383 2849/6349 2835/6428
f 2828/6561 2794/6540 2778/6595
f 2781/6347 2835/6428 2849/6349
f 2836/6285 2804/6294 2781/6347
f 3684/6319 2755/6253 2770/6353
f 2770/6353 1/6521 2773/6384
f 2776/6289 2773/6384 2782/6367
f 2781/6347 2804/6294 2779/6339
f 2793/6383 2799/6312 3082/6297
f 2773/6384 2776/6289 3684/6319
f 2822/6236 3080/6188 2933/6152
f 2753/6218 2776/6289 2782/6367
f 2766/6169 2776/6289 2753/6218
f 4314/6322 2836/6285 2781/6347
f 2825/6695 54/6739 2797/6791
f 2799/6312 2822/6236 3082/6297
f 2749/6755 2744/6823 2734/6777
f 4046/6293 2999/6241 2799/6312
f 2755/6253 3684/6319 2776/6289
f 2804/6294 2771/6230 5/6275
f 2804/6294 2836/6285 2771/6230
f 2999/6241 2822/6236 2799/6312
f 3083/6228 3082/6297 2822/6236
f 3081/6212 2999/6241 4046/6293
f 2755/6253 2776/6289 2766/6169
f 2871/6070 2766/6169 2753/6218
f 2836/6285 3083/6228 2771/6230
f 2937/6171 3083/6228 2822/6236
f 2923/6047 2766/6169 2871/6070
f 2859/6148 3083/6228 2937/6171
f 2937/6171 2933/6152 2926/6072
f 2937/6171 2926/6072 2859/6148
f 2878/5453 2877/5567 2874/5394
f 546/5832 2942/5883 2917/5712
f 3557/5850 2982/5978 3559/5921
f 2917/5712 2877/5567 2947/5577
f 2746/6649 2756/6760 3093/6767
f 2923/6047 2942/5883 3559/5921
f 2877/5567 2878/5453 3564/5500
f 3564/5500 2878/5453 2971/5412
f 3557/5850 3559/5921 546/5832
f 387/5480 2947/5577 3564/5500
f 3704/6850 2737/6750 2736/6776
f 2944/5589 2881/5707 2947/5577
f 2736/6776 2737/6750 2735/6655
f 2982/5978 2772/6129 2943/6035
f 546/5832 2881/5707 3557/5850
f 3700/6157 2772/6129 2982/5978
f 546/5832 2917/5712 2881/5707
f 3093/6767 2764/6672 2746/6649
f 387/5480 3564/5500 2971/5412
f 2772/6129 2923/6047 2943/6035
f 2923/6047 3559/5921 2943/6035
f 3712/6793 2756/6760 2746/6649
f 2755/6253 2772/6129 2760/6244
f 2760/6244 3700/6157 2754/6299
f 3559/5921 2982/5978 2943/6035
f 3094/6770 2735/6655 2764/6672
f 3564/5500 2947/5577 2877/5567
f 2970/5367 2971/5412 2878/5453
f 2770/6353 2755/6253 2760/6244
f 2/6574 2764/6672 2735/6655
f 2874/5394 2916/5256 2970/5367
f 2970/5367 2878/5453 2874/5394
f 2881/5707 2917/5712 2947/5577
f 2754/6299 2838/6449 2770/6353
f 3093/6767 2716/6826 3101/6861
f 2770/6353 2838/6449 1/6521
f 2923/6047 2772/6129 2766/6169
f 2760/6244 2754/6299 2770/6353
f 2/6574 2838/6449 2746/6649
f 2735/6655 2737/6750 1/6521
f 2/6574 2746/6649 2764/6672
f 2942/5883 546/5832 3559/5921
f 2735/6655 3094/6770 2736/6776
f 2716/6826 2756/6760 3712/6793
f 2772/6129 2755/6253 2766/6169
f 3094/6770 3093/6767 2738/6851
f 3093/6767 2756/6760 2716/6826
f 3094/6770 2738/6851 3704/6850
f 3093/6767 3101/6861 2738/6851
f 2736/6776 3094/6770 3704/6850
f 3700/6157 2760/6244 2772/6129
f 1/6521 2838/6449 2/6574
f 3093/6767 3094/6770 2764/6672
f 1/6521 2/6574 2735/6655
f 5899/5477 5424/5583 5481/5520
f 5461/5125 5352/5134 5354/5069
f 5482/5568 5424/5583 5432/5592
f 5354/5069 4777/5040 4920/5071
f 5424/5583 5482/5568 5481/5520
f 5317/4998 4778/5000 4777/5040
f 4778/5000 5317/4998 4917/4927
f 4778/5000 4920/5071 4777/5040
f 4920/5071 5461/5125 5354/5069
f 2406/6510 2404/6501 2418/6436
f 2432/6345 5076/6346 2377/6296
f 5294/5795 2072/5886 5180/5855
f 2224/6120 2222/6158 2015/6086
f 5404/6162 6203/6082 5304/6166
f 5404/6162 5142/6176 5310/6097
f 2024/6065 2015/6086 2427/6173
f 2022/6016 2264/6024 2015/6086
f 2427/6173 2015/6086 2222/6158
f 2257/6379 5328/6456 5105/6391
f 5153/6348 5053/6382 5141/6368
f 2427/6173 2220/6251 2430/6268
f 5405/6170 5139/6114 5102/6180
f 5336/6263 5245/6204 5142/6176
f 2419/6393 2418/6436 2404/6501
f 2037/6240 5339/6185 2407/6182
f 6212/6606 6213/6532 5028/6607
f 2419/6393 5165/6309 5034/6302
f 2019/5961 2038/5960 2022/6016
f 2425/6758 4271/6752 5018/6818
f 2092/5873 5280/5889 2098/5929
f 2025/6133 2029/6111 2026/6164
f 2037/6240 2017/6207 2415/6247
f 5110/6718 5115/6660 2514/6643
f 4944/6329 5153/6348 5336/6263
f 4943/6934 6288/6881 4948/6871
f 2043/5875 5280/5889 2020/5830
f 5152/5925 4952/6023 4947/5967
f 4856/6396 2420/6455 5037/6386
f 5313/6817 4948/6871 4993/6772
f 6239/6761 5108/6717 5052/6701
f 2015/6086 2264/6024 2224/6120
f 2266/6192 858/6239 857/6191
f 2413/6596 2417/6602 4806/6668
f 5030/6060 5104/6161 5926/6088
f 4999/6555 5028/6607 5129/6516
f 6199/6710 2402/6773 5313/6817
f 6204/5981 5152/5925 5448/5923
f 2416/6531 2423/6603 2417/6602
f 5275/6235 5104/6161 5038/6246
f 5288/6305 5038/6246 5163/6351
f 2034/5763 5180/5855 6223/5831
f 5120/6686 5025/6754 2401/6728
f 5926/6088 5277/6017 5030/6060
f 2257/6379 5288/6305 5163/6351
f 5048/5822 2021/5784 2092/5873
f 5028/6607 5043/6639 6199/6710
f 3882/6554 5161/6505 4951/6482
f 5108/6717 5110/6718 2514/6643
f 5043/6639 5028/6607 4999/6555
f 5038/6246 2037/6240 5165/6309
f 2333/6201 2424/6223 2222/6158
f 4885/6291 4886/6277 5245/6204
f 2066/6040 2025/6133 1992/6056
f 2417/6602 2413/6596 2406/6510
f 2413/6596 5120/6686 2539/6589
f 5000/6479 4966/6408 4875/6401
f 5100/6923 6314/6897 2512/6848
f 2264/6024 2022/6016 2038/5960
f 6201/6679 6212/6606 5028/6607
f 5139/6114 5245/6204 5102/6180
f 4995/6825 4946/6744 4993/6772
f 5277/6017 6204/5981 5448/5923
f 5277/6017 4952/6023 6204/5981
f 5926/6088 5104/6161 5304/6166
f 6203/6082 5926/6088 5304/6166
f 5759/6838 5624/6917 2512/6848
f 5060/6238 5275/6235 5269/6287
f 6199/6710 2401/6728 2402/6773
f 2087/5980 1992/6056 2035/5973
f 5759/6838 5025/6754 2397/6757
f 5328/6456 6034/6470 5105/6391
f 5038/6246 5165/6309 5163/6351
f 5052/6701 5101/6653 4946/6744
f 2416/6531 4819/6547 2423/6603
f 5339/6185 2036/6125 2407/6182
f 2031/5968 2019/5961 2066/6040
f 5043/6639 2539/6589 2401/6728
f 2406/6510 2420/6455 2416/6531
f 5180/5855 2074/5947 5448/5923
f 6033/6033 5243/6115 5139/6114
f 5050/6155 5104/6161 5030/6060
f 2515/6556 6213/6532 6212/6606
f 2512/6848 2402/6773 2401/6728
f 4886/6277 5141/6368 5338/6306
f 5034/6302 2430/6268 2519/6361
f 5339/6185 2037/6240 5038/6246
f 2539/6589 4999/6555 2408/6527
f 4271/6752 5273/6664 2438/6729
f 5250/6061 4947/5967 4952/6023
f 5052/6701 5108/6717 2514/6643
f 5309/6113 5286/6117 5250/6061
f 2539/6589 2408/6527 6216/6494
f 6319/6593 5115/6660 2673/6658
f 2514/6643 5115/6660 6319/6593
f 2075/6203 2025/6133 2026/6164
f 857/6191 2224/6120 2266/6192
f 4856/6396 2432/6345 4966/6408
f 2405/6670 5273/6664 4271/6752
f 5294/5795 2039/5706 5048/5822
f 6293/6813 4961/6788 6239/6761
f 5050/6155 5339/6185 5038/6246
f 5310/6097 5142/6176 5309/6113
f 4946/6744 6201/6679 4993/6772
f 5250/6061 6033/6033 4947/5967
f 4806/6668 2417/6602 2405/6670
f 5115/6660 5110/6718 2675/6711
f 2418/6436 5037/6386 2420/6455
f 5120/6686 2413/6596 4806/6668
f 6319/6593 2673/6658 5502/6600
f 5985/5847 5152/5925 5314/5819
f 6201/6679 6199/6710 4993/6772
f 6314/6897 5100/6923 5099/6948
f 5163/6351 5165/6309 2419/6393
f 4875/6401 2526/6483 5000/6479
f 2423/6603 5273/6664 2405/6670
f 2673/6658 4883/6654 5502/6600
f 2512/6848 6314/6897 5313/6817
f 2066/6040 2024/6065 2029/6111
f 5101/6653 2515/6556 6212/6606
f 6039/6405 5105/6391 6034/6470
f 5060/6238 5404/6162 5304/6166
f 5276/5865 5314/5819 5152/5925
f 4883/6654 4881/6690 5387/6726
f 2019/5961 2022/6016 2024/6065
f 6319/6593 5161/6505 3882/6554
f 5288/6305 5269/6287 5275/6235
f 4946/6744 6293/6813 6239/6761
f 5328/6456 2257/6379 4426/6457
f 2514/6643 3882/6554 2515/6556
f 2030/5913 5048/5822 2092/5873
f 2098/5929 2019/5961 2031/5968
f 5759/6838 5012/6918 5624/6917
f 5100/6923 2512/6848 5624/6917
f 5759/6838 2496/6828 2441/6885
f 5759/6838 2512/6848 2401/6728
f 2402/6773 2512/6848 5313/6817
f 5030/6060 2074/5947 2035/5973
f 2397/6757 4806/6668 2425/6758
f 2401/6728 5025/6754 5759/6838
f 6201/6679 5101/6653 6212/6606
f 2075/6203 2415/6247 2017/6207
f 6314/6897 4948/6871 5313/6817
f 2415/6247 2430/6268 5034/6302
f 5759/6838 2397/6757 2496/6828
f 4948/6871 6314/6897 5583/6935
f 2496/6828 2397/6757 2425/6758
f 4993/6772 6199/6710 5313/6817
f 4995/6825 4993/6772 4948/6871
f 5159/6437 4951/6482 5161/6505
f 2425/6758 5018/6818 2496/6828
f 5304/6166 5275/6235 5060/6238
f 5120/6686 2397/6757 5025/6754
f 2401/6728 6199/6710 5043/6639
f 2539/6589 5120/6686 2401/6728
f 4483/6560 2446/6575 5000/6479
f 4948/6871 6288/6881 4995/6825
f 6034/6470 6213/6532 2515/6556
f 2220/6251 2424/6223 2437/6264
f 5120/6686 4806/6668 2397/6757
f 4806/6668 2405/6670 2425/6758
f 6199/6710 6201/6679 5028/6607
f 6293/6813 4995/6825 6288/6881
f 5759/6838 2441/6885 5012/6918
f 2425/6758 2405/6670 4271/6752
f 5043/6639 4999/6555 2539/6589
f 5101/6653 6201/6679 4946/6744
f 6288/6881 4903/6864 6293/6813
f 2405/6670 2417/6602 2423/6603
f 4903/6864 4961/6788 6293/6813
f 6239/6761 5052/6701 4946/6744
f 4426/6457 2408/6527 4999/6555
f 2427/6173 2029/6111 2024/6065
f 5129/6516 4426/6457 4999/6555
f 6216/6494 2404/6501 2539/6589
f 6213/6532 5129/6516 5028/6607
f 2514/6643 5101/6653 5052/6701
f 6293/6813 4946/6744 4995/6825
f 6239/6761 4961/6788 5108/6717
f 2413/6596 2404/6501 2406/6510
f 2406/6510 2416/6531 2417/6602
f 2446/6575 5273/6664 2423/6603
f 2438/6729 5273/6664 5016/6651
f 5250/6061 4952/6023 5310/6097
f 2087/5980 2030/5913 2309/5935
f 6216/6494 2408/6527 4426/6457
f 5129/6516 5328/6456 4426/6457
f 6213/6532 5328/6456 5129/6516
f 2514/6643 2515/6556 5101/6653
f 4961/6788 5110/6718 5108/6717
f 2446/6575 2423/6603 4819/6547
f 2092/5873 2098/5929 2309/5935
f 2446/6575 5016/6651 5273/6664
f 4819/6547 2416/6531 5272/6480
f 2419/6393 6216/6494 4426/6457
f 2419/6393 2404/6501 6216/6494
f 6213/6532 6034/6470 5328/6456
f 4951/6482 6034/6470 2515/6556
f 4961/6788 5073/6811 5110/6718
f 2406/6510 2418/6436 2420/6455
f 5272/6480 2416/6531 2420/6455
f 2446/6575 4819/6547 5272/6480
f 2446/6575 4483/6560 5016/6651
f 2419/6393 4426/6457 5163/6351
f 4426/6457 2257/6379 5163/6351
f 5110/6718 5073/6811 2675/6711
f 2514/6643 6319/6593 3882/6554
f 4951/6482 2515/6556 3882/6554
f 6039/6405 6034/6470 4951/6482
f 2419/6393 2519/6361 2418/6436
f 5272/6480 2420/6455 4856/6396
f 4952/6023 6203/6082 5310/6097
f 5272/6480 5000/6479 2446/6575
f 5105/6391 5021/6341 2257/6379
f 6039/6405 4951/6482 5159/6437
f 5387/6726 2675/6711 5073/6811
f 5037/6386 2418/6436 2519/6361
f 2072/5886 2074/5947 5180/5855
f 5034/6302 2519/6361 2419/6393
f 5272/6480 4856/6396 4966/6408
f 4966/6408 5000/6479 5272/6480
f 5000/6479 2526/6483 4483/6560
f 5288/6305 2257/6379 5021/6341
f 5021/6341 5105/6391 4944/6329
f 4944/6329 5105/6391 6039/6405
f 2029/6111 2025/6133 2066/6040
f 2673/6658 5115/6660 2675/6711
f 5501/6528 5161/6505 6319/6593
f 5053/6382 6039/6405 5159/6437
f 5048/5822 2039/5706 2021/5784
f 2675/6711 5387/6726 4881/6690
f 2413/6596 2539/6589 2404/6501
f 2519/6361 5076/6346 5037/6386
f 4856/6396 5037/6386 5076/6346
f 5034/6302 5165/6309 2037/6240
f 5003/6301 2377/6296 2220/6251
f 5288/6305 5021/6341 5269/6287
f 5288/6305 5275/6235 5038/6246
f 4944/6329 5269/6287 5021/6341
f 5153/6348 4944/6329 6039/6405
f 4881/6690 2673/6658 2675/6711
f 5501/6528 6319/6593 5502/6600
f 2224/6120 2333/6201 2222/6158
f 5053/6382 5159/6437 5141/6368
f 6039/6405 5053/6382 5153/6348
f 5076/6346 2519/6361 2430/6268
f 5060/6238 5269/6287 4944/6329
f 2432/6345 4856/6396 5076/6346
f 4966/6408 2432/6345 2428/6330
f 4966/6408 2428/6330 4875/6401
f 2415/6247 5034/6302 2037/6240
f 2673/6658 4881/6690 4883/6654
f 2377/6296 5076/6346 2430/6268
f 2415/6247 2075/6203 2430/6268
f 5003/6301 2428/6330 2432/6345
f 2428/6330 2319/6324 4875/6401
f 5050/6155 5038/6246 5104/6161
f 5304/6166 5104/6161 5275/6235
f 5060/6238 4944/6329 5336/6263
f 5153/6348 4885/6291 5336/6263
f 5153/6348 5141/6368 4885/6291
f 2430/6268 2220/6251 2377/6296
f 2075/6203 2427/6173 2430/6268
f 2432/6345 2377/6296 5003/6301
f 2428/6330 5003/6301 2437/6264
f 2429/6259 2319/6324 2428/6330
f 2017/6207 2037/6240 2407/6182
f 2036/6125 5339/6185 5050/6155
f 5142/6176 5060/6238 5336/6263
f 5336/6263 4885/6291 5245/6204
f 4885/6291 5141/6368 4886/6277
f 5250/6061 5310/6097 5309/6113
f 2025/6133 2075/6203 2017/6207
f 2026/6164 2427/6173 2075/6203
f 2437/6264 2429/6259 2428/6330
f 2220/6251 2437/6264 5003/6301
f 2319/6324 2429/6259 858/6239
f 2015/6086 2024/6065 2022/6016
f 2017/6207 2407/6182 2025/6133
f 2025/6133 2407/6182 2036/6125
f 2036/6125 5050/6155 5030/6060
f 5404/6162 5060/6238 5142/6176
f 2220/6251 2427/6173 2424/6223
f 2029/6111 2427/6173 2026/6164
f 2424/6223 2429/6259 2437/6264
f 2429/6259 2333/6201 858/6239
f 1992/6056 2025/6133 2036/6125
f 5030/6060 1992/6056 2036/6125
f 5926/6088 6203/6082 5277/6017
f 5286/6117 5142/6176 5245/6204
f 858/6239 2333/6201 857/6191
f 2030/5913 2072/5886 5048/5822
f 5245/6204 4886/6277 5187/6232
f 4886/6277 5338/6306 5187/6232
f 2424/6223 2427/6173 2222/6158
f 2429/6259 2424/6223 2333/6201
f 5030/6060 2035/5973 1992/6056
f 5404/6162 5310/6097 6203/6082
f 5277/6017 2074/5947 5030/6060
f 6203/6082 4952/6023 5277/6017
f 5309/6113 5142/6176 5286/6117
f 5243/6115 5286/6117 5245/6204
f 5102/6180 5245/6204 5187/6232
f 5187/6232 5338/6306 5156/6242
f 2224/6120 857/6191 2333/6201
f 2066/6040 1992/6056 2087/5980
f 5277/6017 5448/5923 2074/5947
f 5243/6115 5245/6204 5139/6114
f 6033/6033 5286/6117 5243/6115
f 2066/6040 2019/5961 2024/6065
f 2087/5980 2031/5968 2066/6040
f 2072/5886 5294/5795 5048/5822
f 2035/5973 2030/5913 2087/5980
f 2072/5886 2035/5973 2074/5947
f 4952/6023 5152/5925 6204/5981
f 6033/6033 5250/6061 5286/6117
f 2031/5968 2087/5980 2309/5935
f 2030/5913 2035/5973 2072/5886
f 6223/5831 5180/5855 5448/5923
f 2309/5935 2098/5929 2031/5968
f 2092/5873 2309/5935 2030/5913
f 6223/5831 5448/5923 5985/5847
f 5448/5923 5152/5925 5985/5847
f 4947/5967 5276/5865 5152/5925
f 2098/5929 5280/5889 2019/5961
f 5180/5855 2034/5763 5294/5795
f 2034/5763 6223/5831 2033/5762
f 2033/5762 6223/5831 5985/5847
f 5985/5847 5314/5819 2033/5762
f 2092/5873 2020/5830 5280/5889
f 2021/5784 2020/5830 2092/5873
f 4065/4530 4613/4575 4509/4558
f 1610/4773 1614/4823 1608/4734
f 4251/4647 4177/4693 4475/4656
f 4587/4875 4833/4893 1569/4851
f 4833/4893 4829/4828 1569/4851
f 4827/5330 5207/5352 4826/5387
f 2084/5540 2104/5516 2050/5442
f 5143/4959 5123/4899 1575/4943
f 1627/4604 5094/4642 5074/4561
f 4718/4780 4996/4727 1608/4734
f 4177/4693 4815/4731 4525/4695
f 2212/5158 5005/5225 2068/5243
f 5174/5192 2068/5243 5268/5284
f 4065/4530 5128/4552 4613/4575
f 2212/5158 2068/5243 5248/5175
f 1696/4676 4996/4727 4719/4703
f 5686/4759 4957/4797 4812/4816
f 4822/5065 5195/5142 4991/5143
f 1627/4604 1598/4589 1605/4673
f 5825/5488 6000/5492 5232/5409
f 4761/4634 5094/4642 4251/4647
f 4890/4880 4810/4873 4812/4816
f 2071/5264 2099/5234 2107/5318
f 2056/4887 1575/4943 2079/4852
f 4551/4544 4613/4575 1574/4594
f 5237/5231 5008/5265 5005/5225
f 4764/4746 4836/4809 4775/4790
f 5667/5013 5671/4991 5285/5052
f 5262/5324 3/5396 5263/5354
f 2057/5019 5671/4991 5122/4966
f 5235/5114 4991/5143 5234/5178
f 5686/4759 4812/4816 4762/4762
f 2212/5158 2078/5187 5237/5231
f 4524/5653 5044/5637 6103/5694
f 1609/4724 1608/4734 1605/4673
f 5240/5094 5203/5093 5246/5030
f 5671/4991 5241/5044 5285/5052
f 5015/4949 5062/4945 5246/5030
f 6181/5780 5225/5688 6153/5765
f 1573/4518 4551/4544 4609/4550
f 4833/4893 4721/4876 4829/4828
f 5154/5586 5205/5559 5178/5504
f 4509/4558 4551/4544 4065/4530
f 2080/4806 1612/4739 2052/4812
f 5826/5547 6167/5601 5162/5581
f 4695/4587 4799/4648 4728/4597
f 5154/5586 5377/5681 5183/5642
f 4613/4575 4551/4544 4509/4558
f 1696/4676 5094/4642 1627/4604
f 4695/4587 4588/4535 1574/4594
f 1627/4604 5074/4561 1617/4539
f 5320/5856 5202/5812 6181/5780
f 5210/5479 6155/5422 6161/5483
f 5246/5030 5227/5074 5015/4949
f 1574/4594 4475/4656 4799/4648
f 5320/5856 5674/5798 6188/5904
f 5461/5125 4920/5071 5974/5116
f 4588/4535 1573/4518 4609/4550
f 1696/4676 4719/4703 5094/4642
f 5242/5627 6015/5698 6244/5628
f 4799/4648 4158/4718 4577/4684
f 5676/4608 4761/4634 4251/4647
f 1627/4604 1617/4539 1598/4589
f 5004/5146 5049/5188 5047/5095
f 4719/4703 4251/4647 5094/4642
f 5225/5688 6167/5601 6244/5628
f 4841/4753 4719/4703 5116/4779
f 4522/4557 4588/4535 4695/4587
f 1640/4712 5155/4747 1609/4724
f 5241/5044 2057/5019 5407/5101
f 6188/5904 5303/5977 6072/5945
f 5676/4608 4251/4647 1574/4594
f 4991/5143 5287/5232 5234/5178
f 4982/5427 5173/5353 4826/5387
f 6103/5694 4521/5673 4524/5653
f 4829/4828 4957/4797 4841/4753
f 5057/4931 5249/4965 5062/4945
f 5122/4966 5143/4959 5281/5029
f 5242/5627 5254/5561 5265/5644
f 4799/4648 4475/4656 4525/4695
f 4525/4695 4158/4718 4799/4648
f 5228/5334 5229/5380 5207/5352
f 4829/4828 4841/4753 5116/4779
f 5033/4602 5676/4608 4613/4575
f 4577/4684 4579/4669 4728/4597
f 2068/5243 5174/5192 5248/5175
f 1614/4823 5123/4899 5022/4882
f 1609/4724 1610/4773 1608/4734
f 1696/4676 1627/4604 1605/4673
f 4609/4550 1574/4594 4588/4535
f 4251/4647 4719/4703 4177/4693
f 5057/4931 5022/4882 5123/4899
f 2259/5180 2063/5186 5322/5211
f 5157/5536 5826/5547 5825/5488
f 5062/4945 4583/4872 5058/4901
f 5908/5311 5189/5240 5351/5313
f 4728/4597 4522/4557 4695/4587
f 4799/4648 4695/4587 1574/4594
f 5184/5711 5183/5642 5166/5738
f 4841/4753 4815/4731 4177/4693
f 5004/5146 5233/5181 5282/5221
f 5676/4608 1574/4594 4613/4575
f 4719/4703 4841/4753 4177/4693
f 1608/4734 4996/4727 1696/4676
f 6161/5483 5254/5561 5256/5556
f 5166/5738 5183/5642 5377/5681
f 4996/4727 4787/4756 4719/4703
f 5116/4779 4787/4756 4717/4807
f 1572/4833 4587/4875 1569/4851
f 4158/4718 4815/4731 4957/4797
f 5211/5418 5147/5439 5146/5375
f 4577/4684 4158/4718 5686/4759
f 2104/5516 2067/5501 2050/5442
f 4904/5162 5195/5142 5001/5111
f 4957/4797 4815/4731 4841/4753
f 4957/4797 5686/4759 4158/4718
f 5155/4747 1610/4773 1609/4724
f 5237/5231 2078/5187 2071/5264
f 5074/4561 5094/4642 5033/4602
f 1605/4673 1639/4701 1640/4712
f 1639/4701 1605/4673 1604/4671
f 5157/5536 6167/5601 5826/5547
f 5210/5479 5261/5474 5211/5418
f 5200/4864 5058/4901 4583/4872
f 1612/4739 1607/4751 1604/4671
f 4718/4780 1608/4734 1614/4823
f 5146/5375 5230/5316 5263/5354
f 4717/4807 4787/4756 4718/4780
f 2050/5442 6205/5392 2118/5370
f 4764/4746 4579/4669 4762/4762
f 5033/4602 4563/4580 5074/4561
f 1610/4773 5124/4808 1614/4823
f 4717/4807 1572/4833 5116/4779
f 5047/5095 5049/5188 5367/5110
f 1614/4823 5149/4830 4718/4780
f 5407/5101 5248/5175 5174/5192
f 1598/4589 1604/4671 1605/4673
f 4525/4695 4815/4731 4158/4718
f 4613/4575 5128/4552 4563/4580
f 5062/4945 5015/4949 4583/4872
f 5057/4931 5123/4899 5122/4966
f 5124/4808 1610/4773 5155/4747
f 4707/5059 5001/5111 4822/5065
f 4762/4762 4577/4684 5686/4759
f 5194/5282 5077/5274 5177/5248
f 2079/4852 2080/4806 2056/4887
f 5319/5918 5290/5984 5289/5989
f 1575/4943 5123/4899 2079/4852
f 4764/4746 4762/4762 4836/4809
f 4957/4797 4890/4880 4812/4816
f 4809/4834 4762/4762 4812/4816
f 5235/5114 5216/5055 5380/5067
f 4890/4880 4957/4797 4628/4900
f 5149/4830 1614/4823 5200/4864
f 5022/4882 5200/4864 1614/4823
f 4583/4872 4717/4807 5149/4830
f 5124/4808 5123/4899 1614/4823
f 5228/5334 5232/5409 5229/5380
f 1639/4701 1607/4751 1640/4712
f 4809/4834 4836/4809 4762/4762
f 5116/4779 4719/4703 4787/4756
f 5252/5250 5174/5192 5268/5284
f 4812/4816 4810/4873 4809/4834
f 4721/4876 4833/4893 4628/4900
f 4630/4944 4890/4880 4628/4900
f 4826/5387 4975/5462 4982/5427
f 5154/5586 5178/5504 5920/5550
f 5051/5658 2033/5762 5265/5644
f 5200/4864 4583/4872 5149/4830
f 5200/4864 5022/4882 5058/4901
f 2837/6154 2753/6218 2771/6230
f 2869/6058 2837/6154 2859/6148
f 2837/6154 2863/6092 2753/6218
f 2869/6058 2926/6072 2985/5963
f 2868/5848 2858/5926 2856/5903
f 2985/5963 2858/5926 2869/6058
f 2922/5821 2912/5758 2868/5848
f 2857/5972 2869/6058 2858/5926
f 2914/5659 2844/5643 2932/5732
f 2846/5752 2942/5883 2931/5800
f 2942/5883 2846/5752 2917/5712
f 2952/5544 2951/5576 2914/5659
f 2844/5643 2914/5659 2951/5576
f 2917/5712 2846/5752 2845/5680
f 2931/5800 3679/5705 2848/5676
f 2952/5544 2911/5481 2951/5576
f 2920/5582 2870/5620 2844/5643
f 2844/5643 2951/5576 2853/5545
f 2917/5712 2845/5680 2877/5567
f 2845/5680 2846/5752 2848/5676
f 3679/5705 2870/5620 2848/5676
f 2875/5554 2870/5620 2920/5582
f 2853/5545 2920/5582 2844/5643
f 2877/5567 2845/5680 2848/5676
f 2911/5481 2908/5413 2853/5545
f 2911/5481 5426/5441 2929/5355
f 2875/5554 2920/5582 2853/5545
f 2912/5758 2932/5732 2868/5848
f 2930/5312 2908/5413 2929/5355
f 3605/5333 2908/5413 2930/5312
f 2929/5355 2968/5235 2930/5312
f 2913/5336 3605/5333 2927/5296
f 2927/5296 3605/5333 2930/5312
f 2913/5336 2874/5394 2908/5413
f 2968/5235 2885/5209 2930/5312
f 2927/5296 2930/5312 2885/5209
f 2837/6154 2771/6230 2859/6148
f 2863/6092 2837/6154 2869/6058
f 2886/5270 2874/5394 2913/5336
f 2885/5209 2886/5270 2927/5296
f 2874/5394 2886/5270 2916/5256
f 2890/5117 2962/5031 2957/5103
f 2890/5117 2957/5103 2885/5209
f 3538/4969 2962/5031 2890/5117
f 2884/5212 2916/5256 2886/5270
f 2961/4961 3563/4973 2962/5031
f 2957/5103 2962/5031 2904/5027
f 2912/5758 2914/5659 2932/5732
f 2886/5270 2901/5153 2884/5212
f 2961/4961 2962/5031 3538/4969
f 1607/4751 2080/4806 2079/4852
f 2913/5336 2908/5413 3605/5333
f 2904/5027 2962/5031 3563/4973
f 2957/5103 2904/5027 2901/5153
f 2957/5103 2901/5153 2885/5209
f 1607/4751 5155/4747 1640/4712
f 3538/4969 2900/4923 2961/4961
f 5235/5114 4776/5113 5216/5055
f 5461/5125 5974/5116 4939/5165
f 4775/4790 4660/4716 4764/4746
f 2877/5567 2848/5676 2875/5554
f 5232/5409 5228/5334 5146/5375
f 5155/4747 1607/4751 5124/4808
f 5124/4808 1607/4751 2079/4852
f 5178/5504 5205/5559 5395/5449
f 3679/5705 2844/5643 2870/5620
f 2079/4852 5123/4899 5124/4808
f 3563/4973 2961/4961 2900/4923
f 5260/5359 3/5396 5262/5324
f 5674/5798 5320/5856 6169/5802
f 5057/4931 5122/4966 5671/4991
f 2874/5394 2875/5554 2908/5413
f 5674/5798 6169/5802 6153/5765
f 4810/4873 4890/4880 379/4904
f 4707/5059 4705/5001 5367/5110
f 4809/4834 4810/4873 4924/4890
f 2869/6058 2857/5972 2863/6092
f 4793/4942 4822/5065 5217/5028
f 2051/5566 2104/5516 2084/5540
f 5228/5334 5077/5274 5194/5282
f 5281/5029 2212/5158 5407/5101
f 5229/5380 5206/5406 5207/5352
f 4833/4893 4824/4952 4628/4900
f 2863/6092 2857/5972 2871/6070
f 4628/4900 4705/5001 4630/4944
f 1604/4671 1607/4751 1639/4701
f 6103/5694 5044/5637 2039/5706
f 5318/5377 4668/5457 4382/5390
f 5713/4858 4749/4877 4775/4790
f 4991/5143 5380/5067 4822/5065
f 4890/4880 4630/4944 4793/4942
f 4957/4797 4829/4828 4628/4900
f 6000/5492 5920/5550 4975/5462
f 5173/5353 4827/5330 4826/5387
f 4851/4922 4917/4927 4749/4877
f 2871/6070 2857/5972 2942/5883
f 2056/4887 2080/4806 2052/4812
f 5377/5681 5204/5764 5816/5723
f 2863/6092 2871/6070 2753/6218
f 2931/5800 2857/5972 2858/5926
f 5974/5116 4920/5071 4776/5113
f 2050/5442 5144/5450 6205/5392
f 4717/4807 4718/4780 5149/4830
f 4836/4809 4924/4890 5713/4858
f 4761/4634 5676/4608 5033/4602
f 4810/4873 379/4904 4793/4942
f 2869/6058 2859/6148 2926/6072
f 4793/4942 379/4904 4890/4880
f 2853/5545 2908/5413 2875/5554
f 4917/4927 4851/4922 4778/5000
f 4705/5001 4628/4900 4824/4952
f 2921/5901 2868/5848 2985/5963
f 4824/4952 4833/4893 5015/4949
f 4823/5002 4630/4944 4705/5001
f 4728/4597 4799/4648 4577/4684
f 4563/4580 5128/4552 5074/4561
f 4823/5002 4793/4942 4630/4944
f 2259/5180 2058/5119 2063/5186
f 2868/5848 2921/5901 2922/5821
f 4836/4809 5713/4858 4775/4790
f 5022/4882 5057/4931 5058/4901
f 5015/4949 5227/5074 5331/5020
f 5426/5441 2911/5481 2952/5544
f 4749/4877 5713/4858 4851/4922
f 2871/6070 2942/5883 2923/6047
f 6011/5204 5287/5232 4991/5143
f 2095/5634 2069/5615 2084/5540
f 4705/5001 4824/4952 5331/5020
f 2875/5554 2848/5676 2870/5620
f 1572/4833 1569/4851 4829/4828
f 5015/4949 5331/5020 4824/4952
f 1640/4712 1609/4724 1605/4673
f 4823/5002 4705/5001 4707/5059
f 1572/4833 4583/4872 4587/4875
f 2868/5848 2931/5800 2858/5926
f 5058/4901 5057/4931 5062/4945
f 5143/4959 5122/4966 5123/4899
f 5674/5798 6153/5765 5145/5704
f 3679/5705 2931/5800 2932/5732
f 5281/5029 5143/4959 1575/4943
f 4583/4872 1572/4833 4717/4807
f 4718/4780 4787/4756 4996/4727
f 2931/5800 2942/5883 2857/5972
f 1574/4594 4251/4647 4475/4656
f 5380/5067 5217/5028 4822/5065
f 4851/4922 4924/4890 4861/4981
f 2886/5270 2913/5336 2927/5296
f 5263/5354 5211/5418 5146/5375
f 2932/5732 2931/5800 2868/5848
f 2874/5394 2877/5567 2875/5554
f 6140/5541 2051/5566 5247/5594
f 2868/5848 2856/5903 2985/5963
f 2932/5732 2844/5643 3679/5705
f 4793/4942 4924/4890 4810/4873
f 5205/5559 5154/5586 5183/5642
f 2856/5903 2858/5926 2985/5963
f 5047/5095 4705/5001 5331/5020
f 5249/4965 5057/4931 5671/4991
f 2068/5243 5231/5303 5262/5324
f 4861/4981 4778/5000 4851/4922
f 5407/5101 5240/5094 5285/5052
f 2948/5725 2912/5758 2922/5821
f 5015/4949 4833/4893 4587/4875
f 4920/5071 5216/5055 4776/5113
f 4836/4809 4809/4834 4924/4890
f 5385/5184 4939/5165 5208/5222
f 5227/5074 5047/5095 5331/5020
f 5982/5278 5198/5280 4990/5228
f 5242/5627 6244/5628 5256/5556
f 2914/5659 2912/5758 2948/5725
f 2051/5566 5044/5637 5247/5594
f 5001/5111 4707/5059 5367/5110
f 5287/5232 5189/5240 5234/5178
f 5240/5094 5407/5101 5174/5192
f 4705/5001 5047/5095 5367/5110
f 5208/5222 4939/5165 5189/5240
f 2886/5270 2885/5209 2901/5153
f 5227/5074 5246/5030 5203/5093
f 2853/5545 2951/5576 2911/5481
f 5157/5536 5261/5474 5210/5479
f 2908/5413 2911/5481 2929/5355
f 5249/4965 5667/5013 5062/4945
f 2846/5752 2931/5800 2848/5676
f 6244/5628 6167/5601 5157/5536
f 5246/5030 5667/5013 5240/5094
f 2885/5209 2968/5235 2890/5117
f 5204/5764 6084/5859 5182/5846
f 5667/5013 5249/4965 5671/4991
f 5178/5504 4975/5462 5920/5550
f 5217/5028 5380/5067 4861/4981
f 2057/5019 5122/4966 5281/5029
f 1696/4676 1605/4673 1608/4734
f 5671/4991 2057/5019 5241/5044
f 4778/5000 4861/4981 5216/5055
f 4861/4981 5380/5067 5216/5055
f 5227/5074 5004/5146 5047/5095
f 4947/5967 6188/5904 5276/5865
f 5367/5110 4904/5162 5001/5111
f 4822/5065 5001/5111 5195/5142
f 5227/5074 5203/5093 5233/5181
f 5667/5013 5285/5052 5240/5094
f 2057/5019 5281/5029 5407/5101
f 4778/5000 5216/5055 4920/5071
f 5116/4779 1572/4833 4829/4828
f 5982/5278 5077/5274 5228/5334
f 5049/5188 4904/5162 5367/5110
f 2039/5706 5294/5795 6103/5694
f 5227/5074 5233/5181 5004/5146
f 5920/5550 5162/5581 6157/5638
f 5380/5067 4991/5143 5235/5114
f 5233/5181 5203/5093 5240/5094
f 4563/4580 5033/4602 4613/4575
f 2045/5291 5237/5231 2071/5264
f 5407/5101 5285/5052 5241/5044
f 5232/5409 6000/5492 5206/5406
f 5004/5146 5282/5221 5049/5188
f 5049/5188 4990/5228 4904/5162
f 2119/5363 2050/5442 2118/5370
f 4762/4762 4579/4669 4577/4684
f 4904/5162 6011/5204 5195/5142
f 6011/5204 4991/5143 5195/5142
f 5233/5181 5240/5094 5174/5192
f 5395/5449 5173/5353 4982/5427
f 5008/5265 2068/5243 5005/5225
f 5247/5594 5044/5637 4524/5653
f 6114/5104 2212/5158 5281/5029
f 5248/5175 5407/5101 2212/5158
f 5234/5178 4776/5113 5235/5114
f 5049/5188 5282/5221 5982/5278
f 5982/5278 4990/5228 5049/5188
f 4822/5065 4823/5002 4707/5059
f 5252/5250 5233/5181 5174/5192
f 6114/5104 2078/5187 2212/5158
f 4776/5113 4939/5165 5974/5116
f 4939/5165 4776/5113 5234/5178
f 5077/5274 5982/5278 5282/5221
f 5920/5550 6000/5492 5162/5581
f 6011/5204 4990/5228 5198/5280
f 5198/5280 5287/5232 6011/5204
f 5233/5181 5252/5250 5251/5246
f 5231/5303 6225/5341 5260/5359
f 6114/5104 2058/5119 2078/5187
f 5234/5178 5189/5240 4939/5165
f 5062/4945 5667/5013 5246/5030
f 5251/5246 5252/5250 5194/5282
f 5177/5248 5077/5274 5282/5221
f 2119/5363 2118/5370 2109/5325
f 5206/5406 6176/5414 5207/5352
f 4827/5330 5198/5280 5982/5278
f 5228/5334 5207/5352 5982/5278
f 4829/4828 4721/4876 4628/4900
f 5198/5280 5351/5313 5287/5232
f 5287/5232 5351/5313 5189/5240
f 5252/5250 5268/5284 5230/5316
f 5233/5181 5251/5246 5177/5248
f 5183/5642 5185/5621 5205/5559
f 5237/5231 5005/5225 2212/5158
f 6176/5414 4826/5387 5207/5352
f 2259/5180 2078/5187 2058/5119
f 4939/5165 5385/5184 5461/5125
f 5247/5594 5055/5574 5168/5523
f 5233/5181 5177/5248 5282/5221
f 5268/5284 5263/5354 5230/5316
f 4904/5162 4990/5228 6011/5204
f 5205/5559 5185/5621 5413/5532
f 5173/5353 5198/5280 4827/5330
f 4823/5002 4822/5065 4793/4942
f 5207/5352 4827/5330 5982/5278
f 4587/4875 4583/4872 5015/4949
f 5231/5303 5008/5265 2045/5291
f 2068/5243 5262/5324 5268/5284
f 5351/5313 5318/5377 5908/5311
f 5177/5248 5251/5246 5194/5282
f 2078/5187 5322/5211 2071/5264
f 2078/5187 2259/5180 5322/5211
f 5351/5313 5172/5372 5318/5377
f 5189/5240 5908/5311 5208/5222
f 4579/4669 4764/4746 4660/4716
f 4982/5427 5178/5504 5395/5449
f 2067/5501 2051/5566 6140/5541
f 5173/5353 5172/5372 5351/5313
f 4861/4981 4924/4890 4793/4942
f 2045/5291 2109/5325 6225/5341
f 5262/5324 5263/5354 5268/5284
f 2109/5325 2045/5291 2071/5264
f 5230/5316 5146/5375 5228/5334
f 5154/5586 5920/5550 6157/5638
f 5395/5449 5172/5372 5173/5353
f 5713/4858 4924/4890 4851/4922
f 5908/5311 5318/5377 4382/5390
f 5230/5316 5228/5334 5194/5282
f 5144/5450 5169/5512 6161/5483
f 5262/5324 5231/5303 5260/5359
f 5320/5856 6188/5904 6072/5945
f 5206/5406 6000/5492 6176/5414
f 1574/4594 4609/4550 4551/4544
f 2063/5186 2099/5234 5322/5211
f 5008/5265 5231/5303 2068/5243
f 2109/5325 2071/5264 2107/5318
f 6155/5422 5210/5479 5211/5418
f 2045/5291 5008/5265 5237/5231
f 2069/5615 2039/5706 5044/5637
f 2045/5291 6225/5341 5231/5303
f 2107/5318 2082/5391 2119/5363
f 5206/5406 5229/5380 5232/5409
f 4826/5387 6176/5414 4975/5462
f 5172/5372 5395/5449 5318/5377
f 3/5396 6155/5422 5263/5354
f 5263/5354 6155/5422 5211/5418
f 2118/5370 6225/5341 2109/5325
f 5232/5409 5146/5375 5147/5439
f 5178/5504 4982/5427 4975/5462
f 5217/5028 4861/4981 4793/4942
f 2109/5325 2107/5318 2119/5363
f 6176/5414 6000/5492 4975/5462
f 5261/5474 5147/5439 5211/5418
f 4668/5457 5318/5377 5395/5449
f 6205/5392 5260/5359 6225/5341
f 2071/5264 5322/5211 2099/5234
f 1612/4739 2080/4806 1607/4751
f 5144/5450 3/5396 5260/5359
f 6157/5638 5225/5688 5204/5764
f 6161/5483 6155/5422 3/5396
f 2118/5370 6205/5392 6225/5341
f 5147/5439 5825/5488 5232/5409
f 5395/5449 5413/5532 4668/5457
f 5144/5450 5260/5359 6205/5392
f 5144/5450 6161/5483 3/5396
f 2051/5566 2067/5501 2104/5516
f 5051/5658 2034/5763 2033/5762
f 5261/5474 5825/5488 5147/5439
f 2082/5391 2050/5442 2119/5363
f 5173/5353 5351/5313 5198/5280
f 6000/5492 5825/5488 5826/5547
f 5395/5449 5205/5559 5413/5532
f 4475/4656 4177/4693 4525/4695
f 5256/5556 5210/5479 6161/5483
f 5261/5474 5157/5536 5825/5488
f 5252/5250 5230/5316 5194/5282
f 5826/5547 5162/5581 6000/5492
f 5094/4642 4761/4634 5033/4602
f 2067/5501 5144/5450 2050/5442
f 5168/5523 5169/5512 5144/5450
f 5169/5512 5254/5561 6161/5483
f 5210/5479 5256/5556 5157/5536
f 5154/5586 6157/5638 5377/5681
f 6157/5638 5162/5581 5225/5688
f 5168/5523 5144/5450 2067/5501
f 5169/5512 5168/5523 5055/5574
f 5169/5512 5055/5574 5254/5561
f 6244/5628 5157/5536 5256/5556
f 5256/5556 5254/5561 5242/5627
f 6167/5601 5225/5688 5162/5581
f 5204/5764 5377/5681 6157/5638
f 5185/5621 5183/5642 5184/5711
f 6140/5541 5168/5523 2067/5501
f 2069/5615 2051/5566 2084/5540
f 5254/5561 5055/5574 5265/5644
f 5816/5723 5166/5738 5377/5681
f 5202/5812 5204/5764 5225/5688
f 2992/6132 1989/6041 2040/6102
f 4994/6283 1995/6202 4399/6233
f 2243/6109 2285/6084 1995/6202
f 4399/6233 2992/6132 2582/6184
f 2992/6132 2040/6102 2582/6184
f 1995/6202 2285/6084 2992/6132
f 4399/6233 1995/6202 2992/6132
f 4521/5673 5051/5658 5247/5594
f 6140/5541 5247/5594 5168/5523
f 5055/5574 5247/5594 5051/5658
f 5320/5856 6072/5945 5319/5918
f 5055/5574 5051/5658 5265/5644
f 5242/5627 5265/5644 5998/5716
f 5225/5688 6244/5628 5145/5704
f 5204/5764 5166/5738 5816/5723
f 5204/5764 5202/5812 6084/5859
f 6084/5859 5130/5933 5182/5846
f 6181/5780 5202/5812 5225/5688
f 2699/6942 2732/6819 2703/6891
f 2749/6755 2737/6750 2744/6823
f 2703/6891 2744/6823 3709/6896
f 5242/5627 5998/5716 6015/5698
f 5145/5704 6244/5628 6015/5698
f 5265/5644 2033/5762 5998/5716
f 2732/6819 2744/6823 2703/6891
f 3709/6896 2744/6823 3704/6850
f 6188/5904 4947/5967 5303/5977
f 5225/5688 5145/5704 6153/5765
f 2744/6823 2737/6750 3704/6850
f 6181/5780 6169/5802 5320/5856
f 5166/5738 5204/5764 5182/5846
f 5202/5812 5319/5918 6084/5859
f 2051/5566 2069/5615 5044/5637
f 6072/5945 5303/5977 6033/6033
f 2034/5763 5051/5658 4521/5673
f 4521/5673 5247/5594 4524/5653
f 6015/5698 5998/5716 5675/5785
f 5145/5704 6015/5698 5674/5798
f 5314/5819 5998/5716 2033/5762
f 5320/5856 5319/5918 5202/5812
f 5130/5933 6084/5859 5319/5918
f 6169/5802 6181/5780 6153/5765
f 2069/5615 2095/5634 2039/5706
f 2034/5763 4521/5673 6103/5694
f 5675/5785 5998/5716 5314/5819
f 5675/5785 5674/5798 6015/5698
f 5130/5933 5319/5918 5289/5989
f 5294/5795 2034/5763 6103/5694
f 5276/5865 5675/5785 5314/5819
f 5674/5798 5675/5785 5276/5865
f 6072/5945 5290/5984 5319/5918
f 5674/5798 5276/5865 6188/5904
f 6033/6033 5290/5984 6072/5945
f 5290/5984 5176/6045 5289/5989
f 5176/6045 5290/5984 6033/6033
f 6033/6033 5303/5977 4947/5967
f 6538/4202 6475/4202 6474/4202
f 6538/4202 6473/4202 6475/4202
f 6538/4202 6466/4202 6473/4202
f 6538/4202 6464/4202 6466/4202
f 6538/4202 6465/4202 6464/4202
f 6538/4202 6469/4202 6465/4202
f 6538/4202 6461/4202 6469/4202
f 6538/4202 6454/4202 6461/4202
f 6538/4202 6455/4202 6454/4202
f 6538/4202 6456/4202 6455/4202
f 6538/4202 6457/4202 6456/4202
f 6538/4202 6458/4202 6457/4202
f 6538/4202 6450/4202 6458/4202
f 6538/4202 6441/4202 6450/4202
f 6538/4202 6440/4202 6441/4202
f 6538/4202 6446/4202 6440/4202
f 6538/4202 6447/4202 6446/4202
f 6538/4202 6448/4202 6447/4202
f 6538/4202 6485/4202 6448/4202
f 6538/4202 6479/4202 6485/4202
f 6538/4202 6480/4202 6479/4202
f 6538/4202 6486/4202 6480/4202
f 6538/4202 6493/4202 6486/4202
f 6538/4202 6494/4202 6493/4202
f 6538/4202 6510/4202 6494/4202
f 6538/4202 6498/4202 6510/4202
f 6538/4202 6496/4202 6498/4202
f 6538/4202 6497/4202 6496/4202
f 6538/4202 6490/4202 6497/4202
f 6538/4202 6489/4202 6490/4202
f 6538/4202 6495/4202 6489/4202
f 6538/4202 6512/4202 6495/4202
f 6538/4202 6491/4202 6512/4202
f 6538/4202 6492/4202 6491/4202
f 6538/4202 6499/4202 6492/4202
f 6538/4202 6500/4202 6499/4202
f 6538/4202 6505/4202 6500/4202
f 6538/4202 6504/4202 6505/4202
f 6538/4202 6507/4202 6504/4202
f 6538/4202 6511/4202 6507/4202
f 6538/4202 6502/4202 6511/4202
f 6538/4202 6501/4202 6502/4202
f 6538/4202 6506/4202 6501/4202
f 6538/4202 6508/4202 6506/4202
f 6538/4202 6509/4202 6508/4202
f 6538/4202 6503/4202 6509/4202
f 6538/4202 6423/4202 6503/4202
f 6538/4202 6422/4202 6423/4202
f 6538/4202 6488/4202 6422/4202
f 6538/4202 6487/4202 6488/4202
f 6538/4202 6419/4202 6487/4202
f 6538/4202 6409/4202 6419/4202
f 6538/4202 6408/4202 6409/4202
f 6538/4202 6418/4202 6408/4202
f 6538/4202 6412/4202 6418/4202
f 6538/4202 6413/4202 6412/4202
f 6538/4202 6434/4202 6413/4202
f 6538/4202 6404/4202 6434/4202
f 6538/4202 6405/4202 6404/4202
f 6538/4202 6416/4202 6405/4202
f 6538/4202 6417/4202 6416/4202
f 6538/4202 6433/4202 6417/4202
f 6538/4202 6420/4202 6433/4202
f 6538/4202 6410/4202 6420/4202
f 6538/4202 6411/4202 6410/4202
f 6538/4202 6407/4202 6411/4202
f 6538/4202 6406/4202 6407/4202
f 6538/4202 6439/4202 6406/4202
f 6538/4202 6437/4202 6439/4202
f 6538/4202 6438/4202 6437/4202
f 6538/4202 6435/4202 6438/4202
f 6538/4202 6436/4202 6435/4202
f 6538/4202 6426/4202 6436/4202
f 6538/4202 6425/4202 6426/4202
f 6538/4202 6427/4202 6425/4202
f 6538/4202 6428/4202 6427/4202
f 6538/4202 6525/4202 6428/4202
f 6538/4202 6424/4202 6525/4202
f 6538/4202 6357/4202 6424/4202
f 6538/4202 6358/4202 6357/4202
f 6538/4202 6378/4202 6358/4202
f 6538/4202 6414/4202 6378/4202
f 6538/4202 6415/4202 6414/4202
f 6538/4202 6432/4202 6415/4202
f 6538/4202 6429/4202 6432/4202
f 6538/4202 6345/4202 6429/4202
f 6538/4202 6344/4202 6345/4202
f 6538/4202 6384/4202 6344/4202
f 6538/4202 6431/4202 6384/4202
f 6538/4202 6430/4202 6431/4202
f 6538/4202 6421/4202 6430/4202
f 6538/4202 6352/4202 6421/4202
f 6538/4202 6353/4202 6352/4202
f 6538/4202 6370/4202 6353/4202
f 6538/4202 6380/4202 6370/4202
f 6538/4202 6382/4202 6380/4202
f 6538/4202 6383/4202 6382/4202
f 6538/4202 6381/4202 6383/4202
f 6538/4202 6374/4202 6381/4202
f 6538/4202 6375/4202 6374/4202
f 6538/4202 6373/4202 6375/4202
f 6538/4202 6368/4202 6373/4202
f 6538/4202 6369/4202 6368/4202
f 6538/4202 6365/4202 6369/4202
f 6538/4202 6347/4202 6365/4202
f 6538/4202 6346/4202 6347/4202
f 6538/4202 6364/4202 6346/4202
f 6538/4202 6350/4202 6364/4202
f 6538/4202 6351/4202 6350/4202
f 6538/4202 6367/4202 6351/4202
f 6538/4202 6366/4202 6367/4202
f 6538/4202 6371/4202 6366/4202
f 6538/4202 6372/4202 6371/4202
f 6538/4202 6398/4202 6372/4202
f 6538/4202 6388/4202 6398/4202
f 6538/4202 6387/4202 6388/4202
f 6538/4202 6397/4202 6387/4202
f 6538/4202 6396/4202 6397/4202
f 6538/4202 6395/4202 6396/4202
f 6538/4202 6393/4202 6395/4202
f 6538/4202 6394/4202 6393/4202
f 6538/4202 6390/4202 6394/4202
f 6538/4202 6389/4202 6390/4202
f 6538/4202 6385/4202 6389/4202
f 6538/4202 6386/4202 6385/4202
f 6538/4202 6484/4202 6386/4202
f 6538/4202 6483/4202 6484/4202
f 6538/4202 6463/4202 6483/4202
f 6538/4202 6462/4202 6463/4202
f 6538/4202 6471/4202 6462/4202
f 6538/4202 6476/4202 6471/4202
f 6538/4202 6472/4202 6476/4202
f 6538/4202 6470/4202 6472/4202
f 6538/4202 6467/4202 6470/4202
f 6538/4202 6468/4202 6467/4202
f 6538/4202 6459/4202 6468/4202
f 6538/4202 6460/4202 6459/4202
f 6538/4202 6453/4202 6460/4202
f 6538/4202 6452/4202 6453/4202
f 6538/4202 6444/4202 6452/4202
f 6538/4202 6445/4202 6444/4202
f 6538/4202 6451/4202 6445/4202
f 6538/4202 6442/4202 6451/4202
f 6538/4202 6443/4202 6442/4202
f 6538/4202 6449/4202 6443/4202
f 6538/4202 6400/4202 6449/4202
f 6538/4202 6399/4202 6400/4202
f 6538/4202 6391/4202 6399/4202
f 6538/4202 6392/4202 6391/4202
f 6538/4202 6401/4202 6392/4202
f 6538/4202 6403/4202 6401/4202
f 6538/4202 6402/4202 6403/4202
f 6538/4202 6533/4202 6402/4202
f 6538/4202 6534/4202 6533/4202
f 6538/4202 6535/4202 6534/4202
f 6538/4202 6531/4202 6535/4202
f 6538/4202 6529/4202 6531/4202
f 6538/4202 6524/4202 6529/4202
f 6538/4202 6519/4202 6524/4202
f 6538/4202 6520/4202 6519/4202
f 6538/4202 6518/4202 6520/4202
f 6538/4202 6516/4202 6518/4202
f 6538/4202 6517/4202 6516/4202
f 6538/4202 6521/4202 6517/4202
f 6538/4202 6530/4202 6521/4202
f 6538/4202 6532/4202 6530/4202
f 6538/4202 6513/4202 6532/4202
f 6538/4202 6514/4202 6513/4202
f 6538/4202 6515/4202 6514/4202
f 6538/4202 6536/4202 6515/4202
f 6538/4202 6537/4202 6536/4202
f 6538/4202 6478/4202 6537/4202
f 6538/4202 6477/4202 6478/4202
f 6538/4202 6482/4202 6477/4202
f 6538/4202 6481/4202 6482/4202
f 6538/4202 6474/4202 6481/4202
f 6539/4202 6526/4202 6527/4202
f 6539/4202 6527/4202 6528/4202
f 6539/4202 6528/4202 6363/4202
f 6539/4202 6363/4202 6349/4202
f 6539/4202 6349/4202 6348/4202
f 6539/4202 6348/4202 6361/4202
f 6539/4202 6361/4202 6362/4202
f 6539/4202 6362/4202 6359/4202
f 6539/4202 6359/4202 6360/4202
f 6539/4202 6360/4202 6522/4202
f 6539/4202 6522/4202 6523/4202
f 6539/4202 6523/4202 6526/4202
f 6540/4202 6379/4202 6377/4202
f 6540/4202 6354/4202 6379/4202
f 6540/4202 6355/4202 6354/4202
f 6540/4202 6356/4202 6355/4202
f 6540/4202 6376/4202 6356/4202
f 6540/4202 6377/4202 6376/4202
