mtllib material.mtl
usemtl material0
v -0.038969 -0.012688 0.005602
v 0.116231 0.005618 0.002040
v 0.111481 -0.007924 0.002745
v 0.106032 -0.010632 0.002630
v 0.111988 0.002608 0.001982
v 0.105417 -0.000692 0.002299
v 0.122878 -0.012509 0.002658
v 0.127343 -0.009637 0.002936
v 0.136475 -0.008723 0.003057
v 0.111719 -0.012862 0.003050
v 0.101099 0.014582 0.045868
v 0.098444 0.014208 0.045361
v 0.096408 0.014792 0.048169
v 0.100367 0.014319 0.043614
v 0.121820 0.002633 0.002562
v 0.139401 0.005857 0.002643
v 0.192378 0.000370 0.001361
v 0.179008 -0.001005 0.001420
v 0.187910 0.004030 0.001154
v 0.058855 0.005106 0.006535
v 0.212314 0.000295 0.000980
v 0.209033 0.004593 0.001520
v 0.197874 -0.006130 0.001428
v 0.206268 -0.004464 0.001347
v 0.202157 0.001595 0.001709
v 0.199802 0.006796 0.002017
v 0.121539 0.015906 0.060845
v 0.117538 0.016374 0.064492
v 0.118577 0.016200 0.067370
v 0.120922 0.016873 0.068657
v 0.103029 0.015921 0.066386
v -0.021602 0.010061 -0.001515
v 0.087394 0.018437 0.067797
v 0.089690 0.018354 0.067137
v 0.200946 -0.012040 0.001599
v 0.212606 -0.006127 0.000889
v 0.207522 -0.012457 0.001734
v 0.195877 -0.017317 0.001847
v 0.126975 -0.022029 0.069592
v -0.042652 0.007946 0.004497
v 0.173830 -0.010810 0.001733
v 0.180530 -0.011943 0.001603
v 0.187537 -0.015382 0.001811
v 0.189076 -0.008199 0.001346
v -0.053358 0.007273 -0.001262
v 0.193818 -0.012338 0.001486
v 0.166030 -0.005668 0.001492
v 0.154694 -0.007465 0.002048
v 0.145876 -0.005135 0.002613
v 0.147583 -0.010440 0.002463
v 0.161231 -0.012718 0.001852
v 0.148277 0.001501 0.002276
v 0.085295 0.014144 0.061174
v 0.091004 0.015629 0.061618
v 0.090307 0.014065 0.060336
v 0.097811 0.014461 0.057239
v 0.094689 0.014139 0.054116
v 0.089732 0.012564 0.054036
v 0.087390 0.012588 0.056071
v 0.084157 0.011264 0.056710
v 0.086394 0.012059 0.057721
v 0.088287 0.012866 0.058221
v 0.090706 0.012835 0.050711
v 0.091342 0.017187 0.063004
v 0.129439 0.015631 0.059820
v 0.035703 -0.000079 0.008403
v 0.045102 0.002445 0.007909
v 0.134990 0.015493 0.060295
v 0.137215 0.014874 0.063872
v 0.132994 0.016113 0.063862
v 0.132213 0.015797 0.059432
v 0.129603 0.015312 0.054835
v 0.155861 0.013849 0.054528
v -0.009366 -0.013736 0.014593
v -0.005786 -0.018086 0.007834
v -0.009783 -0.017550 0.006872
v 0.232507 -0.019147 0.046032
v 0.233876 -0.018523 0.048380
v 0.153914 -0.021508 0.044661
v 0.235206 -0.016912 0.051663
v 0.230122 -0.019373 0.042389
v 0.231285 -0.018837 0.043833
v 0.235331 -0.017083 0.048136
v 0.234570 -0.013133 0.047760
v 0.112861 -0.021682 0.062184
v 0.235643 -0.014579 0.050387
v 0.233005 -0.013575 0.042955
v 0.234645 -0.005032 0.054322
v 0.116990 -0.002325 0.002385
v 0.096030 0.014893 0.059968
v 0.223519 -0.010915 0.023251
v 0.107532 -0.020378 0.057624
v 0.225271 -0.009529 0.024950
v 0.225823 -0.011842 0.027334
v 0.098732 -0.007222 0.002123
v 0.221007 -0.006483 0.012782
v 0.221450 -0.003945 0.008466
v 0.222257 -0.002373 0.011297
v 0.221850 -0.006689 0.015014
v 0.218331 -0.014207 0.010342
v 0.136110 0.001283 0.002585
v 0.131870 0.000326 0.002775
v 0.220741 0.007391 0.024390
v 0.219452 -0.016611 0.016012
v 0.219198 -0.012401 0.011084
v 0.220016 -0.014675 0.016234
v 0.218735 -0.014039 0.013553
v 0.220310 -0.012916 0.015564
v 0.221740 -0.013888 0.018552
v 0.231122 -0.014171 0.037322
v 0.232073 -0.016375 0.040995
v 0.222209 -0.015389 0.020792
v 0.220073 -0.020526 0.028140
v 0.222235 -0.016683 0.021669
v 0.222997 -0.014425 0.021368
v 0.224226 -0.013832 0.023482
v 0.226043 -0.009011 0.027872
v 0.224425 -0.017237 0.031266
v 0.227293 -0.015409 0.032506
v 0.229993 -0.009986 0.035800
v 0.232082 -0.006462 0.038284
v 0.193585 0.013598 0.009570
v 0.125004 0.016838 0.062126
v 0.126830 0.016902 0.066512
v 0.124343 0.017576 0.069719
v 0.223064 0.004576 0.023676
v 0.223705 0.006505 0.027221
v 0.223054 0.008195 0.029318
v 0.228966 -0.005680 0.032778
v 0.226633 0.002496 0.031002
v 0.229698 -0.001334 0.035000
v 0.223497 0.006590 0.029892
v 0.225320 0.004292 0.028300
v 0.219199 -0.018157 0.018707
v 0.222868 -0.009443 0.020686
v 0.222762 -0.012360 0.020883
v 0.198946 -0.022437 0.043673
v 0.236638 0.000236 0.056402
v 0.237632 0.002266 0.057254
v 0.221515 0.005656 0.022760
v 0.220685 0.007327 0.022277
v 0.158591 0.000587 0.001629
v 0.225398 0.002403 0.025540
v 0.080502 -0.018642 0.062188
v 0.226670 -0.001686 0.028135
v 0.226161 0.001786 0.027951
v 0.227945 0.002550 0.035226
v 0.228320 0.005578 0.037083
v 0.237203 0.004713 0.053300
v 0.237360 0.007931 0.052892
v 0.237256 0.010026 0.052739
v 0.234666 0.012343 0.051744
v 0.094426 0.014371 0.050320
v 0.094681 0.013981 0.051857
v 0.094156 0.014287 0.044395
v 0.122064 -0.007989 0.002727
v 0.237435 0.000699 0.057840
v 0.236047 0.006050 0.051941
v 0.236308 0.002920 0.052636
v 0.235805 -0.010893 0.051413
v 0.101241 -0.020648 0.007805
v 0.235184 -0.007237 0.052480
v 0.238018 0.003059 0.054904
v 0.234869 0.003014 0.049464
v 0.233186 0.011297 0.049022
v 0.229594 0.015117 0.045947
v 0.080233 -0.015926 0.047075
v 0.235273 -0.001606 0.055122
v 0.235229 -0.000263 0.052561
v 0.233865 0.001652 0.046349
v 0.221652 -0.004673 0.012679
v 0.222000 -0.008502 0.016742
v 0.222855 -0.002546 0.015414
v 0.092557 -0.020255 0.068152
v 0.222405 -0.000465 0.016064
v 0.221251 0.001220 0.012740
v 0.041767 -0.013541 0.002994
v 0.221302 0.001145 0.016528
v 0.227569 0.011714 0.039913
v 0.224516 0.007766 0.032525
v 0.225997 0.007706 0.035120
v 0.230241 0.004648 0.040268
v 0.230384 0.001627 0.039527
v 0.234914 -0.004152 0.046060
v 0.233630 -0.000409 0.044451
v 0.231767 0.006655 0.041495
v 0.234169 0.005350 0.045016
v 0.232726 0.013834 0.049584
v 0.233209 0.015373 0.051653
v 0.145140 -0.015310 0.002433
v 0.141390 -0.000846 0.002630
v 0.159980 0.005663 0.001746
v 0.193749 0.006456 0.001585
v 0.228967 0.011402 0.041427
v -0.010212 -0.016601 -0.000654
v 0.232056 0.009862 0.043591
v 0.230455 0.012157 0.044854
v 0.231470 0.011046 0.046815
v 0.230402 0.013104 0.046177
v 0.103322 0.015764 0.063758
v 0.100808 0.015262 0.063973
v 0.094089 0.016554 0.061011
v 0.096329 0.016778 0.062236
v 0.148121 0.013309 0.052937
v 0.167100 0.002156 0.001358
v 0.209669 -0.016077 0.002285
v 0.152848 0.006041 0.002110
v 0.140718 -0.020340 0.031746
v 0.140001 -0.022171 0.010992
v 0.136473 -0.021656 0.011503
v 0.139178 -0.020571 0.014138
v 0.139657 -0.019584 0.018338
v 0.141076 -0.018976 0.021523
v 0.134120 -0.021117 0.013067
v 0.130375 -0.019091 0.028663
v 0.158217 -0.022423 0.011561
v 0.157125 -0.022013 0.008396
v 0.132550 -0.018879 0.018692
v 0.152694 -0.020505 0.014564
v 0.143854 -0.019423 0.019856
v 0.137336 -0.020754 0.028967
v 0.140550 -0.020103 0.027769
v 0.138300 -0.020711 0.034543
v 0.161148 -0.020472 0.026532
v 0.173007 -0.022228 0.050217
v 0.154080 -0.022342 0.010585
v 0.155142 -0.021420 0.013265
v 0.150413 -0.022569 0.010305
v 0.216608 0.023371 0.068384
v 0.147246 -0.021932 0.011448
v 0.151330 -0.021552 0.012374
v 0.148862 -0.020257 0.014525
v 0.141592 0.010094 0.022325
v 0.147545 0.011996 0.014172
v 0.138243 0.012286 0.028934
v 0.138661 0.011806 0.025821
v 0.140462 0.010652 0.025194
v 0.149923 0.012419 0.030022
v 0.116155 0.012010 0.024047
v 0.169174 0.011575 0.023031
v 0.104039 0.014126 0.045603
v 0.165110 0.011085 0.015828
v 0.168169 0.011950 0.015288
v 0.166232 0.013389 0.011175
v 0.095888 0.012616 0.030891
v 0.073528 -0.001958 0.063861
v 0.156181 0.011055 0.014478
v 0.140649 0.012908 0.035408
v 0.170106 0.013267 0.010097
v 0.169078 0.012982 0.012342
v 0.161648 0.012442 0.013600
v 0.158019 0.013139 0.051630
v 0.168763 0.011541 0.018970
v 0.170410 0.011437 0.021951
v 0.167948 0.010932 0.021063
v 0.168215 0.012115 0.023925
v 0.089690 0.013499 0.029863
v 0.109760 0.011438 0.015457
v 0.104023 0.013517 0.011553
v 0.108336 0.013599 0.011943
v 0.092761 0.011875 0.022800
v 0.088614 0.013688 0.032800
v 0.126197 -0.020221 0.016618
v 0.125502 0.008665 0.003299
v 0.127035 0.004742 0.002880
v 0.122822 0.009819 0.003542
v 0.094622 0.011426 0.020426
v 0.095086 0.012159 0.016965
v 0.012582 -0.014155 0.002421
v 0.091911 0.011676 0.019434
v 0.080177 -0.011998 0.023029
v 0.080103 -0.009657 0.026518
v 0.072058 0.005652 0.013741
v 0.126217 -0.002588 0.002789
v 0.122172 0.007146 0.002939
v 0.064565 0.004875 0.008934
v 0.132717 0.005577 0.002629
v 0.204970 0.019497 0.053987
v 0.108958 0.006584 0.001772
v 0.113497 0.009527 0.001984
v 0.127532 -0.015046 0.003091
v 0.096889 0.004863 0.002281
v 0.102703 0.005960 0.002378
v 0.098791 0.008624 0.003009
v 0.095529 -0.001314 0.002059
v 0.080933 0.002222 0.038423
v 0.101199 -0.011785 0.002345
v 0.117279 -0.011597 0.002579
v 0.081782 -0.011863 0.034469
v 0.080866 -0.009400 0.036540
v 0.074955 -0.008319 0.060355
v 0.080547 -0.007382 0.034752
v 0.234773 0.017702 0.060536
v 0.069018 0.005549 0.010418
v 0.086186 0.011826 0.033325
v 0.072008 0.007501 0.009709
v 0.084433 0.006019 0.034390
v 0.081983 -0.007505 0.000123
v 0.097152 0.014641 0.040942
v 0.092301 0.013584 0.047291
v 0.073832 0.008580 0.010905
v 0.098001 0.014092 0.034780
v 0.231139 0.020426 0.063439
v 0.069383 0.007003 0.007546
v 0.085530 0.010072 0.031520
v 0.084825 0.009031 0.033708
v -0.038285 -0.013434 -0.006307
v -0.027903 0.004666 0.008183
v -0.041366 -0.001644 0.010098
v -0.033248 0.007089 0.005289
v 0.074877 0.008037 0.013904
v 0.063867 0.006099 0.004335
v 0.065158 0.005927 0.006498
v 0.084931 0.015239 0.063737
v 0.082425 0.013547 0.065116
v 0.079342 0.011251 0.014287
v 0.077211 0.008536 0.016593
v 0.076569 0.010340 0.011462
v 0.119943 0.013084 0.030604
v 0.057573 0.005591 0.003884
v 0.084739 0.012455 0.014652
v 0.082420 0.011185 0.015649
v 0.103370 0.010654 0.019472
v 0.106780 0.011161 0.017557
v 0.114585 0.013759 0.011058
v 0.117020 0.012978 0.013411
v 0.057297 0.005800 0.002098
v 0.101713 0.013246 0.008329
v 0.100741 0.013846 0.010602
v 0.102264 0.011210 0.016637
v 0.105064 0.012285 0.014314
v 0.104402 0.013451 0.009289
v 0.091613 0.018736 0.066672
v 0.108409 0.014982 0.060468
v 0.105460 0.015527 0.062424
v 0.119458 0.013664 0.012659
v 0.108461 0.014330 0.047696
v 0.114354 0.013188 0.040152
v 0.131875 0.010139 0.020774
v 0.116182 0.011717 0.027677
v 0.144420 0.011931 0.039866
v 0.135803 0.012420 0.036783
v 0.230478 0.019277 0.057956
v 0.132994 0.012688 0.031731
v 0.129235 0.013031 0.029428
v 0.131709 0.013104 0.034886
v 0.125498 0.013690 0.033794
v 0.123007 0.014781 0.046913
v 0.117466 0.011950 0.028960
v 0.127108 0.015876 0.055778
v 0.079068 -0.003218 -0.001328
v 0.076183 0.005915 0.063995
v 0.076337 0.002870 0.063727
v 0.114102 0.012281 0.033656
v 0.092520 -0.009195 0.002596
v 0.097220 -0.012642 0.002247
v 0.094539 -0.005605 0.002249
v 0.084888 -0.002121 0.000787
v 0.089893 0.000163 0.002999
v 0.074659 -0.003989 -0.002596
v 0.075150 -0.000207 -0.002474
v 0.089833 0.013662 0.043710
v 0.092344 0.003470 0.002548
v 0.087233 0.004125 0.001814
v 0.081227 0.001614 -0.000573
v 0.102142 0.013080 0.034635
v 0.112822 0.012144 0.030600
v 0.049007 -0.012882 0.004628
v 0.101966 0.012379 0.030448
v 0.099428 0.013521 0.032381
v 0.097806 0.013641 0.031425
v 0.118870 0.009755 0.003088
v 0.088209 0.014163 0.036800
v 0.091928 0.014626 0.039616
v 0.102646 0.013750 0.039962
v 0.080779 0.004726 0.043720
v 0.106106 0.014186 0.049502
v 0.104081 0.014660 0.054026
v 0.111043 0.014054 0.045599
v 0.112232 0.014779 0.049832
v 0.084054 0.017461 0.069593
v 0.229732 0.017495 0.050014
v 0.221340 0.016438 0.047783
v 0.085415 0.016764 0.066317
v 0.115137 0.012860 0.035669
v 0.113204 0.013470 0.035585
v 0.219442 0.017439 0.049655
v 0.082612 0.017919 0.072429
v 0.114466 0.014836 0.045584
v 0.164607 0.008109 0.002008
v 0.107662 0.014499 0.042601
v 0.106730 0.014762 0.052716
v 0.112161 0.013929 0.036937
v 0.114015 0.013235 0.037667
v 0.127618 0.014943 0.048424
v 0.125246 0.014810 0.050125
v 0.125403 0.014117 0.040673
v 0.169949 0.009224 0.002411
v 0.133478 -0.020743 0.005191
v 0.172555 0.006185 0.001676
v 0.125709 0.016425 0.058365
v 0.128665 0.016340 0.064364
v 0.178436 0.006344 0.001543
v 0.189040 0.007919 0.001217
v 0.137078 0.015163 0.060691
v 0.121415 0.014407 0.041551
v 0.209777 0.021322 0.059878
v 0.145720 -0.020620 0.033425
v 0.120098 0.014226 0.045016
v 0.156674 0.009715 0.002390
v 0.183740 0.006319 0.001158
v 0.186022 0.009836 0.001391
v 0.218434 0.016729 0.047132
v 0.116680 0.014020 0.048168
v 0.119792 0.014323 0.048972
v 0.147551 0.013281 0.047084
v 0.118589 0.013727 0.041515
v 0.136193 0.012771 0.040148
v 0.197505 0.009578 0.002107
v 0.122317 0.015934 0.058106
v 0.205497 0.008212 0.001658
v 0.126478 0.015513 0.052473
v 0.215708 0.002339 0.001006
v 0.116179 0.013837 0.042161
v 0.114449 0.014468 0.042320
v 0.117635 0.014624 0.051375
v 0.139711 0.014387 0.066802
v 0.216765 -0.003329 0.000925
v 0.165720 0.011019 0.031225
v 0.216802 0.018325 0.048945
v 0.218307 -0.005140 0.001212
v 0.213073 0.004802 0.001622
v 0.210594 0.008264 0.001697
v 0.107639 0.014376 0.055457
v 0.106466 0.014505 0.057399
v 0.193801 0.009610 0.001757
v 0.215904 -0.008273 0.001118
v 0.099240 0.016266 0.071590
v 0.221206 0.000566 0.008966
v 0.220255 0.002632 0.008348
v 0.101338 0.015527 0.060552
v 0.114320 0.016430 0.063812
v 0.216056 0.006879 0.006231
v 0.216159 0.006450 0.003616
v 0.120011 0.014749 0.058076
v 0.220990 -0.001259 0.007499
v 0.218448 0.004012 0.004948
v 0.220227 -0.010962 0.012645
v 0.220111 -0.010377 0.009601
v 0.093968 -0.020627 0.006906
v 0.181047 0.009642 0.001673
v 0.111962 0.017017 0.066010
v 0.118813 0.015081 0.059826
v 0.119610 0.016482 0.062631
v 0.123084 0.016733 0.064729
v 0.120478 0.017065 0.066161
v 0.098834 0.011998 0.017296
v 0.116101 0.017514 0.067002
v 0.116564 0.016752 0.065572
v 0.110966 0.016525 0.062871
v 0.101980 0.014928 0.056639
v 0.098675 0.014693 0.052499
v 0.111710 0.014776 0.054325
v 0.115102 0.014436 0.053514
v 0.117053 0.014349 0.057571
v 0.113632 0.014951 0.057440
v 0.098472 0.014740 0.055061
v 0.090823 0.019255 0.068791
v 0.217165 -0.014635 0.008958
v 0.217935 -0.012719 0.007712
v 0.216219 -0.014893 0.006035
v 0.216871 -0.013359 0.004805
v 0.098739 0.015076 0.061986
v 0.096932 0.015912 0.061642
v 0.082979 0.015233 0.066017
v 0.080719 0.013910 0.067515
v 0.185410 -0.020984 0.014729
v 0.089649 0.017444 0.065691
v 0.209707 -0.021796 0.007983
v 0.211345 -0.020489 0.006538
v 0.212349 -0.012500 0.001602
v 0.080298 0.008927 0.062730
v 0.079947 0.008959 0.064387
v 0.206865 -0.018387 0.002564
v 0.202763 -0.016994 0.002190
v 0.075780 0.007537 0.070699
v 0.074416 0.004533 0.069931
v 0.206586 -0.023187 0.009212
v 0.200093 -0.020165 0.002391
v 0.214688 -0.017241 0.008957
v 0.215378 -0.015049 0.003416
v 0.218260 0.005771 0.008761
v 0.215780 -0.015827 0.008157
v 0.216577 -0.014474 0.007551
v 0.218330 -0.011262 0.004388
v 0.080325 0.003330 0.045215
v 0.082397 0.011057 0.058754
v 0.215090 -0.001244 0.000783
v 0.189237 -0.018922 0.002560
v 0.180689 -0.018085 0.001871
v 0.074110 0.003039 0.067328
v 0.175437 -0.015999 0.001988
v 0.080985 0.009220 0.060102
v 0.153398 -0.015227 0.002345
v 0.152074 -0.019400 0.019076
v 0.080893 0.010724 0.065477
v 0.055696 0.004461 -0.003392
v 0.171525 -0.014735 0.002070
v 0.081668 0.016326 0.071327
v 0.167578 -0.013030 0.001909
v 0.168603 -0.016752 0.002442
v 0.164077 -0.016345 0.002238
v 0.077617 0.009392 0.068381
v 0.144142 -0.018848 0.002548
v 0.084121 0.010559 0.051073
v 0.076793 0.004987 0.062125
v 0.078545 0.007908 0.064860
v 0.078018 0.007084 0.060359
v 0.139824 -0.016637 0.002805
v 0.076154 0.006583 0.067469
v 0.077934 -0.010070 0.053015
v 0.073914 -0.003571 0.058930
v 0.074314 -0.001473 0.060235
v 0.080286 0.001281 0.040638
v 0.075546 -0.004393 0.050584
v 0.075912 -0.008954 0.057849
v 0.075540 0.000364 0.057600
v 0.078699 -0.008776 0.039517
v 0.079872 0.007604 0.053417
v 0.081402 0.008512 0.050564
v 0.074998 -0.002575 0.055701
v 0.077975 -0.000948 0.046759
v 0.073144 -0.003254 0.061606
v 0.078728 0.006811 0.056357
v 0.085182 0.010348 0.036442
v 0.082733 0.009500 0.053950
v 0.082198 0.003297 0.035061
v 0.088247 0.015908 0.061772
v 0.079932 -0.002649 0.033455
v 0.080854 -0.000243 0.030123
v 0.102210 -0.018162 0.024462
v 0.081798 0.001410 0.032667
v 0.081146 0.003167 0.041775
v 0.092095 0.013589 0.057056
v 0.083071 0.005424 0.036827
v 0.081836 0.006323 0.042337
v 0.088164 0.012468 0.047026
v 0.085362 0.012535 0.039217
v 0.086936 0.011881 0.052194
v 0.086886 0.012327 0.054002
v 0.079403 0.003819 0.051608
v 0.082150 0.011739 0.061373
v 0.216992 -0.000192 0.001041
v 0.138558 -0.022503 0.063078
v 0.133056 0.015228 0.055892
v 0.137254 0.014094 0.050517
v 0.141963 0.014046 0.055408
v 0.141281 0.013770 0.050974
v 0.145645 0.013255 0.050578
v 0.141257 0.013263 0.041481
v 0.133495 0.013559 0.042139
v 0.139592 0.013006 0.037608
v 0.142185 0.012725 0.038767
v 0.137699 -0.020723 0.045952
v 0.134590 -0.020990 0.046375
v 0.148647 -0.021425 0.048041
v 0.142878 -0.021048 0.045128
v 0.136150 0.015655 0.068637
v 0.138926 -0.021880 0.058982
v 0.141542 -0.021503 0.042964
v 0.146167 -0.022551 0.059617
v 0.144662 -0.020892 0.047183
v 0.143063 -0.021057 0.034415
v 0.153955 0.013978 0.057245
v 0.163330 0.011883 0.033228
v 0.153764 0.013677 0.049278
v 0.150198 0.013947 0.048814
v 0.148865 0.014499 0.066313
v 0.133754 0.016120 0.071079
v 0.147987 0.013573 0.056991
v 0.140584 0.013917 0.059124
v 0.150900 0.014499 0.068218
v 0.150885 0.013563 0.060739
v 0.148289 0.013661 0.050037
v 0.145551 0.014600 0.068051
v 0.146602 0.014726 0.073721
v 0.148537 0.014508 0.070056
v 0.142053 0.014492 0.069982
v 0.130294 0.016367 0.068470
v 0.128865 0.016256 0.066982
v 0.136777 0.014405 0.057680
v 0.138455 0.014446 0.060830
v 0.144247 0.013939 0.058426
v 0.138450 0.013824 0.054438
v 0.140274 0.013988 0.063479
v 0.142694 0.014294 0.066290
v 0.152110 0.013275 0.044733
v 0.150646 0.013938 0.046653
v 0.141401 0.013381 0.045740
v 0.138578 0.013294 0.043887
v 0.135661 0.013337 0.044322
v 0.155538 0.012182 0.040058
v 0.151030 0.013322 0.038856
v 0.206915 0.013951 0.033463
v 0.149008 0.012918 0.043639
v 0.155317 0.012934 0.044395
v 0.160320 0.012920 0.051621
v 0.162744 0.013692 0.056132
v 0.163242 0.013902 0.051668
v 0.158662 0.012652 0.043585
v 0.151688 0.014128 0.054762
v 0.159836 0.014259 0.066210
v 0.156714 0.014821 0.065820
v -0.020067 0.008458 -0.006209
v 0.158856 0.014447 0.063932
v 0.153046 0.014258 0.065359
v 0.147837 0.014380 0.063189
v -0.046413 -0.010497 0.006481
v 0.162638 0.014343 0.067250
v 0.161105 0.013687 0.074974
v 0.164017 0.007266 0.075016
v 0.161355 0.013760 0.059161
v 0.165867 0.014312 0.063714
v 0.189541 0.022741 0.065098
v 0.176714 0.017121 0.062500
v 0.180816 0.018083 0.050744
v 0.191013 0.021708 0.062265
v 0.192587 0.022375 0.064464
v 0.194838 0.020686 0.059247
v -0.021551 -0.002848 -0.013228
v -0.025253 -0.002623 -0.013156
v 0.212363 0.011610 0.021669
v 0.194700 0.018839 0.048423
v 0.219552 0.009945 0.023699
v -0.022360 -0.005615 -0.013023
v 0.203291 0.017683 0.046417
v 0.184178 0.020053 0.054278
v 0.186456 0.021886 0.060398
v 0.189915 0.017826 0.050156
v -0.008949 0.004264 -0.010302
v 0.181511 0.017398 0.041605
v 0.182940 0.018979 0.048410
v -0.011252 0.004401 -0.009860
v 0.135699 0.012057 0.014688
v -0.013260 0.004870 -0.010057
v -0.010853 0.006137 -0.008634
v 0.180524 0.018493 0.054946
v 0.187524 0.020835 0.056841
v 0.177553 0.016384 0.055182
v 0.178853 0.016725 0.052291
v 0.183800 0.021792 0.062207
v 0.181811 0.019959 0.059644
v 0.178537 0.018046 0.060619
v 0.179215 0.017782 0.057626
v -0.009263 0.008193 -0.007208
v 0.191566 0.011972 0.024826
v -0.014465 -0.016413 0.006001
v 0.197408 0.013202 0.026425
v 0.193064 0.016725 0.041050
v 0.189415 0.016360 0.039145
v 0.197222 0.016413 0.044588
v 0.198831 0.016443 0.044084
v 0.200262 0.017525 0.046102
v 0.201339 0.017224 0.043278
v -0.026895 0.005470 -0.009254
v -0.006322 0.008711 -0.005390
v -0.032784 0.004563 -0.009392
v -0.032555 0.005758 -0.008489
v -0.030462 0.004268 -0.009547
v 0.199197 0.013750 0.029270
v 0.189725 0.011346 0.023754
v 0.213168 0.009801 0.015707
v 0.198112 0.011622 0.023734
v 0.199191 0.010020 0.022770
v -0.036496 0.000542 -0.010762
v 0.183671 0.010675 0.013532
v 0.084983 0.008255 0.022252
v 0.081465 0.008732 0.019049
v 0.187191 0.012543 0.011877
v 0.192464 0.011317 0.023132
v -0.030889 0.000914 -0.011496
v 0.191989 -0.022139 0.044101
v -0.033432 0.002879 -0.010449
v -0.034137 0.000145 -0.011575
v 0.180939 0.014398 0.033555
v -0.045330 -0.000945 -0.007011
v -0.041783 -0.003834 -0.007977
v -0.062145 -0.001250 -0.006545
v -0.063066 -0.000266 -0.005553
v -0.061144 -0.002820 -0.007315
v 0.100943 -0.020424 0.033766
v 0.178600 0.013360 0.028327
v 0.175794 0.013694 0.029724
v 0.215393 0.011966 0.022324
v -0.043852 -0.005995 -0.006935
v -0.042979 -0.001360 -0.008031
v -0.045572 -0.005907 -0.005189
v -0.060675 -0.005783 -0.007039
v -0.063099 -0.004535 -0.005327
v 0.086626 0.012073 0.043325
v -0.039641 -0.004433 -0.009651
v 0.217413 0.011635 0.023365
v 0.170406 0.011326 0.018833
v 0.172531 0.011074 0.017229
v 0.169108 -0.021005 0.031647
v 0.216204 0.010731 0.020376
v 0.189888 -0.021728 0.037428
v 0.195139 -0.021855 0.033540
v 0.181226 0.012716 0.030183
v 0.181364 0.011192 0.026368
v -0.046635 -0.006523 -0.005940
v 0.205418 -0.021859 0.012944
v -0.044750 -0.004056 -0.005293
v 0.102727 -0.018765 0.028675
v 0.100028 -0.019967 0.029555
v 0.101499 -0.017985 0.026947
v 0.115344 -0.020630 0.050746
v -0.038422 0.007194 -0.006543
v -0.028566 0.007580 -0.007167
v -0.016484 0.008395 -0.006392
v -0.018521 0.008605 -0.006356
v -0.018540 0.009517 -0.004627
v -0.013451 0.009413 -0.004923
v 0.179786 0.012528 0.011854
v -0.011278 0.007458 -0.007430
v 0.203905 -0.019955 0.022663
v 0.171804 0.012224 0.013146
v 0.174997 0.013145 0.010105
v 0.173930 0.010797 0.018403
v 0.166601 -0.020134 0.019611
v 0.224634 0.019403 0.058466
v 0.169008 -0.019940 0.022209
v 0.185094 -0.022113 0.007472
v 0.183884 -0.022889 0.009553
v 0.166600 -0.020795 0.022626
v 0.167739 -0.020746 0.023008
v 0.167140 -0.020234 0.015740
v 0.170244 -0.019476 0.018368
v 0.187185 -0.021657 0.013884
v 0.164553 -0.020096 0.025353
v 0.178743 -0.022991 0.010436
v 0.183803 -0.022111 0.012681
v 0.183388 -0.020831 0.016593
v 0.192321 -0.021038 0.023612
v 0.168096 -0.020916 0.028307
v 0.172204 -0.020343 0.029951
v 0.160790 -0.021390 0.035753
v 0.160385 -0.021797 0.041494
v 0.162684 -0.021617 0.042937
v 0.206574 -0.020579 0.019810
v 0.175121 -0.021628 0.041351
v 0.171299 -0.021763 0.039658
v 0.164127 -0.020591 0.036074
v 0.160754 -0.021395 0.038758
v 0.168382 -0.021757 0.036993
v 0.165048 -0.020995 0.040218
v 0.168435 -0.021527 0.039571
v 0.166654 -0.021953 0.054075
v 0.168811 -0.022052 0.042319
v 0.165698 -0.021720 0.045083
v 0.170371 -0.021741 0.057175
v 0.166384 -0.022579 0.059919
v 0.204346 -0.023649 0.071018
v 0.167626 -0.022764 0.064507
v 0.161522 -0.022659 0.074091
v 0.165343 -0.018784 0.074190
v 0.170017 -0.022541 0.067329
v -0.025956 0.007279 -0.007215
v -0.035667 0.008160 -0.004711
v -0.032683 0.009223 -0.003661
v -0.026092 0.008661 -0.005342
v -0.024543 0.010082 -0.000876
v 0.000294 0.009504 -0.002242
v -0.038361 0.008641 -0.003464
v -0.004741 0.006287 -0.008593
v -0.006418 0.007130 -0.007516
v 0.189634 -0.021762 0.052563
v -0.047467 -0.002004 -0.005161
v -0.046945 -0.004466 -0.003060
v -0.040351 -0.001511 -0.009724
v -0.063022 -0.002078 -0.005838
v -0.063864 -0.006328 0.000528
v 0.203455 0.015468 0.037398
v 0.171635 -0.021700 0.036574
v 0.189188 -0.021594 0.031761
v 0.184355 -0.022129 0.051706
v -0.007079 -0.016301 -0.000585
v 0.185541 -0.020662 0.037063
v 0.196833 -0.022008 0.031048
v 0.194240 -0.021593 0.028004
v 0.185103 -0.021021 0.041495
v 0.180814 -0.021303 0.042398
v 0.190724 -0.021810 0.040656
v 0.194187 -0.021803 0.040074
v 0.192628 -0.021599 0.035019
v -0.062493 0.001551 -0.005188
v 0.195765 -0.021757 0.044574
v -0.064452 -0.001830 -0.003819
v 0.237346 -0.001188 0.058458
v 0.175829 -0.022139 0.051594
v 0.183334 -0.018521 0.073613
v 0.192946 -0.022259 0.049419
v 0.182767 -0.023228 0.065500
v -0.017825 -0.015557 0.003225
v -0.016831 -0.015247 0.012614
v -0.017507 -0.015629 0.005601
v -0.018664 -0.016318 0.006740
v 0.190203 -0.022522 0.063856
v 0.086527 0.011389 0.049548
v 0.235680 0.014290 0.054653
v 0.084011 0.009858 0.047116
v 0.189117 -0.022418 0.072451
v 0.175704 -0.022761 0.064078
v 0.182266 -0.022513 0.055374
v 0.182853 -0.023189 0.060658
v 0.187451 -0.022476 0.061566
v 0.192375 0.020559 0.059491
v 0.186845 -0.022302 0.057095
v -0.064427 -0.004876 -0.002488
v 0.079423 0.005713 0.050907
v 0.190964 -0.022354 0.059887
v 0.192138 -0.022491 0.062030
v -0.051568 0.003866 -0.007388
v 0.183473 -0.023169 0.070112
v 0.173511 -0.023193 0.066760
v 0.173952 -0.022615 0.060018
v 0.188691 -0.023268 0.067741
v 0.214919 0.014774 0.037165
v 0.186038 -0.023133 0.064831
v 0.184965 -0.023600 0.067220
v 0.182598 -0.023098 0.067992
v 0.177636 -0.022645 0.060421
v 0.195445 -0.022252 0.036354
v 0.179204 -0.022155 0.050855
v -0.026885 0.007931 0.005437
v -0.017629 0.010367 -0.001379
v -0.022809 0.007448 0.006764
v -0.027208 0.009421 0.002175
v -0.020902 0.009851 0.001707
v 0.174090 -0.022244 0.055109
v 0.188265 -0.021206 0.041103
v 0.178483 -0.021447 0.047339
v 0.175246 -0.022083 0.047025
v 0.181571 -0.021663 0.047149
v 0.186938 -0.021214 0.046468
v -0.022776 0.008945 0.004306
v 0.081248 -0.019002 0.041320
v 0.080825 -0.015458 0.042729
v 0.182968 -0.021323 0.043552
v 0.180897 -0.021566 0.044433
v 0.101127 0.016030 0.069259
v 0.198318 -0.022190 0.038572
v 0.216093 0.020115 0.054100
v -0.026525 -0.015108 0.003565
v 0.202546 -0.021787 0.041281
v 0.207767 -0.022448 0.052256
v 0.221845 -0.023191 0.054980
v 0.216268 -0.022343 0.058310
v 0.031579 -0.006552 0.011230
v 0.030228 -0.010009 0.008722
v 0.199150 -0.022980 0.052192
v 0.204926 -0.023266 0.054682
v 0.013468 0.007198 0.002321
v 0.198243 -0.022964 0.057354
v 0.211249 -0.022667 0.053472
v 0.194353 -0.022760 0.054394
v 0.191381 -0.023220 0.069936
v 0.197659 -0.023922 0.070830
v 0.091637 0.014560 0.035072
v 0.095127 0.014391 0.036585
v 0.202423 -0.023345 0.058036
v 0.076881 -0.000179 0.052338
v 0.096789 -0.019241 0.018103
v 0.207185 -0.023324 0.059354
v 0.204306 -0.022792 0.062581
v 0.235652 -0.009285 0.054410
v 0.202332 -0.023301 0.068154
v 0.217480 -0.022374 0.060321
v 0.009821 -0.008750 0.016163
v 0.210111 -0.023674 0.064157
v 0.021511 -0.011636 0.010796
v 0.021424 -0.007798 0.011754
v 0.026255 -0.009313 0.010992
v 0.015653 0.004389 0.006061
v 0.071901 -0.007524 0.066590
v 0.104887 0.015299 0.059356
v 0.014642 -0.013606 0.003213
v 0.238890 0.009435 0.055118
v 0.122834 -0.021196 0.008636
v 0.013701 -0.013324 0.005326
v 0.010328 -0.014867 0.005934
v 0.112425 -0.021269 0.012126
v 0.008044 -0.017196 0.007689
v 0.236158 -0.013293 0.054171
v 0.006907 -0.015421 0.004662
v 0.224475 -0.022943 0.056642
v 0.217132 -0.022291 0.051627
v 0.204885 -0.023144 0.065895
v 0.211962 -0.023556 0.058385
v 0.208837 -0.023048 0.055943
v 0.023597 -0.012936 0.003865
v -0.004750 -0.017136 0.005064
v -0.001172 -0.016396 0.003470
v 0.001968 -0.017016 0.004910
v 0.108698 -0.021114 0.007315
v 0.003915 -0.015645 0.003322
v -0.004089 -0.016397 0.001266
v -0.027584 0.009690 -0.000918
v -0.026525 0.009566 -0.002928
v -0.010223 -0.016095 0.003387
v -0.006441 -0.016095 0.002400
v -0.016216 -0.017066 0.008385
v -0.000294 -0.017992 0.006281
v 0.004777 -0.017077 0.005909
v 0.201513 -0.021639 0.034897
v 0.205031 -0.020488 0.034393
v 0.011405 -0.013583 0.004126
v 0.019401 -0.013424 0.009623
v 0.023031 -0.012837 0.005895
v 0.020251 -0.012371 0.004404
v 0.079214 -0.016283 0.055708
v 0.089288 -0.019817 0.057961
v 0.091063 -0.019573 0.050084
v 0.078803 -0.015922 0.064519
v 0.083049 -0.020568 0.056637
v 0.085102 -0.020148 0.059754
v 0.077485 -0.007831 0.023192
v 0.212962 -0.021092 0.013591
v 0.222589 -0.008636 0.018720
v 0.221953 0.000952 0.018769
v 0.222056 0.003848 0.020623
v 0.220663 0.002629 0.018153
v 0.112087 -0.020295 0.004850
v 0.226801 -0.006309 0.029027
v 0.196893 -0.021326 0.027096
v 0.223118 -0.022526 0.048494
v 0.230207 -0.017769 0.041578
v 0.231438 -0.020561 0.044686
v 0.235125 -0.016534 0.046248
v 0.234764 -0.015424 0.044545
v 0.233605 -0.017996 0.044651
v 0.224889 -0.022847 0.051686
v 0.233744 -0.020745 0.048393
v 0.229350 -0.020604 0.041651
v 0.219937 -0.018748 0.022461
v 0.222190 -0.017677 0.025614
v 0.234120 -0.007571 0.044702
v 0.232168 -0.010590 0.040913
v 0.234328 -0.010135 0.048362
v 0.231780 -0.021568 0.046828
v 0.076031 -0.007450 -0.001507
v 0.119817 -0.021520 0.010959
v 0.078478 -0.010342 0.042128
v 0.238431 0.006120 0.054823
v 0.235497 -0.007182 0.049315
v 0.082793 -0.013336 0.031235
v 0.082360 -0.014616 0.035002
v 0.079952 -0.011479 0.039331
v 0.075590 -0.002914 0.051714
v 0.074057 -0.007145 0.059386
v 0.073199 0.001627 0.069647
v 0.119205 -0.021221 0.007664
v 0.086855 -0.019986 0.068679
v 0.083625 -0.019886 0.065489
v 0.149790 -0.020694 0.003283
v 0.071985 -0.000824 0.070068
v 0.073625 0.000565 0.066472
v 0.078370 -0.015062 0.060358
v 0.074275 -0.010945 0.064483
v 0.095300 -0.018835 0.030204
v 0.086574 -0.020142 0.045577
v 0.084005 -0.019878 0.049647
v 0.116226 -0.021374 0.012150
v 0.215010 0.014883 0.038095
v 0.110664 0.013702 0.034585
v 0.134493 -0.020135 0.003455
v 0.121244 -0.019505 0.027106
v 0.084718 0.011881 0.053925
v 0.119333 -0.020533 0.039409
v 0.120127 -0.021113 0.055348
v 0.099044 0.013191 0.029280
v 0.223881 -0.007267 0.022565
v 0.121967 -0.019414 0.030537
v 0.124751 -0.019170 0.018588
v 0.125489 -0.020189 0.036573
v 0.123686 -0.018573 0.023472
v 0.226249 -0.020439 0.038491
v 0.228046 -0.017906 0.036838
v 0.206720 -0.021583 0.042808
v 0.145202 -0.020537 0.037880
v 0.158837 -0.017290 0.002422
v 0.163930 -0.023147 0.063979
v 0.167136 -0.021207 0.033846
v 0.111562 -0.021688 0.056861
v 0.172210 -0.021915 0.043195
v 0.162221 -0.023656 0.069438
v 0.165460 -0.023879 0.070527
v 0.130730 -0.021509 0.044542
v 0.211821 0.023090 0.064851
v 0.120599 -0.018792 0.023427
v 0.138769 -0.021360 0.052953
v 0.133346 -0.022959 0.064399
v 0.126625 -0.021475 0.053877
v 0.126682 -0.021188 0.048598
v 0.121759 -0.021252 0.051819
v 0.133855 -0.022197 0.058507
v 0.207006 0.023984 0.069958
v 0.212310 0.023832 0.067081
v 0.134906 -0.022728 0.061810
v 0.124458 -0.021607 0.066108
v 0.225065 -0.021668 0.048048
v 0.131731 -0.021667 0.049368
v 0.131604 -0.019706 0.034752
v 0.132576 -0.020381 0.037540
v 0.129558 -0.021164 0.036969
v 0.156220 0.011878 0.033200
v 0.225092 -0.005764 0.025408
v 0.134128 -0.020736 0.042616
v 0.157409 0.012331 0.030819
v 0.161832 0.013712 0.062990
v 0.206122 -0.020555 0.032056
v 0.124258 -0.019654 0.040281
v 0.076692 0.010447 0.071735
v 0.123311 -0.021761 0.058915
v 0.117223 -0.021028 0.058473
v 0.123874 -0.021061 0.055658
v 0.127260 -0.021450 0.057896
v 0.127637 -0.022121 0.063227
v 0.200216 -0.021081 0.029180
v 0.203403 -0.019757 0.027179
v 0.198872 -0.021240 0.024821
v 0.127471 -0.021722 0.060624
v 0.130724 -0.022502 0.060648
v 0.213966 -0.021810 0.051451
v 0.134898 -0.019955 0.033793
v 0.152647 -0.022507 0.063966
v 0.115218 -0.020691 0.071632
v 0.193339 -0.021134 0.031303
v 0.136441 -0.021323 0.057612
v 0.088304 0.020046 0.072737
v 0.230015 -0.022716 0.053676
v 0.135710 -0.020411 0.038741
v 0.113724 -0.017987 0.075334
v 0.119977 -0.015072 0.075578
v 0.119663 -0.020492 0.073433
v 0.142479 -0.021338 0.038707
v 0.126486 -0.019805 0.025695
v 0.133540 -0.018530 0.024969
v -0.039425 0.008746 0.003156
v 0.135648 -0.019696 0.024503
v 0.132800 -0.020125 0.040864
v 0.113234 0.018068 0.071294
v 0.130392 -0.020835 0.040403
v 0.116772 0.012685 0.034013
v -0.050877 -0.012394 0.003280
v -0.044743 -0.012893 0.003158
v 0.119751 0.013688 0.036725
v 0.090433 0.012763 0.022055
v 0.131312 -0.021282 0.014600
v 0.200735 0.001607 0.071782
v 0.135644 -0.019832 0.015511
v 0.138005 -0.021076 0.055838
v 0.117072 -0.021587 0.009477
v 0.083404 -0.016396 0.028899
v 0.126496 -0.019313 0.021881
v 0.153616 -0.021531 0.040831
v 0.101966 -0.021365 0.062106
v 0.156876 -0.021104 0.042746
v 0.157468 -0.021122 0.040452
v 0.129103 -0.020168 0.027292
v 0.128461 -0.021313 0.042182
v 0.127391 -0.020823 0.044471
v 0.102942 -0.015583 0.002658
v 0.202121 -0.020824 0.014066
v 0.093878 0.013536 0.012653
v 0.202305 -0.022776 0.011131
v 0.221779 0.008361 0.026192
v 0.110123 -0.018755 0.020658
v 0.085040 0.010605 0.019006
v 0.208211 -0.021886 0.012302
v 0.220213 0.003382 0.012438
v 0.230503 0.021559 0.066616
v 0.133768 -0.017210 0.002936
v 0.120173 -0.016601 0.002648
v 0.083892 0.018701 0.072475
v 0.149013 -0.018801 0.002460
v 0.108666 -0.015638 0.003009
v 0.213480 -0.019246 0.009255
v 0.215081 -0.018182 0.011486
v 0.212960 -0.019998 0.011129
v 0.077842 0.004510 0.057600
v 0.076965 0.002422 0.059823
v 0.213338 -0.023875 0.067065
v 0.211677 -0.020641 0.009628
v 0.215051 -0.020758 0.020885
v 0.214991 -0.023213 0.065087
v 0.214105 -0.020933 0.017201
v 0.116696 -0.018894 0.017368
v 0.116532 -0.019107 0.020046
v 0.114730 -0.018327 0.020663
v 0.210344 -0.020887 0.014355
v 0.209997 -0.020530 0.018135
v 0.130770 -0.018211 0.021344
v 0.212541 -0.020466 0.017368
v 0.209926 -0.021260 0.010844
v 0.124874 -0.021997 0.011550
v 0.122231 -0.022024 0.010792
v 0.214129 -0.019298 0.012802
v 0.216110 -0.018598 0.015153
v 0.158690 -0.021492 0.034651
v 0.221095 -0.006348 0.009814
v 0.130481 -0.022399 0.056455
v 0.076033 -0.013861 0.069026
v 0.223327 -0.004932 0.017117
v 0.093822 -0.019270 0.041128
v 0.219338 -0.012020 0.013461
v 0.225633 -0.014147 0.029032
v 0.225074 -0.012785 0.025605
v 0.224162 -0.015598 0.027072
v 0.206386 0.021987 0.063084
v 0.219139 0.004867 0.014299
v 0.213436 -0.023802 0.065661
v 0.219097 0.004529 0.011210
v 0.207861 0.010518 0.016624
v 0.219892 0.002714 0.015479
v 0.084684 -0.011882 0.001385
v 0.212323 0.009646 0.013192
v 0.092209 -0.019060 0.026706
v 0.221222 -0.015943 0.018737
v 0.085513 -0.020094 0.063395
v 0.222940 -0.015578 0.023512
v 0.111395 -0.018867 0.023476
v 0.103882 -0.019306 0.039171
v 0.101493 -0.020476 0.046318
v 0.221118 -0.017779 0.020288
v 0.108189 -0.020364 0.052475
v 0.118854 -0.020855 0.045187
v 0.093401 -0.018384 0.022527
v 0.101696 -0.020709 0.014299
v 0.116679 -0.020032 0.047158
v 0.114322 -0.020428 0.045528
v 0.112018 -0.021415 0.051795
v 0.113309 -0.020920 0.048126
v 0.217605 -0.018930 0.019429
v 0.218947 -0.020120 0.023867
v 0.083060 -0.018597 0.038385
v 0.107926 -0.019517 0.025108
v 0.221390 -0.020790 0.036170
v 0.121368 -0.020085 0.034261
v 0.114850 -0.019568 0.014990
v 0.218553 -0.020746 0.029144
v 0.114706 -0.020336 0.041272
v 0.220730 -0.019431 0.026207
v 0.099484 -0.019044 0.017709
v 0.101310 -0.018711 0.021659
v 0.225276 -0.015929 0.030196
v 0.099627 -0.021086 0.011902
v 0.099145 -0.019162 0.022635
v 0.223480 -0.006470 0.019881
v 0.227202 -0.009375 0.031729
v 0.226496 -0.012235 0.030352
v 0.093288 -0.020850 0.013361
v 0.111435 -0.020858 0.045430
v 0.096874 -0.020508 0.013964
v 0.180255 -0.023109 0.063390
v 0.097552 -0.021359 0.010863
v 0.113107 -0.020727 0.043024
v 0.079486 -0.012591 0.049108
v 0.222113 0.010035 0.029359
v 0.080514 -0.000329 0.036214
v 0.089154 -0.020591 0.012640
v 0.091421 -0.020603 0.008878
v 0.211078 -0.024159 0.067067
v 0.088530 -0.019820 0.041425
v 0.212614 0.010169 0.010232
v 0.100179 -0.020567 0.042160
v 0.100477 -0.020238 0.048838
v 0.098532 -0.020373 0.056384
v 0.099768 -0.021372 0.059536
v 0.085921 -0.018690 0.028439
v 0.101564 -0.021019 0.057062
v 0.098242 -0.020198 0.034077
v 0.101082 -0.020454 0.050630
v 0.093575 -0.019152 0.037695
v 0.083290 -0.019055 0.033545
v 0.091578 -0.019444 0.040414
v 0.100370 -0.020180 0.037476
v 0.093217 -0.019202 0.034018
v 0.100702 -0.021659 0.064792
v 0.062846 0.001602 -0.003160
v 0.088889 -0.019429 0.053494
v 0.202694 0.013099 0.032563
v 0.104551 -0.020869 0.063534
v 0.104008 -0.020135 0.059545
v 0.101991 -0.021393 0.059523
v 0.098842 -0.021915 0.062733
v 0.098450 -0.021695 0.065935
v 0.063918 -0.010623 -0.001237
v 0.096210 -0.021244 0.059516
v 0.082705 0.013266 0.063174
v 0.106156 -0.020714 0.064365
v 0.205825 0.015819 0.040118
v 0.142654 -0.022245 0.060730
v 0.121713 -0.019877 0.038334
v 0.126469 -0.020249 0.041744
v 0.127722 -0.020996 0.039465
v 0.106000 0.015618 0.065221
v 0.134465 0.014882 0.052165
v 0.200748 0.013290 0.031163
v 0.219471 0.004999 0.018090
v 0.132965 -0.021117 0.073304
v 0.135097 -0.018168 0.074194
v 0.136895 -0.022091 0.072925
v 0.130756 -0.022871 0.067320
v 0.095477 -0.019263 0.035055
v 0.236357 -0.004011 0.060066
v 0.214379 -0.023218 0.061930
v 0.093266 -0.018641 0.003207
v 0.240996 0.007798 0.060666
v 0.212493 0.018935 0.053427
v 0.208397 -0.022242 0.049727
v 0.231312 0.013550 0.047715
v 0.195450 -0.023284 0.067475
v 0.194438 -0.022585 0.058843
v 0.195617 -0.022124 0.047684
v 0.225789 0.013804 0.041389
v 0.225426 0.015074 0.041469
v 0.235706 -0.008786 0.057410
v 0.220243 -0.022873 0.052257
v 0.219719 0.007209 0.020462
v 0.235621 -0.003515 0.057045
v 0.218245 0.008930 0.020317
v 0.213544 0.009207 0.007395
v 0.204866 0.013334 0.032790
v 0.203257 0.012870 0.030059
v 0.226285 0.005422 0.033412
v 0.225246 0.005351 0.030872
v 0.208531 0.010804 0.019729
v 0.223033 0.009286 0.031413
v 0.215328 -0.020157 0.017161
v 0.216647 -0.019853 0.018912
v 0.207081 0.011360 0.013619
v 0.217807 -0.020580 0.032496
v 0.220837 -0.008277 0.008835
v 0.208341 -0.021962 0.005301
v 0.191287 -0.021226 0.026394
v 0.203981 -0.022424 0.048005
v 0.210445 0.010430 0.018062
v 0.213093 0.010871 0.017769
v 0.216198 -0.019252 0.017685
v 0.218063 -0.018118 0.015841
v 0.216960 -0.016459 0.011784
v 0.208370 -0.020897 0.039530
v 0.198656 -0.022179 0.047382
v 0.216257 0.007626 0.009111
v 0.214277 0.009094 0.015012
v 0.214277 -0.023426 0.064460
v 0.173421 -0.020683 0.035569
v 0.214707 0.009238 0.012882
v 0.215015 0.009343 0.010365
v 0.218886 -0.022402 0.057706
v 0.199893 -0.023435 0.064444
v 0.209554 -0.020935 0.042118
v 0.209429 -0.021905 0.046221
v 0.218570 0.007537 0.015736
v 0.216375 0.009011 0.015318
v 0.178403 -0.022608 0.063651
v 0.220308 0.010710 0.025659
v 0.218261 0.006188 0.012206
v 0.217197 0.006718 0.010685
v 0.209614 -0.022238 0.051359
v 0.238128 0.001629 0.059204
v 0.195520 0.012122 0.023593
v 0.170399 -0.022336 0.046560
v 0.126100 -0.020055 0.039334
v 0.191427 -0.021816 0.056420
v 0.216722 0.007995 0.012416
v 0.198431 0.014913 0.037376
v 0.196333 0.015112 0.039967
v 0.221106 0.012919 0.029984
v 0.220297 -0.022583 0.058940
v 0.193927 0.014866 0.037521
v 0.172494 -0.023286 0.069231
v 0.121162 -0.020902 0.047174
v 0.124398 -0.019676 0.044241
v 0.127245 -0.020683 0.014371
v 0.189307 0.021117 0.058970
v 0.198215 0.009891 0.020918
v 0.196272 0.011166 0.021067
v 0.179956 0.016276 0.037659
v 0.192615 0.012906 0.027728
v 0.224080 0.010712 0.034767
v 0.190972 0.012537 0.012102
v 0.201795 0.012712 0.030337
v 0.177894 0.015164 0.033521
v 0.197414 0.017838 0.047067
v 0.199085 0.018983 0.051719
v 0.054752 -0.013595 0.002052
v 0.058204 -0.012829 0.003403
v 0.183852 -0.021030 0.032224
v 0.217526 0.009067 0.017603
v 0.063949 -0.013144 0.003875
v 0.074886 -0.014397 0.000891
v 0.189396 -0.022986 0.011404
v 0.187006 -0.023252 0.008845
v 0.226222 0.012639 0.039346
v 0.227131 0.012749 0.040518
v 0.236102 0.010356 0.051175
v 0.236390 0.008653 0.050723
v 0.221943 0.011134 0.032201
v 0.221524 0.012081 0.031343
v 0.200717 0.018008 0.049389
v 0.208775 0.011190 0.022557
v 0.182266 -0.021469 0.039876
v 0.054541 -0.013605 -0.001043
v 0.180724 -0.021237 0.035433
v 0.176410 0.016628 0.066417
v 0.187815 0.023245 0.066893
v 0.185524 0.022821 0.065445
v 0.236335 0.011276 0.052168
v 0.225036 0.013124 0.039500
v 0.223163 0.013312 0.037319
v 0.173781 0.015260 0.063827
v 0.173912 0.014928 0.067725
v 0.179046 0.018628 0.063520
v 0.164086 0.013898 0.065595
v 0.193271 0.019167 0.051324
v 0.153702 0.014356 0.069241
v 0.159430 0.014659 0.069979
v 0.043413 -0.011316 0.006135
v 0.168249 -0.021727 0.048108
v 0.144115 0.013147 0.047672
v 0.156197 -0.022183 0.065927
v 0.147398 0.012724 0.040703
v 0.056938 -0.009051 -0.005193
v 0.144951 0.012590 0.043832
v 0.069588 -0.014889 0.007633
v 0.158981 -0.021655 0.048630
v 0.140882 -0.021971 0.056115
v 0.143961 -0.021908 0.056114
v 0.141688 -0.021915 0.052470
v 0.144886 0.013537 0.054453
v 0.159429 -0.021521 0.045056
v 0.101926 0.014695 0.049469
v 0.080675 0.005936 0.044905
v 0.080536 0.006551 0.047559
v 0.095174 -0.018449 0.025712
v 0.096748 -0.019916 0.038755
v 0.078868 0.011888 0.069470
v 0.174124 -0.021239 0.038001
v 0.103899 -0.019746 0.054964
v 0.072344 -0.004413 0.063728
v 0.080150 -0.018987 0.066227
v 0.067208 -0.011650 -0.000174
v 0.065931 -0.013311 0.001903
v 0.204029 0.016998 0.042830
v 0.079054 0.002646 0.049023
v 0.160259 0.013221 0.057354
v 0.157322 0.014102 0.060115
v 0.203407 -0.020274 0.031559
v 0.129886 0.011334 0.022261
v 0.132378 0.010369 0.022716
v 0.138001 0.013746 0.047338
v 0.107264 0.014100 0.037917
v 0.109704 0.014129 0.039887
v 0.111984 0.014328 0.042162
v 0.136796 -0.020533 0.042774
v 0.139182 -0.021136 0.043668
v 0.215506 0.016050 0.042402
v 0.096001 0.013623 0.034660
v 0.094354 0.013203 0.033668
v 0.122531 0.013758 0.038022
v 0.131163 0.015036 0.051793
v 0.217221 0.016375 0.044542
v 0.095033 -0.020042 0.016674
v 0.218166 0.015700 0.041321
v 0.100434 0.011676 0.019761
v 0.101896 0.010558 0.021143
v 0.145406 0.007826 0.002591
v 0.236025 0.001004 0.054188
v 0.143548 -0.019941 0.014337
v 0.092158 0.013365 0.031087
v 0.229496 0.013979 0.044432
v 0.116687 0.012745 0.038281
v 0.174215 -0.019833 0.028413
v 0.182540 0.012380 0.032502
v 0.182447 0.015428 0.038072
v 0.227773 0.017275 0.051028
v 0.234905 -0.002512 0.049729
v 0.237929 0.013929 0.057784
v 0.232232 0.017948 0.051105
v 0.234128 0.017631 0.054026
v 0.165998 -0.021455 0.049554
v 0.234787 0.009968 0.050026
v 0.233458 -0.002821 0.041163
v 0.218772 0.007930 0.018755
v 0.223221 -0.007200 0.017514
v 0.080183 -0.020027 0.008653
v 0.221693 -0.000754 0.011025
v 0.222677 -0.001287 0.013632
v 0.073489 -0.012059 0.070513
v 0.222038 -0.000331 0.013405
v 0.228951 0.009492 0.040490
v 0.080276 -0.017114 0.044170
v 0.226475 0.008562 0.037909
v 0.229307 0.007026 0.039362
v 0.193912 0.012454 0.026299
v 0.191926 -0.020962 0.029304
v 0.233250 0.018735 0.057223
v 0.080409 -0.018799 0.045442
v 0.082984 -0.019554 0.045533
v 0.220909 0.021160 0.060162
v 0.183824 -0.020142 0.026547
v 0.157234 0.012963 0.011855
v 0.224836 -0.019625 0.033909
v 0.199811 0.010918 0.024200
v 0.197472 -0.022258 0.034674
v 0.227603 0.015377 0.043112
v 0.229109 0.012908 0.042676
v 0.176647 -0.020894 0.028451
v 0.214387 0.020568 0.056521
v 0.214657 0.017386 0.044460
v 0.168380 -0.020834 0.024869
v 0.154140 -0.022321 0.048145
v 0.082722 -0.020477 0.068866
v 0.151302 -0.021502 0.046579
v 0.150380 -0.021700 0.052377
v 0.141019 -0.021459 0.047607
v 0.081224 -0.012563 0.036988
v -0.011569 0.002597 -0.011138
v -0.045609 -0.007232 -0.007377
v 0.214166 0.019552 0.053938
v 0.217655 0.021907 0.060279
v 0.210044 0.019419 0.052545
v -0.061425 -0.006042 0.004027
v 0.090325 -0.019708 0.069551
v 0.228345 0.018625 0.054317
v 0.080757 -0.015298 0.044878
v 0.223758 0.018684 0.054993
v 0.071691 -0.007466 0.071905
v 0.072091 -0.004968 0.073727
v 0.088866 -0.020080 0.063186
v 0.226963 0.018432 0.056719
v -0.014648 -0.015780 0.004058
v 0.215750 0.022945 0.064517
v 0.079967 -0.017624 0.058140
v 0.023027 -0.013424 -0.001239
v 0.179258 -0.021642 0.014675
v 0.081372 -0.020364 0.058732
v 0.156172 -0.022640 0.068594
v 0.160060 -0.022894 0.067961
v 0.162222 -0.022747 0.066313
v 0.055461 -0.012882 -0.002229
v 0.159714 -0.022947 0.064337
v 0.221243 0.022492 0.064133
v 0.064205 -0.012715 0.006988
v 0.000820 0.009155 0.001356
v 0.007544 0.008421 0.001717
v 0.007609 0.006150 0.005645
v 0.088542 0.013452 0.040665
v 0.224522 0.020866 0.061665
v 0.211231 0.020608 0.056281
v 0.213568 0.022030 0.061096
v 0.098657 -0.019077 0.074551
v 0.105902 -0.008827 0.077215
v 0.088108 -0.012916 0.077239
v 0.091063 -0.019598 0.044960
v 0.087651 -0.019909 0.049750
v 0.211278 0.021885 0.062722
v 0.102465 -0.020889 0.065249
v 0.184208 0.010664 0.016598
v 0.080933 -0.019351 0.054141
v 0.140888 -0.021523 0.035641
v 0.096116 0.017606 0.064444
v 0.097254 0.016953 0.066215
v 0.099791 0.015144 0.066130
v 0.097718 0.015931 0.063934
v 0.146695 -0.020976 0.045789
v 0.073882 -0.016265 0.009615
v 0.149113 -0.021393 0.043608
v 0.109502 -0.021072 0.060506
v 0.106980 -0.020368 0.061769
v 0.236510 0.015197 0.060095
v 0.238435 0.013061 0.060125
v 0.012768 -0.015364 0.007865
v 0.239951 0.006936 0.057835
v 0.239206 0.003859 0.057249
v 0.085106 -0.020707 0.071218
v 0.238197 0.001095 0.061013
v 0.081857 -0.020297 0.071794
v 0.239916 0.003724 0.060782
v 0.106282 0.015443 0.068163
v 0.123650 0.015390 0.052514
v 0.122262 0.015831 0.055123
v 0.109191 0.014620 0.051708
v 0.238231 0.012207 0.056055
v 0.236818 0.011435 0.053890
v 0.114886 -0.020909 0.054151
v 0.085348 -0.020108 0.054395
v 0.089370 0.003427 0.002822
v 0.138338 -0.022644 0.068857
v 0.157128 -0.021262 0.037750
v -0.064304 -0.004371 0.002318
v 0.100243 -0.018973 0.025368
v 0.198693 0.022728 0.072745
v 0.192755 0.022054 0.073173
v 0.228376 0.019827 0.060927
v 0.230815 0.019511 0.060947
v 0.235502 0.016590 0.057452
v 0.234000 0.019221 0.064879
v 0.188728 -0.021134 0.024361
v 0.238136 0.014638 0.061755
v 0.236408 0.016924 0.062318
v 0.015936 -0.014009 0.007991
v 0.232752 0.019440 0.060919
v 0.175825 -0.020535 0.030661
v 0.221949 0.022547 0.068131
v 0.076574 -0.013705 0.066122
v 0.179524 -0.022820 0.065952
v 0.078917 -0.015713 0.057866
v 0.078286 -0.013089 0.057029
v 0.174496 -0.020106 0.025799
v 0.159040 0.012966 0.048522
v 0.232929 -0.011042 0.045469
v 0.235620 -0.015341 0.047477
v 0.228815 -0.012546 0.033362
v 0.232309 0.003216 0.043004
v 0.091097 0.018983 0.074227
v 0.095672 0.016384 0.075806
v 0.095066 0.017370 0.063040
v 0.195628 0.013056 0.003568
v 0.175203 0.010130 0.002337
v 0.211753 0.007064 0.001869
v 0.190236 0.012247 0.002527
v 0.179868 0.012564 0.003396
v 0.213267 0.007122 0.002322
v 0.189841 0.013138 0.003953
v 0.182044 0.013141 0.004218
v 0.196837 0.012266 0.002825
v 0.186012 0.013477 0.004514
v 0.193914 0.012031 0.002111
v 0.207054 0.010193 0.001741
v 0.183678 0.012193 0.002433
v 0.219617 -0.005530 0.002930
v 0.215188 0.005695 0.002081
v 0.209001 0.010440 0.001767
v 0.198725 0.012978 0.003575
v 0.198796 0.011670 0.002744
v 0.174169 0.011494 0.020307
v 0.198107 0.013410 0.004935
v 0.200929 0.010764 0.002535
v 0.215184 0.012395 0.024783
v 0.204616 0.013022 0.004449
v 0.220524 -0.002818 0.004549
v 0.209567 0.011458 0.010971
v 0.214188 0.007612 0.002997
v 0.192629 0.012950 0.003386
v 0.189896 0.013973 0.030808
v 0.196531 0.011157 0.002195
v 0.202875 0.013249 0.006669
v 0.175587 0.011863 0.014051
v 0.187518 0.012605 0.003055
v 0.191403 0.010319 0.018525
v 0.196449 0.013205 0.007053
v 0.182482 0.013515 0.006380
v 0.192993 0.013299 0.004992
v 0.189603 0.013496 0.005147
v 0.200632 0.012264 0.027457
v 0.186902 0.014074 0.029862
v 0.161784 0.013556 0.007918
v 0.152669 0.011999 0.003149
v 0.166402 0.010892 0.002737
v 0.178699 0.013255 0.004666
v 0.179222 0.011469 0.002474
v 0.166045 0.013313 0.005497
v 0.167107 0.013272 0.008041
v 0.164281 0.012359 0.003701
v 0.169932 0.012999 0.004313
v 0.175632 0.013566 0.037313
v 0.171200 0.013363 0.006795
v 0.172804 0.012137 0.003239
v 0.155585 0.012238 0.003569
v 0.157735 0.011866 0.002945
v 0.170254 0.012152 0.003524
v 0.155438 0.011563 0.002875
v 0.150063 0.012999 0.004856
v -0.060484 0.003729 0.002661
v -0.062603 -0.001014 0.003727
v 0.161652 0.010968 0.002682
v 0.160390 0.012328 0.003613
v 0.138740 0.011259 0.003554
v 0.138380 0.012384 0.004432
v 0.145178 0.013153 0.004810
v -0.007324 -0.002259 0.013257
v -0.006492 0.005990 0.008542
v 0.002230 0.003116 0.010192
v 0.203473 0.010044 0.002242
v 0.142300 0.013364 0.006919
v -0.031501 -0.013322 0.008158
v -0.037237 -0.010095 0.009267
v 0.139210 0.013221 0.008311
v 0.157300 0.011926 0.023968
v 0.157631 0.010835 0.021746
v 0.155953 0.011478 0.022573
v 0.147415 0.013501 0.006532
v -0.008270 -0.015920 -0.003347
v 0.145212 0.012141 0.003873
v -0.038388 -0.014477 0.002708
v 0.145628 0.013298 0.008356
v 0.140991 0.013126 0.005122
v 0.156785 0.013480 0.007719
v 0.158144 0.013147 0.009934
v 0.157833 0.012677 0.004139
v 0.153483 0.013101 0.010297
v 0.077701 -0.005572 0.075659
v 0.220287 0.000650 0.005006
v 0.154396 0.012990 0.004515
v 0.167041 0.012842 0.004098
v 0.143005 0.012476 0.004424
v 0.166501 -0.021735 0.005956
v 0.169463 -0.020944 0.005057
v 0.143128 -0.021952 0.007296
v 0.143116 -0.022023 0.010016
v 0.145747 -0.022089 0.008705
v 0.151580 -0.021763 0.008183
v 0.170700 -0.021876 0.008003
v 0.166152 -0.020591 0.004388
v 0.157787 -0.019747 0.003048
v 0.160680 -0.022505 0.010008
v 0.181000 -0.022306 0.006853
v 0.172473 -0.022039 0.006910
v -0.028772 -0.013923 0.005018
v 0.191019 -0.021961 0.004954
v 0.189516 -0.021225 0.014920
v 0.204002 -0.020615 0.016350
v 0.209710 -0.020563 0.020747
v 0.191202 0.011275 0.015302
v -0.043320 -0.014016 0.000499
v 0.207053 -0.020783 0.024826
v 0.194194 -0.021814 0.004130
v 0.198702 -0.023504 0.010638
v 0.177500 -0.021035 0.033247
v 0.190537 -0.020036 0.018217
v 0.195220 -0.020849 0.018532
v 0.192276 -0.020332 0.021474
v 0.176565 -0.020930 0.016866
v 0.173006 -0.021727 0.013702
v 0.176808 0.011314 0.020787
v -0.021416 -0.015885 -0.002574
v 0.173755 -0.020715 0.032932
v 0.163923 -0.019833 0.017500
v 0.173127 -0.022235 0.008202
v 0.192801 -0.020893 0.003578
v 0.199934 -0.020549 0.017656
v -0.052584 -0.011148 0.004648
v 0.195503 -0.023015 0.008507
v -0.055323 -0.012317 -0.002983
v -0.053017 -0.012310 -0.004473
v 0.163577 -0.020366 0.013983
v -0.060401 -0.010396 -0.001984
v -0.060328 -0.009425 -0.004312
v 0.194242 -0.022495 0.005735
v 0.189575 -0.022590 0.007678
v -0.030903 -0.014774 0.003163
v -0.033417 -0.013643 0.004967
v 0.186800 -0.020421 0.003525
v 0.201483 -0.022701 0.005158
v 0.201464 -0.023151 0.007780
v 0.196003 -0.020789 0.002828
v 0.213813 -0.016581 0.002886
v -0.024251 -0.016090 -0.001537
v 0.210788 -0.021371 0.028472
v 0.229297 -0.020855 0.059003
v 0.199495 -0.022286 0.003437
v 0.226876 0.021534 0.064978
v 0.204602 -0.022838 0.005365
v 0.213685 -0.017734 0.005370
v 0.202897 -0.021891 0.003639
v 0.211844 -0.017019 0.002502
v -0.024029 -0.015808 0.001384
v 0.205929 -0.021524 0.003234
v 0.209383 -0.018656 0.002364
v 0.210880 -0.020159 0.003610
v 0.219166 -0.002911 0.002379
v 0.218383 -0.007511 0.001770
v 0.217501 -0.010290 0.002285
v 0.225686 0.021841 0.069114
v 0.182110 -0.020191 0.028407
v 0.179485 -0.021292 0.030833
v 0.215374 -0.012414 0.001911
v 0.220540 0.000592 0.007001
v 0.203944 -0.019905 0.002872
v 0.170343 0.011159 0.003008
v 0.213487 -0.014893 0.002283
v 0.190499 0.010634 0.001665
v 0.220128 -0.006210 0.005874
v 0.216643 -0.012587 0.003231
v 0.192846 -0.019728 0.002658
v 0.189930 -0.020577 0.003596
v 0.189365 0.010744 0.019585
v 0.178520 -0.021795 0.004904
v 0.181484 -0.020558 0.002694
v 0.176292 -0.019671 0.002447
v -0.010276 -0.016184 -0.003161
v 0.196566 -0.022296 0.004182
v 0.184700 -0.019358 0.002636
v 0.181054 -0.021648 0.004388
v 0.187723 -0.021149 0.004170
v 0.178880 -0.021013 0.002924
v 0.167836 -0.022220 0.008014
v 0.170545 -0.022911 0.009641
v 0.171514 -0.020473 0.004441
v 0.155677 -0.018549 0.002754
v 0.205465 0.010874 0.019010
v 0.142443 0.011270 0.003520
v 0.154151 -0.021042 0.003729
v 0.154993 -0.020108 0.003209
v 0.162725 -0.020591 0.003740
v 0.204991 0.010870 0.016087
v 0.176110 -0.021305 0.004111
v 0.161536 -0.021582 0.012128
v 0.149047 0.010426 0.002856
v 0.185259 0.012899 0.029860
v 0.198018 -0.022844 0.005740
v 0.187416 -0.022342 0.005884
v 0.188244 -0.021634 0.004732
v 0.172007 -0.017379 0.002546
v 0.173503 -0.020185 0.003770
v 0.183721 -0.021268 0.003688
v 0.206446 0.014907 0.036291
v 0.161375 -0.019203 0.002798
v 0.161115 -0.021313 0.004642
v 0.170176 -0.019271 0.003490
v -0.054433 -0.008187 0.006625
v -0.056233 -0.003292 0.007765
v 0.209394 0.016065 0.038942
v 0.165520 -0.018898 0.003044
v -0.033977 -0.014891 -0.003905
v 0.172744 -0.021433 0.005350
v 0.176508 0.012501 0.003486
v 0.173671 -0.018728 0.002796
v 0.171701 0.011791 0.024655
v 0.049677 0.004021 -0.007403
v 0.134125 0.009143 0.002682
v 0.132915 0.011448 0.003263
v 0.195067 -0.023065 0.011800
v 0.202570 0.012734 0.011326
v 0.140977 0.012282 0.004419
v 0.152883 -0.019207 0.002599
v 0.152580 0.013414 0.006600
v 0.169775 -0.021899 0.006548
v 0.174670 0.013025 0.036359
v 0.173735 0.013832 0.037543
v 0.151286 -0.020000 0.002685
v 0.159141 -0.020951 0.004069
v 0.200169 0.011843 0.012482
v 0.161356 -0.022195 0.008282
v 0.152633 -0.020620 0.003175
v 0.152589 -0.020984 0.004555
v 0.145874 -0.021846 0.006656
v 0.151079 -0.021417 0.006131
v 0.139814 -0.020792 0.004301
v -0.050624 -0.003688 -0.002908
v 0.142113 -0.020745 0.003664
v 0.140366 0.009801 0.003048
v 0.144205 -0.020802 0.003822
v 0.201562 0.014731 0.034011
v 0.024271 -0.000311 -0.009084
v 0.033419 0.004298 -0.006423
v 0.035240 0.005408 -0.006095
v 0.035546 0.003484 -0.007985
v 0.204126 0.013992 0.034932
v 0.001724 0.003241 -0.010188
v 0.030246 -0.001630 -0.009750
v 0.008283 0.002929 -0.009019
v -0.057032 0.006447 -0.002991
v 0.012925 -0.000986 -0.010366
v 0.005804 0.000306 -0.011106
v 0.012284 0.002176 -0.009259
v 0.006941 0.004862 -0.008423
v 0.017572 -0.002026 -0.010159
v 0.021543 -0.002121 -0.009999
v 0.017300 0.000822 -0.009472
v 0.019611 -0.001913 -0.009793
v -0.035223 0.009218 -0.001747
v 0.023858 -0.001832 -0.009574
v -0.054704 0.006492 -0.003326
v 0.024866 -0.003548 -0.009982
v 0.161369 0.013287 0.004880
v 0.035443 -0.005298 -0.010061
v 0.210478 0.010070 0.014949
v 0.019657 0.000018 -0.009249
v 0.032481 0.000373 -0.008946
v 0.033050 -0.003750 -0.009981
v 0.038399 -0.003743 -0.010151
v 0.037238 -0.007280 -0.009329
v 0.205702 0.013633 0.034587
v 0.045747 -0.001407 -0.010750
v 0.045049 0.000096 -0.010137
v 0.187788 0.013876 0.027303
v 0.040392 0.001619 -0.009230
v 0.042331 0.002018 -0.008982
v 0.045318 0.002683 -0.008775
v 0.026486 -0.001401 -0.009765
v 0.036379 -0.001785 -0.010126
v 0.028390 0.000610 -0.008914
v 0.033568 -0.001235 -0.009642
v 0.039197 -0.001109 -0.010112
v 0.218335 -0.000934 0.001821
v 0.040237 -0.003042 -0.010822
v 0.041683 -0.000883 -0.010292
v 0.056595 -0.000862 -0.007407
v 0.048097 -0.007227 -0.009862
v 0.043122 -0.005285 -0.010206
v 0.052652 -0.007421 -0.009626
v 0.045126 -0.005909 -0.010464
v 0.046173 -0.007707 -0.010064
v 0.043625 0.000628 -0.009411
v 0.048972 0.000391 -0.009699
v 0.047967 0.002682 -0.008829
v 0.057871 0.000721 -0.006075
v 0.052198 0.001243 -0.009434
v 0.053006 0.003363 -0.008102
v 0.054005 0.000948 -0.008625
v 0.050812 -0.000229 -0.009790
v 0.053291 -0.000938 -0.009256
v 0.051715 -0.003100 -0.009878
v 0.043763 -0.002027 -0.010357
v 0.168098 0.012066 0.003517
v 0.049363 -0.003707 -0.010590
v 0.052982 -0.005308 -0.009583
v 0.054550 -0.008382 -0.007703
v 0.049262 -0.006025 -0.010386
v 0.054890 -0.006355 -0.008319
v 0.050156 -0.008032 -0.009346
v 0.050862 -0.005589 -0.009964
v 0.047489 -0.004993 -0.010576
v 0.030858 -0.006377 -0.009716
v 0.039836 -0.005759 -0.010270
v 0.045448 -0.003707 -0.010881
v 0.047152 -0.002300 -0.010807
v 0.049781 -0.001435 -0.010310
v 0.109931 0.012130 0.004218
v 0.041179 -0.008444 -0.009380
v 0.134013 0.012759 0.004781
v 0.047016 0.000417 -0.010136
v 0.043679 0.002139 -0.008519
v 0.048471 -0.001590 -0.010396
v 0.050205 0.002104 -0.008912
v 0.135993 0.011866 0.003645
v 0.037861 0.001486 -0.008733
v 0.037685 0.004643 -0.006399
v 0.125539 0.013478 0.006436
v 0.127584 0.013019 0.005005
v 0.124340 0.012920 0.004932
v 0.070470 -0.003806 -0.003540
v 0.030896 0.003988 -0.007312
v 0.034945 0.000915 -0.009398
v 0.031170 0.002155 -0.008491
v 0.051116 0.005316 -0.006009
v 0.030293 0.000754 -0.009019
v -0.063200 -0.006332 -0.004001
v 0.046973 0.004931 -0.007260
v 0.049758 0.006907 -0.003730
v 0.033167 0.002330 -0.007782
v 0.036395 0.006074 -0.004999
v 0.037753 0.006209 -0.004005
v 0.089340 0.011864 0.004073
v 0.024827 0.000643 -0.008955
v 0.026078 0.001501 -0.008696
v 0.028271 -0.003795 -0.009873
v 0.088676 0.012725 0.005357
v 0.190513 0.012895 0.026639
v -0.062450 -0.007963 -0.002420
v 0.010110 0.001359 -0.010154
v 0.099740 0.011665 0.004517
v 0.125952 0.011146 0.003875
v 0.033155 -0.005603 -0.009808
v 0.115620 0.011006 0.002983
v 0.037923 -0.005351 -0.009861
v 0.083444 0.009188 0.001509
v 0.038981 -0.008363 -0.009117
v 0.041747 -0.003568 -0.010756
v 0.043750 -0.007718 -0.009407
v 0.047293 -0.009820 -0.008799
v 0.108060 0.010829 0.003032
v 0.129534 0.009332 0.003102
v 0.055450 0.001409 -0.007181
v 0.054906 -0.003679 -0.008649
v 0.078096 0.004160 -0.000823
v 0.048173 -0.003050 -0.010479
v 0.079864 0.007034 0.000506
v 0.086283 0.010992 0.003060
v 0.205717 0.013202 0.030129
v 0.083143 0.010834 0.002521
v 0.080789 0.011146 0.002781
v 0.090041 0.010193 0.002824
v 0.025782 0.005049 -0.005944
v 0.029914 0.005441 -0.005562
v 0.018383 0.005335 -0.005348
v 0.201722 0.016382 0.038661
v 0.011036 0.006328 -0.006252
v 0.020331 0.004954 -0.006303
v 0.010033 0.004256 -0.008281
v 0.029322 0.002266 -0.007817
v 0.031725 0.005333 -0.005453
v 0.202785 0.016594 0.040312
v 0.028181 0.004045 -0.006430
v 0.013564 0.005100 -0.006421
v 0.014076 0.001012 -0.009262
v -0.058686 -0.011687 -0.003636
v 0.022496 0.000443 -0.009225
v 0.027578 0.002447 -0.007926
v 0.058637 0.004109 -0.001199
v 0.060247 0.004654 0.000446
v -0.056593 -0.005367 -0.007643
v 0.061870 0.004946 0.001369
v 0.211499 0.018528 0.049269
v 0.023852 0.000777 -0.008615
v 0.083202 0.013296 0.005350
v 0.006328 0.002848 -0.009899
v 0.014068 0.002941 -0.008038
v 0.007783 0.000991 -0.010384
v 0.094944 0.012170 0.004934
v 0.095626 0.013056 0.005965
v 0.012162 0.004374 -0.007697
v 0.112688 0.011651 0.003441
v 0.016507 0.002974 -0.008200
v 0.095741 0.013402 0.006806
v 0.022361 -0.010459 -0.006963
v 0.008271 0.004285 -0.007877
v -0.002756 -0.012933 -0.008000
v -0.000866 -0.012479 -0.008346
v 0.003256 -0.012729 -0.007390
v 0.009553 -0.012134 -0.007287
v 0.021701 -0.012102 -0.005601
v 0.011582 -0.012231 -0.006991
v 0.027261 -0.011194 -0.006080
v 0.053952 -0.010444 -0.006712
v 0.052474 -0.009315 -0.008835
v 0.047707 -0.011870 -0.007053
v 0.035601 -0.009614 -0.008540
v 0.035882 -0.011763 -0.006560
v 0.029051 -0.008758 -0.008336
v 0.026925 -0.009158 -0.007853
v 0.034603 -0.010687 -0.007585
v 0.033349 -0.010996 -0.006481
v 0.026311 -0.004726 -0.009863
v 0.020510 -0.010439 -0.007838
v -0.019569 -0.011965 -0.009494
v 0.097341 0.013262 0.006110
v -0.034574 -0.013237 -0.007189
v -0.036318 -0.012568 -0.007533
v 0.016981 -0.010545 -0.007400
v 0.082928 0.006291 0.000434
v 0.050482 -0.010838 -0.007905
v 0.047282 0.006292 -0.005294
v 0.067042 0.002901 -0.001970
v 0.103525 0.009249 0.002848
v 0.090871 0.006813 0.002509
v 0.094218 0.009077 0.002699
v 0.022396 -0.008253 -0.008589
v 0.029082 -0.010999 -0.006501
v 0.028008 -0.009807 -0.007102
v 0.025225 -0.009350 -0.008252
v 0.030357 -0.012975 -0.004625
v 0.017701 -0.008394 -0.008584
v 0.025777 -0.007353 -0.009158
v 0.096283 0.010709 0.003822
v 0.097443 0.012486 0.005446
v 0.033034 -0.007317 -0.009083
v 0.030201 -0.010105 -0.008048
v 0.052606 -0.012805 -0.005099
v 0.198942 0.022690 0.064984
v 0.023276 -0.003653 -0.009812
v 0.030159 -0.004309 -0.009942
v 0.082381 0.013302 0.007034
v 0.086873 0.008309 0.001991
v 0.083698 0.012080 0.004050
v -0.049569 0.000173 -0.006758
v 0.028195 -0.006348 -0.009282
v 0.021349 -0.005271 -0.009968
v 0.015306 -0.001915 -0.010475
v 0.019677 -0.003313 -0.010215
v -0.052077 0.005528 -0.005749
v 0.019576 -0.012157 -0.005612
v 0.018657 -0.010319 -0.007239
v 0.037478 -0.009703 -0.007879
v 0.085262 0.013655 0.006573
v 0.014637 -0.004062 -0.010805
v 0.013699 -0.008470 -0.009233
v 0.015481 -0.007197 -0.010009
v 0.005212 -0.006726 -0.011569
v 0.007925 -0.012940 -0.005971
v 0.005108 -0.009052 -0.010620
v 0.007619 -0.010705 -0.008792
v 0.010404 -0.013633 -0.005628
v 0.015052 -0.012188 -0.006405
v 0.017545 -0.011843 -0.005613
v 0.013005 -0.010486 -0.007784
v 0.020902 0.002873 -0.007872
v 0.092572 0.011395 0.003728
v 0.005289 0.004680 -0.008576
v 0.018153 -0.005327 -0.009811
v 0.089982 0.004422 0.002851
v 0.015497 -0.000231 -0.010102
v 0.007723 -0.007543 -0.010488
v 0.011946 -0.003459 -0.010664
v 0.012456 -0.004904 -0.010462
v 0.015419 -0.009794 -0.008751
v 0.010219 -0.008422 -0.010170
v 0.004375 -0.011259 -0.009083
v 0.008767 -0.002145 -0.011447
v 0.012035 -0.008949 -0.009228
v 0.007381 -0.005040 -0.011456
v 0.003608 -0.003575 -0.012022
v 0.005190 -0.004673 -0.012096
v 0.003494 0.007943 -0.004937
v 0.002572 -0.000685 -0.011796
v 0.103863 0.011116 0.003517
v 0.003760 -0.013929 -0.005345
v 0.000808 -0.014405 -0.006411
v -0.000836 -0.008702 -0.011126
v 0.105103 0.012000 0.003949
v 0.002061 -0.011871 -0.008439
v -0.002060 -0.013841 -0.006318
v -0.014333 -0.008555 -0.012098
v -0.016346 -0.008981 -0.011226
v -0.011966 -0.012136 -0.008769
v -0.009145 -0.008946 -0.011705
v -0.010362 -0.009460 -0.011069
v -0.004717 -0.012748 -0.009027
v 0.001709 -0.004583 -0.012079
v -0.004017 -0.010623 -0.010516
v -0.006217 -0.007250 -0.012085
v -0.015642 -0.006998 -0.012664
v -0.006949 -0.008421 -0.011318
v -0.011656 -0.007870 -0.012138
v -0.004784 -0.008484 -0.011827
v -0.013844 -0.010512 -0.010783
v -0.019081 -0.009723 -0.011442
v -0.002680 -0.009178 -0.010803
v -0.010260 -0.005609 -0.012943
v -0.021806 -0.011184 -0.009778
v -0.012550 -0.004871 -0.013143
v 0.085247 0.013058 0.005088
v -0.021839 -0.008672 -0.011598
v -0.017456 -0.007999 -0.012002
v -0.000021 -0.008065 -0.011741
v -0.017476 -0.004284 -0.013321
v -0.019115 -0.007165 -0.012749
v 0.000001 -0.006674 -0.012204
v -0.001235 -0.010486 -0.009863
v -0.031887 -0.006922 -0.011833
v -0.002587 -0.011308 -0.009342
v -0.007695 -0.006300 -0.012475
v -0.005247 -0.006314 -0.012636
v 0.194078 0.022729 0.066981
v -0.001102 -0.002992 -0.012684
v -0.009118 -0.003766 -0.013078
v -0.005495 -0.003812 -0.013045
v -0.042122 -0.010937 -0.007860
v 0.080455 0.009368 0.001589
v 0.196720 0.023999 0.069434
v -0.004326 0.000043 -0.012031
v -0.002734 -0.006484 -0.012080
v -0.010588 0.000293 -0.012305
v -0.005920 -0.010390 -0.010308
v -0.000696 0.001024 -0.011557
v -0.002739 0.003246 -0.010390
v -0.008088 -0.001179 -0.012752
v -0.001174 0.004866 -0.008833
v 0.000763 0.006107 -0.008590
v -0.000275 0.003682 -0.010091
v 0.015758 0.006130 -0.005612
v 0.094612 0.013342 0.008254
v 0.098184 0.013528 0.007434
v -0.008359 0.006261 -0.008689
v -0.013276 -0.001762 -0.012978
v 0.005942 0.006242 -0.007373
v 0.005252 -0.002522 -0.011993
v 0.018495 0.003599 -0.006966
v 0.018412 0.002019 -0.008246
v 0.091275 0.012566 0.005448
v 0.088858 0.013558 0.007383
v 0.115961 0.012027 0.004243
v 0.183104 0.021714 0.068462
v -0.011350 -0.010234 -0.010211
v -0.031098 0.006862 -0.007378
v -0.008248 0.001592 -0.011670
v 0.122152 0.011599 0.004216
v -0.006474 0.005207 -0.009066
v -0.005754 0.003026 -0.010711
v 0.218206 -0.002962 0.001470
v 0.217871 0.001492 0.001474
v -0.018593 0.007513 -0.007713
v 0.023970 0.002248 -0.007746
v -0.016307 0.005568 -0.009146
v 0.135386 0.013411 0.008467
v -0.018972 0.005510 -0.009138
v -0.020682 0.002628 -0.011017
v 0.212066 0.008987 0.002676
v -0.059698 -0.008149 -0.006318
v -0.013477 0.007583 -0.007858
v -0.018612 0.003008 -0.011256
v 0.112491 0.012753 0.005300
v -0.021462 0.004703 -0.009538
v -0.015238 0.002509 -0.011302
v -0.020247 0.000940 -0.011866
v -0.023057 -0.000138 -0.012282
v -0.016993 0.001362 -0.012066
v -0.018314 0.000772 -0.012533
v -0.024412 0.002175 -0.011262
v -0.020337 0.006814 -0.007866
v -0.028955 -0.001783 -0.012707
v -0.018447 -0.001107 -0.013195
v 0.122344 0.012830 0.004927
v -0.024229 0.005512 -0.009077
v -0.027040 0.001592 -0.011744
v -0.004492 0.004669 -0.009824
v 0.076721 0.007378 0.000908
v -0.025441 0.003731 -0.010389
v 0.067614 0.004531 -0.000216
v 0.073236 0.005530 -0.000501
v -0.040447 0.003533 -0.009019
v -0.036918 0.006201 -0.007965
v -0.042196 0.000703 -0.009215
v -0.043772 0.002073 -0.009266
v -0.040026 0.001290 -0.009515
v -0.038889 0.002871 -0.010073
v 0.076244 0.005373 -0.000492
v 0.077533 0.009832 0.002290
v -0.042512 0.004172 -0.008409
v -0.031603 -0.001706 -0.012494
v -0.044949 0.004918 -0.007644
v -0.022295 0.002340 -0.011266
v -0.036313 0.002537 -0.010165
v -0.038091 0.001351 -0.010435
v -0.035940 -0.002534 -0.011383
v -0.037910 -0.003347 -0.010802
v -0.037691 -0.000683 -0.010820
v -0.007287 -0.012166 -0.008682
v -0.034207 -0.012137 -0.008594
v -0.026535 -0.005571 -0.012897
v 0.002503 -0.009931 -0.010066
v -0.024974 -0.007976 -0.011929
v -0.027716 -0.003630 -0.013054
v 0.070638 0.005615 0.000077
v -0.033790 -0.002322 -0.011984
v 0.059553 -0.007262 0.011626
v 0.052004 -0.010295 0.007935
v 0.070218 0.004249 -0.001178
v -0.014357 -0.012982 -0.008833
v -0.034034 -0.010065 -0.010241
v -0.030428 -0.004533 -0.012971
v 0.042248 -0.012553 -0.005298
v -0.035522 -0.001089 -0.011092
v -0.023917 -0.010079 -0.010881
v 0.174101 0.014750 0.044916
v -0.034760 -0.005473 -0.011710
v -0.058519 -0.004508 -0.008638
v -0.058691 0.001354 -0.007724
v -0.040606 -0.008839 -0.008896
v -0.059099 -0.001034 -0.008649
v -0.038304 -0.006424 -0.010277
v -0.056365 -0.003946 -0.008278
v -0.051915 -0.005335 -0.005639
v -0.056400 -0.001710 -0.008475
v 0.006687 -0.003619 -0.011802
v -0.056933 -0.007017 -0.007530
v -0.058856 -0.006928 -0.007683
v -0.055583 -0.007964 -0.006983
v -0.054710 -0.003336 -0.008178
v -0.048040 -0.007398 -0.007523
v -0.051640 -0.008440 -0.007348
v -0.049724 -0.008922 -0.007529
v -0.043547 -0.012393 -0.006856
v -0.056091 -0.008976 -0.006589
v -0.057998 -0.008966 -0.007497
v -0.052990 -0.011287 -0.006111
v -0.055000 -0.005267 -0.007828
v -0.053326 -0.005145 -0.007198
v -0.052600 0.001826 -0.007764
v -0.049716 0.003917 -0.007742
v -0.050384 0.002952 -0.007970
v -0.057849 0.003780 -0.006582
v -0.056661 0.002335 -0.007884
v -0.050788 0.001604 -0.007650
v -0.044419 0.000822 -0.008364
v -0.042179 0.002550 -0.009170
v -0.049448 0.004757 -0.007013
v -0.046048 0.006486 -0.005603
v 0.170287 0.013064 0.050608
v -0.047272 0.005334 -0.007022
v -0.048070 0.003565 -0.008276
v 0.093840 -0.020939 0.071798
v -0.047113 0.000922 -0.007934
v -0.049223 0.001967 -0.008254
v 0.156187 -0.022020 0.051545
v -0.038290 0.004691 -0.008855
v 0.153280 0.015065 0.072630
v 0.225831 -0.021674 0.045489
v 0.090494 0.003219 0.002869
v -0.051590 -0.000287 -0.006616
v -0.046250 -0.010159 -0.007273
v -0.045839 -0.008431 -0.008135
v -0.044068 0.006748 -0.005793
v -0.035900 0.006825 -0.006922
v -0.044087 -0.009609 -0.008422
v 0.074204 0.009121 0.004061
v -0.033433 0.007590 -0.006730
v -0.025145 0.006514 -0.007911
v 0.072119 0.002793 -0.002138
v -0.034982 0.005051 -0.008631
v -0.023277 0.008074 -0.007073
v -0.023782 0.003799 -0.010473
v 0.114701 0.013328 0.007761
v 0.115198 0.013076 0.005690
v -0.040716 0.006702 -0.006162
v 0.171363 -0.020107 0.026977
v 0.079309 0.011894 0.004943
v -0.009718 0.009510 -0.004421
v 0.001262 0.008332 -0.005469
v -0.001188 0.007071 -0.006944
v -0.002872 0.005829 -0.008683
v 0.073201 0.007247 0.001563
v 0.065247 0.005526 0.001842
v 0.069194 0.005766 0.001319
v -0.009292 -0.015333 -0.005580
v -0.006770 -0.013990 -0.006324
v -0.053226 -0.003415 -0.006751
v 0.059822 0.005536 0.001514
v -0.013193 0.000724 -0.012164
v 0.056352 -0.011152 -0.003833
v 0.165273 0.015146 0.072613
v 0.057670 0.005305 0.000561
v 0.003605 -0.005341 -0.011739
v -0.010535 -0.014051 -0.007375
v -0.016803 -0.011452 -0.009388
v -0.008618 -0.013871 -0.007636
v 0.069448 0.006965 0.003516
v 0.087424 -0.008073 0.002393
v -0.009702 -0.012072 -0.009702
v -0.010381 -0.010572 -0.010355
v -0.009610 -0.010475 -0.010985
v -0.053865 -0.008969 -0.007158
v -0.033721 -0.007935 -0.011449
v -0.024442 -0.011751 -0.009669
v 0.061628 -0.012519 0.001728
v -0.036416 -0.010727 -0.009506
v -0.029026 -0.011019 -0.010002
v -0.038329 -0.009361 -0.009864
v -0.039206 -0.011666 -0.008456
v 0.143862 0.014158 0.062366
v -0.044280 -0.011038 -0.007468
v -0.041195 -0.006212 -0.008767
v -0.029533 -0.013096 -0.008072
v -0.042479 0.006129 -0.007040
v -0.043800 0.003389 -0.009027
v -0.028648 -0.014619 -0.006050
v -0.045715 -0.012136 -0.006255
v -0.047946 -0.009139 -0.008036
v -0.026141 -0.010440 -0.010165
v -0.028580 -0.008136 -0.011946
v -0.032260 -0.013753 -0.006449
v -0.026247 -0.012898 -0.008053
v -0.012419 -0.013780 -0.007110
v -0.010590 -0.015009 -0.005837
v -0.023844 -0.014722 -0.006541
v -0.018650 -0.013549 -0.008067
v -0.016326 -0.013581 -0.007225
v -0.017874 -0.014952 -0.005830
v -0.021947 -0.013932 -0.006649
v -0.025879 -0.014388 -0.005624
v -0.014337 -0.014921 -0.006820
v 0.038669 -0.013005 -0.004326
v 0.016530 -0.013455 -0.003906
v 0.019251 -0.009260 -0.008368
v 0.005531 -0.013128 -0.007384
v 0.048782 -0.011442 -0.007193
v 0.012696 -0.012907 -0.004955
v 0.030888 -0.013939 -0.001745
v 0.151273 -0.020839 0.034508
v 0.005967 -0.014557 -0.005018
v 0.010237 -0.005580 -0.011170
v 0.006518 -0.014832 -0.003317
v 0.009269 -0.014266 -0.003872
v 0.014460 -0.013560 -0.004069
v 0.000512 -0.010950 -0.010088
v 0.037907 -0.011251 -0.006372
v 0.000691 -0.012729 -0.008610
v 0.002790 -0.007270 -0.011181
v 0.070041 -0.000530 -0.003276
v 0.007457 -0.014051 -0.003761
v 0.148515 -0.022107 0.058754
v 0.004804 -0.015555 -0.002248
v 0.010831 -0.014783 -0.001965
v 0.011310 -0.014078 -0.003893
v -0.002448 -0.015915 -0.001344
v 0.018534 -0.012809 -0.003592
v 0.017656 -0.013784 -0.001200
v 0.013018 -0.011897 -0.006355
v 0.020745 -0.013513 -0.003262
v 0.000791 -0.008672 -0.011255
v 0.091763 -0.004340 0.002873
v 0.025877 -0.013136 -0.003915
v 0.023808 -0.009924 -0.007412
v 0.023160 -0.012662 -0.003428
v 0.031042 -0.011455 -0.006589
v -0.003672 -0.015377 -0.004964
v 0.024201 -0.008167 -0.008586
v 0.088917 -0.004567 0.002607
v 0.023665 -0.011684 -0.005594
v 0.025457 -0.011135 -0.006839
v 0.133706 0.012818 0.037691
v 0.036287 -0.013093 -0.004494
v 0.028250 -0.012251 -0.004687
v 0.038100 -0.013327 -0.002986
v 0.032703 -0.013070 -0.003297
v 0.035410 -0.014065 -0.002492
v 0.034231 -0.012932 -0.004767
v 0.150580 0.013601 0.051087
v 0.046084 -0.013018 -0.005897
v 0.042744 -0.011328 -0.006726
v 0.049018 -0.012493 -0.006083
v 0.047279 -0.013830 -0.004290
v 0.030810 -0.008534 -0.008810
v 0.041353 -0.010514 -0.007757
v 0.061091 -0.000833 -0.005028
v 0.041543 -0.013460 -0.003975
v 0.039790 -0.013630 -0.004198
v 0.066510 0.000385 -0.003222
v 0.146503 0.012278 0.037197
v 0.071556 0.008104 0.005411
v 0.052622 -0.014045 -0.002565
v 0.046805 -0.011386 -0.007472
v -0.002016 -0.015137 -0.003922
v 0.039497 -0.010806 -0.007716
v 0.045009 -0.011648 -0.007398
v 0.047395 0.007800 -0.000705
v 0.048196 -0.010869 -0.007705
v 0.051291 0.006973 -0.000717
v 0.045221 0.004587 -0.007477
v 0.079476 -0.002034 0.035983
v 0.010655 -0.010721 -0.008666
v 0.028016 0.005892 -0.004073
v 0.012723 -0.006644 -0.010081
v 0.008200 0.006056 -0.006555
v 0.023576 0.006142 -0.003310
v 0.025960 0.003599 -0.007558
v 0.062860 0.003655 -0.000772
v 0.024647 0.003955 -0.006608
v 0.003555 0.006121 -0.007399
v 0.016874 0.004678 -0.006937
v 0.056065 0.005112 -0.001084
v 0.015051 0.007237 -0.003234
v 0.053177 0.005940 -0.002090
v 0.023114 0.004704 -0.005612
v 0.023226 0.007001 0.000725
v 0.068161 0.006797 0.005536
v 0.013246 0.006672 -0.004461
v 0.006004 0.008067 -0.004791
v 0.066290 0.002119 0.013425
v 0.070459 -0.001829 0.017093
v 0.003998 0.002700 -0.009941
v 0.044953 -0.014627 -0.002454
v 0.039068 -0.012525 -0.005613
v 0.015375 0.001536 -0.009290
v -0.003901 0.008075 -0.006718
v 0.012491 0.007541 -0.002440
v 0.020853 0.006378 -0.003871
v 0.014988 -0.014051 -0.001916
v 0.060961 0.005823 0.002728
v 0.011043 0.007540 -0.003900
v 0.059440 0.002883 -0.003177
v 0.053922 0.004488 -0.005706
v 0.043478 -0.012893 -0.004851
v 0.052747 0.005659 -0.004301
v 0.019951 -0.007855 -0.009261
v 0.056464 0.002696 -0.005534
v 0.025215 0.006091 -0.004200
v -0.030525 0.008395 -0.005339
v -0.015918 0.000114 -0.012421
v 0.059690 0.001372 -0.004753
v 0.043122 0.007555 0.001032
v -0.011379 -0.014407 -0.005910
v 0.040175 0.006242 -0.005025
v -0.005731 -0.015443 -0.004099
v 0.041520 0.004134 -0.007526
v -0.004272 -0.014570 -0.006847
v -0.031072 0.009767 -0.000419
v 0.045163 0.005887 -0.006076
v 0.045708 0.007068 -0.003852
v -0.011346 0.008445 -0.006269
v 0.075675 0.010359 0.074155
v -0.028320 0.009109 -0.004727
v -0.004303 0.009103 -0.004579
v 0.039510 0.003875 -0.007665
v 0.015227 0.004454 -0.007213
v -0.040295 0.007724 -0.004608
v 0.071410 -0.001774 0.072503
v -0.042364 0.007608 -0.004895
v 0.043174 0.007112 -0.002492
v 0.030911 0.006301 -0.004003
v -0.058809 0.006120 0.001429
v -0.056702 0.006102 -0.003964
v -0.047519 0.007357 -0.003840
v -0.053741 -0.001126 -0.007273
v -0.060699 0.003079 -0.005987
v -0.056040 0.003777 -0.007080
v -0.054249 0.003610 -0.007377
v 0.168930 -0.007925 0.075244
v -0.048815 0.006274 -0.005517
v -0.045282 0.002651 -0.008631
v -0.045051 0.007827 -0.002723
v -0.064023 0.000859 -0.003673
v -0.040561 0.005403 -0.007740
v 0.114561 0.005762 0.078586
v -0.049995 -0.002077 -0.004688
v -0.057119 0.000630 -0.008433
v -0.061185 0.000264 -0.007020
v -0.056621 -0.010617 -0.006606
v -0.055465 0.001020 -0.007618
v -0.053557 -0.006955 -0.007349
v -0.047577 -0.012541 -0.005113
v -0.055316 -0.006897 -0.006797
v -0.054988 -0.010471 -0.006595
v -0.042380 -0.009284 -0.008543
v -0.043182 -0.007857 -0.008527
v -0.011902 0.009791 -0.003139
v 0.018101 0.007156 -0.000868
v 0.108595 0.015839 0.063859
v -0.055006 -0.011472 -0.005171
v -0.041418 -0.013148 -0.005534
v 0.035374 0.006991 -0.003202
v 0.033609 0.005812 -0.004548
v -0.031621 -0.011487 -0.009091
v -0.012691 -0.014987 -0.005827
v 0.129644 0.016908 0.072379
v -0.021819 -0.015081 -0.004723
v -0.016735 -0.015633 -0.003432
v -0.035566 -0.014077 -0.005436
v 0.027593 0.006839 0.000667
v -0.011437 -0.015266 -0.004457
v -0.020123 -0.014710 -0.006243
v -0.014061 -0.016109 -0.004232
v -0.022631 -0.015523 -0.003303
v -0.019301 -0.016175 -0.003540
v -0.026967 -0.015247 -0.003647
v -0.036177 -0.014652 -0.003019
v -0.048825 -0.010584 -0.007212
v -0.051227 -0.010199 -0.006709
v -0.041968 -0.014156 -0.002408
v -0.061780 -0.007294 -0.005150
v -0.051806 -0.006832 -0.006531
v -0.057036 -0.011600 -0.005005
v -0.065596 -0.003269 0.000399
v -0.056022 0.005174 -0.005583
v 0.110126 0.017088 0.072201
v -0.059038 0.005656 -0.004019
v -0.048790 -0.004324 -0.002201
v 0.083208 0.013937 0.077397
v 0.106957 0.015908 0.070696
v -0.050082 -0.012255 -0.005393
v -0.049622 -0.007136 -0.005134
v -0.050265 -0.007820 -0.006792
v -0.053657 -0.012816 0.000160
v -0.038631 -0.014476 -0.003825
v -0.058711 -0.010456 -0.005892
v -0.031417 -0.009289 -0.010758
v -0.049307 -0.006938 -0.003162
v -0.050812 -0.005765 -0.004034
v -0.047228 -0.005448 -0.001226
v -0.048375 -0.006999 -0.001216
v -0.047757 -0.011527 -0.006317
v -0.050934 -0.013104 -0.002306
v -0.017532 -0.016212 -0.001292
v -0.033200 -0.015517 0.000557
v -0.028618 -0.015896 -0.001339
v 0.025785 0.006919 -0.001876
v -0.022935 -0.015695 0.010081
v -0.034065 -0.014654 0.003194
v 0.033001 0.006636 -0.002448
v 0.082339 0.015736 0.068576
v 0.037683 0.007082 -0.001871
v 0.095543 0.018504 0.070165
v 0.091018 0.019404 0.071426
v 0.085615 0.019454 0.075237
v 0.109217 0.014856 0.054537
v 0.048830 0.005642 -0.005883
v -0.036080 -0.008235 -0.010634
v -0.045355 -0.006038 -0.003914
v -0.058063 -0.012159 -0.000481
v -0.027818 -0.015932 0.001233
v -0.027755 -0.013609 0.007040
v -0.025128 -0.014349 0.005590
v 0.110092 0.013947 0.037692
v -0.031100 -0.015241 -0.003149
v 0.034886 0.007169 0.000233
v 0.030989 0.006567 0.002224
v -0.050572 -0.005489 -0.002095
v -0.047268 0.006379 0.005421
v -0.055704 -0.011389 0.002651
v -0.060290 -0.009445 0.001325
v -0.065178 -0.002404 -0.001594
v -0.065469 0.000123 -0.000823
v -0.050643 0.007024 -0.003133
v 0.035212 0.006186 -0.004747
v 0.030273 0.007134 -0.001366
v -0.062777 0.003259 -0.002569
v -0.054880 0.002493 0.007633
v -0.051861 -0.003411 -0.004741
v 0.155421 -0.021464 0.005990
v -0.063576 0.002281 0.000782
v 0.185390 0.010360 0.015315
v -0.048242 0.007778 -0.001723
v 0.142916 -0.021145 0.005316
v -0.041095 0.008410 -0.002376
v -0.057023 0.007187 -0.000724
v -0.051650 0.007558 0.001861
v -0.056280 0.001242 -0.007971
v -0.050887 0.007596 -0.000243
v -0.054826 0.006833 0.003545
v 0.040177 0.007440 -0.001855
v -0.050552 0.007574 0.003475
v -0.043417 0.008604 0.001311
v 0.039524 0.005745 0.004044
v -0.045781 -0.006185 -0.002407
v -0.047249 -0.006622 -0.003755
v 0.192568 0.010621 0.020703
v 0.194458 0.011011 0.019014
v 0.219137 -0.008577 0.003723
v 0.038819 0.007626 0.000501
v 0.086925 0.009339 0.023539
v 0.047873 0.007272 0.002318
v -0.016222 0.009672 -0.003841
v -0.034492 -0.015324 -0.001830
v 0.034774 0.004987 0.004011
v -0.009879 0.010205 -0.001858
v 0.046154 0.005809 0.004665
v 0.038985 0.006800 -0.003021
v 0.109901 0.012188 0.026288
v 0.083405 0.019523 0.072925
v 0.110099 0.012955 0.030226
v 0.187210 0.016742 0.044667
v 0.117572 0.013921 0.045441
v 0.107962 0.013207 0.028916
v -0.040357 0.006577 0.005878
v 0.087565 0.010081 0.021048
v -0.013646 0.010171 -0.002250
v 0.087892 0.011800 0.023914
v -0.014730 0.009547 0.002921
v 0.043230 0.005679 -0.005206
v -0.015253 -0.016524 -0.001357
v -0.012463 -0.016020 -0.001877
v -0.062341 0.003718 0.000157
v -0.038130 -0.015142 -0.000779
v -0.024132 -0.015508 -0.004402
v -0.013854 -0.016195 0.001287
v -0.060551 0.005259 -0.000569
v -0.038858 0.009019 -0.000179
v -0.005803 0.009791 -0.002790
v -0.024176 -0.000686 0.010325
v -0.023317 -0.013235 -0.008274
v 0.208708 -0.020683 0.022452
v -0.020910 -0.012842 -0.007898
v -0.031602 0.009164 0.002323
v 0.202871 0.010857 0.021827
v 0.204248 0.012274 0.026005
v -0.053481 0.007540 0.000740
v -0.020938 0.009532 -0.004101
v -0.016883 -0.016364 0.000709
v -0.024014 -0.009611 0.010727
v -0.006063 0.009978 0.000239
v -0.007540 0.009132 0.003746
v 0.036760 -0.008681 0.008860
v 0.028551 -0.013180 -0.002507
v 0.095120 0.018975 0.067488
v 0.009166 0.008113 -0.002560
v 0.114339 0.011211 0.028601
v -0.035196 0.009207 0.001882
v 0.215822 -0.020392 0.026342
v 0.006169 0.008952 -0.001071
v 0.003133 0.008949 -0.002609
v 0.197753 -0.020999 0.021144
v 0.017863 0.006738 -0.002951
v -0.001938 0.009073 -0.004017
v 0.015191 0.007696 -0.000913
v 0.079081 0.011986 0.008196
v 0.087088 0.013209 0.005792
v 0.020292 0.007253 -0.001295
v 0.009101 0.007299 -0.004514
v 0.052500 0.006728 0.001848
v 0.054537 0.006021 0.000240
v 0.022939 0.006805 -0.001715
v -0.011948 0.010105 0.000461
v -0.012041 0.008117 0.005942
v 0.085010 0.013517 0.008860
v 0.018542 0.007229 0.000730
v -0.018831 0.004187 0.009680
v -0.012499 0.005614 0.009206
v 0.098944 0.014233 0.037385
v 0.020197 0.005963 0.003555
v 0.162704 -0.021981 0.047738
v 0.052251 0.006013 0.004481
v -0.000960 0.007499 0.005628
v 0.010746 0.008221 -0.000228
v 0.098315 0.012181 0.022007
v 0.047422 -0.004551 0.011020
v 0.053284 -0.014108 -0.000096
v 0.064899 -0.002930 0.013857
v 0.111197 0.013493 0.009988
v 0.051758 0.004094 0.007122
v 0.026714 0.005436 0.004060
v 0.028941 0.002297 0.007546
v 0.042722 -0.009505 -0.008304
v 0.081563 0.013108 0.012453
v 0.079236 -0.005851 0.037491
v 0.077414 -0.004121 0.040129
v 0.033232 -0.013834 -0.001053
v 0.083218 0.006292 0.023338
v 0.033717 -0.009384 -0.008110
v 0.047391 -0.014861 -0.000509
v 0.049848 -0.014137 -0.003891
v 0.050064 -0.014696 -0.001291
v 0.047665 -0.014336 -0.002581
v 0.040315 -0.014143 -0.002419
v 0.083591 0.006056 0.038545
v 0.125395 0.013011 0.013440
v 0.037677 -0.012553 -0.004947
v 0.200682 -0.020130 0.021895
v 0.042388 -0.013699 -0.002484
v 0.024135 -0.005898 -0.009511
v 0.148700 -0.021830 0.006754
v 0.041539 -0.014405 0.000039
v 0.045329 -0.014593 0.002242
v 0.038914 -0.014102 0.002225
v 0.050483 -0.014465 0.001804
v 0.081747 0.013383 0.009531
v 0.016833 -0.009943 0.012426
v 0.031695 0.004362 0.005284
v 0.035020 -0.007876 -0.009420
v 0.051555 0.000991 0.010058
v 0.058139 0.003011 0.010046
v 0.057542 -0.000978 0.012785
v -0.017937 0.008128 0.005615
v 0.079893 0.004341 0.022358
v 0.079741 0.000639 0.025976
v 0.095617 0.013929 0.010555
v 0.082489 0.001738 0.028040
v 0.026272 -0.003124 0.010559
v 0.038279 -0.014161 -0.000754
v 0.040106 -0.012821 0.004033
v 0.087723 0.016611 0.063834
v -0.002346 0.009608 -0.001255
v 0.005002 -0.001664 0.013157
v 0.064422 -0.009415 0.012800
v 0.015541 -0.014447 0.001229
v 0.018189 -0.014060 0.001774
v 0.078465 0.012200 0.072558
v 0.009951 -0.015154 0.000500
v 0.093144 0.013349 0.006749
v 0.000017 -0.015937 -0.001982
v 0.002313 -0.015393 -0.001093
v 0.012812 -0.013744 -0.002680
v 0.014255 -0.001372 0.010210
v 0.099363 0.012178 0.004981
v 0.024899 -0.014028 -0.001239
v 0.024241 -0.013459 -0.002338
v 0.032350 -0.012208 -0.005004
v 0.035566 -0.014357 0.000737
v 0.097843 0.011760 0.004560
v 0.026747 -0.013644 -0.000655
v 0.075327 0.004605 0.066742
v 0.020522 -0.014092 0.000002
v 0.028706 -0.014146 0.000115
v 0.091983 0.013540 0.009581
v 0.026782 -0.013769 0.001195
v 0.016608 -0.013283 0.003934
v 0.101901 0.012006 0.004775
v 0.087517 0.001973 0.078198
v 0.044434 -0.009767 -0.008895
v 0.012785 -0.014407 -0.000269
v 0.007849 -0.014980 -0.001909
v 0.106555 0.012549 0.027178
v -0.001477 -0.015929 0.000610
v 0.100432 0.011473 0.023166
v -0.029443 0.009597 -0.002875
v 0.206458 0.012240 0.003344
v 0.074726 0.009781 0.007647
v -0.004388 -0.016139 -0.002357
v 0.075206 0.005799 0.017526
v 0.003575 -0.015647 0.000688
v 0.002282 -0.014906 -0.003367
v -0.015904 -0.014809 -0.005480
v 0.078638 0.004720 0.053831
v 0.106180 0.011645 0.024112
v -0.022433 -0.015791 0.007314
v -0.037147 0.008570 0.004707
v -0.023878 0.009804 -0.003628
v -0.008100 -0.010471 -0.010395
v 0.078854 -0.002709 0.037774
v 0.178169 0.016006 0.048822
v 0.019328 -0.013706 -0.001978
v 0.079760 -0.000595 0.039893
v 0.083392 0.004600 0.032800
v -0.020448 -0.016457 0.000174
v -0.022292 -0.014970 0.003488
v 0.001297 -0.015933 0.001710
v 0.006564 -0.015094 0.001281
v 0.036702 -0.012578 0.004342
v 0.031173 -0.011870 0.005846
v 0.031814 -0.013965 0.001806
v 0.085603 0.006855 0.029503
v 0.024141 -0.013980 0.001398
v 0.031937 -0.009658 -0.007772
v -0.020696 -0.014793 0.005704
v 0.009539 -0.014448 0.003186
v 0.077433 -0.014942 0.074606
v 0.026893 -0.013438 0.003665
v 0.025485 -0.012066 0.007813
v 0.080855 -0.018590 0.048928
v 0.083823 -0.019074 0.030307
v 0.082997 -0.016806 0.032680
v 0.157518 0.013474 0.005709
v 0.089901 -0.019445 0.066989
v 0.170331 0.013514 0.045212
v 0.093208 -0.006680 0.079321
v 0.172521 0.014258 0.040768
v 0.085517 -0.019942 0.074704
v 0.084463 -0.018011 0.027557
v 0.092501 -0.020480 0.065206
v 0.187131 0.011642 0.021678
v 0.077550 -0.012786 0.017764
v 0.077784 -0.018663 0.003663
v 0.219694 0.013513 0.031344
v 0.081641 -0.019646 0.004477
v 0.086644 -0.020752 0.007493
v 0.081274 -0.018741 0.003028
v 0.113331 0.010204 0.022930
v 0.196601 0.020276 0.053628
v 0.083723 -0.019886 0.005021
v 0.082728 -0.017356 0.002063
v 0.090465 -0.020119 0.004901
v 0.072191 -0.014775 0.000996
v 0.075972 -0.016649 0.002111
v 0.211233 0.010613 0.004736
v 0.058818 -0.012021 -0.001081
v 0.074831 -0.017732 0.004276
v 0.097411 0.013834 0.011563
v 0.066707 -0.014290 0.004478
v 0.072441 -0.013416 0.012503
v 0.086421 -0.019817 0.004234
v 0.069170 -0.015182 0.002707
v 0.080822 0.008982 0.056964
v 0.060191 -0.010116 -0.002699
v 0.060471 -0.007137 -0.004528
v 0.195510 0.012225 0.012683
v 0.057780 -0.005366 -0.006593
v 0.065734 -0.002343 -0.004023
v 0.058322 -0.003019 -0.006610
v 0.061955 -0.011568 -0.000479
v 0.056600 -0.007302 -0.006575
v 0.074174 -0.011405 -0.000359
v 0.064820 -0.007509 -0.003131
v 0.089928 -0.006680 0.003007
v 0.073157 -0.013104 0.000494
v 0.200643 0.010378 0.022981
v 0.072774 -0.005677 -0.002780
v 0.069895 -0.007669 -0.002719
v 0.080013 -0.011760 -0.000074
v 0.083776 -0.015424 0.001640
v 0.064237 -0.012047 0.000366
v 0.065369 -0.005293 -0.003928
v 0.206062 0.010977 0.002148
v 0.084473 0.006248 0.025575
v 0.084866 0.006800 0.024258
v 0.084271 0.004369 0.030036
v 0.077412 -0.006602 0.042513
v 0.077908 -0.019453 0.005889
v 0.074266 -0.017662 0.006902
v 0.077899 0.002273 0.055752
v 0.080784 -0.005115 0.031923
v 0.080479 -0.005383 0.034355
v 0.080889 -0.006761 0.032773
v 0.081090 -0.014756 0.039139
v 0.224104 -0.001506 0.021196
v 0.081585 -0.009504 0.032594
v 0.080568 -0.007404 0.029990
v 0.221529 -0.010720 0.017590
v 0.221102 -0.008840 0.012770
v 0.075249 -0.003397 0.022524
v 0.074448 -0.006097 0.055958
v 0.078875 -0.001099 0.043298
v 0.070962 -0.005009 0.070342
v 0.219155 0.001590 0.002627
v 0.073482 -0.000397 0.074495
v 0.074165 0.006090 0.073646
v 0.200064 0.009517 0.018060
v 0.072678 0.001827 0.071835
v 0.074898 0.000527 0.062248
v 0.104586 0.013417 0.036592
v 0.079991 0.014204 0.071437
v 0.079890 0.015620 0.073883
v 0.084396 0.007568 0.037462
v 0.084150 0.008029 0.035632
v 0.080387 -0.012815 0.041805
v 0.077049 0.004063 0.060696
v 0.079525 -0.015214 0.052123
v 0.073030 -0.005237 0.060270
v 0.076907 -0.007168 0.046420
v 0.083750 0.007709 0.040819
v 0.084265 -0.018855 0.039606
v 0.066360 -0.009307 -0.002007
v 0.074092 -0.011824 0.068183
v 0.073152 -0.010409 0.073221
v 0.077134 -0.002993 0.043512
v 0.077529 0.011622 0.073981
v 0.078656 0.013319 0.074166
v 0.084823 0.007332 0.031635
v 0.066907 -0.011627 0.011111
v 0.069730 -0.007657 0.016116
v 0.188197 -0.021634 0.027498
v 0.185591 -0.021070 0.028911
v 0.056860 -0.013133 0.000371
v 0.083956 -0.018597 0.002984
v 0.071347 -0.016420 0.004709
v 0.075954 -0.006560 0.050392
v 0.166526 0.012301 0.033666
v 0.168835 0.013068 0.033417
v 0.087298 0.012100 0.029123
v 0.086354 0.009829 0.026576
v 0.069089 -0.013490 0.000913
v 0.086111 0.012834 0.036056
v 0.074758 0.001632 0.020294
v 0.054053 -0.012479 0.004571
v 0.063086 -0.008924 -0.002728
v 0.099688 0.012922 0.013767
v 0.078211 0.002560 0.052299
v 0.062528 -0.010878 0.010220
v 0.058891 -0.011540 0.007160
v 0.078959 -0.015336 0.000852
v 0.081925 -0.010703 0.029114
v 0.095963 0.013358 0.009205
v 0.080040 -0.019686 0.004451
v 0.085682 -0.017974 0.003017
v 0.068864 -0.015348 0.004825
v 0.070887 -0.012431 0.000177
v 0.207603 0.012436 0.005114
v 0.078324 -0.019089 0.010014
v 0.076480 -0.018017 0.009298
v 0.089447 -0.018939 0.003542
v 0.087393 -0.016822 0.003116
v 0.081484 -0.017601 0.016419
v 0.203644 0.012217 0.003076
v 0.080964 -0.020275 0.012514
v 0.089502 -0.020732 0.006242
v 0.088877 -0.019018 0.015858
v 0.084733 -0.016672 0.023728
v 0.202773 -0.019700 0.019599
v 0.205101 0.013105 0.010405
v 0.088046 -0.018955 0.017527
v 0.085545 -0.019578 0.015058
v 0.085368 -0.018711 0.032681
v 0.091346 -0.018902 0.018099
v 0.085109 -0.019523 0.042023
v 0.078781 -0.008965 0.044773
v 0.098947 0.012179 0.025848
v 0.080099 -0.012555 0.045014
v 0.076681 -0.013484 0.063199
v 0.084188 -0.016515 0.025844
v 0.114634 0.010967 0.026007
v 0.084350 0.013607 0.011400
v 0.082575 -0.015637 0.021387
v 0.215615 0.012841 0.029176
v 0.212485 0.012295 0.026917
v 0.085786 -0.017386 0.018678
v 0.219789 -0.000873 0.002795
v 0.084146 -0.020900 0.010422
v 0.096909 0.011841 0.024152
v 0.086791 -0.014838 0.002597
v 0.213955 0.008615 0.004474
v 0.094378 0.011853 0.025562
v 0.090636 -0.019342 0.031291
v 0.088372 0.013917 0.012436
v 0.083424 -0.015963 0.024244
v 0.079407 -0.007296 0.027327
v 0.082267 -0.013942 0.026286
v 0.069869 -0.010419 -0.001068
v 0.091033 -0.017155 0.003015
v 0.077237 -0.019023 0.008001
v 0.061474 -0.012773 0.004585
v 0.089057 -0.015398 0.003138
v 0.088544 -0.012410 0.003091
v 0.084542 0.009423 0.039327
v 0.112950 -0.018214 0.020794
v 0.084289 0.007246 0.039330
v 0.118468 -0.020489 0.049881
v 0.105744 0.011131 0.023345
v 0.187508 0.011670 0.001996
v 0.105082 0.012398 0.030500
v 0.094001 0.013786 0.010059
v 0.115151 -0.019638 0.028491
v 0.106146 0.011534 0.021723
v 0.107014 0.012257 0.023629
v 0.117668 -0.020224 0.052698
v 0.124543 -0.021309 0.015180
v 0.228640 -0.019249 0.040161
v 0.211448 -0.020204 0.025116
v 0.213680 -0.020519 0.027854
v 0.179612 -0.020312 0.017879
v 0.144365 0.012573 0.004420
v 0.105094 0.011927 0.025448
v 0.177578 -0.020399 0.019766
v 0.149285 0.013335 0.008400
v 0.163359 -0.021453 0.005177
v 0.144766 -0.020866 0.042743
v 0.106789 0.013509 0.033401
v 0.155675 -0.020879 0.004066
v 0.178462 -0.021015 0.026849
v 0.148292 0.012149 0.003892
v 0.176583 -0.020658 0.022671
v 0.165149 -0.023114 0.067900
v 0.079523 0.012380 0.010797
v 0.170734 -0.021396 0.034427
v 0.174167 0.012340 0.032482
v 0.194795 -0.021151 0.023576
v 0.117646 0.011715 0.021043
v 0.185986 -0.021258 0.025423
v 0.114510 0.010315 0.018905
v 0.181897 -0.019662 0.022008
v 0.180837 -0.020331 0.024693
v 0.190897 -0.020446 0.023434
v 0.091370 0.012203 0.015761
v 0.182123 -0.019673 0.019449
v 0.183754 -0.022239 0.005535
v 0.079438 -0.004531 0.028150
v 0.098146 0.013622 0.009556
v 0.220109 -0.010917 0.014802
v 0.095490 0.017686 0.072689
v 0.121893 0.017985 0.072645
v 0.119247 0.018084 0.073233
v 0.082132 0.007792 0.044991
v 0.150902 -0.022431 0.065740
v 0.176344 0.013407 0.004591
v 0.178647 -0.020962 0.039871
v 0.178627 -0.021121 0.044106
v 0.118537 -0.019583 0.021831
v 0.087116 0.013502 0.034593
v 0.129860 -0.022002 0.052527
v 0.137274 -0.020889 0.049584
v 0.114258 0.017934 0.074001
v 0.110302 0.014285 0.077385
v 0.153114 -0.023148 0.067347
v 0.154721 -0.023591 0.071002
v 0.075399 0.008859 0.072507
v 0.172667 0.014793 0.070615
v 0.177369 -0.023284 0.068540
v 0.172591 -0.022052 0.072675
v 0.136407 -0.022214 0.060123
v 0.098635 0.012233 0.023852
v 0.149240 -0.021740 0.062988
v 0.151821 -0.022454 0.059351
v 0.158498 -0.021977 0.055080
v 0.134193 0.011169 0.025928
v 0.112224 0.011043 0.026927
v 0.099481 0.013037 0.005606
v 0.143130 0.012319 0.036596
v 0.133417 -0.018744 0.028638
v 0.151842 -0.020729 0.031038
v 0.145576 -0.020418 0.028287
v 0.100300 0.010660 0.003913
v 0.132657 -0.021946 0.010927
v 0.134539 -0.019256 0.027329
v 0.115889 0.011911 0.030582
v 0.122104 0.013383 0.034778
v 0.130669 0.011979 0.026297
v 0.127607 0.012397 0.024668
v 0.097194 0.011615 0.019582
v 0.101862 0.011747 0.026541
v 0.103918 0.012169 0.028374
v 0.121920 0.013337 0.006086
v 0.118086 0.013206 0.005694
v 0.169522 -0.023051 0.069825
v 0.124399 0.013398 0.010739
v 0.109706 0.013435 0.007028
v 0.137506 -0.019789 0.003105
v 0.160066 -0.021727 0.006081
v 0.148488 -0.020287 0.020836
v 0.145979 -0.020362 0.023853
v 0.103305 0.013189 0.005884
v 0.134294 -0.019619 0.030067
v 0.061262 -0.004115 -0.005193
v 0.131705 -0.018637 0.026897
v 0.105540 0.013539 0.007398
v 0.123977 -0.019740 0.027876
v 0.176144 0.012261 0.023940
v 0.085501 0.009107 0.029266
v 0.109249 0.012341 0.023478
v 0.112391 -0.019391 0.030360
v 0.129371 -0.018163 0.003426
v 0.104377 0.012413 0.004832
v 0.043637 0.003829 -0.007247
v 0.113986 -0.018573 0.018146
v 0.111506 -0.018312 0.018714
v 0.122436 -0.020448 0.016336
v 0.131351 0.013224 0.012726
v 0.119111 -0.019999 0.015282
v 0.088578 0.011432 0.018498
v 0.129262 -0.019887 0.023651
v 0.126682 -0.018240 0.003540
v 0.125171 -0.019341 0.003813
v 0.126481 -0.020278 0.004564
v 0.131458 -0.019950 0.003396
v 0.152318 -0.020249 0.022443
v 0.147530 -0.020959 0.004990
v 0.143431 -0.020225 0.003023
v 0.140867 -0.019714 0.003062
v 0.128112 -0.019454 0.003923
v 0.146391 -0.020503 0.002896
v 0.123634 -0.018306 0.003277
v 0.130574 -0.021451 0.006217
v 0.124206 -0.020398 0.004257
v 0.121026 0.011446 0.020417
v 0.129537 -0.020533 0.004673
v 0.086401 0.009397 0.021533
v 0.127490 -0.020938 0.005628
v 0.113677 -0.016729 0.003399
v 0.100550 -0.018207 0.003067
v 0.096303 0.011321 0.021785
v 0.116347 -0.019161 0.003613
v 0.114417 -0.020160 0.004417
v 0.108661 -0.018434 0.003227
v 0.104365 -0.017847 0.022025
v 0.116563 -0.020275 0.004876
v 0.130602 0.010532 0.019125
v 0.120026 -0.019739 0.003739
v 0.118789 -0.020772 0.005598
v 0.157534 -0.021062 0.032415
v 0.162973 -0.020708 0.031314
v 0.124967 -0.020858 0.005155
v 0.136032 -0.021712 0.005921
v 0.148764 -0.021017 0.031384
v 0.148117 -0.020821 0.026637
v 0.107576 0.013405 0.009099
v 0.111692 -0.018924 0.027253
v 0.022121 0.002535 0.007165
v 0.136730 -0.020905 0.004687
v 0.139381 -0.021709 0.006990
v 0.082923 0.006480 0.039928
v 0.122180 -0.021135 0.005449
v 0.122914 -0.019819 0.003907
v 0.083888 0.009700 0.042567
v 0.075844 -0.011086 0.060784
v 0.131552 0.012388 0.004305
v 0.126575 -0.021500 0.008609
v 0.130733 0.012940 0.005118
v 0.112502 -0.019413 0.003953
v 0.106838 0.012323 0.004761
v 0.125227 -0.021460 0.006542
v 0.094893 -0.018507 0.019589
v 0.139731 -0.021631 0.050585
v 0.134655 -0.021724 0.007687
v 0.114522 -0.021406 0.009899
v 0.130228 -0.021450 0.008379
v 0.096032 -0.016824 0.002579
v 0.109297 0.012695 0.005356
v 0.100600 0.009518 0.077639
v 0.114226 -0.020304 0.005531
v 0.107034 0.013304 0.005879
v 0.115629 -0.021330 0.007111
v 0.117432 0.011186 0.003525
v 0.104172 -0.020081 0.004443
v 0.107152 -0.019952 0.004253
v 0.101409 -0.020166 0.005188
v 0.106412 -0.020395 0.005815
v 0.109979 -0.020137 0.004188
v 0.092292 -0.014265 0.002562
v 0.096906 -0.019179 0.003606
v 0.098860 -0.019850 0.004584
v 0.134966 0.011877 0.027922
v 0.093080 -0.019793 0.004204
v 0.111900 -0.021075 0.006389
v 0.040899 -0.012483 -0.006027
v 0.104259 -0.018889 0.003458
v 0.091758 -0.020587 0.006331
v 0.200533 0.009570 0.020875
v 0.101171 -0.019497 0.003794
v 0.095913 -0.019986 0.005358
v 0.094855 0.011602 0.023059
v 0.096334 -0.020719 0.007149
v 0.103592 -0.020320 0.006048
v 0.098656 -0.020152 0.006263
v 0.109383 -0.020448 0.005389
v 0.189975 0.010404 0.021232
v 0.078554 -0.018504 0.071896
v 0.118315 -0.019784 0.025958
v 0.115026 -0.019111 0.023414
v 0.087355 -0.019219 0.030512
v 0.183006 0.013500 0.035525
v 0.092898 -0.020044 0.005599
v 0.144739 0.012100 0.033274
v 0.117123 -0.020094 0.040694
v 0.151325 -0.013651 0.077540
v 0.153182 -0.023111 0.073289
v 0.157659 -0.018520 0.075407
v 0.190645 0.016803 0.042690
v 0.085614 0.007679 0.025426
v 0.085693 0.007984 0.027684
v 0.111072 -0.018943 0.032250
v 0.161677 0.011531 0.030693
v 0.111873 -0.021362 0.008749
v 0.110520 -0.019031 0.029913
v 0.105592 -0.019608 0.043749
v 0.192243 0.012829 0.029877
v 0.194062 0.012639 0.028943
v 0.107826 -0.019498 0.031058
v 0.183018 0.011056 0.018960
v 0.181338 0.010096 0.016866
v 0.110300 -0.020212 0.034984
v 0.133123 0.011184 0.027081
v 0.115238 0.014545 0.049808
v 0.121253 -0.018922 0.019656
v 0.107871 -0.019893 0.041757
v 0.108574 -0.020332 0.039382
v 0.089409 -0.018951 0.023055
v 0.109336 -0.019434 0.028473
v 0.107366 -0.018784 0.020362
v 0.118703 -0.019200 0.018749
v 0.102758 -0.021364 0.011005
v 0.107361 -0.020194 0.048170
v 0.105086 -0.019221 0.028619
v 0.108928 -0.020200 0.045510
v 0.096516 0.012296 0.027538
v 0.098177 -0.020924 0.008690
v 0.096841 -0.018681 0.021853
v 0.136010 -0.019425 0.020285
v 0.086231 -0.017179 0.021844
v 0.103704 -0.019371 0.031850
v 0.102927 -0.019597 0.035621
v 0.111914 -0.020930 0.040803
v 0.116629 -0.020241 0.043718
v 0.088526 -0.019005 0.027141
v 0.109632 -0.020468 0.042609
v 0.105708 -0.018505 0.017680
v 0.143034 -0.020351 0.029953
v 0.102807 -0.019169 0.018013
v 0.090337 -0.020132 0.036800
v 0.104862 -0.021216 0.008086
v 0.113232 0.012521 0.013868
v 0.083564 0.004317 0.026339
v 0.095557 -0.020967 0.009853
v 0.138954 -0.019973 0.023444
v 0.086734 -0.019796 0.038421
v 0.084601 -0.019081 0.036287
v 0.105952 -0.019634 0.035537
v 0.079781 0.001018 0.042676
v 0.172142 0.010951 0.020488
v 0.105175 -0.021118 0.010986
v 0.106638 -0.021073 0.012767
v 0.164871 0.012621 0.035305
v 0.118120 -0.019942 0.034489
v 0.086103 -0.018345 0.025146
v 0.142642 -0.019301 0.024871
v 0.095465 -0.019833 0.043643
v 0.136168 0.011807 0.025112
v 0.175079 0.013774 0.039353
v 0.137779 -0.021629 0.009380
v 0.103912 -0.018375 0.026142
v 0.098509 -0.020357 0.051818
v 0.085632 -0.018560 0.030218
v 0.079975 -0.019274 0.069269
v 0.087464 -0.019690 0.034081
v 0.097567 -0.020377 0.047202
v 0.222555 0.020330 0.059076
v 0.170927 -0.019589 0.024246
v 0.125471 0.010894 0.020326
v 0.094363 -0.020966 0.066710
v 0.077741 -0.016447 0.068930
v 0.094486 -0.019771 0.050915
v 0.092762 -0.020104 0.061613
v 0.132425 0.013347 0.039260
v 0.123871 0.011023 0.021331
v 0.078374 -0.002493 0.040845
v 0.093908 -0.019417 0.047201
v 0.072516 -0.016330 0.002821
v 0.092162 -0.020609 0.070166
v 0.087092 -0.019943 0.065851
v 0.121594 -0.021853 0.062474
v 0.081717 -0.018055 0.074446
v 0.091032 0.013076 0.026689
v 0.143653 -0.022728 0.066060
v 0.094036 0.012601 0.028379
v 0.095656 -0.021246 0.064136
v 0.085497 0.012579 0.059209
v 0.133415 -0.018259 0.022233
v 0.094648 -0.021118 0.068914
v 0.110735 0.010913 0.022918
v 0.152151 0.007917 0.075058
v 0.137299 0.012750 0.074017
v 0.134799 -0.005404 0.076093
v 0.078470 -0.009505 0.048012
v 0.131650 -0.018455 0.023965
v 0.155000 -0.020355 0.025382
v 0.146612 -0.019490 0.017311
v 0.149004 -0.021222 0.037577
v 0.114572 -0.019856 0.033467
v 0.149290 0.011734 0.023846
v 0.149690 0.010180 0.020795
v 0.152336 0.010006 0.020543
v 0.116632 -0.019572 0.036458
v 0.089333 -0.020441 0.071761
v 0.103710 -0.020043 0.049572
v 0.103840 0.010466 0.022635
v 0.100788 -0.020083 0.054489
v 0.149365 -0.022254 0.067556
v 0.100901 -0.021241 0.066895
v 0.152142 0.010905 0.023643
v 0.117799 0.012103 0.027204
v 0.086755 0.012189 0.004788
v 0.123599 0.012273 0.025808
v 0.081956 0.004889 0.039420
v 0.090955 -0.019880 0.074732
v 0.091854 -0.019266 0.054398
v 0.117239 -0.020993 0.062675
v 0.118876 0.011820 0.004214
v 0.145296 -0.021527 0.051460
v 0.120840 0.012602 0.004999
v 0.133926 0.010388 0.024068
v 0.160558 -0.022974 0.059789
v 0.155839 -0.021827 0.058027
v 0.120424 -0.021658 0.069336
v 0.108402 -0.021509 0.010803
v 0.088233 -0.018499 0.019886
v 0.134516 -0.021283 0.053695
v 0.085345 0.005937 0.027517
v 0.118609 -0.019816 0.030581
v 0.120821 0.013477 0.010432
v 0.077121 -0.017092 0.012555
v 0.119828 -0.021478 0.065248
v 0.117028 -0.020419 0.055155
v 0.119100 0.013248 0.008091
v 0.074947 -0.004350 0.052791
v 0.098078 -0.020742 0.069007
v 0.132233 -0.022337 0.070677
v 0.105451 0.015783 0.071923
v 0.102926 0.015160 0.072180
v 0.104415 -0.020806 0.067643
v 0.107737 0.015950 0.072331
v 0.117391 -0.020012 0.038508
v 0.104674 -0.020459 0.014285
v 0.109374 -0.019324 0.015811
v 0.127962 0.011020 0.018703
v 0.207571 -0.021191 0.015439
v 0.159000 -0.023148 0.070936
v 0.127798 -0.019123 0.073435
v 0.092830 -0.020139 0.057952
v 0.108629 -0.020020 0.072699
v 0.115742 -0.021580 0.066072
v 0.129868 -0.019978 0.030100
v 0.132020 -0.019010 0.029573
v 0.114190 -0.021283 0.069262
v 0.155284 -0.019748 0.016870
v 0.110642 -0.021537 0.067099
v 0.110143 -0.020630 0.048674
v 0.207187 -0.023563 0.067871
v 0.210408 -0.022983 0.068812
v 0.119415 0.012072 0.024866
v 0.108534 -0.021057 0.064065
v 0.072014 -0.008927 0.070058
v 0.228606 0.019283 0.069519
v 0.230962 0.014515 0.068583
v 0.215875 0.017577 0.070858
v 0.071629 -0.002989 0.067112
v 0.131946 -0.019568 0.032028
v 0.239652 0.010440 0.058719
v 0.074617 -0.013341 0.069547
v 0.074894 -0.014222 0.071029
v 0.117302 0.013817 0.010504
v 0.214952 -0.022583 0.054722
v 0.240618 0.009746 0.060333
v 0.197392 0.022705 0.066511
v 0.128029 0.012411 0.014815
v 0.239759 0.011184 0.062286
v 0.156734 0.010844 0.018133
v 0.237225 0.015107 0.064771
v 0.199760 0.023413 0.066783
v 0.220652 0.018651 0.053501
v 0.218883 0.020228 0.055258
v 0.131008 0.011416 0.016182
v 0.217896 0.019016 0.052011
v 0.219864 0.018015 0.051701
v 0.124678 -0.020066 0.032045
v 0.221764 0.019501 0.056598
v 0.142649 0.010477 0.015565
v 0.205589 0.022551 0.064915
v 0.207715 0.023194 0.066897
v 0.214566 0.019030 0.051111
v 0.208838 0.019318 0.049838
v 0.125465 0.011778 0.022680
v 0.214232 0.018534 0.047372
v 0.216425 0.017649 0.046399
v 0.117305 0.011516 0.016968
v 0.096884 0.013571 0.033023
v 0.206697 0.017520 0.043799
v 0.206379 0.018795 0.048588
v 0.137415 0.013448 0.006146
v 0.172373 0.015869 0.072546
v 0.127087 0.011801 0.021585
v 0.168656 0.015348 0.072876
v 0.129113 0.013459 0.006659
v 0.216563 0.014377 0.037838
v 0.132429 0.010525 0.024763
v 0.224522 0.016916 0.048866
v 0.126901 0.013321 0.008621
v 0.187352 0.015352 0.040006
v 0.130135 0.014383 0.042830
v 0.152416 -0.019619 0.024793
v 0.222023 0.017145 0.051266
v 0.208782 0.022397 0.063505
v 0.212776 -0.021450 0.042702
v 0.207418 0.012704 0.007924
v 0.206882 -0.020550 0.034970
v 0.209581 0.017610 0.042343
v 0.209223 0.018086 0.046188
v 0.171282 0.013880 0.063368
v 0.211934 0.017786 0.044968
v 0.203642 0.019236 0.051774
v 0.204724 0.021978 0.062481
v 0.206245 0.021368 0.059921
v 0.139957 0.011917 0.013874
v 0.137559 0.012461 0.033486
v 0.198965 0.020287 0.054859
v 0.132738 0.012183 0.028893
v 0.139320 -0.021166 0.039270
v 0.123745 0.013424 0.036653
v 0.197602 0.021293 0.057614
v 0.190007 0.018760 0.053191
v 0.151321 0.010380 0.022866
v 0.215180 0.013207 0.032626
v 0.172522 -0.019581 0.022012
v 0.174311 -0.020477 0.018960
v 0.218916 0.009372 0.021737
v 0.199700 0.016201 0.040397
v 0.165945 0.013401 0.039357
v 0.111884 0.013445 0.039155
v 0.209584 0.012549 0.027919
v 0.200613 0.015710 0.036755
v 0.137014 0.010953 0.018446
v 0.223301 0.015941 0.045131
v 0.195821 0.021497 0.062784
v 0.120401 0.014572 0.052463
v 0.090322 0.014498 0.077831
v 0.221101 0.011468 0.027698
v 0.210471 0.011271 0.007747
v 0.209396 0.014902 0.034569
v 0.212832 0.015157 0.037137
v 0.133518 0.010421 0.018439
v 0.207535 0.012106 0.025106
v 0.206113 0.011252 0.022162
v 0.217100 0.012624 0.026173
v 0.132974 0.013466 0.006571
v 0.110425 0.017307 0.069139
v 0.122338 0.012945 0.013209
v 0.217154 0.009150 0.019225
v 0.210158 0.012017 0.024759
v 0.231021 0.016077 0.048769
v 0.227307 0.016696 0.046668
v 0.218795 0.012082 0.025259
v 0.218995 0.013067 0.028497
v 0.128797 0.014268 0.038178
v 0.207069 0.012952 0.028123
v 0.136621 0.010346 0.002977
v 0.208497 0.014035 0.031005
v 0.215470 0.009611 0.017456
v 0.108684 0.016252 0.066686
v 0.129585 0.011957 0.004079
v 0.194178 0.018250 0.045421
v 0.212445 0.013515 0.031970
v 0.146212 0.012113 0.025299
v 0.233310 -0.015973 0.057495
v 0.233280 -0.007419 0.062946
v 0.214272 -0.021440 0.032759
v 0.218056 -0.021587 0.039552
v 0.225667 0.011451 0.038459
v 0.119086 0.017535 0.070053
v 0.200492 0.010398 0.015005
v 0.203738 0.011682 0.013366
v 0.210236 -0.020102 0.022747
v 0.217623 -0.020948 0.025125
v 0.219502 -0.009455 0.006370
v 0.219987 -0.020959 0.038092
v 0.122955 0.013235 0.008300
v 0.234127 -0.018858 0.051442
v 0.093732 0.018827 0.064933
v 0.107549 0.015701 0.073506
v 0.233138 -0.021199 0.053298
v 0.096323 -0.020973 0.067069
v 0.231425 -0.022222 0.049328
v 0.109945 0.015711 0.057194
v 0.120164 0.012165 0.015611
v 0.112038 0.015996 0.060418
v 0.238619 0.005807 0.064726
v 0.236188 0.010345 0.066133
v 0.153247 -0.021471 0.036982
v 0.227557 0.003666 0.067854
v 0.124326 0.011448 0.016975
v 0.208314 -0.020804 0.002591
v 0.198289 -0.021873 0.013893
v 0.193167 -0.021534 0.014609
v 0.208459 -0.021013 0.035423
v 0.208106 -0.020556 0.030269
v 0.178630 0.010044 0.021498
v 0.101531 0.015647 0.074147
v 0.180183 0.010074 0.023266
v 0.216967 -0.020522 0.020879
v 0.081757 -0.018064 0.036602
v 0.079006 0.001017 0.045442
v 0.221443 0.013396 0.033588
v 0.220371 0.014585 0.037746
v 0.073376 -0.007706 0.062265
v 0.217839 0.013206 0.033460
v 0.219716 -0.022746 0.048211
v 0.127978 0.013762 0.011404
v 0.209686 -0.020554 0.024553
v 0.108302 0.012715 0.025858
v 0.128597 -0.020634 0.033070
v 0.076646 0.003181 0.061264
v 0.237755 -0.000680 0.060553
v 0.113917 -0.020374 0.038199
v 0.178570 -0.022393 0.055807
v 0.126963 -0.020444 0.029352
v 0.200342 0.020547 0.057072
v 0.225626 0.017383 0.052786
v 0.086204 0.019211 0.071230
v 0.081226 0.018604 0.075347
v 0.134766 0.014012 0.047790
v 0.230890 0.018761 0.053488
v 0.078714 -0.001488 0.027314
v 0.215054 0.013739 0.035198
v 0.221918 -0.021653 0.044053
v 0.078505 0.009317 0.076363
v 0.077760 0.002686 0.075830
v 0.228933 -0.021996 0.044887
v 0.210977 -0.021067 0.038512
v 0.214478 -0.021622 0.038234
v 0.149552 -0.019951 0.017501
v 0.223956 -0.021179 0.040295
v 0.135375 0.011994 0.030524
v 0.221723 -0.020677 0.033051
v 0.223483 -0.020730 0.037181
v 0.095291 -0.020214 0.055202
v 0.227888 -0.022148 0.050081
v 0.211125 -0.021518 0.049870
v 0.081997 -0.020274 0.006422
v 0.097776 -0.019188 0.025992
v 0.222310 -0.019413 0.029872
v 0.222359 -0.023276 0.051171
v 0.076050 -0.003850 0.047730
v 0.212800 0.016799 0.041208
v 0.188102 0.010691 0.020012
v 0.237179 -0.000304 0.063576
v 0.211252 -0.021337 0.033838
v 0.150216 -0.020445 0.028233
v 0.119103 -0.020152 0.036948
v 0.152540 -0.019767 0.027260
v 0.218427 -0.022619 0.055004
v 0.202570 0.010076 0.016106
v 0.202796 0.010302 0.018653
v 0.220143 0.015715 0.044504
v 0.221737 0.015501 0.041954
v 0.199923 -0.017636 0.071933
v 0.215091 -0.020437 0.066946
v 0.221043 -0.013416 0.065596
v 0.148497 -0.022171 0.009346
v 0.147890 -0.021836 0.007987
v 0.202122 0.023392 0.064216
v 0.215094 0.015349 0.039857
v 0.216906 -0.021936 0.043210
v 0.083080 -0.020379 0.062021
v 0.224626 0.015771 0.042760
v 0.162996 -0.022385 0.055815
v 0.101689 -0.020227 0.052131
v 0.147147 -0.021911 0.055664
v 0.192118 -0.022624 0.066157
v 0.146172 -0.022251 0.063582
v 0.220766 0.020890 0.057680
v 0.195903 0.014253 0.035636
v 0.183268 0.011134 0.020370
v 0.207944 0.016570 0.041043
v 0.134326 -0.020972 0.049790
v 0.134351 0.010632 0.021763
v 0.137940 0.011314 0.022231
v 0.153883 -0.023145 0.069735
v 0.146743 0.011314 0.020676
v 0.144538 0.011045 0.027700
v 0.185997 0.014229 0.038816
v 0.179895 0.017220 0.045623
v 0.143345 0.010121 0.025275
v 0.172931 0.013199 0.052578
v 0.146868 -0.021020 0.040687
v 0.175856 0.014787 0.047706
v 0.173307 0.013527 0.048749
v 0.176310 0.014413 0.051616
v 0.154062 -0.021319 0.033411
v 0.178377 0.016287 0.043926
v 0.177352 0.015409 0.044928
v 0.175935 0.014195 0.041738
v 0.168278 0.014504 0.065546
v 0.165639 0.014499 0.066964
v 0.185276 0.013417 0.035566
v 0.183744 0.012701 0.034094
v 0.174255 0.014352 0.055703
v 0.154753 -0.020870 0.029804
v 0.183545 0.011273 0.024832
v 0.185223 0.012792 0.026737
v 0.183424 0.011511 0.027026
v 0.155377 -0.020411 0.021179
v 0.131230 0.013462 0.009129
v 0.138559 0.013381 0.011146
v 0.115929 0.015254 0.060851
v 0.134414 0.013551 0.010976
v 0.170802 0.014028 0.067077
v 0.168499 0.013470 0.039621
v 0.127974 -0.021534 0.006844
v 0.191332 0.015585 0.036035
v 0.161982 -0.022012 0.051609
v 0.175921 0.016307 0.069803
v 0.145936 0.010729 0.016460
v 0.167587 0.014669 0.068528
v 0.149913 -0.021903 0.056034
v 0.143511 0.012529 0.013034
v 0.158257 -0.020944 0.028100
v 0.152577 -0.022922 0.070780
v 0.145571 0.014446 0.065218
v 0.156086 -0.022296 0.062027
v 0.179033 -0.019956 0.021994
v 0.193039 -0.021982 0.060782
v 0.164222 -0.019444 0.021496
v 0.183365 0.012019 0.029249
v 0.194721 -0.022621 0.062931
v 0.176445 -0.020566 0.036152
v 0.183667 -0.020434 0.023981
v 0.105728 0.010845 0.020014
v 0.108121 0.011859 0.020741
v 0.214463 -0.021753 0.047538
v 0.147830 0.012906 0.033624
v 0.168713 0.012943 0.026696
v 0.170232 0.011903 0.025121
v 0.197730 -0.023042 0.060902
v 0.105841 0.013755 0.010214
v 0.110693 0.010742 0.019412
v 0.156023 -0.021774 0.035355
v 0.120486 -0.020322 0.042407
v 0.128464 -0.019590 0.018679
v 0.128693 -0.021800 0.011182
v 0.189905 0.019627 0.056743
v 0.105340 0.012138 0.027923
v 0.161577 -0.018660 0.019353
v 0.175400 0.012505 0.026580
v 0.165513 -0.022375 0.010959
v 0.161500 -0.019550 0.022790
v 0.153599 -0.022066 0.055267
v 0.158797 -0.019655 0.019919
v 0.158391 -0.020670 0.024008
v 0.154946 0.010248 0.020259
v 0.153510 0.010619 0.017791
v 0.165229 0.014769 0.070193
v 0.156392 0.011924 0.037420
v 0.159673 0.012237 0.028942
v 0.158397 0.011995 0.026199
v 0.166645 0.010769 0.017886
v 0.176209 -0.020699 0.038814
v 0.139629 0.010471 0.016700
v 0.144050 -0.019229 0.074574
v 0.146743 -0.022815 0.070380
v 0.151217 0.011376 0.014441
v 0.153087 0.011017 0.029422
v 0.142622 0.013577 0.009555
v 0.189676 -0.020346 0.021671
v 0.185868 -0.020822 0.020980
v 0.156930 0.011161 0.020089
v 0.163640 -0.022401 0.007196
v 0.186083 -0.021673 0.004491
v 0.159981 -0.019728 0.015349
v 0.159641 0.013296 0.054671
v 0.197615 0.011012 0.014810
v 0.189613 0.013218 0.006993
v 0.146850 0.014103 0.060847
v 0.196147 0.010420 0.016915
v 0.166603 0.011982 0.022509
v 0.176831 0.013247 0.006514
v 0.173247 0.011698 0.023551
v 0.172452 0.014391 0.059865
v 0.169028 0.013953 0.061660
v 0.166517 0.012309 0.025741
v 0.186335 0.010152 0.016845
v 0.150798 0.010491 0.018060
v 0.188529 0.010698 0.017794
v 0.189701 0.016949 0.045123
v 0.173733 0.013347 0.004649
v 0.158137 0.012289 0.040070
v 0.170010 -0.022159 0.051502
v 0.171342 -0.022329 0.062941
v 0.165471 0.013256 0.042649
v 0.122102 -0.021617 0.013306
v 0.119407 0.014582 0.054978
v 0.194189 0.011432 0.021368
v 0.165984 0.010885 0.028529
v 0.184744 0.012426 0.032235
v 0.162661 0.013737 0.046155
v 0.184587 0.012901 0.009739
v 0.163238 0.009414 0.021865
v 0.163442 0.010698 0.017574
v 0.195226 0.012996 0.032057
v 0.158139 0.012584 0.033636
v 0.160035 0.012642 0.032018
v 0.184188 0.014027 0.038256
v 0.156375 0.011991 0.035318
v 0.154186 0.012082 0.034632
v 0.153765 0.010454 0.022987
v 0.139918 0.011382 0.027319
v 0.160968 0.013422 0.040298
v 0.151964 0.011159 0.025582
v 0.141916 0.010862 0.028160
v 0.155428 0.011075 0.026633
v 0.187046 -0.021008 0.016365
v 0.185004 0.012432 0.023232
v 0.160609 0.010996 0.026766
v 0.159857 0.010011 0.023744
v 0.175584 0.011074 0.017738
v 0.178773 0.010750 0.015088
v 0.178323 0.009733 0.018519
v 0.186138 0.013819 0.032087
v 0.173277 0.013081 0.035005
v 0.188118 0.015245 0.034053
v 0.187583 0.011115 0.014616
v 0.158999 0.010915 0.016370
v 0.205860 -0.021017 0.037576
v 0.175782 0.013609 0.032670
v 0.194310 0.011090 0.016081
v 0.176571 0.014602 0.035814
v 0.161033 0.011007 0.016820
v 0.183521 0.011158 0.022030
v 0.169767 0.013127 0.055923
v 0.186389 0.014424 0.034326
v 0.187184 0.014977 0.037131
v 0.178572 0.011474 0.024202
v 0.131787 0.014794 0.047709
v 0.182146 0.010190 0.023198
v 0.179786 0.013398 0.008774
v 0.163903 0.012735 0.037732
v 0.159816 0.009773 0.019492
v 0.158141 0.012135 0.036844
v 0.155586 0.011039 0.023901
v 0.180861 0.009324 0.020209
v 0.151539 -0.019720 0.016317
v 0.182599 0.010327 0.020619
v 0.155401 0.011303 0.030530
v 0.179840 -0.019568 0.020259
v 0.189047 0.023147 0.071498
v 0.179573 0.018741 0.072475
v 0.191978 0.017504 0.072954
v 0.174706 0.011379 0.074330
v 0.223634 0.014658 0.040057
v 0.141661 0.012211 0.034141
v 0.184874 0.017557 0.045868
v 0.169270 0.014517 0.070689
v 0.185778 0.013448 0.033624
v 0.166691 0.013301 0.048353
v 0.198312 0.014572 0.033897
v 0.164570 0.010170 0.027611
v 0.168078 0.013162 0.035898
v 0.187390 0.013000 0.024469
v 0.198270 0.010381 0.016654
v 0.196889 0.013289 0.029843
v 0.174765 0.012154 0.030493
v 0.172719 0.012237 0.030250
v 0.192977 0.013943 0.033617
v 0.217501 0.003813 0.002258
v 0.165844 0.013543 0.055111
v 0.163758 0.010294 0.029782
v 0.167470 0.013122 0.052617
v 0.162942 0.010006 0.026196
v 0.199919 0.013353 0.009708
v 0.164117 0.010371 0.024133
v 0.176725 0.014674 0.039080
v 0.188221 0.017472 0.047511
v 0.178367 0.016111 0.041492
v 0.177856 0.015854 0.037489
v 0.123345 0.013936 0.075977
v 0.201597 0.013171 0.004309
v 0.145967 0.013935 0.063041
v 0.200909 0.012371 0.003185
v 0.148867 0.010585 0.016224
v 0.190507 0.023330 0.068435
v 0.199466 0.014179 0.031581
v 0.164986 0.011342 0.023235
v 0.212485 -0.019988 0.022309
v 0.156323 0.011412 0.028999
v 0.197073 0.010117 0.018720
v 0.165454 0.011363 0.020393
v 0.196248 0.019686 0.050258
v 0.200804 -0.022927 0.060761
v 0.197919 0.023807 0.068030
v 0.164960 0.010791 0.025895
v 0.217072 0.021142 0.056738
v 0.179173 0.018857 0.067863
v 0.219044 0.021321 0.057927
v 0.234499 0.008058 0.048054
v 0.186749 0.023105 0.068420
v 0.186691 0.018502 0.050577
v 0.173174 0.011570 0.027453
v 0.193491 0.019590 0.056016
v 0.116482 0.018597 0.071724
v 0.114766 0.018307 0.069260
v 0.169891 0.013828 0.064474
v 0.157258 0.012298 0.028037
v 0.175855 -0.022121 0.006880
v 0.174473 -0.022771 0.009575
v 0.184499 0.011806 0.020535
v 0.191689 0.018428 0.047477
v 0.167923 0.012639 0.029962
v 0.191908 0.017830 0.044659
v 0.165417 0.014238 0.059249
v 0.216737 -0.023245 0.063548
v 0.188297 0.016070 0.042547
v 0.222015 -0.021184 0.062568
v 0.197523 0.015970 0.042455
v 0.155780 0.011028 0.021417
v 0.189338 0.013226 0.009844
v 0.207354 0.019923 0.054269
v 0.161552 0.010731 0.028578
v 0.171178 0.013100 0.032173
v 0.181804 0.020929 0.064866
v 0.183274 0.017119 0.043549
v 0.184952 0.015739 0.041739
v 0.175320 0.012971 0.035017
v 0.182383 0.017686 0.045073
v 0.195963 0.016813 0.043499
v 0.160689 0.013091 0.035703
v 0.132988 0.013801 0.044853
v 0.147411 0.013461 0.011151
v 0.150332 -0.020386 0.024647
v 0.148106 -0.020403 0.023648
v 0.174903 0.015949 0.071815
v 0.170862 0.013994 0.036152
v 0.166112 0.013343 0.036653
v 0.200137 0.021840 0.058781
v 0.187476 0.019722 0.054043
v 0.078977 0.014775 0.076371
v 0.077122 0.012721 0.075379
v 0.078431 0.014422 0.075126
v 0.139829 0.009981 0.019724
v 0.202563 0.020811 0.059394
v 0.143198 0.009644 0.018807
v 0.216876 -0.021165 0.036055
v 0.146275 0.012176 0.029894
v 0.174977 0.012621 0.031831
v 0.141546 0.011447 0.031544
v 0.204287 0.020035 0.055636
v 0.185867 0.010988 0.018849
v 0.157161 0.011851 0.034712
v 0.144210 0.010573 0.022402
v 0.204482 0.023405 0.066468
v 0.202183 0.024159 0.067809
v 0.200794 0.022115 0.060950
v 0.199438 0.022847 0.062568
v 0.135603 0.010879 0.020024
v 0.198753 0.022113 0.060459
v 0.201465 0.011074 0.024648
v 0.170608 0.012520 0.028611
v 0.201530 0.019206 0.054940
v 0.176291 0.015761 0.059251
v 0.148576 0.009946 0.018313
v 0.144050 0.011050 0.030098
v 0.201174 0.018791 0.051870
vt 0.707058 0.100563
vt 0.700286 0.087095
vt 0.720048 0.092559
vt 0.723610 0.089597
vt 0.734587 0.099514
vt 0.720978 0.101096
vt 0.734763 0.089712
vt 0.239702 0.989371
vt 0.257740 0.998159
vt 0.239617 0.998314
vt 0.246474 0.983476
vt 0.224810 0.990510
vt 0.690398 0.098571
vt 0.684478 0.087729
vt 0.697132 0.087575
vt 0.681859 0.102342
vt 0.702562 0.102612
vt 0.197395 0.995582
vt 0.208442 0.996055
vt 0.199231 0.999785
vt 0.208725 0.983017
vt 0.222939 0.984705
vt 0.221347 0.999323
vt 0.673505 0.009890
vt 0.667018 0.015328
vt 0.657641 0.007687
vt 0.649404 0.015467
vt 0.666241 0.027720
vt 0.644619 0.027211
vt 0.636561 0.015810
vt 0.739822 0.015955
vt 0.746500 0.029587
vt 0.732574 0.029222
vt 0.723612 0.030164
vt 0.726585 0.020798
vt 0.715829 0.013989
vt 0.726176 0.010302
vt 0.713793 0.026835
vt 0.680881 0.029040
vt 0.668818 0.030309
vt 0.680338 0.022731
vt 0.669259 0.023639
vt 0.694699 0.018813
vt 0.676540 0.014210
vt 0.688474 0.013301
vt 0.696772 0.027550
vt 0.712062 0.018997
vt 0.683941 0.004086
vt 0.266448 0.739355
vt 0.287469 0.749000
vt 0.256742 0.759336
vt 0.288293 0.773392
vt 0.272103 0.731919
vt 0.281279 0.734996
vt 0.219216 0.752822
vt 0.235813 0.736656
vt 0.251654 0.738072
vt 0.214956 0.734348
vt 0.236452 0.771911
vt 0.213477 0.770111
vt 0.770944 0.673393
vt 0.773475 0.684097
vt 0.761805 0.685807
vt 0.784620 0.674654
vt 0.748735 0.679854
vt 0.798285 0.653919
vt 0.799471 0.665001
vt 0.792124 0.666149
vt 0.783672 0.663686
vt 0.809687 0.661854
vt 0.769656 0.653091
vt 0.501219 0.043432
vt 0.490043 0.064576
vt 0.464649 0.013524
vt 0.476104 0.041928
vt 0.479355 0.069253
vt 0.464166 0.037684
vt 0.469911 0.052783
vt 0.449719 0.021522
vt 0.444835 0.003229
vt 0.516698 0.022341
vt 0.555165 0.021439
vt 0.514738 0.070143
vt 0.098589 0.747951
vt 0.102766 0.757402
vt 0.089749 0.757027
vt 0.116338 0.752043
vt 0.109547 0.770185
vt 0.104228 0.734026
vt 0.129940 0.754037
vt 0.125401 0.762826
vt 0.120560 0.732597
vt 0.132248 0.743421
vt 0.135722 0.734921
vt 0.143548 0.741663
vt 0.140949 0.752212
vt 0.137280 0.760943
vt 0.145455 0.762510
vt 0.140975 0.768525
vt 0.131709 0.768003
vt 0.144876 0.733776
vt 0.083405 0.194022
vt 0.068534 0.192448
vt 0.070360 0.183642
vt 0.038920 0.217767
vt 0.028453 0.212148
vt 0.042376 0.204412
vt 0.029714 0.194899
vt 0.019276 0.213409
vt 0.048242 0.215399
vt 0.058322 0.169360
vt 0.069561 0.160257
vt 0.071346 0.170897
vt 0.079946 0.177705
vt 0.044996 0.172716
vt 0.053863 0.186504
vt 0.060601 0.155688
vt 0.082714 0.145915
vt 0.060640 0.217160
vt 0.060562 0.202536
vt 0.075168 0.216049
vt 0.081163 0.156403
vt 0.074295 0.203484
vt 0.188686 0.766447
vt 0.201512 0.754367
vt 0.206138 0.766317
vt 0.215746 0.753550
vt 0.176887 0.772135
vt 0.182493 0.759340
vt 0.191465 0.750335
vt 0.187486 0.754011
vt 0.183935 0.750103
vt 0.190289 0.742153
vt 0.199529 0.741704
vt 0.189736 0.757285
vt 0.212224 0.735479
vt 0.171753 0.742251
vt 0.180740 0.744211
vt 0.173849 0.754591
vt 0.174078 0.764519
vt 0.163010 0.754194
vt 0.154282 0.753786
vt 0.157238 0.750180
vt 0.184781 0.742984
vt 0.144901 0.749002
vt 0.165075 0.763688
vt 0.154029 0.734693
vt 0.577646 0.050266
vt 0.573247 0.035393
vt 0.591933 0.043227
vt 0.644794 0.032592
vt 0.593131 0.058103
vt 0.575910 0.061496
vt 0.581444 0.070155
vt 0.615818 0.057776
vt 0.609768 0.049447
vt 0.596760 0.067944
vt 0.622667 0.009764
vt 0.623981 0.039193
vt 0.607747 0.033288
vt 0.554060 0.044449
vt 0.559766 0.012433
vt 0.588836 0.022104
vt 0.736341 0.072583
vt 0.749086 0.075913
vt 0.757935 0.056075
vt 0.745039 0.048938
vt 0.752678 0.036236
vt 0.761689 0.070695
vt 0.770964 0.043790
vt 0.761302 0.041284
vt 0.769620 0.033035
vt 0.779253 0.038365
vt 0.761308 0.057425
vt 0.778843 0.048839
vt 0.790699 0.033802
vt 0.810930 0.065933
vt 0.802709 0.074673
vt 0.799379 0.061581
vt 0.813880 0.077861
vt 0.787197 0.071947
vt 0.796495 0.080729
vt 0.821635 0.068931
vt 0.769059 0.071335
vt 0.788461 0.055867
vt 0.799691 0.047446
vt 0.805044 0.033717
vt 0.812638 0.051335
vt 0.817939 0.062111
vt 0.845483 0.062491
vt 0.837857 0.052603
vt 0.855367 0.051426
vt 0.825837 0.047266
vt 0.820111 0.033840
vt 0.830868 0.068059
vt 0.826469 0.057811
vt 0.834145 0.043730
vt 0.835383 0.032574
vt 0.855794 0.032574
vt 0.019543 0.820120
vt 0.015551 0.800863
vt 0.025592 0.797425
vt 0.003629 0.802032
vt 0.010284 0.812911
vt 0.068344 0.819120
vt 0.072802 0.811981
vt 0.075161 0.825444
vt 0.032285 0.807866
vt 0.045420 0.808141
vt 0.037333 0.815855
vt 0.093805 0.827933
vt 0.087166 0.824683
vt 0.095850 0.815337
vt 0.062351 0.813959
vt 0.062024 0.824098
vt 0.065446 0.832765
vt 0.055945 0.832111
vt 0.037917 0.793779
vt 0.083090 0.835660
vt 0.084332 0.815064
vt 0.031172 0.815476
vt 0.052158 0.817513
vt 0.042485 0.824978
vt 0.055429 0.806836
vt 0.064802 0.803132
vt 0.054213 0.790817
vt 0.072108 0.791086
vt 0.090906 0.837980
vt 0.051392 0.825965
vt 0.032625 0.822552
vt 0.072988 0.838419
vt 0.089072 0.804019
vt 0.080745 0.805149
vt 0.082799 0.796642
vt 0.074840 0.801505
vt 0.096017 0.792337
vt 0.007660 0.910842
vt 0.024569 0.895045
vt 0.031046 0.903555
vt 0.039676 0.902184
vt 0.043245 0.892170
vt 0.035412 0.912972
vt 0.044853 0.900280
vt 0.052806 0.894839
vt 0.046586 0.909227
vt 0.028246 0.925403
vt 0.021750 0.932765
vt 0.022737 0.918523
vt 0.037112 0.925027
vt 0.054271 0.921808
vt 0.060256 0.900649
vt 0.026700 0.936051
vt 0.029859 0.944711
vt 0.047782 0.892681
vt 0.012633 0.927901
vt 0.036913 0.883991
vt 0.011673 0.843026
vt 0.022719 0.840698
vt 0.017364 0.851122
vt 0.029085 0.851634
vt 0.031669 0.866636
vt 0.018812 0.860810
vt 0.023944 0.880287
vt 0.018391 0.872672
vt 0.016036 0.881010
vt 0.013610 0.889975
vt 0.007101 0.878940
vt 0.038934 0.850546
vt 0.045347 0.863646
vt 0.050818 0.840840
vt 0.048105 0.877647
vt 0.054760 0.859107
vt 0.050872 0.867746
vt 0.059385 0.847941
vt 0.057811 0.869307
vt 0.053441 0.884053
vt 0.063635 0.856477
vt 0.068975 0.862555
vt 0.066301 0.879970
vt 0.080518 0.898354
vt 0.081506 0.855915
vt 0.085969 0.874166
vt 0.055451 0.945525
vt 0.084522 0.927063
vt 0.085969 0.963551
vt 0.024164 0.963551
vt 0.376222 0.055960
vt 0.374171 0.046603
vt 0.384251 0.048039
vt 0.373533 0.017521
vt 0.363059 0.017897
vt 0.364477 0.005205
vt 0.367759 0.039459
vt 0.372817 0.029426
vt 0.378342 0.036905
vt 0.407342 0.045653
vt 0.402394 0.055176
vt 0.395721 0.045500
vt 0.393043 0.057801
vt 0.384360 0.059634
vt 0.354157 0.041427
vt 0.363352 0.028273
vt 0.409892 0.055005
vt 0.413087 0.051385
vt 0.414737 0.056536
vt 0.389087 0.033188
vt 0.344144 0.020433
vt 0.406861 0.031585
vt 0.399119 0.035492
vt 0.398322 0.024347
vt 0.381232 0.023244
vt 0.338349 0.032550
vt 0.417108 0.038460
vt 0.417710 0.050029
vt 0.383624 0.005205
vt 0.332910 0.042474
vt 0.408746 0.024049
vt 0.414655 0.028488
vt 0.422483 0.063870
vt 0.391276 0.014952
vt 0.410536 0.061544
vt 0.428632 0.044796
vt 0.404420 0.024095
vt 0.397930 0.012627
vt 0.367087 0.051016
vt 0.405464 0.017443
vt 0.430033 0.022926
vt 0.445508 0.020984
vt 0.356755 0.012835
vt 0.389409 0.070018
vt 0.400609 0.066796
vt 0.447463 0.050120
vt 0.453388 0.039457
vt 0.455660 0.051457
vt 0.437039 0.070161
vt 0.444279 0.059618
vt 0.379083 0.066716
vt 0.364422 0.063498
vt 0.360880 0.053458
vt 0.371367 0.061525
vt 0.345512 0.052358
vt 0.332909 0.053436
vt 0.355033 0.056760
vt 0.355876 0.067099
vt 0.345532 0.064422
vt 0.332909 0.066918
vt 0.433894 0.055455
vt 0.440252 0.047583
vt 0.107599 0.258005
vt 0.102260 0.259464
vt 0.106341 0.251859
vt 0.096378 0.250976
vt 0.104430 0.243014
vt 0.028872 0.252320
vt 0.030192 0.264006
vt 0.020375 0.256371
vt 0.024012 0.243764
vt 0.033954 0.239019
vt 0.040629 0.270259
vt 0.036958 0.285480
vt 0.026571 0.276231
vt 0.009828 0.252887
vt 0.002724 0.265391
vt 0.002223 0.277045
vt 0.017153 0.270644
vt 0.013373 0.241341
vt 0.002223 0.253015
vt 0.087665 0.276277
vt 0.100502 0.277805
vt 0.100357 0.286128
vt 0.057087 0.248602
vt 0.053394 0.258059
vt 0.044963 0.242867
vt 0.067121 0.275801
vt 0.051617 0.277520
vt 0.058596 0.270090
vt 0.115420 0.281937
vt 0.080360 0.241940
vt 0.073756 0.250908
vt 0.073360 0.242413
vt 0.116138 0.267795
vt 0.103501 0.269324
vt 0.109335 0.262865
vt 0.058407 0.287019
vt 0.072055 0.288576
vt 0.092067 0.262717
vt 0.088073 0.299421
vt 0.066206 0.246799
vt 0.064120 0.255632
vt 0.052839 0.266411
vt 0.040588 0.256865
vt 0.069504 0.269580
vt 0.075276 0.272355
vt 0.082077 0.266641
vt 0.112714 0.271869
vt 0.082810 0.254840
vt 0.073139 0.263261
vt 0.053040 0.240365
vt 0.089955 0.253724
vt 0.088254 0.246731
vt 0.095396 0.241796
vt 0.062735 0.265580
vt 0.087805 0.238362
vt 0.061085 0.241684
vt 0.286209 0.048590
vt 0.280854 0.059667
vt 0.273054 0.054101
vt 0.286769 0.030575
vt 0.288065 0.038567
vt 0.273380 0.039768
vt 0.301040 0.036880
vt 0.295982 0.061585
vt 0.310075 0.053772
vt 0.312805 0.066741
vt 0.324537 0.056922
vt 0.276498 0.017250
vt 0.295017 0.020560
vt 0.317479 0.045120
vt 0.320921 0.033891
vt 0.303686 0.082262
vt 0.335148 0.079249
vt 0.322686 0.098315
vt 0.330616 0.040870
vt 0.325409 0.047566
vt 0.257023 0.060193
vt 0.233554 0.027892
vt 0.253833 0.032053
vt 0.237573 0.048672
vt 0.211746 0.030275
vt 0.216997 0.018124
vt 0.220375 0.041244
vt 0.245189 0.022137
vt 0.236952 0.006241
vt 0.262873 0.012616
vt 0.250589 0.015422
vt 0.221273 0.000235
vt 0.256187 0.001171
vt 0.275178 0.152522
vt 0.278898 0.123584
vt 0.297461 0.141961
vt 0.255072 0.147103
vt 0.250535 0.115016
vt 0.265944 0.102192
vt 0.223564 0.123024
vt 0.233018 0.097504
vt 0.250504 0.086269
vt 0.198754 0.097587
vt 0.203811 0.083571
vt 0.212786 0.106848
vt 0.235742 0.069376
vt 0.218930 0.077740
vt 0.223335 0.059840
vt 0.191555 0.080354
vt 0.234915 0.083281
vt 0.236230 0.137966
vt 0.185843 0.061323
vt 0.210150 0.055062
vt 0.200258 0.046893
vt 0.208899 0.040824
vt 0.319100 0.123804
vt 0.282682 0.071898
vt 0.291822 0.075154
vt 0.272043 0.065587
vt 0.287323 0.085845
vt 0.269918 0.081401
vt 0.295204 0.094553
vt 0.304107 0.095362
vt 0.288574 0.104847
vt 0.308897 0.105663
vt 0.112705 0.181421
vt 0.100116 0.181240
vt 0.098161 0.168681
vt 0.103369 0.216695
vt 0.098141 0.204760
vt 0.113008 0.204270
vt 0.081838 0.173481
vt 0.094363 0.191056
vt 0.106702 0.194322
vt 0.088590 0.219040
vt 0.080029 0.202196
vt 0.129413 0.252629
vt 0.132877 0.256545
vt 0.133089 0.273966
vt 0.132249 0.233015
vt 0.118799 0.191641
vt 0.139785 0.183537
vt 0.154051 0.184107
vt 0.131750 0.198456
vt 0.143105 0.217980
vt 0.144373 0.238243
vt 0.118961 0.220270
vt 0.132877 0.214252
vt 0.144289 0.166567
vt 0.080921 0.229792
vt 0.098144 0.235133
vt 0.113442 0.245168
vt 0.159533 0.168887
vt 0.143838 0.204307
vt 0.126459 0.177722
vt 0.219066 0.123108
vt 0.197533 0.129845
vt 0.201962 0.118843
vt 0.165822 0.134295
vt 0.147485 0.147757
vt 0.145634 0.129435
vt 0.115666 0.145649
vt 0.104300 0.134579
vt 0.117690 0.125086
vt 0.128976 0.156622
vt 0.103850 0.125193
vt 0.095066 0.147749
vt 0.112708 0.164519
vt 0.132257 0.140306
vt 0.161799 0.158999
vt 0.174399 0.153156
vt 0.089600 0.130410
vt 0.103811 0.110697
vt 0.132104 0.125974
vt 0.139672 0.116069
vt 0.116774 0.105057
vt 0.191522 0.144259
vt 0.126554 0.112778
vt 0.083575 0.160692
vt 0.209261 0.108858
vt 0.201867 0.178351
vt 0.196017 0.248105
vt 0.165945 0.228309
vt 0.147074 0.288681
vt 0.173686 0.162412
vt 0.155259 0.206821
vt 0.231554 0.201455
vt 0.220287 0.130462
vt 0.148047 0.060969
vt 0.157754 0.059645
vt 0.153972 0.070560
vt 0.118198 0.071561
vt 0.114996 0.055172
vt 0.125825 0.066943
vt 0.148804 0.030859
vt 0.152341 0.042117
vt 0.143634 0.039422
vt 0.151559 0.053467
vt 0.159825 0.049572
vt 0.162869 0.021559
vt 0.173060 0.019117
vt 0.170702 0.028313
vt 0.178262 0.057785
vt 0.169318 0.056846
vt 0.176408 0.048937
vt 0.127425 0.046822
vt 0.117393 0.039262
vt 0.132856 0.034624
vt 0.164271 0.039231
vt 0.174027 0.037691
vt 0.130888 0.076053
vt 0.179851 0.083927
vt 0.167542 0.076811
vt 0.182808 0.076335
vt 0.154806 0.086850
vt 0.144602 0.076914
vt 0.147935 0.018909
vt 0.155626 0.013764
vt 0.155436 0.024858
vt 0.180999 0.094886
vt 0.170352 0.091470
vt 0.177503 0.065584
vt 0.166082 0.066716
vt 0.140285 0.025194
vt 0.142135 0.033363
vt 0.173990 0.071758
vt 0.187645 0.027853
vt 0.135663 0.074274
vt 0.137541 0.088654
vt 0.116597 0.048453
vt 0.103236 0.058225
vt 0.110914 0.083796
vt 0.139192 0.051818
vt 0.138535 0.066034
vt 0.183467 0.040235
vt 0.184553 0.053775
vt 0.126949 0.056825
vt 0.163735 0.100116
vt 0.107046 0.046013
vt 0.105220 0.040289
vt 0.128280 0.019547
vt 0.159332 0.031540
vt 0.168602 0.008629
vt 0.190734 0.014431
vt 0.168199 0.047227
vt 0.177679 0.001048
vt 0.139348 0.015183
vt 0.130718 0.008672
vt 0.117166 0.023400
vt 0.157873 0.004278
vt 0.144863 0.001399
vt 0.182979 0.061287
vt 0.192983 0.002619
vt 0.095273 0.040243
vt 0.088709 0.058329
vt 0.101586 0.030622
vt 0.082282 0.030851
vt 0.096371 0.037942
vt 0.078698 0.035984
vt 0.068018 0.046008
vt 0.102429 0.001882
vt 0.068018 0.096940
vt 0.268439 0.479931
vt 0.258654 0.474024
vt 0.278440 0.470838
vt 0.255989 0.484258
vt 0.243662 0.472936
vt 0.242103 0.481855
vt 0.246427 0.493417
vt 0.236581 0.490056
vt 0.244392 0.502912
vt 0.254939 0.498675
vt 0.237749 0.474797
vt 0.234979 0.481610
vt 0.229803 0.482920
vt 0.239997 0.495313
vt 0.236188 0.466752
vt 0.242363 0.468289
vt 0.234509 0.500506
vt 0.227717 0.489806
vt 0.221595 0.480040
vt 0.222273 0.491344
vt 0.223167 0.498688
vt 0.214746 0.495355
vt 0.220933 0.457039
vt 0.204958 0.490052
vt 0.194535 0.488738
vt 0.201675 0.471004
vt 0.188020 0.472311
vt 0.188440 0.481008
vt 0.177058 0.483213
vt 0.179207 0.496585
vt 0.148347 0.491712
vt 0.146631 0.502869
vt 0.135904 0.492180
vt 0.193404 0.500368
vt 0.159443 0.487381
vt 0.161162 0.503245
vt 0.183579 0.509218
vt 0.231486 0.477535
vt 0.170990 0.508057
vt 0.280154 0.488127
vt 0.267724 0.494214
vt 0.204873 0.504850
vt 0.217445 0.505739
vt 0.243297 0.462008
vt 0.246935 0.466941
vt 0.233787 0.456265
vt 0.239463 0.456836
vt 0.249939 0.461403
vt 0.253580 0.466296
vt 0.234884 0.450549
vt 0.243589 0.448746
vt 0.253425 0.453459
vt 0.257982 0.458480
vt 0.272872 0.450190
vt 0.271070 0.439030
vt 0.280555 0.440222
vt 0.243093 0.442460
vt 0.261216 0.463564
vt 0.252731 0.442121
vt 0.262206 0.448306
vt 0.265179 0.455728
vt 0.247248 0.434627
vt 0.252941 0.434571
vt 0.276430 0.462092
vt 0.255741 0.423954
vt 0.271572 0.457731
vt 0.277378 0.429925
vt 0.291167 0.433826
vt 0.279788 0.451275
vt 0.284022 0.407162
vt 0.247689 0.421396
vt 0.278078 0.455582
vt 0.239922 0.406509
vt 0.229841 0.433842
vt 0.139562 0.465955
vt 0.195657 0.447149
vt 0.174449 0.473657
vt 0.123041 0.491152
vt 0.142486 0.488877
vt 0.213077 0.407805
vt 0.212618 0.428751
vt 0.183826 0.408968
vt 0.168696 0.427286
vt 0.164661 0.405804
vt 0.100336 0.480571
vt 0.202561 0.522871
vt 0.181209 0.544228
vt 0.180695 0.522705
vt 0.214532 0.561579
vt 0.181178 0.570239
vt 0.211297 0.621462
vt 0.232785 0.607533
vt 0.232064 0.631468
vt 0.192242 0.598160
vt 0.226820 0.586559
vt 0.212562 0.643316
vt 0.180695 0.637523
vt 0.187146 0.667757
vt 0.253245 0.698343
vt 0.253142 0.686620
vt 0.260474 0.686775
vt 0.270962 0.681109
vt 0.262153 0.671237
vt 0.275395 0.665604
vt 0.267336 0.657765
vt 0.258773 0.660553
vt 0.272352 0.640802
vt 0.278104 0.650868
vt 0.249431 0.675739
vt 0.243315 0.707740
vt 0.230195 0.686363
vt 0.263945 0.643454
vt 0.297058 0.612218
vt 0.286363 0.619504
vt 0.289273 0.604591
vt 0.243756 0.666290
vt 0.222670 0.728154
vt 0.300160 0.599575
vt 0.256612 0.649838
vt 0.276361 0.625663
vt 0.283393 0.635690
vt 0.269204 0.630839
vt 0.279252 0.612287
vt 0.252793 0.660628
vt 0.248757 0.651605
vt 0.256922 0.637410
vt 0.264929 0.633639
vt 0.294550 0.590563
vt 0.282247 0.597915
vt 0.226581 0.658451
vt 0.262961 0.625421
vt 0.284610 0.583921
vt 0.275018 0.605794
vt 0.245649 0.640483
vt 0.277426 0.593252
vt 0.277054 0.597729
vt 0.270477 0.618400
vt 0.250277 0.622301
vt 0.274282 0.583486
vt 0.300836 0.576191
vt 0.291637 0.574799
vt 0.263155 0.610339
vt 0.281324 0.572648
vt 0.269868 0.596348
vt 0.251968 0.606367
vt 0.273571 0.577571
vt 0.274566 0.570490
vt 0.260078 0.597113
vt 0.264400 0.581531
vt 0.248675 0.569142
vt 0.263511 0.535891
vt 0.270377 0.557536
vt 0.241021 0.522705
vt 0.241747 0.550083
vt 0.248340 0.592319
vt 0.280099 0.559476
vt 0.281789 0.677105
vt 0.286889 0.662889
vt 0.288386 0.648577
vt 0.300132 0.654158
vt 0.295752 0.639090
vt 0.295620 0.626248
vt 0.305206 0.630455
vt 0.303887 0.618689
vt 0.307437 0.607817
vt 0.306440 0.640146
vt 0.314500 0.649244
vt 0.257403 0.682986
vt 0.257219 0.678242
vt 0.257724 0.671119
vt 0.193293 0.694661
vt 0.180695 0.728180
vt 0.067151 0.351904
vt 0.074502 0.336870
vt 0.075468 0.351297
vt 0.062399 0.353960
vt 0.064608 0.340838
vt 0.056515 0.352395
vt 0.059810 0.342832
vt 0.056632 0.333942
vt 0.056001 0.341793
vt 0.038061 0.354034
vt 0.053374 0.317623
vt 0.062498 0.321369
vt 0.030938 0.326869
vt 0.067582 0.327408
vt 0.078454 0.320550
vt 0.088468 0.304075
vt 0.074851 0.311031
vt 0.059146 0.368291
vt 0.106497 0.372884
vt 0.113422 0.366430
vt 0.117348 0.372136
vt 0.119614 0.365319
vt 0.106814 0.361908
vt 0.116834 0.359905
vt 0.096705 0.353325
vt 0.098985 0.365806
vt 0.081342 0.356351
vt 0.087450 0.354989
vt 0.087388 0.367730
vt 0.126342 0.374048
vt 0.123247 0.367781
vt 0.109936 0.350862
vt 0.089087 0.341696
vt 0.127984 0.366968
vt 0.127924 0.359907
vt 0.119614 0.351941
vt 0.113408 0.342709
vt 0.102411 0.339443
vt 0.137834 0.374360
vt 0.109816 0.334686
vt 0.129405 0.351263
vt 0.116642 0.335437
vt 0.096354 0.326231
vt 0.150122 0.364551
vt 0.150864 0.372896
vt 0.123917 0.343017
vt 0.113788 0.325860
vt 0.105471 0.328744
vt 0.166654 0.379624
vt 0.138737 0.357040
vt 0.131911 0.355226
vt 0.128126 0.332264
vt 0.136297 0.344996
vt 0.114052 0.314730
vt 0.124126 0.317419
vt 0.157549 0.354445
vt 0.119685 0.305517
vt 0.186525 0.376520
vt 0.144592 0.335772
vt 0.136315 0.324388
vt 0.105562 0.302194
vt 0.105581 0.316723
vt 0.096899 0.310674
vt 0.110606 0.307082
vt 0.130539 0.306750
vt 0.172549 0.352088
vt 0.138292 0.314853
vt 0.126911 0.297299
vt 0.116435 0.292391
vt 0.143012 0.301383
vt 0.160662 0.340820
vt 0.147267 0.323245
vt 0.133235 0.293422
vt 0.149931 0.312814
vt 0.173428 0.338810
vt 0.185575 0.335940
vt 0.186564 0.351519
vt 0.156179 0.304938
vt 0.157748 0.312166
vt 0.139410 0.290001
vt 0.158965 0.293529
vt 0.129090 0.284899
vt 0.180395 0.326635
vt 0.159167 0.320568
vt 0.171964 0.322896
vt 0.168936 0.304604
vt 0.163628 0.331114
vt 0.186564 0.301719
vt 0.154792 0.330625
vt 0.186564 0.324965
vt 0.088155 0.317308
vt 0.084939 0.327566
vt 0.075426 0.379744
vt 0.357985 0.172674
vt 0.345887 0.157660
vt 0.363890 0.162181
vt 0.370726 0.171260
vt 0.367222 0.181966
vt 0.370673 0.196955
vt 0.379257 0.185826
vt 0.363324 0.142951
vt 0.365471 0.155813
vt 0.381771 0.175708
vt 0.388857 0.198363
vt 0.352131 0.127505
vt 0.344804 0.111586
vt 0.361404 0.112016
vt 0.376100 0.156697
vt 0.375223 0.163262
vt 0.377542 0.148256
vt 0.391645 0.183036
vt 0.367211 0.125217
vt 0.374107 0.101992
vt 0.379804 0.105619
vt 0.367633 0.103720
vt 0.390732 0.159273
vt 0.382100 0.166210
vt 0.378392 0.169388
vt 0.377782 0.114118
vt 0.391482 0.168114
vt 0.401141 0.174385
vt 0.380926 0.122605
vt 0.377302 0.136861
vt 0.392678 0.145521
vt 0.386327 0.153392
vt 0.390834 0.103227
vt 0.454827 0.129263
vt 0.438937 0.135790
vt 0.443361 0.121739
vt 0.415512 0.205304
vt 0.409451 0.185750
vt 0.452324 0.186528
vt 0.446608 0.203985
vt 0.431525 0.187873
vt 0.455405 0.171456
vt 0.441191 0.174557
vt 0.444841 0.159658
vt 0.396278 0.151839
vt 0.395130 0.133351
vt 0.384680 0.141020
vt 0.476671 0.178987
vt 0.467942 0.182834
vt 0.467279 0.170255
vt 0.489371 0.140717
vt 0.479082 0.143119
vt 0.485210 0.136517
vt 0.423599 0.170504
vt 0.420676 0.134334
vt 0.405781 0.141702
vt 0.391519 0.113116
vt 0.468553 0.122920
vt 0.477151 0.113379
vt 0.482215 0.122210
vt 0.408521 0.099828
vt 0.397903 0.120310
vt 0.407463 0.153827
vt 0.403278 0.149335
vt 0.413198 0.145099
vt 0.426866 0.149697
vt 0.451231 0.145072
vt 0.464831 0.199456
vt 0.416720 0.121183
vt 0.486772 0.171812
vt 0.474047 0.164785
vt 0.486664 0.146501
vt 0.460477 0.161706
vt 0.366458 0.097021
vt 0.430007 0.099652
vt 0.433277 0.115434
vt 0.481439 0.159122
vt 0.471081 0.106908
vt 0.486872 0.100884
vt 0.408108 0.162913
vt 0.467135 0.149869
vt 0.497157 0.135394
vt 0.455581 0.154961
vt 0.427424 0.123387
vt 0.470845 0.133819
vt 0.490147 0.129481
vt 0.452793 0.093348
vt 0.461388 0.117736
vt 0.458196 0.109621
vt 0.493849 0.114017
vt 0.495798 0.120531
vt 0.359703 0.194138
vt 0.356063 0.184161
vt 0.346162 0.180272
vt 0.339068 0.200670
vt 0.350946 0.199402
vt 0.328268 0.197335
vt 0.339776 0.093802
vt 0.357358 0.100165
vt 0.351267 0.093128
vt 0.359949 0.095773
vt 0.323278 0.126694
vt 0.327277 0.097841
vt 0.326373 0.175668
vt 0.636209 0.157101
vt 0.632049 0.146228
vt 0.647131 0.146247
vt 0.602498 0.181874
vt 0.591081 0.183314
vt 0.600669 0.178420
vt 0.611858 0.179273
vt 0.606571 0.183774
vt 0.600128 0.186946
vt 0.612363 0.188255
vt 0.615687 0.183639
vt 0.626009 0.179559
vt 0.618371 0.173815
vt 0.627192 0.168370
vt 0.647841 0.156680
vt 0.639997 0.168067
vt 0.621664 0.191291
vt 0.621538 0.187206
vt 0.639795 0.189705
vt 0.655787 0.150680
vt 0.667867 0.142812
vt 0.657908 0.158892
vt 0.650581 0.159889
vt 0.640611 0.176061
vt 0.664433 0.167986
vt 0.646229 0.178179
vt 0.658617 0.138650
vt 0.647466 0.130422
vt 0.664892 0.124406
vt 0.683333 0.151194
vt 0.646131 0.116143
vt 0.663641 0.101591
vt 0.653506 0.106331
vt 0.680344 0.111026
vt 0.642151 0.103714
vt 0.677977 0.083970
vt 0.652438 0.091727
vt 0.607935 0.192492
vt 0.633802 0.078164
vt 0.651449 0.072556
vt 0.615898 0.167537
vt 0.585808 0.188946
vt 0.577169 0.183289
vt 0.566388 0.187292
vt 0.575649 0.191042
vt 0.632954 0.133214
vt 0.640455 0.139259
vt 0.581432 0.175871
vt 0.567739 0.174200
vt 0.579351 0.167295
vt 0.591224 0.177512
vt 0.586939 0.158506
vt 0.570038 0.157289
vt 0.606273 0.151048
vt 0.611701 0.159664
vt 0.599871 0.158808
vt 0.527877 0.178331
vt 0.531519 0.156118
vt 0.546886 0.130661
vt 0.540597 0.141802
vt 0.526945 0.127346
vt 0.622451 0.160025
vt 0.548612 0.181268
vt 0.605300 0.166535
vt 0.599138 0.172753
vt 0.608818 0.173244
vt 0.594922 0.145287
vt 0.587686 0.133908
vt 0.605321 0.137591
vt 0.626984 0.153801
vt 0.617342 0.149307
vt 0.621045 0.136087
vt 0.615957 0.124111
vt 0.514654 0.155530
vt 0.559444 0.182107
vt 0.596398 0.166820
vt 0.525617 0.089365
vt 0.559962 0.116214
vt 0.538848 0.117274
vt 0.588875 0.170263
vt 0.556293 0.174933
vt 0.571921 0.129402
vt 0.577638 0.143276
vt 0.627020 0.128964
vt 0.578459 0.126360
vt 0.538373 0.185899
vt 0.544955 0.188831
vt 0.555316 0.190214
vt 0.512924 0.139817
vt 0.516017 0.175170
vt 0.631991 0.115944
vt 0.569281 0.072684
vt 0.604594 0.102718
vt 0.589388 0.116396
vt 0.618555 0.086793
vt 0.916609 0.173812
vt 0.928033 0.180564
vt 0.912233 0.184938
vt 0.869204 0.211571
vt 0.858201 0.211733
vt 0.864934 0.209115
vt 0.867317 0.200059
vt 0.862300 0.219629
vt 0.880802 0.204936
vt 0.897803 0.195833
vt 0.882879 0.186347
vt 0.929996 0.196645
vt 0.920489 0.209217
vt 0.909957 0.204741
vt 0.873931 0.219343
vt 0.889834 0.214889
vt 0.929996 0.214367
vt 0.903355 0.223666
vt 0.865155 0.225836
vt 0.910680 0.226622
vt 0.908557 0.228355
vt 0.929996 0.238509
vt 0.851632 0.228331
vt 0.890785 0.234816
vt 0.905907 0.235374
vt 0.914978 0.219355
vt 0.864468 0.233250
vt 0.897981 0.246296
vt 0.888336 0.249682
vt 0.836929 0.233457
vt 0.826812 0.243626
vt 0.823290 0.229558
vt 0.843471 0.247816
vt 0.876807 0.246685
vt 0.876665 0.231596
vt 0.912264 0.192664
vt 0.863582 0.247944
vt 0.813715 0.232790
vt 0.908189 0.248378
vt 0.790903 0.183327
vt 0.773759 0.173175
vt 0.783383 0.160791
vt 0.803616 0.171208
vt 0.794112 0.143683
vt 0.808394 0.157628
vt 0.813462 0.135042
vt 0.776844 0.144890
vt 0.781451 0.114415
vt 0.850320 0.106419
vt 0.883911 0.104896
vt 0.883996 0.118990
vt 0.817240 0.105846
vt 0.902989 0.129184
vt 0.910606 0.149519
vt 0.895425 0.143515
vt 0.890387 0.132589
vt 0.875756 0.141851
vt 0.885086 0.153609
vt 0.845273 0.132172
vt 0.872555 0.159955
vt 0.856705 0.151019
vt 0.834114 0.156076
vt 0.854848 0.169120
vt 0.847311 0.181271
vt 0.837980 0.171870
vt 0.833138 0.184825
vt 0.760729 0.156857
vt 0.768040 0.149912
vt 0.821417 0.171520
vt 0.813102 0.186217
vt 0.759644 0.169533
vt 0.743926 0.153086
vt 0.767375 0.180143
vt 0.756477 0.179126
vt 0.775658 0.188084
vt 0.744167 0.172376
vt 0.764232 0.192795
vt 0.783102 0.200481
vt 0.773110 0.199166
vt 0.754310 0.189813
vt 0.751322 0.183090
vt 0.804519 0.203890
vt 0.751842 0.201548
vt 0.730402 0.210874
vt 0.746095 0.189605
vt 0.727566 0.153529
vt 0.737846 0.179535
vt 0.778670 0.210208
vt 0.762425 0.209127
vt 0.790828 0.211243
vt 0.727566 0.185344
vt 0.737716 0.190129
vt 0.769546 0.219484
vt 0.782642 0.218805
vt 0.799553 0.216233
vt 0.798386 0.229735
vt 0.791519 0.219927
vt 0.809705 0.220624
vt 0.829572 0.225000
vt 0.788727 0.226726
vt 0.839435 0.224838
vt 0.821561 0.216583
vt 0.832809 0.217345
vt 0.845089 0.216013
vt 0.895461 0.173078
vt 0.898834 0.183295
vt 0.829862 0.202900
vt 0.847916 0.206559
vt 0.848900 0.195694
vt 0.857470 0.205937
vt 0.895665 0.158037
vt 0.884954 0.168227
vt 0.862724 0.185153
vt 0.871616 0.173881
vt 0.904575 0.186406
vt 0.907677 0.170066
vt 0.900855 0.163806
vt 0.193752 0.898166
vt 0.204116 0.894037
vt 0.200744 0.904866
vt 0.184662 0.909257
vt 0.180514 0.934176
vt 0.181715 0.926171
vt 0.187160 0.927505
vt 0.208599 0.920413
vt 0.179244 0.921979
vt 0.164150 0.914909
vt 0.157477 0.905987
vt 0.170062 0.902739
vt 0.157941 0.894903
vt 0.147843 0.900690
vt 0.185196 0.890819
vt 0.164463 0.929909
vt 0.192631 0.960271
vt 0.179277 0.948400
vt 0.199799 0.939701
vt 0.123111 0.862017
vt 0.114375 0.870864
vt 0.111163 0.855983
vt 0.164021 0.948947
vt 0.171637 0.938222
vt 0.136248 0.903104
vt 0.149893 0.908829
vt 0.086334 0.845907
vt 0.101011 0.847238
vt 0.098309 0.857501
vt 0.173982 0.976171
vt 0.116176 0.896318
vt 0.111188 0.914278
vt 0.101257 0.906729
vt 0.159131 0.959686
vt 0.143180 0.912281
vt 0.086825 0.865338
vt 0.123534 0.875016
vt 0.117974 0.881255
vt 0.108096 0.881237
vt 0.102159 0.868876
vt 0.137258 0.916609
vt 0.089981 0.930464
vt 0.125519 0.924642
vt 0.124865 0.944222
vt 0.110867 0.930260
vt 0.146046 0.956207
vt 0.144520 0.933594
vt 0.151234 0.919855
vt 0.124324 0.909942
vt 0.145967 0.978622
vt 0.155749 0.965444
vt 0.130050 0.963614
vt 0.105357 0.944952
vt 0.120266 0.974841
vt 0.098686 0.892911
vt 0.087804 0.905450
vt 0.085183 0.891692
vt 0.111286 0.962042
vt 0.092895 0.880285
vt 0.095948 0.837799
vt 0.133481 0.825851
vt 0.143603 0.839706
vt 0.123968 0.842769
vt 0.119018 0.821418
vt 0.189254 0.831686
vt 0.180371 0.822413
vt 0.208000 0.823523
vt 0.168212 0.824857
vt 0.181339 0.836392
vt 0.149844 0.824772
vt 0.164088 0.837545
vt 0.168566 0.815886
vt 0.106957 0.834541
vt 0.134506 0.810748
vt 0.157312 0.810712
vt 0.097226 0.824410
vt 0.107437 0.789547
vt 0.106190 0.817018
vt 0.197542 0.844323
vt 0.203760 0.837161
vt 0.159563 0.853658
vt 0.137034 0.856722
vt 0.127675 0.885687
vt 0.132822 0.873294
vt 0.209962 0.850880
vt 0.172952 0.846812
vt 0.173367 0.852597
vt 0.142825 0.887139
vt 0.214349 0.839389
vt 0.145471 0.869667
vt 0.209866 0.861239
vt 0.209640 0.882691
vt 0.206438 0.874546
vt 0.216790 0.867290
vt 0.170683 0.887791
vt 0.159707 0.876106
vt 0.178043 0.874333
vt 0.184809 0.845235
vt 0.184879 0.854711
vt 0.186323 0.866037
vt 0.194400 0.865640
vt 0.187920 0.875677
vt 0.176681 0.858317
vt 0.181537 0.882149
vt 0.202359 0.862822
vt 0.198973 0.885077
vt 0.178893 0.865965
vt 0.170735 0.866391
vt 0.194816 0.877999
vt 0.148133 0.797760
vt 0.165224 0.793129
vt 0.147372 0.783347
vt 0.158134 0.775551
vt 0.132769 0.793004
vt 0.136364 0.777456
vt 0.124764 0.779531
vt 0.175585 0.807153
vt 0.187687 0.817671
vt 0.188248 0.808777
vt 0.202393 0.785554
vt 0.173902 0.777360
vt 0.082118 0.668184
vt 0.089642 0.674423
vt 0.075621 0.681385
vt 0.125313 0.660603
vt 0.135707 0.662622
vt 0.126658 0.667903
vt 0.175702 0.630195
vt 0.165855 0.642185
vt 0.159802 0.628716
vt 0.090225 0.686435
vt 0.104937 0.673447
vt 0.095182 0.661892
vt 0.116860 0.611443
vt 0.108735 0.601115
vt 0.126563 0.604405
vt 0.167541 0.669076
vt 0.167997 0.678910
vt 0.157488 0.676243
vt 0.152338 0.614620
vt 0.136267 0.614544
vt 0.139982 0.603458
vt 0.147759 0.624932
vt 0.060938 0.693389
vt 0.049008 0.706420
vt 0.042481 0.702540
vt 0.057958 0.702615
vt 0.073042 0.708522
vt 0.104349 0.646219
vt 0.113987 0.661386
vt 0.159093 0.687380
vt 0.174511 0.687621
vt 0.187140 0.699582
vt 0.165946 0.698007
vt 0.123722 0.676689
vt 0.104943 0.688113
vt 0.097534 0.680894
vt 0.147917 0.669495
vt 0.159153 0.663840
vt 0.147041 0.654950
vt 0.135720 0.650274
vt 0.152283 0.636609
vt 0.181089 0.676544
vt 0.181368 0.662663
vt 0.163291 0.611639
vt 0.162901 0.595435
vt 0.171348 0.612805
vt 0.120084 0.687306
vt 0.093038 0.627887
vt 0.104640 0.614477
vt 0.108935 0.627291
vt 0.168589 0.656389
vt 0.164697 0.621086
vt 0.136751 0.673781
vt 0.152278 0.600040
vt 0.140292 0.628206
vt 0.081875 0.653443
vt 0.134111 0.686819
vt 0.119968 0.650923
vt 0.185801 0.685304
vt 0.063434 0.674873
vt 0.153897 0.662282
vt 0.156144 0.651559
vt 0.042930 0.682846
vt 0.145731 0.683294
vt 0.128428 0.654213
vt 0.127628 0.646375
vt 0.179819 0.647811
vt 0.142790 0.642556
vt 0.147637 0.696686
vt 0.135957 0.680844
vt 0.129205 0.594870
vt 0.080100 0.691135
vt 0.073352 0.691980
vt 0.158797 0.709235
vt 0.127348 0.612128
vt 0.086863 0.700777
vt 0.096567 0.710580
vt 0.139594 0.592214
vt 0.149831 0.582352
vt 0.122841 0.705502
vt 0.131533 0.696095
vt 0.141326 0.704587
vt 0.125065 0.622174
vt 0.131603 0.637486
vt 0.090273 0.695731
vt 0.119064 0.637274
vt 0.090972 0.639619
vt 0.099987 0.698723
vt 0.111730 0.710235
vt 0.116383 0.582666
vt 0.125469 0.585846
vt 0.116451 0.592218
vt 0.107376 0.587523
vt 0.114681 0.566971
vt 0.109076 0.570918
vt 0.109656 0.560367
vt 0.125347 0.567449
vt 0.133767 0.578486
vt 0.123260 0.576394
vt 0.093508 0.581927
vt 0.089757 0.567681
vt 0.116846 0.549758
vt 0.093975 0.550838
vt 0.113426 0.534886
vt 0.130257 0.542971
vt 0.140566 0.555895
vt 0.065747 0.548756
vt 0.154770 0.561571
vt 0.151584 0.568325
vt 0.140790 0.570674
vt 0.161084 0.567107
vt 0.163936 0.578366
vt 0.171488 0.595653
vt 0.066081 0.588418
vt 0.069108 0.640562
vt 0.093250 0.615754
vt 0.013164 0.633677
vt 0.020981 0.682315
vt 0.020252 0.563237
vt 0.090231 0.601734
vt 0.049631 0.547752
vt 0.057034 0.534741
vt 0.220632 0.811122
vt 0.220631 0.801054
vt 0.228265 0.811905
vt 0.210013 0.800893
vt 0.220203 0.825350
vt 0.216256 0.814777
vt 0.235966 0.825739
vt 0.217288 0.841209
vt 0.226221 0.844443
vt 0.215703 0.856399
vt 0.229733 0.833593
vt 0.224907 0.959770
vt 0.243136 0.939500
vt 0.236743 0.949974
vt 0.239802 0.810198
vt 0.217106 0.944520
vt 0.300364 0.943075
vt 0.311035 0.919475
vt 0.320871 0.916092
vt 0.299570 0.925587
vt 0.274092 0.933792
vt 0.230859 0.934017
vt 0.216999 0.933126
vt 0.242813 0.928350
vt 0.237394 0.926324
vt 0.256204 0.925490
vt 0.228707 0.922183
vt 0.269457 0.917565
vt 0.255278 0.911610
vt 0.243336 0.919990
vt 0.215510 0.892614
vt 0.215108 0.878806
vt 0.224309 0.880051
vt 0.279116 0.907043
vt 0.284338 0.917711
vt 0.222018 0.865338
vt 0.236330 0.876775
vt 0.224701 0.891334
vt 0.265718 0.901485
vt 0.250967 0.892113
vt 0.244749 0.906523
vt 0.233211 0.902816
vt 0.275079 0.894307
vt 0.275234 0.880974
vt 0.287741 0.895927
vt 0.251930 0.872937
vt 0.248088 0.822974
vt 0.234318 0.838674
vt 0.235296 0.853288
vt 0.244613 0.840120
vt 0.266499 0.889629
vt 0.260625 0.880097
vt 0.246457 0.858577
vt 0.257446 0.861633
vt 0.265701 0.869353
vt 0.257031 0.848405
vt 0.253382 0.813171
vt 0.248463 0.812003
vt 0.270398 0.855687
vt 0.259208 0.820822
vt 0.255922 0.833453
vt 0.250518 0.831155
vt 0.252219 0.954196
vt 0.264469 0.840630
vt 0.217397 0.922651
vt 0.219266 0.914364
vt 0.260033 0.811213
vt 0.276361 0.840623
vt 0.268142 0.831080
vt 0.282416 0.851671
vt 0.270385 0.816151
vt 0.282332 0.828761
vt 0.289780 0.843839
vt 0.295372 0.861961
vt 0.281562 0.809326
vt 0.299927 0.848839
vt 0.307338 0.855636
vt 0.294908 0.815469
vt 0.299417 0.833590
vt 0.310142 0.822948
vt 0.221503 0.900577
vt 0.322576 0.828274
vt 0.313127 0.842210
vt 0.322546 0.838205
vt 0.354794 0.893930
vt 0.342245 0.885090
vt 0.353701 0.882764
vt 0.370747 0.894446
vt 0.361813 0.890458
vt 0.357436 0.910250
vt 0.336486 0.904303
vt 0.335159 0.922977
vt 0.377508 0.908271
vt 0.335250 0.868668
vt 0.280052 0.865713
vt 0.290142 0.908923
vt 0.321533 0.868024
vt 0.324920 0.863338
vt 0.322317 0.852364
vt 0.314436 0.859192
vt 0.290244 0.923556
vt 0.289075 0.878011
vt 0.295747 0.889397
vt 0.297517 0.916827
vt 0.300494 0.901479
vt 0.301853 0.884599
vt 0.319988 0.891433
vt 0.323242 0.880145
vt 0.325264 0.894218
vt 0.306619 0.894015
vt 0.300898 0.891523
vt 0.308376 0.910590
vt 0.309132 0.872250
vt 0.316355 0.896285
vt 0.311435 0.886683
vt 0.334026 0.881485
vt 0.319861 0.907721
vt 0.311688 0.902133
vt 0.333243 0.888531
vt 0.337862 0.980376
vt 0.416189 0.952342
vt 0.385443 0.998804
vt 0.361441 0.929007
vt 0.329094 0.943807
vt 0.260455 0.997844
vt 0.792901 0.977775
vt 0.792175 0.967418
vt 0.805987 0.974370
vt 0.777862 0.971530
vt 0.786199 0.962637
vt 0.715612 0.953933
vt 0.704834 0.952819
vt 0.710090 0.943636
vt 0.722530 0.962527
vt 0.723013 0.959265
vt 0.730665 0.960212
vt 0.774525 0.959618
vt 0.773522 0.975748
vt 0.764402 0.973695
vt 0.733297 0.968705
vt 0.745503 0.978137
vt 0.726685 0.973935
vt 0.763569 0.983363
vt 0.773406 0.981579
vt 0.764934 0.996441
vt 0.754952 0.974814
vt 0.739791 0.968540
vt 0.746479 0.967829
vt 0.738107 0.994831
vt 0.713649 0.979185
vt 0.712181 0.963246
vt 0.695229 0.999841
vt 0.698524 0.962171
vt 0.761753 0.964318
vt 0.770223 0.948212
vt 0.761671 0.955270
vt 0.723578 0.945902
vt 0.715830 0.943231
vt 0.719919 0.941902
vt 0.728964 0.944915
vt 0.786070 0.950735
vt 0.797437 0.937655
vt 0.802195 0.951280
vt 0.738930 0.957354
vt 0.726110 0.952663
vt 0.750663 0.956995
vt 0.750692 0.963670
vt 0.772765 0.925838
vt 0.764285 0.936027
vt 0.759017 0.923441
vt 0.861782 0.984925
vt 0.866465 0.977143
vt 0.878035 0.981797
vt 0.849759 0.983561
vt 0.843018 0.977018
vt 0.852134 0.975574
vt 0.741413 0.948977
vt 0.872236 0.972414
vt 0.843598 0.937425
vt 0.871520 0.937446
vt 0.851767 0.951668
vt 0.858902 0.974237
vt 0.851130 0.966439
vt 0.880466 0.967386
vt 0.896822 0.974646
vt 0.752540 0.950088
vt 0.759671 0.949391
vt 0.713499 0.936632
vt 0.718345 0.928289
vt 0.721318 0.936425
vt 0.835002 0.971988
vt 0.839145 0.979669
vt 0.829796 0.974004
vt 0.887089 0.958483
vt 0.744165 0.941979
vt 0.734260 0.939283
vt 0.727468 0.936739
vt 0.729865 0.931866
vt 0.724406 0.930304
vt 0.757692 0.943533
vt 0.828390 0.932045
vt 0.813005 0.939586
vt 0.816261 0.926697
vt 0.800682 0.903334
vt 0.796722 0.916110
vt 0.792300 0.909039
vt 0.821469 0.965608
vt 0.820427 0.970424
vt 0.802149 0.962885
vt 0.811238 0.965120
vt 0.864635 0.968839
vt 0.876916 0.953729
vt 0.872016 0.962929
vt 0.898641 0.953860
vt 0.723482 0.916473
vt 0.788565 0.927918
vt 0.804012 0.922031
vt 0.736228 0.932046
vt 0.796530 0.959420
vt 0.808479 0.960582
vt 0.833245 0.961585
vt 0.841899 0.961041
vt 0.839858 0.953404
vt 0.864167 0.955729
vt 0.886971 0.942334
vt 0.748797 0.933606
vt 0.828895 0.920909
vt 0.848171 0.904853
vt 0.830094 0.914846
vt 0.823809 0.916016
vt 0.901635 0.919631
vt 0.814708 0.915799
vt 0.820199 0.908596
vt 0.819974 0.951325
vt 0.830239 0.955922
vt 0.731632 0.898490
vt 0.778830 0.939249
vt 0.877116 0.906096
vt 0.748503 0.916869
vt 0.765209 0.916010
vt 0.755808 0.910125
vt 0.811666 0.903463
vt 0.783723 0.916708
vt 0.778539 0.911118
vt 0.773800 0.915916
vt 0.770715 0.905936
vt 0.761892 0.908223
vt 0.785708 0.904294
vt 0.795207 0.898930
vt 0.755548 0.969376
vt 0.738366 0.961928
vt 0.722407 0.955628
vt 0.719647 0.947239
vt 0.063203 0.474065
vt 0.063674 0.465931
vt 0.071099 0.472473
vt 0.072141 0.460136
vt 0.059068 0.456937
vt 0.053011 0.467455
vt 0.039045 0.465484
vt 0.027396 0.458433
vt 0.034404 0.452816
vt 0.021648 0.485044
vt 0.010713 0.479356
vt 0.023316 0.476102
vt 0.043827 0.460633
vt 0.025971 0.494193
vt 0.014222 0.492131
vt 0.033433 0.486379
vt 0.032899 0.509109
vt 0.022901 0.504824
vt 0.038391 0.500385
vt 0.046170 0.454699
vt 0.024862 0.465824
vt 0.037565 0.476505
vt 0.014099 0.467577
vt 0.048548 0.475653
vt 0.050850 0.490697
vt 0.059215 0.480106
vt 0.053981 0.504231
vt 0.047145 0.514933
vt 0.061260 0.511777
vt 0.059217 0.520803
vt 0.072706 0.491526
vt 0.070358 0.504464
vt 0.066423 0.517573
vt 0.074801 0.516901
vt 0.070199 0.525029
vt 0.091421 0.501242
vt 0.089973 0.513598
vt 0.039513 0.510482
vt 0.059380 0.412663
vt 0.055199 0.422256
vt 0.048494 0.408412
vt 0.001955 0.487201
vt 0.002739 0.474343
vt 0.070808 0.480802
vt 0.017172 0.463533
vt 0.068664 0.475677
vt 0.082368 0.485526
vt 0.013757 0.456073
vt 0.088898 0.492140
vt 0.039277 0.448804
vt 0.043332 0.445465
vt 0.000766 0.462622
vt 0.079807 0.478227
vt 0.088089 0.479878
vt 0.094519 0.485965
vt 0.000202 0.449309
vt 0.032026 0.442771
vt 0.039392 0.438053
vt 0.050761 0.439638
vt 0.053332 0.448708
vt 0.065865 0.446789
vt 0.083792 0.476061
vt 0.023526 0.445745
vt 0.010779 0.440078
vt 0.022810 0.451423
vt 0.052911 0.431170
vt 0.061810 0.436320
vt 0.080643 0.469834
vt 0.090744 0.472663
vt 0.096620 0.479340
vt 0.032114 0.432447
vt 0.021287 0.435471
vt 0.043609 0.431343
vt 0.047900 0.426695
vt 0.059585 0.429918
vt 0.078468 0.451558
vt 0.087619 0.461216
vt 0.039238 0.421507
vt 0.080530 0.441979
vt 0.088436 0.449950
vt 0.022910 0.423074
vt 0.000705 0.430730
vt 0.010323 0.416591
vt 0.014865 0.428306
vt 0.067263 0.426861
vt 0.071545 0.435930
vt 0.092495 0.442949
vt 0.107066 0.469436
vt 0.031606 0.409275
vt 0.064574 0.416939
vt 0.081800 0.428890
vt 0.088341 0.436724
vt 0.103415 0.453690
vt 0.022333 0.414396
vt 0.073612 0.419474
vt 0.098520 0.434781
vt 0.102781 0.443914
vt 0.021626 0.408055
vt 0.080875 0.414676
vt 0.069217 0.409354
vt 0.115813 0.445606
vt 0.094292 0.420449
vt 0.059280 0.401549
vt 0.041655 0.400241
vt 0.050254 0.391889
vt 0.089114 0.409861
vt 0.079597 0.402648
vt 0.069021 0.399819
vt 0.109968 0.426477
vt 0.088537 0.397340
vt 0.093756 0.405371
vt 0.064542 0.391765
vt 0.073699 0.396640
vt 0.137886 0.434659
vt 0.100744 0.411478
vt 0.095967 0.403572
vt 0.112060 0.413906
vt 0.103213 0.403326
vt 0.079139 0.389267
vt 0.126214 0.417277
vt 0.114210 0.404337
vt 0.092515 0.385679
vt 0.134248 0.407291
vt 0.108858 0.381900
vt 0.013147 0.500439
vt 0.005512 0.500843
vt 0.281961 0.220328
vt 0.281609 0.229851
vt 0.274545 0.225228
vt 0.292209 0.227421
vt 0.285901 0.245901
vt 0.255540 0.235344
vt 0.250896 0.216914
vt 0.263985 0.221370
vt 0.239275 0.226772
vt 0.239026 0.218690
vt 0.233115 0.239946
vt 0.223634 0.217360
vt 0.221185 0.237712
vt 0.268859 0.249771
vt 0.273184 0.235145
vt 0.239951 0.209956
vt 0.266154 0.228435
vt 0.219061 0.245423
vt 0.258122 0.252683
vt 0.275901 0.264252
vt 0.264300 0.263036
vt 0.218586 0.254268
vt 0.210738 0.260973
vt 0.210080 0.249197
vt 0.225224 0.252869
vt 0.223391 0.263928
vt 0.246235 0.253115
vt 0.234108 0.257592
vt 0.216298 0.271486
vt 0.207897 0.273708
vt 0.200389 0.281236
vt 0.191585 0.274715
vt 0.201499 0.268383
vt 0.253475 0.264044
vt 0.243257 0.270054
vt 0.188406 0.289907
vt 0.201933 0.296060
vt 0.232437 0.271001
vt 0.236059 0.283418
vt 0.224207 0.277324
vt 0.258547 0.274435
vt 0.250913 0.273069
vt 0.366650 0.327861
vt 0.349665 0.330824
vt 0.357229 0.313056
vt 0.189140 0.304237
vt 0.379808 0.324258
vt 0.374914 0.334046
vt 0.318145 0.314235
vt 0.306667 0.315637
vt 0.309024 0.303847
vt 0.215277 0.296789
vt 0.213262 0.283285
vt 0.224207 0.290631
vt 0.234222 0.296293
vt 0.250213 0.283667
vt 0.287347 0.267637
vt 0.274057 0.285018
vt 0.266513 0.274974
vt 0.316728 0.282609
vt 0.307107 0.287805
vt 0.310189 0.272189
vt 0.226294 0.302438
vt 0.299943 0.281172
vt 0.297149 0.271772
vt 0.326614 0.337619
vt 0.331827 0.325589
vt 0.337865 0.336016
vt 0.315225 0.293103
vt 0.322532 0.301516
vt 0.212946 0.308732
vt 0.199471 0.307017
vt 0.360018 0.344987
vt 0.371269 0.343759
vt 0.325800 0.289270
vt 0.262149 0.283336
vt 0.241842 0.304401
vt 0.289202 0.284072
vt 0.243909 0.294391
vt 0.340544 0.285159
vt 0.334078 0.297094
vt 0.219423 0.325837
vt 0.191198 0.329448
vt 0.196422 0.315591
vt 0.232251 0.314702
vt 0.296845 0.295456
vt 0.259142 0.297603
vt 0.282741 0.300869
vt 0.350953 0.291508
vt 0.357275 0.279982
vt 0.301995 0.257599
vt 0.300977 0.356413
vt 0.311604 0.370756
vt 0.287660 0.369459
vt 0.253991 0.314710
vt 0.269984 0.311373
vt 0.207618 0.339223
vt 0.271387 0.299353
vt 0.362865 0.296040
vt 0.334727 0.310416
vt 0.346261 0.301257
vt 0.242565 0.343713
vt 0.344814 0.311059
vt 0.244691 0.326517
vt 0.273879 0.331766
vt 0.379660 0.307825
vt 0.343278 0.318586
vt 0.366926 0.369771
vt 0.329943 0.351186
vt 0.344849 0.345062
vt 0.380908 0.287950
vt 0.305071 0.338905
vt 0.292837 0.325788
vt 0.282704 0.317234
vt 0.295961 0.312862
vt 0.310905 0.326073
vt 0.272384 0.350359
vt 0.251470 0.367157
vt 0.331051 0.367542
vt 0.263536 0.208703
vt 0.249390 0.198474
vt 0.265228 0.193328
vt 0.307043 0.237835
vt 0.330885 0.235530
vt 0.322399 0.255932
vt 0.327360 0.220582
vt 0.332564 0.215721
vt 0.342330 0.222816
vt 0.326973 0.204342
vt 0.336935 0.208700
vt 0.347818 0.207870
vt 0.356671 0.228763
vt 0.351170 0.239007
vt 0.368520 0.234431
vt 0.362786 0.216381
vt 0.316468 0.220756
vt 0.379054 0.254921
vt 0.315056 0.206363
vt 0.302922 0.219393
vt 0.306981 0.208928
vt 0.308545 0.199587
vt 0.275381 0.215103
vt 0.298911 0.208434
vt 0.303403 0.212085
vt 0.299238 0.196710
vt 0.288549 0.212838
vt 0.290654 0.198388
vt 0.277964 0.204998
vt 0.281260 0.194440
vt 0.344037 0.251903
vt 0.356356 0.263271
vt 0.340923 0.268516
vt 0.367541 0.271182
vt 0.381144 0.274287
vt 0.325986 0.274556
vt 0.272729 0.401007
vt 0.238229 0.383037
vt 0.212756 0.364761
vt 0.211194 0.400322
vt 0.419649 0.486209
vt 0.418263 0.495877
vt 0.406259 0.492671
vt 0.412223 0.479593
vt 0.397920 0.481581
vt 0.409546 0.462938
vt 0.325313 0.443556
vt 0.334275 0.436981
vt 0.337976 0.445005
vt 0.327310 0.453718
vt 0.317851 0.453073
vt 0.311907 0.448164
vt 0.317031 0.432210
vt 0.318865 0.460386
vt 0.310666 0.459682
vt 0.324707 0.465638
vt 0.313241 0.468804
vt 0.298833 0.451094
vt 0.305001 0.438390
vt 0.303731 0.469074
vt 0.318059 0.476708
vt 0.307127 0.483597
vt 0.303406 0.458628
vt 0.295494 0.467027
vt 0.297332 0.478400
vt 0.296533 0.484670
vt 0.305640 0.421591
vt 0.316271 0.418675
vt 0.325040 0.419468
vt 0.328202 0.431620
vt 0.308019 0.400678
vt 0.314246 0.406842
vt 0.289000 0.404031
vt 0.335913 0.426787
vt 0.349903 0.427648
vt 0.339344 0.457468
vt 0.317431 0.486847
vt 0.333361 0.470182
vt 0.325127 0.480961
vt 0.324704 0.472838
vt 0.348706 0.446865
vt 0.364986 0.435374
vt 0.363350 0.449109
vt 0.311612 0.495612
vt 0.353356 0.456887
vt 0.333683 0.479476
vt 0.330974 0.488408
vt 0.322951 0.496706
vt 0.339642 0.475271
vt 0.348563 0.466741
vt 0.316378 0.504259
vt 0.338511 0.495159
vt 0.340456 0.484347
vt 0.376759 0.460874
vt 0.378934 0.450588
vt 0.365606 0.466770
vt 0.347310 0.489244
vt 0.352035 0.478700
vt 0.358162 0.472897
vt 0.325824 0.505792
vt 0.368579 0.480720
vt 0.344807 0.505587
vt 0.334234 0.506012
vt 0.358035 0.487556
vt 0.385922 0.474203
vt 0.381925 0.499813
vt 0.366808 0.494829
vt 0.375777 0.491514
vt 0.330378 0.517503
vt 0.407662 0.505325
vt 0.343131 0.516818
vt 0.337928 0.513562
vt 0.350725 0.511733
vt 0.357737 0.504122
vt 0.353235 0.495875
vt 0.343148 0.521805
vt 0.348994 0.519585
vt 0.344876 0.497560
vt 0.393468 0.493307
vt 0.384233 0.488107
vt 0.344474 0.526838
vt 0.338031 0.521378
vt 0.332554 0.528488
vt 0.360167 0.514281
vt 0.368946 0.504597
vt 0.339059 0.530336
vt 0.353746 0.525520
vt 0.396275 0.500918
vt 0.348386 0.531927
vt 0.334634 0.538020
vt 0.394184 0.512096
vt 0.375753 0.513102
vt 0.355276 0.531080
vt 0.355905 0.536097
vt 0.344340 0.536941
vt 0.349142 0.547339
vt 0.373155 0.523531
vt 0.365711 0.520421
vt 0.407220 0.517820
vt 0.385947 0.521392
vt 0.380184 0.529501
vt 0.364715 0.528495
vt 0.330619 0.498835
vt 0.398930 0.522719
vt 0.415664 0.530422
vt 0.365499 0.544556
vt 0.395131 0.530975
vt 0.371390 0.536445
vt 0.375654 0.542530
vt 0.387505 0.540849
vt 0.393494 0.575339
vt 0.376672 0.572251
vt 0.386319 0.555958
vt 0.406763 0.552273
vt 0.401222 0.538276
vt 0.410329 0.540391
vt 0.381266 0.546113
vt 0.374868 0.547421
vt 0.373435 0.555200
vt 0.378808 0.550485
vt 0.395927 0.563716
vt 0.393676 0.592224
vt 0.320286 0.412243
vt 0.373230 0.589897
vt 0.362776 0.599723
vt 0.362626 0.588893
vt 0.364392 0.578363
vt 0.358423 0.620061
vt 0.342439 0.603844
vt 0.321247 0.584070
vt 0.319151 0.557647
vt 0.329957 0.570074
vt 0.364082 0.563995
vt 0.340361 0.590910
vt 0.353765 0.585108
vt 0.353827 0.569350
vt 0.341602 0.573867
vt 0.335936 0.590068
vt 0.330077 0.604850
vt 0.345917 0.559467
vt 0.361173 0.552850
vt 0.354799 0.557623
vt 0.332228 0.555284
vt 0.291220 0.442617
vt 0.294423 0.434758
vt 0.298121 0.444123
vt 0.326603 0.546312
vt 0.384686 0.604079
vt 0.320909 0.544436
vt 0.324919 0.537212
vt 0.312972 0.536977
vt 0.321217 0.525062
vt 0.308535 0.517188
vt 0.320582 0.513383
vt 0.305278 0.503367
vt 0.295832 0.526188
vt 0.292012 0.508871
vt 0.300034 0.495598
vt 0.294271 0.490199
vt 0.291327 0.459916
vt 0.382409 0.615831
vt 0.296986 0.500750
vt 0.388953 0.459868
vt 0.372547 0.440664
vt 0.291616 0.422870
vt 0.304766 0.583078
vt 0.298516 0.549829
vt 0.585606 0.246785
vt 0.595382 0.249030
vt 0.585365 0.256100
vt 0.480860 0.257969
vt 0.484493 0.248699
vt 0.492185 0.254939
vt 0.502956 0.250294
vt 0.504094 0.260783
vt 0.487974 0.263529
vt 0.492613 0.272841
vt 0.498124 0.266473
vt 0.501691 0.272320
vt 0.506103 0.268499
vt 0.509736 0.274576
vt 0.521128 0.268490
vt 0.501414 0.282966
vt 0.516152 0.255452
vt 0.515810 0.287512
vt 0.551210 0.202392
vt 0.543060 0.193195
vt 0.554229 0.197138
vt 0.528603 0.259863
vt 0.570167 0.224205
vt 0.566890 0.239050
vt 0.555813 0.231538
vt 0.528044 0.221021
vt 0.524477 0.233206
vt 0.511742 0.228624
vt 0.523440 0.209114
vt 0.540241 0.209745
vt 0.473095 0.247071
vt 0.481297 0.239036
vt 0.529754 0.250628
vt 0.537943 0.259004
vt 0.536426 0.265417
vt 0.560658 0.210271
vt 0.574449 0.212501
vt 0.533857 0.270611
vt 0.638937 0.226564
vt 0.630535 0.235571
vt 0.622752 0.227151
vt 0.526259 0.295815
vt 0.534819 0.286977
vt 0.560414 0.201786
vt 0.628225 0.259456
vt 0.637940 0.270602
vt 0.618957 0.256417
vt 0.571944 0.202863
vt 0.546095 0.252584
vt 0.549578 0.221152
vt 0.542717 0.272260
vt 0.534340 0.243250
vt 0.549627 0.241198
vt 0.565105 0.192980
vt 0.579264 0.194419
vt 0.539820 0.231703
vt 0.548968 0.264778
vt 0.541226 0.296613
vt 0.550936 0.288092
vt 0.658365 0.238306
vt 0.677610 0.239982
vt 0.659996 0.255050
vt 0.586285 0.266020
vt 0.594224 0.274963
vt 0.576868 0.275162
vt 0.584614 0.282395
vt 0.558826 0.249225
vt 0.641399 0.241169
vt 0.632259 0.246650
vt 0.545578 0.280597
vt 0.553856 0.275336
vt 0.554120 0.282688
vt 0.559122 0.258691
vt 0.563117 0.282407
vt 0.583008 0.216227
vt 0.571957 0.251841
vt 0.559774 0.295418
vt 0.550399 0.308873
vt 0.581455 0.235345
vt 0.577753 0.242379
vt 0.567665 0.260928
vt 0.563734 0.269088
vt 0.648801 0.237959
vt 0.532799 0.277103
vt 0.574702 0.307783
vt 0.618717 0.246952
vt 0.608030 0.247305
vt 0.592831 0.213224
vt 0.589849 0.194606
vt 0.600518 0.204193
vt 0.588068 0.225175
vt 0.574957 0.263275
vt 0.578237 0.290688
vt 0.596697 0.237001
vt 0.585726 0.241322
vt 0.609480 0.215746
vt 0.514124 0.215771
vt 0.582468 0.205318
vt 0.600014 0.224280
vt 0.593982 0.288418
vt 0.525786 0.307560
vt 0.609263 0.228431
vt 0.476064 0.253646
vt 0.599220 0.259863
vt 0.613610 0.270671
vt 0.653513 0.211067
vt 0.650920 0.228718
vt 0.637688 0.257464
vt 0.595919 0.306563
vt 0.610121 0.284225
vt 0.611732 0.296328
vt 0.616936 0.239058
vt 0.623917 0.280325
vt 0.668076 0.211812
vt 0.671179 0.192898
vt 0.674235 0.211048
vt 0.678211 0.207097
vt 0.659339 0.228519
vt 0.665561 0.222537
vt 0.673827 0.224611
vt 0.493539 0.246996
vt 0.522232 0.242197
vt 0.529615 0.194683
vt 0.536564 0.197846
vt 0.511670 0.242726
vt 0.516387 0.237695
vt 0.539836 0.201588
vt 0.498547 0.238818
vt 0.504698 0.234203
vt 0.489688 0.241438
vt 0.487678 0.232591
vt 0.502792 0.216916
vt 0.509693 0.205529
vt 0.497030 0.208053
vt 0.481605 0.231501
vt 0.483914 0.224746
vt 0.501303 0.197093
vt 0.490736 0.218343
vt 0.479131 0.215576
vt 0.486037 0.208015
vt 0.464079 0.227545
vt 0.475492 0.228430
vt 0.468931 0.240770
vt 0.470533 0.220362
vt 0.639656 0.212534
vt 0.625734 0.210989
vt 0.458187 0.240226
vt 0.464742 0.218130
vt 0.637236 0.202918
vt 0.479185 0.202758
vt 0.484302 0.200181
vt 0.485076 0.202154
vt 0.469914 0.211235
vt 0.454630 0.227132
vt 0.623412 0.193991
vt 0.470491 0.198614
vt 0.457116 0.214823
vt 0.634137 0.192898
vt 0.648298 0.193226
vt 0.612282 0.199015
vt 0.602221 0.193069
vt 0.531151 0.202472
vt 0.491547 0.202293
vt 0.449604 0.237157
vt 0.448249 0.220019
vt 0.444675 0.211692
vt 0.492865 0.196092
vt 0.659480 0.192898
vt 0.435931 0.210893
vt 0.521652 0.201363
vt 0.498356 0.228210
vt 0.517449 0.194607
vt 0.508805 0.196839
vt 0.427827 0.219529
vt 0.434531 0.244129
vt 0.421012 0.215826
vt 0.413588 0.238011
vt 0.406449 0.225794
vt 0.405909 0.205977
vt 0.396649 0.216735
vt 0.413758 0.211814
vt 0.537086 0.933029
vt 0.514353 0.932424
vt 0.528493 0.914389
vt 0.594612 0.803517
vt 0.599634 0.789602
vt 0.612338 0.800760
vt 0.584218 0.800742
vt 0.584683 0.808444
vt 0.611502 0.813176
vt 0.594870 0.822042
vt 0.576082 0.817853
vt 0.611934 0.823960
vt 0.578187 0.831616
vt 0.567694 0.826829
vt 0.558400 0.839285
vt 0.556792 0.817995
vt 0.598068 0.833227
vt 0.591121 0.833762
vt 0.540150 0.834470
vt 0.616513 0.834544
vt 0.630927 0.824386
vt 0.604952 0.829677
vt 0.605437 0.841346
vt 0.595053 0.840671
vt 0.586066 0.842378
vt 0.572470 0.845559
vt 0.539673 0.848855
vt 0.638139 0.918211
vt 0.627493 0.901091
vt 0.647835 0.903577
vt 0.545409 0.859392
vt 0.553261 0.857038
vt 0.556289 0.864245
vt 0.559918 0.853477
vt 0.551488 0.850713
vt 0.627448 0.838458
vt 0.617682 0.848694
vt 0.593992 0.849721
vt 0.580029 0.946196
vt 0.590636 0.947577
vt 0.584021 0.956775
vt 0.608306 0.874680
vt 0.619628 0.881444
vt 0.608245 0.886424
vt 0.569522 0.859508
vt 0.563210 0.981786
vt 0.550541 0.979688
vt 0.559278 0.969853
vt 0.632471 0.848289
vt 0.604341 0.853645
vt 0.572292 0.976979
vt 0.581751 0.853703
vt 0.537227 0.970653
vt 0.546535 0.964891
vt 0.535969 0.861109
vt 0.635655 0.855304
vt 0.627084 0.859939
vt 0.568477 0.871770
vt 0.580229 0.864662
vt 0.528723 0.851968
vt 0.531574 0.873620
vt 0.611715 0.862361
vt 0.641525 0.864214
vt 0.543350 0.869179
vt 0.642102 0.850996
vt 0.648123 0.859282
vt 0.554036 0.875890
vt 0.563156 0.879602
vt 0.597500 0.878894
vt 0.594550 0.865024
vt 0.620070 0.870875
vt 0.634152 0.877849
vt 0.584460 0.876237
vt 0.651525 0.949633
vt 0.653426 0.959488
vt 0.645723 0.959156
vt 0.597796 0.930055
vt 0.599932 0.942139
vt 0.589428 0.936737
vt 0.518027 0.893377
vt 0.531657 0.901230
vt 0.562782 0.949661
vt 0.556490 0.957909
vt 0.549903 0.946758
vt 0.660557 0.866701
vt 0.515510 0.864399
vt 0.543417 0.879939
vt 0.574402 0.883763
vt 0.553377 0.885780
vt 0.649232 0.877918
vt 0.586763 0.908906
vt 0.584866 0.918290
vt 0.570525 0.911928
vt 0.578941 0.937220
vt 0.576390 0.924802
vt 0.609945 0.897374
vt 0.609630 0.912376
vt 0.639906 0.891495
vt 0.643829 0.885629
vt 0.563743 0.884493
vt 0.538345 0.892594
vt 0.596543 0.919517
vt 0.593161 0.889542
vt 0.581930 0.896758
vt 0.566039 0.891808
vt 0.554993 0.900791
vt 0.611073 0.968253
vt 0.609969 0.958404
vt 0.624654 0.958907
vt 0.668833 0.886860
vt 0.640173 0.840593
vt 0.628040 0.888411
vt 0.639073 0.943586
vt 0.625708 0.939119
vt 0.636920 0.933105
vt 0.571092 0.994820
vt 0.559883 0.990859
vt 0.541442 0.912208
vt 0.555331 0.916793
vt 0.546794 0.917935
vt 0.596102 0.901068
vt 0.619274 0.891304
vt 0.521189 0.963246
vt 0.518861 0.994327
vt 0.504704 0.976934
vt 0.676066 0.908093
vt 0.681717 0.928785
vt 0.663960 0.924481
vt 0.570243 0.901706
vt 0.612183 0.941949
vt 0.584245 0.981097
vt 0.535946 0.952833
vt 0.527559 0.941600
vt 0.660930 0.962688
vt 0.660326 0.955095
vt 0.668862 0.957434
vt 0.527230 0.987500
vt 0.522932 0.993585
vt 0.525359 0.950500
vt 0.528654 0.961597
vt 0.548866 0.923940
vt 0.541618 0.946093
vt 0.529619 0.975946
vt 0.680535 0.962253
vt 0.665182 0.971682
vt 0.532973 0.843759
vt 0.666797 0.946696
vt 0.656026 0.936746
vt 0.605431 0.922582
vt 0.652213 0.922735
vt 0.649097 0.927940
vt 0.684581 0.940474
vt 0.678895 0.948308
vt 0.538360 0.987340
vt 0.527611 0.996125
vt 0.596005 0.972283
vt 0.605842 0.985042
vt 0.626061 0.975206
vt 0.546790 0.954032
vt 0.638359 0.999978
vt 0.637846 0.968784
vt 0.617577 0.929038
vt 0.619665 0.995224
vt 0.552522 0.961929
vt 0.563791 0.930024
vt 0.646277 0.975856
vt 0.653213 0.993852
vt 0.548417 0.992035
vt 0.554719 0.937338
vt 0.569317 0.942078
vt 0.682638 0.976726
vt 0.694237 0.960820
vt 0.688277 0.953052
vt 0.689191 0.945147
vt 0.598220 0.961090
vt 0.570892 0.962450
vt 0.574359 0.951696
vt 0.595470 0.980765
vt 0.592194 0.986632
vt 0.603973 0.950977
vt 0.625456 0.948343
vt 0.656468 0.965055
vt 0.637558 0.952693
vt 0.615623 0.952251
vt 0.654415 0.973100
vt 0.583886 0.992712
vt 0.695389 0.970842
vt 0.584280 0.968641
vt 0.636268 0.959188
vt 0.649307 0.967346
vt 0.668845 0.988700
vt 0.574628 0.805369
vt 0.488606 0.948321
vt 0.469002 0.897887
vt 0.492450 0.859584
vt 0.610758 0.622407
vt 0.607574 0.630459
vt 0.597194 0.625706
vt 0.593821 0.636725
vt 0.620750 0.624958
vt 0.618384 0.629544
vt 0.607119 0.637246
vt 0.626344 0.630235
vt 0.614723 0.635367
vt 0.586391 0.660341
vt 0.584140 0.651488
vt 0.597947 0.650598
vt 0.557243 0.681511
vt 0.574903 0.673858
vt 0.569207 0.691202
vt 0.622030 0.652708
vt 0.631545 0.652894
vt 0.628313 0.662302
vt 0.586863 0.678927
vt 0.591126 0.669916
vt 0.638255 0.655831
vt 0.638868 0.646672
vt 0.646872 0.652270
vt 0.613420 0.643745
vt 0.601018 0.642540
vt 0.623365 0.637017
vt 0.602427 0.661218
vt 0.581858 0.684741
vt 0.634359 0.628313
vt 0.633087 0.637421
vt 0.738402 0.631618
vt 0.737630 0.627302
vt 0.744588 0.631560
vt 0.590621 0.645128
vt 0.667860 0.688312
vt 0.661640 0.700247
vt 0.652155 0.685820
vt 0.627124 0.645168
vt 0.666099 0.673651
vt 0.675738 0.675573
vt 0.610072 0.653205
vt 0.591597 0.686480
vt 0.596951 0.678706
vt 0.736882 0.642610
vt 0.727972 0.635059
vt 0.733730 0.631530
vt 0.601991 0.670963
vt 0.653261 0.642048
vt 0.657701 0.630411
vt 0.662007 0.642104
vt 0.587095 0.692631
vt 0.645135 0.636095
vt 0.642651 0.626338
vt 0.615613 0.659331
vt 0.579716 0.706651
vt 0.733603 0.656061
vt 0.727145 0.660946
vt 0.728592 0.648754
vt 0.600473 0.686806
vt 0.608890 0.677028
vt 0.613748 0.667604
vt 0.650812 0.624992
vt 0.739075 0.664454
vt 0.726501 0.675381
vt 0.644901 0.662153
vt 0.694476 0.703139
vt 0.675759 0.704185
vt 0.682700 0.691483
vt 0.600471 0.697437
vt 0.652038 0.632454
vt 0.622156 0.673490
vt 0.718442 0.651257
vt 0.729726 0.622174
vt 0.718400 0.625444
vt 0.646069 0.645093
vt 0.617913 0.683604
vt 0.638133 0.674188
vt 0.655192 0.654754
vt 0.635995 0.685859
vt 0.666021 0.628930
vt 0.625583 0.623705
vt 0.654814 0.668652
vt 0.741098 0.621300
vt 0.697969 0.636360
vt 0.707406 0.645472
vt 0.696276 0.648504
vt 0.667648 0.657396
vt 0.710495 0.657950
vt 0.716656 0.669767
vt 0.704870 0.667328
vt 0.621436 0.695058
vt 0.640353 0.697919
vt 0.676666 0.623149
vt 0.670681 0.640572
vt 0.671712 0.668477
vt 0.715161 0.636994
vt 0.722538 0.640523
vt 0.719477 0.692961
vt 0.678061 0.648185
vt 0.677042 0.663383
vt 0.703220 0.718738
vt 0.710074 0.708800
vt 0.725715 0.719725
vt 0.686047 0.669546
vt 0.683962 0.707841
vt 0.687806 0.660605
vt 0.683129 0.660312
vt 0.687913 0.652989
vt 0.557570 0.669510
vt 0.694756 0.674798
vt 0.728997 0.691746
vt 0.703661 0.685046
vt 0.694604 0.661448
vt 0.751374 0.661940
vt 0.741040 0.694016
vt 0.730272 0.701823
vt 0.706973 0.633908
vt 0.702781 0.657617
vt 0.751143 0.620359
vt 0.749023 0.646355
vt 0.487330 0.715074
vt 0.474986 0.720452
vt 0.472400 0.710936
vt 0.485076 0.702536
vt 0.462903 0.716413
vt 0.455609 0.706666
vt 0.470140 0.698867
vt 0.437674 0.689305
vt 0.453356 0.719754
vt 0.446257 0.714672
vt 0.438684 0.707000
vt 0.776793 0.619832
vt 0.774408 0.629765
vt 0.768305 0.617525
vt 0.584014 0.623295
vt 0.585098 0.617231
vt 0.593351 0.618283
vt 0.609294 0.614907
vt 0.619463 0.618141
vt 0.552981 0.623059
vt 0.544114 0.615027
vt 0.556283 0.616250
vt 0.499639 0.644917
vt 0.464890 0.646771
vt 0.470548 0.611997
vt 0.554028 0.631967
vt 0.569710 0.621476
vt 0.643663 0.618858
vt 0.636423 0.621810
vt 0.633475 0.614579
vt 0.601355 0.610323
vt 0.608719 0.603091
vt 0.629098 0.619846
vt 0.564210 0.610552
vt 0.584172 0.632262
vt 0.624816 0.608457
vt 0.571273 0.632790
vt 0.602629 0.618531
vt 0.624654 0.619433
vt 0.590804 0.613101
vt 0.556853 0.644127
vt 0.614263 0.612890
vt 0.523567 0.659372
vt 0.537698 0.641195
vt 0.542802 0.655053
vt 0.597097 0.603748
vt 0.523747 0.632803
vt 0.518824 0.641426
vt 0.586544 0.607020
vt 0.580223 0.612507
vt 0.575543 0.605359
vt 0.505363 0.623117
vt 0.533136 0.623402
vt 0.500008 0.669067
vt 0.547495 0.607673
vt 0.756572 0.631509
vt 0.757870 0.624584
vt 0.766239 0.631903
vt 0.760468 0.641299
vt 0.757978 0.653209
vt 0.766833 0.649064
vt 0.748138 0.704829
vt 0.725202 0.743170
vt 0.740624 0.726621
vt 0.553720 0.603061
vt 0.531649 0.605042
vt 0.509914 0.606774
vt 0.565274 0.601931
vt 0.576258 0.644686
vt 0.557544 0.656785
vt 0.572422 0.659247
vt 0.537759 0.671575
vt 0.477844 0.726497
vt 0.463149 0.730916
vt 0.515291 0.679978
vt 0.486622 0.726198
vt 0.487204 0.747588
vt 0.498507 0.704871
vt 0.523808 0.685927
vt 0.490592 0.742171
vt 0.500494 0.714036
vt 0.546471 0.678609
vt 0.535591 0.686579
vt 0.499437 0.724222
vt 0.493872 0.731540
vt 0.499880 0.740794
vt 0.510737 0.707093
vt 0.546582 0.688450
vt 0.511701 0.695245
vt 0.524605 0.698538
vt 0.511069 0.718139
vt 0.554141 0.694368
vt 0.539465 0.701181
vt 0.505814 0.735800
vt 0.521848 0.732987
vt 0.523618 0.712749
vt 0.558574 0.709918
vt 0.542589 0.721465
vt 0.499942 0.691722
vt 0.482278 0.685933
vt 0.446856 0.662591
vt 0.710173 0.625600
vt 0.700940 0.625127
vt 0.465984 0.684456
vt 0.472387 0.685567
vt 0.470151 0.688770
vt 0.458198 0.685094
vt 0.686626 0.639558
vt 0.689432 0.626935
vt 0.717114 0.798495
vt 0.709344 0.803319
vt 0.708897 0.795063
vt 0.739802 0.809127
vt 0.751458 0.821622
vt 0.729409 0.834196
vt 0.708691 0.784775
vt 0.697607 0.795093
vt 0.749907 0.802160
vt 0.728153 0.804321
vt 0.739296 0.794893
vt 0.687547 0.774771
vt 0.703094 0.772219
vt 0.699023 0.779160
vt 0.728394 0.788636
vt 0.720230 0.786497
vt 0.754817 0.805193
vt 0.761718 0.803754
vt 0.752272 0.794197
vt 0.720830 0.777991
vt 0.733180 0.784112
vt 0.742569 0.776464
vt 0.760148 0.788357
vt 0.720071 0.765923
vt 0.718178 0.752839
vt 0.740206 0.764313
vt 0.745695 0.786626
vt 0.775487 0.794719
vt 0.775373 0.783006
vt 0.762283 0.779607
vt 0.758321 0.769966
vt 0.785814 0.774568
vt 0.789780 0.786657
vt 0.740222 0.751721
vt 0.734044 0.750413
vt 0.735353 0.743652
vt 0.774207 0.770956
vt 0.796679 0.766206
vt 0.787152 0.766176
vt 0.817092 0.750110
vt 0.828033 0.755917
vt 0.814864 0.760378
vt 0.744560 0.746555
vt 0.823112 0.745279
vt 0.839768 0.747839
vt 0.795402 0.759492
vt 0.809516 0.752396
vt 0.756309 0.761175
vt 0.767123 0.762024
vt 0.843013 0.735435
vt 0.834996 0.738661
vt 0.826947 0.738790
vt 0.814219 0.743536
vt 0.790675 0.757146
vt 0.809325 0.746687
vt 0.745653 0.736892
vt 0.737195 0.735046
vt 0.762013 0.755539
vt 0.704934 0.749055
vt 0.694603 0.758870
vt 0.833814 0.722060
vt 0.848598 0.716153
vt 0.830540 0.731059
vt 0.816742 0.737726
vt 0.779994 0.760062
vt 0.800927 0.751549
vt 0.804241 0.740433
vt 0.819732 0.729648
vt 0.770973 0.754332
vt 0.790405 0.749275
vt 0.763725 0.743688
vt 0.822398 0.721003
vt 0.809299 0.728792
vt 0.780565 0.748736
vt 0.801130 0.732307
vt 0.789541 0.735478
vt 0.766122 0.731110
vt 0.774387 0.742070
vt 0.817006 0.706295
vt 0.825243 0.711637
vt 0.814551 0.720966
vt 0.808031 0.717630
vt 0.800485 0.723364
vt 0.752974 0.732478
vt 0.776090 0.731613
vt 0.771297 0.721272
vt 0.804103 0.704550
vt 0.781712 0.723449
vt 0.791067 0.716492
vt 0.749477 0.711825
vt 0.771692 0.710053
vt 0.787618 0.699115
vt 0.779358 0.711966
vt 0.772418 0.833536
vt 0.681169 0.786739
vt 0.750987 0.766195
vt 0.754921 0.744729
vt 0.753390 0.752313
vt 0.746776 0.755761
vt 0.731930 0.751991
vt 0.747120 0.761227
vt 0.711100 0.744606
vt 0.728211 0.753228
vt 0.720254 0.744173
vt 0.729081 0.750727
vt 0.690978 0.767043
vt 0.676110 0.760694
vt 0.676204 0.773949
vt 0.650575 0.770683
vt 0.685314 0.803762
vt 0.672122 0.790565
vt 0.743240 0.874009
vt 0.715837 0.814784
vt 0.699374 0.813892
vt 0.650575 0.800918
vt 0.668608 0.805513
vt 0.678430 0.822405
vt 0.702404 0.835662
vt 0.689048 0.884092
vt 0.650676 0.829112
vt 0.659791 0.861344
vt 0.827703 0.830355
vt 0.826701 0.848029
vt 0.819652 0.835613
vt 0.840068 0.864632
vt 0.818395 0.883585
vt 0.810375 0.817491
vt 0.817727 0.825084
vt 0.807007 0.830097
vt 0.814023 0.847603
vt 0.779348 0.884092
vt 0.797964 0.848899
vt 0.796485 0.815178
vt 0.789265 0.823941
vt 0.856668 0.884092
vt 0.861956 0.871499
vt 0.865136 0.804081
vt 0.854408 0.802805
vt 0.864482 0.787748
vt 0.871067 0.791472
vt 0.853599 0.857771
vt 0.863839 0.847330
vt 0.863811 0.860107
vt 0.858301 0.773241
vt 0.870128 0.770764
vt 0.871816 0.866181
vt 0.870933 0.853699
vt 0.879745 0.798269
vt 0.869150 0.813674
vt 0.885353 0.780572
vt 0.876111 0.783307
vt 0.880121 0.773551
vt 0.861672 0.751909
vt 0.855917 0.840885
vt 0.866201 0.829960
vt 0.877447 0.837190
vt 0.895322 0.782989
vt 0.880158 0.763826
vt 0.888138 0.772786
vt 0.856647 0.822225
vt 0.877347 0.817029
vt 0.879440 0.851871
vt 0.886723 0.805733
vt 0.886457 0.743578
vt 0.878092 0.725485
vt 0.888174 0.847184
vt 0.881819 0.843569
vt 0.887192 0.818367
vt 0.892032 0.798096
vt 0.893450 0.806953
vt 0.887246 0.755679
vt 0.887031 0.838147
vt 0.898558 0.815000
vt 0.900732 0.799097
vt 0.904876 0.748945
vt 0.907934 0.784469
vt 0.916664 0.776654
vt 0.914927 0.789893
vt 0.903881 0.769398
vt 0.893343 0.766228
vt 0.904741 0.757843
vt 0.911419 0.736643
vt 0.901366 0.835523
vt 0.915959 0.759135
vt 0.911831 0.769520
vt 0.906896 0.801405
vt 0.889919 0.828970
vt 0.900548 0.728283
vt 0.912353 0.807671
vt 0.915414 0.816238
vt 0.930103 0.808615
vt 0.915939 0.825489
vt 0.925215 0.805643
vt 0.922087 0.789471
vt 0.822692 0.818673
vt 0.845891 0.848661
vt 0.846146 0.834239
vt 0.837839 0.844264
vt 0.836406 0.831093
vt 0.816444 0.805398
vt 0.831985 0.808455
vt 0.831936 0.822438
vt 0.842888 0.818620
vt 0.828456 0.792175
vt 0.835197 0.797882
vt 0.842634 0.801354
vt 0.846199 0.786522
vt 0.838664 0.791560
vt 0.821725 0.779709
vt 0.828892 0.776839
vt 0.838241 0.777829
vt 0.853323 0.788108
vt 0.850929 0.777464
vt 0.845088 0.776456
vt 0.823652 0.768404
vt 0.833646 0.767043
vt 0.850255 0.768464
vt 0.842946 0.765583
vt 0.838320 0.758722
vt 0.832658 0.837568
vt 0.846926 0.758287
vt 0.858832 0.728138
vt 0.832796 0.708092
vt 0.804238 0.759592
vt 0.815524 0.773778
vt 0.805884 0.770600
vt 0.810085 0.777705
vt 0.814143 0.787322
vt 0.796088 0.776042
vt 0.803653 0.783078
vt 0.801224 0.806500
vt 0.802686 0.795093
vt 0.789742 0.797936
vt 0.791407 0.804304
vt 0.786064 0.809515
vt 0.778776 0.804151
vt 0.771043 0.808516
vt 0.778327 0.812716
vt 0.390873 0.773593
vt 0.389118 0.767052
vt 0.399479 0.764707
vt 0.385873 0.762071
vt 0.381201 0.768695
vt 0.405633 0.772252
vt 0.396800 0.756304
vt 0.369666 0.776744
vt 0.415897 0.766070
vt 0.403570 0.782067
vt 0.388803 0.755140
vt 0.408382 0.755930
vt 0.366555 0.764568
vt 0.387451 0.782937
vt 0.413244 0.776808
vt 0.390028 0.748708
vt 0.378048 0.754468
vt 0.402544 0.746068
vt 0.346970 0.772936
vt 0.373362 0.786668
vt 0.422984 0.754307
vt 0.427892 0.777676
vt 0.397386 0.789884
vt 0.416138 0.784668
vt 0.416333 0.744948
vt 0.358764 0.753279
vt 0.345481 0.762113
vt 0.350775 0.781274
vt 0.385112 0.793595
vt 0.363111 0.783252
vt 0.428446 0.763056
vt 0.408711 0.794098
vt 0.393555 0.739680
vt 0.375472 0.742712
vt 0.406227 0.732859
vt 0.327197 0.771184
vt 0.339031 0.779119
vt 0.372942 0.795043
vt 0.360217 0.790192
vt 0.435231 0.755422
vt 0.429759 0.747060
vt 0.437714 0.768421
vt 0.423373 0.793405
vt 0.397251 0.796324
vt 0.417447 0.790443
vt 0.425949 0.735528
vt 0.359886 0.745521
vt 0.344824 0.754523
vt 0.331494 0.758644
vt 0.333268 0.777298
vt 0.339487 0.783101
vt 0.379042 0.805082
vt 0.439610 0.779547
vt 0.434727 0.792174
vt 0.390689 0.802108
vt 0.400536 0.806331
vt 0.387091 0.731495
vt 0.417991 0.727091
vt 0.345865 0.746334
vt 0.361945 0.740873
vt 0.315380 0.765695
vt 0.325412 0.782079
vt 0.334780 0.785993
vt 0.345763 0.787634
vt 0.363750 0.801932
vt 0.437398 0.747507
vt 0.446068 0.762180
vt 0.440134 0.740498
vt 0.437053 0.784452
vt 0.445846 0.777083
vt 0.431889 0.805216
vt 0.409971 0.811191
vt 0.420296 0.807835
vt 0.371154 0.731350
vt 0.394756 0.720936
vt 0.426832 0.727616
vt 0.408524 0.719160
vt 0.312972 0.757277
vt 0.308179 0.773536
vt 0.316572 0.779294
vt 0.350324 0.796598
vt 0.367876 0.812212
vt 0.390736 0.812006
vt 0.444408 0.750810
vt 0.436219 0.727784
vt 0.445338 0.791005
vt 0.443035 0.782062
vt 0.439970 0.803097
vt 0.400860 0.820339
vt 0.381357 0.720662
vt 0.423692 0.718499
vt 0.355720 0.733119
vt 0.326470 0.748694
vt 0.290734 0.759097
vt 0.318957 0.788542
vt 0.328480 0.791152
vt 0.341724 0.791817
vt 0.355123 0.804682
vt 0.359177 0.808527
vt 0.381059 0.818399
vt 0.456015 0.770970
vt 0.457112 0.749981
vt 0.444270 0.728932
vt 0.428648 0.818649
vt 0.439490 0.816287
vt 0.409169 0.822522
vt 0.418540 0.822338
vt 0.365494 0.720990
vt 0.398680 0.708604
vt 0.388131 0.711794
vt 0.430764 0.723425
vt 0.415804 0.712745
vt 0.335392 0.735389
vt 0.312937 0.750817
vt 0.307625 0.783783
vt 0.295806 0.778915
vt 0.337793 0.795661
vt 0.344914 0.804382
vt 0.351989 0.814309
vt 0.369796 0.825905
vt 0.391347 0.822201
vt 0.456250 0.787410
vt 0.457636 0.729535
vt 0.446746 0.806342
vt 0.407024 0.830061
vt 0.376467 0.706380
vt 0.409373 0.707902
vt 0.434993 0.716258
vt 0.421584 0.710203
vt 0.349938 0.722205
vt 0.318125 0.743005
vt 0.313891 0.795209
vt 0.327711 0.801977
vt 0.384559 0.830634
vt 0.466539 0.765809
vt 0.465061 0.781402
vt 0.456612 0.803939
vt 0.423702 0.827705
vt 0.429899 0.835328
vt 0.449449 0.816456
vt 0.398892 0.831432
vt 0.411965 0.829504
vt 0.357276 0.708494
vt 0.404665 0.699590
vt 0.389402 0.699400
vt 0.429160 0.708281
vt 0.416152 0.707091
vt 0.337919 0.722629
vt 0.315586 0.728610
vt 0.308112 0.747798
vt 0.302344 0.791579
vt 0.341889 0.814287
vt 0.349179 0.823206
vt 0.378519 0.834446
vt 0.466533 0.752048
vt 0.466166 0.794399
vt 0.415862 0.835103
vt 0.445021 0.828235
vt 0.402170 0.836817
vt 0.407921 0.837491
vt 0.366956 0.693497
vt 0.414454 0.701599
vt 0.397003 0.697325
vt 0.380061 0.689436
vt 0.421747 0.703465
vt 0.321792 0.716088
vt 0.343558 0.716251
vt 0.306554 0.735901
vt 0.307846 0.801481
vt 0.316135 0.809102
vt 0.366157 0.830674
vt 0.379070 0.836485
vt 0.386756 0.842440
vt 0.473869 0.777767
vt 0.472565 0.755205
vt 0.473400 0.786707
vt 0.470871 0.809089
vt 0.447008 0.841302
vt 0.456792 0.820022
vt 0.400155 0.842536
vt 0.351687 0.694712
vt 0.413189 0.696419
vt 0.401118 0.687721
vt 0.393999 0.691974
vt 0.392335 0.681875
vt 0.331976 0.700220
vt 0.291387 0.718747
vt 0.322587 0.811534
vt 0.333528 0.814941
vt 0.341579 0.820307
vt 0.377762 0.844710
vt 0.362467 0.836541
vt 0.479039 0.766419
vt 0.475391 0.795065
vt 0.410776 0.850643
vt 0.426382 0.855127
vt 0.455009 0.834693
vt 0.357730 0.685641
vt 0.372583 0.681453
vt 0.408810 0.691029
vt 0.384266 0.672097
vt 0.289331 0.694695
vt 0.320492 0.814802
vt 0.328239 0.816009
vt 0.392050 0.859827
vt 0.485135 0.781380
vt 0.465288 0.828374
vt 0.483965 0.806937
vt 0.440596 0.865858
vt 0.460566 0.842169
vt 0.341099 0.682793
vt 0.365977 0.685578
vt 0.397598 0.669292
vt 0.323359 0.822026
vt 0.340030 0.827692
vt 0.355446 0.837244
vt 0.368324 0.853167
vt 0.493447 0.791646
vt 0.397100 0.883992
vt 0.354177 0.676281
vt 0.363244 0.679327
vt 0.326579 0.686954
vt 0.369484 0.670848
vt 0.411151 0.671022
vt 0.405565 0.650637
vt 0.294706 0.676462
vt 0.474928 0.828142
vt 0.504637 0.810755
vt 0.472417 0.844333
vt 0.468826 0.836233
vt 0.345717 0.668113
vt 0.322826 0.674854
vt 0.380271 0.662157
vt 0.328891 0.837955
vt 0.352474 0.848415
vt 0.487054 0.824700
vt 0.465515 0.871549
vt 0.357577 0.665186
vt 0.334176 0.667146
vt 0.360701 0.673270
vt 0.368651 0.659052
vt 0.378508 0.653317
vt 0.480790 0.836804
vt 0.486291 0.840829
vt 0.347672 0.654019
vt 0.339786 0.660077
vt 0.325138 0.660346
vt 0.383545 0.644304
vt 0.485661 0.832720
vt 0.497919 0.852761
vt 0.358623 0.652628
vt 0.335119 0.658293
vt 0.331011 0.654727
vt 0.317074 0.663618
vt 0.366398 0.646675
vt 0.374326 0.643674
vt 0.490852 0.831460
vt 0.352068 0.642625
vt 0.337449 0.648485
vt 0.323898 0.650911
vt 0.317056 0.650604
vt 0.378936 0.634752
vt 0.500554 0.833721
vt 0.340462 0.635554
vt 0.358460 0.645294
vt 0.329972 0.642153
vt 0.370466 0.637669
vt 0.512895 0.843966
vt 0.348521 0.634708
vt 0.360866 0.638777
vt 0.334368 0.640600
vt 0.366660 0.630818
vt 0.351924 0.631701
vt 0.332332 0.634928
vt 0.334027 0.643204
vt 0.376307 0.623405
vt 0.360796 0.622837
vt 0.420645 0.533192
vt 0.430219 0.517323
vt 0.446737 0.536494
vt 0.449513 0.508840
vt 0.426163 0.503617
vt 0.442066 0.495838
vt 0.412701 0.516156
vt 0.430374 0.554056
vt 0.423105 0.485330
vt 0.433201 0.486516
vt 0.423344 0.492685
vt 0.557231 0.472971
vt 0.572029 0.501590
vt 0.535356 0.483712
vt 0.423384 0.496489
vt 0.432266 0.491749
vt 0.434958 0.476884
vt 0.514994 0.488945
vt 0.542688 0.505443
vt 0.529431 0.469337
vt 0.441288 0.482991
vt 0.441906 0.488581
vt 0.512562 0.477047
vt 0.504975 0.457130
vt 0.515188 0.462424
vt 0.495852 0.463627
vt 0.490917 0.452485
vt 0.507285 0.449099
vt 0.486692 0.495630
vt 0.501891 0.493014
vt 0.495715 0.514584
vt 0.501441 0.483501
vt 0.513127 0.470068
vt 0.471876 0.463882
vt 0.461930 0.458198
vt 0.476801 0.454260
vt 0.458511 0.479628
vt 0.450017 0.481856
vt 0.456914 0.474293
vt 0.455179 0.465636
vt 0.446632 0.473118
vt 0.501432 0.471292
vt 0.507284 0.467852
vt 0.483780 0.461096
vt 0.515283 0.506778
vt 0.495715 0.484297
vt 0.485730 0.482474
vt 0.477369 0.462472
vt 0.462751 0.468131
vt 0.497099 0.477364
vt 0.468491 0.472416
vt 0.482857 0.467239
vt 0.475273 0.467015
vt 0.476113 0.471677
vt 0.451703 0.486193
vt 0.487979 0.472873
vt 0.465532 0.483086
vt 0.476984 0.479558
vt 0.457913 0.597267
vt 0.476450 0.538379
vt 0.499630 0.551265
vt 0.531677 0.545045
vt 0.510281 0.531205
vt 0.521908 0.524544
vt 0.555442 0.535193
vt 0.510783 0.515806
vt 0.495742 0.533235
vt 0.553635 0.344119
vt 0.561218 0.345279
vt 0.554873 0.349470
vt 0.556076 0.338904
vt 0.548748 0.341228
vt 0.518355 0.339400
vt 0.513317 0.323845
vt 0.521853 0.330155
vt 0.530007 0.335641
vt 0.548893 0.335523
vt 0.556534 0.331299
vt 0.519396 0.319026
vt 0.524732 0.314708
vt 0.535936 0.326763
vt 0.541043 0.330830
vt 0.567461 0.337574
vt 0.515379 0.312025
vt 0.507823 0.309929
vt 0.542595 0.322591
vt 0.550535 0.326811
vt 0.519706 0.301260
vt 0.540702 0.321761
vt 0.513434 0.299937
vt 0.527556 0.322642
vt 0.536586 0.320630
vt 0.558566 0.322059
vt 0.478377 0.318610
vt 0.471820 0.309424
vt 0.483564 0.309451
vt 0.468724 0.322073
vt 0.491003 0.320380
vt 0.479855 0.327843
vt 0.473057 0.332358
vt 0.488650 0.333530
vt 0.471541 0.343391
vt 0.456075 0.342374
vt 0.464915 0.332644
vt 0.480670 0.339194
vt 0.491107 0.346876
vt 0.480874 0.349423
vt 0.464284 0.356810
vt 0.500248 0.338788
vt 0.476698 0.357704
vt 0.505316 0.351702
vt 0.513165 0.352300
vt 0.472916 0.368921
vt 0.485715 0.357286
vt 0.484506 0.369826
vt 0.494159 0.361697
vt 0.502074 0.357601
vt 0.498121 0.351489
vt 0.506993 0.360170
vt 0.502740 0.367161
vt 0.477724 0.380911
vt 0.513374 0.368799
vt 0.528013 0.440753
vt 0.522802 0.451660
vt 0.516937 0.441236
vt 0.494110 0.374055
vt 0.516078 0.434536
vt 0.507648 0.435823
vt 0.481752 0.391177
vt 0.490081 0.384855
vt 0.482696 0.398565
vt 0.486140 0.394666
vt 0.502606 0.378654
vt 0.492476 0.400990
vt 0.501757 0.390293
vt 0.513445 0.384583
vt 0.523512 0.425661
vt 0.512190 0.420544
vt 0.526621 0.415741
vt 0.509496 0.406159
vt 0.497173 0.415450
vt 0.560415 0.450694
vt 0.552651 0.455621
vt 0.551515 0.446878
vt 0.516762 0.429480
vt 0.511224 0.429297
vt 0.531165 0.454990
vt 0.500364 0.425838
vt 0.536179 0.436731
vt 0.536501 0.444836
vt 0.551407 0.426432
vt 0.535204 0.425842
vt 0.543181 0.418251
vt 0.544762 0.439266
vt 0.542953 0.450064
vt 0.507555 0.373264
vt 0.547020 0.429971
vt 0.524794 0.433698
vt 0.567487 0.436179
vt 0.571038 0.442927
vt 0.562915 0.442169
vt 0.557342 0.432379
vt 0.554034 0.435834
vt 0.516330 0.453763
vt 0.510725 0.455880
vt 0.540972 0.430606
vt 0.569841 0.447118
vt 0.571527 0.453797
vt 0.564533 0.463133
vt 0.540452 0.460456
vt 0.545710 0.455906
vt 0.429587 0.457414
vt 0.418420 0.461342
vt 0.428851 0.450278
vt 0.461073 0.327965
vt 0.415511 0.448116
vt 0.420838 0.438425
vt 0.434887 0.446158
vt 0.494822 0.439379
vt 0.489525 0.298239
vt 0.475817 0.295393
vt 0.480037 0.289975
vt 0.421959 0.351123
vt 0.420347 0.366013
vt 0.411272 0.361695
vt 0.479919 0.439562
vt 0.487701 0.427444
vt 0.434170 0.357659
vt 0.442781 0.348536
vt 0.444399 0.361655
vt 0.466757 0.444619
vt 0.434600 0.399857
vt 0.449953 0.405182
vt 0.441046 0.412327
vt 0.478856 0.429382
vt 0.467994 0.427903
vt 0.403084 0.407600
vt 0.401821 0.396945
vt 0.410196 0.399003
vt 0.479261 0.423611
vt 0.455958 0.446286
vt 0.457876 0.436755
vt 0.399610 0.420058
vt 0.410061 0.417097
vt 0.406039 0.428336
vt 0.454312 0.418195
vt 0.454926 0.429001
vt 0.379666 0.443649
vt 0.468331 0.378564
vt 0.486124 0.416193
vt 0.476144 0.417938
vt 0.433800 0.385535
vt 0.446759 0.389428
vt 0.480048 0.407522
vt 0.456446 0.321769
vt 0.462034 0.310336
vt 0.466444 0.409309
vt 0.450482 0.375189
vt 0.435962 0.373120
vt 0.445614 0.425018
vt 0.474075 0.397393
vt 0.457772 0.330694
vt 0.434484 0.415239
vt 0.418020 0.408968
vt 0.418278 0.393130
vt 0.415566 0.378099
vt 0.426828 0.375822
vt 0.461054 0.397712
vt 0.422288 0.332305
vt 0.431274 0.326369
vt 0.430650 0.343023
vt 0.425918 0.386668
vt 0.450729 0.353854
vt 0.466736 0.388575
vt 0.473498 0.387744
vt 0.427638 0.365162
vt 0.400535 0.373790
vt 0.406800 0.387856
vt 0.395206 0.389866
vt 0.457228 0.354258
vt 0.456510 0.363430
vt 0.458336 0.385654
vt 0.442244 0.334606
vt 0.398905 0.355620
vt 0.463821 0.383050
vt 0.445220 0.320393
vt 0.432979 0.307463
vt 0.449535 0.307553
vt 0.460371 0.375239
vt 0.419665 0.315958
vt 0.464956 0.368262
vt 0.451691 0.329257
vt 0.462036 0.294408
vt 0.469931 0.275416
vt 0.554128 0.418528
vt 0.564216 0.429037
vt 0.567039 0.424060
vt 0.575459 0.431261
vt 0.551269 0.412004
vt 0.454610 0.492814
vt 0.473490 0.511878
vt 0.470658 0.492735
vt 0.461140 0.522723
vt 0.412960 0.324228
vt 0.404228 0.310929
vt 0.412371 0.336961
vt 0.410697 0.348360
vt 0.402547 0.326199
vt 0.402285 0.338356
vt 0.388571 0.343699
vt 0.379524 0.331608
vt 0.392327 0.327793
vt 0.425434 0.464148
vt 0.432489 0.467009
vt 0.421534 0.472001
vt 0.454058 0.456688
vt 0.448748 0.456046
vt 0.439795 0.462592
vt 0.450674 0.435702
vt 0.443853 0.440815
vt 0.437312 0.452933
vt 0.425711 0.422221
vt 0.416594 0.421230
vt 0.437083 0.426574
vt 0.418321 0.429224
vt 0.430366 0.434128
vt 0.536911 0.337902
vt 0.547111 0.346139
vt 0.525321 0.356342
vt 0.521959 0.366144
vt 0.526755 0.345867
vt 0.548637 0.349898
vt 0.553412 0.351753
vt 0.539896 0.344276
vt 0.534991 0.355081
vt 0.543204 0.354252
vt 0.550714 0.358559
vt 0.541002 0.363675
vt 0.527818 0.364102
vt 0.538308 0.377108
vt 0.428883 0.250988
vt 0.426034 0.264062
vt 0.423293 0.255102
vt 0.466280 0.260622
vt 0.462790 0.267136
vt 0.457635 0.276572
vt 0.456223 0.267324
vt 0.435179 0.284065
vt 0.432252 0.293345
vt 0.422421 0.283708
vt 0.422173 0.305906
vt 0.422962 0.295525
vt 0.412391 0.301795
vt 0.438655 0.291844
vt 0.445618 0.290216
vt 0.441041 0.298408
vt 0.413141 0.293201
vt 0.431901 0.272641
vt 0.424260 0.273569
vt 0.438731 0.260571
vt 0.443786 0.273694
vt 0.457048 0.258655
vt 0.509292 0.334657
vt 0.514146 0.341817
vt 0.501359 0.325424
vt 0.505865 0.321125
vt 0.499534 0.311226
vt 0.503675 0.294818
vt 0.477496 0.282574
vt 0.491800 0.277368
vt 0.482133 0.284231
vt 0.534621 0.561497
vt 0.512060 0.572018
vt 0.525677 0.381010
vt 0.554072 0.398202
vt 0.565546 0.410369
vt 0.535177 0.402107
vt 0.541631 0.388462
vt 0.807693 0.405596
vt 0.812479 0.406969
vt 0.809427 0.414647
vt 0.798984 0.553567
vt 0.803971 0.552781
vt 0.807716 0.563381
vt 0.810871 0.541849
vt 0.814373 0.553721
vt 0.805715 0.547263
vt 0.804062 0.518049
vt 0.807089 0.533007
vt 0.799569 0.522682
vt 0.800995 0.508331
vt 0.796306 0.513086
vt 0.806939 0.523079
vt 0.813959 0.530735
vt 0.794185 0.503002
vt 0.812316 0.521801
vt 0.809546 0.515274
vt 0.807156 0.506481
vt 0.803484 0.496396
vt 0.816929 0.519865
vt 0.824981 0.532333
vt 0.818196 0.542178
vt 0.802514 0.541354
vt 0.824426 0.515149
vt 0.795676 0.475304
vt 0.799711 0.471372
vt 0.804334 0.480233
vt 0.809740 0.489160
vt 0.810869 0.498421
vt 0.803680 0.469955
vt 0.817328 0.492643
vt 0.818249 0.502087
vt 0.813326 0.508502
vt 0.800384 0.564568
vt 0.794330 0.463488
vt 0.786591 0.473905
vt 0.788954 0.448761
vt 0.809538 0.470635
vt 0.800560 0.463784
vt 0.803435 0.459878
vt 0.798714 0.454625
vt 0.817264 0.474672
vt 0.815118 0.467339
vt 0.820551 0.461935
vt 0.814300 0.482727
vt 0.831454 0.502245
vt 0.796079 0.435707
vt 0.790844 0.434799
vt 0.799798 0.441804
vt 0.802407 0.429056
vt 0.823645 0.485290
vt 0.809769 0.459358
vt 0.805505 0.449753
vt 0.795397 0.423476
vt 0.805756 0.438629
vt 0.792268 0.332094
vt 0.790151 0.321378
vt 0.805092 0.328689
vt 0.800163 0.413733
vt 0.811559 0.447713
vt 0.824576 0.476199
vt 0.838648 0.481739
vt 0.810449 0.433518
vt 0.806797 0.429707
vt 0.830015 0.467804
vt 0.830657 0.454170
vt 0.809069 0.397510
vt 0.811026 0.384471
vt 0.828320 0.395245
vt 0.807793 0.422738
vt 0.804980 0.410796
vt 0.816916 0.427793
vt 0.792551 0.488394
vt 0.846835 0.362399
vt 0.875025 0.337180
vt 0.865358 0.385149
vt 0.819709 0.443561
vt 0.833308 0.562227
vt 0.803160 0.397782
vt 0.804713 0.404678
vt 0.830027 0.436119
vt 0.846017 0.448057
vt 0.817607 0.571691
vt 0.840941 0.465096
vt 0.812166 0.272775
vt 0.793005 0.281331
vt 0.800645 0.250529
vt 0.821923 0.416620
vt 0.844004 0.421461
vt 0.805791 0.392776
vt 0.784867 0.322052
vt 0.803463 0.360432
vt 0.800382 0.371898
vt 0.798065 0.371737
vt 0.806156 0.301683
vt 0.845822 0.312546
vt 0.797336 0.362769
vt 0.786022 0.313815
vt 0.800679 0.349295
vt 0.814443 0.348406
vt 0.776197 0.250529
vt 0.776889 0.266134
vt 0.824019 0.364552
vt 0.808145 0.369429
vt 0.825574 0.250529
vt 0.832233 0.276579
vt 0.794165 0.342651
vt 0.780796 0.312389
vt 0.788612 0.301951
vt 0.897460 0.272298
vt 0.880835 0.250529
vt 0.774517 0.289806
vt 0.768323 0.294083
vt 0.769100 0.287941
vt 0.771474 0.278212
vt 0.778970 0.282948
vt 0.771077 0.285271
vt 0.768903 0.278391
vt 0.762092 0.261408
vt 0.763687 0.282988
vt 0.767032 0.283122
vt 0.759327 0.275395
vt 0.768418 0.277578
vt 0.935324 0.578588
vt 0.902258 0.494409
vt 0.938760 0.543268
vt 0.937705 0.452044
vt 0.929250 0.488180
vt 0.939666 0.489579
vt 0.939190 0.516134
vt 0.895259 0.603384
vt 0.884649 0.552069
vt 0.838848 0.650837
vt 0.836665 0.618854
vt 0.884598 0.650837
vt 0.936745 0.647484
vt 0.877196 0.434437
vt 0.807313 0.574816
vt 0.856980 0.598702
vt 0.861560 0.566681
vt 0.859278 0.473583
vt 0.859006 0.505551
vt 0.845163 0.533008
vt 0.828246 0.590143
vt 0.811912 0.586592
vt 0.819122 0.635154
vt 0.815060 0.648836
vt 0.798505 0.636183
vt 0.806493 0.629695
vt 0.795047 0.612481
vt 0.783875 0.611824
vt 0.787407 0.607818
vt 0.781710 0.609595
vt 0.787299 0.601849
vt 0.693907 0.600529
vt 0.686393 0.608890
vt 0.683810 0.605036
vt 0.765601 0.596443
vt 0.771515 0.599017
vt 0.773088 0.606267
vt 0.754103 0.597823
vt 0.764716 0.591208
vt 0.706695 0.591974
vt 0.697288 0.587660
vt 0.787792 0.593881
vt 0.691676 0.610554
vt 0.686507 0.597709
vt 0.708565 0.581761
vt 0.720186 0.587390
vt 0.705512 0.623144
vt 0.783278 0.598588
vt 0.773914 0.599896
vt 0.773512 0.594366
vt 0.778520 0.602810
vt 0.780979 0.594583
vt 0.734482 0.598976
vt 0.724885 0.597924
vt 0.732697 0.586109
vt 0.715847 0.602661
vt 0.746735 0.600866
vt 0.755524 0.593548
vt 0.721017 0.612642
vt 0.749600 0.587918
vt 0.766364 0.582682
vt 0.676530 0.602747
vt 0.680233 0.409613
vt 0.682501 0.399623
vt 0.686536 0.404526
vt 0.666496 0.392481
vt 0.679685 0.390208
vt 0.670105 0.401821
vt 0.738419 0.398089
vt 0.720931 0.397619
vt 0.732037 0.391731
vt 0.672806 0.380148
vt 0.671395 0.386995
vt 0.693720 0.397825
vt 0.704315 0.391610
vt 0.708311 0.398090
vt 0.681887 0.380521
vt 0.688954 0.384124
vt 0.692010 0.390141
vt 0.750481 0.381205
vt 0.747376 0.390061
vt 0.736564 0.383881
vt 0.725871 0.385985
vt 0.716453 0.391058
vt 0.701609 0.383883
vt 0.679964 0.372594
vt 0.691131 0.377678
vt 0.745408 0.371953
vt 0.761266 0.371602
vt 0.731145 0.376132
vt 0.690740 0.370738
vt 0.754292 0.364677
vt 0.764995 0.361676
vt 0.735683 0.367482
vt 0.716350 0.380511
vt 0.711467 0.385554
vt 0.684000 0.362218
vt 0.731852 0.363862
vt 0.735971 0.359296
vt 0.727279 0.367237
vt 0.702564 0.374050
vt 0.695685 0.366599
vt 0.686455 0.394023
vt 0.748106 0.360176
vt 0.744029 0.365130
vt 0.728407 0.360640
vt 0.755864 0.357760
vt 0.761897 0.352585
vt 0.717419 0.370761
vt 0.696178 0.360078
vt 0.703972 0.365198
vt 0.730651 0.356204
vt 0.720464 0.361634
vt 0.690152 0.355990
vt 0.747550 0.353300
vt 0.693424 0.410605
vt 0.733205 0.352350
vt 0.752195 0.346683
vt 0.696334 0.353019
vt 0.739905 0.346716
vt 0.703561 0.357097
vt 0.712789 0.361960
vt 0.724857 0.355089
vt 0.725022 0.347922
vt 0.746981 0.339037
vt 0.758312 0.342100
vt 0.689462 0.350041
vt 0.696251 0.348529
vt 0.715788 0.353247
vt 0.704138 0.346673
vt 0.751362 0.322827
vt 0.748903 0.318788
vt 0.753613 0.315567
vt 0.756545 0.305578
vt 0.758275 0.319302
vt 0.683279 0.353339
vt 0.751378 0.308745
vt 0.732338 0.340435
vt 0.742182 0.331367
vt 0.749997 0.330274
vt 0.693044 0.343580
vt 0.733003 0.332880
vt 0.717141 0.342817
vt 0.747242 0.314090
vt 0.745018 0.325461
vt 0.742348 0.318223
vt 0.735899 0.325546
vt 0.746640 0.301928
vt 0.746489 0.309499
vt 0.697826 0.337253
vt 0.687052 0.334247
vt 0.723349 0.335186
vt 0.746274 0.290642
vt 0.721131 0.326661
vt 0.727001 0.318511
vt 0.742087 0.299131
vt 0.741442 0.308341
vt 0.681998 0.344312
vt 0.690565 0.325644
vt 0.694682 0.331257
vt 0.701055 0.331377
vt 0.708952 0.335726
vt 0.728236 0.309284
vt 0.719340 0.306695
vt 0.721215 0.311785
vt 0.715262 0.309183
vt 0.734430 0.301058
vt 0.712211 0.318476
vt 0.723677 0.304111
vt 0.715649 0.301218
vt 0.709713 0.327192
vt 0.703983 0.324344
vt 0.679080 0.293829
vt 0.667672 0.284848
vt 0.679852 0.280057
vt 0.698549 0.317618
vt 0.722508 0.294984
vt 0.706930 0.306872
vt 0.697129 0.326656
vt 0.701343 0.295229
vt 0.712724 0.290365
vt 0.694924 0.302521
vt 0.700369 0.287491
vt 0.663901 0.262097
vt 0.690208 0.289880
vt 0.726807 0.279023
vt 0.801420 0.391331
vt 0.797968 0.388663
vt 0.802205 0.402776
vt 0.798738 0.400595
vt 0.800895 0.380140
vt 0.793885 0.353861
vt 0.789143 0.344760
vt 0.775888 0.309831
vt 0.777048 0.324935
vt 0.771823 0.321822
vt 0.798021 0.376811
vt 0.796151 0.394931
vt 0.794091 0.386781
vt 0.778813 0.319811
vt 0.778852 0.312731
vt 0.789545 0.366797
vt 0.794324 0.375094
vt 0.781157 0.329224
vt 0.781643 0.322180
vt 0.790059 0.379000
vt 0.786220 0.331291
vt 0.783537 0.338805
vt 0.779041 0.333234
vt 0.788844 0.356157
vt 0.783278 0.353889
vt 0.744002 0.529399
vt 0.737131 0.522100
vt 0.752130 0.528303
vt 0.747834 0.535396
vt 0.760314 0.538674
vt 0.739043 0.531863
vt 0.750020 0.542408
vt 0.728817 0.531033
vt 0.739972 0.541903
vt 0.733193 0.537938
vt 0.745156 0.550956
vt 0.730317 0.544381
vt 0.730799 0.554386
vt 0.720515 0.545425
vt 0.727826 0.572158
vt 0.741084 0.572943
vt 0.730476 0.580254
vt 0.748454 0.560552
vt 0.740003 0.559860
vt 0.713899 0.555831
vt 0.711370 0.566474
vt 0.696648 0.561870
vt 0.720916 0.578844
vt 0.726219 0.538917
vt 0.737623 0.566652
vt 0.746108 0.580025
vt 0.732900 0.563167
vt 0.731038 0.567850
vt 0.724229 0.565349
vt 0.706353 0.547511
vt 0.715033 0.534733
vt 0.702706 0.539668
vt 0.696415 0.548426
vt 0.713357 0.573575
vt 0.702734 0.574893
vt 0.720423 0.572162
vt 0.915753 0.334791
vt 0.916247 0.429893
vt 0.907907 0.393001
vt 0.616477 0.481181
vt 0.618085 0.444369
vt 0.622212 0.461658
vt 0.618509 0.432526
vt 0.616960 0.426855
vt 0.789338 0.518085
vt 0.789793 0.533232
vt 0.783051 0.529906
vt 0.758492 0.416793
vt 0.763281 0.407240
vt 0.770275 0.416049
vt 0.771373 0.341543
vt 0.774903 0.352895
vt 0.766375 0.348652
vt 0.641944 0.281947
vt 0.636700 0.275312
vt 0.648766 0.275381
vt 0.660476 0.291599
vt 0.657848 0.279786
vt 0.685593 0.299000
vt 0.649285 0.283469
vt 0.653392 0.282014
vt 0.632053 0.284217
vt 0.684709 0.304316
vt 0.663467 0.298441
vt 0.675737 0.302875
vt 0.691474 0.310988
vt 0.660696 0.306603
vt 0.648393 0.301788
vt 0.674608 0.310135
vt 0.638993 0.290790
vt 0.633704 0.302212
vt 0.627150 0.293096
vt 0.689917 0.318804
vt 0.683775 0.313893
vt 0.621082 0.302349
vt 0.663471 0.315024
vt 0.676565 0.317708
vt 0.625007 0.309051
vt 0.637679 0.313115
vt 0.683411 0.323083
vt 0.647456 0.321701
vt 0.652260 0.312460
vt 0.656316 0.321271
vt 0.621692 0.318897
vt 0.671557 0.322691
vt 0.644790 0.327722
vt 0.652427 0.329009
vt 0.679378 0.328067
vt 0.635547 0.328720
vt 0.621099 0.329775
vt 0.609227 0.328008
vt 0.662740 0.328295
vt 0.646108 0.336610
vt 0.613751 0.338941
vt 0.672760 0.334909
vt 0.660171 0.339089
vt 0.636271 0.345476
vt 0.624073 0.341728
vt 0.646766 0.347018
vt 0.672079 0.351513
vt 0.606161 0.361871
vt 0.614986 0.370366
vt 0.607472 0.375748
vt 0.613396 0.351315
vt 0.641219 0.355946
vt 0.655963 0.352912
vt 0.624588 0.357665
vt 0.649989 0.362945
vt 0.632144 0.356030
vt 0.637565 0.364966
vt 0.661931 0.360794
vt 0.672030 0.364809
vt 0.722830 0.485811
vt 0.712620 0.492183
vt 0.715198 0.485075
vt 0.625908 0.435601
vt 0.621159 0.430216
vt 0.628747 0.427431
vt 0.625972 0.374464
vt 0.751315 0.450023
vt 0.743369 0.461398
vt 0.733133 0.447411
vt 0.608400 0.450358
vt 0.604431 0.463729
vt 0.659893 0.373641
vt 0.633852 0.376191
vt 0.644898 0.371439
vt 0.781865 0.437257
vt 0.768889 0.434343
vt 0.777696 0.425079
vt 0.641455 0.379222
vt 0.616038 0.389349
vt 0.598594 0.407195
vt 0.602725 0.387288
vt 0.609293 0.428948
vt 0.671742 0.372297
vt 0.649369 0.378328
vt 0.645843 0.386264
vt 0.632661 0.387788
vt 0.655347 0.382443
vt 0.663788 0.384696
vt 0.655404 0.390675
vt 0.615094 0.412495
vt 0.624604 0.418372
vt 0.625269 0.472258
vt 0.630479 0.459907
vt 0.632670 0.473065
vt 0.756208 0.329018
vt 0.762765 0.325621
vt 0.634978 0.407698
vt 0.626203 0.402367
vt 0.642612 0.397424
vt 0.701156 0.492967
vt 0.692971 0.501090
vt 0.691725 0.492761
vt 0.758307 0.331912
vt 0.656634 0.399154
vt 0.645860 0.406498
vt 0.638673 0.415216
vt 0.766430 0.315216
vt 0.767379 0.322942
vt 0.633683 0.421322
vt 0.766160 0.332479
vt 0.760166 0.338432
vt 0.757273 0.467929
vt 0.764175 0.472931
vt 0.753287 0.478399
vt 0.774066 0.332217
vt 0.640572 0.498868
vt 0.646636 0.495496
vt 0.647945 0.500364
vt 0.658066 0.407682
vt 0.762859 0.485898
vt 0.652161 0.412449
vt 0.639025 0.425861
vt 0.628950 0.446309
vt 0.787331 0.545512
vt 0.795744 0.538545
vt 0.790368 0.557007
vt 0.759675 0.340901
vt 0.657949 0.415634
vt 0.633734 0.435878
vt 0.760130 0.531536
vt 0.767432 0.530305
vt 0.778475 0.341778
vt 0.650565 0.421814
vt 0.644632 0.434795
vt 0.638768 0.445241
vt 0.685808 0.464335
vt 0.690050 0.470282
vt 0.677483 0.470926
vt 0.771330 0.493810
vt 0.765190 0.491724
vt 0.772131 0.488148
vt 0.623604 0.452173
vt 0.749192 0.519386
vt 0.758296 0.520767
vt 0.702023 0.465529
vt 0.701586 0.474783
vt 0.668308 0.415891
vt 0.662612 0.425520
vt 0.655532 0.432141
vt 0.688346 0.589168
vt 0.678959 0.593097
vt 0.681578 0.582956
vt 0.634851 0.451704
vt 0.620937 0.522666
vt 0.606095 0.506204
vt 0.730835 0.488098
vt 0.731152 0.477742
vt 0.702568 0.422616
vt 0.699011 0.431691
vt 0.691705 0.423587
vt 0.680385 0.425874
vt 0.684837 0.417075
vt 0.717314 0.463161
vt 0.707746 0.453927
vt 0.719579 0.450699
vt 0.673085 0.432442
vt 0.651601 0.447225
vt 0.641089 0.456496
vt 0.627795 0.480809
vt 0.631470 0.493873
vt 0.757307 0.497846
vt 0.765572 0.499868
vt 0.754491 0.549446
vt 0.764516 0.554185
vt 0.630026 0.509228
vt 0.630211 0.529739
vt 0.784743 0.590978
vt 0.667668 0.595483
vt 0.667161 0.602886
vt 0.662521 0.599592
vt 0.645324 0.588590
vt 0.648612 0.590720
vt 0.647161 0.592746
vt 0.773243 0.367661
vt 0.771327 0.356749
vt 0.664118 0.439285
vt 0.789096 0.388501
vt 0.639834 0.466376
vt 0.786730 0.437283
vt 0.768873 0.381413
vt 0.780144 0.389228
vt 0.764874 0.392892
vt 0.753281 0.404783
vt 0.744141 0.405277
vt 0.751588 0.398846
vt 0.635155 0.483318
vt 0.668002 0.494381
vt 0.655477 0.492533
vt 0.668563 0.481989
vt 0.629455 0.546959
vt 0.638567 0.573261
vt 0.641838 0.584215
vt 0.635005 0.582448
vt 0.650983 0.579811
vt 0.656513 0.591941
vt 0.777881 0.366942
vt 0.648509 0.600476
vt 0.681914 0.439320
vt 0.674160 0.448428
vt 0.663317 0.453098
vt 0.652765 0.462719
vt 0.645318 0.476260
vt 0.778587 0.414958
vt 0.774503 0.409166
vt 0.710542 0.408852
vt 0.713531 0.420805
vt 0.635910 0.506828
vt 0.639415 0.541585
vt 0.639179 0.560310
vt 0.629384 0.564904
vt 0.692163 0.483999
vt 0.681851 0.495429
vt 0.784192 0.365349
vt 0.758619 0.385029
vt 0.784144 0.419933
vt 0.787493 0.428592
vt 0.728594 0.405972
vt 0.700568 0.403174
vt 0.654329 0.482847
vt 0.643564 0.488648
vt 0.692809 0.439300
vt 0.748321 0.470397
vt 0.753083 0.461310
vt 0.638888 0.513005
vt 0.637401 0.523218
vt 0.798670 0.572440
vt 0.805450 0.586448
vt 0.796929 0.582982
vt 0.665861 0.585014
vt 0.778354 0.377822
vt 0.730712 0.414752
vt 0.740307 0.411156
vt 0.744724 0.417360
vt 0.685542 0.449221
vt 0.669442 0.462484
vt 0.643199 0.506398
vt 0.707612 0.482493
vt 0.652757 0.538957
vt 0.643803 0.532237
vt 0.649597 0.553819
vt 0.692460 0.581269
vt 0.644971 0.566977
vt 0.654010 0.564039
vt 0.663569 0.571286
vt 0.705509 0.432914
vt 0.702662 0.441590
vt 0.780345 0.372401
vt 0.645417 0.516139
vt 0.681565 0.458471
vt 0.716685 0.479247
vt 0.661531 0.472443
vt 0.655219 0.531734
vt 0.649827 0.526834
vt 0.764855 0.577127
vt 0.758327 0.577327
vt 0.764762 0.573003
vt 0.691374 0.573822
vt 0.687527 0.578055
vt 0.719464 0.441386
vt 0.722469 0.435621
vt 0.673643 0.576985
vt 0.684978 0.573441
vt 0.783971 0.381744
vt 0.735447 0.423297
vt 0.751487 0.411311
vt 0.699130 0.448168
vt 0.655573 0.507245
vt 0.658650 0.533748
vt 0.660962 0.528109
vt 0.654657 0.519296
vt 0.763321 0.425366
vt 0.750384 0.424675
vt 0.658510 0.555034
vt 0.773969 0.478980
vt 0.774672 0.466887
vt 0.659663 0.547321
vt 0.739294 0.493758
vt 0.726222 0.497649
vt 0.711239 0.441522
vt 0.713339 0.431396
vt 0.774584 0.400737
vt 0.762476 0.462852
vt 0.719780 0.428402
vt 0.724544 0.422709
vt 0.693653 0.456991
vt 0.676620 0.566345
vt 0.780295 0.502604
vt 0.785254 0.490828
vt 0.788332 0.504022
vt 0.664335 0.537446
vt 0.665837 0.558882
vt 0.668368 0.547857
vt 0.680427 0.523545
vt 0.680486 0.508969
vt 0.696349 0.515258
vt 0.745600 0.478595
vt 0.740247 0.473151
vt 0.746257 0.440854
vt 0.755185 0.433984
vt 0.759976 0.442316
vt 0.779660 0.403623
vt 0.786651 0.399124
vt 0.751616 0.416920
vt 0.755269 0.512695
vt 0.768386 0.512235
vt 0.729566 0.432514
vt 0.682588 0.550227
vt 0.791702 0.394329
vt 0.681513 0.479157
vt 0.760921 0.527059
vt 0.766243 0.522902
vt 0.679302 0.486397
vt 0.714322 0.502641
vt 0.710048 0.463641
vt 0.597543 0.441995
vt 0.666448 0.516978
vt 0.711580 0.518693
vt 0.710125 0.510388
vt 0.794909 0.406291
vt 0.756638 0.582479
vt 0.670580 0.528696
vt 0.675262 0.536346
vt 0.766977 0.546340
vt 0.775639 0.536553
vt 0.790458 0.399306
vt 0.790399 0.407068
vt 0.741803 0.433004
vt 0.719313 0.471977
vt 0.710844 0.471595
vt 0.669717 0.504079
vt 0.784757 0.513868
vt 0.784629 0.409852
vt 0.786416 0.583464
vt 0.756285 0.570077
vt 0.780035 0.413588
vt 0.789492 0.417326
vt 0.772510 0.557847
vt 0.777088 0.548831
vt 0.783859 0.567824
vt 0.781605 0.569533
vt 0.782485 0.562907
vt 0.763441 0.563253
vt 0.773787 0.568542
vt 0.738755 0.483842
vt 0.776449 0.493767
vt 0.778795 0.485605
vt 0.787131 0.569612
vt 0.786008 0.553980
vt 0.784054 0.551640
vt 0.784533 0.542904
vt 0.688637 0.532586
vt 0.779639 0.560440
vt 0.751922 0.506054
vt 0.759607 0.505569
vt 0.776226 0.585377
vt 0.725774 0.469639
vt 0.733978 0.464693
vt 0.803590 0.618640
vt 0.745820 0.485760
vt 0.751156 0.490579
vt 0.723057 0.511223
vt 0.694132 0.539986
vt 0.747571 0.500667
vt 0.745084 0.512102
vt 0.777246 0.523315
vt 0.781372 0.512347
vt 0.782689 0.520690
vt 0.782797 0.509140
vt 0.773901 0.590382
vt 0.702894 0.529478
vt 0.770903 0.442203
vt 0.776747 0.448439
vt 0.792807 0.589899
vt 0.799278 0.601143
vt 0.721231 0.523554
vt 0.712076 0.525488
vt 0.704172 0.504938
vt 0.700458 0.499260
vt 0.772717 0.500339
vt 0.726805 0.459205
vt 0.720477 0.414596
vt 0.706364 0.499033
vt 0.813817 0.600792
vt 0.806695 0.606127
vt 0.804247 0.597328
vt 0.771334 0.577297
vt 0.775129 0.579088
vt 0.759480 0.456202
vt 0.758446 0.459716
vt 0.724068 0.477348
vt 0.764620 0.449950
vt 0.785268 0.447190
vt 0.736324 0.506294
vt 0.811728 0.613945
vt 0.786720 0.575702
vt 0.784197 0.569460
vt 0.779626 0.577513
vt 0.781050 0.457727
vt 0.770740 0.456501
vt 0.800062 0.623790
vt 0.781240 0.587665
vt 0.610374 0.547644
vt 0.781134 0.304585
vt 0.781461 0.294339
vt 0.775158 0.298014
vt 0.771062 0.304487
vt 0.762211 0.304583
vt 0.766485 0.301968
vt 0.756052 0.290165
vt 0.762497 0.294476
vt 0.758590 0.283836
vt 0.735651 0.261979
vt 0.582041 0.472245
vt 0.583883 0.426885
vt 0.642560 0.588018
vt 0.637898 0.595997
vt 0.616691 0.605918
vt 0.562105 0.552308
f 2840/1 2150/2 2841/3
f 2364/7 2835/5 2363/4
f 2363/4 2835/5 273/6
f 312/11 20/9 313/8
f 304/12 313/8 276/10
f 313/8 20/9 276/10
f 276/14 294/13 304/16
f 273/17 294/13 2363/15
f 294/13 276/14 2363/15
f 2085/22 2662/19 2084/21
f 2084/21 2662/19 1924/18
f 1924/18 2662/19 1925/20
f 2677/23 2662/19 2085/22
f 2611/29 2364/30 2363/27
f 2363/27 2645/28 2611/29
f 2363/27 2644/25 2645/28
f 20/24 2644/25 276/26
f 2644/25 2363/27 276/26
f 2934/36 3009/37 270/35
f 270/35 267/34 268/38
f 3009/37 1058/31 270/35
f 261/33 270/35 1058/31
f 2934/36 270/35 268/38
f 1058/31 3191/32 261/33
f 261/33 267/34 270/35
f 2605/39 2613/41 20/43
f 2605/39 2540/40 2613/41
f 2645/48 2644/45 2643/44
f 320/46 2605/39 20/43
f 2613/41 2644/45 20/43
f 2643/44 2644/45 2613/41
f 67/42 2643/44 2613/41
f 320/46 20/43 312/47
f 2540/40 67/42 2613/41
f 2527/54 66/50 67/49
f 2609/51 2151/59 2150/55
f 2643/57 67/49 2609/51
f 2150/55 2151/59 2841/60
f 2150/55 2611/58 2645/56
f 2609/51 2645/56 2643/57
f 2150/55 2645/56 2609/51
f 2540/53 2527/54 67/49
f 66/50 2576/52 2609/51
f 67/49 66/50 2609/51
f 2603/62 3047/61 2614/64
f 2666/65 2651/71 3047/61
f 2615/69 2614/64 3047/61
f 2651/71 66/66 2615/69
f 66/66 2527/70 2538/67
f 2614/64 2615/69 2641/68
f 66/66 2538/67 2641/68
f 3047/61 2603/62 884/63
f 3047/61 884/63 2666/65
f 2615/69 66/66 2641/68
f 2651/71 2615/69 3047/61
f 912/75 657/77 76/74
f 2481/73 2698/76 912/75
f 1594/82 2573/83 74/81
f 807/78 657/77 912/75
f 657/77 910/79 76/74
f 2573/83 2481/73 805/72
f 910/79 902/80 76/74
f 805/72 74/81 2573/83
f 807/78 912/75 2698/76
f 2885/87 321/91 3009/88
f 2885/87 2873/90 321/91
f 2085/92 2885/87 2677/89
f 2598/93 2085/92 1989/94
f 1989/94 1977/95 2598/93
f 2873/90 2598/93 2639/96
f 1075/84 2885/87 2934/85
f 2885/87 3009/88 2934/85
f 2617/97 2873/90 2639/96
f 1075/84 2677/89 2885/87
f 2617/97 2639/96 2924/98
f 1075/84 2934/85 268/86
f 321/91 2617/97 322/100
f 2639/96 2598/93 1977/95
f 2885/87 2085/92 2598/93
f 1989/94 1920/101 1977/95
f 2617/97 316/99 322/100
f 2873/90 2617/97 321/91
f 2885/87 2598/93 2873/90
f 2924/98 316/99 2617/97
f 316/119 2924/110 318/120
f 304/113 296/104 2690/116
f 2690/116 318/120 2589/107
f 318/120 2924/110 2589/107
f 296/104 304/113 294/114
f 2360/112 2334/111 2241/117
f 317/121 316/119 318/120
f 2690/116 2334/111 304/113
f 2221/108 2690/116 2589/107
f 313/122 2360/112 312/118
f 2241/117 2334/111 2210/115
f 311/123 318/120 301/103
f 2241/117 312/118 2360/112
f 311/123 317/121 318/120
f 2690/116 2210/115 2334/111
f 318/120 2690/116 301/103
f 2210/115 2690/116 2221/108
f 273/102 296/104 294/114
f 2334/111 2360/112 304/113
f 296/104 301/103 2690/116
f 2360/112 313/122 304/113
f 301/103 273/102 311/123
f 2924/110 2639/105 2589/107
f 2221/108 2589/107 1977/106
f 2221/108 1977/106 1920/109
f 2639/105 1977/106 2589/107
f 273/102 301/103 296/104
f 2621/138 677/132 678/139
f 316/146 317/141 678/139
f 2534/130 2832/134 2551/125
f 3108/133 677/132 2777/144
f 322/140 1079/129 321/128
f 3108/133 2534/130 677/132
f 2534/130 3026/131 677/132
f 3009/124 321/128 1079/129
f 2835/147 2692/143 273/145
f 2647/137 678/139 317/141
f 678/139 677/132 1079/129
f 2534/130 2551/125 2549/135
f 2647/137 2692/143 2835/147
f 1079/129 2549/135 3009/124
f 3009/124 2549/135 2551/125
f 2621/138 2777/144 677/132
f 1079/129 677/132 3026/131
f 2831/136 2551/125 2832/134
f 3191/127 2551/125 2831/136
f 273/145 2692/143 311/142
f 2647/137 2621/138 678/139
f 3026/131 2549/135 1079/129
f 678/139 322/140 316/146
f 2692/143 2647/137 317/141
f 2534/130 3108/133 2832/134
f 678/139 1079/129 322/140
f 2534/130 2549/135 3026/131
f 3009/124 2551/125 1058/126
f 2551/125 3191/127 1058/126
f 317/141 311/142 2692/143
f 2576/161 66/162 859/149
f 66/162 2651/163 859/149
f 882/160 881/156 883/150
f 860/148 859/149 883/150
f 883/150 2721/152 860/148
f 2721/152 2712/153 860/148
f 2720/154 2712/153 2721/152
f 918/155 2721/152 881/156
f 2721/152 918/155 919/157
f 2720/154 2721/152 919/157
f 881/156 2721/152 883/150
f 859/149 2651/163 883/150
f 2712/153 2576/161 860/148
f 883/150 2651/163 882/160
f 859/149 860/148 2576/161
f 2651/163 2666/158 882/160
f 881/156 882/160 2640/159
f 2666/158 2640/159 882/160
f 2640/159 2666/158 879/151
f 903/165 902/166 907/169
f 903/165 913/164 902/166
f 75/167 76/168 902/166
f 2158/170 2047/171 2044/172
f 2263/175 2266/176 2251/185
f 2437/179 2265/188 2143/177
f 2498/194 2478/198 2537/197
f 2442/196 1738/193 2450/191
f 2251/185 2264/184 2263/175
f 1608/199 2557/192 2478/198
f 2437/179 2251/185 2257/186
f 2260/187 2498/194 2265/188
f 2470/181 2251/185 2437/179
f 1952/189 2442/196 1953/183
f 2442/196 1952/189 2265/188
f 2146/174 2158/170 2263/175
f 1738/193 2442/196 2265/188
f 2537/197 1738/193 2498/194
f 2260/187 2257/186 2266/176
f 2251/185 2266/176 2257/186
f 1738/193 2537/197 2450/191
f 2557/192 2537/197 2478/198
f 2468/190 2442/196 2450/191
f 2143/177 1952/189 1953/183
f 2265/188 2437/179 2257/186
f 2557/192 2450/191 2537/197
f 2468/190 307/195 2442/196
f 307/195 1953/183 2442/196
f 1738/193 2265/188 2498/194
f 2468/190 2450/191 2557/192
f 1952/189 2143/177 2265/188
f 2158/170 2044/172 2248/173
f 2257/186 2260/187 2265/188
f 2251/185 2470/181 2264/184
f 2263/175 2264/184 2146/174
f 2047/171 2158/170 2146/174
f 2263/175 2248/173 2266/176
f 2158/170 2248/173 2263/175
f 2250/180 2143/177 1953/183
f 2437/179 2154/178 2470/181
f 2470/181 2154/178 2247/182
f 2250/180 2154/178 2143/177
f 2143/177 2154/178 2437/179
f 1991/233 2347/234 1992/232
f 1991/233 2010/220 2000/206
f 2296/200 2694/201 2021/202
f 1992/232 2010/220 1991/233
f 2010/220 1992/232 1967/213
f 2663/203 2694/201 2664/204
f 2345/225 2011/227 2014/235
f 2296/200 2664/204 2694/201
f 2302/205 2000/206 1998/207
f 2284/208 1994/209 2294/210
f 2347/234 2014/235 2011/227
f 2014/235 2347/234 1991/233
f 1990/236 1992/232 2347/234
f 2014/235 2000/206 2345/225
f 1987/211 1954/212 1967/213
f 1999/219 2277/231 1998/207
f 1991/233 2000/206 2014/235
f 1998/207 2288/216 2281/215
f 1937/214 2302/205 2281/215
f 2345/225 1937/214 1935/224
f 2281/215 2288/216 2665/217
f 2021/202 2279/218 2284/208
f 1999/219 1954/212 1987/211
f 2287/223 1997/222 2298/229
f 1998/207 1954/212 1999/219
f 2000/206 2010/220 1998/207
f 2684/230 2294/210 2287/223
f 2277/231 2288/216 1998/207
f 2286/221 2284/208 2294/210
f 1998/207 2281/215 2302/205
f 2284/208 2296/200 2021/202
f 1997/222 2287/223 1994/209
f 2296/200 2284/208 2286/221
f 1997/222 1935/224 1937/214
f 2345/225 1996/226 2011/227
f 1987/211 1986/228 1999/219
f 2010/220 1967/213 1954/212
f 2302/205 1937/214 2000/206
f 2281/215 2665/217 2298/229
f 1935/224 1997/222 1994/209
f 2281/215 1997/222 1937/214
f 1997/222 2281/215 2298/229
f 2345/225 1935/224 1996/226
f 2345/225 2000/206 1937/214
f 2294/210 1994/209 2287/223
f 1996/226 1935/224 1994/209
f 2284/208 2279/218 1994/209
f 1996/226 1994/209 2279/218
f 2684/230 2296/200 2286/221
f 2286/221 2294/210 2684/230
f 2010/220 1954/212 1998/207
f 398/251 1693/244 1532/279
f 1740/275 1535/277 1574/278
f 1581/276 3601/271 1740/275
f 1583/252 1590/246 1589/249
f 1573/272 1535/277 1740/275
f 1829/243 1572/245 1577/242
f 1538/274 1535/277 1573/272
f 3601/271 1581/276 1578/241
f 3601/271 2945/273 1740/275
f 1589/249 390/250 410/253
f 1570/237 1576/238 1575/239
f 2945/273 1573/272 1740/275
f 1565/270 1538/274 1573/272
f 1583/252 1589/249 410/253
f 2945/273 3601/271 3592/269
f 1590/246 1789/248 1577/242
f 2945/273 3592/269 1573/272
f 1565/270 1573/272 3592/269
f 724/260 3632/259 676/258
f 3601/271 1580/256 3592/269
f 3592/269 3651/268 1565/270
f 1580/256 728/261 3592/269
f 1576/238 244/266 249/263
f 1829/243 1584/254 1693/244
f 1789/248 2725/255 1570/237
f 1789/248 1575/239 1577/242
f 1570/237 244/266 1576/238
f 728/261 3651/268 3592/269
f 410/253 192/283 207/286
f 142/285 192/283 205/284
f 205/284 192/283 390/250
f 142/285 207/286 192/283
f 400/280 205/284 390/250
f 192/283 410/253 390/250
f 1693/244 398/251 1572/245
f 1618/240 1575/239 1578/241
f 1578/241 1829/243 1618/240
f 3119/257 676/258 3632/259
f 1829/243 1578/241 1584/254
f 1575/239 1618/240 1577/242
f 1618/240 1829/243 1577/242
f 1693/244 1572/245 1829/243
f 1590/246 1613/247 1789/248
f 1589/249 1577/242 1572/245
f 728/261 724/260 3651/268
f 3632/259 724/260 1561/262
f 1789/248 1613/247 2725/255
f 727/264 1561/262 728/261
f 1580/256 1578/241 1575/239
f 244/266 243/267 250/265
f 1575/239 1789/248 1570/237
f 390/250 1572/245 398/251
f 243/267 727/264 250/265
f 249/263 244/266 250/265
f 1590/246 1577/242 1589/249
f 1575/239 1576/238 1580/256
f 1590/246 1583/252 1613/247
f 390/250 1589/249 1572/245
f 727/264 249/263 250/265
f 728/261 249/263 727/264
f 249/263 1580/256 1576/238
f 400/280 1532/279 403/282
f 1584/254 1578/241 1581/276
f 3601/271 1578/241 1580/256
f 1740/275 1574/278 1532/279
f 451/281 403/282 1532/279
f 728/261 1580/256 249/263
f 398/251 1532/279 400/280
f 1574/278 451/281 1532/279
f 1584/254 1581/276 1693/244
f 390/250 398/251 400/280
f 724/260 728/261 1561/262
f 1693/244 1581/276 1532/279
f 1581/276 1740/275 1532/279
f 2238/308 2240/309 2229/310
f 2337/302 2299/291 2691/290
f 2337/302 2022/301 2663/307
f 2310/294 2691/290 2388/311
f 2027/347 2036/336 2038/319
f 2027/347 2038/319 2040/322
f 2036/336 2027/347 2028/348
f 2028/348 2048/332 2036/336
f 2040/322 2028/348 2027/347
f 2041/333 2048/332 2028/348
f 2299/291 2686/329 907/292
f 2694/312 2663/307 2022/301
f 2240/309 2142/298 2230/306
f 2691/290 2310/294 2337/302
f 2243/296 2029/313 2088/314
f 2444/326 2268/323 2229/310
f 2388/311 2691/290 787/315
f 2337/302 2663/307 2299/291
f 2021/316 2694/312 2022/301
f 2390/295 2032/289 1932/288
f 2041/333 2028/348 2239/328
f 2238/308 2386/317 2267/318
f 2029/313 2040/322 2088/314
f 2230/306 2390/295 2388/311
f 2028/348 2040/322 2239/328
f 2039/330 2068/299 2037/331
f 2068/299 2701/297 2037/331
f 2030/321 2701/297 2245/303
f 2701/297 2030/321 2037/331
f 1606/320 2230/306 2388/311
f 2243/296 2088/314 2244/304
f 2310/294 2388/311 2390/295
f 2048/332 2041/333 2051/334
f 2038/319 2031/305 2088/314
f 2055/287 2034/300 2042/337
f 1606/320 2388/311 787/315
f 2289/338 2291/339 1933/325
f 2291/339 2022/301 1933/325
f 2289/338 1933/325 2053/340
f 2244/304 2088/314 2031/305
f 2021/316 1934/341 2279/342
f 1932/288 2055/287 1933/325
f 2031/305 2030/321 2245/303
f 2068/299 2039/330 2034/300
f 2055/287 2053/340 1933/325
f 2045/335 2038/319 2036/336
f 2025/343 1934/341 2022/301
f 2142/298 2240/309 2243/296
f 2025/343 2291/339 2289/338
f 2686/329 2299/291 2663/307
f 2245/303 2701/297 2243/296
f 2691/290 907/292 787/315
f 2310/294 2026/293 2337/302
f 2025/343 2022/301 2291/339
f 2048/332 2051/334 2036/336
f 2230/306 2142/298 2032/289
f 2145/344 2025/343 2289/338
f 2040/322 2038/319 2088/314
f 2032/289 2068/299 2034/300
f 2021/316 2022/301 1934/341
f 2034/300 2039/330 2042/337
f 2279/342 2012/345 1996/346
f 2012/345 2025/343 2145/344
f 2230/306 2229/310 2240/309
f 2245/303 2244/304 2031/305
f 2055/287 2042/337 2053/340
f 1933/325 2022/301 2026/293
f 2268/323 2238/308 2229/310
f 2040/322 2153/327 2239/328
f 1934/341 2012/345 2279/342
f 1934/341 2025/343 2012/345
f 2029/313 2243/296 2238/308
f 1704/324 2229/310 1606/320
f 1932/288 1933/325 2026/293
f 2026/293 2022/301 2337/302
f 1932/288 2026/293 2390/295
f 2267/318 2153/327 2029/313
f 2029/313 2153/327 2040/322
f 2034/300 2055/287 2032/289
f 2142/298 2701/297 2068/299
f 2243/296 2701/297 2142/298
f 2267/318 2029/313 2238/308
f 2386/317 2268/323 2444/326
f 2444/326 2229/310 1704/324
f 2055/287 1932/288 2032/289
f 2386/317 2238/308 2268/323
f 2230/306 2032/289 2390/295
f 2031/305 2038/319 2030/321
f 2691/290 2299/291 907/292
f 2032/289 2142/298 2068/299
f 2243/296 2244/304 2245/303
f 2243/296 2240/309 2238/308
f 2230/306 1606/320 2229/310
f 2026/293 2310/294 2390/295
f 2659/394 2658/397 2301/396
f 903/363 2709/356 904/365
f 2684/373 2661/372 2710/391
f 2658/397 887/392 269/402
f 2718/390 269/402 917/376
f 2675/386 2704/399 2303/352
f 2686/362 2663/366 2709/356
f 895/359 2718/390 891/375
f 2665/388 2288/380 2372/379
f 2675/386 2301/396 2704/399
f 2372/379 2658/397 2683/389
f 2300/400 1986/401 2303/352
f 2303/352 2704/399 2300/400
f 2301/396 2675/386 2659/394
f 2684/373 2287/398 2297/371
f 2659/394 2679/393 2658/397
f 2658/397 269/402 2683/389
f 891/375 893/360 895/359
f 2710/391 895/359 906/355
f 2679/393 887/392 2658/397
f 2297/371 2683/389 2661/372
f 2718/390 895/359 2710/391
f 891/375 2718/390 917/376
f 2372/379 2301/396 2658/397
f 2679/393 1514/385 890/374
f 2678/395 2715/382 2673/381
f 1447/350 2669/349 2668/383
f 920/368 919/370 918/387
f 2675/386 920/368 2659/394
f 2686/362 903/363 907/367
f 2659/394 920/368 2679/393
f 904/365 2709/356 906/355
f 890/374 269/402 887/392
f 2665/388 2683/389 2297/371
f 890/374 887/392 2679/393
f 2718/390 2710/391 2661/372
f 2675/386 2303/352 1447/350
f 2709/356 2664/357 2693/354
f 269/402 2718/390 2661/372
f 2665/388 2372/379 2683/389
f 904/365 906/355 914/361
f 918/387 1514/385 920/368
f 891/375 890/374 1485/384
f 2683/389 269/402 2661/372
f 1447/350 2715/382 2675/386
f 920/368 2715/382 901/369
f 2277/378 2301/396 2372/379
f 2686/362 2709/356 903/363
f 2715/382 2720/377 901/369
f 1514/385 1485/384 890/374
f 1936/353 2303/352 1986/401
f 2673/381 2715/382 2668/383
f 2277/378 2372/379 2288/380
f 919/370 901/369 2720/377
f 2675/386 2715/382 920/368
f 890/374 891/375 917/376
f 2298/404 2665/388 2297/371
f 2709/356 2663/366 2664/357
f 913/364 903/363 904/365
f 2710/391 2296/358 2684/373
f 2297/371 2287/398 2298/404
f 2300/400 2301/396 2277/378
f 2669/349 1447/350 2308/351
f 920/368 1514/385 2679/393
f 1447/350 2668/383 2715/382
f 2297/371 2661/372 2684/373
f 2715/382 2678/395 2720/377
f 2277/378 1999/403 2300/400
f 2710/391 2693/354 2296/358
f 920/368 901/369 919/370
f 2693/354 906/355 2709/356
f 906/355 2693/354 2710/391
f 2693/354 2664/357 2296/358
f 895/359 893/360 914/361
f 1999/403 1986/401 2300/400
f 917/376 269/402 890/374
f 2704/399 2301/396 2300/400
f 914/361 906/355 895/359
f 2303/352 1936/353 2308/351
f 1447/350 2303/352 2308/351
f 2110/465 2136/461 2109/464
f 2119/425 2110/465 631/446
f 2110/465 2119/425 2113/463
f 2136/461 2110/465 2113/463
f 2109/464 2136/461 2101/462
f 2112/466 2105/420 2111/467
f 630/443 2110/465 2116/468
f 2096/415 2114/413 614/418
f 681/428 2119/425 2115/450
f 2136/461 2113/463 2216/406
f 2116/468 2079/460 2050/439
f 2109/464 2105/420 2112/466
f 2383/469 2079/460 2116/468
f 2101/462 2105/420 2109/464
f 719/416 768/408 665/410
f 2122/407 2216/406 2113/463
f 684/431 2137/430 683/426
f 2111/467 2383/469 2112/466
f 2122/407 2113/463 2119/425
f 2116/468 2050/439 630/443
f 2155/451 2054/448 2160/456
f 2149/457 2139/458 2157/459
f 2215/411 614/418 2114/413
f 2144/445 2264/449 2155/451
f 2118/405 2122/407 665/410
f 684/431 2134/452 2149/457
f 684/431 2157/459 675/429
f 2215/411 2212/409 768/408
f 2215/411 2114/413 2107/412
f 681/428 2115/450 2134/452
f 2079/460 2045/440 2050/439
f 2144/445 2147/454 631/446
f 681/428 2134/452 684/431
f 2149/457 2157/459 684/431
f 2149/457 2134/452 2155/451
f 2051/441 2047/455 635/442
f 2160/456 2139/458 2149/457
f 2149/457 2155/451 2160/456
f 2247/453 2160/456 2054/448
f 2147/454 2155/451 2115/450
f 2115/450 631/446 2147/454
f 2144/445 2146/444 2264/449
f 635/442 2047/455 2146/444
f 2147/454 2144/445 2155/451
f 2054/448 2470/447 2247/453
f 768/408 719/416 771/417
f 2264/449 2054/448 2155/451
f 635/442 2144/445 631/446
f 667/432 669/427 683/426
f 2115/450 2155/451 2134/452
f 2470/447 2054/448 2264/449
f 630/443 635/442 631/446
f 2146/444 2144/445 635/442
f 630/443 2050/439 635/442
f 2050/439 2051/441 635/442
f 2036/438 2051/441 2050/439
f 2101/462 2136/461 2107/412
f 2107/412 2105/420 2101/462
f 667/432 683/426 2214/433
f 2114/413 2096/415 2100/414
f 2100/414 2105/420 2107/412
f 2107/412 2136/461 2216/406
f 2036/438 2050/439 2045/440
f 2214/433 683/426 2137/430
f 2216/406 2118/405 2107/412
f 2089/434 719/416 669/427
f 668/435 2089/434 669/427
f 2571/419 614/418 2215/411
f 668/435 667/432 2214/433
f 665/410 2119/425 669/427
f 2215/411 768/408 771/417
f 2114/413 2100/414 2107/412
f 2107/412 2118/405 2215/411
f 2200/436 2214/433 2137/430
f 2214/433 2211/437 668/435
f 2105/420 2098/421 2108/422
f 2100/414 2098/421 2105/420
f 2119/425 681/428 669/427
f 2100/414 2096/415 2098/421
f 668/435 2211/437 2089/434
f 675/429 2137/430 684/431
f 614/418 722/423 721/424
f 683/426 669/427 681/428
f 722/423 614/418 2571/419
f 667/432 668/435 669/427
f 665/410 2212/409 2118/405
f 681/428 684/431 683/426
f 665/410 669/427 719/416
f 2110/465 2109/464 2116/468
f 2118/405 2212/409 2215/411
f 2105/420 2108/422 2111/467
f 2110/465 630/443 631/446
f 2115/450 2119/425 631/446
f 768/408 2212/409 665/410
f 614/418 721/424 2096/415
f 2112/466 2383/469 2116/468
f 2111/467 2108/422 2383/469
f 2118/405 2216/406 2122/407
f 2119/425 665/410 2122/407
f 2112/466 2116/468 2109/464
f 2567/486 310/487 838/488
f 32/473 2700/474 772/475
f 2646/484 837/489 2600/490
f 2700/474 909/478 772/475
f 2548/529 1049/514 40/515
f 2646/484 839/491 846/492
f 310/487 2567/486 2581/493
f 722/494 2571/479 836/495
f 32/473 839/491 836/495
f 846/492 839/491 838/488
f 2526/503 2561/504 2518/505
f 2552/496 839/491 2646/484
f 310/487 2581/493 2699/497
f 2571/479 2215/480 2700/474
f 838/488 839/491 772/475
f 839/491 2552/496 836/495
f 837/489 2646/484 846/492
f 772/475 839/491 32/473
f 838/488 310/487 835/498
f 2382/472 2396/471 719/476
f 2391/499 2581/493 2567/486
f 2563/527 2573/526 1594/528
f 838/488 772/475 908/485
f 2688/470 2391/499 908/485
f 838/488 2391/499 2567/486
f 2597/481 2552/496 2646/484
f 909/478 2396/471 2688/470
f 838/488 835/498 846/492
f 772/475 909/478 908/485
f 2561/504 2581/493 1785/509
f 2571/479 32/473 836/495
f 835/498 837/489 846/492
f 2391/499 838/488 908/485
f 2699/497 2548/529 310/487
f 2208/507 2126/510 718/508
f 2571/479 2700/474 32/473
f 2382/472 2211/511 770/512
f 2561/504 1785/509 774/513
f 1049/514 2526/503 40/515
f 2126/510 2208/507 2214/516
f 2126/510 2200/517 718/508
f 2400/518 2402/519 2518/505
f 2208/507 2211/511 2214/516
f 2548/529 309/525 310/487
f 2700/474 771/477 909/478
f 2200/517 2417/520 718/508
f 1785/509 2581/493 2391/499
f 2211/511 2208/507 769/506
f 2200/517 2126/510 2214/516
f 310/487 309/525 308/530
f 718/508 2417/520 2219/522
f 2400/518 2518/505 774/513
f 2211/511 769/506 770/512
f 2219/522 2400/518 718/508
f 2699/497 2581/493 1049/514
f 2402/519 2400/518 2219/522
f 2688/470 2382/472 770/512
f 2688/470 770/512 2391/499
f 2089/523 2211/511 2382/472
f 2581/493 2561/504 1049/514
f 769/506 1785/509 770/512
f 2601/482 2646/484 2600/490
f 774/513 769/506 718/508
f 835/498 308/530 837/489
f 308/530 2600/490 837/489
f 719/476 2089/523 2382/472
f 718/508 2400/518 774/513
f 774/513 1785/509 769/506
f 2561/504 774/513 2518/505
f 2548/529 2699/497 1049/514
f 2561/504 2526/503 1049/514
f 2520/502 2570/524 2523/500
f 2700/474 2215/480 771/477
f 1785/509 2391/499 770/512
f 2600/490 1594/528 2601/482
f 2563/527 308/530 309/525
f 1594/528 1595/483 2601/482
f 2688/470 2396/471 2382/472
f 1594/528 2600/490 2563/527
f 2563/527 2600/490 308/530
f 309/525 2573/526 2563/527
f 2502/521 2523/500 2511/532
f 769/506 2208/507 718/508
f 835/498 310/487 308/530
f 2396/471 909/478 771/477
f 1600/531 2573/526 309/525
f 2597/481 2601/482 1595/483
f 2646/484 2601/482 2597/481
f 908/485 909/478 2688/470
f 719/476 2396/471 771/477
f 2523/500 2525/501 2520/502
f 1680/550 2494/551 1671/552
f 2438/547 2446/548 2275/549
f 2448/540 2272/553 2441/543
f 2272/553 2270/546 2271/554
f 2717/538 807/555 2698/536
f 787/556 195/557 1606/558
f 2559/535 910/559 1444/560
f 2269/561 2564/562 2273/563
f 2559/535 195/557 910/559
f 787/556 907/564 911/565
f 2444/566 2555/567 2446/548
f 2558/568 2447/569 1671/552
f 1606/558 195/557 1704/570
f 2239/571 2271/554 2270/546
f 2448/540 2441/543 2477/542
f 806/572 657/573 807/555
f 2494/551 1680/550 854/574
f 2496/537 2698/536 2495/575
f 2481/576 2495/575 2698/536
f 2477/542 2572/533 2707/577
f 1444/560 657/573 806/572
f 2555/567 1704/570 195/557
f 2446/548 2438/547 2444/566
f 2555/567 2444/566 1704/570
f 806/572 804/578 1444/560
f 2271/554 2239/571 2153/579
f 1649/541 2707/577 1671/552
f 2275/549 2153/579 2267/580
f 2559/535 2555/567 195/557
f 2566/544 1950/545 2270/546
f 2717/538 804/578 806/572
f 2477/542 2441/543 2554/534
f 2708/581 2496/537 854/574
f 910/559 657/573 1444/560
f 2440/539 2448/540 1649/541
f 2698/536 2496/537 2717/538
f 787/556 911/565 910/559
f 2572/533 804/578 2707/577
f 2441/543 2446/548 2554/534
f 911/565 907/564 902/582
f 2572/533 2554/534 2559/535
f 2271/554 2153/579 2275/549
f 804/578 2559/535 1444/560
f 2554/534 2555/567 2559/535
f 804/578 2717/538 2708/581
f 2496/537 1632/583 854/574
f 2446/548 2555/567 2554/534
f 2572/533 2559/535 804/578
f 2707/577 804/578 2708/581
f 910/559 195/557 787/556
f 2477/542 2554/534 2572/533
f 1664/584 2494/551 854/574
f 2275/549 2267/580 2438/547
f 2558/568 1671/552 2449/585
f 2272/553 2448/540 2445/586
f 1680/550 1671/552 2707/577
f 1649/541 1671/552 2447/569
f 2273/563 2564/562 2566/544
f 1950/545 2044/587 2041/588
f 2573/606 1599/599 2481/576
f 2272/553 2695/589 2441/543
f 1649/541 2448/540 2707/577
f 2047/590 2041/588 2044/587
f 2440/539 2273/563 2445/586
f 2441/543 2695/589 2446/548
f 807/555 2717/538 806/572
f 2558/568 2440/539 2447/569
f 2708/581 2717/538 2496/537
f 2440/539 1649/541 2447/569
f 1680/550 2707/577 2708/581
f 2448/540 2440/539 2445/586
f 2558/568 2269/561 2440/539
f 1950/545 2239/571 2270/546
f 1680/550 2708/581 854/574
f 2274/591 2449/585 2260/592
f 1671/552 2479/593 2449/585
f 1950/545 2041/588 2239/571
f 2564/562 2248/594 2044/587
f 2273/563 2566/544 2445/586
f 2695/589 2272/553 2271/554
f 2273/563 2440/539 2269/561
f 2445/586 2270/546 2272/553
f 911/565 902/582 910/559
f 2044/587 1950/545 2566/544
f 2494/551 2479/593 1671/552
f 2266/595 2274/591 2260/592
f 1632/583 1664/584 854/574
f 2269/561 2274/591 2266/595
f 2386/596 2438/547 2267/580
f 2386/596 2444/566 2438/547
f 2044/587 2566/544 2564/562
f 2496/537 2495/575 1632/583
f 2445/586 2566/544 2270/546
f 2695/589 2275/549 2446/548
f 2269/561 2266/595 2564/562
f 2695/589 2271/554 2275/549
f 2248/594 2564/562 2266/595
f 2707/577 2448/540 2477/542
f 2558/568 2274/591 2269/561
f 2274/591 2558/568 2449/585
f 1600/604 1599/599 2573/606
f 2479/593 2498/605 2449/585
f 2482/602 1608/601 2478/600
f 2498/605 2260/592 2449/585
f 1599/599 2495/575 2481/576
f 2495/575 1665/598 1632/583
f 2478/600 2498/605 2479/593
f 1599/599 1600/604 1/603
f 1665/598 1664/584 1632/583
f 2482/602 2478/600 1664/584
f 1599/599 1/603 1665/598
f 2478/600 2494/551 1664/584
f 1665/598 2482/602 1664/584
f 1665/598 1/603 1608/601
f 1608/601 2482/602 1665/598
f 2478/600 2479/593 2494/551
f 1665/598 2495/575 1599/599
f 2051/597 2041/588 2047/590
f 3262/631 3232/636 1037/634
f 1211/637 3245/638 1213/639
f 1037/634 3232/636 1045/635
f 3259/640 3232/636 3262/631
f 3256/641 3245/638 1211/637
f 3264/630 3248/625 3269/628
f 3232/636 3256/641 1045/635
f 39/642 3245/638 3256/641
f 3256/641 3232/636 39/642
f 3232/636 3259/640 3240/643
f 3258/632 1037/634 1043/633
f 3248/625 3264/630 3258/632
f 3217/644 3244/621 1197/617
f 3232/636 3240/643 1010/645
f 3264/630 3259/640 3262/631
f 3232/636 1010/645 39/642
f 3257/607 3224/646 3452/647
f 85/648 3259/640 3264/630
f 3248/625 3244/621 3217/644
f 85/648 3269/628 1481/649
f 1194/623 1193/624 1067/614
f 1199/610 3452/647 1178/616
f 1195/620 1067/614 1179/613
f 1179/613 1199/610 1178/616
f 1194/623 1067/614 1195/620
f 3269/628 1482/627 1481/649
f 3398/622 3194/611 1197/617
f 3258/632 1464/629 3248/625
f 1482/627 3269/628 1201/626
f 3264/630 3269/628 85/648
f 3217/644 1470/619 3248/625
f 1470/619 3217/644 1189/618
f 3217/644 1197/617 1189/618
f 3224/646 3257/607 922/609
f 3257/607 3452/647 1199/610
f 1196/612 1067/614 1189/618
f 3194/611 3181/608 1199/610
f 3262/631 1037/634 3258/632
f 1067/614 1193/624 1470/619
f 1196/612 1197/617 3194/611
f 1043/633 1037/634 1045/635
f 3068/688 1465/682 2418/689
f 1045/635 3256/641 1044/683
f 1464/629 1465/682 1466/680
f 1464/629 3258/632 1465/682
f 2681/686 1465/682 3068/688
f 3201/681 3256/641 1212/685
f 1213/639 3575/684 1212/685
f 1212/685 1211/637 1213/639
f 3068/688 2418/689 2953/690
f 2728/687 1465/682 2681/686
f 1465/682 3258/632 1043/633
f 1466/680 2681/686 1615/679
f 2730/663 1466/680 3190/668
f 1465/682 2728/687 1466/680
f 1043/633 1044/683 1465/682
f 1044/683 1043/633 1045/635
f 2681/686 1466/680 2728/687
f 3223/656 1464/629 1466/680
f 2719/677 3096/671 3190/668
f 1211/637 1212/685 3256/641
f 3104/691 3201/681 3575/684
f 2418/689 1465/682 3201/681
f 3197/650 3398/622 3244/621
f 3197/650 3178/651 3398/622
f 3244/621 1464/629 2196/652
f 2196/652 3197/650 3244/621
f 3178/651 3194/611 3398/622
f 2196/652 3187/653 3197/650
f 174/654 3197/650 3187/653
f 2732/655 3194/611 3178/651
f 3223/656 3212/657 2196/652
f 174/654 3187/653 1436/658
f 174/654 2726/659 2732/655
f 964/660 1425/661 1353/662
f 3223/656 2730/663 3212/657
f 174/654 1436/658 2726/659
f 1442/664 2732/655 2726/659
f 2730/663 1488/665 3212/657
f 1436/658 963/666 2726/659
f 3181/608 1442/664 922/609
f 2726/659 3188/667 1442/664
f 2730/663 3190/668 1490/669
f 1488/665 2730/663 1490/669
f 2732/655 3181/608 3194/611
f 3212/657 1488/665 963/666
f 174/654 3178/651 3197/650
f 963/666 3188/667 2726/659
f 922/609 1442/664 926/670
f 3096/671 1490/669 3190/668
f 926/670 1442/664 1130/672
f 3096/671 3172/673 1490/669
f 924/674 144/675 1353/662
f 1425/661 1490/669 3172/673
f 3179/676 3096/671 2719/677
f 1425/661 963/666 1488/665
f 3188/667 964/660 1130/672
f 3480/678 926/670 1130/672
f 3187/653 2196/652 3212/657
f 964/660 3480/678 1130/672
f 1425/661 3172/673 1353/662
f 3172/673 3096/671 3179/676
f 1353/662 3172/673 3179/676
f 144/675 964/660 1353/662
f 1353/662 3179/676 924/674
f 2732/655 1442/664 3181/608
f 3480/678 964/660 144/675
f 1436/658 3212/657 963/666
f 1425/661 1488/665 1490/669
f 3178/651 174/654 2732/655
f 963/666 964/660 3188/667
f 1442/664 3188/667 1130/672
f 2196/652 1464/629 3223/656
f 3187/653 3212/657 1436/658
f 963/666 1425/661 964/660
f 3264/630 3262/631 3258/632
f 1464/629 3244/621 3248/625
f 3248/625 1201/626 3269/628
f 1482/627 1201/626 1193/624
f 1193/624 1194/623 1482/627
f 1193/624 1201/626 3248/625
f 1470/619 1193/624 3248/625
f 1181/615 1194/623 1195/620
f 3244/621 3398/622 1197/617
f 1179/613 1181/615 1195/620
f 1067/614 1470/619 1189/618
f 1197/617 1196/612 1189/618
f 1181/615 1179/613 1178/616
f 1196/612 1179/613 1067/614
f 1179/613 1196/612 1199/610
f 3194/611 1199/610 1196/612
f 1466/680 2719/677 3190/668
f 3575/684 3201/681 1212/685
f 3201/681 1465/682 1044/683
f 1199/610 3181/608 3257/607
f 1615/679 2719/677 1466/680
f 1466/680 2730/663 3223/656
f 3257/607 3181/608 922/609
f 3256/641 3201/681 1044/683
f 2091/750 266/754 372/755
f 277/699 265/698 1887/744
f 2/756 279/757 280/758
f 6/759 5/760 89/695
f 2921/705 1607/706 1593/707
f 265/698 264/751 1887/744
f 101/702 9/703 102/697
f 3226/745 372/755 3072/752
f 1607/706 1722/716 1715/715
f 1598/708 1593/707 1610/709
f 1601/710 1598/708 3307/711
f 1592/712 1610/709 1748/776
f 2921/705 1722/716 1607/706
f 3226/745 2091/750 372/755
f 1715/715 1748/776 1619/775
f 1745/732 3377/737 3055/733
f 266/754 264/751 275/761
f 15/701 275/761 265/698
f 277/699 1744/740 16/736
f 1592/712 3307/711 1610/709
f 279/757 5/760 6/759
f 1610/709 1619/775 1748/776
f 2091/750 2117/742 1855/739
f 266/754 1877/748 264/751
f 3362/713 2099/714 3307/711
f 280/758 1927/762 1879/753
f 1715/715 1722/716 1379/717
f 372/755 266/754 275/761
f 1854/743 3057/728 3377/737
f 2091/750 3228/741 2117/742
f 275/761 15/701 2/756
f 1592/712 1845/718 3307/711
f 3307/711 1845/718 3362/713
f 1879/753 3072/752 372/755
f 1715/715 1619/775 1607/706
f 3290/772 644/766 3007/767
f 1591/730 1850/725 1592/712
f 644/766 3290/772 3358/773
f 3007/767 3283/769 3290/772
f 2985/719 3315/720 3393/721
f 1877/748 266/754 2091/750
f 2629/770 2985/719 3364/771
f 1765/722 1591/730 1715/715
f 3007/767 3424/768 3283/769
f 1379/717 1765/722 1715/715
f 1379/717 1722/716 207/723
f 2/756 15/701 89/695
f 280/758 1879/753 372/755
f 16/736 1765/722 1379/717
f 3393/721 3238/724 2985/719
f 3522/765 2099/714 3519/727
f 1850/725 1845/718 1592/712
f 3311/726 3519/727 3362/713
f 3424/768 3315/720 2985/719
f 2/756 372/755 275/761
f 3057/728 3362/713 1845/718
f 3519/727 3007/767 3522/765
f 2099/714 3520/764 1601/710
f 1927/762 2086/749 1879/753
f 2985/719 3238/724 3364/771
f 2985/719 2629/770 3424/768
f 3283/769 3424/768 2629/770
f 3315/720 3424/768 3519/727
f 3519/727 3424/768 3007/767
f 3522/765 3007/767 644/766
f 3522/765 644/766 3520/764
f 3519/727 3311/726 3315/720
f 3522/765 3520/764 2099/714
f 3579/763 1601/710 3520/764
f 5/760 2/756 89/695
f 1601/710 3579/763 1598/708
f 1854/743 3377/737 1877/748
f 3393/721 3315/720 1853/729
f 1850/725 1591/730 3373/731
f 280/758 372/755 2/756
f 1715/715 1591/730 1592/712
f 1619/775 2912/774 1607/706
f 3242/734 2983/738 2217/746
f 3373/731 1591/730 1765/722
f 1745/732 1845/718 1850/725
f 279/757 2/756 5/760
f 3055/733 3057/728 1845/718
f 1853/729 3311/726 1854/743
f 3242/734 3238/724 3393/721
f 3362/713 3057/728 3311/726
f 1887/744 1877/748 3377/737
f 1607/706 2912/774 1593/707
f 1598/708 1610/709 3307/711
f 52/777 207/723 142/778
f 89/695 288/693 3/692
f 2086/749 2218/747 2983/738
f 3519/727 2099/714 3362/713
f 3242/734 3393/721 2982/735
f 52/777 16/736 1379/717
f 2982/735 3393/721 1853/729
f 264/751 265/698 275/761
f 1854/743 3311/726 3057/728
f 52/777 1379/717 207/723
f 3311/726 1853/729 3315/720
f 3373/731 16/736 1744/740
f 3373/731 1745/732 1850/725
f 156/696 288/693 89/695
f 16/736 3373/731 1765/722
f 3055/733 1845/718 1745/732
f 3377/737 3057/728 3055/733
f 3/692 288/693 10/694
f 3242/734 2982/735 2983/738
f 1853/729 1855/739 2982/735
f 191/704 16/736 52/777
f 3373/731 1744/740 1745/732
f 277/699 16/736 101/702
f 3228/741 2983/738 2982/735
f 3228/741 2982/735 2117/742
f 2117/742 2982/735 1855/739
f 101/702 16/736 191/704
f 1855/739 1853/729 1854/743
f 2912/774 1619/775 1593/707
f 1887/744 1745/732 1744/740
f 3307/711 2099/714 1601/710
f 1745/732 1887/744 3377/737
f 2983/738 3228/741 3226/745
f 2217/746 2983/738 2218/747
f 1854/743 1877/748 1855/739
f 1887/744 1744/740 277/699
f 1610/709 1593/707 1619/775
f 1748/776 1715/715 1592/712
f 102/697 265/698 277/699
f 2983/738 3226/745 2086/749
f 2091/750 3226/745 3228/741
f 156/696 89/695 274/700
f 1877/748 2091/750 1855/739
f 89/695 15/701 274/700
f 1877/748 1887/744 264/751
f 274/700 265/698 102/697
f 101/702 102/697 277/699
f 3072/752 2086/749 3226/745
f 102/697 9/703 274/700
f 15/701 265/698 274/700
f 9/703 101/702 191/704
f 1879/753 2086/749 3072/752
f 3/692 6/759 89/695
f 3653/797 3582/798 1603/799
f 3582/798 3730/800 1603/799
f 3285/801 3566/802 3582/798
f 247/803 3285/801 3638/804
f 1612/805 1414/806 251/807
f 1602/808 1603/799 1604/809
f 1604/809 1603/799 3730/800
f 3285/801 3567/810 3566/802
f 247/803 3567/810 3285/801
f 1612/805 1614/811 1414/806
f 3655/812 1602/808 1604/809
f 3730/800 3621/813 1604/809
f 3210/814 3566/802 3567/810
f 1614/811 247/803 1414/806
f 3598/815 3567/810 3577/816
f 1602/808 3655/812 3626/817
f 3655/812 1604/809 3621/813
f 3621/813 3566/802 3210/814
f 3695/818 3598/815 3577/816
f 3655/812 3621/813 3626/817
f 3621/813 3210/814 3339/819
f 3598/815 3695/818 3775/820
f 1614/811 3743/821 3577/816
f 3626/817 3578/822 3659/823
f 3775/820 3209/824 3598/815
f 3529/825 3775/820 3695/818
f 3529/825 3695/818 234/826
f 3659/823 3578/822 3620/827
f 3339/819 3624/828 3218/829
f 3624/828 3578/822 3626/817
f 3209/824 3775/820 3495/830
f 3339/819 3209/824 3208/831
f 3495/830 3775/820 3529/825
f 3295/832 3756/833 3529/825
f 3620/827 3578/822 238/834
f 3578/822 3624/828 238/834
f 3209/824 3495/830 3208/831
f 3756/833 3495/830 3529/825
f 3295/832 3574/835 3756/833
f 603/836 3620/827 238/834
f 3208/831 3495/830 3380/837
f 3495/830 3756/833 3764/838
f 3520/839 3532/840 3579/841
f 3532/840 3331/842 3295/832
f 3756/833 3574/835 3754/843
f 238/834 3547/844 603/836
f 3764/838 3756/833 233/845
f 251/807 247/803 3638/804
f 3331/842 3532/840 3520/839
f 3349/846 3754/843 3574/835
f 3577/816 3743/821 234/826
f 644/847 3574/835 3331/842
f 3754/843 3349/846 3493/848
f 3758/849 238/834 3380/837
f 3764/838 3499/850 3380/837
f 3499/850 3764/838 233/845
f 3754/843 3493/848 233/845
f 3520/839 644/847 3331/842
f 3349/846 3574/835 644/847
f 3493/848 3349/846 3769/851
f 237/852 3499/850 233/845
f 233/845 3493/848 237/852
f 3566/802 3621/813 3730/800
f 3102/853 2968/854 2333/855
f 237/852 236/856 3622/857
f 3769/851 3492/858 3493/848
f 2725/779 1750/780 1611/781
f 1613/782 1617/783 2725/779
f 3492/858 3166/859 3493/848
f 3769/851 3358/860 3492/858
f 3102/853 3666/861 2968/854
f 3622/857 3625/862 237/852
f 2725/779 1617/783 1750/780
f 3493/848 3166/859 236/856
f 1613/782 1583/784 1582/785
f 1582/785 1571/786 1617/783
f 1583/784 1585/787 1582/785
f 1571/786 1582/785 1585/787
f 1613/782 1582/785 1617/783
f 410/788 1585/787 1583/784
f 1571/786 1722/789 2921/790
f 3760/863 3666/861 3102/853
f 236/856 3166/859 235/864
f 1571/786 410/788 1722/789
f 207/791 1722/789 410/788
f 1750/780 1586/792 1605/793
f 1598/794 1605/793 1593/795
f 3625/862 3760/863 3776/865
f 1571/786 1585/787 410/788
f 1605/793 1586/792 1593/795
f 2921/790 1593/795 1586/792
f 235/864 3622/857 236/856
f 3332/866 3666/861 3760/863
f 3218/829 3624/828 3621/813
f 3349/846 3358/860 3769/851
f 3625/862 3622/857 235/864
f 3567/810 247/803 3577/816
f 3332/866 3760/863 235/864
f 2725/779 1611/781 1570/796
f 3695/818 3577/816 234/826
f 237/852 3625/862 3499/850
f 1586/792 1750/780 1617/783
f 644/847 3358/860 3349/846
f 3547/844 2333/855 603/836
f 3577/816 247/803 1614/811
f 3532/840 3529/825 234/826
f 3339/819 3210/814 3209/824
f 3496/867 3776/865 3758/849
f 3776/865 3496/867 3625/862
f 3567/810 3598/815 3210/814
f 3102/853 2333/855 3547/844
f 3496/867 3499/850 3625/862
f 3621/813 3624/828 3626/817
f 3743/821 3532/840 234/826
f 1586/792 1617/783 1571/786
f 238/834 3624/828 3208/831
f 1750/780 1605/793 2915/870
f 236/856 237/852 3493/848
f 1570/796 1612/805 251/807
f 3208/831 3380/837 238/834
f 1571/786 2921/790 1586/792
f 3758/849 3547/844 238/834
f 3499/850 3496/867 3380/837
f 2968/854 3666/861 248/868
f 3102/853 3758/849 3776/865
f 3653/797 3285/801 3582/798
f 3579/841 3532/840 3743/821
f 3776/865 3760/863 3102/853
f 3566/802 3730/800 3582/798
f 3495/830 3764/838 3380/837
f 3532/840 3295/832 3529/825
f 3209/824 3210/814 3598/815
f 2915/870 3743/821 1614/811
f 1414/806 247/803 251/807
f 1612/805 1611/781 1614/811
f 3621/813 3339/819 3218/829
f 3547/844 3758/849 3102/853
f 1609/869 1605/793 1598/794
f 1570/796 251/807 244/871
f 1612/805 1570/796 1611/781
f 1611/781 1750/780 1614/811
f 2915/870 1614/811 1750/780
f 3743/821 2915/870 1609/869
f 1609/869 2915/870 1605/793
f 3743/821 1609/869 3579/841
f 3579/841 1609/869 1598/794
f 3339/819 3208/831 3624/828
f 3666/861 3332/866 248/868
f 3496/867 3758/849 3380/837
f 3653/797 3638/804 3285/801
f 3760/863 3625/862 235/864
f 3756/833 3754/843 233/845
f 3574/835 3295/832 3331/842
f 1228/965 3382/975 3381/873
f 945/931 1145/930 1144/961
f 1281/970 3726/969 878/971
f 1131/923 1119/952 946/956
f 118/938 1119/952 1156/954
f 940/898 939/895 941/894
f 3450/907 1243/958 1151/960
f 113/959 1145/930 1153/929
f 118/938 3457/905 946/956
f 3453/900 3399/901 1041/890
f 938/902 944/927 81/935
f 878/971 1261/972 1281/970
f 3474/973 3473/974 3728/884
f 896/885 3726/969 1281/970
f 114/924 1131/923 946/956
f 949/878 947/882 955/877
f 86/875 84/881 160/876
f 1129/953 114/924 1135/957
f 3381/873 3397/879 3394/880
f 955/877 160/876 949/878
f 1117/944 1156/954 1119/952
f 160/876 894/872 86/875
f 3726/969 896/885 3728/884
f 86/875 894/872 80/874
f 894/872 3381/873 80/874
f 1228/965 1216/968 3382/975
f 3392/946 1243/958 1148/947
f 116/948 1119/952 1131/923
f 946/956 1135/957 114/924
f 120/912 121/908 948/909
f 2202/933 3444/917 3453/900
f 3448/940 1148/947 3451/955
f 943/888 77/903 78/886
f 1160/910 1161/913 117/920
f 987/926 3448/940 3451/955
f 118/938 119/915 988/937
f 896/885 1281/970 857/893
f 988/937 987/926 1415/906
f 1673/883 3474/973 3728/884
f 3473/974 3726/969 3728/884
f 1673/883 3728/884 896/885
f 857/893 1261/972 3467/945
f 3444/917 944/927 938/902
f 1261/972 857/893 1281/970
f 1156/954 119/915 118/938
f 3381/873 3474/973 1673/883
f 114/924 1129/953 112/922
f 949/878 160/876 84/881
f 943/888 950/918 938/902
f 3392/946 3448/940 3441/932
f 942/897 3453/900 896/885
f 944/927 987/926 2908/936
f 3457/905 113/959 1153/929
f 119/915 110/925 988/937
f 943/888 3399/901 950/918
f 1117/944 1119/952 1118/942
f 939/895 940/898 1525/896
f 1119/952 116/948 1118/942
f 3444/917 2202/933 3448/940
f 1673/883 3397/879 3381/873
f 119/915 1526/914 110/925
f 82/916 937/934 941/894
f 84/881 86/875 1525/896
f 937/934 988/937 111/951
f 937/934 2908/936 988/937
f 1144/961 1145/930 3416/950
f 94/921 1117/944 1118/942
f 3390/949 3416/950 1145/930
f 944/927 2908/936 81/935
f 3381/873 3394/880 80/874
f 941/894 111/951 940/898
f 80/874 83/887 86/875
f 3397/879 3399/901 943/888
f 116/948 91/941 1118/942
f 78/886 83/887 80/874
f 77/903 941/894 78/886
f 80/874 3394/880 78/886
f 3392/946 1148/947 3448/940
f 857/893 3467/945 1229/891
f 2202/933 1011/928 3441/932
f 876/964 88/967 1228/965
f 81/935 82/916 938/902
f 3457/905 3450/907 113/959
f 3390/949 113/959 1151/960
f 120/912 110/925 1526/914
f 1161/913 1117/944 94/921
f 82/916 77/903 938/902
f 93/919 94/921 1118/942
f 119/915 1117/944 1161/913
f 112/922 115/943 1131/923
f 91/941 93/919 1118/942
f 3441/932 3448/940 2202/933
f 113/959 3450/907 1151/960
f 3394/880 3397/879 943/888
f 876/964 894/872 160/876
f 88/967 876/964 162/963
f 946/956 3457/905 1153/929
f 3444/917 3448/940 987/926
f 937/934 82/916 81/935
f 1228/965 1231/966 1216/968
f 1231/966 1228/965 88/967
f 117/920 934/939 1160/910
f 988/937 1415/906 118/938
f 160/876 162/963 876/964
f 937/934 81/935 2908/936
f 3453/900 1011/928 2202/933
f 3441/932 1011/928 936/904
f 1153/929 1145/930 945/931
f 876/964 1228/965 894/872
f 940/898 111/951 87/899
f 121/908 120/912 129/911
f 3394/880 943/888 78/886
f 945/931 946/956 1153/929
f 947/882 949/878 1524/889
f 955/877 162/963 160/876
f 113/959 3390/949 1145/930
f 1524/889 949/878 84/881
f 938/902 950/918 3444/917
f 942/897 1011/928 3453/900
f 110/925 111/951 988/937
f 947/882 1524/889 948/909
f 1041/890 1673/883 896/885
f 3453/900 3444/917 3399/901
f 120/912 948/909 110/925
f 1229/891 3458/892 857/893
f 3450/907 3451/955 1148/947
f 115/943 116/948 1131/923
f 1673/883 1041/890 3397/879
f 3444/917 987/926 944/927
f 1526/914 1160/910 120/912
f 1228/965 3381/873 894/872
f 1160/910 1526/914 1161/913
f 134/962 945/931 1144/961
f 87/899 110/925 948/909
f 83/887 78/886 941/894
f 3381/873 3382/975 3474/973
f 110/925 87/899 111/951
f 987/926 988/937 2908/936
f 1525/896 86/875 83/887
f 937/934 111/951 941/894
f 112/922 1131/923 114/924
f 117/920 1161/913 94/921
f 93/919 117/920 94/921
f 948/909 1524/889 87/899
f 3444/917 950/918 3399/901
f 82/916 941/894 77/903
f 1243/958 3450/907 1148/947
f 1161/913 1526/914 119/915
f 1415/906 3457/905 118/938
f 1119/952 118/938 946/956
f 87/899 84/881 940/898
f 1160/910 129/911 120/912
f 3450/907 1415/906 987/926
f 939/895 1525/896 83/887
f 3458/892 942/897 857/893
f 121/908 947/882 948/909
f 3457/905 1415/906 3450/907
f 945/931 134/962 1135/957
f 942/897 3458/892 936/904
f 938/902 77/903 943/888
f 896/885 857/893 942/897
f 941/894 939/895 83/887
f 1117/944 119/915 1156/954
f 84/881 1525/896 940/898
f 945/931 1135/957 946/956
f 84/881 87/899 1524/889
f 3453/900 1041/890 896/885
f 3451/955 3450/907 987/926
f 3397/879 1041/890 3399/901
f 1011/928 942/897 936/904
f 129/911 1160/910 934/939
f 1658/1025 1657/1027 2433/1055
f 2433/1055 1657/1027 2456/1051
f 1862/1045 2454/1037 1874/1046
f 782/1047 1503/1059 2457/1021
f 2434/1032 307/1065 2468/1049
f 2453/1033 2557/1064 1638/1035
f 2171/988 2179/1041 2103/1016
f 1608/1036 1/1054 1056/1034
f 2557/1064 2453/1033 2468/1049
f 1862/1045 1874/1046 819/977
f 2457/1021 819/977 782/1047
f 2451/1019 2205/1063 2475/1050
f 2171/988 2170/982 2179/1041
f 2261/1038 2205/1063 2255/1062
f 1055/1057 1655/1060 2503/1043
f 1638/1035 2557/1064 1608/1036
f 2427/1026 2178/981 2246/980
f 2261/1038 2255/1062 2177/1061
f 1874/1046 1661/1030 1660/1029
f 1874/1046 1660/1029 2504/1044
f 2178/981 2422/1040 2179/1041
f 2493/1042 1911/1031 1657/1027
f 2456/1051 2469/1039 2422/1040
f 2467/1058 2503/1043 2493/1042
f 2433/1055 2427/1026 2180/1023
f 2464/1024 2476/1028 1658/1025
f 699/976 819/977 798/978
f 2172/979 2246/980 2178/981
f 2178/981 2170/982 2172/979
f 2426/983 2424/984 2246/980
f 2172/979 2170/982 2426/983
f 2181/985 2424/984 2426/983
f 2426/983 2170/982 1916/986
f 2161/987 2170/982 2171/988
f 1916/986 2181/985 2426/983
f 2171/988 698/989 2161/987
f 699/976 781/990 690/991
f 781/990 699/976 798/978
f 2173/992 2166/993 2168/994
f 781/990 798/978 689/995
f 796/996 2421/997 689/995
f 688/998 781/990 689/995
f 2164/999 2162/1000 2420/1001
f 798/978 2416/1002 689/995
f 689/995 2421/997 688/998
f 2164/999 2421/997 2162/1000
f 798/978 2506/1003 2416/1002
f 2164/999 2161/987 690/991
f 2416/1002 796/996 689/995
f 2161/987 698/989 690/991
f 796/996 2416/1002 2510/1004
f 2409/1005 2421/997 796/996
f 2506/1003 2514/1006 2510/1004
f 2560/1007 2510/1004 2556/1008
f 2421/997 690/991 688/998
f 2409/1005 796/996 2510/1004
f 2510/1004 2514/1006 2556/1008
f 2166/993 2161/987 2168/994
f 2460/1009 2409/1005 2510/1004
f 2164/999 690/991 2421/997
f 2560/1007 2556/1008 1587/1010
f 1916/986 2161/987 2166/993
f 2519/1011 2460/1009 2560/1007
f 2519/1011 2560/1007 2405/1012
f 2560/1007 1587/1010 2405/1012
f 2420/1001 2168/994 2164/999
f 2168/994 2161/987 2164/999
f 2181/985 2166/993 2173/992
f 2182/1013 2424/984 2181/985
f 2523/1014 2570/1015 2519/1011
f 2506/1003 2510/1004 2416/1002
f 2171/988 2103/1016 698/989
f 2172/979 2426/983 2246/980
f 1916/986 2170/982 2161/987
f 2409/1005 2162/1000 2421/997
f 2519/1011 2405/1012 2523/1014
f 688/998 690/991 781/990
f 690/991 698/989 699/976
f 2510/1004 2560/1007 2460/1009
f 1916/986 2166/993 2181/985
f 2182/1013 2181/985 2173/992
f 698/989 2103/1016 2454/1037
f 1657/1027 1911/1031 2456/1051
f 2451/1019 2452/1018 2176/1020
f 2205/1063 2261/1038 2475/1050
f 2422/1040 2427/1026 2433/1055
f 2422/1040 2469/1039 2179/1041
f 2503/1043 2467/1058 1055/1057
f 2476/1028 2467/1058 1657/1027
f 819/977 1874/1046 782/1047
f 2246/980 2424/984 2175/1017
f 2175/1017 2452/1018 2246/980
f 1435/1048 1503/1059 782/1047
f 2457/1021 1503/1059 1588/1066
f 2433/1055 2456/1051 2422/1040
f 2506/1003 2457/1021 1588/1066
f 1657/1027 2467/1058 2493/1042
f 819/977 2457/1021 2505/1022
f 2261/1038 2425/1056 2475/1050
f 2425/1056 2464/1024 2475/1050
f 2506/1003 798/978 2505/1022
f 2180/1023 1658/1025 2433/1055
f 1587/1010 2523/1014 2405/1012
f 1600/1052 618/1053 1/1054
f 2469/1039 2456/1051 1911/1031
f 2180/1023 2452/1018 2464/1024
f 2505/1022 2457/1021 2506/1003
f 2454/1037 1862/1045 699/976
f 1661/1030 1874/1046 2454/1037
f 2504/1044 1660/1029 2493/1042
f 2475/1050 2464/1024 2451/1019
f 2468/1049 2453/1033 2434/1032
f 1435/1048 1735/1068 1588/1066
f 2503/1043 1655/1060 1734/1069
f 2505/1022 798/978 819/977
f 2493/1042 1660/1029 1911/1031
f 2246/980 2452/1018 2180/1023
f 1587/1010 1588/1066 2511/1070
f 2514/1006 2506/1003 1588/1066
f 782/1047 2504/1044 1435/1048
f 2469/1039 1911/1031 1661/1030
f 1874/1046 2504/1044 782/1047
f 2514/1006 1588/1066 1587/1010
f 2103/1016 2179/1041 2469/1039
f 699/976 1862/1045 819/977
f 1661/1030 2454/1037 2103/1016
f 309/1067 618/1053 1600/1052
f 2493/1042 2503/1043 2504/1044
f 2179/1041 2170/982 2178/981
f 2427/1026 2422/1040 2178/981
f 2469/1039 1661/1030 2103/1016
f 698/989 2454/1037 699/976
f 1056/1034 1638/1035 1608/1036
f 1660/1029 1661/1030 1911/1031
f 1657/1027 1658/1025 2476/1028
f 2452/1018 2451/1019 2464/1024
f 2427/1026 2246/980 2180/1023
f 2180/1023 2464/1024 1658/1025
f 2556/1008 2514/1006 1587/1010
f 1735/1068 1435/1048 1734/1069
f 2511/1070 2523/1014 1587/1010
f 2504/1044 1734/1069 1435/1048
f 1735/1068 2511/1070 1588/1066
f 2504/1044 2503/1043 1734/1069
f 2452/1018 2175/1017 2176/1020
f 181/1184 1292/1081 1405/1183
f 1321/1074 1226/1078 1307/1075
f 3385/1077 1292/1081 1322/1079
f 3357/1092 974/1091 828/1090
f 183/1132 185/1115 1395/1116
f 1321/1074 3385/1077 1322/1079
f 1406/1134 1403/1179 186/1136
f 3481/1097 3350/1107 3368/1103
f 3368/1103 166/1100 1418/1093
f 148/1133 147/1131 1236/1130
f 1418/1093 1226/1078 1227/1089
f 3422/1084 3340/1083 3440/1096
f 3665/1085 3481/1097 1227/1089
f 1321/1074 3665/1085 1226/1078
f 1395/1116 131/1129 183/1132
f 3419/1080 3420/1086 1322/1079
f 132/1181 1237/1128 133/1125
f 1321/1074 1307/1075 1306/1076
f 1389/1112 955/1117 184/1114
f 1491/1154 3462/1161 1489/1162
f 3385/1077 1321/1074 1306/1076
f 3481/1097 3665/1085 3471/1105
f 799/1146 157/1151 1272/1155
f 150/1158 1309/1160 151/1164
f 3312/1088 1376/1094 3420/1086
f 1405/1183 148/1133 181/1184
f 132/1181 180/1182 1237/1128
f 1406/1134 148/1133 1405/1183
f 1237/1128 180/1182 1236/1130
f 3340/1083 2875/1082 3379/1087
f 3420/1086 1376/1094 3471/1105
f 1236/1130 130/1127 1237/1128
f 1403/1179 3385/1077 179/1180
f 186/1136 1403/1179 196/1177
f 132/1181 133/1125 127/1124
f 828/1090 3440/1096 3357/1092
f 3312/1088 974/1091 3478/1095
f 3379/1087 3357/1092 3440/1096
f 196/1177 197/1173 198/1172
f 3665/1085 3420/1086 3471/1105
f 185/1115 170/1113 1389/1112
f 1307/1075 194/1178 179/1180
f 3478/1095 1376/1094 3312/1088
f 187/1140 3710/1152 164/1110
f 3481/1097 1418/1093 1227/1089
f 3471/1105 3470/1104 3350/1107
f 974/1091 3357/1092 3478/1095
f 158/1148 954/1159 149/1149
f 1272/1155 139/1150 1487/1153
f 1369/1098 1374/1099 1376/1094
f 166/1100 3367/1101 1222/1102
f 1272/1155 1491/1154 1489/1162
f 194/1178 196/1177 1403/1179
f 187/1140 186/1136 196/1177
f 158/1148 1309/1160 150/1158
f 152/1166 1394/1165 165/1168
f 194/1178 1307/1075 1419/1174
f 3368/1103 1418/1093 3481/1097
f 197/1173 196/1177 1419/1174
f 198/1172 3710/1152 196/1177
f 888/1163 150/1158 151/1164
f 3470/1104 3471/1105 1376/1094
f 3429/1157 799/1146 1272/1155
f 147/1131 148/1133 183/1132
f 157/1151 799/1146 138/1144
f 1239/1175 1310/1176 1292/1081
f 145/1121 143/1123 146/1126
f 131/1129 1395/1116 121/1122
f 1418/1093 1419/1174 1226/1078
f 888/1163 954/1159 150/1158
f 1272/1155 1489/1162 3429/1157
f 1216/1156 1231/1142 799/1146
f 1419/1174 1383/1171 197/1173
f 3429/1157 3462/1161 1216/1156
f 165/1168 3710/1152 198/1172
f 1380/1143 169/1111 159/1145
f 163/1147 149/1149 954/1159
f 197/1173 199/1169 198/1172
f 163/1147 1487/1153 139/1150
f 182/1135 1527/1139 183/1132
f 1309/1160 158/1148 3710/1152
f 139/1150 1272/1155 157/1151
f 150/1158 954/1159 158/1148
f 1216/1156 799/1146 3429/1157
f 3370/1072 3422/1084 2736/1106
f 199/1169 197/1173 1383/1171
f 159/1145 158/1148 149/1149
f 139/1150 138/1144 163/1147
f 162/1138 955/1117 1389/1112
f 1487/1153 1491/1154 1272/1155
f 164/1110 3710/1152 158/1148
f 3350/1107 3481/1097 3471/1105
f 138/1144 139/1150 157/1151
f 159/1145 149/1149 163/1147
f 158/1148 159/1145 164/1110
f 159/1145 163/1147 1380/1143
f 165/1168 1394/1165 3710/1152
f 1222/1102 3367/1101 188/1108
f 138/1144 1380/1143 163/1147
f 1231/1142 138/1144 799/1146
f 1222/1102 165/1168 198/1172
f 947/1118 121/1122 1395/1116
f 3419/1080 1322/1079 1292/1081
f 3354/1071 3370/1072 1280/1073
f 3422/1084 3312/1088 3420/1086
f 179/1180 194/1178 1403/1179
f 1418/1093 166/1100 1383/1171
f 128/1187 127/1124 1169/1186
f 159/1145 169/1111 164/1110
f 1403/1179 1405/1183 3385/1077
f 168/1141 1380/1143 138/1144
f 138/1144 1231/1142 168/1141
f 185/1115 1527/1139 170/1113
f 1380/1143 168/1141 169/1111
f 1527/1139 187/1140 170/1113
f 1308/1167 1309/1160 1394/1165
f 169/1111 168/1141 88/1137
f 168/1141 1231/1142 88/1137
f 1226/1078 3665/1085 1227/1089
f 186/1136 187/1140 1527/1139
f 198/1172 199/1169 1222/1102
f 88/1137 1389/1112 169/1111
f 1383/1171 166/1100 199/1169
f 185/1115 183/1132 1527/1139
f 1310/1176 1239/1175 1169/1186
f 1308/1167 151/1164 1309/1160
f 182/1135 186/1136 1527/1139
f 1222/1102 188/1108 165/1168
f 1389/1112 88/1137 162/1138
f 129/1119 934/1120 145/1121
f 182/1135 183/1132 148/1133
f 186/1136 182/1135 1406/1134
f 152/1166 1320/1170 1308/1167
f 132/1181 127/1124 128/1187
f 148/1133 1406/1134 182/1135
f 166/1100 1222/1102 199/1169
f 1310/1176 1169/1186 1311/1185
f 183/1132 131/1129 147/1131
f 131/1129 130/1127 147/1131
f 130/1127 131/1129 145/1121
f 188/1108 152/1166 165/1168
f 130/1127 1236/1130 147/1131
f 129/1119 145/1121 131/1129
f 146/1126 130/1127 145/1121
f 1394/1165 152/1166 1308/1167
f 196/1177 3710/1152 187/1140
f 133/1125 130/1127 146/1126
f 184/1114 947/1118 1395/1116
f 130/1127 133/1125 1237/1128
f 143/1123 133/1125 146/1126
f 1280/1073 3370/1072 2736/1106
f 143/1123 127/1124 133/1125
f 3419/1080 1310/1176 1311/1185
f 1419/1174 1418/1093 1383/1171
f 3440/1096 3312/1088 3422/1084
f 128/1187 1169/1186 1239/1175
f 128/1187 1239/1175 132/1181
f 1169/1186 3354/1071 1280/1073
f 3710/1152 1394/1165 1309/1160
f 1292/1081 3385/1077 1405/1183
f 3420/1086 3665/1085 1322/1079
f 3422/1084 3419/1080 2736/1106
f 3370/1072 2875/1082 3422/1084
f 3422/1084 3420/1086 3419/1080
f 3385/1077 1306/1076 179/1180
f 1376/1094 3478/1095 1369/1098
f 179/1180 1306/1076 1307/1075
f 1321/1074 1322/1079 3665/1085
f 3462/1161 3429/1157 1489/1162
f 129/1119 131/1129 121/1122
f 3367/1101 166/1100 3368/1103
f 2736/1106 3419/1080 1280/1073
f 164/1110 170/1113 187/1140
f 1405/1183 1403/1179 1406/1134
f 180/1182 1239/1175 1292/1081
f 1311/1185 1169/1186 1280/1073
f 1374/1099 3470/1104 1376/1094
f 194/1178 1419/1174 196/1177
f 2875/1082 3340/1083 3422/1084
f 1307/1075 1226/1078 1419/1174
f 1292/1081 1310/1176 3419/1080
f 1280/1073 3419/1080 1311/1185
f 3478/1095 3357/1092 3460/1109
f 151/1164 1308/1167 1320/1170
f 1292/1081 181/1184 180/1182
f 164/1110 169/1111 1389/1112
f 170/1113 164/1110 1389/1112
f 1369/1098 3478/1095 3460/1109
f 184/1114 185/1115 1389/1112
f 828/1090 3312/1088 3440/1096
f 954/1159 1487/1153 163/1147
f 180/1182 181/1184 1236/1130
f 185/1115 184/1114 1395/1116
f 955/1117 947/1118 184/1114
f 181/1184 148/1133 1236/1130
f 132/1181 1239/1175 180/1182
f 3440/1096 3340/1083 3379/1087
f 3312/1088 828/1090 974/1091
f 2183/1197 2188/1198 2204/1199
f 2167/1293 2512/1202 2472/1296
f 2188/1198 1980/1200 2204/1199
f 1980/1200 2188/1198 2198/1201
f 2163/1262 2253/1298 2062/1304
f 2206/1252 2205/1254 2262/1267
f 2231/1188 2408/1191 2512/1202
f 2408/1191 2204/1199 2512/1202
f 2187/1192 2411/1203 2423/1196
f 2501/1289 2472/1296 2512/1202
f 2175/1281 2455/1280 2466/1278
f 2409/1204 2186/1205 2162/1206
f 2501/1289 2461/1284 2474/1287
f 2127/1207 2190/1208 2129/1209
f 2434/1307 2253/1298 307/1308
f 686/1277 696/1269 713/1268
f 2458/1210 2410/1211 2186/1205
f 2183/1197 2423/1196 2411/1203
f 2195/1212 2198/1201 2185/1213
f 2176/1272 2175/1281 2466/1278
f 711/1285 2529/1286 697/1273
f 2137/1214 2138/1215 2130/1216
f 778/1283 713/1268 779/1295
f 2186/1205 2409/1204 2460/1217
f 2135/1218 2192/1219 2207/1220
f 2420/1194 2162/1206 2187/1192
f 2521/1193 2187/1192 2423/1196
f 2411/1203 2410/1211 2458/1210
f 2406/1221 2458/1210 2460/1217
f 2185/1213 2184/1222 2195/1212
f 2455/1280 2167/1293 2465/1292
f 2137/1214 2130/1216 2200/1223
f 2190/1208 2128/1224 2259/1225
f 2429/1255 2209/1253 2206/1252
f 2133/1226 2125/1227 2190/1208
f 2195/1212 2184/1222 2191/1228
f 2125/1227 2130/1216 2129/1209
f 2192/1219 2415/1229 2207/1220
f 1763/1291 2461/1284 2501/1289
f 2413/1230 2507/1231 2407/1232
f 2458/1210 1787/1233 1985/1234
f 2183/1197 2185/1213 2188/1198
f 1985/1234 2191/1228 823/1235
f 2473/1294 2528/1290 2474/1287
f 2191/1228 2194/1236 2195/1212
f 2128/1224 2190/1208 2127/1207
f 2174/1266 2465/1292 711/1285
f 2519/1237 1787/1233 1776/1238
f 1776/1238 2460/1217 2519/1237
f 2528/1290 2492/1274 2529/1286
f 2195/1212 2194/1236 2135/1218
f 2154/1302 2491/1301 2247/1303
f 2507/1231 1985/1234 1787/1233
f 2413/1230 2191/1228 1985/1234
f 2460/1217 1776/1238 2406/1221
f 2413/1230 2194/1236 2191/1228
f 2406/1221 1787/1233 2458/1210
f 2192/1219 2135/1218 2194/1236
f 2491/1301 2250/1299 2252/1297
f 2160/1264 2491/1301 2165/1261
f 2206/1252 2209/1253 2205/1254
f 2424/1279 2182/1189 2455/1280
f 2184/1222 2185/1213 823/1235
f 1787/1233 45/1239 2507/1231
f 2413/1230 1985/1234 2507/1231
f 2192/1219 2194/1236 2413/1230
f 2507/1231 2516/1240 2407/1232
f 45/1239 2519/1237 2570/1241
f 2255/1305 2062/1304 2177/1306
f 2258/1242 2402/1243 2219/1244
f 2183/1197 2204/1199 2408/1191
f 2133/1226 2190/1208 2259/1225
f 2198/1201 2197/1275 1980/1200
f 2190/1208 2125/1227 2129/1209
f 2522/1245 2507/1231 45/1239
f 2133/1226 2259/1225 2135/1218
f 2135/1218 2207/1220 2258/1242
f 2413/1230 2407/1232 2192/1219
f 45/1239 1787/1233 2519/1237
f 2197/1275 778/1283 1980/1200
f 2411/1203 823/1235 2183/1197
f 2250/1299 2491/1301 2154/1302
f 2522/1245 45/1239 2570/1241
f 2411/1203 2187/1192 2410/1211
f 2491/1301 2160/1264 2247/1303
f 2417/1246 2200/1223 2125/1227
f 2423/1196 2168/1195 2420/1194
f 2415/1229 2192/1219 2407/1232
f 2258/1242 2417/1246 2133/1226
f 1776/1238 1787/1233 2406/1221
f 2130/1216 2138/1215 2129/1209
f 2191/1228 2184/1222 823/1235
f 2197/1275 686/1277 778/1283
f 2501/1289 2471/1288 2472/1296
f 2408/1191 2423/1196 2183/1197
f 2188/1198 2185/1213 2198/1201
f 2137/1214 675/1247 2138/1215
f 823/1235 2411/1203 1985/1234
f 2125/1227 2133/1226 2417/1246
f 2186/1205 2460/1217 2458/1210
f 1985/1234 2411/1203 2458/1210
f 2419/1282 2204/1199 1980/1200
f 2417/1246 2258/1242 2219/1244
f 2410/1211 2187/1192 2186/1205
f 2186/1205 2187/1192 2162/1206
f 2472/1296 2465/1292 2167/1293
f 2512/1202 1763/1291 2501/1289
f 823/1235 2185/1213 2183/1197
f 2258/1242 2133/1226 2135/1218
f 2139/1265 2140/1251 2141/1260
f 2130/1216 2125/1227 2200/1223
f 2402/1243 2258/1242 2207/1220
f 711/1285 2465/1292 2529/1286
f 779/1295 2473/1294 2461/1284
f 2512/1202 2167/1293 2231/1188
f 2529/1286 2471/1288 2474/1287
f 2174/1266 1431/1256 2206/1252
f 2157/1263 2139/1265 2141/1260
f 2160/1264 2140/1251 2139/1265
f 2140/1251 701/1248 780/1250
f 2165/1261 2256/1257 701/1248
f 701/1248 687/1249 780/1250
f 2419/1282 1763/1291 2512/1202
f 2140/1251 780/1250 2141/1260
f 2461/1284 778/1283 779/1295
f 713/1268 2528/1290 779/1295
f 2160/1264 2165/1261 2140/1251
f 2451/1276 2176/1272 2262/1267
f 2195/1212 2197/1275 2198/1201
f 2434/1307 2062/1304 2253/1298
f 2465/1292 2466/1278 2455/1280
f 2129/1209 780/1250 2127/1207
f 675/1247 2157/1263 2141/1260
f 2429/1255 695/1258 2256/1257
f 2466/1278 2465/1292 2174/1266
f 2189/1271 2128/1224 2127/1207
f 2428/1259 2163/1262 2062/1304
f 675/1247 2141/1260 2138/1215
f 1953/1300 307/1308 2253/1298
f 2428/1259 2429/1255 2163/1262
f 2471/1288 2465/1292 2472/1296
f 2189/1271 2197/1275 2414/1270
f 2163/1262 2429/1255 2256/1257
f 2174/1266 2206/1252 2262/1267
f 713/1268 778/1283 686/1277
f 695/1258 713/1268 687/1249
f 780/1250 687/1249 696/1269
f 2414/1270 2195/1212 2135/1218
f 2141/1260 2129/1209 2138/1215
f 2256/1257 687/1249 701/1248
f 2165/1261 2163/1262 2256/1257
f 2128/1224 2189/1271 2414/1270
f 2167/1293 2455/1280 2182/1189
f 2189/1271 2127/1207 696/1269
f 2129/1209 2141/1260 780/1250
f 2262/1267 2176/1272 2174/1266
f 697/1273 695/1258 711/1285
f 2209/1253 2429/1255 2428/1259
f 695/1258 697/1273 713/1268
f 2414/1270 2135/1218 2259/1225
f 2529/1286 2465/1292 2471/1288
f 2492/1274 713/1268 697/1273
f 2473/1294 779/1295 2528/1290
f 2128/1224 2414/1270 2259/1225
f 2209/1253 2255/1305 2205/1254
f 778/1283 2419/1282 1980/1200
f 696/1269 687/1249 713/1268
f 2529/1286 2474/1287 2528/1290
f 2195/1212 2414/1270 2197/1275
f 2262/1267 2205/1254 2451/1276
f 2204/1199 2419/1282 2512/1202
f 2461/1284 2473/1294 2474/1287
f 2231/1188 2167/1293 2182/1189
f 2209/1253 2428/1259 2062/1304
f 2189/1271 696/1269 686/1277
f 695/1258 2429/1255 1431/1256
f 2174/1266 2176/1272 2466/1278
f 2140/1251 2165/1261 701/1248
f 2424/1279 2455/1280 2175/1281
f 2252/1297 2253/1298 2163/1262
f 2256/1257 695/1258 687/1249
f 2419/1282 778/1283 2461/1284
f 711/1285 1431/1256 2174/1266
f 2163/1262 2165/1261 2252/1297
f 2253/1298 2250/1299 1953/1300
f 2231/1188 2182/1189 2173/1190
f 2461/1284 1763/1291 2419/1282
f 2231/1188 2173/1190 2408/1191
f 2127/1207 780/1250 696/1269
f 2165/1261 2491/1301 2252/1297
f 2062/1304 2255/1305 2209/1253
f 2529/1286 2492/1274 697/1273
f 2474/1287 2471/1288 2501/1289
f 2492/1274 2528/1290 713/1268
f 2187/1192 2521/1193 2420/1194
f 2173/1190 2168/1195 2408/1191
f 2197/1275 2189/1271 686/1277
f 2250/1299 2253/1298 2252/1297
f 711/1285 695/1258 1431/1256
f 2429/1255 2206/1252 1431/1256
f 2420/1194 2521/1193 2423/1196
f 2408/1191 2168/1195 2423/1196
f 1455/1336 1461/1394 1412/1366
f 1120/1393 3330/1396 3329/1384
f 1486/1410 888/1414 3276/1405
f 407/1343 3320/1318 1469/1344
f 1433/1337 1421/1342 1463/1319
f 3292/1369 3291/1345 3288/1347
f 1455/1336 1675/1358 1461/1394
f 3291/1345 387/1346 430/1326
f 343/1328 1443/1363 1507/1391
f 3406/1422 3272/1428 3273/1423
f 293/1379 1510/1322 1513/1400
f 1509/1386 293/1379 1483/1399
f 1918/1377 3298/1372 3301/1338
f 888/1414 1496/1418 3276/1405
f 303/1321 1510/1322 1515/1323
f 1463/1319 407/1343 1469/1344
f 1388/1317 382/1360 3368/1315
f 430/1326 387/1346 413/1324
f 407/1343 3330/1396 3320/1318
f 1439/1376 731/1392 1443/1363
f 3273/1423 1007/1368 1505/1371
f 382/1360 3438/1327 1391/1352
f 810/1387 1390/1406 1496/1418
f 1483/1399 1390/1406 1509/1386
f 1412/1366 1433/1337 1455/1336
f 1484/1407 1390/1406 1483/1399
f 1008/1309 229/1364 1445/1320
f 3314/1316 383/1359 3319/1370
f 3325/1382 1918/1377 3327/1341
f 3276/1405 3281/1402 1219/1404
f 1219/1404 3403/1409 1491/1411
f 3296/1380 1120/1393 3329/1384
f 1437/1330 1443/1363 343/1328
f 1439/1376 3288/1347 3294/1348
f 3406/1422 3474/1427 3382/1429
f 1483/1399 1512/1398 1484/1407
f 1483/1399 293/1379 1513/1400
f 3296/1380 3765/1381 3297/1311
f 3291/1345 3289/1313 3288/1347
f 3462/1415 3382/1429 1216/1430
f 1220/1365 3298/1372 1918/1377
f 3406/1422 3404/1408 3272/1428
f 152/1420 188/1421 189/1353
f 3289/1313 3487/1373 3294/1348
f 3462/1415 3406/1422 3382/1429
f 3288/1347 1439/1376 3319/1370
f 3765/1381 3766/1331 3297/1311
f 1120/1393 3296/1380 3320/1318
f 1060/1425 3474/1427 3406/1422
f 3709/1312 3289/1313 3707/1314
f 1433/1337 1463/1319 1445/1320
f 3477/1335 3296/1380 3329/1384
f 1390/1406 810/1387 1509/1386
f 1082/1357 1510/1322 303/1321
f 3276/1405 1496/1418 1390/1406
f 1434/1389 1918/1377 3299/1390
f 1434/1389 3299/1390 3732/1388
f 3294/1348 3175/1374 731/1392
f 3284/1403 1484/1407 1512/1398
f 3314/1316 3350/1375 383/1359
f 3350/1375 3314/1316 3368/1315
f 3284/1403 3276/1405 1484/1407
f 954/1413 1486/1410 1487/1412
f 1007/1368 3766/1331 2064/1333
f 1496/1418 1497/1417 810/1387
f 1496/1418 888/1414 1497/1417
f 413/1324 3302/1325 430/1326
f 1219/1404 1491/1411 1486/1410
f 1433/1337 3709/1312 3707/1314
f 731/1392 3175/1374 1461/1394
f 1409/1329 293/1379 1509/1386
f 3707/1314 3289/1313 853/1361
f 1507/1391 303/1321 1508/1383
f 1675/1358 1455/1336 1517/1395
f 731/1392 1507/1391 1443/1363
f 3292/1369 387/1346 3291/1345
f 3298/1372 430/1326 3301/1338
f 3297/1311 999/1310 3320/1318
f 1513/1400 3286/1401 1512/1398
f 1469/1344 3320/1318 999/1310
f 1432/1378 1220/1365 1421/1342
f 3709/1312 1412/1366 3487/1373
f 3368/1315 3314/1316 1388/1317
f 1388/1317 3434/1349 1437/1330
f 3438/1327 343/1328 1409/1329
f 1918/1377 1434/1389 1220/1365
f 1486/1410 3276/1405 1219/1404
f 3663/1426 3273/1423 1505/1371
f 3406/1422 3462/1415 3403/1409
f 1374/1350 413/1324 3470/1351
f 1392/1362 810/1387 189/1353
f 1508/1383 1515/1323 343/1328
f 1391/1352 189/1353 3367/1354
f 3292/1369 3288/1347 3319/1370
f 1219/1404 3284/1403 3403/1409
f 3286/1401 3284/1403 1512/1398
f 3709/1312 3487/1373 3289/1313
f 1008/1309 1007/1368 229/1364
f 1060/1425 3273/1423 3663/1426
f 888/1414 151/1416 1497/1417
f 3294/1348 731/1392 1439/1376
f 1220/1365 1432/1378 3298/1372
f 1409/1329 343/1328 1515/1323
f 1687/1356 3271/1424 1082/1357
f 3403/1409 3462/1415 1491/1411
f 1687/1356 3273/1423 3271/1424
f 954/1413 888/1414 1486/1410
f 1462/1355 1463/1319 1421/1342
f 3330/1396 3732/1388 3761/1397
f 3477/1335 3329/1384 3755/1385
f 1509/1386 810/1387 1392/1362
f 1486/1410 1491/1411 1487/1412
f 3330/1396 1120/1393 3320/1318
f 1437/1330 343/1328 3438/1327
f 1369/1367 1422/1339 1374/1350
f 3272/1428 3286/1401 1510/1322
f 1687/1356 1082/1357 1675/1358
f 1422/1339 3302/1325 1374/1350
f 3470/1351 413/1324 383/1359
f 3367/1354 382/1360 1391/1352
f 1455/1336 229/1364 1517/1395
f 382/1360 3367/1354 3368/1315
f 3291/1345 853/1361 3289/1313
f 1412/1366 3175/1374 3487/1373
f 1082/1357 3271/1424 1510/1322
f 189/1353 1391/1352 1392/1362
f 3327/1341 3301/1338 1422/1339
f 1421/1342 3707/1314 853/1361
f 1392/1362 1409/1329 1509/1386
f 382/1360 1388/1317 3438/1327
f 1675/1358 1082/1357 303/1321
f 3350/1375 3470/1351 383/1359
f 1517/1395 229/1364 3273/1423
f 303/1321 1507/1391 1675/1358
f 407/1343 1463/1319 1462/1355
f 413/1324 1374/1350 3302/1325
f 999/1310 1463/1319 1469/1344
f 3297/1311 1007/1368 1008/1309
f 3301/1338 3327/1341 1918/1377
f 1437/1330 3434/1349 1443/1363
f 1445/1320 229/1364 1455/1336
f 3319/1370 383/1359 387/1346
f 1008/1309 999/1310 3297/1311
f 1220/1365 1462/1355 1421/1342
f 3301/1338 3302/1325 1422/1339
f 1412/1366 1461/1394 3175/1374
f 1445/1320 999/1310 1008/1309
f 1320/1419 152/1420 1497/1417
f 3271/1424 3273/1423 3272/1428
f 1432/1378 853/1361 3298/1372
f 3284/1403 3404/1408 3403/1409
f 1510/1322 293/1379 1515/1323
f 3273/1423 1687/1356 1517/1395
f 3287/1334 3705/1332 3766/1331
f 387/1346 383/1359 413/1324
f 3314/1316 3319/1370 3434/1349
f 1409/1329 1392/1362 3438/1327
f 1391/1352 3438/1327 1392/1362
f 1388/1317 1437/1330 3438/1327
f 1433/1337 1412/1366 3709/1312
f 3276/1405 1390/1406 1484/1407
f 1461/1394 1507/1391 731/1392
f 3296/1380 3477/1335 3765/1381
f 3320/1318 3296/1380 3297/1311
f 3732/1388 1462/1355 1434/1389
f 3434/1349 3319/1370 1439/1376
f 1675/1358 1517/1395 1687/1356
f 343/1328 1507/1391 1508/1383
f 1007/1368 3273/1423 229/1364
f 3460/1340 1422/1339 1369/1367
f 3286/1401 3272/1428 3404/1408
f 3297/1311 3766/1331 1007/1368
f 3403/1409 3404/1408 3406/1422
f 3292/1369 3319/1370 387/1346
f 1007/1368 2064/1333 1505/1371
f 1675/1358 1507/1391 1461/1394
f 3765/1381 3477/1335 3766/1331
f 3732/1388 407/1343 1462/1355
f 3272/1428 1510/1322 3271/1424
f 810/1387 152/1420 189/1353
f 1515/1323 293/1379 1409/1329
f 3298/1372 853/1361 3291/1345
f 188/1421 3367/1354 189/1353
f 152/1420 810/1387 1497/1417
f 1497/1417 151/1416 1320/1419
f 3288/1347 3289/1313 3294/1348
f 1060/1425 3406/1422 3273/1423
f 3766/1331 3705/1332 2064/1333
f 3291/1345 430/1326 3298/1372
f 1421/1342 853/1361 1432/1378
f 1434/1389 1462/1355 1220/1365
f 3755/1385 3330/1396 3761/1397
f 3287/1334 3766/1331 3477/1335
f 1445/1320 1455/1336 1433/1337
f 3487/1373 3175/1374 3294/1348
f 3284/1403 3286/1401 3404/1408
f 1439/1376 1443/1363 3434/1349
f 430/1326 3302/1325 3301/1338
f 1422/1339 3460/1340 3327/1341
f 3314/1316 3434/1349 1388/1317
f 1508/1383 303/1321 1515/1323
f 1463/1319 999/1310 1445/1320
f 3281/1402 3284/1403 1219/1404
f 3276/1405 3284/1403 3281/1402
f 1513/1400 1510/1322 3286/1401
f 3329/1384 3330/1396 3755/1385
f 1512/1398 1483/1399 1513/1400
f 407/1343 3732/1388 3330/1396
f 3707/1314 1421/1342 1433/1337
f 3325/1382 3299/1390 1918/1377
f 3528/1465 1324/1526 2957/1534
f 607/1514 609/1513 1523/1512
f 3736/1441 641/1437 3739/1478
f 1359/1524 616/1517 613/1516
f 3681/1507 608/1530 3725/1543
f 3712/1466 637/1467 3750/1463
f 3664/1447 2412/1550 1060/1555
f 652/1470 651/1471 638/1472
f 3510/1544 1326/1537 619/1539
f 649/1485 3774/1474 654/1482
f 3661/1443 3696/1452 3711/1454
f 3503/1498 2159/1499 2727/1502
f 650/1484 649/1485 647/1476
f 1325/1469 652/1470 653/1481
f 650/1484 2703/1486 3504/1489
f 648/1468 637/1467 638/1472
f 3661/1443 2064/1446 3696/1452
f 3736/1441 3737/1435 641/1437
f 3689/1477 1290/1445 3690/1488
f 1505/1442 3661/1443 1506/1444
f 3199/1553 2201/1520 586/1523
f 620/1522 3199/1553 621/1554
f 3500/1500 2193/1503 3645/1504
f 3737/1435 1387/1433 641/1437
f 3594/1532 3645/1504 3595/1536
f 2235/1449 1329/1521 620/1522
f 3523/1535 3717/1541 3509/1540
f 3513/1525 3500/1500 3645/1504
f 3498/1480 3506/1492 3507/1491
f 3689/1477 3687/1487 3508/1490
f 2545/1438 3737/1435 3667/1439
f 3689/1477 3507/1491 3506/1492
f 2727/1502 2193/1503 3503/1498
f 2727/1502 2729/1501 3524/1505
f 3513/1525 3504/1489 3500/1500
f 625/1473 1317/1464 1325/1469
f 2058/1453 3696/1452 2064/1446
f 587/1518 1328/1515 582/1519
f 3568/1547 3510/1544 619/1539
f 3511/1434 3100/1432 3618/1431
f 2087/1456 3711/1454 1319/1460
f 622/1527 1358/1528 1359/1524
f 1358/1528 3586/1529 1359/1524
f 2064/1446 3661/1443 1505/1442
f 3586/1529 609/1513 607/1514
f 1505/1442 1506/1444 3663/1493
f 609/1513 3586/1529 608/1530
f 1326/1537 3510/1544 623/1545
f 3523/1535 2957/1534 1324/1526
f 3739/1478 3498/1480 642/1479
f 1358/1528 622/1527 608/1530
f 1359/1524 1020/1538 622/1527
f 1325/1469 653/1481 625/1473
f 3530/1548 3523/1535 3509/1540
f 3711/1454 2087/1456 3661/1443
f 3774/1474 1323/1475 625/1473
f 652/1470 637/1467 647/1476
f 3645/1504 3683/1506 3681/1507
f 3696/1452 624/1457 1318/1455
f 3618/1431 1387/1433 3737/1435
f 1329/1521 3568/1547 619/1539
f 3605/1508 2727/1502 3524/1505
f 3338/1462 3712/1466 3750/1463
f 1290/1445 3689/1477 641/1437
f 3663/1493 3662/1451 3664/1447
f 619/1539 1020/1538 612/1549
f 3513/1525 3594/1532 3774/1474
f 3725/1543 1020/1538 623/1545
f 3586/1529 1358/1528 608/1530
f 637/1467 626/1483 647/1476
f 626/1483 637/1467 642/1479
f 1318/1455 1319/1460 3711/1454
f 612/1549 615/1546 613/1516
f 3746/1531 3662/1451 3528/1465
f 2201/1520 1329/1521 1328/1515
f 1323/1475 3594/1532 3326/1533
f 3667/1439 3739/1478 642/1479
f 3508/1490 3167/1497 2729/1501
f 1325/1469 3735/1459 652/1470
f 3308/1450 3746/1531 2957/1534
f 613/1516 615/1546 1359/1524
f 650/1484 3504/1489 649/1485
f 1328/1515 587/1518 2201/1520
f 3502/1494 2703/1486 3507/1491
f 2957/1534 3746/1531 3528/1465
f 1323/1475 3523/1535 1324/1526
f 3326/1533 3523/1535 1323/1475
f 3645/1504 3594/1532 3513/1525
f 3502/1494 3504/1489 2703/1486
f 641/1437 3498/1480 3739/1478
f 3594/1532 3595/1536 3326/1533
f 612/1549 1020/1538 615/1546
f 3310/1448 3664/1447 3308/1450
f 2412/1550 3201/1551 3104/1552
f 3725/1543 608/1530 622/1527
f 1326/1537 1020/1538 619/1539
f 3595/1536 3725/1543 623/1545
f 3595/1536 3509/1540 3717/1541
f 3668/1542 3308/1450 2957/1534
f 3503/1498 2193/1503 3500/1500
f 3681/1507 3725/1543 3645/1504
f 3513/1525 649/1485 3504/1489
f 3725/1543 3595/1536 3645/1504
f 628/1495 627/1496 624/1457
f 609/1513 3683/1506 3670/1509
f 3308/1450 3668/1542 3310/1448
f 2412/1550 3664/1447 621/1554
f 638/1472 1287/1511 648/1468
f 1329/1521 2201/1520 620/1522
f 651/1471 3735/1459 1319/1460
f 3605/1508 3670/1509 2727/1502
f 3167/1497 3508/1490 3687/1487
f 3528/1465 1317/1464 1324/1526
f 3507/1491 3689/1477 3508/1490
f 3511/1434 3618/1431 3497/1436
f 637/1467 652/1470 638/1472
f 1020/1538 3725/1543 622/1527
f 2727/1502 2159/1499 2729/1501
f 3507/1491 3508/1490 2159/1499
f 3310/1448 3668/1542 3568/1547
f 2087/1456 3662/1451 3661/1443
f 612/1549 613/1516 1329/1521
f 1387/1433 1290/1445 641/1437
f 1317/1464 1323/1475 1324/1526
f 653/1481 3774/1474 625/1473
f 2193/1503 3670/1509 3683/1506
f 3510/1544 3509/1540 623/1545
f 3681/1507 609/1513 608/1530
f 654/1482 652/1470 647/1476
f 3708/1458 3528/1465 3662/1451
f 623/1545 1020/1538 1326/1537
f 3498/1480 3689/1477 3506/1492
f 3750/1463 648/1468 3557/1461
f 653/1481 652/1470 654/1482
f 3664/1447 2235/1449 620/1522
f 3661/1443 3662/1451 3663/1493
f 3683/1506 3645/1504 2193/1503
f 642/1479 3498/1480 626/1483
f 615/1546 1020/1538 1359/1524
f 651/1471 1319/1460 638/1472
f 3530/1548 3509/1540 3510/1544
f 3199/1553 2412/1550 621/1554
f 2235/1449 3568/1547 1329/1521
f 642/1479 3712/1466 3667/1439
f 3498/1480 3507/1491 2703/1486
f 3664/1447 3310/1448 2235/1449
f 3308/1450 3664/1447 3662/1451
f 3502/1494 3503/1498 3504/1489
f 586/1523 2201/1520 587/1518
f 2957/1534 3523/1535 3668/1542
f 3774/1474 653/1481 654/1482
f 3611/1510 3670/1509 3605/1508
f 3711/1454 3696/1452 1318/1455
f 638/1472 1319/1460 624/1457
f 3618/1431 3100/1432 1387/1433
f 3557/1461 648/1468 1287/1511
f 627/1496 638/1472 624/1457
f 3712/1466 642/1479 637/1467
f 1317/1464 625/1473 1323/1475
f 2087/1456 3708/1458 3662/1451
f 2235/1449 3310/1448 3568/1547
f 3667/1439 3688/1440 2545/1438
f 3530/1548 3568/1547 3668/1542
f 624/1457 1319/1460 1318/1455
f 3735/1459 2087/1456 1319/1460
f 3557/1461 3338/1462 3750/1463
f 3737/1435 3736/1441 3667/1439
f 3664/1447 1060/1555 3663/1493
f 616/1517 582/1519 1328/1515
f 3513/1525 3774/1474 649/1485
f 3201/1551 2412/1550 3199/1553
f 3683/1506 609/1513 3681/1507
f 621/1554 3664/1447 620/1522
f 1328/1515 1329/1521 613/1516
f 3717/1541 3326/1533 3595/1536
f 1323/1475 3774/1474 3594/1532
f 628/1495 624/1457 2058/1453
f 627/1496 1287/1511 638/1472
f 3509/1540 3595/1536 623/1545
f 3696/1452 2058/1453 624/1457
f 650/1484 647/1476 626/1483
f 649/1485 654/1482 647/1476
f 3498/1480 2703/1486 626/1483
f 612/1549 1329/1521 619/1539
f 2201/1520 3199/1553 620/1522
f 3502/1494 2159/1499 3503/1498
f 3500/1500 3504/1489 3503/1498
f 2703/1486 650/1484 626/1483
f 3308/1450 3662/1451 3746/1531
f 3708/1458 1317/1464 3528/1465
f 3568/1547 3530/1548 3510/1544
f 3530/1548 3668/1542 3523/1535
f 3508/1490 2729/1501 2159/1499
f 3661/1443 3663/1493 1506/1444
f 3687/1487 3689/1477 3690/1488
f 2193/1503 2727/1502 3670/1509
f 3689/1477 3498/1480 641/1437
f 3502/1494 3507/1491 2159/1499
f 3667/1439 3736/1441 3739/1478
f 609/1513 3670/1509 3611/1510
f 3735/1459 3708/1458 2087/1456
f 3735/1459 651/1471 652/1470
f 3667/1439 3712/1466 3688/1440
f 637/1467 648/1468 3750/1463
f 3497/1436 3618/1431 3737/1435
f 3523/1535 3326/1533 3717/1541
f 1325/1469 1317/1464 3708/1458
f 1328/1515 613/1516 616/1517
f 1325/1469 3708/1458 3735/1459
f 3611/1510 1523/1512 609/1513
f 2020/1570 1959/1572 2972/1564
f 279/1579 1886/1571 280/1575
f 283/1580 279/1579 6/1582
f 1969/1562 2672/1561 2972/1564
f 1959/1572 1886/1571 279/1579
f 2972/1564 2680/1566 2020/1570
f 1886/1571 3059/1578 1843/1576
f 284/1581 2972/1564 1959/1572
f 284/1581 1959/1572 283/1580
f 282/1583 284/1581 283/1580
f 2986/1584 2217/1559 2106/1569
f 2986/1584 2612/1567 2217/1559
f 2024/1577 1886/1571 2020/1570
f 2020/1570 2680/1566 2024/1577
f 282/1583 283/1580 6/1582
f 1927/1573 1843/1576 2106/1569
f 3067/1680 3059/1578 3070/1597
f 3002/1681 2991/1594 3059/1578
f 2680/1566 2667/1682 2967/1595
f 3303/1593 3401/1650 326/1649
f 2672/1561 1970/1683 2667/1682
f 1970/1683 1925/1588 1951/1587
f 2991/1594 2680/1566 2967/1595
f 3067/1680 2986/1584 2106/1569
f 3059/1578 2024/1577 3002/1681
f 259/1630 2838/1656 331/1599
f 1929/1589 2076/1620 2077/1590
f 1970/1683 2672/1561 1924/1563
f 1970/1683 2967/1595 2667/1682
f 2930/1592 3150/1591 258/1667
f 3309/1652 2978/1611 1361/1613
f 2966/1672 3198/1635 2542/1634
f 2672/1561 2667/1682 1876/1565
f 1876/1565 2667/1682 2680/1566
f 2991/1594 3002/1681 2680/1566
f 3150/1591 260/1585 258/1667
f 3183/1665 3177/1651 3407/1637
f 2024/1577 2680/1566 3002/1681
f 2991/1594 3070/1597 3059/1578
f 3059/1578 3067/1680 1843/1576
f 3544/1675 3545/1673 324/1598
f 2966/1672 2872/1662 2740/1647
f 2740/1647 3552/1646 3198/1635
f 2978/1611 2977/1654 1361/1613
f 3492/1601 3358/1604 339/1606
f 260/1585 3150/1591 2612/1567
f 2986/1584 3067/1680 3070/1597
f 2662/1618 1929/1589 1925/1588
f 325/1560 3150/1591 326/1649
f 1843/1576 3067/1680 2106/1569
f 3121/1643 3081/1614 2965/1608
f 3290/1622 3036/1605 3358/1604
f 260/1585 2612/1567 3045/1586
f 339/1606 1361/1613 1362/1612
f 2999/1636 2905/1678 3426/1679
f 2580/1663 2872/1662 2966/1672
f 2542/1634 2999/1636 3426/1679
f 3303/1593 2930/1592 2928/1632
f 3303/1593 3024/1664 3401/1650
f 1970/1683 1951/1587 2967/1595
f 1924/1563 1925/1588 1970/1683
f 1951/1587 1925/1588 1929/1589
f 1929/1589 2077/1590 1951/1587
f 2930/1592 258/1667 3552/1646
f 3150/1591 2930/1592 3303/1593
f 347/1668 3221/1609 319/1658
f 2991/1594 2967/1595 2077/1590
f 3313/1641 2977/1654 3121/1643
f 2077/1590 2938/1626 328/1607
f 2905/1678 2999/1636 3545/1673
f 3253/1621 3177/1651 3309/1652
f 239/1633 2872/1662 340/1660
f 239/1633 340/1660 3219/1657
f 2740/1647 2872/1662 239/1633
f 2991/1594 2995/1596 3070/1597
f 2999/1636 3198/1635 3545/1673
f 324/1598 331/1599 330/1600
f 3313/1641 3121/1643 2965/1608
f 3492/1601 3229/1602 3166/1603
f 3358/1604 3036/1605 339/1606
f 239/1633 2928/1632 2930/1592
f 3552/1646 258/1667 324/1598
f 3150/1591 325/1560 2612/1567
f 328/1607 332/1616 2995/1596
f 2904/1674 2905/1678 3545/1673
f 1378/1677 3214/1676 323/1670
f 328/1607 2991/1594 2077/1590
f 239/1633 2930/1592 2740/1647
f 3545/1673 3198/1635 3552/1646
f 349/1659 319/1658 3219/1657
f 2995/1596 2991/1594 328/1607
f 3300/1653 3183/1665 3221/1609
f 2965/1608 3166/1603 3229/1602
f 324/1598 323/1670 3544/1675
f 330/1600 1377/1671 323/1670
f 3221/1609 345/1610 2978/1611
f 3242/1556 3279/1557 3238/1558
f 3214/1676 3544/1675 323/1670
f 3279/1557 2217/1559 325/1560
f 323/1670 1377/1671 1378/1677
f 2904/1674 3544/1675 3214/1676
f 2904/1674 3545/1673 3544/1675
f 3492/1601 1362/1612 3229/1602
f 260/1585 3551/1617 259/1630
f 3177/1651 3183/1665 3300/1653
f 1362/1612 3492/1601 339/1606
f 3219/1657 3268/1631 239/1633
f 3242/1556 2217/1559 3279/1557
f 3407/1637 3253/1621 3283/1623
f 3545/1673 3552/1646 324/1598
f 2672/1561 1969/1562 1924/1563
f 2972/1564 1876/1565 2680/1566
f 3313/1641 2965/1608 3229/1602
f 2217/1559 2612/1567 325/1560
f 3221/1609 3268/1631 319/1658
f 2218/1568 2106/1569 2217/1559
f 2020/1570 1886/1571 1959/1572
f 2966/1672 2740/1647 3198/1635
f 2972/1564 2672/1561 1876/1565
f 3334/1642 3449/1624 3081/1614
f 3036/1605 1361/1613 339/1606
f 1927/1573 2106/1569 2086/1574
f 457/1669 1377/1671 330/1600
f 323/1670 324/1598 330/1600
f 3221/1609 347/1668 345/1610
f 3221/1609 3024/1664 3268/1631
f 3024/1664 2928/1632 3268/1631
f 2928/1632 3024/1664 3303/1593
f 3081/1614 235/1615 3166/1603
f 3183/1665 3024/1664 3221/1609
f 3045/1586 2612/1567 2986/1584
f 1886/1571 1927/1573 280/1575
f 1886/1571 1843/1576 1927/1573
f 3045/1586 332/1616 3551/1617
f 3229/1602 1362/1612 3313/1641
f 2076/1620 1929/1589 2662/1618
f 2662/1618 2677/1619 2076/1620
f 2986/1584 3070/1597 2995/1596
f 1361/1613 3253/1621 3309/1652
f 2938/1626 2750/1648 329/1625
f 324/1598 258/1667 331/1599
f 2838/1656 457/1669 330/1600
f 2838/1656 268/1666 457/1669
f 3253/1621 3036/1605 3290/1622
f 345/1610 347/1668 346/1661
f 3150/1591 3303/1593 326/1649
f 258/1667 260/1585 331/1599
f 1951/1587 2077/1590 2967/1595
f 2902/1629 2844/1627 2076/1620
f 3253/1621 3290/1622 3283/1623
f 3253/1621 1361/1613 3036/1605
f 2838/1656 1075/1645 268/1666
f 344/1655 345/1610 346/1661
f 2977/1654 2978/1611 345/1610
f 2978/1611 3300/1653 3221/1609
f 3407/1637 3024/1664 3183/1665
f 3407/1637 3401/1650 3024/1664
f 260/1585 259/1630 331/1599
f 235/1615 3081/1614 3449/1624
f 329/1625 328/1607 2938/1626
f 3166/1603 2965/1608 3081/1614
f 2077/1590 2076/1620 2844/1627
f 332/1616 3045/1586 2995/1596
f 2844/1627 2649/1628 2938/1626
f 2750/1648 1075/1645 2838/1656
f 344/1655 3334/1642 345/1610
f 2872/1662 2580/1663 340/1660
f 344/1655 346/1661 3332/1644
f 2076/1620 2677/1619 2902/1629
f 3334/1642 2977/1654 345/1610
f 2978/1611 3309/1652 3300/1653
f 3401/1650 3407/1637 3364/1640
f 331/1599 2838/1656 330/1600
f 329/1625 2838/1656 259/1630
f 326/1649 3401/1650 336/1639
f 326/1649 3279/1557 325/1560
f 2986/1584 2995/1596 3045/1586
f 349/1659 3219/1657 340/1660
f 3268/1631 3219/1657 319/1658
f 2750/1648 2838/1656 329/1625
f 3449/1624 3334/1642 344/1655
f 3332/1644 3449/1624 344/1655
f 3334/1642 3121/1643 2977/1654
f 2077/1590 2844/1627 2938/1626
f 1361/1613 2977/1654 3313/1641
f 2972/1564 284/1581 1969/1562
f 279/1579 283/1580 1959/1572
f 3309/1652 3177/1651 3300/1653
f 2218/1568 2086/1574 2106/1569
f 2024/1577 3059/1578 1886/1571
f 3407/1637 3177/1651 3253/1621
f 3401/1650 3364/1640 336/1639
f 3364/1640 3407/1637 2629/1638
f 326/1649 336/1639 3279/1557
f 2750/1648 2649/1628 1075/1645
f 2938/1626 2649/1628 2750/1648
f 2902/1629 2649/1628 2844/1627
f 3552/1646 2740/1647 2930/1592
f 2677/1619 1075/1645 2902/1629
f 332/1616 329/1625 259/1630
f 1075/1645 2649/1628 2902/1629
f 3332/1644 235/1615 3449/1624
f 3334/1642 3081/1614 3121/1643
f 3313/1641 1362/1612 1361/1613
f 329/1625 332/1616 328/1607
f 3364/1640 3238/1558 336/1639
f 3238/1558 3279/1557 336/1639
f 3407/1637 3283/1623 2629/1638
f 2542/1634 3198/1635 2999/1636
f 3045/1586 3551/1617 260/1585
f 3268/1631 2928/1632 239/1633
f 259/1630 3551/1617 332/1616
f 3772/1688 3549/1703 3548/1743
f 3158/1691 704/1731 703/1748
f 3560/1707 3713/1689 693/1709
f 3593/1690 1549/1704 3158/1691
f 3630/1724 3653/1772 1603/1787
f 710/1702 3648/1699 692/1708
f 240/1733 255/1740 256/1734
f 253/1746 254/1692 703/1748
f 1387/1720 3100/1717 685/1715
f 3345/1780 3652/1779 3605/1784
f 709/1710 3540/1711 710/1702
f 3713/1689 3549/1703 3772/1688
f 254/1692 3158/1691 703/1748
f 3706/1749 3596/1742 3698/1756
f 3678/1685 3677/1684 3713/1689
f 3640/1727 3738/1736 3642/1730
f 602/1804 3620/1805 603/1807
f 243/1747 3572/1755 253/1746
f 3648/1699 2997/1705 692/1708
f 3677/1684 3678/1685 2926/1686
f 3734/1687 3678/1685 3772/1688
f 3678/1685 3713/1689 3772/1688
f 3415/1697 3648/1699 710/1702
f 3560/1707 3593/1690 3713/1689
f 2997/1705 3648/1699 1648/1695
f 3631/1706 1648/1695 3633/1694
f 710/1702 3650/1701 3415/1697
f 3413/1693 3648/1699 3415/1697
f 3747/1760 1753/1752 3635/1751
f 1549/1704 3593/1690 2997/1705
f 3747/1760 3673/1763 3524/1776
f 1561/1735 3631/1706 3632/1726
f 692/1708 709/1710 710/1702
f 3633/1694 3632/1726 3631/1706
f 3759/1729 3677/1684 2926/1686
f 3593/1690 1742/1696 3713/1689
f 3741/1785 3616/1789 3654/1798
f 3549/1703 3713/1689 1742/1696
f 3515/1700 3650/1701 710/1702
f 1648/1695 3648/1699 3413/1693
f 3713/1689 3677/1684 693/1709
f 3763/1794 3654/1798 3616/1789
f 1386/1712 3540/1711 709/1710
f 3413/1693 3415/1697 3656/1698
f 1742/1696 3593/1690 254/1692
f 3413/1693 3633/1694 1648/1695
f 3672/1758 3682/1768 3609/1750
f 3659/1802 1016/1793 1019/1790
f 729/1728 3631/1706 704/1731
f 3540/1711 1386/1712 3610/1713
f 3593/1690 3158/1691 254/1692
f 3596/1742 3591/1741 3698/1756
f 3677/1684 3640/1727 693/1709
f 3517/1721 710/1702 3540/1711
f 3620/1805 3569/1801 3619/1799
f 3656/1698 3658/1808 3118/1809
f 603/1807 606/1806 602/1804
f 693/1709 1295/1714 692/1708
f 602/1804 606/1806 610/1803
f 3659/1802 1019/1790 3700/1796
f 602/1804 3569/1801 3620/1805
f 2926/1686 3635/1751 3738/1736
f 610/1803 3602/1800 602/1804
f 1016/1793 3659/1802 3620/1805
f 3569/1801 602/1804 3602/1800
f 610/1803 3623/1792 3602/1800
f 3626/1795 3659/1802 3700/1796
f 3602/1800 3654/1798 3569/1801
f 3619/1799 3569/1801 3654/1798
f 3602/1800 3623/1792 3654/1798
f 3718/1791 3626/1795 3700/1796
f 1016/1793 3619/1799 3763/1794
f 3616/1789 1019/1790 1016/1793
f 3654/1798 3763/1794 3619/1799
f 3623/1792 3611/1797 3605/1784
f 1579/1737 1753/1752 3167/1753
f 3571/1786 3626/1795 3718/1791
f 3700/1796 1019/1790 3718/1791
f 692/1708 3560/1707 693/1709
f 3626/1795 3571/1786 1602/1788
f 3616/1789 1016/1793 3763/1794
f 3548/1743 3596/1742 3723/1744
f 1019/1790 3616/1789 3617/1782
f 3652/1779 3623/1792 3605/1784
f 3652/1779 3741/1785 3623/1792
f 3571/1786 3718/1791 3570/1783
f 2926/1686 3640/1727 3759/1729
f 3570/1783 3718/1791 1019/1790
f 1019/1790 3617/1782 3570/1783
f 3617/1782 3616/1789 3741/1785
f 3741/1785 3652/1779 575/1774
f 3629/1722 3571/1786 3570/1783
f 3630/1724 1603/1787 1602/1788
f 3630/1724 3571/1786 3629/1722
f 3617/1782 3111/1778 3570/1783
f 3617/1782 3741/1785 575/1774
f 3638/1781 3643/1777 251/1766
f 3605/1784 3524/1776 3345/1780
f 710/1702 3517/1721 3515/1700
f 3652/1779 3345/1780 3748/1770
f 3733/1773 3629/1722 3570/1783
f 3733/1773 3570/1783 3111/1778
f 3111/1778 3617/1782 575/1774
f 251/1766 3643/1777 3614/1764
f 3638/1781 3653/1772 3643/1777
f 3345/1780 3524/1776 3748/1770
f 3161/1775 3652/1779 3748/1770
f 3629/1722 3733/1773 3684/1723
f 3613/1761 3653/1772 3630/1724
f 3111/1778 3682/1768 3733/1773
f 3682/1768 3111/1778 575/1774
f 251/1766 3614/1764 242/1767
f 3656/1698 3415/1697 3650/1701
f 3643/1777 3653/1772 3614/1764
f 3748/1770 3524/1776 3673/1763
f 2829/1762 3161/1775 3748/1770
f 3734/1687 2926/1686 3678/1685
f 2829/1762 429/1769 575/1774
f 3733/1773 3682/1768 3684/1723
f 3684/1723 3613/1761 3630/1724
f 3631/1706 1549/1704 1648/1695
f 692/1708 685/1715 709/1710
f 3614/1764 3653/1772 3613/1761
f 242/1767 243/1747 251/1766
f 3614/1764 3572/1755 242/1767
f 3652/1779 3161/1775 575/1774
f 3747/1760 2729/1771 1753/1752
f 1648/1695 1549/1704 2997/1705
f 3748/1770 3673/1763 2829/1762
f 3723/1744 429/1769 2829/1762
f 3686/1757 3613/1761 3684/1723
f 3613/1761 3702/1754 3614/1764
f 3609/1750 3682/1768 429/1769
f 3572/1755 243/1747 242/1767
f 243/1747 244/1765 251/1766
f 3572/1755 3614/1764 3702/1754
f 2830/1759 3673/1763 3747/1760
f 3673/1763 2830/1759 2829/1762
f 2829/1762 2830/1759 3723/1744
f 3706/1749 3684/1723 3672/1758
f 3613/1761 3686/1757 3698/1756
f 3706/1749 3686/1757 3684/1723
f 3698/1756 3702/1754 3613/1761
f 3572/1755 3702/1754 255/1740
f 1753/1752 1752/1745 3635/1751
f 3635/1751 3734/1687 3747/1760
f 3723/1744 3596/1742 3609/1750
f 2830/1759 3734/1687 3723/1744
f 3672/1758 3609/1750 3706/1749
f 3706/1749 3698/1756 3686/1757
f 3698/1756 3591/1741 3702/1754
f 253/1746 703/1748 243/1747
f 3572/1755 255/1740 253/1746
f 255/1740 3702/1754 3591/1741
f 3167/1753 3687/1738 1579/1737
f 1752/1745 1753/1752 1579/1737
f 3738/1736 3635/1751 1752/1745
f 3635/1751 2926/1686 3734/1687
f 3596/1742 3706/1749 3609/1750
f 3772/1688 3723/1744 3734/1687
f 704/1731 243/1747 703/1748
f 254/1692 253/1746 255/1740
f 255/1740 3591/1741 256/1734
f 1579/1737 3738/1736 1752/1745
f 256/1734 3596/1742 3548/1743
f 3548/1743 3723/1744 3772/1688
f 3591/1741 3596/1742 256/1734
f 255/1740 240/1733 254/1692
f 727/1739 704/1731 1561/1735
f 3690/1732 3642/1730 3687/1738
f 1579/1737 3642/1730 3738/1736
f 2926/1686 3738/1736 3640/1727
f 254/1692 240/1733 3549/1703
f 3631/1706 1561/1735 704/1731
f 3549/1703 240/1733 256/1734
f 3690/1732 1295/1714 3642/1730
f 1295/1714 3690/1732 1290/1719
f 704/1731 1549/1704 729/1728
f 1295/1714 3640/1727 3642/1730
f 3759/1729 3640/1727 3677/1684
f 3656/1698 3633/1694 3413/1693
f 1549/1704 3631/1706 729/1728
f 693/1709 3640/1727 1295/1714
f 1290/1719 685/1715 1295/1714
f 3119/1725 3632/1726 3633/1694
f 3119/1725 3633/1694 3656/1698
f 685/1715 1386/1712 709/1710
f 2830/1759 3747/1760 3734/1687
f 1753/1752 2729/1771 3167/1753
f 3549/1703 256/1734 3548/1743
f 610/1803 3611/1797 3623/1792
f 3682/1768 575/1774 429/1769
f 1742/1696 254/1692 3549/1703
f 2829/1762 575/1774 3161/1775
f 3609/1750 429/1769 3723/1744
f 3620/1805 3619/1799 1016/1793
f 3642/1730 1579/1737 3687/1738
f 3158/1691 1549/1704 704/1731
f 3512/1716 3610/1713 1386/1712
f 1602/1788 3571/1786 3630/1724
f 3684/1723 3682/1768 3672/1758
f 3118/1809 3119/1725 3656/1698
f 3656/1698 3650/1701 3658/1808
f 3741/1785 3654/1798 3623/1792
f 3593/1690 3560/1707 2997/1705
f 3524/1776 2729/1771 3747/1760
f 685/1715 1290/1719 1387/1720
f 685/1715 692/1708 1295/1714
f 685/1715 3100/1717 1386/1712
f 3511/1718 3610/1713 3512/1716
f 3100/1717 3512/1716 1386/1712
f 3511/1718 3512/1716 3100/1717
f 3629/1722 3684/1723 3630/1724
f 243/1747 704/1731 727/1739
f 2997/1705 3560/1707 692/1708
f 2353/1867 2223/1897 2018/1907
f 645/1908 643/1898 1430/1899
f 776/1879 666/1858 2369/1860
f 655/1909 776/1879 2078/1890
f 2080/1885 2348/1865 1780/1850
f 643/1898 646/1910 640/1889
f 2060/1942 2045/1943 2079/1946
f 2056/1937 2030/1940 2038/1944
f 2356/1861 2588/1880 2586/1846
f 2599/1893 2591/1855 2431/1881
f 2374/1864 2370/1872 2361/1863
f 1459/1911 884/1906 863/1891
f 725/1912 646/1910 2104/1854
f 1459/1911 1458/1913 1457/1914
f 2104/1854 645/1908 2098/1915
f 725/1912 2394/1916 655/1909
f 836/1917 2596/1918 2550/1919
f 776/1879 655/1909 666/1858
f 1902/1848 2592/1888 2374/1864
f 1596/1927 1595/1903 1594/1965
f 645/1908 1430/1899 2108/1920
f 2574/1921 1457/1914 2655/1922
f 1458/1913 1459/1911 863/1891
f 1457/1914 1458/1913 2583/1904
f 773/1923 2223/1897 2587/1924
f 1931/1851 1780/1850 2348/1865
f 2013/1815 1923/1828 1875/1836
f 2562/1925 2587/1924 2397/1859
f 645/1908 2104/1854 646/1910
f 2586/1846 2075/1862 2356/1861
f 2070/1871 2093/1964 2120/1869
f 2070/1871 2065/1934 2093/1964
f 2090/1961 640/1889 2093/1964
f 2092/1884 2093/1964 640/1889
f 2120/1869 2093/1964 2092/1884
f 2069/1900 2019/1814 2059/1932
f 1457/1914 2584/1905 773/1923
f 2090/1961 2071/1959 2067/1960
f 2108/1920 2233/1962 2383/1963
f 1430/1899 2233/1962 2108/1920
f 2233/1962 2079/1946 2383/1963
f 1922/1835 1928/1832 2368/1831
f 2093/1964 2065/1934 2090/1961
f 2233/1962 1430/1899 2067/1960
f 2067/1960 2079/1946 2233/1962
f 2065/1934 2071/1959 2090/1961
f 2090/1961 2067/1960 1430/1899
f 2079/1946 2067/1960 2071/1959
f 2060/1942 2079/1946 2071/1959
f 2060/1942 2071/1959 2061/1933
f 2071/1959 2065/1934 2061/1933
f 2354/1839 2082/1842 1928/1832
f 2052/1948 2049/1953 2023/1949
f 2017/1812 2169/1826 2015/1817
f 2033/1813 2237/1810 2292/1955
f 2292/1955 2237/1810 1993/1951
f 2053/1950 2023/1949 2289/1954
f 2289/1954 2304/1952 2145/1956
f 1993/1951 2007/1929 1995/1957
f 2017/1812 1993/1951 2237/1810
f 2145/1956 1995/1957 2012/1958
f 2304/1952 2052/1948 2292/1955
f 640/1889 2090/1961 1430/1899
f 1993/1951 2015/1817 2007/1929
f 2399/1838 1909/1849 2075/1862
f 1995/1957 1996/1931 2012/1958
f 2033/1813 2052/1948 2059/1932
f 2066/1945 2023/1949 2042/1947
f 1995/1957 2145/1956 2292/1955
f 1995/1957 2007/1929 1996/1931
f 2098/1915 645/1908 2108/1920
f 2033/1813 2292/1955 2052/1948
f 2292/1955 1993/1951 1995/1957
f 2292/1955 2145/1956 2304/1952
f 2023/1949 2304/1952 2289/1954
f 2049/1953 2304/1952 2023/1949
f 2052/1948 2304/1952 2049/1953
f 1993/1951 2017/1812 2015/1817
f 2039/1938 2057/1935 2066/1945
f 2053/1950 2042/1947 2023/1949
f 2066/1945 2052/1948 2023/1949
f 2562/1925 666/1858 2222/1876
f 2006/1827 2368/1831 1783/1833
f 2066/1945 2059/1932 2052/1948
f 1931/1851 1904/1844 1775/1843
f 2574/1921 2575/1901 1457/1914
f 2606/1926 1595/1903 1596/1927
f 2562/1925 2574/1921 2655/1922
f 2104/1854 723/1853 2394/1916
f 2347/1825 2011/1930 2285/1816
f 2354/1839 1900/1840 2082/1842
f 1594/1965 2656/1966 1596/1927
f 2104/1854 2098/1915 720/1852
f 720/1852 2098/1915 2096/1856
f 1902/1848 1926/1847 1904/1844
f 2394/1916 2222/1876 655/1909
f 2285/1816 2007/1929 2015/1817
f 725/1912 2104/1854 2394/1916
f 2536/1882 836/1917 2550/1919
f 2575/1901 2606/1926 1457/1914
f 2080/1885 2362/1896 2348/1865
f 2066/1945 2057/1935 2061/1933
f 2007/1929 2285/1816 2011/1930
f 2562/1925 2655/1922 2587/1924
f 2061/1933 2059/1932 2066/1945
f 2072/1873 2225/1870 2224/1895
f 2575/1901 1595/1903 2606/1926
f 2607/1894 2583/1904 1458/1913
f 2584/1905 2223/1897 773/1923
f 2584/1905 2362/1896 2018/1907
f 666/1858 2562/1925 2397/1859
f 2066/1945 2042/1947 2039/1938
f 2430/1877 723/1853 2550/1919
f 1459/1911 2606/1926 1596/1927
f 2169/1826 2017/1812 2081/1824
f 2365/1829 1778/1823 2019/1814
f 722/1883 720/1852 721/1857
f 2353/1867 2362/1896 2080/1885
f 2587/1924 2369/1860 2397/1859
f 2596/1918 2574/1921 2539/1875
f 2353/1867 1773/1866 2073/1887
f 2019/1814 2081/1824 2016/1811
f 2074/1874 1773/1866 2069/1900
f 2550/1919 2539/1875 2430/1877
f 2431/1881 2591/1855 2586/1846
f 2061/1933 2056/1937 2060/1942
f 2596/1918 2575/1901 2574/1921
f 2552/1928 2596/1918 836/1917
f 2539/1875 2550/1919 2596/1918
f 646/1910 643/1898 645/1908
f 1775/1843 1904/1844 1875/1836
f 1902/1848 2361/1863 1909/1849
f 2607/1894 1458/1913 863/1891
f 2074/1874 2073/1887 1773/1866
f 2584/1905 1457/1914 2583/1904
f 2539/1875 2562/1925 2222/1876
f 2586/1846 1900/1840 2075/1862
f 2018/1907 2223/1897 2584/1905
f 720/1852 2536/1882 723/1853
f 2017/1812 2016/1811 2081/1824
f 2587/1924 2655/1922 773/1923
f 2070/1871 2069/1900 2065/1934
f 2354/1839 2399/1838 2075/1862
f 1902/1848 2348/1865 2592/1888
f 1594/1965 879/1968 2656/1966
f 2038/1944 2045/1943 2043/1941
f 2043/1941 2056/1937 2038/1944
f 1923/1828 1921/1830 1775/1843
f 2019/1814 1778/1823 2081/1824
f 2060/1942 2043/1941 2045/1943
f 2223/1897 2224/1895 2587/1924
f 2599/1893 2431/1881 2588/1880
f 2354/1839 2075/1862 1900/1840
f 2056/1937 2043/1941 2060/1942
f 646/1910 2078/1890 640/1889
f 2575/1901 2596/1918 2552/1928
f 2037/1939 2030/1940 2056/1937
f 723/1853 2222/1876 2394/1916
f 2035/1936 2037/1939 2056/1937
f 2065/1934 2069/1900 2059/1932
f 2007/1929 2011/1930 1996/1931
f 2061/1933 2057/1935 2056/1937
f 2552/1928 2597/1902 2575/1901
f 2075/1862 1909/1849 2361/1863
f 2003/1868 1780/1850 1921/1830
f 2039/1938 2037/1939 2035/1936
f 1983/1822 1990/1821 1777/1820
f 2008/1818 1777/1820 1990/1821
f 2016/1811 2237/1810 2033/1813
f 2057/1935 2035/1936 2056/1937
f 655/1909 646/1910 725/1912
f 2061/1933 2065/1934 2059/1932
f 2666/1967 1596/1927 2656/1966
f 2224/1895 2369/1860 2587/1924
f 2078/1890 646/1910 655/1909
f 2592/1888 2348/1865 2362/1896
f 2536/1882 2550/1919 723/1853
f 2033/1813 2059/1932 2019/1814
f 2013/1815 1777/1820 2008/1818
f 1990/1821 2009/1819 2008/1818
f 2081/1824 2013/1815 2169/1826
f 2285/1816 2013/1815 2008/1818
f 2536/1882 722/1883 836/1917
f 2008/1818 2009/1819 2285/1816
f 2013/1815 2285/1816 2015/1817
f 2016/1811 2033/1813 2019/1814
f 2353/1867 2365/1829 1773/1866
f 1900/1840 2371/1845 1903/1841
f 2237/1810 2016/1811 2017/1812
f 2222/1876 666/1858 655/1909
f 1457/1914 2606/1926 1459/1911
f 2353/1867 2018/1907 2362/1896
f 2655/1922 1457/1914 773/1923
f 2019/1814 2069/1900 1773/1866
f 1778/1823 2013/1815 2081/1824
f 2348/1865 1904/1844 1931/1851
f 2656/1966 879/1968 2666/1967
f 2539/1875 2574/1921 2562/1925
f 2579/1886 2583/1904 2607/1894
f 1983/1822 1777/1820 2006/1827
f 2013/1815 2015/1817 2169/1826
f 2013/1815 1778/1823 1923/1828
f 2365/1829 1921/1830 1778/1823
f 2368/1831 1928/1832 1783/1833
f 1990/1821 2347/1825 2009/1819
f 2006/1827 1910/1834 2368/1831
f 1922/1835 2368/1831 1910/1834
f 1777/1820 1910/1834 2006/1827
f 2013/1815 1875/1836 1777/1820
f 1777/1820 1779/1837 1910/1834
f 1459/1911 2666/1967 884/1906
f 2399/1838 2354/1839 1928/1832
f 1928/1832 1922/1835 2399/1838
f 1900/1840 1903/1841 2082/1842
f 1910/1834 1779/1837 1922/1835
f 1921/1830 1923/1828 1778/1823
f 1875/1836 1923/1828 1775/1843
f 1779/1837 1875/1836 1904/1844
f 1459/1911 1596/1927 2666/1967
f 2371/1845 1900/1840 2586/1846
f 1779/1837 1904/1844 1926/1847
f 1926/1847 1902/1848 1909/1849
f 1780/1850 1931/1851 1775/1843
f 720/1852 723/1853 2104/1854
f 1775/1843 1921/1830 1780/1850
f 2371/1845 2586/1846 2591/1855
f 720/1852 2096/1856 721/1857
f 666/1858 2397/1859 2369/1860
f 2356/1861 2075/1862 2361/1863
f 2374/1864 2361/1863 1902/1848
f 1904/1844 2348/1865 1902/1848
f 2019/1814 1773/1866 2365/1829
f 2353/1867 2003/1868 2365/1829
f 1922/1835 1779/1837 1926/1847
f 2120/1869 2225/1870 2070/1871
f 2361/1863 2370/1872 2356/1861
f 2072/1873 2074/1874 2070/1871
f 2539/1875 2222/1876 2430/1877
f 2070/1871 2225/1870 2072/1873
f 775/1878 776/1879 2369/1860
f 2225/1870 2120/1869 775/1878
f 2586/1846 2588/1880 2431/1881
f 1921/1830 2365/1829 2003/1868
f 2536/1882 720/1852 722/1883
f 2120/1869 2092/1884 775/1878
f 2080/1885 2003/1868 2353/1867
f 2374/1864 2579/1886 2370/1872
f 723/1853 2430/1877 2222/1876
f 2074/1874 2072/1873 2073/1887
f 1780/1850 2003/1868 2080/1885
f 2374/1864 2592/1888 2579/1886
f 2369/1860 2225/1870 775/1878
f 640/1889 2078/1890 2092/1884
f 775/1878 2092/1884 776/1879
f 863/1891 2603/1892 2599/1893
f 2588/1880 863/1891 2599/1893
f 2356/1861 2370/1872 2588/1880
f 2370/1872 2579/1886 2607/1894
f 1922/1835 1926/1847 1909/1849
f 2607/1894 2588/1880 2370/1872
f 2057/1935 2039/1938 2035/1936
f 2073/1887 2072/1873 2224/1895
f 2592/1888 2362/1896 2579/1886
f 2353/1867 2073/1887 2223/1897
f 2224/1895 2225/1870 2369/1860
f 2078/1890 776/1879 2092/1884
f 643/1898 640/1889 1430/1899
f 1909/1849 2399/1838 1922/1835
f 2285/1816 2009/1819 2347/1825
f 2069/1900 2070/1871 2074/1874
f 2575/1901 2597/1902 1595/1903
f 2583/1904 2362/1896 2584/1905
f 884/1906 2603/1892 863/1891
f 1779/1837 1777/1820 1875/1836
f 2607/1894 863/1891 2588/1880
f 2223/1897 2073/1887 2224/1895
f 2362/1896 2583/1904 2579/1886
f 1844/2060 2338/2052 1882/2053
f 2626/2110 2326/2109 2624/2101
f 2616/2065 2682/2069 2324/2070
f 1781/2000 2004/1995 1990/2001
f 2338/2052 2328/2066 3084/2055
f 1793/2023 1858/2131 1807/2022
f 1944/2006 1945/1984 1981/2004
f 1813/2083 1837/2073 1833/2084
f 2328/2066 2616/2065 2324/2070
f 2670/2071 2321/2031 2319/2028
f 2306/1990 2317/2005 2577/2012
f 1790/2029 1794/2024 1805/2033
f 2623/2108 2636/2111 2366/2064
f 1963/2007 2317/2005 1938/1989
f 2632/2063 2627/2054 2330/2057
f 2320/2037 2316/2040 2318/2050
f 2713/2121 2676/2123 2282/2019
f 1805/2033 1858/2131 1851/1974
f 1972/2014 1963/2007 1944/2006
f 1804/2003 1806/2010 1774/2011
f 1948/1977 1804/2003 1871/2009
f 1944/2006 1963/2007 1964/2008
f 1938/1989 2317/2005 2306/1990
f 1981/2004 1968/1978 1948/1977
f 3084/2055 2330/2057 2331/2049
f 1982/1981 2379/1987 2004/1995
f 1948/1977 1788/1976 1804/2003
f 1844/2060 1884/2068 2616/2065
f 1943/2030 2630/2039 2316/2040
f 1796/2035 1942/2043 2642/2032
f 1788/1976 1786/2002 1804/2003
f 1990/2001 2004/1995 1992/2133
f 1967/2113 1992/2133 2004/1995
f 1967/2113 2004/1995 2379/1987
f 1942/2043 1946/2046 2622/2025
f 1942/2043 1943/2030 1946/2046
f 1964/2008 1938/1989 1945/1984
f 1782/1997 1786/2002 1975/1998
f 2642/2032 1942/2043 2622/2025
f 1944/2006 1964/2008 1945/1984
f 1981/2004 1948/1977 1871/2009
f 1983/1999 1781/2000 1990/2001
f 1943/2030 2290/2041 2630/2039
f 2324/2070 2682/2069 2339/2076
f 1885/2078 2339/2076 2682/2069
f 1975/1998 1788/1976 2633/1975
f 1982/1981 1782/1997 1975/1998
f 1949/1986 1936/1992 1986/2128
f 2321/2031 1943/2030 2316/2040
f 2678/2130 2676/2123 2720/2125
f 1963/2007 1938/1989 1964/2008
f 1984/1996 1782/1997 1982/1981
f 1946/2046 1943/2030 1947/2020
f 1839/2034 1844/2060 1882/2053
f 2004/1995 1984/1996 1982/1981
f 2280/2088 1956/2081 2325/2087
f 1807/2022 1858/2131 1805/2033
f 2638/2105 2636/2111 2623/2108
f 1882/2053 1796/2035 1839/2034
f 1973/2080 1939/2079 2234/2090
f 1330/2099 2609/2134 2576/2135
f 1816/2072 1840/2067 1837/2073
f 3084/2055 2367/2045 2338/2052
f 1810/2047 1811/1971 1883/2056
f 1971/2026 2642/2032 2622/2025
f 2324/2070 2339/2076 2377/2062
f 2338/2052 1844/2060 2328/2066
f 2321/2031 2670/2071 1947/2020
f 3084/2055 2331/2049 2367/2045
f 1839/2034 1880/2036 1795/2048
f 1802/1969 1818/1970 1811/1971
f 1838/2018 1944/2006 1981/2004
f 2366/2064 2632/2063 2377/2062
f 368/2100 2638/2105 2836/2106
f 2627/2054 2318/2050 2331/2049
f 2320/2037 2620/2122 2319/2028
f 2276/2044 2367/2045 2331/2049
f 1885/2078 1813/2083 1835/2082
f 2638/2105 1298/2102 2836/2106
f 1956/2081 2341/2085 1885/2078
f 2652/2051 2635/2058 2637/2118
f 1949/1986 1986/2128 1987/2112
f 1962/1980 2307/1983 1930/1991
f 2748/2116 1453/2092 2234/2090
f 2156/2061 2330/2057 3084/2055
f 2249/2096 2748/2116 2762/2129
f 1828/2038 1811/1971 1818/1970
f 2653/2117 1330/2099 2711/2119
f 1938/1989 2314/1985 1945/1984
f 1805/2033 1808/1973 1795/2048
f 1982/1981 1962/1980 2379/1987
f 2306/1990 2313/1988 2314/1985
f 1941/2086 2341/2085 2280/2088
f 2616/2065 1884/2068 2682/2069
f 2321/2031 2316/2040 2320/2037
f 1962/1980 2311/1979 2307/1983
f 1813/2083 1817/2075 1837/2073
f 1941/2086 2325/2087 2323/2074
f 1971/2026 1878/2027 1790/2029
f 2379/1987 2278/2114 1967/2113
f 1810/2047 1808/1973 1811/1971
f 1965/1982 1968/1978 1945/1984
f 2642/2032 1971/2026 1790/2029
f 1795/2048 1810/2047 1839/2034
f 2338/2052 2290/2041 1988/2042
f 2669/1994 2308/1993 2306/1990
f 2321/2031 2320/2037 2319/2028
f 2652/2051 2320/2037 2318/2050
f 1930/1991 2307/1983 2313/1988
f 2711/2119 2712/2124 2713/2121
f 2308/1993 1936/1992 2313/1988
f 1453/2092 1973/2080 2234/2090
f 2278/2114 1949/1986 1987/2112
f 2308/1993 2313/1988 2306/1990
f 1962/1980 1930/1991 1949/1986
f 2336/2077 2341/2085 1941/2086
f 2627/2054 2652/2051 2318/2050
f 1930/1991 2313/1988 1936/1992
f 1835/2082 1813/2083 1833/2084
f 1930/1991 1936/1992 1949/1986
f 2314/1985 1938/1989 2306/1990
f 1939/2079 1973/2080 1956/2081
f 2282/2019 1966/2016 2319/2028
f 2313/1988 2307/1983 2314/1985
f 2625/2104 2624/2101 2335/2095
f 1844/2060 1814/2059 1884/2068
f 1817/2075 1885/2078 2682/2069
f 2307/1983 1965/1982 2314/1985
f 1880/2036 1790/2029 1795/2048
f 1790/2029 1796/2035 2642/2032
f 2623/2108 2626/2110 2625/2104
f 1802/1969 1811/1971 1801/1972
f 2320/2037 2671/2120 2620/2122
f 2249/2096 2825/2093 2748/2116
f 2379/1987 1949/1986 2278/2114
f 1840/2067 1814/2059 1828/2038
f 1811/1971 1808/1973 1801/1972
f 1962/1980 1949/1986 2379/1987
f 1945/1984 2314/1985 1965/1982
f 2339/2076 2336/2077 2323/2074
f 1968/1978 1965/1982 2311/1979
f 1965/1982 2307/1983 2311/1979
f 1837/2073 1817/2075 1816/2072
f 2319/2028 1966/2016 2670/2071
f 2311/1979 1962/1980 2633/1975
f 1838/2018 1878/2027 1971/2026
f 1947/2020 1943/2030 2321/2031
f 1962/1980 1982/1981 2633/1975
f 1968/1978 2311/1979 2633/1975
f 1968/1978 2633/1975 1948/1977
f 2633/1975 1788/1976 1948/1977
f 1817/2075 2682/2069 1884/2068
f 2622/2025 2716/2021 1971/2026
f 1878/2027 1794/2024 1790/2029
f 1810/2047 1883/2056 1839/2034
f 1795/2048 1790/2029 1805/2033
f 1844/2060 2616/2065 2328/2066
f 2673/2126 2668/2127 2306/1990
f 2626/2110 2624/2101 2625/2104
f 2323/2074 2377/2062 2339/2076
f 2620/2122 2282/2019 2319/2028
f 1975/1998 2633/1975 1982/1981
f 1816/2072 1817/2075 1884/2068
f 2652/2051 2671/2120 2320/2037
f 2577/2012 2673/2126 2306/1990
f 2276/2044 2331/2049 2318/2050
f 2366/2064 2377/2062 2323/2074
f 2318/2050 2316/2040 2630/2039
f 1796/2035 1882/2053 1988/2042
f 1299/2097 2836/2106 1298/2102
f 2151/2098 2609/2134 1330/2099
f 2720/2125 2676/2123 2713/2121
f 2341/2085 1956/2081 2280/2088
f 1299/2097 1298/2102 2825/2093
f 2309/2015 2670/2071 1966/2016
f 3084/2055 2328/2066 2324/2070
f 1885/2078 2341/2085 2336/2077
f 2004/1995 1781/2000 1984/1996
f 1796/2035 1790/2029 1880/2036
f 2325/2087 2326/2109 2323/2074
f 2632/2063 2366/2064 2635/2058
f 2367/2045 2290/2041 2338/2052
f 2630/2039 2276/2044 2318/2050
f 1871/2009 1804/2003 1774/2011
f 2825/2093 2610/2103 1315/2094
f 1835/2082 1940/2089 1956/2081
f 2712/2124 2711/2119 2576/2135
f 1839/2034 1796/2035 1880/2036
f 2713/2121 2620/2122 2671/2120
f 1956/2081 1973/2080 2325/2087
f 1808/1973 1851/1974 1801/1972
f 1810/2047 1795/2048 1808/1973
f 2673/2126 2577/2012 2676/2123
f 1838/2018 1794/2024 1878/2027
f 2335/2095 1315/2094 2610/2103
f 2713/2121 2712/2124 2720/2125
f 2280/2088 2325/2087 1941/2086
f 2156/2061 3084/2055 2324/2070
f 1939/2079 1956/2081 1940/2089
f 2627/2054 2331/2049 2330/2057
f 1794/2024 1774/2011 1807/2022
f 2377/2062 2632/2063 2330/2057
f 1884/2068 1814/2059 1816/2072
f 2716/2021 2327/2017 1971/2026
f 1786/2002 1788/1976 1975/1998
f 2282/2019 2676/2123 2577/2012
f 1814/2059 1840/2067 1816/2072
f 2336/2077 1941/2086 2323/2074
f 1330/2099 2576/2135 2711/2119
f 2635/2058 2627/2054 2632/2063
f 2669/1994 2306/1990 2668/2127
f 1971/2026 2327/2017 1838/2018
f 2330/2057 2156/2061 2377/2062
f 1947/2020 2716/2021 2622/2025
f 177/2115 2653/2117 2637/2118
f 1976/2013 1794/2024 1838/2018
f 1774/2011 1794/2024 1976/2013
f 1807/2022 1774/2011 1793/2023
f 1784/2091 1782/1997 1984/1996
f 1838/2018 2327/2017 1944/2006
f 2620/2122 2713/2121 2282/2019
f 2671/2120 2711/2119 2713/2121
f 2711/2119 2671/2120 2637/2118
f 2290/2041 1943/2030 1988/2042
f 1947/2020 2622/2025 1946/2046
f 1963/2007 1966/2016 2317/2005
f 2324/2070 2377/2062 2156/2061
f 1814/2059 1844/2060 1839/2034
f 2716/2021 1972/2014 2327/2017
f 1814/2059 1883/2056 1828/2038
f 2336/2077 2339/2076 1885/2078
f 2652/2051 2637/2118 2671/2120
f 1947/2020 2309/2015 2716/2021
f 2290/2041 2367/2045 2630/2039
f 2637/2118 2653/2117 2711/2119
f 2673/2126 2676/2123 2678/2130
f 1883/2056 1811/1971 1828/2038
f 2637/2118 2635/2058 177/2115
f 1330/2099 2653/2117 177/2115
f 1945/1984 1968/1978 1981/2004
f 2670/2071 2309/2015 1947/2020
f 2635/2058 2652/2051 2627/2054
f 1984/1996 1781/2000 1784/2091
f 2276/2044 2630/2039 2367/2045
f 1966/2016 2282/2019 2577/2012
f 1956/2081 1885/2078 1835/2082
f 1453/2092 2748/2116 2825/2093
f 1851/1974 1808/1973 1805/2033
f 2625/2104 2610/2103 2638/2105
f 1966/2016 1963/2007 2309/2015
f 2636/2111 177/2115 2635/2058
f 1981/2004 1976/2013 1838/2018
f 1871/2009 1774/2011 1976/2013
f 2636/2111 1330/2099 177/2115
f 2323/2074 2326/2109 2366/2064
f 1972/2014 1944/2006 2327/2017
f 2151/2098 368/2100 2836/2106
f 2635/2058 2366/2064 2636/2111
f 1988/2042 1943/2030 1942/2043
f 1987/2112 1967/2113 2278/2114
f 1966/2016 2577/2012 2317/2005
f 1794/2024 1807/2022 1805/2033
f 2636/2111 368/2100 1330/2099
f 1988/2042 1882/2053 2338/2052
f 1883/2056 1814/2059 1839/2034
f 1963/2007 1972/2014 2309/2015
f 1796/2035 1988/2042 1942/2043
f 368/2100 2636/2111 2638/2105
f 1813/2083 1885/2078 1817/2075
f 2325/2087 2624/2101 2326/2109
f 1774/2011 1861/2132 1793/2023
f 2623/2108 2366/2064 2626/2110
f 1774/2011 1806/2010 1861/2132
f 2366/2064 2326/2109 2626/2110
f 2309/2015 1972/2014 2716/2021
f 1453/2092 2825/2093 1315/2094
f 1315/2094 2335/2095 1453/2092
f 1453/2092 2335/2095 1973/2080
f 2249/2096 1299/2097 2825/2093
f 2151/2098 1330/2099 368/2100
f 2624/2101 1973/2080 2335/2095
f 1298/2102 2610/2103 2825/2093
f 2610/2103 2625/2104 2335/2095
f 1298/2102 2638/2105 2610/2103
f 2836/2106 1299/2097 2841/2107
f 1981/2004 1871/2009 1976/2013
f 2841/2107 2151/2098 2836/2106
f 2325/2087 1973/2080 2624/2101
f 2638/2105 2623/2108 2625/2104
f 1296/2229 1312/2222 663/2137
f 1568/2150 670/2157 1209/2170
f 1730/2209 783/2217 1202/2200
f 3773/2204 3777/2221 1297/2247
f 2741/2176 1297/2247 3703/2237
f 1297/2247 3333/2175 3773/2204
f 3306/2240 3732/2181 3299/2248
f 3325/2245 3306/2240 3299/2248
f 2569/2153 1235/2219 1894/2178
f 3755/2197 3761/2243 3773/2204
f 1907/2227 3344/2211 664/2138
f 1296/2229 1297/2247 1312/2222
f 1767/2192 3671/2184 3348/2208
f 3727/2183 2545/2190 3600/2233
f 1894/2178 3374/2193 3372/2177
f 1772/2206 1730/2209 1797/2207
f 3600/2233 3688/2224 3722/2223
f 3333/2175 1297/2247 2741/2176
f 3771/2149 2568/2151 2768/2147
f 636/2239 663/2137 1312/2222
f 3600/2233 3722/2223 3724/2210
f 3328/2182 3777/2221 3773/2204
f 1736/2228 3356/2212 1730/2209
f 3337/2174 3770/2242 3749/2218
f 1297/2247 3777/2221 1312/2222
f 3761/2243 3732/2181 278/2180
f 3679/2191 3115/2162 1558/2161
f 604/2194 1894/2178 1234/2205
f 3282/2249 2058/2250 3705/2251
f 1235/2219 2569/2153 1568/2150
f 1202/2200 1907/2227 1356/2198
f 1297/2247 1296/2229 3703/2237
f 1416/2148 2768/2147 674/2146
f 1558/2161 3526/2185 3679/2191
f 3306/2240 3328/2182 3732/2181
f 3724/2210 3107/2172 3600/2233
f 3344/2211 1901/2216 3348/2208
f 3378/2226 3722/2223 633/2234
f 3705/2251 2058/2250 2064/2252
f 1356/2198 1907/2227 664/2138
f 1279/2159 3729/2215 3344/2211
f 3676/2168 3615/2187 3671/2184
f 3488/2188 1282/2160 1279/2159
f 3770/2242 3351/2241 3768/2253
f 3282/2249 3351/2241 2058/2250
f 3749/2218 3767/2195 3755/2197
f 3727/2183 3316/2179 3737/2189
f 3701/2139 3590/2238 2531/2140
f 1767/2192 783/2217 1772/2206
f 3324/2235 3305/2199 3325/2245
f 3433/2203 3337/2174 3749/2218
f 3761/2243 3328/2182 3773/2204
f 660/2171 3636/2165 3647/2154
f 3647/2154 3497/2156 3316/2179
f 659/2158 3378/2226 3740/2214
f 3460/2244 3324/2235 3327/2246
f 3697/2169 1767/2192 1209/2170
f 3770/2242 3768/2253 3767/2195
f 1209/2170 1767/2192 1192/2186
f 3306/2240 636/2239 3328/2182
f 3306/2240 3325/2245 3305/2199
f 3768/2253 3477/2196 3767/2195
f 3768/2253 3351/2241 1974/2254
f 1797/2207 604/2194 1234/2205
f 3488/2188 3615/2187 3679/2191
f 3282/2249 1974/2254 3351/2241
f 1736/2228 1730/2209 1202/2200
f 1974/2254 3477/2196 3768/2253
f 3282/2249 3287/2255 1974/2254
f 3316/2179 3497/2156 3737/2189
f 2531/2140 3608/2256 1289/2141
f 3282/2249 3705/2251 3287/2255
f 3526/2185 1558/2161 3636/2165
f 3727/2183 3600/2233 3107/2172
f 636/2239 3305/2199 1356/2198
f 1894/2178 1235/2219 1234/2205
f 604/2194 3356/2212 3374/2193
f 3615/2187 3676/2168 3116/2257
f 3703/2237 1296/2229 633/2234
f 3749/2218 3770/2242 3767/2195
f 3347/2236 3372/2177 3374/2193
f 3344/2211 1907/2227 1901/2216
f 1736/2228 3324/2235 3460/2244
f 3324/2235 3325/2245 3327/2246
f 1736/2228 3460/2244 3357/2220
f 1800/2232 1569/2164 1558/2161
f 3490/2201 1736/2228 1202/2200
f 3488/2188 1278/2202 3671/2184
f 1327/2231 2741/2176 3703/2237
f 1974/2254 3287/2255 3477/2196
f 662/2136 663/2137 664/2138
f 663/2137 636/2239 664/2138
f 3610/2258 3511/2155 3669/2259
f 1192/2186 1234/2205 1235/2219
f 674/2146 673/2143 1416/2148
f 3771/2149 2768/2147 1416/2148
f 3612/2300 3731/2299 3588/2310
f 278/2180 3328/2182 3761/2243
f 3337/2174 3351/2241 3770/2242
f 3588/2310 1540/2312 1565/2309
f 1574/2314 1535/2316 1543/2313
f 1543/2313 1535/2316 1538/2311
f 1574/2314 1543/2313 451/2315
f 1538/2311 1540/2312 1543/2313
f 1538/2311 1565/2309 1540/2312
f 3612/2300 3588/2310 1565/2309
f 3612/2300 1565/2309 3651/2304
f 3305/2199 636/2239 3306/2240
f 3490/2201 3305/2199 3324/2235
f 1407/2260 3676/2168 658/2152
f 3328/2182 636/2239 1312/2222
f 3433/2203 3773/2204 3333/2175
f 3433/2203 3333/2175 3337/2174
f 664/2138 636/2239 1356/2198
f 1568/2150 1416/2148 673/2143
f 3641/2166 2531/2140 3590/2238
f 1327/2231 3703/2237 633/2234
f 1288/2144 3701/2139 1289/2141
f 1873/2163 3115/2162 1291/2261
f 3515/2272 3628/2269 3644/2298
f 3646/2262 3669/2259 3511/2155
f 1407/2260 1873/2163 1291/2261
f 1568/2150 3771/2149 1416/2148
f 2568/2151 3087/2145 2768/2147
f 1407/2260 680/2263 656/2264
f 3608/2256 2530/2265 680/2263
f 3517/2308 3516/2268 3515/2272
f 680/2263 2530/2265 3095/2266
f 3599/2277 3762/2274 3461/2271
f 3674/2267 3516/2268 1800/2232
f 1568/2150 673/2143 658/2152
f 1568/2150 2569/2153 3771/2149
f 3740/2214 661/2230 3729/2215
f 2768/2147 3087/2145 674/2146
f 658/2152 3676/2168 670/2157
f 680/2263 1273/2142 3608/2256
f 2569/2153 2568/2151 3771/2149
f 3516/2268 3517/2308 3540/2307
f 3351/2241 817/2284 627/2294
f 3516/2268 3674/2267 3628/2269
f 3634/2297 1723/2305 3610/2258
f 1700/2270 3461/2271 3095/2266
f 1279/2159 3344/2211 1278/2202
f 3628/2269 3515/2272 3516/2268
f 2733/2273 3461/2271 3762/2274
f 3628/2269 2733/2273 3721/2275
f 3647/2154 3511/2155 3497/2156
f 3347/2236 3374/2193 3379/2213
f 1568/2150 658/2152 670/2157
f 1736/2228 3490/2201 3324/2235
f 1296/2229 3378/2226 633/2234
f 3721/2275 2733/2273 3762/2274
f 3740/2214 1279/2159 659/2158
f 673/2143 674/2146 1288/2144
f 633/2234 3722/2223 1327/2231
f 661/2230 1296/2229 662/2136
f 659/2158 1279/2159 1282/2160
f 3637/2276 3599/2277 1637/2278
f 3599/2277 3637/2276 3597/2279
f 3351/2241 3337/2174 629/2280
f 1558/2161 3115/2162 1873/2163
f 1569/2164 3636/2165 1558/2161
f 3337/2174 3714/2281 629/2280
f 2545/2190 3688/2224 3600/2233
f 1558/2161 1873/2163 1800/2232
f 2741/2176 3714/2281 3337/2174
f 1637/2278 1293/2282 3637/2276
f 783/2217 1907/2227 1202/2200
f 3378/2226 1296/2229 3740/2214
f 663/2137 662/2136 1296/2229
f 3729/2215 661/2230 662/2136
f 3637/2276 2515/2283 3597/2279
f 817/2284 3351/2241 629/2280
f 1327/2231 3722/2223 639/2225
f 3740/2214 1296/2229 661/2230
f 3714/2281 817/2284 629/2280
f 1327/2231 3714/2281 2741/2176
f 3118/2285 3658/2286 3489/2287
f 676/2292 679/2289 3612/2300
f 3597/2279 2515/2283 1471/2288
f 679/2289 3637/2276 1293/2282
f 817/2284 3714/2281 3557/2290
f 3118/2285 1471/2288 3119/2291
f 2515/2283 676/2292 1471/2288
f 817/2284 3557/2290 1287/2293
f 817/2284 1287/2293 627/2294
f 3557/2290 3714/2281 3338/2295
f 3119/2291 1471/2288 676/2292
f 3688/2224 3712/2296 639/2225
f 2733/2273 3095/2266 3461/2271
f 3641/2166 1563/2167 2531/2140
f 3676/2168 3697/2169 670/2157
f 3634/2297 3669/2259 3646/2262
f 3714/2281 1327/2231 3338/2295
f 3116/2257 3115/2162 3615/2187
f 3489/2287 3721/2275 3118/2285
f 3721/2275 3644/2298 3628/2269
f 3697/2169 1209/2170 670/2157
f 660/2171 3107/2172 659/2158
f 3646/2262 3647/2154 3636/2165
f 3489/2287 3644/2298 3721/2275
f 3599/2277 3597/2279 3762/2274
f 1294/2173 1568/2150 1209/2170
f 3337/2174 3333/2175 2741/2176
f 1873/2163 3674/2267 1800/2232
f 1471/2288 3762/2274 3597/2279
f 3372/2177 2569/2153 1894/2178
f 2515/2283 3637/2276 676/2292
f 3647/2154 3316/2179 660/2171
f 3712/2296 3338/2295 639/2225
f 1563/2167 1700/2270 3095/2266
f 278/2180 3732/2181 3328/2182
f 3762/2274 1471/2288 3118/2285
f 3316/2179 3727/2183 660/2171
f 3671/2184 3697/2169 3676/2168
f 3641/2166 1637/2278 1563/2167
f 3526/2185 3636/2165 660/2171
f 1209/2170 1192/2186 1294/2173
f 676/2292 3637/2276 679/2289
f 3087/2145 1288/2144 674/2146
f 3615/2187 3488/2188 3671/2184
f 3115/2162 3116/2257 1291/2261
f 673/2143 1288/2144 1289/2141
f 3731/2299 3612/2300 679/2289
f 2531/2140 1563/2167 2530/2265
f 3737/2189 2545/2190 3727/2183
f 3634/2297 3610/2258 3669/2259
f 3488/2188 3679/2191 1282/2160
f 724/2301 676/2292 3612/2300
f 1282/2160 3679/2191 3526/2185
f 3526/2185 660/2171 659/2158
f 3671/2184 1767/2192 3697/2169
f 3374/2193 1894/2178 604/2194
f 3767/2195 3477/2196 3755/2197
f 1356/2198 3305/2199 1202/2200
f 3490/2201 1202/2200 3305/2199
f 1700/2270 3599/2277 3461/2271
f 658/2152 673/2143 1273/2142
f 3610/2258 1723/2305 3540/2307
f 1723/2305 3516/2268 3540/2307
f 1289/2141 3608/2256 1273/2142
f 1279/2159 1278/2202 3488/2188
f 3516/2268 1569/2164 1800/2232
f 3644/2298 3658/2286 3650/2302
f 659/2158 1282/2160 3526/2185
f 3433/2203 3755/2197 3773/2204
f 1234/2205 1772/2206 1797/2207
f 1767/2192 1772/2206 1192/2186
f 2531/2140 2530/2265 3608/2256
f 3671/2184 1278/2202 3348/2208
f 2058/2250 3351/2241 628/2303
f 1730/2209 604/2194 1797/2207
f 628/2303 3351/2241 627/2294
f 1273/2142 673/2143 1289/2141
f 3107/2172 3724/2210 659/2158
f 3348/2208 1278/2202 3344/2211
f 3612/2300 3651/2304 724/2301
f 3674/2267 671/2306 2733/2273
f 3374/2193 3356/2212 3379/2213
f 604/2194 1730/2209 3356/2212
f 3727/2183 3107/2172 660/2171
f 1273/2142 1407/2260 658/2152
f 1700/2270 1563/2167 3599/2277
f 1279/2159 3740/2214 3729/2215
f 1901/2216 783/2217 3348/2208
f 3338/2295 1327/2231 639/2225
f 3433/2203 3749/2218 3755/2197
f 1730/2209 1772/2206 783/2217
f 1235/2219 1568/2150 1294/2173
f 3356/2212 3357/2220 3379/2213
f 3777/2221 3328/2182 1312/2222
f 3344/2211 3729/2215 662/2136
f 3722/2223 3688/2224 639/2225
f 3650/2302 3515/2272 3644/2298
f 3724/2210 3722/2223 3378/2226
f 656/2264 680/2263 671/2306
f 3115/2162 3679/2191 3615/2187
f 1907/2227 783/2217 1901/2216
f 656/2264 1873/2163 1407/2260
f 1293/2282 3731/2299 679/2289
f 1723/2305 1569/2164 3516/2268
f 3636/2165 1569/2164 3634/2297
f 656/2264 671/2306 1873/2163
f 680/2263 3095/2266 671/2306
f 3599/2277 1563/2167 1637/2278
f 3676/2168 1407/2260 3116/2257
f 3634/2297 3646/2262 3636/2165
f 3116/2257 1407/2260 1291/2261
f 659/2158 3724/2210 3378/2226
f 1563/2167 3095/2266 2530/2265
f 3701/2139 2531/2140 1289/2141
f 1192/2186 1235/2219 1294/2173
f 664/2138 3344/2211 662/2136
f 1772/2206 1234/2205 1192/2186
f 1736/2228 3357/2220 3356/2212
f 1767/2192 3348/2208 783/2217
f 2733/2273 3628/2269 3674/2267
f 3658/2286 3644/2298 3489/2287
f 1723/2305 3634/2297 1569/2164
f 3674/2267 1873/2163 671/2306
f 680/2263 1407/2260 1273/2142
f 3762/2274 3118/2285 3721/2275
f 2733/2273 671/2306 3095/2266
f 3647/2154 3646/2262 3511/2155
f 1057/2464 417/2429 406/2431
f 2463/2471 3249/2454 2459/2453
f 348/2478 1493/2393 396/2465
f 380/2423 337/2479 1495/2473
f 420/2410 123/2481 401/2411
f 458/2370 29/2475 459/2480
f 3716/2369 3386/2448 458/2370
f 556/2385 594/2389 558/2386
f 342/2406 562/2379 3332/2401
f 341/2365 2968/2381 563/2372
f 2942/2455 3386/2448 3715/2456
f 391/2476 337/2479 379/2474
f 3715/2456 3716/2369 1052/2459
f 1384/2390 1054/2463 385/2451
f 578/2343 585/2371 587/2376
f 397/2344 348/2478 395/2413
f 395/2413 348/2478 396/2465
f 65/2409 350/2408 401/2411
f 391/2476 379/2474 1366/2477
f 395/2413 422/2418 72/2407
f 350/2408 422/2418 1493/2393
f 29/2475 30/2458 456/2400
f 3386/2448 29/2475 458/2370
f 71/2445 72/2407 65/2409
f 1052/2459 3716/2369 3363/2470
f 3386/2448 3716/2369 3715/2456
f 379/2474 380/2423 389/2425
f 3336/2466 397/2344 347/2442
f 463/2472 380/2423 1495/2473
f 1334/2352 2333/2427 341/2365
f 2459/2453 3363/2470 2463/2471
f 70/2422 71/2445 65/2409
f 349/2468 2975/2469 319/2443
f 3336/2466 1372/2467 397/2344
f 422/2418 395/2413 396/2465
f 319/2443 1054/2463 1057/2464
f 401/2411 402/2435 65/2409
f 582/2462 616/2335 578/2343
f 354/2452 367/2460 975/2461
f 415/2446 1493/2393 348/2478
f 3715/2456 1052/2459 2952/2439
f 427/2403 595/2383 69/2405
f 3386/2448 125/2317 30/2458
f 125/2317 589/2434 124/2457
f 2952/2439 2942/2455 3715/2456
f 559/2354 1342/2368 204/2341
f 354/2452 975/2461 386/2450
f 3535/2347 596/2380 585/2371
f 204/2341 1342/2368 580/2342
f 586/2402 587/2376 588/2377
f 556/2385 3437/2360 1208/2419
f 568/2417 3200/2396 588/2377
f 346/2426 2315/2415 342/2406
f 3396/2440 2459/2453 3249/2454
f 1366/2477 1365/2482 391/2476
f 28/2399 29/2475 456/2400
f 391/2476 1365/2482 1364/2483
f 594/2389 581/2374 557/2375
f 452/2363 3376/2484 3363/2470
f 3363/2470 2459/2453 1052/2459
f 1057/2464 1054/2463 1384/2390
f 458/2370 459/2480 442/2364
f 3317/2345 3649/2412 3742/2438
f 347/2442 397/2344 3371/2346
f 3317/2345 3182/2414 3371/2346
f 386/2450 385/2451 354/2452
f 2953/2441 2418/2509 3691/2318
f 71/2445 555/2420 72/2407
f 3201/2510 3199/2511 3200/2396
f 402/2435 589/2434 70/2422
f 589/2434 125/2317 2439/2319
f 125/2317 3386/2448 2941/2449
f 3402/2367 3400/2447 334/2432
f 599/2378 600/2387 1363/2358
f 455/2485 27/2486 454/2398
f 579/2397 568/2417 589/2434
f 1493/2393 1494/2395 401/2411
f 599/2378 558/2386 1332/2366
f 348/2478 406/2431 409/2430
f 2942/2455 3691/2318 2941/2449
f 589/2434 2439/2319 579/2397
f 1208/2419 3649/2412 1373/2437
f 3352/2394 1493/2393 415/2446
f 3742/2438 561/2428 3317/2345
f 346/2426 347/2442 3371/2346
f 561/2428 3182/2414 3317/2345
f 555/2420 1373/2437 72/2407
f 70/2422 65/2409 402/2435
f 68/2421 555/2420 71/2445
f 568/2417 70/2422 589/2434
f 347/2442 319/2443 2976/2444
f 2952/2439 3396/2440 2953/2441
f 603/2337 1334/2352 605/2336
f 2544/2487 367/2460 2966/2488
f 555/2420 68/2421 591/2404
f 3742/2438 3437/2360 601/2359
f 1373/2437 555/2420 1208/2419
f 3649/2412 1208/2419 3437/2360
f 3182/2414 561/2428 418/2388
f 3182/2414 2315/2415 346/2426
f 589/2434 402/2435 590/2436
f 596/2380 2254/2349 595/2383
f 568/2417 69/2405 70/2422
f 334/2432 2432/2433 460/2362
f 2968/2381 562/2379 563/2372
f 29/2475 3386/2448 30/2458
f 3691/2318 3200/2396 2439/2319
f 417/2429 409/2430 406/2431
f 3200/2396 3199/2511 586/2402
f 1373/2437 3649/2412 395/2413
f 561/2428 601/2359 418/2388
f 69/2405 405/2416 68/2421
f 1334/2352 603/2337 2333/2427
f 617/2351 3693/2348 3535/2347
f 427/2403 69/2405 568/2417
f 2333/2427 2968/2381 341/2365
f 3691/2318 2952/2439 2953/2441
f 1363/2358 3437/2360 556/2385
f 342/2406 3332/2401 346/2426
f 595/2383 427/2403 596/2380
f 380/2423 3122/2424 389/2425
f 2580/2489 2975/2469 340/2490
f 69/2405 68/2421 70/2422
f 555/2420 591/2404 1208/2419
f 594/2389 556/2385 1208/2419
f 422/2418 350/2408 72/2407
f 600/2387 418/2388 601/2359
f 342/2406 2315/2415 418/2388
f 579/2397 3200/2396 568/2417
f 581/2374 595/2383 2254/2349
f 442/2364 452/2363 458/2370
f 592/2384 405/2416 69/2405
f 591/2404 405/2416 592/2384
f 3182/2414 418/2388 2315/2415
f 3649/2412 3317/2345 395/2413
f 442/2364 459/2480 28/2399
f 420/2410 401/2411 1494/2395
f 380/2423 463/2472 464/2491
f 28/2399 454/2398 3521/2492
f 2941/2449 3691/2318 125/2317
f 453/2493 454/2398 27/2486
f 2418/2509 3201/2510 3691/2318
f 3400/2447 2489/2494 434/2495
f 591/2404 581/2374 594/2389
f 72/2407 350/2408 65/2409
f 418/2388 562/2379 342/2406
f 558/2386 559/2354 1332/2366
f 592/2384 69/2405 595/2383
f 27/2486 420/2410 445/2355
f 592/2384 581/2374 591/2404
f 2942/2455 2952/2439 3691/2318
f 3607/2356 3352/2394 426/2496
f 1057/2464 2976/2444 319/2443
f 596/2380 427/2403 588/2377
f 588/2377 3200/2396 586/2402
f 415/2446 348/2478 409/2430
f 27/2486 445/2355 453/2493
f 386/2450 394/2391 385/2451
f 3352/2394 3607/2356 1494/2395
f 125/2317 456/2400 30/2458
f 1342/2368 559/2354 558/2386
f 1342/2368 558/2386 557/2375
f 3122/2424 380/2423 464/2491
f 562/2379 248/2382 3332/2401
f 454/2398 28/2399 456/2400
f 582/2462 578/2343 587/2376
f 395/2413 3317/2345 397/2344
f 2580/2489 367/2460 2975/2469
f 417/2429 2546/2497 409/2430
f 2439/2319 3200/2396 579/2397
f 1493/2393 3352/2394 1494/2395
f 1054/2463 2975/2469 354/2452
f 591/2404 594/2389 1208/2419
f 442/2364 28/2399 3521/2492
f 1384/2390 394/2391 338/2392
f 3691/2318 3201/2510 3200/2396
f 3693/2348 3589/2350 2254/2349
f 558/2386 594/2389 557/2375
f 558/2386 599/2378 1363/2358
f 418/2388 560/2373 562/2379
f 600/2387 599/2378 560/2373
f 556/2385 558/2386 1363/2358
f 595/2383 581/2374 592/2384
f 585/2371 596/2380 588/2377
f 975/2461 393/2498 386/2450
f 1384/2390 424/2499 417/2429
f 562/2379 2968/2381 248/2382
f 1359/2332 73/2327 574/2330
f 414/2500 389/2425 3122/2424
f 2497/2501 975/2461 1364/2483
f 455/2485 123/2481 27/2486
f 2254/2349 596/2380 3535/2347
f 583/2331 3589/2350 617/2351
f 453/2493 3521/2492 454/2398
f 3607/2356 445/2355 420/2410
f 453/2493 445/2355 465/2357
f 597/2328 598/2338 576/2326
f 68/2421 71/2445 70/2422
f 557/2375 581/2374 593/2361
f 562/2379 560/2373 563/2372
f 599/2378 1336/2353 560/2373
f 409/2430 2546/2497 415/2446
f 389/2425 1366/2477 379/2474
f 367/2460 354/2452 2975/2469
f 422/2418 396/2465 1493/2393
f 3521/2492 3402/2367 442/2364
f 587/2376 585/2371 588/2377
f 341/2365 560/2373 1336/2353
f 593/2361 1342/2368 557/2375
f 455/2485 454/2398 456/2400
f 3742/2438 601/2359 561/2428
f 424/2499 1384/2390 338/2392
f 593/2361 581/2374 2254/2349
f 563/2372 560/2373 341/2365
f 578/2343 3535/2347 585/2371
f 452/2363 3716/2369 458/2370
f 593/2361 580/2342 1342/2368
f 2254/2349 3589/2350 593/2361
f 597/2328 606/2325 603/2337
f 1332/2366 559/2354 416/2339
f 334/2432 3400/2447 435/2502
f 3402/2367 460/2362 442/2364
f 1332/2366 416/2339 1336/2353
f 417/2429 424/2499 2546/2497
f 367/2460 2544/2487 975/2461
f 1336/2353 1334/2352 341/2365
f 3535/2347 578/2343 617/2351
f 460/2362 452/2363 442/2364
f 580/2342 593/2361 3589/2350
f 580/2342 3589/2350 583/2331
f 1363/2358 601/2359 3437/2360
f 559/2354 204/2341 584/2340
f 445/2355 3607/2356 465/2357
f 416/2339 559/2354 584/2340
f 416/2339 605/2336 1336/2353
f 1336/2353 599/2378 1332/2366
f 1334/2352 1336/2353 605/2336
f 3589/2350 3693/2348 617/2351
f 3535/2347 3693/2348 2254/2349
f 406/2431 1372/2467 1057/2464
f 580/2342 611/2329 204/2341
f 204/2341 2322/2334 584/2340
f 397/2344 3317/2345 3371/2346
f 426/2496 415/2446 414/2500
f 416/2339 584/2340 577/2333
f 583/2331 578/2343 616/2335
f 583/2331 611/2329 580/2342
f 123/2481 402/2435 401/2411
f 386/2450 393/2498 394/2391
f 204/2341 611/2329 2322/2334
f 577/2333 576/2326 598/2338
f 2966/2488 2542/2503 2544/2487
f 2322/2334 577/2333 584/2340
f 124/2457 402/2435 123/2481
f 416/2339 577/2333 598/2338
f 427/2403 568/2417 588/2377
f 597/2328 605/2336 598/2338
f 605/2336 597/2328 603/2337
f 601/2359 1363/2358 600/2387
f 2952/2439 2459/2453 3396/2440
f 583/2331 616/2335 1359/2332
f 583/2331 574/2330 611/2329
f 2322/2334 611/2329 576/2326
f 1523/2320 576/2326 252/2324
f 576/2326 577/2333 2322/2334
f 3716/2369 452/2363 3363/2470
f 1372/2467 2976/2444 1057/2464
f 3607/2356 420/2410 1494/2395
f 583/2331 1359/2332 574/2330
f 73/2327 611/2329 574/2330
f 576/2326 611/2329 73/2327
f 576/2326 606/2325 597/2328
f 3402/2367 334/2432 460/2362
f 252/2324 576/2326 73/2327
f 466/2504 3521/2492 465/2357
f 576/2326 1523/2320 606/2325
f 1523/2320 610/2322 606/2325
f 607/2323 1523/2320 252/2324
f 1523/2320 3611/2321 610/2322
f 464/2491 465/2357 3607/2356
f 426/2496 464/2491 3607/2356
f 338/2392 425/2505 424/2499
f 1365/2482 1366/2477 3346/2506
f 424/2499 389/2425 2546/2497
f 124/2457 455/2485 125/2317
f 453/2493 465/2357 3521/2492
f 72/2407 1373/2437 395/2413
f 3402/2367 3521/2492 466/2504
f 393/2498 3346/2506 394/2391
f 2942/2455 2941/2449 3386/2448
f 394/2391 3346/2506 338/2392
f 29/2475 28/2399 459/2480
f 1052/2459 2459/2453 2952/2439
f 347/2442 2976/2444 3336/2466
f 415/2446 2546/2497 414/2500
f 463/2472 3400/2447 466/2504
f 3400/2447 3402/2367 466/2504
f 425/2505 338/2392 1366/2477
f 389/2425 424/2499 425/2505
f 125/2317 455/2485 456/2400
f 2489/2494 3400/2447 463/2472
f 2580/2489 2966/2488 367/2460
f 393/2498 975/2461 2497/2501
f 2918/2507 975/2461 2544/2487
f 1366/2477 389/2425 425/2505
f 338/2392 3346/2506 1366/2477
f 617/2351 578/2343 583/2331
f 417/2429 1057/2464 1384/2390
f 2918/2507 1364/2483 975/2461
f 464/2491 463/2472 466/2504
f 3346/2506 2497/2501 1365/2482
f 3122/2424 464/2491 426/2496
f 406/2431 397/2344 1372/2467
f 434/2495 435/2502 3400/2447
f 402/2435 124/2457 590/2436
f 123/2481 455/2485 124/2457
f 560/2373 418/2388 600/2387
f 416/2339 598/2338 605/2336
f 3437/2360 3742/2438 3649/2412
f 2489/2494 463/2472 1495/2473
f 1384/2390 385/2451 394/2391
f 406/2431 348/2478 397/2344
f 3352/2394 415/2446 426/2496
f 2497/2501 3346/2506 393/2498
f 2546/2497 389/2425 414/2500
f 2432/2433 3376/2484 452/2363
f 124/2457 589/2434 590/2436
f 380/2423 379/2474 337/2479
f 123/2481 420/2410 27/2486
f 2432/2433 452/2363 460/2362
f 2975/2469 349/2468 340/2490
f 465/2357 464/2491 466/2504
f 1365/2482 2497/2501 1364/2483
f 3122/2424 426/2496 414/2500
f 1372/2467 3336/2466 2976/2444
f 405/2416 591/2404 68/2421
f 1493/2393 401/2411 350/2408
f 346/2426 3371/2346 3182/2414
f 1054/2463 319/2443 2975/2469
f 354/2452 385/2451 1054/2463
f 252/2324 3586/2508 607/2323
f 1359/2332 3586/2508 73/2327
f 125/2317 3691/2318 2439/2319
f 73/2327 3586/2508 252/2324
f 1803/2563 1847/2581 3003/2559
f 358/2655 351/2654 365/2685
f 1783/2689 1792/2687 1781/2645
f 2097/2555 1870/2556 1869/2557
f 1898/2568 2346/2600 1908/2583
f 2769/2678 1856/2675 360/2679
f 1908/2583 1857/2596 1905/2607
f 1888/2536 2380/2523 1821/2545
f 1743/2549 1860/2527 1823/2535
f 2358/2574 2352/2567 2097/2555
f 2499/2579 2483/2621 2509/2623
f 2387/2598 2524/2550 2403/2593
f 2097/2555 1869/2557 1919/2542
f 1827/2512 1826/2513 1889/2514
f 2002/2636 1897/2634 1868/2633
f 2480/2609 2443/2613 2509/2623
f 1848/2592 1819/2519 1842/2516
f 1912/2544 2097/2555 1919/2542
f 2593/2587 320/2580 327/2570
f 2490/2528 1860/2527 1743/2549
f 1899/2599 1857/2596 1908/2583
f 1957/2532 2393/2576 1864/2529
f 1831/2669 1889/2514 1834/2648
f 1906/2629 1769/2597 1857/2596
f 1866/2618 1867/2611 1852/2610
f 2350/2569 1908/2583 1913/2608
f 2359/2614 2480/2609 2595/2627
f 2359/2614 2443/2613 2480/2609
f 1888/2536 1812/2515 1824/2518
f 2349/2622 2358/2574 2371/2626
f 1802/2560 1847/2581 1818/2573
f 2385/2548 2535/2590 2340/2588
f 1841/2664 1840/2661 1798/2660
f 1914/2531 2236/2554 1915/2530
f 2769/2678 2770/2684 1856/2675
f 1957/2532 2392/2534 2393/2576
f 2393/2576 2403/2593 2340/2588
f 1914/2531 2355/2558 2236/2554
f 1769/2597 2436/2624 1770/2619
f 361/2674 1856/2675 2293/2676
f 507/2538 2378/2565 2357/2572
f 2001/2631 2097/2555 1912/2544
f 1867/2611 2485/2551 2541/2606
f 1768/2543 1786/2594 1912/2544
f 1836/2649 1827/2512 1831/2669
f 1908/2583 2346/2600 1899/2599
f 1857/2596 1865/2595 1859/2628
f 1865/2595 1857/2596 1769/2597
f 2232/2553 327/2570 2373/2562
f 951/2683 2769/2678 360/2679
f 3003/2559 1802/2560 2389/2561
f 1824/2518 1823/2535 1888/2536
f 2553/2589 2387/2598 2403/2593
f 1899/2599 2346/2600 2404/2601
f 1822/2520 1849/2537 1823/2535
f 2553/2589 2403/2593 2393/2576
f 2346/2600 1898/2568 2381/2575
f 2352/2567 2358/2574 1898/2568
f 1848/2592 1841/2664 1846/2540
f 1768/2543 1804/2584 1786/2594
f 1978/2635 1893/2632 1897/2634
f 1832/2671 1335/2681 1939/2680
f 1863/2533 2343/2586 2392/2534
f 1857/2596 1859/2628 1905/2607
f 2605/2602 2535/2590 2540/2603
f 2757/2658 2993/2668 2774/2657
f 2500/2577 2538/2578 2499/2579
f 1893/2632 1868/2633 1897/2634
f 2757/2658 2756/2665 1335/2681
f 2404/2601 2436/2624 1906/2629
f 1822/2520 1823/2535 1824/2518
f 312/2566 2373/2562 320/2580
f 1913/2608 1870/2556 2350/2569
f 2757/2658 2765/2651 2837/2653
f 1831/2669 1815/2662 1836/2649
f 2553/2589 2393/2576 2392/2534
f 2387/2598 2553/2589 2389/2561
f 2380/2523 507/2538 2375/2521
f 1960/2638 282/2639 363/2738
f 364/2731 1960/2638 2005/2737
f 2774/2657 2765/2651 2757/2658
f 1801/2591 1851/2604 2398/2605
f 363/2738 2005/2737 1960/2638
f 2203/2735 1500/2736 2005/2737
f 364/2731 1978/2635 1960/2638
f 507/2538 1914/2531 2375/2521
f 359/2732 364/2731 1500/2736
f 2355/2558 2357/2572 2594/2571
f 2770/2684 2769/2678 951/2683
f 1833/2673 1836/2649 1835/2663
f 363/2738 359/2732 2203/2735
f 1823/2535 2376/2552 2380/2523
f 2005/2737 363/2738 2203/2735
f 364/2731 2005/2737 1500/2736
f 2203/2735 359/2732 1500/2736
f 2443/2613 2500/2577 2509/2623
f 2359/2614 2595/2627 2591/2693
f 1821/2545 1812/2515 1888/2536
f 1857/2596 1899/2599 1906/2629
f 2001/2631 2358/2574 2097/2555
f 2540/2603 2535/2590 2385/2548
f 1818/2573 1847/2581 1803/2563
f 2814/2652 1198/2686 2837/2653
f 1824/2518 1826/2513 1822/2520
f 1786/2594 1782/2630 1912/2544
f 1917/2539 2351/2525 1915/2530
f 1870/2556 1804/2584 1869/2557
f 1983/2643 2006/2644 1781/2645
f 2774/2657 2760/2672 1856/2675
f 2403/2593 2385/2548 2340/2588
f 2524/2550 2385/2548 2403/2593
f 2593/2587 327/2570 2594/2571
f 1841/2664 1891/2670 1837/2667
f 1906/2629 2436/2624 1769/2597
f 2483/2621 2404/2601 2509/2623
f 2993/2668 2759/2646 2761/2666
f 1836/2649 1830/2650 1827/2512
f 2387/2598 2541/2606 2524/2550
f 2373/2562 2227/2526 1917/2539
f 1908/2583 1905/2607 1913/2608
f 1914/2531 507/2538 2355/2558
f 2993/2668 2760/2672 2774/2657
f 1832/2671 1815/2662 1834/2648
f 1820/2541 1846/2540 1803/2563
f 2533/2546 2385/2548 2524/2550
f 1842/2516 1825/2517 1827/2512
f 2480/2609 2346/2600 2381/2575
f 1827/2512 1825/2517 1826/2513
f 1803/2563 1846/2540 1799/2564
f 2381/2575 2349/2622 2480/2609
f 1824/2518 1812/2515 1826/2513
f 2234/2682 1939/2680 1335/2681
f 2385/2548 2527/2547 2540/2603
f 1823/2535 1860/2527 2376/2552
f 351/2654 360/2679 361/2674
f 351/2654 358/2655 298/2656
f 1833/2673 1837/2667 1830/2650
f 2378/2565 1864/2529 2357/2572
f 2603/2694 2614/2612 2359/2614
f 2387/2598 2398/2605 1852/2610
f 2591/2693 2599/2695 2359/2614
f 2594/2571 2357/2572 2342/2582
f 2350/2569 1898/2568 1908/2583
f 1889/2514 1812/2515 2761/2666
f 951/2683 351/2654 298/2656
f 2387/2598 1852/2610 1867/2611
f 2614/2612 2443/2613 2359/2614
f 2605/2602 2593/2587 2535/2590
f 2763/2647 2759/2646 2757/2658
f 2350/2569 1870/2556 2097/2555
f 2759/2646 1834/2648 1889/2514
f 1891/2670 1830/2650 1837/2667
f 1834/2648 1815/2662 1831/2669
f 1798/2660 1828/2659 1799/2564
f 2499/2579 2533/2546 2485/2551
f 1819/2519 1846/2540 1820/2541
f 1899/2599 2404/2601 1906/2629
f 2404/2601 2346/2600 2509/2623
f 351/2654 951/2683 360/2679
f 1919/2542 1768/2543 1912/2544
f 2770/2684 2814/2652 2765/2651
f 2389/2561 1801/2591 2398/2605
f 1860/2527 1864/2529 2378/2565
f 2435/2615 2485/2551 1867/2611
f 2380/2523 2384/2522 1821/2545
f 1848/2592 1891/2670 1841/2664
f 1804/2584 1870/2556 1806/2585
f 1803/2563 3003/2559 2343/2586
f 1842/2516 1830/2650 1848/2592
f 1825/2517 1819/2519 1849/2537
f 1827/2512 1889/2514 1831/2669
f 2765/2651 2814/2652 2837/2653
f 1913/2608 1806/2585 1870/2556
f 2533/2546 2527/2547 2385/2548
f 2599/2695 2603/2694 2359/2614
f 1825/2517 1842/2516 1819/2519
f 2770/2684 2774/2657 1856/2675
f 1743/2549 1820/2541 1863/2533
f 1860/2527 2378/2565 2376/2552
f 1836/2649 1815/2662 1835/2663
f 2614/2612 2641/2616 2500/2577
f 2594/2571 2342/2582 2593/2587
f 2757/2658 2837/2653 2756/2665
f 2234/2682 1335/2681 2756/2665
f 3003/2559 2392/2534 2343/2586
f 2499/2579 2538/2578 2527/2547
f 312/2566 2227/2526 2373/2562
f 2293/2676 1856/2675 2760/2672
f 2083/2690 1792/2687 1783/2689
f 1846/2540 1798/2660 1799/2564
f 1849/2537 1820/2541 1743/2549
f 1856/2675 361/2674 360/2679
f 2533/2546 2499/2579 2527/2547
f 2483/2621 2436/2624 2404/2601
f 2538/2578 2500/2577 2641/2616
f 2508/2617 2435/2615 1866/2618
f 1866/2618 1852/2610 1770/2619
f 2485/2551 2435/2615 2499/2579
f 1833/2673 1830/2650 1836/2649
f 2757/2658 2759/2646 2993/2668
f 1802/2560 3003/2559 1847/2581
f 1914/2531 2351/2525 2375/2521
f 1837/2667 1840/2661 1841/2664
f 2761/2666 2759/2646 1889/2514
f 1940/2677 1815/2662 1832/2671
f 1891/2670 1848/2592 1830/2650
f 2352/2567 1898/2568 2350/2569
f 1335/2681 1832/2671 2763/2647
f 2765/2651 2774/2657 2770/2684
f 2541/2606 2387/2598 1867/2611
f 2232/2553 2236/2554 327/2570
f 1825/2517 1822/2520 1826/2513
f 2375/2521 2384/2522 2380/2523
f 2123/2524 2351/2525 2227/2526
f 1961/2637 1969/2641 284/2642
f 2591/2693 2595/2627 2371/2626
f 2340/2588 2593/2587 2342/2582
f 1860/2527 2490/2528 1864/2529
f 1827/2512 1830/2650 1842/2516
f 1915/2530 2351/2525 1914/2531
f 1792/2687 1784/2688 1781/2645
f 1849/2537 1743/2549 1823/2535
f 2614/2612 2500/2577 2443/2613
f 1928/2692 2083/2690 1783/2689
f 1912/2544 1782/2630 1792/2687
f 2123/2524 1958/2620 2351/2525
f 1818/2573 1799/2564 1828/2659
f 1803/2563 2343/2586 1863/2533
f 1961/2637 2002/2636 1969/2641
f 2524/2550 2485/2551 2533/2546
f 2355/2558 2594/2571 2236/2554
f 2553/2589 2392/2534 3003/2559
f 2759/2646 2763/2647 1834/2648
f 1869/2557 1804/2584 1768/2543
f 1866/2618 1770/2619 2508/2617
f 2376/2552 2378/2565 507/2538
f 2376/2552 507/2538 2380/2523
f 2483/2621 2499/2579 2435/2615
f 1822/2520 1825/2517 1849/2537
f 1888/2536 1823/2535 2380/2523
f 1957/2532 2490/2528 1863/2533
f 1864/2529 2393/2576 2340/2588
f 1783/2689 1781/2645 2006/2644
f 320/2580 2373/2562 327/2570
f 2387/2598 2389/2561 2398/2605
f 1849/2537 1819/2519 1820/2541
f 507/2538 2357/2572 2355/2558
f 2083/2690 2001/2631 1792/2687
f 282/2639 1961/2637 284/2642
f 2757/2658 1335/2681 2763/2647
f 1803/2563 1863/2533 1820/2541
f 2593/2587 2340/2588 2535/2590
f 2381/2575 2358/2574 2349/2622
f 359/2732 358/2655 364/2731
f 1866/2618 2435/2615 1867/2611
f 1897/2634 1961/2637 1960/2638
f 364/2731 358/2655 365/2685
f 1803/2563 1799/2564 1818/2573
f 2002/2636 1924/2640 1969/2641
f 1961/2637 282/2639 1960/2638
f 1917/2539 1915/2530 2232/2553
f 1978/2635 364/2731 1955/2730
f 2063/2718 2121/2721 2132/2727
f 1957/2532 1863/2533 2392/2534
f 2595/2627 2349/2622 2371/2626
f 2001/2631 2083/2690 2082/2691
f 1798/2660 1840/2661 1828/2659
f 361/2674 365/2685 351/2654
f 1863/2533 2490/2528 1743/2549
f 2490/2528 1957/2532 1864/2529
f 2082/2691 2083/2690 1928/2692
f 1826/2513 1812/2515 1889/2514
f 2236/2554 2232/2553 1915/2530
f 1784/2688 1792/2687 1782/2630
f 1841/2664 1798/2660 1846/2540
f 2340/2588 2342/2582 1864/2529
f 2082/2691 1903/2625 2001/2631
f 2509/2623 2346/2600 2480/2609
f 1864/2529 2342/2582 2357/2572
f 1801/2591 2389/2561 1802/2560
f 1960/2638 1978/2635 1897/2634
f 2329/2700 1812/2515 1821/2545
f 2329/2700 2761/2666 1812/2515
f 2329/2700 1821/2545 2384/2522
f 2761/2666 2329/2700 2993/2668
f 2332/2701 2329/2700 1190/2702
f 1190/2702 2329/2700 2384/2522
f 2329/2700 2760/2672 2993/2668
f 2332/2701 1190/2702 1958/2620
f 1190/2702 2375/2521 2351/2525
f 2384/2522 2375/2521 1190/2702
f 1958/2620 1190/2702 2351/2525
f 2329/2700 2332/2701 2760/2672
f 1912/2544 1792/2687 2001/2631
f 1832/2671 1939/2680 1940/2677
f 365/2685 361/2674 1890/2706
f 2480/2609 2349/2622 2595/2627
f 2436/2624 2435/2615 2508/2617
f 1903/2625 2358/2574 2001/2631
f 2389/2561 2553/2589 3003/2559
f 1890/2706 1955/2730 365/2685
f 365/2685 1955/2730 364/2731
f 1892/2720 1881/2709 1955/2730
f 1768/2543 1919/2542 1869/2557
f 2760/2672 2332/2701 2293/2676
f 2332/2701 2213/2703 2293/2676
f 2213/2703 361/2674 2293/2676
f 1868/2633 1872/2704 2084/2705
f 2213/2703 2332/2701 1958/2620
f 1890/2706 361/2674 2213/2703
f 1872/2704 1868/2633 3220/2707
f 2084/2705 1872/2704 2085/2708
f 1881/2709 1893/2632 1978/2635
f 1978/2635 1955/2730 1881/2709
f 1890/2706 2213/2703 2131/2710
f 3220/2707 1868/2633 1893/2632
f 1872/2704 3220/2707 2590/2711
f 1832/2671 1834/2648 2763/2647
f 1872/2704 2590/2711 2085/2708
f 2373/2562 1917/2539 2232/2553
f 1893/2632 1881/2709 1895/2712
f 2213/2703 2152/2713 2124/2714
f 1893/2632 1979/2715 3220/2707
f 3220/2707 2046/2716 2590/2711
f 1989/2717 2085/2708 2590/2711
f 1881/2709 2063/2718 1895/2712
f 2148/2719 2152/2713 2123/2524
f 1815/2662 1940/2677 1835/2663
f 2148/2719 2124/2714 2152/2713
f 1892/2720 2121/2721 2063/2718
f 1979/2715 2046/2716 3220/2707
f 2590/2711 2046/2716 1989/2717
f 2499/2579 2509/2623 2500/2577
f 1979/2715 1895/2712 1896/2722
f 1890/2706 2131/2710 1892/2720
f 1896/2722 1895/2712 2063/2718
f 1890/2706 1892/2720 1955/2730
f 2148/2719 2123/2524 2228/2723
f 2121/2721 2124/2714 2226/2724
f 2131/2710 2124/2714 2121/2721
f 1979/2715 1920/2725 2046/2716
f 1989/2717 2046/2716 1920/2725
f 1859/2628 1865/2595 1793/2734
f 1979/2715 1893/2632 1895/2712
f 2483/2621 2435/2615 2436/2624
f 2002/2636 1961/2637 1897/2634
f 1771/2739 1851/2604 1858/2740
f 1865/2595 1858/2740 1793/2734
f 2227/2526 2228/2723 2123/2524
f 2213/2703 2124/2714 2131/2710
f 2221/2726 1979/2715 1896/2722
f 2063/2718 2132/2727 1896/2722
f 2594/2571 327/2570 2236/2554
f 2226/2724 2148/2719 2228/2723
f 1770/2619 2436/2624 2508/2617
f 1865/2595 1771/2739 1858/2740
f 1769/2597 1771/2739 1865/2595
f 2762/2696 2756/2665 1198/2686
f 1896/2722 2132/2727 2221/2726
f 2228/2723 2241/2728 2226/2724
f 2132/2727 2226/2724 2210/2729
f 2837/2653 1198/2686 2756/2665
f 2814/2652 2770/2684 2889/2697
f 2764/2698 2770/2684 951/2683
f 2889/2697 2770/2684 2764/2698
f 2148/2719 2226/2724 2124/2714
f 2226/2724 2132/2727 2121/2721
f 312/2566 2241/2728 2227/2526
f 2221/2726 2132/2727 2210/2729
f 2210/2729 2226/2724 2241/2728
f 1979/2715 2221/2726 1920/2725
f 2748/2699 2234/2682 2756/2665
f 2002/2636 2084/2705 1924/2640
f 2748/2699 2756/2665 2762/2696
f 1851/2604 1771/2739 1852/2610
f 1770/2619 1771/2739 1769/2597
f 2605/2602 320/2580 2593/2587
f 2121/2721 1892/2720 2131/2710
f 1851/2604 1852/2610 2398/2605
f 2227/2526 2351/2525 1917/2539
f 1958/2620 2152/2713 2213/2703
f 2097/2555 2352/2567 2350/2569
f 2002/2636 1868/2633 2084/2705
f 1852/2610 1771/2739 1770/2619
f 1913/2608 1905/2607 1806/2585
f 1859/2628 1793/2734 1861/2733
f 1848/2592 1846/2540 1819/2519
f 1898/2568 2358/2574 2381/2575
f 1905/2607 1859/2628 1861/2733
f 1905/2607 1861/2733 1806/2585
f 2227/2526 2241/2728 2228/2723
f 2123/2524 2152/2713 1958/2620
f 1881/2709 1892/2720 2063/2718
f 2541/2606 2485/2551 2524/2550
f 2358/2574 1903/2625 2371/2626
f 702/2813 634/2808 3343/2804
f 634/2808 1268/2812 103/2803
f 1791/2805 1248/2814 1249/2810
f 702/2813 3343/2804 706/2807
f 1249/2810 706/2807 3375/2806
f 1547/2756 1548/2741 1539/2743
f 694/2815 702/2813 706/2807
f 1249/2810 632/2816 706/2807
f 1714/2811 3360/2817 1238/2818
f 1268/2812 1077/2801 103/2803
f 3370/2819 3354/2820 1268/2812
f 1719/2798 1714/2811 1124/2809
f 2855/2751 3694/2755 3692/2761
f 3369/2821 3370/2819 1268/2812
f 3361/2822 3369/2821 702/2813
f 1238/2818 632/2816 1248/2814
f 694/2815 1552/2823 702/2813
f 3375/2806 672/2794 1249/2810
f 706/2807 3343/2804 1232/2793
f 1548/2741 3694/2755 1551/2750
f 1124/2809 1791/2805 1242/2789
f 3343/2804 634/2808 141/2792
f 1714/2811 2568/2824 3360/2817
f 1313/2825 1238/2818 3360/2817
f 1313/2825 3360/2817 3359/2826
f 1552/2823 2875/2827 3361/2822
f 1560/2762 1564/2764 3685/2766
f 3366/2828 1313/2825 3359/2826
f 1553/2767 2689/2759 2855/2751
f 632/2816 3366/2828 2876/2829
f 3359/2826 2569/2830 3372/2831
f 1232/2793 3365/2795 706/2807
f 2875/2827 2876/2829 3379/2832
f 672/2794 3375/2806 1256/2786
f 1791/2805 1555/2777 1242/2789
f 3369/2821 634/2808 702/2813
f 1230/2784 3343/2804 141/2792
f 2876/2829 3366/2828 3347/2833
f 3347/2833 3359/2826 3372/2831
f 3361/2822 3370/2819 3369/2821
f 3366/2828 3359/2826 3347/2833
f 140/2791 103/2803 126/2790
f 126/2790 1077/2801 127/2802
f 1233/2773 2747/2768 3355/2769
f 3731/2799 122/2765 3588/2800
f 3388/2788 1719/2798 1242/2789
f 2775/2749 1597/2744 2855/2751
f 3087/2796 2799/2783 1288/2797
f 2569/2830 3360/2817 2568/2824
f 3365/2795 1232/2793 1396/2780
f 3365/2795 1396/2780 1301/2787
f 1256/2786 1127/2779 672/2794
f 1232/2793 1230/2784 1396/2780
f 1555/2777 2861/2771 1242/2789
f 141/2792 931/2785 1230/2784
f 3361/2822 702/2813 1552/2823
f 706/2807 3365/2795 3375/2806
f 2568/2824 1714/2811 3469/2837
f 2689/2759 1546/2758 2775/2749
f 1553/2767 2855/2751 3692/2761
f 1719/2798 3469/2837 1714/2811
f 1564/2764 1560/2762 1550/2760
f 126/2790 931/2785 140/2791
f 1077/2801 3354/2820 1169/2963
f 2861/2771 3388/2788 1242/2789
f 1301/2787 1396/2780 1265/2782
f 1127/2779 1256/2786 1259/2778
f 1230/2784 1210/2781 1396/2780
f 1127/2779 1175/2772 1555/2777
f 2861/2771 1555/2777 3322/2770
f 1230/2784 931/2785 1210/2781
f 127/2802 1077/2801 1169/2963
f 3366/2828 632/2816 1313/2825
f 1081/2950 1121/2955 1125/2956
f 171/2879 97/2878 98/2952
f 3701/2776 2799/2783 3675/2774
f 1396/2780 1210/2781 1265/2782
f 1259/2778 1175/2772 1127/2779
f 3468/2838 3469/2837 1719/2798
f 3355/2769 1555/2777 1175/2772
f 1560/2762 2861/2771 3322/2770
f 1696/2900 2532/2894 1544/2937
f 931/2785 2787/2893 930/2961
f 3469/2837 3468/2838 2799/2783
f 175/2957 173/2884 1400/2953
f 2799/2783 3387/2839 3675/2774
f 3587/2840 3675/2774 3387/2839
f 1756/2841 3387/2839 3388/2788
f 930/2961 2787/2893 175/2957
f 26/2746 1551/2750 1597/2744
f 1747/2836 1756/2841 3388/2788
f 930/2961 178/2958 932/2959
f 3387/2839 1756/2841 3587/2840
f 97/2878 1554/2943 446/2946
f 1756/2841 1747/2836 3685/2766
f 122/2765 3731/2799 1293/2842
f 3685/2766 2758/2843 1756/2841
f 1293/2842 2758/2843 122/2765
f 3675/2774 3590/2775 3701/2776
f 3355/2769 1175/2772 1233/2773
f 3685/2766 122/2765 2758/2843
f 3685/2766 2861/2771 1560/2762
f 3587/2840 1756/2841 2758/2843
f 3387/2839 2799/2783 3468/2838
f 98/2952 1400/2953 173/2884
f 1293/2842 1637/2844 2758/2843
f 2758/2843 1637/2844 3641/2845
f 1560/2762 3322/2770 2849/2763
f 3590/2775 3675/2774 3587/2840
f 171/2879 98/2952 173/2884
f 1544/2937 1554/2943 1696/2900
f 1719/2798 3388/2788 3468/2838
f 3587/2840 3641/2845 3590/2775
f 3087/2796 3469/2837 2799/2783
f 2094/2960 428/2863 1809/2862
f 446/2946 1691/2945 439/2948
f 2747/2768 2849/2763 3355/2769
f 3388/2788 3387/2839 3468/2838
f 3469/2837 3087/2796 2568/2824
f 3641/2845 3587/2840 2758/2843
f 1567/2846 1540/2847 3588/2800
f 1566/2753 1537/2752 1567/2846
f 1540/2847 1537/2752 1562/2848
f 1534/2835 1562/2848 1537/2752
f 1543/2849 1540/2847 1562/2848
f 1541/2748 1695/2850 1534/2835
f 2900/2851 1543/2849 1562/2848
f 421/2745 22/2834 25/2852
f 419/2853 1548/2741 1551/2750
f 2900/2851 1534/2835 1695/2850
f 419/2853 436/2854 1559/2742
f 1541/2748 1559/2742 436/2854
f 1562/2848 1534/2835 2900/2851
f 1551/2750 26/2746 419/2853
f 1537/2752 1540/2847 1567/2846
f 25/2852 26/2746 421/2745
f 3588/2800 1566/2753 1567/2846
f 451/2855 1543/2849 412/2856
f 1695/2850 412/2856 2900/2851
f 1695/2850 436/2854 404/2857
f 193/2858 436/2854 419/2853
f 25/2852 17/2859 26/2746
f 1548/2741 419/2853 1559/2742
f 411/2860 451/2855 412/2856
f 404/2857 19/2861 411/2860
f 26/2746 17/2859 193/2858
f 404/2857 412/2856 1695/2850
f 412/2856 404/2857 411/2860
f 19/2861 404/2857 193/2858
f 419/2853 26/2746 193/2858
f 193/2858 17/2859 19/2861
f 436/2854 1695/2850 1541/2748
f 1543/2849 2900/2851 412/2856
f 436/2854 193/2858 404/2857
f 1809/2862 428/2863 553/2864
f 428/2863 437/2865 36/2866
f 3680/2867 2095/2868 423/2869
f 553/2864 428/2863 498/2870
f 553/2864 498/2870 423/2869
f 428/2863 36/2866 498/2870
f 25/2852 22/2834 24/2871
f 423/2869 498/2870 21/2872
f 423/2869 2095/2868 553/2864
f 3680/2867 423/2869 1545/2873
f 21/2872 432/2874 423/2869
f 36/2866 24/2871 21/2872
f 22/2834 432/2874 21/2872
f 2095/2868 1809/2862 553/2864
f 1545/2873 423/2869 432/2874
f 24/2871 22/2834 21/2872
f 21/2872 498/2870 36/2866
f 437/2865 481/2875 36/2866
f 437/2865 1690/2876 481/2875
f 1111/2877 97/2878 171/2879
f 1111/2877 171/2879 96/2880
f 1686/2881 495/2882 1697/2883
f 173/2884 1114/2885 171/2879
f 1697/2883 491/2886 1690/2876
f 1697/2883 495/2882 472/2887
f 1111/2877 2791/2888 1244/2889
f 172/2890 99/2891 1397/2892
f 173/2884 2787/2893 1114/2885
f 1560/2762 2849/2763 1553/2767
f 3680/2867 2796/2935 2095/2868
f 428/2863 2094/2960 431/2938
f 1564/2764 122/2765 3685/2766
f 1554/2943 1616/2941 446/2946
f 98/2952 97/2878 446/2946
f 176/2951 440/2944 1081/2950
f 1125/2956 932/2959 178/2958
f 2878/2942 1809/2862 2796/2935
f 1685/2936 2532/2894 1686/2881
f 2878/2942 2796/2935 1616/2941
f 143/2962 126/2790 127/2802
f 126/2790 143/2962 2787/2893
f 3375/2806 1301/2787 1266/2964
f 1265/2782 1121/2955 1269/2965
f 1256/2786 1266/2964 1259/2778
f 1269/2965 1277/2966 1265/2782
f 1265/2782 1266/2964 1301/2787
f 1121/2955 1123/2949 1269/2965
f 1266/2964 1277/2966 1259/2778
f 1270/2967 1277/2966 1269/2965
f 492/2968 1269/2965 1123/2949
f 1259/2778 1277/2966 1260/2969
f 1270/2967 1255/2970 1277/2966
f 1269/2965 492/2968 1270/2967
f 447/2940 492/2968 440/2944
f 1266/2964 1265/2782 1277/2966
f 1233/2773 1175/2772 1260/2969
f 492/2968 1255/2970 1270/2967
f 3680/2867 444/2971 447/2940
f 3680/2867 1545/2873 444/2971
f 443/2972 1255/2970 492/2968
f 1233/2773 1260/2969 1255/2970
f 440/2944 492/2968 1123/2949
f 444/2971 2882/2973 443/2972
f 2882/2973 1233/2773 443/2972
f 1259/2778 1260/2969 1175/2772
f 1556/2974 2882/2973 444/2971
f 1556/2974 1545/2873 1536/2975
f 2747/2768 1233/2773 2882/2973
f 1556/2974 2102/2976 2882/2973
f 1255/2970 443/2972 1233/2773
f 492/2968 447/2940 443/2972
f 2102/2976 433/2977 1546/2758
f 2102/2976 1556/2974 1536/2975
f 1545/2873 432/2874 1536/2975
f 1255/2970 1260/2969 1277/2966
f 2747/2768 2102/2976 1546/2758
f 2102/2976 1536/2975 1533/2978
f 1533/2978 433/2977 2102/2976
f 2102/2976 2747/2768 2882/2973
f 1536/2975 432/2874 1533/2978
f 1210/2781 1121/2955 1265/2782
f 1266/2964 1256/2786 3375/2806
f 1545/2873 1556/2974 444/2971
f 1533/2978 432/2874 22/2834
f 1533/2978 22/2834 433/2977
f 447/2940 444/2971 443/2972
f 22/2834 1546/2758 433/2977
f 1691/2945 440/2944 439/2948
f 1809/2862 1684/2939 2094/2960
f 428/2863 431/2938 437/2865
f 1544/2937 1685/2936 431/2938
f 2878/2942 1684/2939 1809/2862
f 2878/2942 1554/2943 1684/2939
f 143/2962 145/2905 2787/2893
f 931/2785 126/2790 2787/2893
f 431/2938 1685/2936 437/2865
f 932/2959 931/2785 930/2961
f 1210/2781 931/2785 932/2959
f 175/2957 178/2958 930/2961
f 2787/2893 173/2884 175/2957
f 1684/2939 431/2938 2094/2960
f 932/2959 1125/2956 1210/2781
f 175/2957 176/2951 178/2958
f 176/2951 1125/2956 178/2958
f 1125/2956 1121/2955 1210/2781
f 176/2951 175/2957 1402/2954
f 1400/2953 1402/2954 175/2957
f 1125/2956 176/2951 1081/2950
f 1402/2954 1399/2947 176/2951
f 1123/2949 1121/2955 1081/2950
f 98/2952 1399/2947 1400/2953
f 1400/2953 1399/2947 1402/2954
f 439/2948 176/2951 1399/2947
f 446/2946 1399/2947 98/2952
f 176/2951 439/2948 440/2944
f 1554/2943 1544/2937 1684/2939
f 440/2944 1123/2949 1081/2950
f 1399/2947 446/2946 439/2948
f 440/2944 1691/2945 1616/2941
f 1691/2945 446/2946 1616/2941
f 97/2878 1696/2900 1554/2943
f 1616/2941 447/2940 440/2944
f 2878/2942 1616/2941 1554/2943
f 1616/2941 2796/2935 447/2940
f 2796/2935 3680/2867 447/2940
f 431/2938 1684/2939 1544/2937
f 1685/2936 1544/2937 2532/2894
f 1686/2881 437/2865 1685/2936
f 2095/2868 2796/2935 1809/2862
f 1268/2812 634/2808 3369/2821
f 1248/2814 1791/2805 1124/2809
f 931/2785 141/2792 140/2791
f 632/2816 694/2815 706/2807
f 672/2794 1791/2805 1249/2810
f 3354/2820 1077/2801 1268/2812
f 421/2745 1546/2758 22/2834
f 1534/2835 1557/2754 1541/2748
f 3365/2795 1301/2787 3375/2806
f 2799/2783 3701/2776 1288/2797
f 632/2816 2876/2829 1552/2823
f 3347/2833 3379/2832 2876/2829
f 1564/2764 1566/2753 3588/2800
f 2861/2771 1747/2836 3388/2788
f 1552/2823 2876/2829 2875/2827
f 1313/2825 632/2816 1238/2818
f 2747/2768 1546/2758 2849/2763
f 1564/2764 3588/2800 122/2765
f 1555/2777 1791/2805 1127/2779
f 632/2816 1552/2823 694/2815
f 3692/2761 3694/2755 1547/2756
f 2861/2771 3685/2766 1747/2836
f 3370/2819 3361/2822 2875/2827
f 1564/2764 1550/2760 1566/2753
f 1238/2818 1248/2814 1124/2809
f 103/2803 1077/2801 126/2790
f 1537/2752 1557/2754 1534/2835
f 1230/2784 1232/2793 3343/2804
f 3355/2769 2849/2763 3322/2770
f 3322/2770 1555/2777 3355/2769
f 1553/2767 2849/2763 2689/2759
f 3359/2826 3360/2817 2569/2830
f 1714/2811 1238/2818 1124/2809
f 1719/2798 1124/2809 1242/2789
f 1791/2805 672/2794 1127/2779
f 1547/2756 1531/2747 1550/2760
f 1559/2742 1541/2748 1539/2743
f 141/2792 634/2808 103/2803
f 1248/2814 632/2816 1249/2810
f 1553/2767 3692/2761 1560/2762
f 1547/2756 1539/2743 1531/2747
f 3694/2755 2855/2751 1551/2750
f 103/2803 140/2791 141/2792
f 2532/2894 3391/2895 495/2882
f 495/2882 470/2896 472/2887
f 2790/2897 2791/2888 172/2890
f 1159/2898 929/2899 1397/2892
f 1696/2900 1111/2877 1244/2889
f 1697/2883 472/2887 491/2886
f 1686/2881 1697/2883 1690/2876
f 1244/2889 2791/2888 449/2901
f 1159/2898 1114/2885 2787/2893
f 2849/2763 1546/2758 2689/2759
f 1550/2760 1560/2762 3692/2761
f 472/2887 471/2902 491/2886
f 449/2901 2791/2888 448/2903
f 1017/2904 2787/2893 145/2905
f 171/2879 99/2891 96/2880
f 929/2899 2790/2897 172/2890
f 1550/2760 3692/2761 1547/2756
f 99/2891 2791/2888 96/2880
f 1566/2753 1550/2760 1531/2747
f 2689/2759 2775/2749 2855/2751
f 493/2906 471/2902 494/2907
f 470/2896 494/2907 471/2902
f 470/2896 3391/2895 449/2901
f 448/2903 105/2908 449/2901
f 2939/2909 1116/2910 448/2903
f 2775/2749 1546/2758 1542/2757
f 1557/2754 1566/2753 1531/2747
f 982/2911 2787/2893 1017/2904
f 1114/2885 1397/2892 99/2891
f 1542/2757 1546/2758 421/2745
f 437/2865 1686/2881 1690/2876
f 3391/2895 1696/2900 1244/2889
f 421/2745 2775/2749 1542/2757
f 1244/2889 449/2901 3391/2895
f 494/2907 469/2912 493/2906
f 3694/2755 1548/2741 1547/2756
f 1116/2910 107/2913 105/2908
f 1541/2748 1557/2754 1531/2747
f 1537/2752 1566/2753 1557/2754
f 1597/2744 1551/2750 2855/2751
f 1116/2910 2939/2909 108/2914
f 982/2911 1017/2904 93/2915
f 2775/2749 421/2745 1597/2744
f 109/2916 112/2917 1129/2918
f 136/2919 2790/2897 135/2920
f 135/2920 982/2911 91/2921
f 1017/2904 117/2922 93/2915
f 469/2912 494/2907 470/2896
f 470/2896 449/2901 105/2908
f 172/2890 2791/2888 99/2891
f 469/2912 1252/2923 493/2906
f 471/2902 472/2887 470/2896
f 136/2919 116/2924 115/2925
f 107/2913 108/2914 106/2926
f 1531/2747 1539/2743 1541/2748
f 1597/2744 421/2745 26/2746
f 1548/2741 1559/2742 1539/2743
f 105/2908 100/2927 470/2896
f 91/2921 136/2919 135/2920
f 108/2914 2790/2897 109/2916
f 1114/2885 1159/2898 1397/2892
f 3391/2895 470/2896 495/2882
f 145/2905 934/2928 1017/2904
f 104/2929 1252/2923 107/2913
f 136/2919 109/2916 2790/2897
f 99/2891 171/2879 1114/2885
f 2791/2888 2939/2909 448/2903
f 1251/2930 1252/2923 104/2929
f 105/2908 107/2913 100/2927
f 107/2913 106/2926 104/2929
f 108/2914 109/2916 106/2926
f 495/2882 1686/2881 2532/2894
f 91/2921 116/2924 136/2919
f 469/2912 470/2896 100/2927
f 929/2899 1159/2898 135/2920
f 2791/2888 2790/2897 2939/2909
f 2939/2909 2790/2897 108/2914
f 1144/2931 1109/2932 1251/2930
f 107/2913 1116/2910 108/2914
f 107/2913 1252/2923 100/2927
f 109/2916 1129/2918 106/2926
f 1696/2900 3391/2895 2532/2894
f 93/2915 91/2921 982/2911
f 115/2925 112/2917 109/2916
f 2791/2888 1111/2877 96/2880
f 104/2929 106/2926 1129/2918
f 1159/2898 2787/2893 982/2911
f 1111/2877 1696/2900 97/2878
f 135/2920 2790/2897 929/2899
f 1252/2923 1251/2930 1109/2932
f 135/2920 1159/2898 982/2911
f 134/2933 1144/2931 1251/2930
f 134/2933 104/2929 1135/2934
f 109/2916 136/2919 115/2925
f 104/2929 134/2933 1251/2930
f 1135/2934 104/2929 1129/2918
f 1252/2923 469/2912 100/2927
f 117/2922 1017/2904 934/2928
f 1397/2892 929/2899 172/2890
f 105/2908 448/2903 1116/2910
f 2839/3062 2696/3018 551/3044
f 809/3011 811/3013 515/2996
f 2943/3036 1345/3054 1346/3024
f 548/3087 700/3053 1460/3088
f 809/3011 63/3012 547/3035
f 373/3123 2834/3141 548/3087
f 60/2981 59/2982 978/2985
f 869/3142 262/3163 373/3123
f 376/3089 546/3069 543/3106
f 534/3009 2755/2987 529/2999
f 2812/3090 546/3069 3053/3055
f 300/3052 63/3012 153/3038
f 820/3019 1357/3046 551/3044
f 496/3063 1346/3024 1345/3054
f 549/2994 58/2995 63/3012
f 1357/3046 2839/3062 551/3044
f 2834/3141 373/3123 2949/3162
f 262/3163 1382/3179 257/3191
f 2949/3162 373/3123 262/3163
f 536/2990 530/3003 529/2999
f 2696/3018 820/3019 551/3044
f 373/3123 374/3104 869/3142
f 2895/3105 2897/3125 2812/3090
f 376/3089 1345/3054 546/3069
f 3418/3081 1357/3046 496/3063
f 2805/3140 535/3122 2806/3160
f 2949/3162 262/3163 295/3161
f 3050/3107 3222/3124 546/3069
f 496/3063 376/3089 543/3106
f 295/3161 306/3178 535/3122
f 546/3069 3222/3124 543/3106
f 257/3191 1382/3179 3191/3203
f 2806/3160 535/3122 306/3178
f 2628/3143 2897/3125 2805/3140
f 2628/3143 3050/3107 2897/3125
f 872/3080 2782/3045 2839/3062
f 3191/3203 2831/3202 257/3191
f 2831/3202 262/3163 257/3191
f 1357/3046 820/3019 1346/3024
f 2943/3036 3053/3055 546/3069
f 530/3003 820/3019 529/2999
f 548/3087 535/3122 2895/3105
f 57/3004 56/3005 467/3026
f 2897/3125 2895/3105 2805/3140
f 2782/3045 2696/3018 2839/3062
f 2834/3141 2949/3162 295/3161
f 811/3013 2943/3036 1346/3024
f 530/3003 1346/3024 820/3019
f 550/2989 978/2985 59/2982
f 700/3053 3053/3055 811/3013
f 496/3063 1357/3046 1346/3024
f 870/3139 869/3142 374/3104
f 3053/3055 2943/3036 811/3013
f 362/3068 700/3053 547/3035
f 548/3087 3053/3055 700/3053
f 1357/3046 872/3080 2839/3062
f 1460/3088 374/3104 373/3123
f 820/3019 2696/3018 529/2999
f 60/2981 978/2985 536/2990
f 362/3068 374/3104 1460/3088
f 1460/3088 700/3053 362/3068
f 515/2996 811/3013 530/3003
f 59/2982 60/2981 61/2980
f 700/3053 811/3013 547/3035
f 536/2990 515/2996 530/3003
f 1345/3054 2943/3036 546/3069
f 548/3087 2834/3141 535/3122
f 515/2996 536/2990 978/2985
f 374/3104 362/3068 155/3086
f 13/3070 153/3038 462/3037
f 61/2980 62/2983 59/2982
f 548/3087 2895/3105 3053/3055
f 155/3086 362/3068 300/3052
f 262/3163 2831/3202 295/3161
f 535/3122 2834/3141 295/3161
f 3053/3055 2895/3105 2812/3090
f 300/3052 362/3068 547/3035
f 515/2996 549/2994 809/3011
f 529/2999 2755/2987 536/2990
f 59/2982 58/2995 550/2989
f 547/3035 811/3013 809/3011
f 487/3083 501/3102 961/3118
f 501/3102 967/3115 961/3118
f 2800/3136 966/3157 2401/3175
f 2800/3136 487/3083 961/3118
f 2795/3185 2401/3175 966/3157
f 2800/3136 2798/3117 487/3083
f 966/3157 2800/3136 961/3118
f 966/3157 3274/3155 2795/3185
f 966/3157 961/3118 967/3115
f 967/3115 3274/3155 966/3157
f 2795/3185 1441/3188 2401/3175
f 547/3035 63/3012 300/3052
f 550/2989 549/2994 978/2985
f 3222/3124 3050/3107 2628/3143
f 544/2991 59/2982 62/2983
f 2812/3090 2897/3125 3050/3107
f 530/3003 811/3013 1346/3024
f 13/3070 155/3086 300/3052
f 63/3012 57/3004 154/3025
f 869/3142 1382/3179 262/3163
f 1371/3177 1382/3179 869/3142
f 549/2994 550/2989 58/2995
f 496/3063 1345/3054 376/3089
f 300/3052 153/3038 13/3070
f 544/2991 57/3004 58/2995
f 549/2994 63/3012 809/3011
f 59/2982 544/2991 58/2995
f 534/3009 529/2999 2696/3018
f 467/3026 462/3037 57/3004
f 549/2994 515/2996 978/2985
f 153/3038 63/3012 154/3025
f 869/3142 870/3139 1371/3177
f 58/2995 57/3004 63/3012
f 56/3005 57/3004 544/2991
f 373/3123 548/3087 1460/3088
f 462/3037 154/3025 57/3004
f 2895/3105 535/3122 2805/3140
f 536/2990 2755/2987 60/2981
f 2812/3090 3050/3107 546/3069
f 154/3025 462/3037 153/3038
f 2782/3045 1092/3048 1091/3020
f 2956/3116 1023/3085 486/3082
f 1091/3020 2808/3031 518/3000
f 518/3000 2755/2987 534/3009
f 246/3134 523/3114 533/3154
f 518/3000 2808/3031 516/3047
f 2782/3045 872/3080 527/3079
f 1092/3048 527/3079 2801/3100
f 506/3010 482/3002 483/3023
f 1023/3085 513/3051 486/3082
f 534/3009 1091/3020 518/3000
f 2808/3031 1091/3020 1092/3048
f 353/3064 3428/3065 1092/3048
f 2801/3100 527/3079 523/3114
f 1092/3048 3428/3065 2808/3031
f 872/3080 531/3113 527/3079
f 2801/3100 353/3064 1092/3048
f 2793/3171 522/3152 531/3113
f 352/3032 518/3000 516/3047
f 501/3102 353/3064 967/3115
f 2808/3031 353/3064 516/3047
f 3274/3155 246/3134 1352/3172
f 1092/3048 2782/3045 527/3079
f 503/2993 2755/2987 518/3000
f 527/3079 531/3113 523/3114
f 533/3154 1352/3172 246/3134
f 353/3064 2801/3100 967/3115
f 353/3064 352/3032 516/3047
f 2801/3100 523/3114 246/3134
f 513/3051 517/3021 520/3049
f 2782/3045 1091/3020 2696/3018
f 522/3152 2810/3184 533/3154
f 2798/3117 2956/3116 486/3082
f 352/3032 517/3021 518/3000
f 353/3064 501/3102 2674/3066
f 872/3080 959/3133 531/3113
f 2801/3100 246/3134 967/3115
f 2808/3031 3428/3065 353/3064
f 959/3133 3243/3153 531/3113
f 482/3002 503/2993 518/3000
f 482/3002 518/3000 517/3021
f 352/3032 353/3064 2674/3066
f 2798/3117 2395/3135 2956/3116
f 520/3049 517/3021 352/3032
f 534/3009 2696/3018 1091/3020
f 522/3152 533/3154 523/3114
f 246/3134 3274/3155 967/3115
f 3243/3153 2793/3171 531/3113
f 522/3152 523/3114 531/3113
f 352/3032 2674/3066 520/3049
f 483/3023 482/3002 517/3021
f 2798/3117 486/3082 487/3083
f 2793/3171 2810/3184 522/3152
f 2810/3184 1352/3172 533/3154
f 501/3102 487/3083 2674/3066
f 872/3080 1357/3046 532/3101
f 520/3049 2674/3066 487/3083
f 506/3010 517/3021 513/3051
f 486/3082 513/3051 520/3049
f 506/3010 483/3023 517/3021
f 1357/3046 3418/3081 532/3101
f 392/3109 2489/3128 1495/3146
f 12/3108 1344/3091 11/3126
f 53/2992 314/3007 538/2998
f 377/3127 241/3144 1344/3091
f 1344/3091 378/3071 392/3109
f 1371/3177 245/3201 1382/3179
f 375/3164 2602/3159 299/3121
f 2913/3237 2685/3231 2905/3244
f 55/2986 3195/2979 53/2992
f 487/3083 486/3082 520/3049
f 378/3071 434/3092 392/3109
f 3558/3230 2913/3237 2981/3224
f 2602/3159 870/3139 299/3121
f 870/3139 302/3176 1370/3190
f 337/3165 377/3127 1495/3146
f 3395/3059 2578/3096 1475/3095
f 392/3109 1495/3146 377/3127
f 268/3254 2979/3250 457/3255
f 201/3040 1476/3074 31/3073
f 241/3144 14/3145 11/3126
f 299/3121 14/3145 375/3164
f 14/3145 12/3108 11/3126
f 53/2992 3195/2979 552/2988
f 56/3005 441/3014 461/3027
f 1085/3132 3435/3098 388/3112
f 384/3030 381/3078 33/3060
f 366/3189 2602/3159 375/3164
f 14/3145 299/3121 12/3108
f 2608/3248 2687/3236 1377/3251
f 473/3028 90/2997 474/3015
f 2868/3229 2880/3233 3134/3219
f 370/3198 371/3218 3304/3199
f 337/3165 391/3180 241/3144
f 1475/3095 1476/3074 1477/3041
f 377/3127 337/3165 241/3144
f 1344/3091 241/3144 11/3126
f 267/3240 2979/3250 268/3254
f 435/3056 378/3071 461/3027
f 2802/3200 366/3189 375/3164
f 2547/3225 2901/3217 2918/3210
f 2484/3061 2803/3067 509/3099
f 370/3198 3304/3199 302/3176
f 369/3209 370/3198 366/3189
f 461/3027 886/3039 435/3056
f 378/3071 462/3037 461/3027
f 1477/3041 1474/3075 1475/3095
f 2913/3237 2899/3249 3214/3242
f 435/3056 886/3039 334/3072
f 2918/3210 366/3189 2802/3200
f 1349/3050 2803/3067 476/3034
f 302/3176 366/3189 370/3198
f 1364/3204 375/3164 391/3180
f 441/3014 886/3039 461/3027
f 202/3006 55/2986 54/3008
f 2547/3225 2544/3232 2542/3239
f 3376/3129 1207/3093 1492/3110
f 2956/3116 2395/3135 1023/3085
f 370/3198 369/3209 981/3216
f 302/3176 3304/3199 1370/3190
f 13/3070 1344/3091 12/3108
f 1370/3190 3304/3199 1371/3177
f 2818/3120 2819/3103 2660/3084
f 366/3189 302/3176 2602/3159
f 366/3189 2901/3217 369/3209
f 155/3086 13/3070 12/3108
f 34/3077 33/3060 468/3097
f 334/3072 886/3039 335/3057
f 3395/3059 1530/3042 64/3017
f 1476/3074 851/3111 31/3073
f 441/3014 56/3005 90/2997
f 378/3071 1344/3091 462/3037
f 374/3104 299/3121 870/3139
f 375/3164 1364/3204 2802/3200
f 2981/3224 2901/3217 3558/3230
f 2685/3231 3426/3238 2905/3244
f 33/3060 3435/3098 468/3097
f 3442/3173 2395/3135 2798/3117
f 371/3218 981/3216 245/3201
f 245/3201 1371/3177 3304/3199
f 371/3218 370/3198 981/3216
f 369/3209 2980/3223 981/3216
f 1370/3190 1371/3177 870/3139
f 3193/3211 3191/3203 1382/3179
f 3247/3182 3414/3193 3396/3192
f 2544/3232 2547/3225 2918/3210
f 335/3057 1207/3093 2432/3094
f 200/3058 335/3057 441/3014
f 3442/3173 3752/3138 2395/3135
f 544/2991 90/2997 56/3005
f 462/3037 1344/3091 13/3070
f 2940/3168 3414/3193 438/3167
f 90/2997 473/3028 441/3014
f 381/3078 388/3112 3435/3098
f 2980/3223 2868/3229 981/3216
f 3246/3166 3247/3182 3396/3192
f 552/2988 3195/2979 497/2984
f 3396/3192 3414/3193 2953/3212
f 2980/3223 369/3209 2981/3224
f 468/3097 2487/3131 2486/3130
f 2685/3231 3558/3230 2901/3217
f 2547/3225 2542/3239 3426/3238
f 434/3092 2489/3128 392/3109
f 870/3139 2602/3159 302/3176
f 1207/3093 335/3057 200/3058
f 2868/3229 2687/3236 2961/3243
f 1344/3091 392/3109 377/3127
f 441/3014 201/3040 200/3058
f 473/3028 201/3040 441/3014
f 335/3057 2432/3094 334/3072
f 3376/3129 1492/3110 3363/3147
f 55/2986 53/2992 538/2998
f 384/3030 2484/3061 381/3078
f 333/3076 2578/3096 3395/3059
f 245/3201 3193/3211 1382/3179
f 2981/3224 2913/3237 2980/3223
f 461/3027 467/3026 56/3005
f 2913/3237 3558/3230 2685/3231
f 2868/3229 3134/3219 981/3216
f 2543/3150 1085/3132 388/3112
f 1476/3074 1475/3095 851/3111
f 2868/3229 2980/3223 2687/3236
f 299/3121 374/3104 155/3086
f 31/3073 200/3058 201/3040
f 3214/3242 2980/3223 2913/3237
f 202/3006 90/2997 55/2986
f 62/2983 55/2986 544/2991
f 3426/3238 2685/3231 2547/3225
f 474/3015 90/2997 202/3006
f 473/3028 474/3015 1477/3041
f 202/3006 203/3029 474/3015
f 2608/3248 2880/3233 2961/3243
f 1477/3041 201/3040 473/3028
f 461/3027 462/3037 467/3026
f 241/3144 375/3164 14/3145
f 1364/3204 2918/3210 2802/3200
f 1530/3042 1477/3041 203/3029
f 475/3033 476/3034 2484/3061
f 3214/3242 2687/3236 2980/3223
f 155/3086 12/3108 299/3121
f 2608/3248 1377/3251 2979/3250
f 1492/3110 1207/3093 31/3073
f 203/3029 1477/3041 474/3015
f 1530/3042 1474/3075 1477/3041
f 201/3040 1477/3041 1476/3074
f 1377/3251 2687/3236 1378/3247
f 3246/3166 2463/3148 851/3111
f 241/3144 391/3180 375/3164
f 513/3051 1023/3085 1349/3050
f 3247/3182 3246/3166 851/3111
f 314/3007 53/2992 1200/3001
f 2687/3236 3214/3242 1378/3247
f 3134/3219 2883/3220 3193/3211
f 2913/3237 2905/3244 2697/3253
f 2880/3233 2868/3229 2961/3243
f 3249/3181 3246/3166 3396/3192
f 2961/3243 2687/3236 2608/3248
f 54/3008 55/2986 538/2998
f 2547/3225 2685/3231 2901/3217
f 61/2980 3195/2979 62/2983
f 203/3029 202/3006 1530/3042
f 3134/3219 2880/3233 2883/3220
f 2883/3220 2880/3233 3090/3234
f 261/3226 3191/3203 2883/3220
f 2904/3252 3214/3242 2899/3249
f 2913/3237 2697/3253 2899/3249
f 538/2998 2654/3016 64/3017
f 1085/3132 2543/3150 3435/3098
f 886/3039 441/3014 335/3057
f 851/3111 2463/3148 1492/3110
f 64/3017 54/3008 538/2998
f 3270/3205 2815/3214 1401/3221
f 64/3017 1530/3042 202/3006
f 3278/3222 3179/3228 2719/3215
f 2486/3130 2940/3168 438/3167
f 64/3017 202/3006 54/3008
f 3246/3166 3249/3181 2463/3148
f 2901/3217 366/3189 2918/3210
f 3090/3234 261/3226 2883/3220
f 2608/3248 3030/3245 2880/3233
f 2981/3224 369/3209 2901/3217
f 468/3097 2578/3096 333/3076
f 497/2984 60/2981 2755/2987
f 31/3073 851/3111 1492/3110
f 2578/3096 851/3111 1475/3095
f 3195/2979 60/2981 497/2984
f 457/3255 2979/3250 1377/3251
f 1530/3042 3395/3059 1474/3075
f 2608/3248 2979/3250 3030/3245
f 64/3017 2654/3016 478/3043
f 2697/3253 2905/3244 2899/3249
f 478/3043 3395/3059 64/3017
f 478/3043 33/3060 34/3077
f 497/2984 503/2993 552/2988
f 267/3240 261/3226 3090/3234
f 482/3002 506/3010 552/2988
f 3030/3245 2979/3250 267/3240
f 3247/3182 851/3111 438/3167
f 90/2997 544/2991 55/2986
f 851/3111 2486/3130 438/3167
f 2578/3096 468/3097 2486/3130
f 2654/3016 384/3030 478/3043
f 384/3030 2654/3016 314/3007
f 314/3007 1200/3001 315/3022
f 333/3076 3395/3059 478/3043
f 1200/3001 506/3010 315/3022
f 3090/3234 3030/3245 267/3240
f 2797/3156 2401/3175 1441/3188
f 3443/3174 3442/3173 2798/3117
f 1529/3194 1528/3170 3353/3195
f 1441/3188 1615/3187 2797/3156
f 552/2988 503/2993 482/3002
f 2487/3131 3435/3098 1040/3149
f 1349/3050 476/3034 506/3010
f 2486/3130 851/3111 2578/3096
f 2816/3207 2719/3215 1615/3187
f 1475/3095 1474/3075 3395/3059
f 2660/3084 1023/3085 2818/3120
f 2819/3103 2804/3119 2803/3067
f 2488/3169 3436/3151 2462/3183
f 2681/3197 3442/3173 3443/3174
f 2819/3103 3753/3137 2804/3119
f 3751/3158 3752/3138 3442/3173
f 3442/3173 2462/3183 3751/3158
f 2797/3156 2798/3117 2800/3136
f 3414/3193 3247/3182 438/3167
f 2681/3197 2462/3183 3442/3173
f 1615/3187 1441/3188 2816/3207
f 384/3030 33/3060 478/3043
f 3068/3213 1529/3194 3353/3195
f 314/3007 315/3022 475/3033
f 1441/3188 1440/3208 2816/3207
f 34/3077 333/3076 478/3043
f 315/3022 506/3010 476/3034
f 2462/3183 3436/3151 3751/3158
f 2488/3169 2462/3183 3353/3195
f 2681/3197 3068/3213 3353/3195
f 2819/3103 3752/3138 3753/3137
f 2487/3131 2940/3168 2486/3130
f 476/3034 2803/3067 2484/3061
f 468/3097 3435/3098 2487/3131
f 2462/3183 2681/3197 3353/3195
f 2798/3117 2797/3156 3443/3174
f 468/3097 333/3076 34/3077
f 3353/3195 1528/3170 2488/3169
f 2484/3061 384/3030 475/3033
f 3753/3137 3752/3138 3751/3158
f 476/3034 475/3033 315/3022
f 3195/2979 55/2986 62/2983
f 2795/3185 3270/3205 1440/3208
f 2800/3136 2401/3175 2797/3156
f 3414/3193 2940/3168 1529/3194
f 3414/3193 3068/3213 2953/3212
f 2940/3168 2487/3131 1528/3170
f 3435/3098 33/3060 381/3078
f 513/3051 1349/3050 506/3010
f 3304/3199 371/3218 245/3201
f 1440/3208 1441/3188 2795/3185
f 1207/3093 3376/3129 2432/3094
f 2463/3148 3363/3147 1492/3110
f 1200/3001 552/2988 506/3010
f 2940/3168 1528/3170 1529/3194
f 1615/3187 2681/3197 3443/3174
f 1528/3170 2487/3131 1040/3149
f 1040/3149 3435/3098 2488/3169
f 381/3078 2484/3061 509/3099
f 1529/3194 3068/3213 3414/3193
f 1349/3050 2660/3084 2803/3067
f 969/3206 2815/3214 885/3186
f 31/3073 1207/3093 200/3058
f 3435/3098 2543/3150 2488/3169
f 388/3112 381/3078 509/3099
f 1023/3085 2660/3084 1349/3050
f 1615/3187 3443/3174 2797/3156
f 2819/3103 2803/3067 2660/3084
f 885/3186 3274/3155 1352/3172
f 3436/3151 2488/3169 2543/3150
f 503/2993 497/2984 2755/2987
f 388/3112 509/3099 2804/3119
f 509/3099 2803/3067 2804/3119
f 2899/3249 2905/3244 2904/3252
f 2804/3119 3751/3158 3436/3151
f 3436/3151 2543/3150 388/3112
f 3270/3205 2795/3185 885/3186
f 2804/3119 3436/3151 388/3112
f 3030/3245 3090/3234 2880/3233
f 1023/3085 2395/3135 2818/3120
f 3752/3138 2819/3103 2818/3120
f 475/3033 384/3030 314/3007
f 378/3071 435/3056 434/3092
f 314/3007 2654/3016 538/2998
f 3277/3227 1113/3235 3278/3222
f 3193/3211 2883/3220 3191/3203
f 1040/3149 2488/3169 1528/3170
f 2395/3135 3752/3138 2818/3120
f 3753/3137 3751/3158 2804/3119
f 3134/3219 3193/3211 245/3201
f 981/3216 3134/3219 245/3201
f 552/2988 1200/3001 53/2992
f 3195/2979 61/2980 60/2981
f 1352/3172 3421/3196 885/3186
f 969/3206 885/3186 3421/3196
f 2795/3185 3274/3155 885/3186
f 1113/3235 3277/3227 2815/3214
f 1401/3221 2815/3214 3277/3227
f 3179/3228 1518/3241 924/3246
f 2815/3214 3270/3205 885/3186
f 1113/3235 3179/3228 3278/3222
f 3270/3205 2816/3207 1440/3208
f 3277/3227 3278/3222 1401/3221
f 1401/3221 3278/3222 2816/3207
f 3278/3222 2719/3215 2816/3207
f 1518/3241 3179/3228 1113/3235
f 2810/3184 3421/3196 1352/3172
f 2816/3207 3270/3205 1401/3221
f 2789/3375 2887/3411 272/3388
f 3160/3528 3251/3427 3159/3529
f 3160/3528 3233/3530 3252/3428
f 3233/3530 3149/3272 905/3264
f 3135/3295 3152/3290 3091/3304
f 3149/3272 3233/3530 3159/3529
f 3152/3290 3135/3295 1166/3531
f 1166/3531 3135/3295 1157/3532
f 3130/3533 161/3296 3149/3272
f 3135/3295 161/3296 1157/3532
f 873/3534 3061/3462 1375/3457
f 161/3296 3130/3533 1157/3532
f 1164/3456 1166/3531 1157/3532
f 3252/3428 3251/3427 3160/3528
f 3130/3533 3149/3272 3159/3529
f 873/3534 3136/3475 3061/3462
f 1154/3535 873/3534 1164/3456
f 1157/3532 3130/3533 1139/3536
f 3456/3478 1504/3537 715/3479
f 714/3459 715/3479 716/3538
f 3159/3529 3251/3427 3130/3533
f 3456/3478 3136/3475 1158/3539
f 873/3534 1375/3457 1164/3456
f 3251/3427 3147/3433 1139/3536
f 3159/3529 3233/3530 3160/3528
f 1154/3535 3136/3475 873/3534
f 541/3540 716/3538 1504/3537
f 1504/3537 3456/3478 1158/3539
f 541/3540 3169/3460 716/3538
f 1155/3541 3147/3433 3034/3432
f 1158/3539 1155/3541 1504/3537
f 3130/3533 3251/3427 1139/3536
f 1154/3535 1139/3536 3147/3433
f 541/3540 3034/3432 3169/3460
f 1158/3539 1154/3535 1155/3541
f 3136/3475 1154/3535 1158/3539
f 3169/3460 714/3459 716/3538
f 1139/3536 1154/3535 1157/3532
f 1155/3541 3034/3432 541/3540
f 715/3479 1504/3537 716/3538
f 1155/3541 541/3540 1504/3537
f 1164/3456 3152/3290 1166/3531
f 3147/3433 1155/3541 1154/3535
f 1154/3535 1164/3456 1157/3532
f 1198/3422 2814/3423 1354/3397
f 2742/3279 2737/3420 2739/3280
f 3186/3405 2827/3404 2754/3409
f 290/3361 2618/3364 292/3373
f 1479/3392 2781/3413 2851/3400
f 2833/3399 2754/3409 1355/3418
f 2784/3366 2785/3372 292/3373
f 956/3370 2843/3381 2888/3385
f 2889/3424 1354/3397 2814/3423
f 2842/3275 1303/3425 2764/3267
f 2785/3372 2784/3366 2783/3374
f 2764/3267 2767/3426 2848/3398
f 2734/3395 2854/3396 2874/3389
f 2749/3378 2781/3413 2827/3404
f 2848/3398 2767/3426 2745/3410
f 1354/3397 2889/3424 2848/3398
f 2845/3419 2735/3379 2739/3280
f 2752/3394 2821/3408 1337/3407
f 3033/3260 3074/3271 3085/3261
f 3109/3323 2832/3324 3108/3325
f 2874/3389 2886/3387 2888/3385
f 2749/3378 3186/3405 2746/3402
f 2773/3416 1198/3422 1354/3397
f 2739/3280 2735/3379 2746/3402
f 848/3359 2869/3352 2807/3355
f 1398/3383 2780/3380 3455/3283
f 272/3388 271/3390 2888/3385
f 2784/3366 539/3367 2783/3374
f 3455/3283 2780/3380 2845/3419
f 2888/3385 1064/3376 956/3370
f 2754/3409 2833/3399 2745/3410
f 2998/3326 3109/3323 2714/3327
f 927/3391 2734/3395 271/3390
f 2739/3280 2746/3402 2842/3275
f 1303/3425 2746/3402 2745/3410
f 2889/3424 2764/3267 2848/3398
f 1429/3362 958/3360 290/3361
f 927/3391 2887/3411 2937/3377
f 1303/3425 2842/3275 2746/3402
f 3186/3405 2745/3410 2746/3402
f 289/3369 1429/3362 290/3361
f 2827/3404 1337/3407 2847/3421
f 2767/3426 1303/3425 2745/3410
f 292/3373 2788/3371 290/3361
f 539/3367 2937/3377 2783/3374
f 1479/3392 2752/3394 1337/3407
f 2848/3398 2745/3410 2833/3399
f 958/3360 2807/3355 953/3354
f 2887/3411 927/3391 272/3388
f 2833/3399 1355/3418 1354/3397
f 2856/3403 2854/3396 3239/3393
f 1303/3425 2767/3426 2764/3267
f 3251/3427 3252/3428 3145/3429
f 1438/3430 2869/3352 848/3359
f 3145/3429 3252/3428 3128/3431
f 3145/3429 3034/3432 3147/3433
f 1398/3383 3455/3283 2879/3434
f 3128/3431 3034/3432 3145/3429
f 3459/3435 2828/3436 525/3437
f 1467/3438 1115/3439 3165/3440
f 1398/3383 2879/3434 2856/3403
f 2879/3434 2738/3282 1171/3441
f 2820/3332 2706/3542 297/3337
f 2863/3442 2856/3403 2879/3434
f 2706/3542 537/3331 297/3337
f 2738/3282 1172/3291 1171/3441
f 3109/3323 3108/3325 3236/3543
f 1174/3443 2866/3444 3154/3445
f 1172/3291 3152/3290 1162/3446
f 970/3447 1128/3448 1347/3449
f 2858/3450 2863/3442 1171/3441
f 1162/3446 1171/3441 1172/3291
f 2858/3450 1171/3441 2865/3451
f 539/3367 540/3544 3439/3545
f 3139/3452 3140/3453 691/3454
f 2862/3455 2863/3442 2858/3450
f 2865/3451 1171/3441 1162/3446
f 537/3331 542/3546 1170/3328
f 1162/3446 1164/3456 1375/3457
f 2706/3542 542/3546 537/3331
f 3132/3458 714/3459 3169/3460
f 2776/3547 3108/3325 2777/3548
f 1138/3461 2865/3451 3061/3462
f 3128/3431 1147/3463 3034/3432
f 540/3544 539/3367 542/3546
f 1064/3376 2723/3464 2724/3368
f 2874/3389 2854/3396 2877/3465
f 2877/3465 2862/3455 3234/3466
f 970/3447 1188/3467 2884/3468
f 2865/3451 2862/3455 2858/3450
f 542/3546 2706/3542 2778/3549
f 2854/3396 2863/3442 2877/3465
f 1375/3457 2865/3451 1162/3446
f 714/3459 3132/3458 3139/3452
f 2877/3465 3234/3466 3138/3469
f 3061/3462 2865/3451 1375/3457
f 2869/3352 167/3470 1168/3471
f 3126/3472 3138/3469 3234/3466
f 3173/3473 3148/3474 3154/3445
f 2650/3550 542/3546 2778/3549
f 2865/3451 3126/3472 3234/3466
f 1138/3461 3061/3462 3136/3475
f 3108/3325 2776/3547 3236/3543
f 2859/3386 3138/3469 3163/3476
f 2937/3377 539/3367 3439/3545
f 3138/3469 3126/3472 3163/3476
f 1162/3446 3152/3290 1164/3456
f 167/3470 1438/3430 1404/3477
f 1138/3461 3136/3475 1347/3449
f 3455/3283 2738/3282 2879/3434
f 3136/3475 3456/3478 1347/3449
f 2863/3442 2854/3396 2856/3403
f 3151/3551 2621/3552 2647/3553
f 715/3479 691/3454 1182/3480
f 539/3367 1170/3328 542/3546
f 2862/3455 2877/3465 2863/3442
f 3151/3551 3236/3543 2776/3547
f 3151/3551 2778/3549 3236/3543
f 3456/3478 715/3479 970/3447
f 2859/3386 3163/3476 2871/3384
f 1348/3481 1115/3439 1184/3482
f 3126/3472 3143/3483 3163/3476
f 1468/3484 972/3485 971/3486
f 1188/3467 970/3447 1215/3487
f 3151/3551 2776/3547 2621/3552
f 3126/3472 1138/3461 1128/3448
f 2778/3549 2706/3542 2820/3332
f 2884/3468 3143/3483 1128/3448
f 1138/3461 1347/3449 1128/3448
f 540/3544 2650/3550 2648/3554
f 363/3587 285/3316 359/3317
f 1347/3449 3456/3478 970/3447
f 2648/3554 3439/3545 540/3544
f 2650/3550 3151/3551 2647/3553
f 2813/3488 2866/3444 847/3358
f 3163/3476 1180/3489 2731/3490
f 1168/3471 3202/3350 2869/3352
f 1186/3491 1115/3439 1467/3438
f 363/3587 282/3588 285/3316
f 285/3316 282/3588 6/3314
f 1184/3482 1215/3487 1348/3481
f 1176/3492 1187/3493 1133/3494
f 1146/3495 3417/3363 3155/3496
f 1182/3480 1187/3493 1348/3481
f 2884/3468 3099/3497 3143/3483
f 2865/3451 1138/3461 3126/3472
f 972/3485 1411/3498 971/3486
f 970/3447 1182/3480 1215/3487
f 3439/3545 2648/3554 2835/3555
f 3459/3435 2811/3351 2828/3436
f 1176/3492 3174/3499 3165/3440
f 3151/3551 2650/3550 2778/3549
f 3148/3474 1188/3467 1184/3482
f 715/3479 3139/3452 691/3454
f 1176/3492 3165/3440 1348/3481
f 1146/3495 3155/3496 2813/3488
f 2621/3552 2776/3547 2777/3548
f 1171/3441 2863/3442 2879/3434
f 1180/3489 3099/3497 3171/3500
f 2722/3501 1472/3502 2809/3503
f 2835/3555 2648/3554 2647/3553
f 2864/3504 2723/3464 3171/3500
f 3099/3497 2864/3504 3171/3500
f 540/3544 542/3546 2650/3550
f 1499/3505 1472/3502 972/3485
f 3173/3473 3099/3497 2884/3468
f 3034/3432 1147/3463 3169/3460
f 1184/3482 1115/3439 1186/3491
f 1184/3482 1186/3491 3148/3474
f 2647/3553 2648/3554 2650/3550
f 1180/3489 2723/3464 2731/3490
f 3099/3497 3173/3473 2864/3504
f 2811/3351 3459/3435 2779/3353
f 3148/3474 3173/3473 2884/3468
f 3417/3363 2724/3368 1185/3506
f 1146/3495 847/3358 3417/3363
f 2871/3384 3163/3476 2731/3490
f 167/3470 2869/3352 1438/3430
f 1174/3443 3148/3474 1186/3491
f 3236/3543 2714/3327 3109/3323
f 2723/3464 1064/3376 2731/3490
f 2813/3488 3155/3496 3154/3445
f 1180/3489 3143/3483 3099/3497
f 2778/3549 2714/3327 3236/3543
f 3173/3473 3155/3496 2864/3504
f 2778/3549 2820/3332 2714/3327
f 715/3479 1182/3480 970/3447
f 1185/3506 2723/3464 2864/3504
f 3155/3496 3417/3363 1185/3506
f 1180/3489 3171/3500 2723/3464
f 714/3459 3139/3452 715/3479
f 1185/3506 2864/3504 3155/3496
f 1467/3438 1174/3443 1186/3491
f 971/3486 1174/3443 1467/3438
f 3165/3440 1115/3439 1348/3481
f 2866/3444 2813/3488 3154/3445
f 3163/3476 3143/3483 1180/3489
f 1411/3498 2866/3444 971/3486
f 1187/3493 1182/3480 691/3454
f 1404/3477 847/3358 1410/3507
f 2723/3464 1185/3506 2724/3368
f 1128/3448 3143/3483 3126/3472
f 3148/3474 1174/3443 3154/3445
f 691/3454 3140/3453 1187/3493
f 1348/3481 1187/3493 1176/3492
f 3138/3469 2859/3386 2874/3389
f 1410/3507 847/3358 1411/3498
f 2722/3501 1411/3498 972/3485
f 3154/3445 3155/3496 3173/3473
f 2815/3556 1518/3557 1113/3558
f 971/3486 1467/3438 1468/3484
f 167/3470 1404/3477 1410/3507
f 1147/3463 3132/3458 3169/3460
f 2810/3559 2793/3509 960/3560
f 2871/3384 2731/3490 1064/3376
f 2828/3436 521/3508 2793/3509
f 3234/3466 2862/3455 2865/3451
f 1128/3448 970/3447 2884/3468
f 3251/3427 3145/3429 3147/3433
f 1168/3471 2809/3503 521/3508
f 2874/3389 2877/3465 3138/3469
f 848/3359 847/3358 1404/3477
f 3079/3312 3029/3515 3088/3310
f 3085/3261 3088/3310 3029/3515
f 356/3516 3078/3284 355/3286
f 3029/3515 1073/3259 3085/3261
f 526/3561 291/3562 960/3560
f 3078/3284 356/3516 3066/3517
f 1073/3259 3066/3517 356/3516
f 3066/3517 3029/3515 3079/3312
f 356/3516 95/3315 287/3518
f 968/3563 1446/3564 144/3565
f 4/3258 287/3518 95/3315
f 287/3518 4/3258 1073/3259
f 355/3286 95/3315 356/3516
f 925/3566 1472/3502 1499/3505
f 1218/3313 3066/3517 3079/3312
f 3066/3517 1073/3259 3029/3515
f 1472/3502 925/3566 1449/3567
f 1073/3259 356/3516 287/3518
f 1218/3313 2890/3302 3066/3517
f 3066/3517 2890/3302 3078/3284
f 1411/3498 2722/3501 1410/3507
f 2722/3501 972/3485 1472/3502
f 925/3566 926/3568 1449/3567
f 1520/3569 1521/3570 921/3571
f 1188/3467 3148/3474 2884/3468
f 848/3359 1404/3477 1438/3430
f 1184/3482 1188/3467 1215/3487
f 144/3565 1449/3567 3480/3572
f 921/3571 1472/3502 1446/3564
f 1187/3493 3140/3453 1133/3494
f 1468/3484 1499/3505 972/3485
f 1182/3480 1348/3481 1215/3487
f 2809/3503 167/3470 2722/3501
f 2813/3488 847/3358 1146/3495
f 1518/3557 2870/3573 924/3574
f 1449/3567 144/3565 1446/3564
f 847/3358 2866/3444 1411/3498
f 969/3575 2870/3573 1518/3557
f 167/3470 2809/3503 1168/3471
f 3202/3350 2828/3436 2811/3351
f 3054/3576 2870/3573 969/3575
f 1446/3564 1520/3569 921/3571
f 521/3508 2828/3436 3202/3350
f 521/3508 3202/3350 1168/3471
f 1446/3564 968/3563 1520/3569
f 2866/3444 1174/3443 971/3486
f 167/3470 1410/3507 2722/3501
f 2809/3503 1472/3502 921/3571
f 1170/3328 2705/3329 286/3330
f 3157/3339 543/3335 524/3334
f 925/3566 1499/3505 926/3568
f 2821/3408 2840/3510 1456/3406
f 286/3330 537/3331 1170/3328
f 1456/3406 2892/3511 1302/3417
f 2840/3510 2841/3512 1456/3406
f 968/3563 144/3565 924/3574
f 2892/3511 2249/3414 1302/3417
f 3054/3576 1521/3570 968/3563
f 3480/3572 1449/3567 926/3568
f 2870/3573 3054/3576 968/3563
f 3149/3272 3092/3276 3076/3265
f 2705/3329 3157/3339 524/3334
f 969/3575 1518/3557 2815/3556
f 2820/3332 305/3333 2998/3326
f 1521/3570 2809/3503 921/3571
f 524/3334 543/3335 286/3330
f 521/3508 526/3561 2793/3509
f 2810/3559 960/3560 3421/3577
f 291/3562 526/3561 3054/3576
f 960/3560 2793/3509 526/3561
f 2998/3326 2832/3324 3109/3323
f 1499/3505 922/3520 926/3568
f 924/3574 2870/3573 968/3563
f 545/3336 297/3337 537/3331
f 291/3562 3054/3576 3421/3577
f 3421/3577 3054/3576 969/3575
f 1521/3570 3054/3576 526/3561
f 1446/3564 1472/3502 1449/3567
f 1521/3570 1520/3569 968/3563
f 2809/3503 1521/3570 521/3508
f 521/3508 1521/3570 526/3561
f 3421/3577 960/3560 291/3562
f 539/3367 2702/3578 2344/3579
f 2702/3578 2618/3364 2619/3580
f 3184/3581 2705/3329 2702/3578
f 305/3333 2831/3338 2998/3326
f 3157/3339 2705/3329 2794/3340
f 2619/3580 2618/3364 2779/3353
f 2817/3582 3184/3581 2619/3580
f 2702/3578 1170/3328 2344/3579
f 3184/3581 2794/3340 2705/3329
f 2619/3580 2779/3353 2817/3582
f 3184/3581 2817/3582 2794/3340
f 2794/3340 532/3583 3418/3345
f 545/3336 2806/3341 297/3337
f 532/3583 2794/3340 2817/3582
f 297/3337 2806/3341 306/3342
f 355/3286 2766/3321 2305/3318
f 543/3335 3157/3339 496/3343
f 3073/3277 3074/3271 3076/3265
f 2766/3321 2242/3300 2312/3319
f 532/3583 2817/3582 3459/3435
f 306/3342 2820/3332 297/3337
f 2828/3436 2793/3509 3243/3584
f 2344/3579 1170/3328 539/3367
f 2772/3278 2842/3275 2771/3269
f 2805/3344 2806/3341 545/3336
f 927/3391 2937/3377 2792/3589
f 3073/3277 3076/3265 3092/3276
f 2998/3326 2714/3327 2820/3332
f 2742/3279 2739/3280 2753/3281
f 2738/3282 3455/3283 2742/3279
f 3078/3284 2894/3285 355/3286
f 357/3322 2305/3318 285/3316
f 2937/3377 3439/3545 2792/3589
f 2766/3321 2312/3319 2305/3318
f 1126/3273 2881/3287 2772/3278
f 2743/3288 2842/3275 2772/3278
f 450/3289 3152/3290 1172/3291
f 2835/3555 2792/3589 3439/3545
f 2618/3364 2702/3578 539/3367
f 3080/3292 3075/3293 3093/3294
f 3135/3295 3093/3294 161/3296
f 872/3585 3459/3435 959/3586
f 3075/3293 3092/3276 161/3296
f 2779/3353 3459/3435 2817/3582
f 2611/3590 2150/3591 2822/3592
f 358/3320 2242/3300 298/3274
f 3075/3293 3073/3277 3092/3276
f 2743/3288 2846/3297 2826/3298
f 3157/3339 2794/3340 3418/3345
f 532/3583 3459/3435 872/3585
f 1172/3291 2738/3282 2857/3299
f 2242/3300 1126/3273 298/3274
f 95/3315 6/3314 4/3258
f 355/3286 2242/3300 2766/3321
f 2753/3281 2738/3282 2742/3279
f 2822/3592 2657/3514 2821/3408
f 3078/3284 2893/3301 2894/3285
f 3078/3284 2890/3302 2893/3301
f 2702/3578 2619/3580 3184/3581
f 2893/3301 2881/3287 2894/3285
f 3086/3303 450/3289 1172/3291
f 2771/3269 951/3268 298/3274
f 161/3296 3092/3276 3149/3272
f 3152/3290 450/3289 3091/3304
f 2846/3297 2772/3278 2853/3305
f 2734/3395 2822/3592 2752/3394
f 3093/3294 3075/3293 161/3296
f 2832/3324 2998/3326 2831/3338
f 450/3289 3089/3306 3091/3304
f 3093/3294 3091/3304 3089/3306
f 3/3263 4/3258 6/3314
f 525/3437 959/3586 3459/3435
f 3073/3277 3085/3261 3074/3271
f 2772/3278 2846/3297 2743/3288
f 2828/3436 3243/3584 525/3437
f 2857/3299 2744/3307 3086/3303
f 3243/3584 959/3586 525/3437
f 3089/3306 3101/3308 3082/3309
f 95/3315 355/3286 357/3322
f 2150/3591 2657/3514 2822/3592
f 3080/3292 3088/3310 3075/3293
f 2822/3592 2364/3593 2611/3590
f 2705/3329 1170/3328 2702/3578
f 2743/3288 2739/3280 2842/3275
f 1191/3519 1499/3505 1468/3484
f 1191/3519 922/3520 1499/3505
f 1468/3484 923/3521 1191/3519
f 3185/3522 1467/3438 3165/3440
f 2752/3394 2822/3592 2821/3408
f 1191/3519 923/3521 3224/3523
f 2364/3593 2792/3589 2835/3555
f 2822/3592 927/3391 2792/3589
f 3101/3308 3086/3303 2744/3307
f 923/3521 3185/3522 3180/3524
f 3185/3522 3165/3440 3174/3499
f 2853/3305 2772/3278 2881/3287
f 3185/3522 3174/3499 3180/3524
f 543/3335 3222/3346 286/3330
f 3101/3308 450/3289 3086/3303
f 3170/3525 1178/3526 3452/3527
f 2150/3591 2840/3510 2657/3514
f 2846/3297 2852/3311 2753/3281
f 2628/3347 2805/3344 545/3336
f 2894/3285 2242/3300 355/3286
f 2822/3592 2792/3589 2364/3593
f 2852/3311 2744/3307 2753/3281
f 2853/3305 2893/3301 2890/3302
f 3086/3303 1172/3291 2857/3299
f 2771/3269 1126/3273 2772/3278
f 3089/3306 3080/3292 3093/3294
f 2852/3311 2846/3297 2853/3305
f 2894/3285 1126/3273 2242/3300
f 2894/3285 2881/3287 1126/3273
f 3157/3339 3418/3345 496/3343
f 3073/3277 3088/3310 3085/3261
f 2826/3298 2753/3281 2739/3280
f 3101/3308 3089/3306 450/3289
f 3074/3271 3077/3270 3094/3266
f 3088/3310 3073/3277 3075/3293
f 2853/3305 2881/3287 2893/3301
f 3079/3312 3088/3310 3080/3292
f 1467/3438 923/3521 1468/3484
f 2826/3298 2846/3297 2753/3281
f 305/3333 295/3348 2831/3338
f 3076/3265 3074/3271 3094/3266
f 2744/3307 3082/3309 3101/3308
f 2857/3299 2753/3281 2744/3307
f 305/3333 2820/3332 306/3342
f 2890/3302 2852/3311 2853/3305
f 2857/3299 2738/3282 2753/3281
f 3079/3312 3080/3292 3089/3306
f 2739/3280 2743/3288 2826/3298
f 3180/3524 3224/3523 923/3521
f 3082/3309 1218/3313 3079/3312
f 6/3314 95/3315 285/3316
f 1218/3313 2852/3311 2890/3302
f 2305/3318 359/3317 285/3316
f 927/3391 2822/3592 2734/3395
f 3091/3304 3093/3294 3135/3295
f 2852/3311 1218/3313 3082/3309
f 2705/3329 524/3334 286/3330
f 3224/3523 922/3520 1191/3519
f 3082/3309 3079/3312 3089/3306
f 359/3317 2305/3318 2312/3319
f 2628/3347 545/3336 3222/3346
f 2744/3307 2852/3311 3082/3309
f 10/3256 1087/3257 4/3258
f 1073/3259 3033/3260 3085/3261
f 1087/3257 1073/3259 4/3258
f 3033/3260 1073/3259 1087/3257
f 3028/3262 1087/3257 10/3256
f 305/3333 306/3342 295/3348
f 3033/3260 1087/3257 3028/3262
f 537/3331 286/3330 545/3336
f 3170/3525 3180/3524 3174/3499
f 358/3320 2312/3319 2242/3300
f 4/3258 3/3263 10/3256
f 905/3264 3076/3265 3094/3266
f 2764/3267 951/3268 2771/3269
f 359/3317 2312/3319 358/3320
f 357/3322 285/3316 95/3315
f 3077/3270 3074/3271 3033/3260
f 3452/3527 3180/3524 3170/3525
f 286/3330 3222/3346 545/3336
f 905/3264 3149/3272 3076/3265
f 357/3322 355/3286 2305/3318
f 3180/3524 3452/3527 3224/3523
f 2867/3349 3202/3350 2811/3351
f 2867/3349 2869/3352 3202/3350
f 3185/3522 923/3521 1467/3438
f 2811/3351 2779/3353 2867/3349
f 2869/3352 2867/3349 953/3354
f 2807/3355 2869/3352 953/3354
f 2867/3349 2779/3353 953/3354
f 528/3356 953/3354 2779/3353
f 2786/3357 847/3358 848/3359
f 2892/3511 1299/3513 2249/3414
f 953/3354 528/3356 958/3360
f 290/3361 958/3360 528/3356
f 2786/3357 958/3360 1429/3362
f 2786/3357 3417/3363 847/3358
f 290/3361 528/3356 2618/3364
f 957/3365 3417/3363 2786/3357
f 957/3365 2786/3357 1429/3362
f 2784/3366 2618/3364 539/3367
f 957/3365 2724/3368 3417/3363
f 957/3365 1429/3362 289/3369
f 2892/3511 2841/3512 1299/3513
f 2786/3357 848/3359 2807/3355
f 957/3365 956/3370 2724/3368
f 2788/3371 289/3369 290/3361
f 289/3369 956/3370 957/3365
f 2785/3372 2788/3371 292/3373
f 2785/3372 2783/3374 2789/3375
f 2785/3372 2789/3375 2788/3371
f 1064/3376 2724/3368 956/3370
f 2937/3377 2789/3375 2783/3374
f 2749/3378 2735/3379 2780/3380
f 2788/3371 2843/3381 956/3370
f 2891/3382 2780/3380 1398/3383
f 2871/3384 1064/3376 2888/3385
f 2859/3386 2871/3384 2886/3387
f 2843/3381 2789/3375 272/3388
f 2886/3387 2871/3384 2888/3385
f 2840/3510 2821/3408 2657/3514
f 2843/3381 272/3388 2888/3385
f 2874/3389 2859/3386 2886/3387
f 271/3390 272/3388 927/3391
f 2888/3385 271/3390 2874/3389
f 1479/3392 3239/3393 2752/3394
f 271/3390 2734/3395 2874/3389
f 2788/3371 2789/3375 2843/3381
f 1126/3273 2771/3269 298/3274
f 2854/3396 2734/3395 3239/3393
f 2786/3357 2807/3355 958/3360
f 2892/3511 1456/3406 2841/3512
f 3239/3393 2734/3395 2752/3394
f 1354/3397 2848/3398 2833/3399
f 2851/3400 2850/3401 3239/3393
f 2746/3402 2735/3379 2749/3378
f 2856/3403 2850/3401 1398/3383
f 2827/3404 3186/3405 2749/3378
f 1456/3406 1337/3407 2821/3408
f 3186/3405 2754/3409 2745/3410
f 2850/3401 2851/3400 2891/3382
f 2850/3401 2891/3382 1398/3383
f 2887/3411 2789/3375 2937/3377
f 2771/3269 2842/3275 2764/3267
f 2751/3412 1337/3407 1456/3406
f 2891/3382 2851/3400 2781/3413
f 2249/3414 2762/3415 2773/3416
f 1302/3417 2751/3412 1456/3406
f 2249/3414 1355/3418 1302/3417
f 2618/3364 2784/3366 292/3373
f 2856/3403 3239/3393 2850/3401
f 2781/3413 1479/3392 1337/3407
f 2845/3419 2737/3420 3455/3283
f 1337/3407 2751/3412 2847/3421
f 2891/3382 2781/3413 2780/3380
f 956/3370 289/3369 2788/3371
f 2737/3420 2742/3279 3455/3283
f 1337/3407 2827/3404 2781/3413
f 2751/3412 1302/3417 1355/3418
f 2847/3421 2751/3412 2754/3409
f 3239/3393 1479/3392 2851/3400
f 2762/3415 1198/3422 2773/3416
f 2780/3380 2781/3413 2749/3378
f 2773/3416 1354/3397 1355/3418
f 2779/3353 2618/3364 528/3356
f 1355/3418 2754/3409 2751/3412
f 2847/3421 2754/3409 2827/3404
f 2739/3280 2737/3420 2845/3419
f 2773/3416 1355/3418 2249/3414
f 2735/3379 2845/3419 2780/3380
f 571/4087 3486/4079 1203/4081
f 1177/3987 3213/3986 1183/3990
f 2824/4356 2929/4296 2823/4125
f 3168/4205 3049/3920 209/4239
f 1668/4108 1724/3597 1667/3629
f 2911/4337 1448/4280 743/4279
f 743/4279 2935/4371 2911/4337
f 1033/4039 1112/4037 1006/4056
f 224/4290 3533/4319 3565/4291
f 512/3676 511/3661 1737/3672
f 735/4380 732/4274 736/4381
f 3069/3709 3083/3715 933/3716
f 1683/4366 1682/4376 1679/4350
f 738/4267 732/4274 730/4391
f 1223/4200 827/4217 3485/4231
f 3015/3977 3744/4257 2989/3978
f 3627/4358 743/4279 477/4360
f 3384/3774 3757/3772 3392/3777
f 1246/3932 1511/4126 2933/4302
f 231/4324 226/4328 227/4207
f 79/4142 1480/3834 1066/4140
f 737/4390 730/4391 1651/4364
f 3562/4292 3539/4383 740/4049
f 742/4281 1448/4280 741/3668
f 1451/4105 1450/4045 1333/4111
f 1635/4344 750/4335 2860/4329
f 3263/4059 227/4207 3585/4057
f 993/4372 2925/4348 755/4145
f 9/3691 50/3669 190/3698
f 755/4145 752/4321 757/4306
f 786/4286 844/4083 845/4287
f 748/4238 754/4271 756/4146
f 996/4124 997/3971 3255/3970
f 827/4217 808/4245 3485/4231
f 2604/4226 3527/4191 1338/4190
f 1511/4126 3581/4297 3580/4303
f 753/4147 3040/4051 993/4372
f 3263/4059 3564/4058 3518/4263
f 3266/4183 3267/4185 763/4202
f 3408/4377 1681/4219 484/4375
f 756/4146 755/4145 757/4306
f 744/4112 2927/3934 1246/3932
f 1101/4389 1102/4379 3254/4332
f 17/3719 25/3731 23/3726
f 1066/4140 1480/3834 3206/4197
f 1647/3631 737/4390 3561/3632
f 1635/4344 3254/4332 750/4335
f 1668/4108 1676/4218 488/4339
f 1030/3947 1029/3940 1031/4155
f 1177/3987 3174/3902 1134/3892
f 491/3743 1670/4392 1694/3744
f 812/4136 868/4182 3472/4394
f 742/4281 741/3668 734/3610
f 2989/3978 3447/4196 505/3979
f 25/3731 24/3730 23/3726
f 3627/4358 1643/4357 3581/4297
f 793/4368 841/4309 707/4367
f 1625/4311 226/4328 228/4318
f 751/4229 995/4128 752/4321
f 1066/4140 3405/4198 1502/4272
f 1634/4359 1304/3974 3410/3976
f 746/4289 1650/4139 705/4349
f 3537/4122 2922/4102 2914/4123
f 1645/4113 3580/4303 1643/4357
f 1454/4117 992/4150 1452/4135
f 899/4221 865/4134 3280/4133
f 1644/4316 1643/4357 3410/3976
f 1639/4326 1030/3947 726/4334
f 788/4353 791/4310 1314/4305
f 2925/4348 1650/4139 1258/4382
f 861/4299 1254/3962 1247/3951
f 3241/4015 2906/4016 980/4022
f 1036/4104 2962/4088 2963/4115
f 850/4370 2947/4082 792/4374
f 1634/4359 3410/3976 1643/4357
f 571/4087 2295/4103 2962/4088
f 3039/4298 3040/4051 1110/4252
f 1647/3631 1646/4338 3342/4266
f 1656/4107 1724/3597 1668/4108
f 2922/4102 3342/4266 2914/4123
f 1643/4357 1644/4316 1645/4113
f 1080/4331 488/4339 1105/4388
f 1413/4345 1688/4355 2932/4153
f 3553/4275 3039/4298 1110/4252
f 228/4318 226/4328 231/4324
f 2907/4085 3606/4078 1106/4092
f 738/4267 3341/4095 732/4274
f 3475/4317 1625/4311 228/4318
f 3205/4273 232/4293 3447/4196
f 1027/4034 1032/4038 1024/4026
f 1692/3740 485/3739 484/4375
f 3699/3779 3389/4246 1636/4378
f 757/4306 752/4321 759/4127
f 3699/3779 1636/4378 1102/4379
f 3501/4210 2917/3792 990/3794
f 3015/3977 3204/4264 3318/4295
f 1224/4282 821/4261 1276/4313
f 1245/4220 3408/4377 1683/4366
f 1423/4215 740/4049 735/4380
f 3581/4297 2929/4296 3543/4346
f 755/4145 753/4147 993/4372
f 1633/3604 1653/3600 1640/3602
f 3542/4042 1258/4382 1650/4139
f 748/4238 749/4258 1343/4213
f 3409/4342 1654/4330 1644/4316
f 2634/3916 1761/3908 1625/4311
f 712/4333 1074/4341 1076/4340
f 2932/4153 2922/4102 3537/4122
f 3576/4072 3534/3973 3105/4064
f 2947/4082 751/4229 2946/4043
f 1647/3631 3720/3620 741/3668
f 898/4234 3266/4183 877/4201
f 3408/4377 1245/4220 1681/4219
f 1304/3974 1634/4359 739/4323
f 480/4365 1088/3760 1094/4325
f 47/3732 510/3677 51/3684
f 747/4251 3040/4051 753/4147
f 1670/4392 1677/3745 1679/4350
f 994/4008 1136/3997 1142/4011
f 2914/4123 2911/4337 3660/4121
f 3265/3996 1143/4005 1142/4011
f 843/4203 800/4304 225/4301
f 209/4239 210/4188 3168/4205
f 1656/4107 1663/3605 1662/3618
f 1656/4107 1746/3975 1304/3974
f 1423/4215 2220/4214 745/4050
f 2989/3978 220/4174 3205/4273
f 2631/4156 726/4334 1030/3947
f 3410/3976 1746/3975 3409/4342
f 1140/4014 1143/4005 1141/4006
f 1639/4326 750/4335 2565/4248
f 1258/4382 3542/4042 1350/4242
f 794/3960 797/3961 682/4362
f 3542/4042 1316/4270 2946/4043
f 1350/4242 3542/4042 3573/4044
f 1678/3733 1681/4219 1676/4218
f 1097/4361 928/4393 1240/3768
f 900/4253 899/4221 874/4236
f 1635/4344 1074/4341 712/4333
f 777/4285 866/4314 1276/4313
f 3408/4377 1682/4376 1683/4366
f 1102/4379 1101/4389 1104/4347
f 3383/3773 3757/3772 3446/3764
f 1257/4164 1217/4187 3726/4189
f 1108/3770 1240/3768 928/4393
f 815/4259 829/4240 803/4228
f 750/4335 1636/4378 2565/4248
f 1267/4099 1519/4098 813/4212
f 3409/4342 1644/4316 3410/3976
f 1031/4155 2927/3934 2585/4315
f 737/4390 1647/3631 738/4267
f 1667/3629 1674/3599 1678/3733
f 2585/4315 2631/4156 1031/4155
f 743/4279 3581/4297 2935/4371
f 813/4212 2958/4152 825/4178
f 1245/4220 480/4365 479/4387
f 1678/3733 1674/3599 489/3678
f 1480/3834 2917/3792 3501/4210
f 1080/4331 1105/4388 1101/4389
f 3204/4264 3514/4256 3466/4225
f 1746/3975 1656/4107 1641/4106
f 1314/4305 1316/4270 788/4353
f 1141/4006 3142/4009 1140/4014
f 1677/3745 480/4365 1683/4366
f 3131/3993 3265/3996 1136/3997
f 1090/4159 1108/3770 928/4393
f 1030/3947 1639/4326 3412/3945
f 3553/4275 1502/4272 3405/4198
f 1721/4171 3585/4057 216/4208
f 928/4393 1097/4361 1104/4347
f 1501/4061 3576/4072 3575/4062
f 3476/4300 3475/4317 1624/4169
f 569/4067 554/4068 2960/4060
f 2585/4315 1654/4330 2631/4156
f 1689/4269 1420/4351 2920/4352
f 928/4393 1094/4325 1090/4159
f 1300/4385 1689/4269 1688/4355
f 2922/4102 2932/4153 2920/4352
f 734/3610 1304/3974 742/4281
f 1677/3745 1683/4366 1679/4350
f 3699/3779 2909/4312 3389/4246
f 3482/4192 2964/4168 3527/4191
f 802/4343 845/4287 682/4362
f 3153/3798 212/4172 213/4206
f 1104/4347 3699/3779 1102/4379
f 2910/3778 2909/4312 3699/3779
f 1029/3940 935/3936 1031/4155
f 484/4375 37/3729 206/4386
f 491/3743 1677/3745 1670/4392
f 2933/4302 744/4112 1246/3932
f 2927/3934 1645/4113 1644/4316
f 3321/3763 3546/3759 1264/3964
f 1094/4325 928/4393 1105/4388
f 1654/4330 1074/4341 1635/4344
f 1668/4108 1076/4340 1641/4106
f 1692/3740 1681/4219 1678/3733
f 788/4353 1316/4270 1300/4385
f 1656/4107 1662/3618 1724/3597
f 1094/4325 1105/4388 479/4387
f 1221/4249 1264/3964 3454/4233
f 37/3729 484/4375 485/3739
f 481/3741 1679/4350 206/4386
f 717/4012 2906/4016 1498/4010
f 1448/4280 2911/4337 1646/4338
f 1448/4280 1647/3631 741/3668
f 484/4375 1681/4219 1692/3740
f 2585/4315 1644/4316 1654/4330
f 1676/4218 1667/3629 1678/3733
f 3039/4298 3505/4276 3514/4256
f 1424/4143 79/4142 1343/4213
f 35/3734 46/3735 23/3726
f 3550/4268 1262/4232 3541/4230
f 3065/4114 2973/3981 3556/3980
f 1304/3974 734/3610 1305/3607
f 3206/4197 3501/4210 990/3794
f 3225/4019 85/4013 1025/4018
f 206/4386 37/3729 481/3741
f 818/4308 786/4286 777/4285
f 831/4199 827/4217 824/4157
f 479/4387 488/4339 1245/4220
f 3505/4276 2283/4373 2970/4223
f 1112/4037 2950/4040 3235/4054
f 216/4208 226/4328 217/3649
f 1076/4340 1668/4108 488/4339
f 1028/4036 1214/4031 1010/4033
f 479/4387 480/4365 1094/4325
f 263/4109 1286/4093 3555/3826
f 2565/4248 1636/4378 3389/4246
f 2920/4352 1688/4355 1689/4269
f 3518/4263 3564/4058 3565/4291
f 502/3657 41/3736 42/3737
f 3384/3774 3392/3777 3441/3765
f 43/3738 1706/3619 500/3641
f 485/3739 1692/3740 489/3678
f 38/3673 499/3616 43/3738
f 35/3734 23/3726 24/3730
f 44/3727 23/3726 46/3735
f 489/3678 38/3673 485/3739
f 24/3730 37/3729 35/3734
f 35/3734 37/3729 485/3739
f 47/3732 18/3720 41/3736
f 43/3738 42/3737 44/3727
f 485/3739 38/3673 35/3734
f 510/3677 47/3732 41/3736
f 502/3657 508/3679 41/3736
f 3479/3758 3546/3759 3321/3763
f 2910/3778 2582/3776 1243/3771
f 42/3737 18/3720 44/3727
f 42/3737 43/3738 500/3641
f 489/3678 1692/3740 1678/3733
f 18/3720 42/3737 41/3736
f 47/3732 51/3684 48/3671
f 41/3736 508/3679 510/3677
f 43/3738 44/3727 46/3735
f 1706/3619 43/3738 499/3616
f 566/3781 572/3782 1478/3783
f 1341/3784 1428/3785 3227/3786
f 2971/3787 408/3788 3146/3789
f 2951/3790 1428/3785 3062/3791
f 2917/3792 1046/3793 990/3794
f 1428/3785 2951/3790 564/3795
f 1428/3785 1368/3796 570/3797
f 1368/3796 1428/3785 564/3795
f 1046/3793 2917/3792 570/3797
f 3153/3798 3164/3799 222/3800
f 3164/3799 3146/3789 222/3800
f 208/3801 3146/3789 573/3802
f 3335/3803 570/3797 1368/3796
f 564/3795 565/3804 1367/3805
f 3153/3798 1050/3806 3137/3807
f 221/3808 222/3800 208/3801
f 1018/3809 1367/3805 565/3804
f 990/3794 573/3802 408/3788
f 222/3800 3146/3789 208/3801
f 3137/3807 1050/3806 3196/3810
f 3153/3798 221/3808 1050/3806
f 218/3811 3137/3807 3196/3810
f 1050/3806 221/3808 2974/3812
f 3335/3803 223/3813 1473/3814
f 1018/3809 565/3804 998/3815
f 2974/3812 2969/3816 2994/3817
f 2992/3818 2974/3812 221/3808
f 223/3813 3335/3803 1042/3819
f 1018/3809 998/3815 1051/3820
f 1018/3809 1051/3820 1042/3819
f 2974/3812 2992/3818 2969/3816
f 570/3797 2917/3792 567/3821
f 3203/3822 3196/3810 1048/3823
f 221/3808 3153/3798 222/3800
f 3261/3824 2994/3817 2969/3816
f 1103/3825 3555/3826 218/3811
f 2992/3818 221/3808 1035/3827
f 1051/3820 998/3815 1053/3828
f 1014/3829 1042/3819 1051/3820
f 3261/3824 2969/3816 2992/3818
f 2994/3817 3203/3822 1048/3823
f 1046/3793 3335/3803 1473/3814
f 3196/3810 3203/3822 1103/3825
f 215/3830 2994/3817 3261/3824
f 3275/3831 2992/3818 1035/3827
f 1042/3819 1014/3829 1035/3827
f 1071/3832 1053/3828 998/3815
f 1051/3820 1053/3828 1014/3829
f 3261/3824 2992/3818 3275/3831
f 1035/3827 221/3808 223/3813
f 3203/3822 2994/3817 3010/3833
f 1480/3834 566/3781 1478/3783
f 208/3801 223/3813 221/3808
f 215/3830 1070/3835 2994/3817
f 3555/3826 3010/3833 1065/3836
f 573/3802 1473/3814 208/3801
f 1206/3837 1053/3828 1071/3832
f 3010/3833 2994/3817 1070/3835
f 3058/3710 3033/3714 3028/3697
f 3028/3697 3031/3711 3058/3710
f 3012/3703 3023/3919 3052/4395
f 3052/4395 3021/3704 3012/3703
f 1084/3681 3021/3704 3037/4396
f 1084/3681 3037/4396 3031/3711
f 3052/4395 3023/3919 3051/3912
f 3037/4396 3052/4395 3051/3912
f 3038/4397 3035/3707 3037/4396
f 3071/3708 3035/3707 3038/4397
f 564/3795 2951/3790 565/3804
f 962/4398 3038/4397 3051/3912
f 952/4089 3008/3853 973/4399
f 952/4089 1063/4400 962/4398
f 1150/3852 892/4401 973/4399
f 3071/3708 1063/4400 3064/4402
f 1065/3836 3010/3833 1047/3838
f 3252/3871 892/4401 1150/3852
f 892/4401 3064/4402 973/4399
f 905/3717 3083/3715 3112/4403
f 1015/3839 1013/3840 1014/3829
f 3260/3841 3432/3842 1070/3835
f 3064/4402 892/4401 3112/4403
f 905/3717 3112/4403 3233/4404
f 973/4399 3008/3853 1150/3852
f 573/3802 1046/3793 1473/3814
f 3010/3833 1070/3835 1047/3838
f 986/3843 984/3844 1065/3836
f 1205/3845 1275/3846 1206/3837
f 892/4401 3252/3871 3233/4404
f 1063/4400 952/4089 973/4399
f 1047/3838 986/3843 1065/3836
f 3112/4403 3071/3708 3064/4402
f 1015/3839 3427/3847 1013/3840
f 985/3848 1015/3839 1206/3837
f 3129/3849 1099/3850 1098/3851
f 1098/3851 1150/3852 3008/3853
f 1071/3832 1072/3854 1205/3845
f 1099/3850 3004/3855 1098/3851
f 3083/3715 3071/3708 3112/4403
f 215/3830 3260/3841 1070/3835
f 1047/3838 2996/3856 986/3843
f 3427/3847 1015/3839 985/3848
f 3051/3912 3038/4397 3037/4396
f 3432/3842 2996/3856 1047/3838
f 3035/3707 3031/3711 3037/4396
f 1000/3857 3123/3858 986/3843
f 1098/3851 3004/3855 1150/3852
f 962/4398 3071/3708 3038/4397
f 1022/3859 985/3848 1275/3846
f 3031/3711 3028/3697 1084/3681
f 977/3860 986/3843 2996/3856
f 3293/3861 3427/3847 985/3848
f 3004/3855 1099/3850 1100/3862
f 3233/4404 3112/4403 892/4401
f 952/4089 962/4398 889/3914
f 3432/3842 3293/3861 2996/3856
f 889/3914 962/4398 3051/3912
f 1063/4400 3071/3708 962/4398
f 986/3843 977/3860 1000/3857
f 3021/3704 3052/4395 3037/4396
f 2948/3863 3098/3864 1099/3850
f 1000/3857 3097/3865 2948/3863
f 1100/3862 1099/3850 3098/3864
f 3005/3866 3004/3855 2896/3867
f 1204/3868 1022/3859 3554/3869
f 2996/3856 3293/3861 983/3870
f 3098/3864 2948/3863 3097/3865
f 3008/3853 3129/3849 1098/3851
f 3004/3855 3005/3866 3252/3871
f 3098/3864 2896/3867 1100/3862
f 1046/3793 573/3802 990/3794
f 3097/3865 977/3860 3237/3872
f 3432/3842 3260/3841 3427/3847
f 3064/4402 1063/4400 973/4399
f 3097/3865 2903/3873 3098/3864
f 502/3657 42/3737 500/3641
f 985/3848 1206/3837 1275/3846
f 3005/3866 1078/3874 3252/3871
f 1132/3875 2896/3867 3098/3864
f 1072/3854 1285/3876 1205/3845
f 3103/3877 979/3878 3554/3869
f 1205/3845 1022/3859 1275/3846
f 3465/3879 1204/3868 979/3878
f 38/3673 46/3735 35/3734
f 3465/3879 1149/3880 1204/3868
f 3098/3864 2903/3873 3046/3881
f 1250/3767 1144/3755 1241/3754
f 572/3782 1428/3785 567/3821
f 3010/3833 3555/3826 1103/3825
f 3113/3882 3000/3883 3110/3884
f 2582/3776 3699/3779 1095/3757
f 1014/3829 1013/3840 1035/3827
f 46/3735 38/3673 43/3738
f 3098/3864 3046/3881 1132/3875
f 1147/3885 1078/3874 1132/3875
f 1022/3859 1205/3845 1285/3876
f 3046/3881 2903/3873 3000/3883
f 1749/3662 1758/3674 1754/3685
f 1711/3630 3720/3620 1647/3631
f 3032/3712 3069/3709 933/3716
f 519/3695 9/3691 190/3698
f 3046/3881 3000/3883 3113/3882
f 3207/3886 3000/3883 2903/3873
f 1042/3819 1367/3805 1018/3809
f 1699/3609 1698/3617 1653/3600
f 3127/3887 3113/3882 3117/3888
f 2910/3778 1243/3771 3383/3773
f 2917/3792 1480/3834 1478/3783
f 3062/3791 1428/3785 1341/3784
f 3427/3847 3293/3861 3432/3842
f 3162/3889 3211/3890 3207/3886
f 3293/3861 1149/3880 983/3870
f 3000/3883 3207/3886 3110/3884
f 3114/3891 1134/3892 1176/3893
f 3012/3703 3011/3693 3019/3686
f 1669/3601 1698/3617 38/3673
f 37/3729 36/3728 481/3741
f 3046/3881 1147/3885 1132/3875
f 3207/3886 3211/3890 3430/3894
f 1204/3868 1149/3880 985/3848
f 1690/3742 491/3743 1694/3744
f 3077/3713 3058/3710 933/3716
f 1633/3604 1726/3608 1699/3609
f 3132/3895 1147/3885 3117/3888
f 3110/3884 3120/3896 3117/3888
f 2910/3778 3699/3779 2582/3776
f 1229/3752 3467/3780 897/3762
f 3083/3715 905/3717 3094/3718
f 936/3761 3423/3750 3441/3765
f 281/3690 3021/3704 1084/3681
f 1046/3793 570/3797 3335/3803
f 3123/3858 1000/3857 2948/3863
f 1737/3672 1731/3667 512/3676
f 741/3668 1630/3614 734/3610
f 3250/3897 3465/3879 979/3878
f 933/3716 3083/3715 3094/3718
f 1083/3653 519/3695 2987/3694
f 3021/3704 3011/3693 3012/3703
f 1078/3874 2896/3867 1132/3875
f 1633/3604 1725/3603 1726/3608
f 1755/3665 2988/3645 2513/3654
f 1083/3653 3001/3652 281/3690
f 733/3606 1725/3603 1663/3605
f 489/3678 1669/3601 38/3673
f 2974/3812 2994/3817 1048/3823
f 3069/3709 3071/3708 3083/3715
f 1285/3876 3554/3869 1022/3859
f 3117/3888 3156/3898 3139/3899
f 3156/3898 3120/3896 3125/3900
f 976/3702 1083/3653 2987/3694
f 3260/3841 215/3830 3261/3824
f 499/3616 1699/3609 1666/3615
f 3156/3898 3140/3901 3139/3899
f 3275/3831 1035/3827 1013/3840
f 7/3680 281/3690 1084/3681
f 1134/3892 3174/3902 1176/3893
f 1717/3594 2919/3666 1716/3675
f 288/3682 1084/3681 3028/3697
f 3120/3896 3156/3898 3117/3888
f 1071/3832 1205/3845 1206/3837
f 977/3860 2996/3856 983/3870
f 1732/3659 2988/3645 1755/3665
f 9/3691 281/3690 8/3701
f 281/3690 3011/3693 3021/3704
f 2896/3867 3004/3855 1100/3862
f 3140/3901 3156/3898 1133/3903
f 2917/3792 572/3782 567/3821
f 1050/3806 2974/3812 1048/3823
f 1737/3672 1627/3655 1718/3658
f 3720/3620 3719/3622 741/3668
f 984/3844 3555/3826 1065/3836
f 3001/3652 3019/3686 3011/3693
f 9/3691 49/3670 50/3669
f 3203/3822 3010/3833 1103/3825
f 1626/3634 1652/3621 1711/3630
f 1749/3662 1713/3595 1717/3594
f 7/3680 288/3682 156/3700
f 3058/3710 3032/3712 933/3716
f 1621/3647 1627/3655 1733/3639
f 3125/3900 3120/3896 3430/3894
f 1149/3880 3293/3861 985/3848
f 1628/3596 2919/3666 1717/3594
f 2936/3613 1729/3628 3584/3612
f 1176/3893 1133/3903 3114/3891
f 519/3695 1083/3653 9/3691
f 3125/3900 3114/3891 1133/3903
f 1718/3658 1732/3659 1755/3665
f 3146/3789 408/3788 573/3802
f 3018/3687 514/3699 3017/3688
f 734/3610 733/3606 1305/3607
f 1727/3660 1741/3656 1733/3639
f 3069/3709 3032/3712 3035/3707
f 8/3701 281/3690 7/3680
f 1708/3611 1699/3609 1726/3608
f 3207/3886 3430/3894 3120/3896
f 1726/3608 1725/3603 3584/3612
f 1725/3603 733/3606 2936/3613
f 3335/3803 1367/3805 1042/3819
f 733/3606 734/3610 1630/3614
f 1726/3608 3584/3612 1708/3611
f 1666/3615 1699/3609 1708/3611
f 1699/3609 499/3616 1698/3617
f 1078/3874 1147/3885 3128/3904
f 1677/3745 491/3743 471/3746
f 3127/3887 3046/3881 3113/3882
f 1705/3598 1724/3597 1662/3618
f 1630/3614 2936/3613 733/3606
f 3584/3612 1666/3615 1708/3611
f 3077/3713 933/3716 3094/3718
f 572/3782 566/3781 3227/3786
f 1666/3615 1706/3619 499/3616
f 3250/3897 3103/3877 3430/3894
f 3250/3897 3211/3890 3465/3879
f 3252/3871 1150/3852 3004/3855
f 3720/3620 1652/3621 3719/3622
f 1630/3614 1701/3623 1707/3624
f 1631/3625 3719/3622 1652/3621
f 1707/3624 1701/3623 1709/3626
f 2917/3792 1478/3783 572/3782
f 3465/3879 3162/3889 1149/3880
f 1702/3627 1729/3628 1707/3624
f 1674/3599 1667/3629 1724/3597
f 1702/3627 1706/3619 1729/3628
f 3427/3847 3275/3831 1013/3840
f 3162/3889 3207/3886 3237/3872
f 2936/3613 1630/3614 1707/3624
f 3207/3886 3120/3896 3110/3884
f 3162/3889 3465/3879 3211/3890
f 1711/3630 1647/3631 3561/3632
f 1739/3633 3719/3622 1631/3625
f 1367/3805 3335/3803 1368/3796
f 1626/3634 1751/3635 1631/3625
f 3032/3712 3031/3711 3035/3707
f 1206/3837 1015/3839 1053/3828
f 493/3747 1252/3748 490/3749
f 3250/3897 979/3878 3103/3877
f 3156/3898 3125/3900 1133/3903
f 1149/3880 3237/3872 983/3870
f 1711/3630 1710/3636 1626/3634
f 2971/3787 3146/3789 3164/3799
f 1728/3637 1712/3638 1733/3639
f 1739/3633 1720/3640 3719/3622
f 1701/3623 1720/3640 1709/3626
f 1702/3627 1707/3624 1709/3626
f 3110/3884 3117/3888 3113/3882
f 3260/3841 3261/3824 3275/3831
f 500/3641 1706/3619 1702/3627
f 1014/3829 1053/3828 1015/3839
f 1757/3642 3561/3632 1629/3643
f 567/3821 1428/3785 570/3797
f 3561/3632 1710/3636 1711/3630
f 3250/3897 3430/3894 3211/3890
f 3005/3866 2896/3867 1078/3874
f 3423/3750 3458/3751 1229/3752
f 1757/3642 3583/3644 3561/3632
f 223/3813 208/3801 1473/3814
f 1720/3640 1739/3633 1728/3637
f 3584/3612 1725/3603 2936/3613
f 1757/3642 2988/3645 3583/3644
f 2903/3873 3097/3865 3237/3872
f 3416/3753 1241/3754 1144/3755
f 1703/3646 1709/3626 1720/3640
f 1204/3868 3554/3869 979/3878
f 1739/3633 1712/3638 1728/3637
f 1739/3633 1751/3635 1621/3647
f 1367/3805 1368/3796 564/3795
f 1710/3636 1620/3648 1751/3635
f 3127/3887 3117/3888 1147/3885
f 3390/3756 1095/3757 3416/3753
f 1677/3745 471/3746 493/3747
f 1758/3674 965/3905 1754/3685
f 3016/3906 1759/3907 1761/3908
f 3020/3909 514/3699 1086/3663
f 3048/3910 399/3911 976/3702
f 965/3905 3016/3906 3020/3909
f 3051/3912 3060/3913 889/3914
f 1766/3915 3017/3688 3020/3909
f 2634/3916 1760/3917 3016/3906
f 965/3905 1759/3907 3016/3906
f 3041/3918 3051/3912 3023/3919
f 3049/3920 1762/3692 2517/3921
f 3027/3922 3060/3913 3041/3918
f 965/3905 1086/3663 1754/3685
f 3051/3912 3041/3918 3060/3913
f 3016/3906 2517/3921 1766/3915
f 3016/3906 1766/3915 3020/3909
f 3013/3923 3012/3703 3019/3686
f 3049/3920 2517/3921 1622/3924
f 2513/3654 1761/3908 1759/3907
f 3013/3923 3025/3925 3027/3922
f 3022/3926 3525/3927 3027/3922
f 1766/3915 2517/3921 1764/3689
f 3017/3688 514/3699 3020/3909
f 3027/3922 3025/3925 3022/3926
f 2919/3666 2513/3654 1759/3907
f 3049/3920 3042/3928 3048/3910
f 1761/3908 2634/3916 3016/3906
f 3023/3919 3012/3703 3013/3923
f 3025/3925 3014/3651 399/3911
f 965/3905 1758/3674 1759/3907
f 3063/3929 3022/3926 399/3911
f 3060/3913 3027/3922 3525/3927
f 3023/3919 3013/3923 3041/3918
f 3017/3688 1766/3915 1764/3689
f 2517/3921 1760/3917 1622/3924
f 1758/3674 1716/3675 1759/3907
f 1760/3917 2517/3921 3016/3906
f 3014/3651 3025/3925 3019/3686
f 2987/3694 1762/3692 3048/3910
f 3049/3920 3048/3910 1762/3692
f 3048/3910 3042/3928 399/3911
f 1716/3675 2919/3666 1759/3907
f 3063/3929 399/3911 3042/3928
f 3014/3651 976/3702 399/3911
f 3041/3918 3013/3923 3027/3922
f 3042/3928 3049/3920 3063/3929
f 3025/3925 399/3911 3022/3926
f 2517/3921 1762/3692 1764/3689
f 3020/3909 1086/3663 965/3905
f 3048/3910 976/3702 2987/3694
f 3013/3923 3019/3686 3025/3925
f 1408/3930 785/3931 1246/3932
f 1246/3932 790/3933 1408/3930
f 790/3933 1246/3932 2927/3934
f 1038/3935 785/3931 1408/3930
f 790/3933 2927/3934 935/3936
f 785/3931 1038/3935 795/3937
f 789/3938 1038/3935 790/3933
f 789/3938 790/3933 935/3936
f 708/3939 795/3937 1038/3935
f 1038/3935 789/3938 708/3939
f 1029/3940 789/3938 935/3936
f 1417/3941 915/3942 852/3943
f 3411/3944 3412/3945 3463/3946
f 1029/3940 1030/3947 1360/3948
f 855/3949 989/3950 1247/3951
f 3445/3952 3446/3764 3321/3763
f 915/3942 789/3938 1029/3940
f 708/3939 1417/3941 833/3953
f 1030/3947 1021/3954 1360/3948
f 789/3938 915/3942 1417/3941
f 852/3943 833/3953 1417/3941
f 3383/3773 3463/3946 1672/3955
f 916/3956 3323/3957 3639/3958
f 137/3959 794/3960 852/3943
f 916/3956 1021/3954 3323/3957
f 852/3943 855/3949 137/3959
f 3323/3957 1021/3954 3411/3944
f 797/3961 794/3960 137/3959
f 1029/3940 1360/3948 915/3942
f 3411/3944 1021/3954 3412/3945
f 3446/3764 3445/3952 3463/3946
f 3639/3958 855/3949 915/3942
f 137/3959 1247/3951 1254/3962
f 855/3949 852/3943 915/3942
f 1672/3955 3463/3946 3412/3945
f 855/3949 1247/3951 137/3959
f 1263/3963 3321/3763 1264/3964
f 3445/3952 1263/3963 1253/3965
f 3412/3945 1021/3954 1030/3947
f 3411/3944 3463/3946 3445/3952
f 797/3961 137/3959 1254/3962
f 855/3949 3639/3958 989/3950
f 1253/3965 1263/3963 989/3950
f 1021/3954 916/3956 1360/3948
f 3323/3957 3411/3944 3639/3958
f 3411/3944 3445/3952 1253/3965
f 1247/3951 989/3950 1264/3964
f 833/3953 852/3943 794/3960
f 3446/3764 3463/3946 3383/3773
f 915/3942 916/3956 3639/3958
f 1253/3965 989/3950 3639/3958
f 1408/3930 790/3933 1038/3935
f 3321/3763 1263/3963 3445/3952
f 789/3938 1417/3941 708/3939
f 989/3950 1263/3963 1264/3964
f 3411/3944 1253/3965 3639/3958
f 795/3937 708/3939 833/3953
f 1360/3948 916/3956 915/3942
f 833/3953 794/3960 795/3937
f 1728/3637 1703/3646 1720/3640
f 1701/3623 1630/3614 3719/3622
f 1703/3646 500/3641 1709/3626
f 3479/3758 3423/3750 3546/3759
f 493/3747 490/3749 1677/3745
f 1072/3854 1071/3832 998/3815
f 1088/3760 1677/3745 490/3749
f 3458/3751 3423/3750 936/3761
f 2988/3645 1757/3642 217/3649
f 1662/3618 1663/3605 1633/3604
f 1739/3633 1631/3625 1751/3635
f 2988/3645 2916/3650 3583/3644
f 1705/3598 1662/3618 1640/3602
f 1739/3633 1621/3647 1712/3638
f 1070/3835 3432/3842 1047/3838
f 3128/3904 3252/3871 1078/3874
f 3427/3847 3260/3841 3275/3831
f 1620/3648 1621/3647 1751/3635
f 985/3848 1022/3859 1204/3868
f 3127/3887 1147/3885 3046/3881
f 3162/3889 3237/3872 1149/3880
f 984/3844 986/3843 3123/3858
f 3014/3651 3001/3652 1083/3653
f 2988/3645 217/3649 2513/3654
f 2948/3863 3129/3849 3123/3858
f 1706/3619 1666/3615 1729/3628
f 1620/3648 3583/3644 2916/3650
f 1621/3647 1620/3648 1627/3655
f 1703/3646 1741/3656 502/3657
f 1669/3601 1674/3599 1705/3598
f 1717/3594 1713/3595 1628/3596
f 1620/3648 2916/3650 1627/3655
f 1718/3658 2916/3650 1732/3659
f 3423/3750 897/3762 3546/3759
f 1653/3600 1633/3604 1699/3609
f 1631/3625 1652/3621 1626/3634
f 2916/3650 1718/3658 1627/3655
f 1727/3660 1733/3639 511/3661
f 1000/3857 977/3860 3097/3865
f 1749/3662 1086/3663 504/3664
f 1755/3665 2919/3666 1628/3596
f 1755/3665 2513/3654 2919/3666
f 1035/3827 223/3813 1042/3819
f 1710/3636 3583/3644 1620/3648
f 1755/3665 1731/3667 1718/3658
f 3008/3853 3123/3858 3129/3849
f 1630/3614 741/3668 3719/3622
f 3321/3763 3446/3764 3479/3758
f 50/3669 49/3670 48/3671
f 3237/3872 977/3860 983/3870
f 1737/3672 511/3661 1733/3639
f 38/3673 1698/3617 499/3616
f 3196/3810 1050/3806 1048/3823
f 1718/3658 1731/3667 1737/3672
f 1758/3674 1717/3594 1716/3675
f 3129/3849 2948/3863 1099/3850
f 3479/3758 3441/3765 3423/3750
f 572/3782 3227/3786 1428/3785
f 511/3661 512/3676 510/3677
f 3139/3899 3132/3895 3117/3888
f 218/3811 3196/3810 1103/3825
f 1652/3621 3720/3620 1711/3630
f 2916/3650 2988/3645 1732/3659
f 3207/3886 2903/3873 3237/3872
f 1089/3766 1088/3760 490/3749
f 1674/3599 1669/3601 489/3678
f 1717/3594 1758/3674 1749/3662
f 1727/3660 511/3661 508/3679
f 7/3680 1084/3681 288/3682
f 1250/3767 1240/3768 1109/3769
f 1628/3596 1713/3595 991/3683
f 1698/3617 1669/3601 1653/3600
f 511/3661 510/3677 508/3679
f 1724/3597 1705/3598 1674/3599
f 1628/3596 991/3683 1731/3667
f 1720/3640 1701/3623 3719/3622
f 504/3664 991/3683 1713/3595
f 49/3670 191/3705 52/3966
f 512/3676 1731/3667 991/3683
f 512/3676 991/3683 51/3684
f 18/3720 205/3967 400/3722
f 1749/3662 1754/3685 1086/3663
f 48/3671 52/3966 142/3968
f 49/3670 52/3966 48/3671
f 504/3664 1713/3595 1749/3662
f 1089/3766 1108/3770 1088/3760
f 142/3968 47/3732 48/3671
f 47/3732 205/3967 18/3720
f 1243/3771 3757/3772 3383/3773
f 205/3967 47/3732 142/3968
f 2959/3969 3255/3970 997/3971
f 2955/3972 3255/3970 3534/3973
f 1304/3974 1746/3975 3410/3976
f 3015/3977 2989/3978 505/3979
f 3556/3980 2973/3981 1059/3982
f 3479/3758 3446/3764 3384/3774
f 3423/3750 1229/3752 897/3762
f 1729/3628 1666/3615 3584/3612
f 991/3683 504/3664 51/3684
f 17/3719 18/3720 19/3721
f 3416/3753 1095/3757 1240/3768
f 1702/3627 1709/3626 500/3641
f 3019/3686 3001/3652 3014/3651
f 1252/3748 1089/3766 490/3749
f 3018/3687 3017/3688 1764/3689
f 1083/3653 281/3690 9/3691
f 3479/3758 3384/3774 3441/3765
f 51/3684 504/3664 48/3671
f 1764/3689 1762/3692 3018/3687
f 3215/3983 1178/3984 3170/3985
f 3011/3693 281/3690 3001/3652
f 1109/3769 1144/3755 1250/3767
f 1134/3892 3213/3986 1177/3987
f 3125/3900 3124/3988 3114/3891
f 1653/3600 1669/3601 1640/3602
f 3483/3989 3170/3985 1183/3990
f 1178/3984 3215/3983 1181/3991
f 1727/3660 508/3679 502/3657
f 1725/3603 1633/3604 1663/3605
f 3114/3891 3213/3986 1134/3892
f 3144/3992 3114/3891 3124/3988
f 3124/3988 3125/3900 3144/3992
f 3213/3986 3483/3989 1183/3990
f 2987/3694 519/3695 3018/3687
f 3018/3687 1762/3692 2987/3694
f 3131/3993 3114/3891 3133/3994
f 3213/3986 3114/3891 3131/3993
f 3133/3994 3114/3891 3144/3992
f 3144/3992 3125/3900 3141/3995
f 10/3696 288/3682 3028/3697
f 3131/3993 3133/3994 3265/3996
f 3131/3993 1136/3997 3213/3986
f 3133/3994 3144/3992 1163/3998
f 3125/3900 3430/3894 3141/3995
f 1240/3768 1241/3754 3416/3753
f 1136/3997 1351/3999 3213/3986
f 1351/3999 92/4000 1194/4001
f 504/3664 50/3669 48/3671
f 1151/3775 2582/3776 3390/3756
f 191/3705 49/3670 9/3691
f 3265/3996 3133/3994 1163/3998
f 3141/3995 1152/4002 1167/4003
f 1152/4002 3141/3995 3430/3894
f 92/4000 1482/4004 1194/4001
f 92/4000 1351/3999 1136/3997
f 1143/4005 3265/3996 1163/3998
f 1167/4003 1141/4006 1163/3998
f 1481/4007 1482/4004 92/4000
f 1501/4061 1214/4031 1002/4048
f 3245/4032 1501/4061 1213/4063
f 1002/4048 554/4068 1501/4061
f 3245/4032 1214/4031 1501/4061
f 92/4000 1136/3997 994/4008
f 3103/3877 3142/4009 1152/4002
f 1498/4010 994/4008 1142/4011
f 400/3722 403/3723 18/3720
f 1142/4011 1143/4005 717/4012
f 3554/3869 3142/4009 3103/3877
f 994/4008 85/4013 1481/4007
f 1086/3663 190/3698 504/3664
f 1741/3656 1703/3646 1728/3637
f 1140/4014 717/4012 1143/4005
f 3241/4015 1498/4010 2906/4016
f 3142/4009 3554/3869 1137/4017
f 3241/4015 1025/4018 1498/4010
f 1089/3766 1109/3769 1108/3770
f 3757/3772 3384/3774 3446/3764
f 85/4013 3225/4019 3259/4020
f 514/3699 3018/3687 519/3695
f 1140/4014 2898/4021 717/4012
f 3241/4015 980/4022 1025/4018
f 156/3700 274/3706 8/3701
f 1109/3769 1089/3766 1252/3748
f 1705/3598 1640/3602 1669/3601
f 481/3741 1690/3742 1694/3744
f 3259/4020 3225/4019 3240/4023
f 2898/4021 1140/4014 1284/4024
f 980/4022 2906/4016 1005/4025
f 1284/4024 3554/3869 1285/3876
f 1024/4026 1025/4018 980/4022
f 190/3698 50/3669 504/3664
f 217/3649 1757/3642 1629/3643
f 3225/4019 3189/4027 3240/4023
f 1024/4026 980/4022 1026/4028
f 2898/4021 1284/4024 1005/4025
f 980/4022 1005/4025 1026/4028
f 1004/4029 1284/4024 1285/3876
f 3189/4027 1025/4018 1024/4026
f 39/4030 1214/4031 3245/4032
f 2906/4016 2898/4021 1005/4025
f 3240/4023 3189/4027 1010/4033
f 1026/4028 1027/4034 1024/4026
f 1005/4025 1284/4024 1004/4029
f 1003/4035 1026/4028 1005/4025
f 1285/3876 1072/3854 1004/4029
f 3189/4027 1024/4026 1028/4036
f 1214/4031 39/4030 1010/4033
f 1010/4033 3189/4027 1028/4036
f 1027/4034 1026/4028 1003/4035
f 1004/4029 1003/4035 1005/4025
f 998/3815 1004/4029 1072/3854
f 1003/4035 1112/4037 1027/4034
f 1032/4038 1027/4034 1033/4039
f 1003/4035 1004/4029 2950/4040
f 998/3815 1012/4041 1004/4029
f 1112/4037 1003/4035 2950/4040
f 3542/4042 2946/4043 3573/4044
f 1004/4029 1012/4041 2950/4040
f 565/3804 1012/4041 998/3815
f 1450/4045 3494/4046 2954/4047
f 1028/4036 1033/4039 1002/4048
f 740/4049 745/4050 3040/4051
f 765/4052 2959/3969 766/4053
f 1012/4041 3235/4054 2950/4040
f 3255/3970 2959/3969 765/4052
f 1002/4048 1033/4039 1009/4055
f 1112/4037 3235/4054 1006/4056
f 3585/4057 3564/4058 3263/4059
f 1006/4056 2960/4060 1009/4055
f 1501/4061 3575/4062 1213/4063
f 3105/4064 3255/3970 765/4052
f 3491/4065 2951/3790 3235/4054
f 2960/4060 1039/4066 569/4067
f 554/4068 1009/4055 2960/4060
f 1039/4066 3235/4054 1062/4069
f 3235/4054 1001/4070 1062/4069
f 1152/4002 3430/3894 3103/3877
f 569/4067 1062/4069 1339/4071
f 554/4068 1002/4048 1009/4055
f 3576/4072 3216/4073 3534/3973
f 2984/4074 2923/4075 767/4076
f 3006/4077 3008/3853 3606/4078
f 733/3606 1663/3605 1305/3607
f 3534/3973 3255/3970 3105/4064
f 3486/4079 3192/4080 1203/4081
f 2947/4082 844/4083 842/4084
f 1062/4069 1001/4070 1339/4071
f 1339/4071 1203/4081 569/4067
f 3534/3973 3216/4073 3494/4046
f 3606/4078 2907/4085 3006/4077
f 1001/4070 1341/3784 1339/4071
f 1339/4071 1340/4086 1203/4081
f 403/3723 451/3724 411/3725
f 3486/4079 571/4087 2962/4088
f 1626/3634 1710/3636 1751/3635
f 3006/4077 2907/4085 984/3844
f 952/4089 889/3914 1107/4090
f 2944/4091 3216/4073 2962/4088
f 3225/4019 1025/4018 3189/4027
f 2944/4091 2954/4047 3216/4073
f 2907/4085 1106/4092 1286/4093
f 569/4067 1039/4066 1062/4069
f 3176/4094 3341/4095 1522/4096
f 1106/4092 1107/4090 889/3914
f 3056/4097 889/3914 3060/3913
f 1519/4098 1267/4099 1165/4100
f 1340/4086 3484/4101 571/4087
f 1341/3784 3227/3786 1340/4086
f 3341/4095 2922/4102 1522/4096
f 3484/4101 2295/4103 571/4087
f 2962/4088 1036/4104 2944/4091
f 2898/4021 2906/4016 717/4012
f 2944/4091 1036/4104 2954/4047
f 1498/4010 1025/4018 994/4008
f 1451/4105 3255/3970 1450/4045
f 1641/4106 1656/4107 1668/4108
f 263/4109 2907/4085 1286/4093
f 1106/4092 3556/3980 1286/4093
f 889/3914 3056/4097 1106/4092
f 3227/3786 3484/4101 1340/4086
f 3484/4101 3531/4110 2295/4103
f 2954/4047 1036/4104 1333/4111
f 18/3720 403/3723 411/3725
f 2927/3934 744/4112 1645/4113
f 1286/4093 3556/3980 1059/3982
f 3056/4097 3556/3980 1106/4092
f 3065/4114 3056/4097 3525/3927
f 1036/4104 2963/4115 3536/4116
f 1333/4111 1036/4104 3536/4116
f 1333/4111 1454/4117 1451/4105
f 1331/4118 1274/4119 3603/4120
f 3660/4121 3537/4122 2914/4123
f 2951/3790 3491/4065 565/3804
f 2963/4115 2295/4103 3531/4110
f 2923/4075 996/4124 1451/4105
f 2823/4125 1511/4126 1246/3932
f 2984/4074 2959/3969 997/3971
f 1755/3665 1628/3596 1731/3667
f 274/3706 9/3691 8/3701
f 3056/4097 3065/4114 3556/3980
f 759/4127 995/4128 1274/4119
f 3531/4110 1427/4129 3563/4130
f 2963/4115 3231/4131 3536/4116
f 3536/4116 1454/4117 1333/4111
f 3534/3973 3494/4046 2955/3972
f 1034/4132 3280/4133 865/4134
f 1452/4135 1451/4105 1454/4117
f 2963/4115 3531/4110 3563/4130
f 997/3971 2923/4075 2984/4074
f 1451/4105 1452/4135 2923/4075
f 812/4136 801/4137 2959/3969
f 1642/4138 3542/4042 1650/4139
f 1066/4140 1068/4141 79/4142
f 1707/3624 1729/3628 2936/3613
f 1728/3637 1733/3639 1741/3656
f 218/3811 3555/3826 1059/3982
f 1284/4024 1140/4014 1137/4017
f 3065/4114 3022/3926 3063/3929
f 1427/4129 566/3781 1424/4143
f 1137/4017 3554/3869 1284/4024
f 566/3781 1426/4144 1424/4143
f 156/3700 8/3701 7/3680
f 755/4145 756/4146 753/4147
f 3563/4130 1427/4129 2199/4148
f 1663/3605 1304/3974 1305/3607
f 1454/4117 3536/4116 3230/4149
f 2923/4075 1452/4135 992/4150
f 767/4076 1283/4151 2984/4074
f 2958/4152 2959/3969 1283/4151
f 1027/4034 1112/4037 1033/4039
f 2932/4153 3537/4122 2931/4154
f 3494/4046 3216/4073 2954/4047
f 1031/4155 2631/4156 1030/3947
f 824/4157 812/4136 2959/3969
f 812/4136 824/4157 867/4158
f 1088/3760 1108/3770 1090/4159
f 858/4160 1261/4161 878/4162
f 3022/3926 3065/4114 3525/3927
f 1122/4163 1257/4164 1096/4165
f 3255/3970 2955/3972 3494/4046
f 1059/3982 1061/4166 218/3811
f 1059/3982 2973/3981 214/4167
f 3216/4073 3576/4072 3192/4080
f 1137/4017 1140/4014 3142/4009
f 1424/4143 1426/4144 79/4142
f 3230/4149 3231/4131 2964/4168
f 1622/3924 1760/3917 1624/4169
f 3065/4114 3063/3929 2973/3981
f 764/4170 767/4076 2923/4075
f 1721/4171 1629/3643 3561/3632
f 764/4170 2923/4075 992/4150
f 212/4172 1381/4173 220/4174
f 3745/4175 3044/4176 2990/4177
f 2958/4152 1283/4151 825/4178
f 3431/4179 832/4180 840/4181
f 868/4182 812/4136 867/4158
f 1261/4161 858/4160 3467/3780
f 1426/4144 566/3781 1480/3834
f 3467/3780 3280/4133 897/3762
f 1351/3999 3215/3983 3483/3989
f 3266/4183 1173/4184 3267/4185
f 1109/3769 1240/3768 1108/3770
f 1122/4163 1173/4184 880/4186
f 878/4162 1217/4187 858/4160
f 2973/3981 3063/3929 210/4188
f 1096/4165 1257/4164 3726/4189
f 1480/3834 79/4142 1426/4144
f 1338/4190 2199/4148 1424/4143
f 2199/4148 3527/4191 2964/4168
f 1710/3636 3561/3632 3583/3644
f 2582/3776 1151/3775 1243/3771
f 2964/4168 3482/4192 3230/4149
f 1241/3754 1240/3768 1250/3767
f 992/4150 3230/4149 762/4193
f 764/4170 992/4150 762/4193
f 767/4076 3604/4194 825/4178
f 3657/4195 505/3979 3447/4196
f 3206/4197 3405/4198 1066/4140
f 2958/4152 831/4199 824/4157
f 1152/4002 3142/4009 1167/4003
f 867/4158 1223/4200 868/4182
f 571/4087 1203/4081 1340/4086
f 877/4201 3266/4183 763/4202
f 994/4008 1025/4018 85/4013
f 3255/3970 1451/4105 996/4124
f 897/3762 1034/4132 3546/3759
f 843/4203 842/4084 834/4204
f 1034/4132 897/3762 3280/4133
f 880/4186 1173/4184 3266/4183
f 880/4186 1217/4187 1257/4164
f 212/4172 3153/3798 3137/3807
f 3137/3807 1061/4166 212/4172
f 214/4167 210/4188 1061/4166
f 3063/3929 3168/4205 210/4188
f 3164/3799 3153/3798 213/4206
f 3585/4057 227/4207 216/4208
f 408/3788 3206/4197 990/3794
f 408/3788 2971/3787 3043/4209
f 19/3721 18/3720 411/3725
f 3206/4197 1480/3834 3501/4210
f 826/4211 813/4212 3604/4194
f 3527/4191 2199/4148 1338/4190
f 1343/4213 1338/4190 1424/4143
f 3176/4094 2220/4214 1423/4215
f 3192/4080 3486/4079 3216/4073
f 1001/4070 3062/3791 1341/3784
f 3482/4192 762/4193 3230/4149
f 2958/4152 1519/4098 831/4199
f 830/4216 827/4217 831/4199
f 1223/4200 877/4201 868/4182
f 3215/3983 1351/3999 1181/3991
f 3006/4077 3123/3858 3008/3853
f 1676/4218 1681/4219 1245/4220
f 3056/4097 3060/3913 3525/3927
f 858/4160 899/4221 3280/4133
f 1039/4066 2960/4060 1006/4056
f 211/4222 212/4172 1061/4166
f 2971/3787 2990/4177 3044/4176
f 3164/3799 2990/4177 2971/3787
f 3164/3799 213/4206 220/4174
f 2971/3787 3044/4176 3043/4209
f 3206/4197 408/3788 3043/4209
f 2970/4223 3464/4224 3466/4225
f 1343/4213 2604/4226 1338/4190
f 3482/4192 3527/4191 758/4227
f 830/4216 831/4199 803/4228
f 3573/4044 2946/4043 751/4229
f 3606/4078 952/4089 1107/4090
f 2962/4088 2295/4103 2963/4115
f 2962/4088 3216/4073 3486/4079
f 1427/4129 1424/4143 2199/4148
f 1177/3987 3170/3985 3174/3902
f 762/4193 3482/4192 758/4227
f 3541/4230 1223/4200 3485/4231
f 877/4201 1223/4200 1262/4232
f 1264/3964 3546/3759 3454/4233
f 898/4234 875/4235 880/4186
f 899/4221 880/4186 874/4236
f 1727/3660 502/3657 1741/3656
f 763/4202 868/4182 877/4201
f 1068/4141 1066/4140 1069/4237
f 1069/4237 748/4238 1068/4141
f 3491/4065 1012/4041 565/3804
f 1009/4055 1033/4039 1006/4056
f 212/4172 211/4222 1381/4173
f 3531/4110 3484/4101 1427/4129
f 210/4188 209/4239 211/4222
f 827/4217 830/4216 829/4240
f 3137/3807 218/3811 1061/4166
f 3164/3799 220/4174 2990/4177
f 1393/4241 3527/4191 2604/4226
f 1350/4242 3573/4044 751/4229
f 762/4193 758/4227 761/4243
f 813/4212 826/4211 832/4180
f 3546/3759 1034/4132 3454/4233
f 832/4180 1267/4099 813/4212
f 1519/4098 1165/4100 803/4228
f 803/4228 829/4240 830/4216
f 822/4244 3541/4230 808/4245
f 808/4245 827/4217 829/4240
f 899/4221 858/4160 1217/4187
f 3389/4246 3425/4247 2565/4248
f 1262/4232 875/4235 898/4234
f 1221/4249 3454/4233 1271/4250
f 740/4049 1423/4215 745/4050
f 747/4251 1110/4252 3040/4051
f 865/4134 899/4221 900/4253
f 1640/3602 1662/3618 1633/3604
f 898/4234 877/4201 1262/4232
f 865/4134 856/4254 1271/4250
f 874/4236 880/4186 875/4235
f 1257/4164 1122/4163 880/4186
f 1165/4100 1267/4099 832/4180
f 3049/3920 1623/4255 209/4239
f 1381/4173 211/4222 209/4239
f 3049/3920 1622/3924 1623/4255
f 3514/4256 2970/4223 3466/4225
f 263/4109 984/3844 2907/4085
f 3123/3858 3006/4077 984/3844
f 3464/4224 3044/4176 3744/4257
f 3044/4176 3745/4175 3744/4257
f 2989/3978 3745/4175 2990/4177
f 2990/4177 220/4174 2989/3978
f 3043/4209 3464/4224 2970/4223
f 748/4238 756/4146 749/4258
f 761/4243 840/4181 826/4211
f 3043/4209 3044/4176 3464/4224
f 826/4211 840/4181 832/4180
f 3063/3929 3049/3920 3168/4205
f 1165/4100 815/4259 803/4228
f 831/4199 1519/4098 803/4228
f 3538/4260 3541/4230 822/4244
f 821/4261 822/4244 808/4245
f 816/4262 808/4245 829/4240
f 3015/3977 3518/4263 3204/4264
f 1341/3784 1340/4086 1339/4071
f 1262/4232 3704/4265 875/4235
f 3213/3986 1351/3999 3483/3989
f 3342/4266 738/4267 1647/3631
f 566/3781 1427/4129 3227/3786
f 1676/4218 1668/4108 1667/3629
f 3704/4265 1262/4232 3550/4268
f 1221/4249 1247/3951 1264/3964
f 1689/4269 1316/4270 1642/4138
f 1271/4250 856/4254 1221/4249
f 952/4089 3606/4078 3008/3853
f 3454/4233 865/4134 1271/4250
f 856/4254 865/4134 900/4253
f 2951/3790 1001/4070 3235/4054
f 754/4271 1069/4237 1502/4272
f 1381/4173 3205/4273 220/4174
f 1623/4255 1381/4173 209/4239
f 1622/3924 1624/4169 1623/4255
f 1343/4213 79/4142 1068/4141
f 3176/4094 1423/4215 732/4274
f 813/4212 1519/4098 2958/4152
f 3464/4224 3744/4257 3466/4225
f 2989/3978 3744/4257 3745/4175
f 3553/4275 3405/4198 3505/4276
f 1331/4118 1393/4241 760/4277
f 3576/4072 3105/4064 3575/4062
f 3603/4120 1393/4241 1331/4118
f 762/4193 3604/4194 764/4170
f 840/4181 761/4243 3603/4120
f 1165/4100 832/4180 815/4259
f 862/4278 900/4253 874/4236
f 760/4277 749/4258 756/4146
f 743/4279 1448/4280 742/4281
f 554/4068 3192/4080 1501/4061
f 3538/4260 1224/4282 3541/4230
f 2604/4226 760/4277 1393/4241
f 3538/4260 822/4244 821/4261
f 808/4245 816/4262 821/4261
f 1224/4282 3550/4268 3541/4230
f 3014/3651 1083/3653 976/3702
f 3704/4265 871/4283 875/4235
f 1141/4006 1167/4003 3142/4009
f 2959/3969 2958/4152 824/4157
f 3704/4265 3550/4268 864/4284
f 777/4285 786/4286 845/4287
f 1221/4249 856/4254 1247/3951
f 900/4253 862/4278 856/4254
f 871/4283 862/4278 874/4236
f 3227/3786 1427/4129 3484/4101
f 1502/4272 747/4251 754/4271
f 3230/4149 992/4150 1454/4117
f 2220/4214 1385/4288 746/4289
f 1110/4252 747/4251 1502/4272
f 760/4277 1343/4213 749/4258
f 754/4271 753/4147 756/4146
f 224/4290 3565/4291 3562/4292
f 232/4293 3205/4273 1381/4173
f 1623/4255 230/4294 1381/4173
f 1623/4255 1624/4169 230/4294
f 3235/4054 1039/4066 1006/4056
f 3342/4266 3341/4095 738/4267
f 3466/4225 3744/4257 3318/4295
f 1061/4166 1059/3982 214/4167
f 2989/3978 3205/4273 3447/4196
f 3505/4276 2970/4223 3514/4256
f 1511/4126 2929/4296 3581/4297
f 1343/4213 1068/4141 748/4238
f 3553/4275 3505/4276 3039/4298
f 760/4277 1274/4119 1331/4118
f 1203/4081 3192/4080 554/4068
f 3563/4130 3231/4131 2963/4115
f 1203/4081 554/4068 569/4067
f 759/4127 760/4277 756/4146
f 1247/3951 862/4278 861/4299
f 1066/4140 1502/4272 1069/4237
f 1760/3917 2634/3916 3476/4300
f 840/4181 3603/4120 225/4301
f 2933/4302 3580/4303 1645/4113
f 1069/4237 754/4271 748/4238
f 800/4304 840/4181 225/4301
f 2946/4043 1316/4270 1314/4305
f 759/4127 756/4146 757/4306
f 3106/4307 3105/4064 765/4052
f 800/4304 3431/4179 840/4181
f 815/4259 818/4308 816/4262
f 818/4308 821/4261 816/4262
f 841/4309 845/4287 791/4310
f 3550/4268 1224/4282 864/4284
f 874/4236 875/4235 871/4283
f 871/4283 3704/4265 864/4284
f 1247/3951 856/4254 862/4278
f 3476/4300 2634/3916 1625/4311
f 232/4293 1381/4173 230/4294
f 3491/4065 3235/4054 1012/4041
f 3466/4225 3318/4295 3204/4264
f 3318/4295 3744/4257 3015/3977
f 220/4174 213/4206 212/4172
f 1181/3991 1351/3999 1194/4001
f 759/4127 1274/4119 760/4277
f 2910/3778 1672/3955 2909/4312
f 225/4301 3603/4120 1274/4119
f 1276/4313 821/4261 818/4308
f 864/4284 1224/4282 866/4314
f 864/4284 861/4299 871/4283
f 3390/3756 2582/3776 1095/3757
f 2585/4315 2927/3934 1644/4316
f 3476/4300 1625/4311 3475/4317
f 1141/4006 1143/4005 1163/3998
f 228/4318 230/4294 3475/4317
f 3514/4256 3533/4319 3039/4298
f 755/4145 784/4320 752/4321
f 225/4301 1274/4119 843/4203
f 814/4322 3431/4179 834/4204
f 866/4314 1224/4282 1276/4313
f 777/4285 1276/4313 818/4308
f 739/4323 742/4281 1304/3974
f 1262/4232 1223/4200 3541/4230
f 3144/3992 3141/3995 1167/4003
f 230/4294 228/4318 231/4324
f 1090/4159 1094/4325 1088/3760
f 3412/3945 1639/4326 1672/3955
f 219/4327 3657/4195 232/4293
f 226/4328 216/4208 227/4207
f 2860/4329 2631/4156 1654/4330
f 1080/4331 3254/4332 712/4333
f 231/4324 219/4327 232/4293
f 1639/4326 726/4334 750/4335
f 1624/4169 3475/4317 230/4294
f 500/3641 1703/3646 502/3657
f 746/4289 1516/4336 1650/4139
f 758/4227 3527/4191 1393/4241
f 3035/3707 3071/3708 3069/3709
f 2911/4337 2914/4123 1646/4338
f 3015/3977 505/3979 3518/4263
f 3467/3780 858/4160 3280/4133
f 505/3979 3657/4195 3263/4059
f 488/4339 712/4333 1076/4340
f 1074/4341 3409/4342 1076/4340
f 3533/4319 3040/4051 3039/4298
f 1350/4242 752/4321 784/4320
f 842/4084 844/4083 834/4204
f 3058/3710 3031/3711 3032/3712
f 786/4286 814/4322 834/4204
f 866/4314 802/4343 861/4299
f 3254/4332 1635/4344 712/4333
f 1625/4311 2513/3654 217/3649
f 1032/4038 1028/4036 1024/4026
f 826/4211 3604/4194 761/4243
f 3657/4195 219/4327 3263/4059
f 3409/4342 1641/4106 1076/4340
f 3565/4291 3204/4264 3518/4263
f 3170/3985 1177/3987 1183/3990
f 2929/4296 1413/4345 3543/4346
f 753/4147 754/4271 747/4251
f 898/4234 880/4186 3266/4183
f 1625/4311 1761/3908 2513/3654
f 865/4134 3454/4233 1034/4132
f 1672/3955 1639/4326 3425/4247
f 3518/4263 505/3979 3263/4059
f 2964/4168 3563/4130 2199/4148
f 1663/3605 1656/4107 1304/3974
f 3077/3713 3033/3714 3058/3710
f 3699/3779 1104/4347 1095/3757
f 3040/4051 3533/4319 224/4290
f 1650/4139 2925/4348 705/4349
f 481/3741 1694/3744 1679/4350
f 1420/4351 1522/4096 2920/4352
f 752/4321 1350/4242 751/4229
f 843/4203 2947/4082 842/4084
f 744/4112 2933/4302 1645/4113
f 3062/3791 1001/4070 2951/3790
f 1283/4151 2959/3969 2984/4074
f 751/4229 843/4203 995/4128
f 815/4259 3431/4179 814/4322
f 1059/3982 3555/3826 1286/4093
f 786/4286 834/4204 844/4083
f 841/4309 791/4310 788/4353
f 1225/4354 797/3961 1254/3962
f 2604/4226 1343/4213 760/4277
f 1688/4355 1413/4345 2824/4356
f 1643/4357 3627/4358 1634/4359
f 742/4281 477/4360 743/4279
f 745/4050 705/4349 3040/4051
f 3580/4303 3581/4297 1643/4357
f 1733/3639 1627/3655 1737/3672
f 1676/4218 1245/4220 488/4339
f 226/4328 1625/4311 217/3649
f 758/4227 3603/4120 761/4243
f 211/4222 1061/4166 210/4188
f 1634/4359 3627/4358 739/4323
f 227/4207 3263/4059 219/4327
f 1240/3768 1095/3757 1097/4361
f 3483/3989 3215/3983 3170/3985
f 845/4287 841/4309 682/4362
f 3559/4363 3585/4057 1651/4364
f 2927/3934 1031/4155 935/3936
f 227/4207 219/4327 231/4324
f 23/3726 44/3727 17/3719
f 480/4365 1245/4220 1683/4366
f 707/4367 794/3960 793/4368
f 740/4049 3040/4051 224/4290
f 2947/4082 843/4203 751/4229
f 849/4369 844/4083 850/4370
f 3409/4342 1746/3975 1641/4106
f 682/4362 1225/4354 802/4343
f 797/3961 1225/4354 682/4362
f 1639/4326 2565/4248 3425/4247
f 866/4314 861/4299 864/4284
f 477/4360 739/4323 3627/4358
f 3660/4121 2931/4154 3537/4122
f 2935/4371 3581/4297 2931/4154
f 705/4349 745/4050 746/4289
f 861/4299 862/4278 871/4283
f 844/4083 2947/4082 850/4370
f 3562/4292 3565/4291 3564/4058
f 1214/4031 1028/4036 1002/4048
f 3425/4247 2909/4312 1672/3955
f 705/4349 2925/4348 993/4372
f 3562/4292 740/4049 224/4290
f 1142/4011 1136/3997 3265/3996
f 3431/4179 800/4304 834/4204
f 2283/4373 3405/4198 3206/4197
f 1163/3998 3144/3992 1167/4003
f 231/4324 232/4293 230/4294
f 3431/4179 815/4259 832/4180
f 866/4314 777/4285 802/4343
f 1106/4092 3606/4078 1107/4090
f 3726/4189 1217/4187 878/4162
f 792/4374 849/4369 850/4370
f 834/4204 800/4304 843/4203
f 844/4083 849/4369 845/4287
f 484/4375 1682/4376 3408/4377
f 849/4369 1314/4305 791/4310
f 2933/4302 1511/4126 3580/4303
f 745/4050 2220/4214 746/4289
f 814/4322 786/4286 818/4308
f 3204/4264 3533/4319 3514/4256
f 51/3684 510/3677 512/3676
f 726/4334 2860/4329 750/4335
f 2973/3981 210/4188 214/4167
f 2923/4075 997/3971 996/4124
f 217/3649 1629/3643 216/4208
f 1642/4138 1650/4139 1516/4336
f 1283/4151 767/4076 825/4178
f 3533/4319 3204/4264 3565/4291
f 815/4259 816/4262 829/4240
f 993/4372 3040/4051 705/4349
f 2947/4082 2946/4043 792/4374
f 825/4178 3604/4194 813/4212
f 1636/4378 750/4335 1102/4379
f 827/4217 867/4158 824/4157
f 792/4374 1314/4305 849/4369
f 1254/3962 861/4299 1225/4354
f 791/4310 845/4287 849/4369
f 1074/4341 1654/4330 3409/4342
f 682/4362 793/4368 794/3960
f 2964/4168 3231/4131 3563/4130
f 1629/3643 1721/4171 216/4208
f 1498/4010 1142/4011 717/4012
f 3485/4231 808/4245 3541/4230
f 3043/4209 2283/4373 3206/4197
f 735/4380 736/4381 1423/4215
f 1516/4336 1420/4351 1689/4269
f 1258/4382 1350/4242 784/4320
f 3604/4194 767/4076 764/4170
f 2631/4156 2860/4329 726/4334
f 3559/4363 3539/4383 3562/4292
f 1522/4096 1385/4288 2220/4214
f 3585/4057 3559/4363 3564/4058
f 2925/4348 1258/4382 784/4320
f 802/4343 777/4285 845/4287
f 1420/4351 1516/4336 1385/4288
f 1689/4269 1642/4138 1516/4336
f 814/4322 818/4308 815/4259
f 1316/4270 3542/4042 1642/4138
f 1274/4119 995/4128 843/4203
f 2946/4043 1314/4305 792/4374
f 2283/4373 3505/4276 3405/4198
f 732/4274 1423/4215 736/4381
f 1659/4384 3585/4057 1721/4171
f 3447/4196 232/4293 3657/4195
f 36/3728 37/3729 24/3730
f 1651/4364 3585/4057 1659/4384
f 766/4053 3106/4307 765/4052
f 92/4000 994/4008 1481/4007
f 758/4227 1393/4241 3603/4120
f 3539/4383 3559/4363 1651/4364
f 263/4109 3555/3826 984/3844
f 3105/4064 3106/4307 3575/4062
f 1300/4385 2824/4356 785/3931
f 1522/4096 2220/4214 3176/4094
f 2412/4405 3106/4307 766/4053
f 1688/4355 2920/4352 2932/4153
f 3604/4194 762/4193 761/4243
f 206/4386 1679/4350 1682/4376
f 1300/4385 1688/4355 2824/4356
f 3476/4300 1624/4169 1760/3917
f 794/3960 707/4367 795/3937
f 488/4339 479/4387 1105/4388
f 1080/4331 1101/4389 3254/4332
f 3104/4406 3575/4062 3106/4307
f 793/4368 682/4362 841/4309
f 750/4335 3254/4332 1102/4379
f 3561/3632 1659/4384 1721/4171
f 1651/4364 1659/4384 737/4390
f 3536/4116 3231/4131 3230/4149
f 3539/4383 1651/4364 730/4391
f 190/3698 514/3699 519/3695
f 1522/4096 2922/4102 2920/4352
f 1300/4385 1316/4270 1689/4269
f 861/4299 802/4343 1225/4354
f 3425/4247 3389/4246 2909/4312
f 788/4353 707/4367 841/4309
f 1217/4187 880/4186 899/4221
f 785/3931 795/3937 707/4367
f 3341/4095 3176/4094 732/4274
f 737/4390 1659/4384 3561/3632
f 1511/4126 2823/4125 2929/4296
f 3581/4297 743/4279 3627/4358
f 785/3931 707/4367 788/4353
f 730/4391 737/4390 738/4267
f 3341/4095 3342/4266 2922/4102
f 1385/4288 1516/4336 746/4289
f 788/4353 1300/4385 785/3931
f 1621/3647 1733/3639 1712/3638
f 821/4261 1224/4282 3538/4260
f 1086/3663 514/3699 190/3698
f 827/4217 1223/4200 867/4158
f 2412/4405 3104/4406 3106/4307
f 812/4136 3472/4394 801/4137
f 2959/3969 2412/4405 766/4053
f 3660/4121 2935/4371 2931/4154
f 730/4391 732/4274 735/4380
f 2929/4296 2824/4356 1413/4345
f 1088/3760 480/4365 1677/3745
f 1647/3631 1448/4280 1646/4338
f 3255/3970 3494/4046 1450/4045
f 1122/4163 1093/4407 1173/4184
f 1093/4407 3726/4189 3267/4185
f 3472/4394 3473/4408 3474/4409
f 755/4145 2925/4348 784/4320
f 3192/4080 3576/4072 1501/4061
f 995/4128 759/4127 752/4321
f 3267/4185 3472/4394 763/4202
f 1522/4096 1420/4351 1385/4288
f 44/3727 18/3720 17/3719
f 1682/4376 484/4375 206/4386
f 2970/4223 2283/4373 3043/4209
f 3472/4394 1060/4410 2412/4405
f 1670/4392 1679/4350 1694/3744
f 3472/4394 3474/4409 1060/4410
f 2412/4405 2959/3969 801/4137
f 1033/4039 1028/4036 1032/4038
f 868/4182 763/4202 3472/4394
f 1173/4184 1093/4407 3267/4185
f 3472/4394 2412/4405 801/4137
f 3267/4185 3726/4189 3473/4408
f 2914/4123 3342/4266 1646/4338
f 730/4391 735/4380 3539/4383
f 3660/4121 2911/4337 2935/4371
f 477/4360 742/4281 739/4323
f 2931/4154 3543/4346 2932/4153
f 2932/4153 3543/4346 1413/4345
f 1095/3757 1104/4347 1097/4361
f 3472/4394 3267/4185 3473/4408
f 1672/3955 2910/3778 3383/3773
f 2823/4125 785/3931 2824/4356
f 1122/4163 3726/4189 1093/4407
f 2860/4329 1654/4330 1635/4344
f 1502/4272 3553/4275 1110/4252
f 735/4380 740/4049 3539/4383
f 3757/3772 1243/3771 3392/3777
f 2954/4047 1333/4111 1450/4045
f 1104/4347 1101/4389 928/4393
f 785/3931 2823/4125 1246/3932
f 3543/4346 2931/4154 3581/4297
f 1122/4163 1096/4165 3726/4189
f 712/4333 488/4339 1080/4331
f 1101/4389 1105/4388 928/4393
f 3562/4292 3564/4058 3559/4363
