# https://github.com/mikedh/trimesh
v -0.02604624 -0.00367458 0.03001493 0.38039216 0.78823529 0.52549020
v -0.02587646 -0.00449462 0.03001493 0.38039216 0.78823529 0.52549020
v -0.02587132 -0.00449462 0.03065105 0.38039216 0.78823529 0.52549020
v -0.02578900 -0.00203975 0.03800546 0.38039216 0.78823529 0.52549020
v -0.02586617 -0.00122497 0.03800546 0.38039216 0.78823529 0.52549020
v -0.02586103 -0.00040493 0.03800546 0.38039216 0.78823529 0.52549020
v -0.02581987 0.00367425 0.03800546 0.38039216 0.78823529 0.52549020
v -0.02576328 0.00449429 0.03800546 0.38039216 0.78823529 0.52549020
v -0.02537743 0.00186595 0.03001493 0.38039216 0.78823529 0.52549020
v -0.02561922 -0.00530940 0.03146846 0.38039216 0.78823529 0.52549020
v -0.02418385 -0.00939909 0.03001493 0.38039216 0.78823529 0.52549020
v -0.02443594 -0.00873149 0.03065105 0.38039216 0.78823529 0.52549020
v -0.02478578 -0.00776427 0.03146846 0.38039216 0.78823529 0.52549020
v -0.02508418 -0.00694423 0.03228586 0.38039216 0.78823529 0.52549020
v -0.02557292 -0.00530940 0.03228586 0.38039216 0.78823529 0.52549020
v -0.02580958 -0.00449462 0.03146846 0.38039216 0.78823529 0.52549020
v -0.02486810 -0.00530940 0.03800546 0.38039216 0.78823529 0.52549020
v -0.02471375 -0.00537248 0.03888439 0.38039216 0.78823529 0.52549020
v -0.02496585 -0.00449462 0.03882286 0.38039216 0.78823529 0.52549020
v -0.02544430 -0.00267055 0.03861302 0.38039216 0.78823529 0.52549020
v -0.02549575 -0.00199244 0.03886021 0.38039216 0.78823529 0.52549020
v -0.02560893 -0.00122497 0.03882286 0.38039216 0.78823529 0.52549020
v -0.02454912 -0.00823737 0.03447658 0.38039216 0.78823529 0.52549020
v -0.02557807 0.00449429 0.03882286 0.38039216 0.78823529 0.52549020
v -0.02536199 0.00587679 0.03851963 0.38039216 0.78823529 0.52549020
v -0.02523337 0.00694390 0.03800546 0.38039216 0.78823529 0.52549020
v -0.02517163 0.00694390 0.03718806 0.38039216 0.78823529 0.52549020
v -0.02477034 0.00549306 0.03001493 0.38039216 0.78823529 0.52549020
v -0.02480122 0.00530907 0.03001493 0.38039216 0.78823529 0.52549020
v -0.02527967 -0.00635022 0.03228586 0.38039216 0.78823529 0.52549020
v -0.02540315 -0.00594020 0.03228586 0.38039216 0.78823529 0.52549020
v -0.02394204 -0.01001938 0.03001493 0.38039216 0.78823529 0.52549020
v -0.02420443 -0.00939909 0.03065105 0.38039216 0.78823529 0.52549020
v -0.02444108 -0.00876303 0.03146846 0.38039216 0.78823529 0.52549020
v -0.02479607 -0.00776427 0.03228586 0.38039216 0.78823529 0.52549020
v -0.02478578 -0.00776427 0.03310326 0.38039216 0.78823529 0.52549020
v -0.02371568 -0.00904690 0.03849986 0.38039216 0.78823529 0.52549020
v -0.02460571 -0.00514645 0.03937439 0.38039216 0.78823529 0.52549020
v -0.02356134 -0.00935178 0.03879210 0.38039216 0.78823529 0.52549020
v -0.02365908 -0.00879983 0.03904479 0.38039216 0.78823529 0.52549020
v -0.02534655 -0.00168230 0.03924365 0.38039216 0.78823529 0.52549020
v -0.02468803 -0.00449462 0.03946777 0.38039216 0.78823529 0.52549020
v -0.02537228 -0.00122497 0.03927661 0.38039216 0.78823529 0.52549020
v -0.02537228 -0.00060994 0.03927990 0.38039216 0.78823529 0.52549020
v -0.02536714 0.00393183 0.03926122 0.38039216 0.78823529 0.52549020
v -0.02504302 -0.00694423 0.03310326 0.38039216 0.78823529 0.52549020
v -0.02473433 -0.00776427 0.03392066 0.38039216 0.78823529 0.52549020
v -0.02456970 -0.00828993 0.03392066 0.38039216 0.78823529 0.52549020
v -0.02438449 -0.00869470 0.03392066 0.38039216 0.78823529 0.52549020
v -0.02335555 -0.01021388 0.03800546 0.38039216 0.78823529 0.52549020
v -0.02535685 0.00449429 0.03925463 0.38039216 0.78823529 0.52549020
v -0.02533626 0.00490431 0.03923266 0.38039216 0.78823529 0.52549020
v -0.02542887 0.00523022 0.03880418 0.38039216 0.78823529 0.52549020
v -0.02517678 0.00613963 0.03880418 0.38039216 0.78823529 0.52549020
v -0.02371568 0.01146989 0.03843284 0.38039216 0.78823529 0.52549020
v -0.02373111 0.01152771 0.03800546 0.38039216 0.78823529 0.52549020
v -0.02373111 0.01152771 0.03744954 0.38039216 0.78823529 0.52549020
v -0.02496070 0.00776394 0.03718806 0.38039216 0.78823529 0.52549020
v -0.02459028 0.00627104 0.03001493 0.38039216 0.78823529 0.52549020
v -0.02387002 -0.01019285 0.03001493 0.38039216 0.78823529 0.52549020
v -0.02387516 -0.01019285 0.03065105 0.38039216 0.78823529 0.52549020
v -0.02418899 -0.00939909 0.03146846 0.38039216 0.78823529 0.52549020
v -0.02443080 -0.00875778 0.03228586 0.38039216 0.78823529 0.52549020
v -0.02458514 -0.00834776 0.03228586 0.38039216 0.78823529 0.52549020
v -0.02431761 -0.00537248 0.03964465 0.38039216 0.78823529 0.52549020
v -0.02371568 -0.00825314 0.03925353 0.38039216 0.78823529 0.52549020
v -0.02312403 -0.00934653 0.03966992 0.38039216 0.78823529 0.52549020
v -0.02291310 -0.00904690 0.04006544 0.38039216 0.78823529 0.52549020
v -0.02320635 -0.01021388 0.03882286 0.38039216 0.78823529 0.52549020
v -0.02288223 -0.01062390 0.03923376 0.38039216 0.78823529 0.52549020
v -0.02299027 -0.01021388 0.03937219 0.38039216 0.78823529 0.52549020
v -0.02433304 -0.00449462 0.03987647 0.38039216 0.78823529 0.52549020
v -0.02392147 -0.00449462 0.04020057 0.38039216 0.78823529 0.52549020
v -0.02433819 0.00040460 0.03994459 0.38039216 0.78823529 0.52549020
v -0.02432275 0.00122464 0.03994678 0.38039216 0.78823529 0.52549020
v -0.02492469 0.00449429 0.03952270 0.38039216 0.78823529 0.52549020
v -0.02415298 -0.00939909 0.03228586 0.38039216 0.78823529 0.52549020
v -0.02385973 -0.01014554 0.03146846 0.38039216 0.78823529 0.52549020
v -0.02411182 -0.00939909 0.03310326 0.38039216 0.78823529 0.52549020
v -0.02405523 -0.00939909 0.03392066 0.38039216 0.78823529 0.52549020
v -0.02285136 -0.01219038 0.03228586 0.38039216 0.78823529 0.52549020
v -0.02271760 -0.01259515 0.03145967 0.38039216 0.78823529 0.52549020
v -0.02227515 -0.01343096 0.03146846 0.38039216 0.78823529 0.52549020
v -0.02302629 -0.01083416 0.03800546 0.38039216 0.78823529 0.52549020
v -0.02378256 -0.00997207 0.03392066 0.38039216 0.78823529 0.52549020
v -0.02496585 0.00523022 0.03941723 0.38039216 0.78823529 0.52549020
v -0.02474462 0.00612911 0.03937768 0.38039216 0.78823529 0.52549020
v -0.02462115 0.00675991 0.03929748 0.38039216 0.78823529 0.52549020
v -0.02526424 0.00545100 0.03906456 0.38039216 0.78823529 0.52549020
v -0.02330925 0.01178529 0.03868773 0.38039216 0.78823529 0.52549020
v -0.02301600 0.01266841 0.03857017 0.38039216 0.78823529 0.52549020
v -0.02289252 0.01308369 0.03842295 0.38039216 0.78823529 0.52549020
v -0.02296969 0.01325716 0.03800546 0.38039216 0.78823529 0.52549020
v -0.02324751 0.01266841 0.03800546 0.38039216 0.78823529 0.52549020
v -0.02357163 0.01193773 0.03800546 0.38039216 0.78823529 0.52549020
v -0.02296455 0.01324665 0.03718806 0.38039216 0.78823529 0.52549020
v -0.02321149 0.01266841 0.03718806 0.38039216 0.78823529 0.52549020
v -0.02371053 0.01064459 0.03428102 0.38039216 0.78823529 0.52549020
v -0.02392147 0.01021355 0.03473696 0.38039216 0.78823529 0.52549020
v -0.02421471 0.00939876 0.03473696 0.38039216 0.78823529 0.52549020
v -0.02453369 0.00903080 0.03664203 0.38039216 0.78823529 0.52549020
v -0.02451825 0.00654439 0.03001493 0.38039216 0.78823529 0.52549020
v -0.02382886 -0.01028747 0.03001493 0.38039216 0.78823529 0.52549020
v -0.02368995 -0.01060287 0.03001493 0.38039216 0.78823529 0.52549020
v -0.02354076 -0.01093404 0.03001493 0.38039216 0.78823529 0.52549020
v -0.02368995 -0.01060287 0.03065105 0.38039216 0.78823529 0.52549020
v -0.02377227 -0.00592969 0.04010609 0.38039216 0.78823529 0.52549020
v -0.02045907 -0.01313658 0.04006764 0.38039216 0.78823529 0.52549020
v -0.02002176 -0.01266874 0.04033131 0.38039216 0.78823529 0.52549020
v -0.01920375 -0.01266874 0.04059499 0.38039216 0.78823529 0.52549020
v -0.02247580 -0.00612944 0.04059829 0.38039216 0.78823529 0.52549020
v -0.02247580 -0.00530940 0.04070925 0.38039216 0.78823529 0.52549020
v -0.02329381 -0.00530940 0.04044448 0.38039216 0.78823529 0.52549020
v -0.02386488 -0.00530940 0.04016981 0.38039216 0.78823529 0.52549020
v -0.02293882 -0.01071326 0.03882286 0.38039216 0.78823529 0.52549020
v -0.02043334 -0.01471884 0.03923705 0.38039216 0.78823529 0.52549020
v -0.02329381 -0.00449462 0.04048732 0.38039216 0.78823529 0.52549020
v -0.02392661 0.00040460 0.04016762 0.38039216 0.78823529 0.52549020
v -0.02391632 0.00122464 0.04015443 0.38039216 0.78823529 0.52549020
v -0.02411697 0.00449429 0.03990833 0.38039216 0.78823529 0.52549020
v -0.02403465 0.00524599 0.03988966 0.38039216 0.78823529 0.52549020
v -0.02294397 0.00837897 0.04009291 0.38039216 0.78823529 0.52549020
v -0.02289252 -0.01227449 0.03118281 0.38039216 0.78823529 0.52549020
v -0.02271245 -0.01271079 0.03065105 0.38039216 0.78823529 0.52549020
v -0.02226486 -0.01355712 0.03068072 0.38039216 0.78823529 0.52549020
v -0.02205908 -0.01388303 0.03097296 0.38039216 0.78823529 0.52549020
v -0.02203335 -0.01383572 0.03146846 0.38039216 0.78823529 0.52549020
v -0.02198191 -0.01374636 0.03228586 0.38039216 0.78823529 0.52549020
v -0.02285136 0.00892041 0.04003248 0.38039216 0.78823529 0.52549020
v -0.02279992 0.01131745 0.03919860 0.38039216 0.78823529 0.52549020
v -0.02009379 0.01273149 0.04040492 0.38039216 0.78823529 0.52549020
v -0.01985199 0.01348320 0.04026100 0.38039216 0.78823529 0.52549020
v -0.01704297 0.01780418 0.03997865 0.38039216 0.78823529 0.52549020
v -0.01794844 0.01793560 0.03919640 0.38039216 0.78823529 0.52549020
v -0.02135940 0.01564894 0.03768136 0.38039216 0.78823529 0.52549020
v -0.02276905 0.01365667 0.03718806 0.38039216 0.78823529 0.52549020
v -0.02141599 0.01570677 0.03718806 0.38039216 0.78823529 0.52549020
v -0.02186358 0.01504443 0.03716828 0.38039216 0.78823529 0.52549020
v -0.02292854 0.01233724 0.03410853 0.38039216 0.78823529 0.52549020
v -0.02308288 0.01191671 0.03387012 0.38039216 0.78823529 0.52549020
v -0.02381857 0.01023457 0.03397339 0.38039216 0.78823529 0.52549020
v -0.02279992 0.01117552 0.03001493 0.38039216 0.78823529 0.52549020
v -0.02410667 0.00939876 0.03392066 0.38039216 0.78823529 0.52549020
v -0.02447710 0.00668106 0.03001493 0.38039216 0.78823529 0.52549020
v -0.02349445 -0.01103392 0.03001493 0.38039216 0.78823529 0.52549020
v -0.02311374 -0.01184870 0.03065105 0.38039216 0.78823529 0.52549020
v -0.02000119 -0.01343622 0.04015223 0.38039216 0.78823529 0.52549020
v -0.01920375 -0.01348352 0.04042250 0.38039216 0.78823529 0.52549020
v -0.02025842 -0.01367802 0.03995558 0.38039216 0.78823529 0.52549020
v -0.01949700 -0.01456640 0.04000062 0.38039216 0.78823529 0.52549020
v -0.01971308 -0.01401971 0.04008851 0.38039216 0.78823529 0.52549020
v -0.01843719 -0.01514989 0.04024562 0.38039216 0.78823529 0.52549020
v -0.01838574 -0.01266874 0.04075210 0.38039216 0.78823529 0.52549020
v -0.01920375 -0.01184870 0.04068728 0.38039216 0.78823529 0.52549020
v -0.02187901 -0.00530940 0.04084329 0.38039216 0.78823529 0.52549020
v -0.01838574 -0.01429831 0.04048952 0.38039216 0.78823529 0.52549020
v -0.01756773 -0.01511835 0.04054995 0.38039216 0.78823529 0.52549020
v -0.01838574 -0.01348352 0.04064993 0.38039216 0.78823529 0.52549020
v -0.02247580 -0.00449462 0.04072683 0.38039216 0.78823529 0.52549020
v -0.02018640 -0.01513938 0.03882286 0.38039216 0.78823529 0.52549020
v -0.01977996 -0.01570184 0.03882286 0.38039216 0.78823529 0.52549020
v -0.01968736 -0.01557568 0.03928869 0.38039216 0.78823529 0.52549020
v -0.01998575 -0.01503950 0.03940295 0.38039216 0.78823529 0.52549020
v -0.02247580 0.00040460 0.04067849 0.38039216 0.78823529 0.52549020
v -0.02329381 0.00040460 0.04043459 0.38039216 0.78823529 0.52549020
v -0.02247580 0.00530907 0.04060708 0.38039216 0.78823529 0.52549020
v -0.02334011 0.00524599 0.04021156 0.38039216 0.78823529 0.52549020
v -0.02247580 0.00776394 0.04033351 0.38039216 0.78823529 0.52549020
v -0.02253754 0.00862078 0.04021266 0.38039216 0.78823529 0.52549020
v -0.01936324 0.01266841 0.04081253 0.38039216 0.78823529 0.52549020
v -0.02286165 -0.01239539 0.03001493 0.38039216 0.78823529 0.52549020
v -0.02271245 -0.01271079 0.03001493 0.38039216 0.78823529 0.52549020
v -0.02240892 -0.01331005 0.03001493 0.38039216 0.78823529 0.52549020
v -0.02207966 -0.01390931 0.03042803 0.38039216 0.78823529 0.52549020
v -0.02183271 -0.01422997 0.03068072 0.38039216 0.78823529 0.52549020
v -0.02136968 -0.01487654 0.03065105 0.38039216 0.78823529 0.52549020
v -0.02132852 -0.01481872 0.03146846 0.38039216 0.78823529 0.52549020
v -0.02170409 -0.01429831 0.03146846 0.38039216 0.78823529 0.52549020
v -0.01914716 0.01341486 0.04066860 0.38039216 0.78823529 0.52549020
v -0.01649763 0.01811432 0.04011708 0.38039216 0.78823529 0.52549020
v -0.01619923 0.01866102 0.03994569 0.38039216 0.78823529 0.52549020
v -0.01740310 0.01819843 0.03943371 0.38039216 0.78823529 0.52549020
v -0.01709442 0.01873987 0.03916015 0.38039216 0.78823529 0.52549020
v -0.01763976 0.01844549 0.03890636 0.38039216 0.78823529 0.52549020
v -0.01787127 0.01869781 0.03825266 0.38039216 0.78823529 0.52549020
v -0.01888478 0.01806701 0.03769234 0.38039216 0.78823529 0.52549020
v -0.01895681 0.01812484 0.03718806 0.38039216 0.78823529 0.52549020
v -0.02134910 0.01409297 0.03001493 0.38039216 0.78823529 0.52549020
v -0.02250152 0.01184837 0.03001493 0.38039216 0.78823529 0.52549020
v -0.02206937 0.01471851 0.03676178 0.38039216 0.78823529 0.52549020
v -0.02112788 0.01450299 0.03001493 0.38039216 0.78823529 0.52549020
v -0.01984170 0.01738890 0.03637066 0.38039216 0.78823529 0.52549020
v -0.01983141 0.01738890 0.03555436 0.38039216 0.78823529 0.52549020
v -0.02024299 0.01691055 0.03555436 0.38039216 0.78823529 0.52549020
v -0.02048993 0.01642693 0.03473696 0.38039216 0.78823529 0.52549020
v -0.02068029 0.01516533 0.03001493 0.38039216 0.78823529 0.52549020
v -0.02403465 0.00792164 0.03001493 0.38039216 0.78823529 0.52549020
v -0.02409124 0.00776394 0.03001493 0.38039216 0.78823529 0.52549020
v -0.02000119 -0.01429831 0.03980396 0.38039216 0.78823529 0.52549020
v -0.01921404 -0.01514989 0.03986878 0.38039216 0.78823529 0.52549020
v -0.01874073 -0.01544952 0.04001380 0.38039216 0.78823529 0.52549020
v -0.01819539 -0.01573864 0.04014564 0.38039216 0.78823529 0.52549020
v -0.01757288 -0.01268977 0.04083450 0.38039216 0.78823529 0.52549020
v -0.01784555 -0.01206422 0.04085428 0.38039216 0.78823529 0.52549020
v -0.01833430 -0.01181716 0.04081912 0.38039216 0.78823529 0.52549020
v -0.01756773 -0.01429831 0.04069277 0.38039216 0.78823529 0.52549020
v -0.01756773 -0.01348352 0.04077407 0.38039216 0.78823529 0.52549020
v -0.02132338 -0.00580879 0.04087625 0.38039216 0.78823529 0.52549020
v -0.02147258 -0.00530940 0.04088394 0.38039216 0.78823529 0.52549020
v -0.02191503 -0.00449462 0.04084988 0.38039216 0.78823529 0.52549020
v -0.01760374 -0.01598044 0.04025661 0.38039216 0.78823529 0.52549020
v -0.01675486 -0.01593313 0.04050490 0.38039216 0.78823529 0.52549020
v -0.01675486 -0.01511835 0.04068838 0.38039216 0.78823529 0.52549020
v -0.02178641 0.00449429 0.04082241 0.38039216 0.78823529 0.52549020
v -0.02127708 -0.01475038 0.03228586 0.38039216 0.78823529 0.52549020
v -0.02106614 -0.01528656 0.03065105 0.38039216 0.78823529 0.52549020
v -0.02065971 -0.01579646 0.03065105 0.38039216 0.78823529 0.52549020
v -0.02033559 -0.01624853 0.03001493 0.38039216 0.78823529 0.52549020
v -0.01571563 -0.01983884 0.03800546 0.38039216 0.78823529 0.52549020
v -0.01566933 -0.01980204 0.03861192 0.38039216 0.78823529 0.52549020
v -0.01790214 -0.01628533 0.04000172 0.38039216 0.78823529 0.52549020
v -0.01631756 -0.01877699 0.03918981 0.38039216 0.78823529 0.52549020
v -0.02247580 0.00449429 0.04062905 0.38039216 0.78823529 0.52549020
v -0.02161148 0.00533536 0.04082241 0.38039216 0.78823529 0.52549020
v -0.02165779 0.00612911 0.04076089 0.38039216 0.78823529 0.52549020
v -0.01895166 0.01266841 0.04089932 0.38039216 0.78823529 0.52549020
v -0.01883333 0.01309420 0.04087185 0.38039216 0.78823529 0.52549020
v -0.02230602 -0.01349929 0.03001493 0.38039216 0.78823529 0.52549020
v -0.02212081 -0.01383572 0.03001493 0.38039216 0.78823529 0.52549020
v -0.02207966 -0.01390931 0.03001493 0.38039216 0.78823529 0.52549020
v -0.02180699 -0.01430357 0.03001493 0.38039216 0.78823529 0.52549020
v -0.02138512 -0.01490283 0.03001493 0.38039216 0.78823529 0.52549020
v -0.02109187 -0.01530759 0.03001493 0.38039216 0.78823529 0.52549020
v -0.01592656 0.01838767 0.04018519 0.38039216 0.78823529 0.52549020
v -0.01565389 0.01889231 0.04010499 0.38039216 0.78823529 0.52549020
v -0.01525261 0.01943900 0.03987318 0.38039216 0.78823529 0.52549020
v -0.01591627 0.01919194 0.03963696 0.38039216 0.78823529 0.52549020
v -0.01654908 0.01895013 0.03940075 0.38039216 0.78823529 0.52549020
v -0.01618380 0.01949683 0.03909423 0.38039216 0.78823529 0.52549020
v -0.01647190 0.01971761 0.03855039 0.38039216 0.78823529 0.52549020
v -0.01732593 0.01893962 0.03861522 0.38039216 0.78823529 0.52549020
v -0.01805134 0.01885551 0.03770772 0.38039216 0.78823529 0.52549020
v -0.01701725 0.01948631 0.03817685 0.38039216 0.78823529 0.52549020
v -0.01718188 0.01962825 0.03763192 0.38039216 0.78823529 0.52549020
v -0.01848864 0.01853486 0.03718806 0.38039216 0.78823529 0.52549020
v -0.01940440 0.01779367 0.03637066 0.38039216 0.78823529 0.52549020
v -0.01938382 0.01779367 0.03555436 0.38039216 0.78823529 0.52549020
v -0.01669827 0.01992262 0.03001493 0.38039216 0.78823529 0.52549020
v -0.01710471 0.01955465 0.03001493 0.38039216 0.78823529 0.52549020
v -0.02017096 0.01683695 0.03473696 0.38039216 0.78823529 0.52549020
v -0.02048479 0.01542291 0.03001493 0.38039216 0.78823529 0.52549020
v -0.01735680 -0.01650085 0.04012367 0.38039216 0.78823529 0.52549020
v -0.01730021 -0.01243745 0.04087954 0.38039216 0.78823529 0.52549020
v -0.01802047 -0.01152279 0.04087185 0.38039216 0.78823529 0.52549020
v -0.01675486 -0.01429831 0.04077407 0.38039216 0.78823529 0.52549020
v -0.02002176 -0.00612944 0.04096854 0.38039216 0.78823529 0.52549020
v -0.02083978 -0.00530940 0.04092898 0.38039216 0.78823529 0.52549020
v -0.02150345 -0.00449462 0.04088833 0.38039216 0.78823529 0.52549020
v -0.02142627 0.00203942 0.04090371 0.38039216 0.78823529 0.52549020
v -0.01559730 -0.01803580 0.04007533 0.38039216 0.78823529 0.52549020
v -0.01430083 -0.01756796 0.04054336 0.38039216 0.78823529 0.52549020
v -0.01511884 -0.01819350 0.04014784 0.38039216 0.78823529 0.52549020
v -0.00903263 -0.02292451 0.04006324 0.38039216 0.78823529 0.52549020
v -0.01348282 -0.01756796 0.04065542 0.38039216 0.78823529 0.52549020
v -0.00939791 -0.02002282 0.04072573 0.38039216 0.78823529 0.52549020
v -0.00857990 -0.02002282 0.04078726 0.38039216 0.78823529 0.52549020
v -0.02140055 0.00367425 0.04089712 0.38039216 0.78823529 0.52549020
v -0.02137997 0.00449429 0.04088833 0.38039216 0.78823529 0.52549020
v -0.02077289 -0.01572287 0.03001493 0.38039216 0.78823529 0.52549020
v -0.02068029 -0.01583851 0.03001493 0.38039216 0.78823529 0.52549020
v -0.01992916 -0.01663227 0.03001493 0.38039216 0.78823529 0.52549020
v -0.01523717 -0.02024360 0.03800546 0.38039216 0.78823529 0.52549020
v -0.01947642 -0.01704229 0.03001493 0.38039216 0.78823529 0.52549020
v -0.01916260 -0.01732615 0.03001493 0.38039216 0.78823529 0.52549020
v -0.01906999 -0.01740500 0.03001493 0.38039216 0.78823529 0.52549020
v -0.01542238 -0.01953395 0.03915685 0.38039216 0.78823529 0.52549020
v -0.01482559 -0.02047490 0.03849436 0.38039216 0.78823529 0.52549020
v -0.01063264 -0.02370775 0.03842844 0.38039216 0.78823529 0.52549020
v -0.00894517 -0.02449099 0.03919311 0.38039216 0.78823529 0.52549020
v -0.01577222 -0.01899252 0.03937878 0.38039216 0.78823529 0.52549020
v -0.01595743 -0.01840377 0.03966992 0.38039216 0.78823529 0.52549020
v -0.01614264 -0.01779400 0.03996107 0.38039216 0.78823529 0.52549020
v -0.02131309 0.00507778 0.04087515 0.38039216 0.78823529 0.52549020
v -0.01838574 0.01266841 0.04093777 0.38039216 0.78823529 0.52549020
v -0.02083978 0.00367425 0.04095096 0.38039216 0.78823529 0.52549020
v -0.01838574 0.01319934 0.04089053 0.38039216 0.78823529 0.52549020
v -0.01015933 0.01914989 0.04082461 0.38039216 0.78823529 0.52549020
v -0.00939791 0.02002250 0.04077737 0.38039216 0.78823529 0.52549020
v -0.00939791 0.02083728 0.04064004 0.38039216 0.78823529 0.52549020
v -0.01348282 0.01838767 0.04057192 0.38039216 0.78823529 0.52549020
v -0.01511884 0.01838767 0.04032802 0.38039216 0.78823529 0.52549020
v -0.01503653 0.01918143 0.04013905 0.38039216 0.78823529 0.52549020
v -0.01021592 0.02165732 0.04033900 0.38039216 0.78823529 0.52549020
v -0.01073039 0.02212516 0.04008961 0.38039216 0.78823529 0.52549020
v -0.01470726 0.01961248 0.04004896 0.38039216 0.78823529 0.52549020
v -0.01414134 0.02059547 0.03940405 0.38039216 0.78823529 0.52549020
v -0.01503653 0.01981748 0.03961609 0.38039216 0.78823529 0.52549020
v -0.01563846 0.01969133 0.03932824 0.38039216 0.78823529 0.52549020
v -0.01556643 0.02045880 0.03845152 0.38039216 0.78823529 0.52549020
v -0.01719217 0.01963876 0.03718806 0.38039216 0.78823529 0.52549020
v -0.01760374 0.01929182 0.03718806 0.38039216 0.78823529 0.52549020
v -0.01808220 0.01888705 0.03718806 0.38039216 0.78823529 0.52549020
v -0.01507254 0.02096870 0.03799447 0.38039216 0.78823529 0.52549020
v -0.01476386 0.02128410 0.03771541 0.38039216 0.78823529 0.52549020
v -0.01390983 0.02207785 0.03438649 0.38039216 0.78823529 0.52549020
v -0.01899282 0.01813535 0.03637066 0.38039216 0.78823529 0.52549020
v -0.01613235 0.02040098 0.03001493 0.38039216 0.78823529 0.52549020
v -0.01632785 0.02023802 0.03001493 0.38039216 0.78823529 0.52549020
v -0.01184680 -0.00939909 0.04112784 0.38039216 0.78823529 0.52549020
v -0.01920375 -0.00694423 0.04098392 0.38039216 0.78823529 0.52549020
v -0.01757288 -0.01181716 0.04088943 0.38039216 0.78823529 0.52549020
v -0.00776189 -0.02002282 0.04082351 0.38039216 0.78823529 0.52549020
v -0.00857990 -0.01920278 0.04083560 0.38039216 0.78823529 0.52549020
v -0.01920375 -0.00612944 0.04100589 0.38039216 0.78823529 0.52549020
v -0.02002176 -0.00530940 0.04097843 0.38039216 0.78823529 0.52549020
v -0.02083978 -0.00449462 0.04093338 0.38039216 0.78823529 0.52549020
v -0.02083978 0.00285946 0.04095645 0.38039216 0.78823529 0.52549020
v -0.00939791 -0.02390225 0.03937768 0.38039216 0.78823529 0.52549020
v -0.00934132 -0.02323465 0.03978199 0.38039216 0.78823529 0.52549020
v -0.01021592 -0.02002282 0.04062026 0.38039216 0.78823529 0.52549020
v -0.00863649 -0.02417559 0.03953369 0.38039216 0.78823529 0.52549020
v -0.00857990 -0.02343966 0.03994788 0.38039216 0.78823529 0.52549020
v -0.00776189 -0.02359736 0.04002259 0.38039216 0.78823529 0.52549020
v -0.00857990 -0.02302964 0.04008741 0.38039216 0.78823529 0.52549020
v -0.00939791 -0.02083761 0.04052688 0.38039216 0.78823529 0.52549020
v -0.00530785 -0.02165765 0.04068179 0.38039216 0.78823529 0.52549020
v -0.00449499 -0.02165765 0.04074441 0.38039216 0.78823529 0.52549020
v -0.01857610 -0.01780976 0.03001493 0.38039216 0.78823529 0.52549020
v -0.00973746 -0.02446997 0.03800546 0.38039216 0.78823529 0.52549020
v -0.00984035 -0.02372352 0.03925573 0.38039216 0.78823529 0.52549020
v -0.00918183 -0.02463292 0.03864817 0.38039216 0.78823529 0.52549020
v -0.00863649 -0.02479588 0.03888109 0.38039216 0.78823529 0.52549020
v -0.00780304 -0.02516911 0.03881737 0.38039216 0.78823529 0.52549020
v -0.00839983 -0.02462241 0.03932385 0.38039216 0.78823529 0.52549020
v -0.01511884 0.01103359 0.04110038 0.38039216 0.78823529 0.52549020
v -0.00985064 0.01883974 0.04086746 0.38039216 0.78823529 0.52549020
v -0.01511884 0.01021355 0.04111026 0.38039216 0.78823529 0.52549020
v -0.00944936 0.01914989 0.04084768 0.38039216 0.78823529 0.52549020
v -0.00857990 0.02002250 0.04078067 0.38039216 0.78823529 0.52549020
v -0.00776189 0.02083728 0.04071365 0.38039216 0.78823529 0.52549020
v -0.00857990 0.02083728 0.04070596 0.38039216 0.78823529 0.52549020
v -0.00857990 0.02165732 0.04056423 0.38039216 0.78823529 0.52549020
v -0.00939791 0.02165732 0.04046974 0.38039216 0.78823529 0.52549020
v -0.00857990 0.02247210 0.04036757 0.38039216 0.78823529 0.52549020
v -0.00940820 0.02250890 0.04021486 0.38039216 0.78823529 0.52549020
v -0.01021592 0.02225658 0.04015223 0.38039216 0.78823529 0.52549020
v -0.00914582 0.02294521 0.04010060 0.38039216 0.78823529 0.52549020
v -0.00969116 0.02280853 0.03996656 0.38039216 0.78823529 0.52549020
v -0.01101335 0.02228812 0.03964136 0.38039216 0.78823529 0.52549020
v -0.01368346 0.02114217 0.03907555 0.38039216 0.78823529 0.52549020
v -0.01436771 0.02088984 0.03887230 0.38039216 0.78823529 0.52549020
v -0.01468669 0.02041674 0.03921288 0.38039216 0.78823529 0.52549020
v -0.01511884 0.02027482 0.03904149 0.38039216 0.78823529 0.52549020
v -0.01511884 0.02061124 0.03863279 0.38039216 0.78823529 0.52549020
v -0.01459408 0.02118422 0.03826035 0.38039216 0.78823529 0.52549020
v -0.01581338 0.02066381 0.03001493 0.38039216 0.78823529 0.52549020
v -0.01532463 0.02110011 0.03310326 0.38039216 0.78823529 0.52549020
v -0.01227895 0.02289789 0.03681452 0.38039216 0.78823529 0.52549020
v -0.01233555 0.02293469 0.03637066 0.38039216 0.78823529 0.52549020
v -0.01242301 0.02300303 0.03555436 0.38039216 0.78823529 0.52549020
v -0.01390983 0.02207785 0.03392066 0.38039216 0.78823529 0.52549020
v -0.01491305 0.02138923 0.03310326 0.38039216 0.78823529 0.52549020
v -0.01245387 0.02301354 0.03473696 0.38039216 0.78823529 0.52549020
v -0.01184680 -0.00857905 0.04113004 0.38039216 0.78823529 0.52549020
v -0.01430083 0.00122464 0.04112125 0.38039216 0.78823529 0.52549020
v -0.00694388 -0.02002282 0.04083670 0.38039216 0.78823529 0.52549020
v -0.00334771 -0.02044336 0.04086746 0.38039216 0.78823529 0.52549020
v -0.00323967 -0.02044336 0.04086746 0.38039216 0.78823529 0.52549020
v 0.00040794 0.00040460 0.04123881 0.38039216 0.78823529 0.52549020
v -0.00367697 -0.02165765 0.04077078 0.38039216 0.78823529 0.52549020
v -0.00364096 -0.02076401 0.04084109 0.38039216 0.78823529 0.52549020
v -0.01511884 0.00122464 0.04110587 0.38039216 0.78823529 0.52549020
v -0.00776189 -0.02410726 0.03978968 0.38039216 0.78823529 0.52549020
v -0.00449499 -0.02247243 0.04054336 0.38039216 0.78823529 0.52549020
v -0.00694388 -0.02410726 0.03982374 0.38039216 0.78823529 0.52549020
v -0.01291690 -0.02195202 0.03001493 0.38039216 0.78823529 0.52549020
v -0.01161014 -0.02301387 0.03392066 0.38039216 0.78823529 0.52549020
v -0.01063779 -0.02370775 0.03429200 0.38039216 0.78823529 0.52549020
v -0.01021592 -0.02399687 0.03473696 0.38039216 0.78823529 0.52549020
v -0.00902749 -0.02454356 0.03264072 0.38039216 0.78823529 0.52549020
v -0.00932588 -0.02468549 0.03800546 0.38039216 0.78823529 0.52549020
v -0.00857990 -0.02503769 0.03800546 0.38039216 0.78823529 0.52549020
v -0.00755610 -0.02538989 0.03854050 0.38039216 0.78823529 0.52549020
v -0.00694388 -0.02525321 0.03909093 0.38039216 0.78823529 0.52549020
v -0.00776189 -0.02473280 0.03940735 0.38039216 0.78823529 0.52549020
v -0.01430083 0.01103359 0.04109818 0.38039216 0.78823529 0.52549020
v -0.00975804 0.01883974 0.04086746 0.38039216 0.78823529 0.52549020
v -0.00040493 0.02165732 0.04057522 0.38039216 0.78823529 0.52549020
v -0.00694388 0.02165732 0.04062905 0.38039216 0.78823529 0.52549020
v -0.00776189 0.02165732 0.04063015 0.38039216 0.78823529 0.52549020
v -0.00776189 0.02247210 0.04045327 0.38039216 0.78823529 0.52549020
v -0.00857990 0.02303457 0.04015333 0.38039216 0.78823529 0.52549020
v -0.00776189 0.02353921 0.03987208 0.38039216 0.78823529 0.52549020
v -0.00776189 0.02385461 0.03946338 0.38039216 0.78823529 0.52549020
v -0.00833810 0.02376524 0.03934033 0.38039216 0.78823529 0.52549020
v -0.00940820 0.02311867 0.03967212 0.38039216 0.78823529 0.52549020
v -0.01001013 0.02298200 0.03942163 0.38039216 0.78823529 0.52549020
v -0.01025708 0.02268763 0.03967212 0.38039216 0.78823529 0.52549020
v -0.01055547 0.02284533 0.03916454 0.38039216 0.78823529 0.52549020
v -0.01025708 0.02315021 0.03886461 0.38039216 0.78823529 0.52549020
v -0.01079727 0.02298726 0.03861961 0.38039216 0.78823529 0.52549020
v -0.00973232 0.02366537 0.03832627 0.38039216 0.78823529 0.52549020
v -0.01021077 0.02353395 0.03803512 0.38039216 0.78823529 0.52549020
v -0.01155355 0.02295046 0.03774398 0.38039216 0.78823529 0.52549020
v -0.01541724 0.02098447 0.03001493 0.38039216 0.78823529 0.52549020
v -0.01489247 0.02137872 0.03001493 0.38039216 0.78823529 0.52549020
v -0.01521145 0.02114742 0.03001493 0.38039216 0.78823529 0.52549020
v -0.01128088 0.02362857 0.03555436 0.38039216 0.78823529 0.52549020
v -0.01184680 0.02333946 0.03555436 0.38039216 0.78823529 0.52549020
v -0.00993296 0.02377050 0.03778133 0.38039216 0.78823529 0.52549020
v -0.00885257 0.02446438 0.03735615 0.38039216 0.78823529 0.52549020
v -0.00900176 0.02452220 0.03681122 0.38039216 0.78823529 0.52549020
v -0.00908408 0.02456426 0.03637066 0.38039216 0.78823529 0.52549020
v -0.01184680 0.02338151 0.03473696 0.38039216 0.78823529 0.52549020
v -0.01389954 0.02207260 0.03332848 0.38039216 0.78823529 0.52549020
v -0.01430083 0.02174668 0.03001493 0.38039216 0.78823529 0.52549020
v 0.00285683 -0.02083761 0.04080813 0.38039216 0.78823529 0.52549020
v 0.02002477 0.00449429 0.04025661 0.38039216 0.78823529 0.52549020
v 0.01266782 0.01838767 0.04036757 0.38039216 0.78823529 0.52549020
v 0.00531086 0.01920246 0.04052468 0.38039216 0.78823529 0.52549020
v 0.00449285 0.02002250 0.04051809 0.38039216 0.78823529 0.52549020
v -0.00040493 0.02083728 0.04060598 0.38039216 0.78823529 0.52549020
v -0.00122294 0.02083728 0.04062466 0.38039216 0.78823529 0.52549020
v 0.01103179 -0.01675317 0.04079055 0.38039216 0.78823529 0.52549020
v 0.01184980 -0.01675317 0.04077737 0.38039216 0.78823529 0.52549020
v 0.01266782 -0.01593313 0.04074880 0.38039216 0.78823529 0.52549020
v 0.01838875 -0.00939909 0.04048623 0.38039216 0.78823529 0.52549020
v 0.00203881 -0.02247243 0.04053017 0.38039216 0.78823529 0.52549020
v 0.00285683 -0.02165765 0.04071694 0.38039216 0.78823529 0.52549020
v -0.00694388 -0.02484319 0.03944360 0.38039216 0.78823529 0.52549020
v 0.00203881 -0.02312426 0.04023134 0.38039216 0.78823529 0.52549020
v -0.01251047 -0.02222537 0.03001493 0.38039216 0.78823529 0.52549020
v -0.01145065 -0.02288771 0.03001493 0.38039216 0.78823529 0.52549020
v -0.00857990 -0.02418085 0.03001493 0.38039216 0.78823529 0.52549020
v -0.00797282 -0.02444894 0.03001493 0.38039216 0.78823529 0.52549020
v -0.00765899 -0.02455933 0.03001493 0.38039216 0.78823529 0.52549020
v -0.00756639 -0.02459087 0.03001493 0.38039216 0.78823529 0.52549020
v -0.00104288 -0.02675662 0.03001493 0.38039216 0.78823529 0.52549020
v -0.00761269 -0.02541617 0.03800546 0.38039216 0.78823529 0.52549020
v -0.00802427 -0.02527949 0.03800546 0.38039216 0.78823529 0.52549020
v -0.00427891 -0.02620467 0.03800546 0.38039216 0.78823529 0.52549020
v -0.00413486 -0.02616787 0.03843613 0.38039216 0.78823529 0.52549020
v -0.00612586 -0.02525847 0.03913378 0.38039216 0.78823529 0.52549020
v 0.00367484 0.02165732 0.04040602 0.38039216 0.78823529 0.52549020
v 0.00203881 0.02247210 0.04033351 0.38039216 0.78823529 0.52549020
v -0.00040493 0.02247210 0.04042580 0.38039216 0.78823529 0.52549020
v -0.00694388 0.02247210 0.04047854 0.38039216 0.78823529 0.52549020
v -0.00694388 0.02321329 0.04021046 0.38039216 0.78823529 0.52549020
v -0.00776189 0.02312919 0.04019398 0.38039216 0.78823529 0.52549020
v -0.00694388 0.02362332 0.03998414 0.38039216 0.78823529 0.52549020
v -0.00694388 0.02396500 0.03957544 0.38039216 0.78823529 0.52549020
v -0.00612586 0.02445912 0.03911730 0.38039216 0.78823529 0.52549020
v -0.00612586 0.02466939 0.03870860 0.38039216 0.78823529 0.52549020
v -0.00612586 0.02502685 0.03800546 0.38039216 0.78823529 0.52549020
v -0.00830723 0.02457477 0.03770553 0.38039216 0.78823529 0.52549020
v -0.00860048 0.02390718 0.03885472 0.38039216 0.78823529 0.52549020
v -0.00888344 0.02366011 0.03914806 0.38039216 0.78823529 0.52549020
v -0.00943392 0.02354972 0.03885472 0.38039216 0.78823529 0.52549020
v -0.00918697 0.02379153 0.03860423 0.38039216 0.78823529 0.52549020
v -0.00943392 0.02392820 0.03803512 0.38039216 0.78823529 0.52549020
v -0.01135290 0.02366011 0.03473696 0.38039216 0.78823529 0.52549020
v -0.00921270 0.02464311 0.03555436 0.38039216 0.78823529 0.52549020
v -0.00857990 0.02463260 0.03712544 0.38039216 0.78823529 0.52549020
v -0.00857990 0.02479555 0.03637066 0.38039216 0.78823529 0.52549020
v -0.00857990 0.02494274 0.03555436 0.38039216 0.78823529 0.52549020
v -0.01261851 0.02272442 0.03001493 0.38039216 0.78823529 0.52549020
v -0.01382752 0.02203054 0.03001493 0.38039216 0.78823529 0.52549020
v 0.00367484 -0.02165765 0.04068948 0.38039216 0.78823529 0.52549020
v 0.00367484 -0.02083761 0.04077847 0.38039216 0.78823529 0.52549020
v 0.01103179 -0.01756796 0.04075979 0.38039216 0.78823529 0.52549020
v 0.01920676 -0.00857905 0.04043679 0.38039216 0.78823529 0.52549020
v 0.02165565 0.00040460 0.04019838 0.38039216 0.78823529 0.52549020
v 0.02002477 0.00530907 0.04023683 0.38039216 0.78823529 0.52549020
v 0.01348583 0.01838767 0.04027968 0.38039216 0.78823529 0.52549020
v 0.01269354 0.01926028 0.04019728 0.38039216 0.78823529 0.52549020
v 0.01184980 0.01920246 0.04028078 0.38039216 0.78823529 0.52549020
v 0.00694688 0.02083728 0.04034120 0.38039216 0.78823529 0.52549020
v 0.01920676 0.00939876 0.04018739 0.38039216 0.78823529 0.52549020
v 0.01838875 0.01103359 0.04018190 0.38039216 0.78823529 0.52549020
v 0.01266782 -0.01675317 0.04072244 0.38039216 0.78823529 0.52549020
v 0.01348583 -0.01593313 0.04069607 0.38039216 0.78823529 0.52549020
v 0.01838875 -0.01021388 0.04048073 0.38039216 0.78823529 0.52549020
v 0.01920676 -0.00939909 0.04044118 0.38039216 0.78823529 0.52549020
v 0.00285683 -0.02247243 0.04050820 0.38039216 0.78823529 0.52549020
v -0.00612586 -0.02484845 0.03942492 0.38039216 0.78823529 0.52549020
v 0.00285683 -0.02310324 0.04021706 0.38039216 0.78823529 0.52549020
v -0.00040493 -0.02685124 0.03001493 0.38039216 0.78823529 0.52549020
v -0.00429434 -0.02620467 0.03747371 0.38039216 0.78823529 0.52549020
v 0.00040794 -0.02678290 0.03146846 0.38039216 0.78823529 0.52549020
v -0.00370784 -0.02620993 0.03800546 0.38039216 0.78823529 0.52549020
v -0.00400109 -0.02616787 0.03843613 0.38039216 0.78823529 0.52549020
v 0.00449285 0.02165732 0.04035658 0.38039216 0.78823529 0.52549020
v 0.00446712 0.02251416 0.04015333 0.38039216 0.78823529 0.52549020
v 0.00203881 0.02316598 0.04014564 0.38039216 0.78823529 0.52549020
v -0.00041007 0.02336574 0.04015553 0.38039216 0.78823529 0.52549020
v -0.00068789 0.02370742 0.04005336 0.38039216 0.78823529 0.52549020
v -0.00099657 0.02370742 0.04005336 0.38039216 0.78823529 0.52549020
v -0.00125381 0.02403334 0.03983472 0.38039216 0.78823529 0.52549020
v 0.00203881 0.02476927 0.03939855 0.38039216 0.78823529 0.52549020
v -0.00122294 0.02467991 0.03937439 0.38039216 0.78823529 0.52549020
v -0.00204095 0.02465362 0.03935021 0.38039216 0.78823529 0.52549020
v -0.00122294 0.02508992 0.03897008 0.38039216 0.78823529 0.52549020
v -0.00530785 0.02450118 0.03921178 0.38039216 0.78823529 0.52549020
v -0.00204095 0.02540007 0.03850205 0.38039216 0.78823529 0.52549020
v -0.00530785 0.02476927 0.03880308 0.38039216 0.78823529 0.52549020
v -0.00532843 0.02520032 0.03794723 0.38039216 0.78823529 0.52549020
v -0.00561139 0.02532648 0.03753743 0.38039216 0.78823529 0.52549020
v -0.00620818 0.02528968 0.03723420 0.38039216 0.78823529 0.52549020
v -0.00694388 0.02512146 0.03718806 0.38039216 0.78823529 0.52549020
v -0.00776189 0.02490069 0.03718806 0.38039216 0.78823529 0.52549020
v -0.01229953 0.02290315 0.03001493 0.38039216 0.78823529 0.52549020
v -0.00929501 0.02466414 0.03473696 0.38039216 0.78823529 0.52549020
v -0.00634194 0.02608344 0.03310326 0.38039216 0.78823529 0.52549020
v -0.00857990 0.02501108 0.03473696 0.38039216 0.78823529 0.52549020
v -0.00776189 0.02508467 0.03637066 0.38039216 0.78823529 0.52549020
v -0.00775674 0.02523711 0.03558073 0.38039216 0.78823529 0.52549020
v -0.00760240 0.02544738 0.03473696 0.38039216 0.78823529 0.52549020
v -0.00800883 0.02527391 0.03473696 0.38039216 0.78823529 0.52549020
v 0.00367484 -0.02247243 0.04045766 0.38039216 0.78823529 0.52549020
v 0.00449285 -0.02165765 0.04063235 0.38039216 0.78823529 0.52549020
v 0.00857776 -0.02002282 0.04062466 0.38039216 0.78823529 0.52549020
v 0.00939577 -0.01920278 0.04068069 0.38039216 0.78823529 0.52549020
v 0.01021378 -0.01838800 0.04072683 0.38039216 0.78823529 0.52549020
v 0.01103179 -0.01838800 0.04066970 0.38039216 0.78823529 0.52549020
v 0.01184980 -0.01756796 0.04069936 0.38039216 0.78823529 0.52549020
v 0.02165565 -0.00040493 0.04020277 0.38039216 0.78823529 0.52549020
v 0.02247366 -0.00040493 0.04013685 0.38039216 0.78823529 0.52549020
v 0.02253540 0.00043088 0.04010829 0.38039216 0.78823529 0.52549020
v 0.02002477 0.00776394 0.04015663 0.38039216 0.78823529 0.52549020
v 0.01717459 0.01473428 0.04005336 0.38039216 0.78823529 0.52549020
v 0.01426268 0.01831933 0.04011378 0.38039216 0.78823529 0.52549020
v 0.01396429 0.01885026 0.04007972 0.38039216 0.78823529 0.52549020
v 0.01348583 0.01901321 0.04015004 0.38039216 0.78823529 0.52549020
v 0.01906785 0.01103359 0.04010170 0.38039216 0.78823529 0.52549020
v 0.01890837 0.01164336 0.04007643 0.38039216 0.78823529 0.52549020
v 0.01805949 0.01317831 0.04006983 0.38039216 0.78823529 0.52549020
v 0.01244145 0.01970710 0.04008961 0.38039216 0.78823529 0.52549020
v 0.01184980 0.01984377 0.04012806 0.38039216 0.78823529 0.52549020
v 0.01102665 0.02006980 0.04015114 0.38039216 0.78823529 0.52549020
v 0.00775975 0.02083728 0.04027528 0.38039216 0.78823529 0.52549020
v 0.01985500 0.00939876 0.04010829 0.38039216 0.78823529 0.52549020
v 0.01927364 0.01028188 0.04012587 0.38039216 0.78823529 0.52549020
v 0.01348583 -0.01675317 0.04064114 0.38039216 0.78823529 0.52549020
v 0.01429869 -0.01593313 0.04060708 0.38039216 0.78823529 0.52549020
v 0.01920676 -0.01021388 0.04040163 0.38039216 0.78823529 0.52549020
v 0.02002477 -0.00939909 0.04033351 0.38039216 0.78823529 0.52549020
v 0.02002477 -0.00857905 0.04036098 0.38039216 0.78823529 0.52549020
v 0.02165565 -0.00530940 0.04021706 0.38039216 0.78823529 0.52549020
v -0.00370784 -0.02580516 0.03867124 0.38039216 0.78823529 0.52549020
v 0.00367484 -0.02304015 0.04017860 0.38039216 0.78823529 0.52549020
v 0.00245554 -0.02451728 0.03923376 0.38039216 0.78823529 0.52549020
v -0.00022486 -0.02685124 0.03001493 0.38039216 0.78823529 0.52549020
v 0.00040794 -0.02682496 0.03065105 0.38039216 0.78823529 0.52549020
v 0.00122595 -0.02670405 0.03146846 0.38039216 0.78823529 0.52549020
v 0.00122595 -0.02664097 0.03228586 0.38039216 0.78823529 0.52549020
v 0.00122595 -0.02592606 0.03718806 0.38039216 0.78823529 0.52549020
v 0.00040794 -0.02584722 0.03800546 0.38039216 0.78823529 0.52549020
v 0.00040794 -0.02551605 0.03861302 0.38039216 0.78823529 0.52549020
v -0.00040493 -0.02556335 0.03865477 0.38039216 0.78823529 0.52549020
v 0.00417902 0.02290841 0.04005995 0.38039216 0.78823529 0.52549020
v 0.00688514 0.02168360 0.04013795 0.38039216 0.78823529 0.52549020
v 0.00657132 0.02207785 0.04005336 0.38039216 0.78823529 0.52549020
v 0.00203881 0.02357601 0.04000282 0.38039216 0.78823529 0.52549020
v -0.00014255 0.02368640 0.04004347 0.38039216 0.78823529 0.52549020
v 0.00203881 0.02410693 0.03976001 0.38039216 0.78823529 0.52549020
v 0.00285683 0.02474824 0.03937658 0.38039216 0.78823529 0.52549020
v 0.00285683 0.02515300 0.03908654 0.38039216 0.78823529 0.52549020
v 0.00203881 0.02517929 0.03908764 0.38039216 0.78823529 0.52549020
v 0.00285683 0.02604138 0.03828671 0.38039216 0.78823529 0.52549020
v -0.00122294 0.02545263 0.03856138 0.38039216 0.78823529 0.52549020
v 0.00285683 0.02632524 0.03787802 0.38039216 0.78823529 0.52549020
v -0.00122294 0.02575227 0.03800546 0.38039216 0.78823529 0.52549020
v -0.00204095 0.02564188 0.03800546 0.38039216 0.78823529 0.52549020
v -0.00653230 0.02533699 0.03677826 0.38039216 0.78823529 0.52549020
v -0.00117149 0.02604664 0.03712214 0.38039216 0.78823529 0.52549020
v -0.00530785 0.02636204 0.03310326 0.38039216 0.78823529 0.52549020
v -0.00584805 0.02617280 0.03357128 0.38039216 0.78823529 0.52549020
v -0.00589435 0.02624639 0.03228586 0.38039216 0.78823529 0.52549020
v -0.00572458 0.02615703 0.03022807 0.38039216 0.78823529 0.52549020
v -0.00567313 0.02613074 0.03001493 0.38039216 0.78823529 0.52549020
v -0.00694388 0.02579957 0.03392066 0.38039216 0.78823529 0.52549020
v -0.00593036 0.02623063 0.03310326 0.38039216 0.78823529 0.52549020
v -0.00530785 0.02648294 0.03228586 0.38039216 0.78823529 0.52549020
v -0.00694388 0.02567867 0.03473696 0.38039216 0.78823529 0.52549020
v 0.00433851 -0.02296130 0.04011928 0.38039216 0.78823529 0.52549020
v 0.00455973 -0.02255128 0.04028737 0.38039216 0.78823529 0.52549020
v 0.00612887 -0.02165765 0.04042580 0.38039216 0.78823529 0.52549020
v 0.00531086 -0.02165765 0.04054226 0.38039216 0.78823529 0.52549020
v 0.00939577 -0.02002282 0.04055215 0.38039216 0.78823529 0.52549020
v 0.01184980 -0.01838800 0.04056313 0.38039216 0.78823529 0.52549020
v 0.01266782 -0.01756796 0.04060598 0.38039216 0.78823529 0.52549020
v 0.02294697 -0.00040493 0.04007093 0.38039216 0.78823529 0.52549020
v 0.02293669 0.00017331 0.04006105 0.38039216 0.78823529 0.52549020
v 0.02072445 0.00694390 0.04010279 0.38039216 0.78823529 0.52549020
v 0.02060098 0.00776394 0.04008632 0.38039216 0.78823529 0.52549020
v 0.01670128 0.01590652 0.03992701 0.38039216 0.78823529 0.52549020
v 0.01693794 0.01528098 0.03999952 0.38039216 0.78823529 0.52549020
v 0.01473599 0.01799868 0.04005555 0.38039216 0.78823529 0.52549020
v 0.01919133 0.01189043 0.03997205 0.38039216 0.78823529 0.52549020
v 0.01920676 0.01266841 0.03982044 0.38039216 0.78823529 0.52549020
v 0.01298679 0.01957568 0.04002699 0.38039216 0.78823529 0.52549020
v 0.01593472 0.01756763 0.03971387 0.38039216 0.78823529 0.52549020
v 0.01505497 0.01831933 0.03979957 0.38039216 0.78823529 0.52549020
v 0.01554886 0.02044829 0.03842625 0.38039216 0.78823529 0.52549020
v 0.01144852 0.02207260 0.03923596 0.38039216 0.78823529 0.52549020
v 0.01047616 0.02280853 0.03919860 0.38039216 0.78823529 0.52549020
v 0.01971094 0.01005059 0.04008192 0.38039216 0.78823529 0.52549020
v 0.01959261 0.01059728 0.04004566 0.38039216 0.78823529 0.52549020
v 0.01947943 0.01103359 0.04001710 0.38039216 0.78823529 0.52549020
v 0.00993082 0.02292944 0.03925463 0.38039216 0.78823529 0.52549020
v 0.01102665 0.02078471 0.03991382 0.38039216 0.78823529 0.52549020
v 0.01129417 0.02036944 0.04003138 0.38039216 0.78823529 0.52549020
v 0.01074883 0.02047983 0.04006434 0.38039216 0.78823529 0.52549020
v 0.02049809 0.00833692 0.04006544 0.38039216 0.78823529 0.52549020
v 0.01429869 -0.01675317 0.04051259 0.38039216 0.78823529 0.52549020
v 0.01348583 -0.01756796 0.04047744 0.38039216 0.78823529 0.52549020
v 0.01838875 -0.01184870 0.04036318 0.38039216 0.78823529 0.52549020
v 0.01920676 -0.01103392 0.04029726 0.38039216 0.78823529 0.52549020
v 0.02006593 -0.01025067 0.04019398 0.38039216 0.78823529 0.52549020
v 0.02052895 -0.00999835 0.04010279 0.38039216 0.78823529 0.52549020
v 0.02064728 -0.00939909 0.04015663 0.38039216 0.78823529 0.52549020
v 0.02219070 -0.00597700 0.04009510 0.38039216 0.78823529 0.52549020
v 0.02231932 -0.00530940 0.04011598 0.38039216 0.78823529 0.52549020
v 0.00531086 -0.02457510 0.03847898 0.38039216 0.78823529 0.52549020
v 0.00040794 -0.02682496 0.03001493 0.38039216 0.78823529 0.52549020
v 0.00122595 -0.02674085 0.03001493 0.38039216 0.78823529 0.52549020
v 0.00122595 -0.02673034 0.03065105 0.38039216 0.78823529 0.52549020
v 0.00203881 -0.02660417 0.03001493 0.38039216 0.78823529 0.52549020
v 0.00203881 -0.02657263 0.03065105 0.38039216 0.78823529 0.52549020
v 0.00307805 -0.02612056 0.03392066 0.38039216 0.78823529 0.52549020
v 0.00256358 -0.02616787 0.03435353 0.38039216 0.78823529 0.52549020
v 0.00411214 -0.02534783 0.03761544 0.38039216 0.78823529 0.52549020
v 0.00285683 0.02346036 0.03997096 0.38039216 0.78823529 0.52549020
v 0.00472436 0.02281904 0.04002589 0.38039216 0.78823529 0.52549020
v 0.00285683 0.02410693 0.03970618 0.38039216 0.78823529 0.52549020
v 0.00711666 0.02197272 0.04001930 0.38039216 0.78823529 0.52549020
v 0.00939577 0.02342356 0.03908544 0.38039216 0.78823529 0.52549020
v 0.00826393 0.02455375 0.03845591 0.38039216 0.78823529 0.52549020
v 0.00285683 0.02563136 0.03867784 0.38039216 0.78823529 0.52549020
v 0.00939577 0.02397026 0.03867674 0.38039216 0.78823529 0.52549020
v 0.00367484 0.02592048 0.03822080 0.38039216 0.78823529 0.52549020
v 0.00367484 0.02629896 0.03781210 0.38039216 0.78823529 0.52549020
v 0.00285683 0.02647243 0.03718806 0.38039216 0.78823529 0.52549020
v -0.00086281 0.02615703 0.03680463 0.38039216 0.78823529 0.52549020
v -0.00449499 0.02663539 0.03228586 0.38039216 0.78823529 0.52549020
v -0.00530785 0.02644089 0.03146846 0.38039216 0.78823529 0.52549020
v -0.00530785 0.02635153 0.03065105 0.38039216 0.78823529 0.52549020
v -0.00531300 0.02626216 0.03001493 0.38039216 0.78823529 0.52549020
v -0.00545190 0.02621486 0.03001493 0.38039216 0.78823529 0.52549020
v -0.00449499 0.02668270 0.03146846 0.38039216 0.78823529 0.52549020
v 0.00939577 -0.02267218 0.03905797 0.38039216 0.78823529 0.52549020
v 0.01001314 -0.02215178 0.03927880 0.38039216 0.78823529 0.52549020
v 0.00906136 -0.02127917 0.04006983 0.38039216 0.78823529 0.52549020
v 0.00935976 -0.02086915 0.04022914 0.38039216 0.78823529 0.52549020
v 0.00857776 -0.02083761 0.04038845 0.38039216 0.78823529 0.52549020
v 0.01021378 -0.02002282 0.04039394 0.38039216 0.78823529 0.52549020
v 0.01103179 -0.01920278 0.04048623 0.38039216 0.78823529 0.52549020
v 0.02291096 -0.00088854 0.04006654 0.38039216 0.78823529 0.52549020
v 0.02272575 -0.00530940 0.03997425 0.38039216 0.78823529 0.52549020
v 0.02335341 -0.00040493 0.03986878 0.38039216 0.78823529 0.52549020
v 0.02324022 0.00043088 0.03991932 0.38039216 0.78823529 0.52549020
v 0.02165565 0.00694390 0.03988746 0.38039216 0.78823529 0.52549020
v 0.02160420 0.00613963 0.03996876 0.38039216 0.78823529 0.52549020
v 0.02113089 0.00694390 0.04002589 0.38039216 0.78823529 0.52549020
v 0.02129552 0.00587154 0.04005885 0.38039216 0.78823529 0.52549020
v 0.01762733 0.01598537 0.03949963 0.38039216 0.78823529 0.52549020
v 0.01682990 0.01683170 0.03956775 0.38039216 0.78823529 0.52549020
v 0.02008136 0.01271572 0.03946008 0.38039216 0.78823529 0.52549020
v 0.02002477 0.01103359 0.03984791 0.38039216 0.78823529 0.52549020
v 0.02002477 0.01184837 0.03971607 0.38039216 0.78823529 0.52549020
v 0.01587298 0.01832459 0.03937548 0.38039216 0.78823529 0.52549020
v 0.01880547 0.01717864 0.03842185 0.38039216 0.78823529 0.52549020
v 0.01799775 0.01800393 0.03842515 0.38039216 0.78823529 0.52549020
v 0.01818296 0.01818266 0.03800546 0.38039216 0.78823529 0.52549020
v 0.01618166 0.02009609 0.03808456 0.38039216 0.78823529 0.52549020
v 0.01573922 0.02059547 0.03800546 0.38039216 0.78823529 0.52549020
v 0.01490063 0.02138923 0.03778902 0.38039216 0.78823529 0.52549020
v 0.01062536 0.02370217 0.03841746 0.38039216 0.78823529 0.52549020
v 0.01103179 0.02262981 0.03905578 0.38039216 0.78823529 0.52549020
v 0.01021378 0.02382307 0.03852622 0.38039216 0.78823529 0.52549020
v 0.01020864 0.02323958 0.03897448 0.38039216 0.78823529 0.52549020
v 0.02037976 0.00888361 0.04003797 0.38039216 0.78823529 0.52549020
v 0.02079648 0.00859975 0.03994788 0.38039216 0.78823529 0.52549020
v 0.00939577 0.02247210 0.03951062 0.38039216 0.78823529 0.52549020
v 0.00939577 0.02165732 0.03981824 0.38039216 0.78823529 0.52549020
v 0.01021378 0.02097395 0.03995887 0.38039216 0.78823529 0.52549020
v 0.00775975 0.02184656 0.03997755 0.38039216 0.78823529 0.52549020
v 0.02100741 0.00776394 0.03998963 0.38039216 0.78823529 0.52549020
v 0.01429355 -0.01757847 0.04024452 0.38039216 0.78823529 0.52549020
v 0.01513728 -0.01677420 0.04025661 0.38039216 0.78823529 0.52549020
v 0.01572893 -0.01652188 0.04014235 0.38039216 0.78823529 0.52549020
v 0.01597587 -0.01595416 0.04020387 0.38039216 0.78823529 0.52549020
v 0.01844020 -0.01271079 0.04019838 0.38039216 0.78823529 0.52549020
v 0.01266782 -0.01838800 0.04039833 0.38039216 0.78823529 0.52549020
v 0.01921190 -0.01182767 0.04015333 0.38039216 0.78823529 0.52549020
v 0.02225244 -0.00857905 0.03939966 0.38039216 0.78823529 0.52549020
v 0.02105886 -0.00939909 0.03993470 0.38039216 0.78823529 0.52549020
v 0.02197462 -0.00694423 0.04002040 0.38039216 0.78823529 0.52549020
v 0.01966464 -0.01153856 0.04007203 0.38039216 0.78823529 0.52549020
v 0.01949486 -0.01208525 0.04000501 0.38039216 0.78823529 0.52549020
v 0.02036947 -0.01054505 0.04002479 0.38039216 0.78823529 0.52549020
v 0.02081706 -0.01025067 0.03983253 0.38039216 0.78823529 0.52549020
v 0.00572244 -0.02451728 0.03841526 0.38039216 0.78823529 0.52549020
v 0.00285683 -0.02640968 0.03001493 0.38039216 0.78823529 0.52549020
v 0.00367484 -0.02595760 0.03392066 0.38039216 0.78823529 0.52549020
v 0.00568642 -0.02532680 0.03496438 0.38039216 0.78823529 0.52549020
v 0.00514108 -0.02540040 0.03540933 0.38039216 0.78823529 0.52549020
v 0.00612887 -0.02509551 0.03555436 0.38039216 0.78823529 0.52549020
v 0.00977648 -0.02369723 0.03674750 0.38039216 0.78823529 0.52549020
v 0.00942149 0.02438553 0.03800985 0.38039216 0.78823529 0.52549020
v 0.00855204 0.02467991 0.03800985 0.38039216 0.78823529 0.52549020
v 0.00418931 0.02620434 0.03766378 0.38039216 0.78823529 0.52549020
v 0.00367484 0.02641986 0.03718806 0.38039216 0.78823529 0.52549020
v -0.00222102 0.02680360 0.03001493 0.38039216 0.78823529 0.52549020
v -0.00285896 0.02684040 0.03001493 0.38039216 0.78823529 0.52549020
v -0.00285896 0.02681937 0.03065105 0.38039216 0.78823529 0.52549020
v -0.00367697 0.02676680 0.03146846 0.38039216 0.78823529 0.52549020
v -0.00449499 0.02659859 0.03065105 0.38039216 0.78823529 0.52549020
v -0.00467505 0.02645140 0.03001493 0.38039216 0.78823529 0.52549020
v -0.00385704 0.02666167 0.03001493 0.38039216 0.78823529 0.52549020
v -0.00303903 0.02682462 0.03001493 0.38039216 0.78823529 0.52549020
v 0.00999770 -0.02296130 0.03853501 0.38039216 0.78823529 0.52549020
v 0.01055848 -0.02204138 0.03921178 0.38039216 0.78823529 0.52549020
v 0.01103179 -0.02152623 0.03941394 0.38039216 0.78823529 0.52549020
v 0.01021378 -0.02102685 0.03991932 0.38039216 0.78823529 0.52549020
v 0.01021378 -0.02062208 0.04015663 0.38039216 0.78823529 0.52549020
v 0.01100092 -0.02002808 0.04019508 0.38039216 0.78823529 0.52549020
v 0.01189096 -0.01926061 0.04027418 0.38039216 0.78823529 0.52549020
v 0.02315277 -0.00530940 0.03956555 0.38039216 0.78823529 0.52549020
v 0.02370325 -0.00410037 0.03923705 0.38039216 0.78823529 0.52549020
v 0.02373412 -0.00367458 0.03926452 0.38039216 0.78823529 0.52549020
v 0.02389360 -0.00040493 0.03946008 0.38039216 0.78823529 0.52549020
v 0.02249938 -0.00769593 0.03947656 0.38039216 0.78823529 0.52549020
v 0.02289553 -0.00738053 0.03924694 0.38039216 0.78823529 0.52549020
v 0.02390904 0.00040460 0.03948425 0.38039216 0.78823529 0.52549020
v 0.02233475 0.00776394 0.03943921 0.38039216 0.78823529 0.52549020
v 0.02165565 0.00776394 0.03978858 0.38039216 0.78823529 0.52549020
v 0.01739582 0.01661092 0.03936779 0.38039216 0.78823529 0.52549020
v 0.02039519 0.01302061 0.03921178 0.38039216 0.78823529 0.52549020
v 0.02052381 0.01247917 0.03930517 0.38039216 0.78823529 0.52549020
v 0.02064728 0.01184837 0.03939636 0.38039216 0.78823529 0.52549020
v 0.02165565 0.00857872 0.03964026 0.38039216 0.78823529 0.52549020
v 0.01979840 0.01658463 0.03776375 0.38039216 0.78823529 0.52549020
v 0.01958747 0.01713133 0.03753524 0.38039216 0.78823529 0.52549020
v 0.01899068 0.01735736 0.03800546 0.38039216 0.78823529 0.52549020
v 0.01859454 0.01776738 0.03800546 0.38039216 0.78823529 0.52549020
v 0.02082735 0.01340960 0.03863279 0.38039216 0.78823529 0.52549020
v 0.02125436 0.01308895 0.03842185 0.38039216 0.78823529 0.52549020
v 0.02108973 0.01363564 0.03826804 0.38039216 0.78823529 0.52549020
v 0.02158362 0.01335704 0.03793515 0.38039216 0.78823529 0.52549020
v 0.02207237 0.01308369 0.03760225 0.38039216 0.78823529 0.52549020
v 0.01877460 0.01795137 0.03753524 0.38039216 0.78823529 0.52549020
v 0.01657266 0.01987531 0.03786373 0.38039216 0.78823529 0.52549020
v 0.01630514 0.02039046 0.03718806 0.38039216 0.78823529 0.52549020
v 0.01537394 0.02113165 0.03718806 0.38039216 0.78823529 0.52549020
v 0.01496236 0.02143654 0.03718806 0.38039216 0.78823529 0.52549020
v 0.01422152 0.02188335 0.03711005 0.38039216 0.78823529 0.52549020
v 0.01386654 0.02205683 0.03732979 0.38039216 0.78823529 0.52549020
v 0.01021378 0.02407013 0.03800546 0.38039216 0.78823529 0.52549020
v 0.01072825 0.02377050 0.03800546 0.38039216 0.78823529 0.52549020
v 0.01589870 0.02072689 0.03718806 0.38039216 0.78823529 0.52549020
v 0.01488005 -0.01731038 0.04014344 0.38039216 0.78823529 0.52549020
v 0.01341895 -0.01836697 0.04018849 0.38039216 0.78823529 0.52549020
v 0.01401573 -0.01807786 0.04011928 0.38039216 0.78823529 0.52549020
v 0.01627427 -0.01624328 0.04000501 0.38039216 0.78823529 0.52549020
v 0.01649549 -0.01569658 0.04010279 0.38039216 0.78823529 0.52549020
v 0.01638231 -0.01883482 0.03845481 0.38039216 0.78823529 0.52549020
v 0.01894952 -0.01246899 0.04009950 0.38039216 0.78823529 0.52549020
v 0.02213411 -0.00911523 0.03930077 0.38039216 0.78823529 0.52549020
v 0.01874888 -0.01301042 0.04003358 0.38039216 0.78823529 0.52549020
v 0.01921190 -0.01271079 0.03993031 0.38039216 0.78823529 0.52549020
v 0.01997332 -0.01182767 0.03981934 0.38039216 0.78823529 0.52549020
v 0.02022027 -0.01103392 0.03994678 0.38039216 0.78823529 0.52549020
v 0.02064214 -0.01184870 0.03938647 0.38039216 0.78823529 0.52549020
v 0.02089423 -0.01103917 0.03950513 0.38039216 0.78823529 0.52549020
v 0.01024465 -0.02308220 0.03802634 0.38039216 0.78823529 0.52549020
v 0.00349477 -0.02622569 0.03001493 0.38039216 0.78823529 0.52549020
v 0.00573273 -0.02533732 0.03441945 0.38039216 0.78823529 0.52549020
v 0.00694688 -0.02496409 0.03392066 0.38039216 0.78823529 0.52549020
v 0.00694688 -0.02490627 0.03473696 0.38039216 0.78823529 0.52549020
v 0.00986909 -0.02373929 0.03620257 0.38039216 0.78823529 0.52549020
v 0.01314113 -0.02212024 0.03609160 0.38039216 0.78823529 0.52549020
v 0.01021378 -0.02337658 0.03718806 0.38039216 0.78823529 0.52549020
v 0.00916426 0.02458529 0.03773959 0.38039216 0.78823529 0.52549020
v 0.00427677 0.02623588 0.03718806 0.38039216 0.78823529 0.52549020
v 0.00775975 0.02512146 0.03718806 0.38039216 0.78823529 0.52549020
v 0.00428191 0.02623588 0.03637066 0.38039216 0.78823529 0.52549020
v 0.00367484 0.02635678 0.03637066 0.38039216 0.78823529 0.52549020
v 0.00419445 0.02619909 0.03583671 0.38039216 0.78823529 0.52549020
v -0.00204095 0.02676680 0.03001493 0.38039216 0.78823529 0.52549020
v -0.00449499 0.02650397 0.03001493 0.38039216 0.78823529 0.52549020
v 0.01054304 -0.02283514 0.03831308 0.38039216 0.78823529 0.52549020
v 0.01313084 -0.02126866 0.03844822 0.38039216 0.78823529 0.52549020
v 0.01164401 -0.02136853 0.03932055 0.38039216 0.78823529 0.52549020
v 0.01070768 -0.02049593 0.04008302 0.38039216 0.78823529 0.52549020
v 0.01164916 -0.01975999 0.04013136 0.38039216 0.78823529 0.52549020
v 0.01266782 -0.01898726 0.04015663 0.38039216 0.78823529 0.52549020
v 0.02444409 -0.00449462 0.03829441 0.38039216 0.78823529 0.52549020
v 0.02397078 -0.00442102 0.03886461 0.38039216 0.78823529 0.52549020
v 0.02533927 -0.00083598 0.03760225 0.38039216 0.78823529 0.52549020
v 0.02377013 -0.00835301 0.03768136 0.38039216 0.78823529 0.52549020
v 0.02432062 -0.00530940 0.03814719 0.38039216 0.78823529 0.52549020
v 0.02551419 0.00367425 0.03697053 0.38039216 0.78823529 0.52549020
v 0.02547818 0.00449429 0.03694745 0.38039216 0.78823529 0.52549020
v 0.02541130 0.00530907 0.03687384 0.38039216 0.78823529 0.52549020
v 0.02359007 0.00367425 0.03909642 0.38039216 0.78823529 0.52549020
v 0.02282350 0.00694390 0.03916674 0.38039216 0.78823529 0.52549020
v 0.02533927 -0.00074135 0.03760225 0.38039216 0.78823529 0.52549020
v 0.02220614 0.00857872 0.03935021 0.38039216 0.78823529 0.52549020
v 0.02210838 0.00906759 0.03927551 0.38039216 0.78823529 0.52549020
v 0.02081706 0.01271572 0.03896898 0.38039216 0.78823529 0.52549020
v 0.02191289 0.01363038 0.03740889 0.38039216 0.78823529 0.52549020
v 0.02212382 0.01397207 0.03686505 0.38039216 0.78823529 0.52549020
v 0.02046722 0.01639014 0.03687165 0.38039216 0.78823529 0.52549020
v 0.01968522 0.01724172 0.03699030 0.38039216 0.78823529 0.52549020
v 0.01923248 0.01759917 0.03726277 0.38039216 0.78823529 0.52549020
v 0.02135211 0.01266841 0.03850974 0.38039216 0.78823529 0.52549020
v 0.02175855 0.01266841 0.03810983 0.38039216 0.78823529 0.52549020
v 0.02216497 0.01266841 0.03770113 0.38039216 0.78823529 0.52549020
v 0.02259199 0.01266316 0.03715510 0.38039216 0.78823529 0.52549020
v 0.02222671 0.01340960 0.03715730 0.38039216 0.78823529 0.52549020
v 0.01887235 0.01804073 0.03699030 0.38039216 0.78823529 0.52549020
v 0.01927364 0.01767802 0.03637066 0.38039216 0.78823529 0.52549020
v 0.01694308 0.01940746 0.03001493 0.38039216 0.78823529 0.52549020
v 0.01653150 0.01977543 0.03001493 0.38039216 0.78823529 0.52549020
v 0.01562603 0.02050611 0.03001493 0.38039216 0.78823529 0.52549020
v 0.01511670 0.02087407 0.03001493 0.38039216 0.78823529 0.52549020
v 0.01389226 0.02206734 0.03514456 0.38039216 0.78823529 0.52549020
v 0.01354756 0.02228287 0.03481826 0.38039216 0.78823529 0.52549020
v 0.01275528 0.02274545 0.03473696 0.38039216 0.78823529 0.52549020
v 0.01083115 0.02382832 0.03718806 0.38039216 0.78823529 0.52549020
v 0.01021378 0.02415424 0.03718806 0.38039216 0.78823529 0.52549020
v 0.01642346 0.01986480 0.03001493 0.38039216 0.78823529 0.52549020
v 0.01603247 0.02018545 0.03001493 0.38039216 0.78823529 0.52549020
v 0.01571349 0.02043777 0.03001493 0.38039216 0.78823529 0.52549020
v 0.01311541 -0.02045913 0.03924804 0.38039216 0.78823529 0.52549020
v 0.01753472 -0.01588582 0.03941174 0.38039216 0.78823529 0.52549020
v 0.01676302 -0.01595416 0.03985560 0.38039216 0.78823529 0.52549020
v 0.01903698 -0.01415638 0.03940185 0.38039216 0.78823529 0.52549020
v 0.01926850 -0.01353609 0.03956885 0.38039216 0.78823529 0.52549020
v 0.01856882 -0.01348352 0.03996107 0.38039216 0.78823529 0.52549020
v 0.01799775 -0.01391457 0.04005445 0.38039216 0.78823529 0.52549020
v 0.01809550 -0.01808311 0.03533133 0.38039216 0.78823529 0.52549020
v 0.01808007 -0.01727359 0.03776266 0.38039216 0.78823529 0.52549020
v 0.01961834 -0.01553363 0.03760885 0.38039216 0.78823529 0.52549020
v 0.01944856 -0.01532336 0.03815378 0.38039216 0.78823529 0.52549020
v 0.01965950 -0.01477667 0.03846140 0.38039216 0.78823529 0.52549020
v 0.01958233 -0.01384624 0.03920190 0.38039216 0.78823529 0.52549020
v 0.01802347 -0.01558094 0.03926452 0.38039216 0.78823529 0.52549020
v 0.01407747 -0.02061157 0.03858775 0.38039216 0.78823529 0.52549020
v 0.01552314 -0.01961280 0.03840867 0.38039216 0.78823529 0.52549020
v 0.01562603 -0.01970217 0.03786373 0.38039216 0.78823529 0.52549020
v 0.01562603 -0.02052747 0.03534342 0.38039216 0.78823529 0.52549020
v 0.02120292 -0.01131778 0.03918432 0.38039216 0.78823529 0.52549020
v 0.02133667 -0.01238488 0.03848557 0.38039216 0.78823529 0.52549020
v 0.02001963 -0.01262669 0.03947656 0.38039216 0.78823529 0.52549020
v 0.02104857 -0.01184870 0.03904479 0.38039216 0.78823529 0.52549020
v 0.01974696 -0.01330480 0.03936560 0.38039216 0.78823529 0.52549020
v 0.02048265 -0.01232706 0.03927770 0.38039216 0.78823529 0.52549020
v 0.01071282 -0.02294553 0.03776815 0.38039216 0.78823529 0.52549020
v 0.00390120 -0.02609428 0.03001493 0.38039216 0.78823529 0.52549020
v 0.00576359 -0.02534783 0.03392066 0.38039216 0.78823529 0.52549020
v 0.00617003 -0.02521641 0.03392066 0.38039216 0.78823529 0.52549020
v 0.00694688 -0.02498512 0.03310326 0.38039216 0.78823529 0.52549020
v 0.00823821 -0.02454356 0.03310326 0.38039216 0.78823529 0.52549020
v 0.00821763 -0.02453305 0.03371741 0.38039216 0.78823529 0.52549020
v 0.00768258 -0.02464344 0.03473696 0.38039216 0.78823529 0.52549020
v 0.00989995 -0.02375506 0.03555436 0.38039216 0.78823529 0.52549020
v 0.01266782 -0.02240935 0.03555436 0.38039216 0.78823529 0.52549020
v 0.00815589 -0.02451202 0.03426124 0.38039216 0.78823529 0.52549020
v 0.00864464 -0.02438586 0.03310326 0.38039216 0.78823529 0.52549020
v 0.01316171 -0.02212549 0.03555436 0.38039216 0.78823529 0.52549020
v 0.01462281 -0.02118981 0.03555436 0.38039216 0.78823529 0.52549020
v 0.01387683 -0.02124237 0.03754842 0.38039216 0.78823529 0.52549020
v 0.01269354 -0.02228319 0.03636736 0.38039216 0.78823529 0.52549020
v 0.00960156 0.02443284 0.03718806 0.38039216 0.78823529 0.52549020
v 0.00919513 0.02460106 0.03718806 0.38039216 0.78823529 0.52549020
v 0.00857776 0.02483760 0.03718806 0.38039216 0.78823529 0.52549020
v 0.00913339 0.02460106 0.03473696 0.38039216 0.78823529 0.52549020
v 0.00909738 0.02458529 0.03412391 0.38039216 0.78823529 0.52549020
v 0.00775975 0.02491120 0.03310326 0.38039216 0.78823529 0.52549020
v 0.00513079 0.02541058 0.03164204 0.38039216 0.78823529 0.52549020
v 0.00449285 0.02565765 0.03228586 0.38039216 0.78823529 0.52549020
v 0.00612887 0.02488492 0.03001493 0.38039216 0.78823529 0.52549020
v 0.01371734 -0.02117404 0.03800546 0.38039216 0.78823529 0.52549020
v 0.02458300 -0.00530940 0.03773849 0.38039216 0.78823529 0.52549020
v 0.02466532 -0.00449462 0.03788571 0.38039216 0.78823529 0.52549020
v 0.02548847 -0.00115663 0.03721882 0.38039216 0.78823529 0.52549020
v 0.02548847 -0.00044172 0.03725508 0.38039216 0.78823529 0.52549020
v 0.02206723 -0.01225872 0.03759786 0.38039216 0.78823529 0.52549020
v 0.02366723 -0.00891022 0.03718806 0.38039216 0.78823529 0.52549020
v 0.02384216 -0.00850020 0.03718806 0.38039216 0.78823529 0.52549020
v 0.02476306 -0.00530940 0.03718806 0.38039216 0.78823529 0.52549020
v 0.02453155 -0.00575096 0.03761763 0.38039216 0.78823529 0.52549020
v 0.02584860 0.00285946 0.03637066 0.38039216 0.78823529 0.52549020
v 0.02580230 0.00367425 0.03637066 0.38039216 0.78823529 0.52549020
v 0.02572512 0.00449429 0.03637066 0.38039216 0.78823529 0.52549020
v 0.02559136 0.00530907 0.03637066 0.38039216 0.78823529 0.52549020
v 0.02535471 0.00578217 0.03680023 0.38039216 0.78823529 0.52549020
v 0.02462930 0.00776394 0.03692109 0.38039216 0.78823529 0.52549020
v 0.02293154 0.01238455 0.03685956 0.38039216 0.78823529 0.52549020
v 0.02279263 0.01289445 0.03637066 0.38039216 0.78823529 0.52549020
v 0.02244794 0.01348320 0.03637066 0.38039216 0.78823529 0.52549020
v 0.02212896 0.01397732 0.03637066 0.38039216 0.78823529 0.52549020
v 0.02118233 0.01543868 0.03637066 0.38039216 0.78823529 0.52549020
v 0.02084278 0.01593806 0.03637066 0.38039216 0.78823529 0.52549020
v 0.02049809 0.01642168 0.03637066 0.38039216 0.78823529 0.52549020
v 0.02012252 0.01683170 0.03637066 0.38039216 0.78823529 0.52549020
v 0.01971094 0.01726800 0.03637066 0.38039216 0.78823529 0.52549020
v 0.02454184 0.00822127 0.03681342 0.38039216 0.78823529 0.52549020
v 0.01745241 0.01891334 0.03001493 0.38039216 0.78823529 0.52549020
v 0.01463824 0.02120524 0.03001493 0.38039216 0.78823529 0.52549020
v 0.01423181 0.02144180 0.03001493 0.38039216 0.78823529 0.52549020
v 0.01261637 0.02272968 0.03390747 0.38039216 0.78823529 0.52549020
v 0.01820868 -0.01511835 0.03940295 0.38039216 0.78823529 0.52549020
v 0.01819325 -0.01814619 0.03473696 0.38039216 0.78823529 0.52549020
v 0.01859968 -0.01772040 0.03473696 0.38039216 0.78823529 0.52549020
v 0.02040034 -0.01466102 0.03746492 0.38039216 0.78823529 0.52549020
v 0.01978811 -0.01507630 0.03793075 0.38039216 0.78823529 0.52549020
v 0.01316685 -0.02213601 0.03001493 0.38039216 0.78823529 0.52549020
v 0.01561574 -0.02051695 0.03473696 0.38039216 0.78823529 0.52549020
v 0.00405555 -0.02604171 0.03001493 0.38039216 0.78823529 0.52549020
v 0.00467291 -0.02581568 0.03001493 0.38039216 0.78823529 0.52549020
v 0.00822792 -0.02453830 0.03228586 0.38039216 0.78823529 0.52549020
v 0.00863435 -0.02438586 0.03228586 0.38039216 0.78823529 0.52549020
v 0.01045558 -0.02362364 0.03228586 0.38039216 0.78823529 0.52549020
v 0.00939577 -0.02407046 0.03310326 0.38039216 0.78823529 0.52549020
v 0.01004915 -0.02380763 0.03228586 0.38039216 0.78823529 0.52549020
v 0.01103179 -0.02336606 0.03146846 0.38039216 0.78823529 0.52549020
v 0.01167488 -0.02301912 0.03146846 0.38039216 0.78823529 0.52549020
v 0.01209675 -0.02279309 0.03065105 0.38039216 0.78823529 0.52549020
v 0.00939577 -0.02408623 0.03228586 0.38039216 0.78823529 0.52549020
v 0.01266782 -0.02244615 0.03001493 0.38039216 0.78823529 0.52549020
v 0.00857776 0.02412270 0.03001493 0.38039216 0.78823529 0.52549020
v 0.00838740 0.02419629 0.03001493 0.38039216 0.78823529 0.52549020
v 0.00782148 0.02441181 0.03001493 0.38039216 0.78823529 0.52549020
v 0.01344467 0.02185182 0.03001493 0.38039216 0.78823529 0.52549020
v 0.01332634 0.02190964 0.03001493 0.38039216 0.78823529 0.52549020
v 0.00681826 0.02472196 0.03001493 0.38039216 0.78823529 0.52549020
v 0.02495342 -0.00449462 0.03718806 0.38039216 0.78823529 0.52549020
v 0.02543188 -0.00188731 0.03696613 0.38039216 0.78823529 0.52549020
v 0.02629104 -0.00041544 0.03396460 0.38039216 0.78823529 0.52549020
v 0.02617786 0.00148747 0.03522476 0.38039216 0.78823529 0.52549020
v 0.02608526 0.00203942 0.03567521 0.38039216 0.78823529 0.52549020
v 0.02217012 -0.01321018 0.03450954 0.38039216 0.78823529 0.52549020
v 0.02292125 -0.01230077 0.03363391 0.38039216 0.78823529 0.52549020
v 0.02337913 -0.01103392 0.03392066 0.38039216 0.78823529 0.52549020
v 0.02362093 -0.01039260 0.03392066 0.38039216 0.78823529 0.52549020
v 0.02372897 -0.00990899 0.03437660 0.38039216 0.78823529 0.52549020
v 0.02375984 -0.00998784 0.03392066 0.38039216 0.78823529 0.52549020
v 0.02453155 -0.00740156 0.03439747 0.38039216 0.78823529 0.52549020
v 0.02534956 -0.00493618 0.03354162 0.38039216 0.78823529 0.52549020
v 0.02613670 -0.00239195 0.03258139 0.38039216 0.78823529 0.52549020
v 0.02621388 -0.00185051 0.03293077 0.38039216 0.78823529 0.52549020
v 0.02631163 -0.00128805 0.03316258 0.38039216 0.78823529 0.52549020
v 0.02609040 0.00285946 0.03552360 0.38039216 0.78823529 0.52549020
v 0.02598751 0.00367425 0.03555436 0.38039216 0.78823529 0.52549020
v 0.02587947 0.00449429 0.03555436 0.38039216 0.78823529 0.52549020
v 0.02573027 0.00530907 0.03555436 0.38039216 0.78823529 0.52549020
v 0.02554506 0.00612911 0.03555436 0.38039216 0.78823529 0.52549020
v 0.02534956 0.00659170 0.03602239 0.38039216 0.78823529 0.52549020
v 0.02541130 0.00608180 0.03632451 0.38039216 0.78823529 0.52549020
v 0.02516435 0.00689659 0.03632451 0.38039216 0.78823529 0.52549020
v 0.02488654 0.00776394 0.03637066 0.38039216 0.78823529 0.52549020
v 0.02298299 0.01248443 0.03637066 0.38039216 0.78823529 0.52549020
v 0.02461901 0.00852616 0.03630474 0.38039216 0.78823529 0.52549020
v 0.02452641 0.00900451 0.03598833 0.38039216 0.78823529 0.52549020
v 0.02457271 0.00909913 0.03555436 0.38039216 0.78823529 0.52549020
v 0.02388332 0.01091268 0.03228586 0.38039216 0.78823529 0.52549020
v 0.02462415 0.00923055 0.03473696 0.38039216 0.78823529 0.52549020
v 0.02446467 0.00969314 0.03392066 0.38039216 0.78823529 0.52549020
v 0.02423830 0.01021355 0.03310326 0.38039216 0.78823529 0.52549020
v 0.02118233 0.01540714 0.03555436 0.38039216 0.78823529 0.52549020
v 0.02048780 0.01640591 0.03572685 0.38039216 0.78823529 0.52549020
v 0.01777138 0.01857165 0.03001493 0.38039216 0.78823529 0.52549020
v 0.01940740 0.01696837 0.03065105 0.38039216 0.78823529 0.52549020
v 0.01978811 0.01656361 0.03065105 0.38039216 0.78823529 0.52549020
v 0.01898039 -0.01737872 0.03392066 0.38039216 0.78823529 0.52549020
v 0.02045693 -0.01557042 0.03439308 0.38039216 0.78823529 0.52549020
v 0.01348583 -0.02187317 0.03001493 0.38039216 0.78823529 0.52549020
v 0.01368133 -0.02171021 0.03001493 0.38039216 0.78823529 0.52549020
v 0.01405689 -0.02138956 0.03001493 0.38039216 0.78823529 0.52549020
v 0.01852766 -0.01778874 0.03392066 0.38039216 0.78823529 0.52549020
v 0.00814560 -0.02451202 0.03001493 0.38039216 0.78823529 0.52549020
v 0.00816618 -0.02451728 0.03027422 0.38039216 0.78823529 0.52549020
v 0.00820734 -0.02453305 0.03146846 0.38039216 0.78823529 0.52549020
v 0.00939577 -0.02407572 0.03146846 0.38039216 0.78823529 0.52549020
v 0.01048131 -0.02363941 0.03146846 0.38039216 0.78823529 0.52549020
v 0.01103179 -0.02337132 0.03065105 0.38039216 0.78823529 0.52549020
v 0.01168517 -0.02301912 0.03065105 0.38039216 0.78823529 0.52549020
v 0.01199386 -0.02284040 0.03001493 0.38039216 0.78823529 0.52549020
v 0.01208646 -0.02278783 0.03001493 0.38039216 0.78823529 0.52549020
v 0.01007487 -0.02380763 0.03146846 0.38039216 0.78823529 0.52549020
v 0.02624474 -0.00106201 0.03372180 0.38039216 0.78823529 0.52549020
v 0.02646082 -0.00040493 0.03310326 0.38039216 0.78823529 0.52549020
v 0.02636822 0.00040460 0.03392066 0.38039216 0.78823529 0.52549020
v 0.02617786 0.00203942 0.03526761 0.38039216 0.78823529 0.52549020
v 0.02292125 -0.01230077 0.03344384 0.38039216 0.78823529 0.52549020
v 0.02617786 -0.00329610 0.03001493 0.38039216 0.78823529 0.52549020
v 0.02442866 -0.00785889 0.03392066 0.38039216 0.78823529 0.52549020
v 0.02630648 -0.00285979 0.03001493 0.38039216 0.78823529 0.52549020
v 0.02621388 -0.00259696 0.03146846 0.38039216 0.78823529 0.52549020
v 0.02624474 -0.00208706 0.03230014 0.38039216 0.78823529 0.52549020
v 0.02641966 -0.00122497 0.03228586 0.38039216 0.78823529 0.52549020
v 0.02616243 0.00258612 0.03523025 0.38039216 0.78823529 0.52549020
v 0.02614185 0.00313281 0.03496987 0.38039216 0.78823529 0.52549020
v 0.02609555 0.00361643 0.03471279 0.38039216 0.78823529 0.52549020
v 0.02595149 0.00449429 0.03473696 0.38039216 0.78823529 0.52549020
v 0.02561195 0.00612911 0.03473696 0.38039216 0.78823529 0.52549020
v 0.02542673 0.00684928 0.03473696 0.38039216 0.78823529 0.52549020
v 0.02538558 0.00670735 0.03555436 0.38039216 0.78823529 0.52549020
v 0.02526725 0.00711737 0.03555436 0.38039216 0.78823529 0.52549020
v 0.02507175 0.00776394 0.03555436 0.38039216 0.78823529 0.52549020
v 0.02478364 0.00857872 0.03555436 0.38039216 0.78823529 0.52549020
v 0.02424859 0.01021355 0.03228586 0.38039216 0.78823529 0.52549020
v 0.02420743 0.01021355 0.03146846 0.38039216 0.78823529 0.52549020
v 0.02384730 0.01086537 0.03146846 0.38039216 0.78823529 0.52549020
v 0.02359521 0.01127539 0.03146846 0.38039216 0.78823529 0.52549020
v 0.02362093 0.01132270 0.03228586 0.38039216 0.78823529 0.52549020
v 0.02487110 0.00857872 0.03473696 0.38039216 0.78823529 0.52549020
v 0.02492255 0.00857872 0.03392066 0.38039216 0.78823529 0.52549020
v 0.02464473 0.00928312 0.03392066 0.38039216 0.78823529 0.52549020
v 0.02465503 0.00930414 0.03310326 0.38039216 0.78823529 0.52549020
v 0.02447496 0.00970891 0.03310326 0.38039216 0.78823529 0.52549020
v 0.02230388 0.01313626 0.03001493 0.38039216 0.78823529 0.52549020
v 0.02220614 0.01328344 0.03001493 0.38039216 0.78823529 0.52549020
v 0.02190774 0.01369346 0.03001493 0.38039216 0.78823529 0.52549020
v 0.01971609 0.01647424 0.03001493 0.38039216 0.78823529 0.52549020
v 0.02045693 -0.01557042 0.03425575 0.38039216 0.78823529 0.52549020
v 0.01437586 -0.02110044 0.03001493 0.38039216 0.78823529 0.52549020
v 0.01446847 -0.02100582 0.03001493 0.38039216 0.78823529 0.52549020
v 0.01891866 -0.01727884 0.03331310 0.38039216 0.78823529 0.52549020
v 0.00954497 -0.02397584 0.03001493 0.38039216 0.78823529 0.52549020
v 0.00939577 -0.02405469 0.03065105 0.38039216 0.78823529 0.52549020
v 0.00850573 -0.02439638 0.03058843 0.38039216 0.78823529 0.52549020
v 0.01046587 -0.02363941 0.03065105 0.38039216 0.78823529 0.52549020
v 0.01103179 -0.02335029 0.03001493 0.38039216 0.78823529 0.52549020
v 0.01167488 -0.02301387 0.03001493 0.38039216 0.78823529 0.52549020
v 0.02645053 -0.00203975 0.03001493 0.38039216 0.78823529 0.52549020
v 0.02651227 -0.00122497 0.03001493 0.38039216 0.78823529 0.52549020
v 0.02647626 -0.00040493 0.03228586 0.38039216 0.78823529 0.52549020
v 0.02646597 0.00040460 0.03228586 0.38039216 0.78823529 0.52549020
v 0.02644539 0.00040460 0.03310326 0.38039216 0.78823529 0.52549020
v 0.02635278 0.00122464 0.03392066 0.38039216 0.78823529 0.52549020
v 0.02623960 0.00203942 0.03473696 0.38039216 0.78823529 0.52549020
v 0.02013796 -0.01452960 0.03001493 0.38039216 0.78823529 0.52549020
v 0.02023056 -0.01440344 0.03001493 0.38039216 0.78823529 0.52549020
v 0.02152703 -0.01255309 0.03001493 0.38039216 0.78823529 0.52549020
v 0.02293669 -0.00989322 0.03001493 0.38039216 0.78823529 0.52549020
v 0.02641452 -0.00203975 0.03065105 0.38039216 0.78823529 0.52549020
v 0.02634249 -0.00203975 0.03146846 0.38039216 0.78823529 0.52549020
v 0.02615728 0.00330628 0.03442494 0.38039216 0.78823529 0.52549020
v 0.02629104 0.00203942 0.03392066 0.38039216 0.78823529 0.52549020
v 0.02611098 0.00378464 0.03392066 0.38039216 0.78823529 0.52549020
v 0.02599265 0.00449429 0.03392066 0.38039216 0.78823529 0.52549020
v 0.02582802 0.00530907 0.03392066 0.38039216 0.78823529 0.52549020
v 0.02565310 0.00612911 0.03392066 0.38039216 0.78823529 0.52549020
v 0.02549876 0.00694390 0.03310326 0.38039216 0.78823529 0.52549020
v 0.02543702 0.00701223 0.03394153 0.38039216 0.78823529 0.52549020
v 0.02534956 0.00739597 0.03368225 0.38039216 0.78823529 0.52549020
v 0.02532898 0.00732763 0.03422718 0.38039216 0.78823529 0.52549020
v 0.02530840 0.00725930 0.03473696 0.38039216 0.78823529 0.52549020
v 0.02514377 0.00776394 0.03473696 0.38039216 0.78823529 0.52549020
v 0.02448010 0.00971416 0.03228586 0.38039216 0.78823529 0.52549020
v 0.02446981 0.00969314 0.03146846 0.38039216 0.78823529 0.52549020
v 0.02443380 0.00964057 0.03065105 0.38039216 0.78823529 0.52549020
v 0.02411483 0.01021355 0.03065105 0.38039216 0.78823529 0.52549020
v 0.02379071 0.01077601 0.03065105 0.38039216 0.78823529 0.52549020
v 0.02350775 0.01111244 0.03001493 0.38039216 0.78823529 0.52549020
v 0.02354891 0.01118603 0.03065105 0.38039216 0.78823529 0.52549020
v 0.02522609 0.00770612 0.03394153 0.38039216 0.78823529 0.52549020
v 0.02537014 0.00745905 0.03310326 0.38039216 0.78823529 0.52549020
v 0.02523123 0.00786382 0.03310326 0.38039216 0.78823529 0.52549020
v 0.02495856 0.00857872 0.03310326 0.38039216 0.78823529 0.52549020
v 0.02496885 0.00857872 0.03228586 0.38039216 0.78823529 0.52549020
v 0.01484918 -0.02059580 0.03001493 0.38039216 0.78823529 0.52549020
v 0.01715401 -0.01796747 0.03001493 0.38039216 0.78823529 0.52549020
v 0.01875402 -0.01613289 0.03001493 0.38039216 0.78823529 0.52549020
v 0.01043501 -0.02362890 0.03001493 0.38039216 0.78823529 0.52549020
v 0.02650198 -0.00040493 0.03001493 0.38039216 0.78823529 0.52549020
v 0.02649684 -0.00040493 0.03065105 0.38039216 0.78823529 0.52549020
v 0.02646597 0.00040460 0.03146846 0.38039216 0.78823529 0.52549020
v 0.02641966 0.00122464 0.03228586 0.38039216 0.78823529 0.52549020
v 0.02638880 0.00122464 0.03310326 0.38039216 0.78823529 0.52549020
v 0.02621902 0.00285946 0.03392066 0.38039216 0.78823529 0.52549020
v 0.02616758 0.00337462 0.03392066 0.38039216 0.78823529 0.52549020
v 0.02613156 0.00389503 0.03310326 0.38039216 0.78823529 0.52549020
v 0.02632192 0.00203942 0.03310326 0.38039216 0.78823529 0.52549020
v 0.02602867 0.00449429 0.03310326 0.38039216 0.78823529 0.52549020
v 0.02588976 0.00530907 0.03228586 0.38039216 0.78823529 0.52549020
v 0.02568397 0.00612911 0.03310326 0.38039216 0.78823529 0.52549020
v 0.02552448 0.00694390 0.03228586 0.38039216 0.78823529 0.52549020
v 0.02464473 0.00928837 0.03146846 0.38039216 0.78823529 0.52549020
v 0.02463444 0.00923055 0.03065105 0.38039216 0.78823529 0.52549020
v 0.02455727 0.00925158 0.03001493 0.38039216 0.78823529 0.52549020
v 0.02438750 0.00956698 0.03001493 0.38039216 0.78823529 0.52549020
v 0.02409425 0.01008739 0.03001493 0.38039216 0.78823529 0.52549020
v 0.02381643 0.01057626 0.03001493 0.38039216 0.78823529 0.52549020
v 0.02374441 0.01070242 0.03001493 0.38039216 0.78823529 0.52549020
v 0.02369296 0.01079178 0.03001493 0.38039216 0.78823529 0.52549020
v 0.02538043 0.00749585 0.03228586 0.38039216 0.78823529 0.52549020
v 0.02524152 0.00790587 0.03228586 0.38039216 0.78823529 0.52549020
v 0.02494827 0.00857872 0.03146846 0.38039216 0.78823529 0.52549020
v 0.02641966 0.00040460 0.03001493 0.38039216 0.78823529 0.52549020
v 0.02618301 0.00353758 0.03146846 0.38039216 0.78823529 0.52549020
v 0.02624989 0.00285946 0.03146846 0.38039216 0.78823529 0.52549020
v 0.02645053 0.00040460 0.03065105 0.38039216 0.78823529 0.52549020
v 0.02640423 0.00122464 0.03146846 0.38039216 0.78823529 0.52549020
v 0.02626532 0.00285946 0.03228586 0.38039216 0.78823529 0.52549020
v 0.02618815 0.00359540 0.03228586 0.38039216 0.78823529 0.52549020
v 0.02614185 0.00400542 0.03228586 0.38039216 0.78823529 0.52549020
v 0.02605953 0.00449429 0.03228586 0.38039216 0.78823529 0.52549020
v 0.02589490 0.00530907 0.03146846 0.38039216 0.78823529 0.52549020
v 0.02570969 0.00612911 0.03228586 0.38039216 0.78823529 0.52549020
v 0.02570969 0.00612911 0.03146846 0.38039216 0.78823529 0.52549020
v 0.02550905 0.00694390 0.03146846 0.38039216 0.78823529 0.52549020
v 0.02537529 0.00746431 0.03146846 0.38039216 0.78823529 0.52549020
v 0.02490197 0.00857872 0.03065105 0.38039216 0.78823529 0.52549020
v 0.02484538 0.00857872 0.03001493 0.38039216 0.78823529 0.52549020
v 0.02466532 0.00901503 0.03001493 0.38039216 0.78823529 0.52549020
v 0.02460358 0.00915696 0.03001493 0.38039216 0.78823529 0.52549020
v 0.02522609 0.00786907 0.03146846 0.38039216 0.78823529 0.52549020
v 0.02617272 0.00263868 0.03001493 0.38039216 0.78823529 0.52549020
v 0.02614185 0.00317486 0.03036541 0.38039216 0.78823529 0.52549020
v 0.02616243 0.00337462 0.03091034 0.38039216 0.78823529 0.52549020
v 0.02613670 0.00394760 0.03146846 0.38039216 0.78823529 0.52549020
v 0.02605439 0.00449429 0.03146846 0.38039216 0.78823529 0.52549020
v 0.02585889 0.00530907 0.03065105 0.38039216 0.78823529 0.52549020
v 0.02568397 0.00612911 0.03065105 0.38039216 0.78823529 0.52549020
v 0.02535471 0.00740123 0.03082794 0.38039216 0.78823529 0.52549020
v 0.02550390 0.00671260 0.03001493 0.38039216 0.78823529 0.52549020
v 0.02544731 0.00691236 0.03001493 0.38039216 0.78823529 0.52549020
v 0.02533413 0.00734340 0.03028300 0.38039216 0.78823529 0.52549020
v 0.02492255 0.00837371 0.03001493 0.38039216 0.78823529 0.52549020
v 0.02613156 0.00300665 0.03001493 0.38039216 0.78823529 0.52549020
v 0.02610584 0.00365848 0.03064336 0.38039216 0.78823529 0.52549020
v 0.02599265 0.00449429 0.03065105 0.38039216 0.78823529 0.52549020
v 0.02568911 0.00594513 0.03001493 0.38039216 0.78823529 0.52549020
v 0.02565310 0.00612911 0.03001493 0.38039216 0.78823529 0.52549020
v 0.02582802 0.00513035 0.03001493 0.38039216 0.78823529 0.52549020
v 0.02540101 0.00706480 0.03001493 0.38039216 0.78823529 0.52549020
v 0.02531869 0.00731186 0.03001493 0.38039216 0.78823529 0.52549020
v 0.02603896 0.00367425 0.03001493 0.38039216 0.78823529 0.52549020
v 0.02592063 0.00449429 0.03001493 0.38039216 0.78823529 0.52549020
f 1 2 3
f 1 3 4
f 1 4 5
f 1 5 6
f 1 6 7
f 1 7 8
f 1 8 9
f 1 9 29
f 1 29 28
f 1 28 59
f 1 59 102
f 1 102 144
f 1 144 198
f 1 198 197
f 1 197 142
f 1 142 189
f 1 189 188
f 1 188 191
f 1 191 196
f 1 196 251
f 1 251 249
f 1 249 248
f 1 248 308
f 1 308 307
f 1 307 356
f 1 356 405
f 1 405 407
f 1 407 406
f 1 406 416
f 1 416 467
f 1 467 466
f 1 466 511
f 1 511 580
f 1 580 649
f 1 649 648
f 1 648 719
f 1 719 791
f 1 791 720
f 1 720 721
f 1 721 715
f 1 715 714
f 1 714 790
f 1 790 884
f 1 884 939
f 1 939 936
f 1 936 935
f 1 935 934
f 1 934 938
f 1 938 937
f 1 937 913
f 1 913 912
f 1 912 827
f 1 827 826
f 1 826 835
f 1 835 834
f 1 834 833
f 1 833 825
f 1 825 824
f 1 824 911
f 1 911 975
f 1 975 1028
f 1 1028 1027
f 1 1027 1026
f 1 1026 1025
f 1 1025 1069
f 1 1069 1100
f 1 1100 1099
f 1 1099 1098
f 1 1098 1097
f 1 1097 1096
f 1 1096 1095
f 1 1095 1121
f 1 1121 1120
f 1 1120 1119
f 1 1119 1134
f 1 1134 1142
f 1 1142 1141
f 1 1141 1132
f 1 1132 1131
f 1 1131 1139
f 1 1139 1138
f 1 1138 1140
f 1 1140 1144
f 1 1144 1143
f 1 1143 1135
f 1 1135 1123
f 1 1123 1104
f 1 1104 1080
f 1 1080 1040
f 1 1040 1039
f 1 1039 1001
f 1 1001 999
f 1 999 1049
f 1 1049 1048
f 1 1048 1047
f 1 1047 1046
f 1 1046 1078
f 1 1078 1077
f 1 1077 1076
f 1 1076 1031
f 1 1031 1030
f 1 1030 982
f 1 982 981
f 1 981 980
f 1 980 920
f 1 920 933
f 1 933 992
f 1 992 991
f 1 991 1038
f 1 1038 1037
f 1 1037 1079
f 1 1079 1033
f 1 1033 984
f 1 984 923
f 1 923 922
f 1 922 861
f 1 861 777
f 1 777 704
f 1 704 628
f 1 628 626
f 1 626 625
f 1 625 552
f 1 552 487
f 1 487 438
f 1 438 437
f 1 437 436
f 1 436 435
f 1 435 434
f 1 434 433
f 1 433 432
f 1 432 376
f 1 376 328
f 1 328 275
f 1 275 274
f 1 274 273
f 1 273 271
f 1 271 218
f 1 218 270
f 1 270 269
f 1 269 233
f 1 233 232
f 1 232 231
f 1 231 230
f 1 230 229
f 1 229 228
f 1 228 173
f 1 173 172
f 1 172 171
f 1 171 145
f 1 145 105
f 1 105 104
f 1 104 103
f 1 103 60
f 1 60 32
f 1 32 11
f 1 11 2
f 2 10 3
f 2 11 12
f 2 12 13
f 2 13 14
f 2 14 10
f 3 10 15
f 3 15 16
f 3 16 4
f 4 17 18
f 4 18 19
f 4 19 20
f 4 20 21
f 4 21 22
f 4 22 5
f 4 16 15
f 4 15 23
f 4 23 17
f 5 22 24
f 5 24 6
f 6 24 7
f 7 24 8
f 8 24 25
f 8 25 26
f 8 26 27
f 8 27 28
f 8 28 29
f 8 29 9
f 10 30 31
f 10 31 15
f 10 14 30
f 11 32 33
f 11 33 12
f 12 33 34
f 12 34 13
f 13 34 14
f 14 34 35
f 14 35 36
f 14 36 30
f 15 31 23
f 17 23 37
f 17 37 18
f 18 38 19
f 18 37 39
f 18 39 40
f 18 40 38
f 19 38 21
f 19 21 20
f 21 41 22
f 21 38 42
f 21 42 41
f 22 41 43
f 22 43 44
f 22 44 45
f 22 45 24
f 23 46 47
f 23 47 48
f 23 48 49
f 23 49 50
f 23 50 37
f 23 31 46
f 24 45 51
f 24 51 52
f 24 52 53
f 24 53 25
f 25 54 55
f 25 55 26
f 25 53 54
f 26 55 56
f 26 56 57
f 26 57 58
f 26 58 27
f 27 59 28
f 27 58 59
f 30 36 46
f 30 46 31
f 32 60 61
f 32 61 33
f 33 62 63
f 33 63 34
f 33 61 62
f 34 63 64
f 34 64 35
f 35 64 36
f 36 64 48
f 36 48 46
f 37 50 39
f 38 65 42
f 38 40 66
f 38 66 67
f 38 67 68
f 38 68 65
f 39 50 69
f 39 69 70
f 39 70 71
f 39 71 40
f 40 71 67
f 40 67 66
f 41 42 72
f 41 72 43
f 42 65 72
f 43 72 73
f 43 73 44
f 44 73 74
f 44 74 45
f 45 75 76
f 45 76 51
f 45 74 75
f 46 48 47
f 48 64 63
f 48 63 62
f 48 62 77
f 48 77 78
f 48 78 79
f 48 79 49
f 49 79 80
f 49 80 50
f 50 81 82
f 50 82 83
f 50 83 84
f 50 84 69
f 50 80 85
f 50 85 81
f 51 76 52
f 52 86 87
f 52 87 88
f 52 88 55
f 52 55 89
f 52 89 53
f 52 76 86
f 53 89 54
f 54 89 55
f 55 90 91
f 55 91 92
f 55 92 93
f 55 93 94
f 55 94 95
f 55 95 56
f 55 88 90
f 56 95 57
f 57 95 96
f 57 96 97
f 57 97 98
f 57 98 99
f 57 99 100
f 57 100 101
f 57 101 58
f 58 101 102
f 58 102 59
f 60 103 61
f 61 78 77
f 61 77 62
f 61 103 104
f 61 104 105
f 61 105 106
f 61 106 78
f 65 107 72
f 65 68 107
f 67 71 68
f 68 71 108
f 68 108 109
f 68 109 110
f 68 110 111
f 68 111 112
f 68 112 113
f 68 113 114
f 68 114 107
f 69 84 115
f 69 115 70
f 70 115 116
f 70 116 71
f 71 116 108
f 72 107 114
f 72 114 73
f 73 114 113
f 73 113 117
f 73 117 118
f 73 118 74
f 74 118 75
f 75 119 76
f 75 118 119
f 76 120 121
f 76 121 122
f 76 122 86
f 76 119 120
f 78 106 123
f 78 123 79
f 79 123 80
f 80 123 81
f 80 81 85
f 81 123 82
f 82 123 124
f 82 124 125
f 82 125 83
f 83 125 126
f 83 126 127
f 83 127 84
f 84 127 128
f 84 128 116
f 84 116 115
f 86 122 87
f 87 122 129
f 87 129 88
f 88 129 90
f 90 129 91
f 91 129 130
f 91 130 131
f 91 131 132
f 91 132 133
f 91 133 92
f 92 133 134
f 92 134 135
f 92 135 93
f 93 136 96
f 93 96 94
f 93 135 137
f 93 137 138
f 93 138 136
f 94 96 95
f 96 136 139
f 96 139 140
f 96 140 98
f 96 98 97
f 98 141 100
f 98 100 99
f 98 140 142
f 98 142 141
f 100 141 143
f 100 143 144
f 100 144 102
f 100 102 101
f 105 145 146
f 105 146 106
f 106 146 123
f 108 147 148
f 108 148 109
f 108 116 149
f 108 149 150
f 108 150 151
f 108 151 152
f 108 152 147
f 109 148 110
f 110 153 154
f 110 154 155
f 110 155 112
f 110 112 111
f 110 148 156
f 110 156 157
f 110 157 158
f 110 158 153
f 112 155 159
f 112 159 117
f 112 117 113
f 116 128 127
f 116 127 160
f 116 160 161
f 116 161 162
f 116 162 163
f 116 163 149
f 117 159 164
f 117 164 165
f 117 165 118
f 118 165 119
f 119 166 120
f 119 165 166
f 120 166 167
f 120 167 121
f 121 167 166
f 121 166 122
f 122 168 169
f 122 169 170
f 122 170 129
f 122 166 168
f 123 146 124
f 124 146 171
f 124 171 172
f 124 172 173
f 124 173 125
f 125 174 126
f 125 173 174
f 126 174 175
f 126 175 176
f 126 176 177
f 126 177 178
f 126 178 127
f 127 178 160
f 129 170 131
f 129 131 130
f 131 170 179
f 131 179 132
f 132 179 133
f 133 180 181
f 133 181 182
f 133 182 134
f 133 179 180
f 134 182 183
f 134 183 184
f 134 184 185
f 134 185 135
f 135 185 186
f 135 186 187
f 135 187 137
f 136 188 189
f 136 189 139
f 136 138 190
f 136 190 191
f 136 191 188
f 137 187 192
f 137 192 193
f 137 193 194
f 137 194 195
f 137 195 196
f 137 196 190
f 137 190 138
f 139 189 140
f 140 189 142
f 141 197 198
f 141 198 144
f 141 144 143
f 141 142 197
f 145 171 146
f 147 152 148
f 148 152 156
f 149 163 199
f 149 199 150
f 150 163 200
f 150 200 201
f 150 201 202
f 150 202 152
f 150 152 151
f 150 199 163
f 152 157 156
f 152 202 157
f 153 203 204
f 153 204 205
f 153 205 155
f 153 155 154
f 153 158 206
f 153 206 207
f 153 207 203
f 155 208 209
f 155 209 210
f 155 210 159
f 155 205 208
f 157 202 211
f 157 211 212
f 157 212 213
f 157 213 206
f 157 206 158
f 159 210 214
f 159 214 164
f 160 178 215
f 160 215 161
f 161 215 177
f 161 177 216
f 161 216 217
f 161 217 218
f 161 218 219
f 161 219 220
f 161 220 162
f 162 221 201
f 162 201 200
f 162 200 163
f 162 220 222
f 162 222 221
f 164 214 223
f 164 223 165
f 165 223 166
f 166 223 214
f 166 214 224
f 166 224 225
f 166 225 170
f 166 170 168
f 168 170 169
f 170 226 227
f 170 227 179
f 170 225 226
f 173 228 174
f 174 228 229
f 174 229 230
f 174 230 231
f 174 231 232
f 174 232 176
f 174 176 175
f 176 232 233
f 176 233 216
f 176 216 177
f 177 215 178
f 179 227 180
f 180 234 235
f 180 235 181
f 180 227 234
f 181 235 236
f 181 236 237
f 181 237 238
f 181 238 182
f 182 238 183
f 183 238 239
f 183 239 240
f 183 240 241
f 183 241 184
f 184 241 185
f 185 242 186
f 185 241 243
f 185 243 242
f 186 242 187
f 187 242 244
f 187 244 245
f 187 245 246
f 187 246 192
f 190 196 191
f 192 246 193
f 193 246 247
f 193 247 248
f 193 248 249
f 193 249 194
f 194 249 250
f 194 250 195
f 195 250 251
f 195 251 196
f 201 221 202
f 202 221 252
f 202 252 211
f 203 253 204
f 203 207 253
f 204 253 254
f 204 254 205
f 205 254 208
f 206 255 207
f 206 213 255
f 207 255 253
f 208 256 209
f 208 254 256
f 209 256 257
f 209 257 258
f 209 258 210
f 210 258 259
f 210 259 214
f 211 252 260
f 211 260 212
f 212 261 213
f 212 260 262
f 212 262 263
f 212 263 261
f 213 261 264
f 213 264 265
f 213 265 266
f 213 266 255
f 214 259 267
f 214 267 268
f 214 268 224
f 216 233 269
f 216 269 217
f 217 269 270
f 217 270 218
f 218 271 219
f 219 272 220
f 219 271 273
f 219 273 274
f 219 274 275
f 219 275 272
f 220 276 222
f 220 272 277
f 220 277 278
f 220 278 279
f 220 279 276
f 221 222 280
f 221 280 281
f 221 281 282
f 221 282 260
f 221 260 252
f 222 276 280
f 224 268 283
f 224 283 226
f 224 226 225
f 226 284 227
f 226 283 268
f 226 268 285
f 226 285 284
f 227 284 286
f 227 286 287
f 227 287 288
f 227 288 289
f 227 289 290
f 227 290 291
f 227 291 234
f 234 291 235
f 235 291 292
f 235 292 293
f 235 293 294
f 235 294 295
f 235 295 236
f 236 295 294
f 236 294 296
f 236 296 297
f 236 297 298
f 236 298 237
f 237 298 238
f 238 298 239
f 239 298 299
f 239 299 240
f 240 299 243
f 240 243 241
f 242 243 244
f 243 299 244
f 244 300 301
f 244 301 302
f 244 302 245
f 244 299 303
f 244 303 304
f 244 304 305
f 244 305 300
f 245 302 246
f 246 302 301
f 246 301 300
f 246 300 306
f 246 306 307
f 246 307 308
f 246 308 247
f 247 308 248
f 249 251 250
f 253 309 310
f 253 310 311
f 253 311 254
f 253 255 266
f 253 266 312
f 253 312 313
f 253 313 309
f 254 311 256
f 256 314 315
f 256 315 257
f 256 311 310
f 256 310 314
f 257 315 316
f 257 316 258
f 258 316 317
f 258 317 259
f 259 317 267
f 260 282 281
f 260 281 318
f 260 318 319
f 260 319 263
f 260 263 262
f 261 320 264
f 261 263 320
f 263 319 321
f 263 321 322
f 263 322 323
f 263 323 324
f 263 324 265
f 263 265 325
f 263 325 320
f 264 320 265
f 265 320 325
f 265 324 323
f 265 323 326
f 265 326 327
f 265 327 266
f 266 327 312
f 267 317 285
f 267 285 268
f 272 275 328
f 272 328 329
f 272 329 277
f 276 279 330
f 276 330 280
f 277 329 278
f 278 329 331
f 278 331 279
f 279 331 332
f 279 332 333
f 279 333 334
f 279 334 321
f 279 321 318
f 279 318 330
f 280 330 318
f 280 318 281
f 284 285 335
f 284 335 336
f 284 336 287
f 284 287 286
f 285 317 337
f 285 337 335
f 287 336 288
f 288 336 338
f 288 338 339
f 288 339 340
f 288 340 341
f 288 341 289
f 289 341 390
f 289 390 342
f 289 342 343
f 289 343 290
f 290 343 291
f 291 343 293
f 291 293 292
f 293 343 344
f 293 344 345
f 293 345 346
f 293 346 294
f 294 346 347
f 294 347 348
f 294 348 349
f 294 349 350
f 294 350 351
f 294 351 296
f 296 352 298
f 296 298 297
f 296 351 352
f 298 352 353
f 298 353 354
f 298 354 299
f 299 354 355
f 299 355 303
f 300 356 307
f 300 307 306
f 300 305 357
f 300 357 356
f 303 355 304
f 304 355 358
f 304 358 359
f 304 359 360
f 304 360 305
f 305 361 362
f 305 362 357
f 305 360 363
f 305 363 361
f 309 364 365
f 309 365 314
f 309 314 310
f 309 313 312
f 309 312 366
f 309 366 367
f 309 367 368
f 309 368 369
f 309 369 364
f 312 327 370
f 312 370 371
f 312 371 367
f 312 367 366
f 314 365 372
f 314 372 337
f 314 337 317
f 314 317 315
f 315 317 316
f 318 321 319
f 321 373 322
f 321 334 373
f 322 373 323
f 323 374 327
f 323 327 326
f 323 373 375
f 323 375 374
f 327 374 370
f 328 376 377
f 328 377 329
f 329 377 378
f 329 378 379
f 329 379 380
f 329 380 381
f 329 381 331
f 331 381 382
f 331 382 383
f 331 383 332
f 332 383 333
f 333 384 334
f 333 383 384
f 334 384 385
f 334 385 373
f 335 337 369
f 335 369 386
f 335 386 387
f 335 387 336
f 336 387 338
f 337 372 365
f 337 365 369
f 338 387 388
f 338 388 339
f 339 388 340
f 340 388 389
f 340 389 390
f 340 390 341
f 342 390 391
f 342 391 344
f 342 344 343
f 344 391 392
f 344 392 347
f 344 347 345
f 345 347 346
f 347 392 393
f 347 393 394
f 347 394 395
f 347 395 396
f 347 396 348
f 348 396 397
f 348 397 398
f 348 398 349
f 349 355 351
f 349 351 350
f 349 398 355
f 351 355 354
f 351 354 352
f 352 354 353
f 355 398 399
f 355 399 400
f 355 400 401
f 355 401 402
f 355 402 403
f 355 403 404
f 355 404 358
f 356 357 405
f 357 362 406
f 357 406 407
f 357 407 405
f 358 408 409
f 358 409 359
f 358 404 410
f 358 410 411
f 358 411 412
f 358 412 413
f 358 413 408
f 359 409 360
f 360 409 414
f 360 414 363
f 361 415 406
f 361 406 362
f 361 363 415
f 363 414 416
f 363 416 406
f 363 406 415
f 364 369 365
f 367 371 370
f 367 370 368
f 368 370 417
f 368 417 369
f 369 418 419
f 369 419 420
f 369 420 421
f 369 421 422
f 369 422 423
f 369 423 387
f 369 387 386
f 369 417 424
f 369 424 425
f 369 425 426
f 369 426 427
f 369 427 418
f 370 374 428
f 370 428 429
f 370 429 417
f 373 385 430
f 373 430 375
f 374 375 428
f 375 430 431
f 375 431 428
f 376 432 378
f 376 378 377
f 378 432 433
f 378 433 379
f 379 433 380
f 380 434 435
f 380 435 436
f 380 436 437
f 380 437 438
f 380 438 439
f 380 439 440
f 380 440 382
f 380 382 381
f 380 433 434
f 382 440 383
f 383 440 439
f 383 439 441
f 383 441 442
f 383 442 384
f 384 443 430
f 384 430 385
f 384 442 443
f 387 423 388
f 388 444 445
f 388 445 446
f 388 446 389
f 388 423 422
f 388 422 421
f 388 421 419
f 388 419 444
f 389 446 447
f 389 447 390
f 390 447 391
f 391 447 448
f 391 448 449
f 391 449 392
f 392 449 450
f 392 450 393
f 393 450 451
f 393 451 394
f 394 451 452
f 394 452 453
f 394 453 454
f 394 454 395
f 395 454 455
f 395 455 456
f 395 456 457
f 395 457 396
f 396 457 397
f 397 457 458
f 397 458 400
f 397 400 399
f 397 399 398
f 400 458 459
f 400 459 402
f 400 402 401
f 402 459 460
f 402 460 403
f 403 460 410
f 403 410 404
f 408 461 409
f 408 413 462
f 408 462 461
f 409 461 414
f 410 460 411
f 411 455 463
f 411 463 412
f 411 460 455
f 412 463 464
f 412 464 413
f 413 464 465
f 413 465 462
f 414 461 466
f 414 466 467
f 414 467 416
f 417 429 468
f 417 468 469
f 417 469 470
f 417 470 425
f 417 425 424
f 418 427 471
f 418 471 472
f 418 472 473
f 418 473 419
f 419 474 475
f 419 475 476
f 419 476 477
f 419 477 444
f 419 421 420
f 419 473 478
f 419 478 479
f 419 479 474
f 425 470 480
f 425 480 481
f 425 481 426
f 426 481 482
f 426 482 427
f 427 482 483
f 427 483 471
f 428 431 484
f 428 484 429
f 429 484 468
f 430 443 485
f 430 485 431
f 431 486 484
f 431 485 486
f 438 487 441
f 438 441 488
f 438 488 439
f 439 488 441
f 441 487 489
f 441 489 490
f 441 490 442
f 442 490 491
f 442 491 443
f 443 491 485
f 444 477 492
f 444 492 445
f 445 492 493
f 445 493 494
f 445 494 446
f 446 494 495
f 446 495 447
f 447 495 496
f 447 496 497
f 447 497 448
f 448 497 450
f 448 450 449
f 450 497 498
f 450 498 499
f 450 499 500
f 450 500 501
f 450 501 502
f 450 502 503
f 450 503 451
f 451 503 452
f 452 503 504
f 452 504 505
f 452 505 453
f 453 505 454
f 454 505 506
f 454 506 507
f 454 507 508
f 454 508 509
f 454 509 455
f 455 509 510
f 455 510 463
f 455 460 459
f 455 459 457
f 455 457 456
f 457 459 458
f 461 511 466
f 461 462 512
f 461 512 513
f 461 513 511
f 462 465 514
f 462 514 512
f 463 510 515
f 463 515 464
f 464 515 516
f 464 516 517
f 464 517 465
f 465 518 514
f 465 517 518
f 468 484 519
f 468 519 520
f 468 520 521
f 468 521 522
f 468 522 469
f 469 522 523
f 469 523 470
f 470 523 524
f 470 524 525
f 470 525 480
f 471 483 526
f 471 526 472
f 472 526 527
f 472 527 473
f 473 527 528
f 473 528 529
f 473 529 478
f 474 530 531
f 474 531 532
f 474 532 533
f 474 533 475
f 474 479 534
f 474 534 535
f 474 535 536
f 474 536 530
f 475 533 537
f 475 537 538
f 475 538 539
f 475 539 540
f 475 540 476
f 476 540 477
f 477 540 492
f 478 529 595
f 478 595 541
f 478 541 542
f 478 542 479
f 479 542 534
f 480 543 481
f 480 525 543
f 481 543 544
f 481 544 545
f 481 545 483
f 481 483 482
f 483 545 546
f 483 546 547
f 483 547 548
f 483 548 527
f 483 527 526
f 484 486 519
f 485 491 549
f 485 549 486
f 486 550 519
f 486 549 491
f 486 491 551
f 486 551 550
f 487 552 553
f 487 553 489
f 489 553 554
f 489 554 555
f 489 555 490
f 490 555 556
f 490 556 491
f 491 556 557
f 491 557 558
f 491 558 559
f 491 559 551
f 492 540 493
f 493 560 494
f 493 540 561
f 493 561 562
f 493 562 560
f 494 560 563
f 494 563 564
f 494 564 496
f 494 496 495
f 496 564 565
f 496 565 499
f 496 499 497
f 497 499 498
f 499 565 566
f 499 566 567
f 499 567 568
f 499 568 500
f 500 568 501
f 501 568 569
f 501 569 502
f 502 569 570
f 502 570 503
f 503 570 504
f 504 506 505
f 504 570 571
f 504 571 572
f 504 572 573
f 504 573 506
f 506 573 507
f 507 574 508
f 507 573 572
f 507 572 575
f 507 575 576
f 507 576 577
f 507 577 574
f 508 574 509
f 509 574 510
f 510 574 515
f 511 513 578
f 511 578 579
f 511 579 580
f 512 514 581
f 512 581 513
f 513 581 582
f 513 582 583
f 513 583 578
f 514 518 581
f 515 574 584
f 515 584 516
f 516 584 517
f 517 584 581
f 517 581 518
f 519 550 585
f 519 585 586
f 519 586 587
f 519 587 588
f 519 588 520
f 520 588 589
f 520 589 521
f 521 589 524
f 521 524 522
f 522 524 523
f 524 590 591
f 524 591 543
f 524 543 525
f 524 589 590
f 527 592 593
f 527 593 528
f 527 548 592
f 528 594 529
f 528 593 594
f 529 594 595
f 530 596 597
f 530 597 598
f 530 598 531
f 530 536 599
f 530 599 600
f 530 600 596
f 531 598 532
f 532 601 533
f 532 598 602
f 532 602 603
f 532 603 604
f 532 604 605
f 532 605 606
f 532 606 601
f 533 601 537
f 534 542 541
f 534 541 607
f 534 607 535
f 535 607 608
f 535 608 609
f 535 609 599
f 535 599 536
f 537 601 606
f 537 606 610
f 537 610 611
f 537 611 612
f 537 612 538
f 538 612 613
f 538 613 561
f 538 561 539
f 539 561 540
f 541 595 614
f 541 614 607
f 543 615 544
f 543 591 616
f 543 616 615
f 544 615 617
f 544 617 545
f 545 617 618
f 545 618 546
f 546 618 619
f 546 619 620
f 546 620 621
f 546 621 622
f 546 622 623
f 546 623 547
f 547 623 548
f 548 623 592
f 550 551 585
f 551 559 558
f 551 558 624
f 551 624 585
f 552 625 553
f 553 625 626
f 553 626 627
f 553 627 554
f 554 627 628
f 554 628 629
f 554 629 630
f 554 630 555
f 555 631 556
f 555 630 631
f 556 631 632
f 556 632 557
f 557 632 558
f 558 632 624
f 560 633 563
f 560 562 634
f 560 634 635
f 560 635 633
f 561 613 562
f 562 636 634
f 562 613 636
f 563 633 635
f 563 635 565
f 563 565 564
f 565 635 566
f 566 635 637
f 566 637 567
f 567 638 639
f 567 639 568
f 567 637 640
f 567 640 638
f 568 639 569
f 569 639 641
f 569 641 642
f 569 642 571
f 569 571 570
f 571 642 643
f 571 643 644
f 571 644 575
f 571 575 572
f 574 577 584
f 575 644 576
f 576 645 583
f 576 583 582
f 576 582 577
f 576 644 645
f 577 582 584
f 578 583 646
f 578 646 579
f 579 646 647
f 579 647 648
f 579 648 649
f 579 649 580
f 581 584 582
f 583 645 650
f 583 650 646
f 585 651 652
f 585 652 653
f 585 653 654
f 585 654 586
f 585 624 651
f 586 654 655
f 586 655 587
f 587 655 588
f 588 655 589
f 589 656 657
f 589 657 590
f 589 655 654
f 589 654 656
f 590 616 591
f 590 657 616
f 592 623 658
f 592 658 659
f 592 659 660
f 592 660 661
f 592 661 593
f 593 661 662
f 593 662 663
f 593 663 664
f 593 664 665
f 593 665 595
f 593 595 594
f 595 665 664
f 595 664 614
f 596 666 667
f 596 667 602
f 596 602 598
f 596 598 597
f 596 600 668
f 596 668 666
f 599 609 669
f 599 669 670
f 599 670 600
f 600 670 668
f 602 671 603
f 602 667 672
f 602 672 671
f 603 671 604
f 604 671 673
f 604 673 674
f 604 674 675
f 604 675 676
f 604 676 677
f 604 677 678
f 604 678 679
f 604 679 606
f 604 606 605
f 606 679 678
f 606 678 680
f 606 680 681
f 606 681 637
f 606 637 610
f 607 614 682
f 607 682 608
f 608 682 683
f 608 683 669
f 608 669 609
f 610 637 635
f 610 635 634
f 610 634 684
f 610 684 611
f 611 684 685
f 611 685 686
f 611 686 612
f 612 686 687
f 612 687 636
f 612 636 613
f 614 664 688
f 614 688 682
f 615 616 689
f 615 689 690
f 615 690 691
f 615 691 692
f 615 692 693
f 615 693 617
f 616 657 694
f 616 694 689
f 617 693 618
f 618 693 695
f 618 695 619
f 619 695 620
f 620 696 697
f 620 697 698
f 620 698 621
f 620 695 699
f 620 699 700
f 620 700 701
f 620 701 702
f 620 702 696
f 621 698 622
f 622 659 623
f 622 698 659
f 623 659 658
f 624 632 703
f 624 703 651
f 626 628 627
f 628 704 629
f 629 704 630
f 630 704 705
f 630 705 706
f 630 706 707
f 630 707 632
f 630 632 631
f 632 707 706
f 632 706 708
f 632 708 709
f 632 709 703
f 634 636 684
f 636 687 684
f 637 681 640
f 638 710 711
f 638 711 642
f 638 642 641
f 638 641 639
f 638 640 680
f 638 680 710
f 640 681 680
f 642 711 712
f 642 712 713
f 642 713 643
f 643 713 714
f 643 714 715
f 643 715 716
f 643 716 717
f 643 717 645
f 643 645 644
f 645 717 650
f 646 650 718
f 646 718 647
f 647 718 648
f 648 718 719
f 650 720 718
f 650 717 721
f 650 721 720
f 651 722 723
f 651 723 652
f 651 703 722
f 652 723 653
f 653 723 724
f 653 724 725
f 653 725 726
f 653 726 654
f 654 726 656
f 656 727 728
f 656 728 694
f 656 694 657
f 656 726 727
f 659 729 730
f 659 730 731
f 659 731 732
f 659 732 660
f 659 698 696
f 659 696 733
f 659 733 734
f 659 734 729
f 660 732 735
f 660 735 661
f 661 735 736
f 661 736 737
f 661 737 662
f 662 737 688
f 662 688 663
f 663 688 664
f 666 672 738
f 666 738 667
f 666 668 739
f 666 739 672
f 667 738 672
f 668 670 740
f 668 740 739
f 669 683 737
f 669 737 670
f 670 741 740
f 670 737 742
f 670 742 741
f 671 672 673
f 672 743 744
f 672 744 745
f 672 745 746
f 672 746 673
f 672 739 747
f 672 747 748
f 672 748 749
f 672 749 750
f 672 750 751
f 672 751 743
f 673 746 674
f 674 746 744
f 674 744 752
f 674 752 676
f 674 676 675
f 676 752 753
f 676 753 754
f 676 754 677
f 677 755 756
f 677 756 757
f 677 757 758
f 677 758 759
f 677 759 760
f 677 760 678
f 677 754 761
f 677 761 755
f 678 760 759
f 678 759 680
f 680 759 710
f 682 688 683
f 683 688 737
f 684 687 685
f 685 687 686
f 689 762 690
f 689 694 763
f 689 763 764
f 689 764 762
f 690 762 691
f 691 765 766
f 691 766 692
f 691 762 767
f 691 767 765
f 692 766 768
f 692 768 693
f 693 768 695
f 694 728 763
f 695 768 699
f 696 698 697
f 696 702 769
f 696 769 734
f 696 734 733
f 699 768 700
f 700 768 770
f 700 770 771
f 700 771 772
f 700 772 773
f 700 773 701
f 701 773 774
f 701 774 775
f 701 775 702
f 702 775 769
f 703 709 776
f 703 776 722
f 704 777 706
f 704 706 705
f 706 777 778
f 706 778 779
f 706 779 780
f 706 780 781
f 706 781 709
f 706 709 708
f 709 781 782
f 709 782 783
f 709 783 776
f 710 759 784
f 710 784 711
f 711 784 712
f 712 785 713
f 712 784 786
f 712 786 785
f 713 787 788
f 713 788 714
f 713 785 787
f 714 788 789
f 714 789 790
f 715 721 717
f 715 717 716
f 718 720 791
f 718 791 719
f 722 776 792
f 722 792 793
f 722 793 794
f 722 794 723
f 723 794 724
f 724 794 795
f 724 795 726
f 724 726 725
f 726 795 727
f 727 795 728
f 728 795 796
f 728 796 797
f 728 797 763
f 729 798 799
f 729 799 730
f 729 734 798
f 730 799 798
f 730 798 731
f 731 798 732
f 732 798 800
f 732 800 735
f 734 769 801
f 734 801 802
f 734 802 798
f 735 803 804
f 735 804 805
f 735 805 806
f 735 806 807
f 735 807 736
f 735 800 808
f 735 808 803
f 736 807 809
f 736 809 742
f 736 742 737
f 739 740 810
f 739 810 811
f 739 811 748
f 739 748 747
f 740 741 809
f 740 809 810
f 741 742 809
f 743 751 812
f 743 812 813
f 743 813 744
f 744 814 815
f 744 815 816
f 744 816 752
f 744 746 745
f 744 813 814
f 748 811 817
f 748 817 818
f 748 818 751
f 748 751 750
f 748 750 749
f 751 818 819
f 751 819 820
f 751 820 821
f 751 821 812
f 752 816 822
f 752 822 754
f 752 754 753
f 754 823 824
f 754 824 825
f 754 825 761
f 754 822 823
f 755 761 826
f 755 826 756
f 756 826 827
f 756 827 828
f 756 828 829
f 756 829 757
f 757 829 830
f 757 830 831
f 757 831 759
f 757 759 758
f 759 832 784
f 759 831 832
f 761 825 833
f 761 833 834
f 761 834 835
f 761 835 826
f 762 764 836
f 762 836 767
f 763 797 764
f 764 797 836
f 765 767 837
f 765 837 838
f 765 838 839
f 765 839 840
f 765 840 841
f 765 841 766
f 766 842 770
f 766 770 768
f 766 841 842
f 767 843 844
f 767 844 845
f 767 845 846
f 767 846 847
f 767 847 848
f 767 848 849
f 767 849 837
f 767 836 850
f 767 850 851
f 767 851 852
f 767 852 853
f 767 853 843
f 769 775 854
f 769 854 855
f 769 855 801
f 770 841 771
f 770 842 841
f 771 856 772
f 771 841 840
f 771 840 856
f 772 774 773
f 772 856 774
f 774 857 854
f 774 854 775
f 774 856 858
f 774 858 859
f 774 859 857
f 776 783 860
f 776 860 792
f 777 861 863
f 777 863 862
f 777 862 778
f 778 862 863
f 778 863 779
f 779 864 865
f 779 865 866
f 779 866 780
f 779 863 861
f 779 861 864
f 780 866 867
f 780 867 781
f 781 868 869
f 781 869 782
f 781 867 870
f 781 870 866
f 781 866 871
f 781 871 868
f 782 872 873
f 782 873 853
f 782 853 874
f 782 874 875
f 782 875 783
f 782 869 872
f 783 875 860
f 784 832 876
f 784 876 877
f 784 877 878
f 784 878 786
f 785 786 787
f 786 878 879
f 786 879 787
f 787 879 880
f 787 880 881
f 787 881 789
f 787 789 788
f 789 882 883
f 789 883 790
f 789 881 882
f 790 883 882
f 790 882 884
f 792 860 885
f 792 885 793
f 793 885 850
f 793 850 794
f 794 850 836
f 794 836 797
f 794 797 796
f 794 796 795
f 798 802 886
f 798 886 887
f 798 887 800
f 800 888 889
f 800 889 808
f 800 887 888
f 801 855 890
f 801 890 891
f 801 891 892
f 801 892 893
f 801 893 894
f 801 894 886
f 801 886 802
f 803 895 896
f 803 896 804
f 803 808 895
f 804 896 897
f 804 897 805
f 805 897 898
f 805 898 899
f 805 899 807
f 805 807 806
f 807 899 809
f 808 889 895
f 809 900 810
f 809 899 900
f 810 900 819
f 810 819 818
f 810 818 817
f 810 817 811
f 812 821 813
f 813 821 901
f 813 901 902
f 813 902 903
f 813 903 904
f 813 904 905
f 813 905 906
f 813 906 814
f 814 906 907
f 814 907 815
f 815 907 908
f 815 908 909
f 815 909 822
f 815 822 816
f 819 901 820
f 819 900 910
f 819 910 901
f 820 901 821
f 822 909 823
f 823 909 824
f 824 909 911
f 827 912 828
f 828 912 829
f 829 912 830
f 830 912 913
f 830 913 914
f 830 914 880
f 830 880 879
f 830 879 832
f 830 832 831
f 832 879 876
f 837 849 915
f 837 915 838
f 838 915 839
f 839 915 849
f 839 849 848
f 839 848 840
f 840 848 858
f 840 858 856
f 843 916 917
f 843 917 844
f 843 853 916
f 844 917 845
f 845 918 919
f 845 919 846
f 845 917 918
f 846 919 847
f 847 919 918
f 847 918 890
f 847 890 855
f 847 855 848
f 848 855 859
f 848 859 858
f 850 885 851
f 851 885 874
f 851 874 853
f 851 853 852
f 853 873 920
f 853 920 921
f 853 921 916
f 854 857 855
f 855 857 859
f 860 875 874
f 860 874 885
f 861 922 864
f 864 922 865
f 865 922 923
f 865 923 924
f 865 924 925
f 865 925 871
f 865 871 866
f 866 870 867
f 868 926 869
f 868 871 927
f 868 927 928
f 868 928 926
f 869 926 929
f 869 929 930
f 869 930 931
f 869 931 872
f 871 925 932
f 871 932 927
f 872 920 873
f 872 931 933
f 872 933 920
f 876 879 877
f 877 879 878
f 880 934 935
f 880 935 936
f 880 936 881
f 880 914 937
f 880 937 938
f 880 938 934
f 881 936 939
f 881 939 882
f 882 939 884
f 886 894 940
f 886 940 887
f 887 940 888
f 888 940 941
f 888 941 942
f 888 942 943
f 888 943 944
f 888 944 889
f 889 944 895
f 890 945 946
f 890 946 891
f 890 918 945
f 891 946 892
f 892 946 947
f 892 947 948
f 892 948 949
f 892 949 950
f 892 950 951
f 892 951 893
f 893 952 953
f 893 953 954
f 893 954 955
f 893 955 940
f 893 940 894
f 893 951 952
f 895 944 956
f 895 956 896
f 896 956 897
f 897 956 957
f 897 957 958
f 897 958 898
f 898 958 959
f 898 959 960
f 898 960 961
f 898 961 962
f 898 962 899
f 899 962 963
f 899 963 964
f 899 964 910
f 899 910 900
f 901 965 902
f 901 910 964
f 901 964 966
f 901 966 967
f 901 967 968
f 901 968 965
f 902 969 903
f 902 965 970
f 902 970 971
f 902 971 972
f 902 972 969
f 903 969 973
f 903 973 904
f 904 973 905
f 905 973 906
f 906 973 974
f 906 974 907
f 907 974 908
f 908 974 909
f 909 974 911
f 911 974 976
f 911 976 977
f 911 977 975
f 913 937 914
f 916 921 978
f 916 978 917
f 917 978 979
f 917 979 918
f 918 979 945
f 920 980 921
f 921 980 981
f 921 981 982
f 921 982 983
f 921 983 978
f 923 984 985
f 923 985 986
f 923 986 924
f 924 986 925
f 925 986 987
f 925 987 932
f 926 988 929
f 926 928 988
f 927 932 988
f 927 988 928
f 929 988 989
f 929 989 990
f 929 990 930
f 930 990 931
f 931 990 991
f 931 991 992
f 931 992 933
f 932 987 993
f 932 993 988
f 940 955 994
f 940 994 941
f 941 994 942
f 942 994 995
f 942 995 996
f 942 996 943
f 943 996 997
f 943 997 944
f 944 997 956
f 945 979 946
f 946 998 948
f 946 948 947
f 946 979 1029
f 946 1029 998
f 948 950 949
f 948 998 999
f 948 999 950
f 950 1000 951
f 950 999 1000
f 951 1000 999
f 951 999 952
f 952 999 1001
f 952 1001 1002
f 952 1002 953
f 953 1002 1003
f 953 1003 954
f 954 1003 955
f 955 1003 1004
f 955 1004 995
f 955 995 994
f 956 997 1005
f 956 1005 1006
f 956 1006 957
f 957 1006 958
f 958 1006 1007
f 958 1007 1008
f 958 1008 959
f 959 1009 960
f 959 1008 1009
f 960 1009 1010
f 960 1010 1011
f 960 1011 961
f 961 1011 1012
f 961 1012 1013
f 961 1013 964
f 961 964 963
f 961 963 962
f 964 1013 1014
f 964 1014 967
f 964 967 966
f 965 968 970
f 967 1014 968
f 968 1014 970
f 969 1015 1016
f 969 1016 1017
f 969 1017 1018
f 969 1018 1019
f 969 1019 973
f 969 972 1015
f 970 1014 1020
f 970 1020 1021
f 970 1021 1022
f 970 1022 971
f 971 1022 1023
f 971 1023 1024
f 971 1024 972
f 972 1024 1015
f 973 1019 1025
f 973 1025 1026
f 973 1026 974
f 974 977 976
f 974 1026 1027
f 974 1027 977
f 975 977 1028
f 977 1027 1028
f 978 1029 979
f 978 983 982
f 978 982 1030
f 978 1030 1031
f 978 1031 1032
f 978 1032 998
f 978 998 1029
f 984 1033 985
f 985 1033 1034
f 985 1034 1035
f 985 1035 986
f 986 1035 987
f 987 1035 1034
f 987 1034 1036
f 987 1036 993
f 988 993 1036
f 988 1036 989
f 989 1036 1037
f 989 1037 1038
f 989 1038 990
f 990 1038 991
f 995 1004 1039
f 995 1039 1040
f 995 1040 1041
f 995 1041 1042
f 995 1042 1043
f 995 1043 1044
f 995 1044 996
f 996 1044 997
f 997 1044 1045
f 997 1045 1005
f 998 1032 1046
f 998 1046 1047
f 998 1047 1048
f 998 1048 1049
f 998 1049 999
f 1001 1039 1050
f 1001 1050 1051
f 1001 1051 1003
f 1001 1003 1002
f 1003 1051 1004
f 1004 1051 1050
f 1004 1050 1039
f 1005 1045 1006
f 1006 1052 1007
f 1006 1045 1053
f 1006 1053 1052
f 1007 1052 1054
f 1007 1054 1008
f 1008 1054 1055
f 1008 1055 1056
f 1008 1056 1009
f 1009 1056 1057
f 1009 1057 1058
f 1009 1058 1059
f 1009 1059 1010
f 1010 1059 1060
f 1010 1060 1061
f 1010 1061 1062
f 1010 1062 1012
f 1010 1012 1011
f 1012 1062 1013
f 1013 1062 1063
f 1013 1063 1020
f 1013 1020 1014
f 1015 1024 1064
f 1015 1064 1065
f 1015 1065 1016
f 1016 1065 1066
f 1016 1066 1017
f 1017 1066 1067
f 1017 1067 1068
f 1017 1068 1069
f 1017 1069 1070
f 1017 1070 1025
f 1017 1025 1018
f 1018 1025 1019
f 1020 1063 1071
f 1020 1071 1072
f 1020 1072 1073
f 1020 1073 1021
f 1021 1073 1074
f 1021 1074 1022
f 1022 1074 1023
f 1023 1064 1024
f 1023 1074 1075
f 1023 1075 1064
f 1025 1070 1069
f 1031 1076 1032
f 1032 1076 1077
f 1032 1077 1078
f 1032 1078 1046
f 1033 1079 1036
f 1033 1036 1034
f 1036 1079 1037
f 1040 1080 1081
f 1040 1081 1041
f 1041 1081 1042
f 1042 1081 1080
f 1042 1080 1082
f 1042 1082 1083
f 1042 1083 1043
f 1043 1083 1084
f 1043 1084 1044
f 1044 1084 1053
f 1044 1053 1045
f 1052 1085 1086
f 1052 1086 1087
f 1052 1087 1054
f 1052 1053 1085
f 1053 1084 1083
f 1053 1083 1088
f 1053 1088 1085
f 1054 1087 1055
f 1055 1087 1089
f 1055 1089 1056
f 1056 1090 1091
f 1056 1091 1057
f 1056 1089 1112
f 1056 1112 1090
f 1057 1091 1058
f 1058 1092 1072
f 1058 1072 1059
f 1058 1091 1114
f 1058 1114 1092
f 1059 1072 1060
f 1060 1072 1071
f 1060 1071 1063
f 1060 1063 1061
f 1061 1063 1062
f 1064 1075 1093
f 1064 1093 1065
f 1065 1093 1094
f 1065 1094 1066
f 1066 1094 1121
f 1066 1121 1095
f 1066 1095 1096
f 1066 1096 1067
f 1067 1096 1097
f 1067 1097 1098
f 1067 1098 1099
f 1067 1099 1100
f 1067 1100 1068
f 1068 1100 1069
f 1072 1101 1102
f 1072 1102 1073
f 1072 1092 1101
f 1073 1102 1074
f 1074 1102 1075
f 1075 1102 1103
f 1075 1103 1093
f 1080 1104 1105
f 1080 1105 1106
f 1080 1106 1107
f 1080 1107 1108
f 1080 1108 1083
f 1080 1083 1082
f 1083 1108 1106
f 1083 1106 1109
f 1083 1109 1088
f 1085 1109 1086
f 1085 1088 1109
f 1086 1109 1110
f 1086 1110 1111
f 1086 1111 1087
f 1087 1111 1112
f 1087 1112 1089
f 1090 1112 1113
f 1090 1113 1114
f 1090 1114 1091
f 1092 1114 1115
f 1092 1115 1116
f 1092 1116 1117
f 1092 1117 1101
f 1093 1103 1094
f 1094 1103 1118
f 1094 1118 1119
f 1094 1119 1120
f 1094 1120 1121
f 1101 1117 1102
f 1102 1117 1122
f 1102 1122 1103
f 1103 1122 1118
f 1104 1123 1124
f 1104 1124 1125
f 1104 1125 1105
f 1105 1110 1109
f 1105 1109 1106
f 1105 1125 1126
f 1105 1126 1111
f 1105 1111 1110
f 1106 1108 1107
f 1111 1126 1127
f 1111 1127 1112
f 1112 1127 1113
f 1113 1127 1128
f 1113 1128 1129
f 1113 1129 1115
f 1113 1115 1114
f 1115 1129 1116
f 1116 1129 1117
f 1117 1130 1122
f 1117 1129 1131
f 1117 1131 1132
f 1117 1132 1130
f 1118 1122 1130
f 1118 1130 1133
f 1118 1133 1134
f 1118 1134 1119
f 1123 1135 1124
f 1124 1135 1136
f 1124 1136 1125
f 1125 1136 1126
f 1126 1137 1127
f 1126 1136 1137
f 1127 1137 1128
f 1128 1138 1139
f 1128 1139 1129
f 1128 1137 1140
f 1128 1140 1138
f 1129 1139 1131
f 1130 1132 1141
f 1130 1141 1133
f 1133 1141 1142
f 1133 1142 1134
f 1135 1143 1137
f 1135 1137 1136
f 1137 1143 1144
f 1137 1144 1140

