mtllib textured.mtl
usemtl material0
v -0.015883 0.054147 0.017243
v -0.014902 0.055343 0.016206
v -0.024453 0.028052 0.036092
v -0.024610 0.027994 0.038040
v 0.010055 -0.010809 0.016496
v 0.009094 -0.011093 0.016501
v 0.019912 0.003050 0.048522
v 0.019127 -0.000286 0.050887
v 0.002027 0.050837 0.046089
v 0.001845 0.051970 0.044138
v 0.003578 0.052276 0.042505
v -0.000298 0.053743 0.042308
v 0.000133 0.052068 0.045273
v -0.019145 -0.004830 0.041160
v -0.017622 -0.003100 0.049751
v -0.018236 -0.002611 0.047965
v -0.017989 -0.004944 0.048637
v -0.018247 -0.000855 0.047213
v -0.017736 -0.001588 0.049989
v -0.018051 -0.001546 0.048572
v -0.008622 -0.026860 0.059314
v -0.008304 -0.032346 0.059481
v -0.011921 -0.008583 0.056677
v -0.018584 0.001908 0.050407
v -0.008899 -0.018659 0.059180
v -0.010935 -0.009768 0.058173
v -0.008697 -0.009702 0.059228
v -0.010615 -0.004792 0.058928
v -0.015165 0.001272 0.057732
v -0.017270 0.003244 0.055979
v -0.016687 0.000978 0.054727
v -0.019180 0.004126 0.051254
v -0.013180 -0.002278 0.056730
v -0.013084 0.002023 0.061062
v -0.000825 0.009447 0.070967
v -0.000995 0.006724 0.067531
v 0.002432 0.008441 0.069076
v -0.010661 0.008361 0.067166
v -0.009849 0.005004 0.065174
v -0.011335 -0.000766 0.060796
v -0.007682 -0.035903 0.059998
v -0.004333 -0.029675 0.060803
v -0.006604 -0.029832 0.060102
v -0.005089 -0.033800 0.060692
v -0.006075 -0.049687 0.059055
v -0.006380 -0.047318 0.060405
v -0.017289 -0.028635 0.043277
v 0.018038 0.049530 -0.032968
v 0.004168 -0.056367 0.055545
v -0.012025 -0.058367 0.037725
v -0.017654 -0.024054 0.046179
v -0.018156 -0.021371 0.042358
v -0.004578 -0.061352 0.039895
v -0.000954 -0.062742 0.033915
v -0.003059 -0.062549 0.031608
v -0.000204 -0.063358 0.029058
v -0.004917 -0.061016 0.043284
v -0.007222 -0.060439 0.042694
v -0.002254 -0.061453 0.043550
v 0.020489 0.002336 0.044382
v -0.018466 0.003739 0.053710
v -0.017702 0.001531 0.052486
v -0.018682 -0.002427 0.046289
v -0.019595 0.003536 0.048659
v -0.019385 0.001085 0.045476
v -0.020216 0.005276 0.046648
v -0.020372 0.005120 0.043533
v -0.019706 0.000093 0.040785
v -0.004084 -0.062869 0.027667
v -0.004425 0.015330 0.000768
v -0.002981 0.014468 0.003314
v -0.006441 -0.061911 0.030803
v 0.020321 -0.003245 0.045139
v -0.009994 -0.059540 0.040450
v -0.008419 -0.060145 0.036038
v -0.011930 -0.058407 0.041796
v -0.003604 -0.050485 0.059532
v 0.001970 -0.058306 0.053692
v 0.004545 -0.058705 0.053040
v -0.013836 0.017367 0.007021
v -0.015728 0.018437 0.006884
v 0.020659 0.043915 0.050282
v 0.021779 0.040459 0.045876
v 0.020914 0.043310 0.045254
v 0.021660 0.041904 0.043916
v 0.020470 0.042727 0.053138
v 0.019569 -0.004253 0.048953
v 0.022947 0.039694 0.042345
v 0.020081 0.041077 0.054847
v 0.020630 0.039109 0.053327
v 0.021432 0.038271 0.050514
v 0.019560 0.039981 0.057055
v 0.021284 0.028107 0.057617
v 0.017947 0.037325 0.061316
v 0.018052 0.039896 0.060635
v 0.014301 0.032183 0.067836
v 0.016415 0.036345 0.063998
v 0.014052 0.035931 0.067463
v 0.016107 0.031802 0.065179
v 0.015313 0.028418 0.067403
v 0.012017 0.030466 0.070671
v 0.012422 0.034185 0.069814
v -0.019064 0.036292 0.062784
v -0.020263 0.027005 0.064651
v -0.017356 0.043230 0.061751
v -0.018042 0.037888 0.064833
v -0.018847 0.040350 0.064628
v -0.017649 0.035840 0.064942
v -0.010912 0.043365 0.065092
v -0.014459 0.043045 0.065269
v -0.016826 0.039389 0.066839
v 0.022368 0.051188 0.013340
v 0.022475 0.051980 0.015253
v -0.016913 0.032197 0.067347
v -0.015412 0.034056 0.067650
v -0.016583 0.027353 0.068868
v -0.015635 0.029813 0.069477
v -0.017843 0.027179 0.067524
v -0.014775 0.038315 0.068935
v -0.001953 0.038477 0.074662
v -0.000982 0.035932 0.075042
v 0.000032 0.032308 0.075166
v -0.013653 0.031164 0.070717
v -0.009378 0.029639 0.073226
v -0.011594 0.030954 0.071910
v 0.004398 0.013585 0.002714
v -0.002332 0.033745 0.074734
v -0.013389 0.029126 0.071221
v 0.001997 0.034963 0.075183
v -0.002458 0.025859 0.075889
v -0.002641 0.029199 0.074983
v -0.001644 0.030822 0.074817
v -0.006448 0.031515 0.073625
v -0.013987 0.035568 0.069372
v -0.008088 0.018913 0.073532
v 0.007858 0.033510 0.073181
v 0.005895 0.033354 0.074102
v 0.015011 0.004501 0.057206
v 0.003157 0.038220 0.074855
v 0.000197 0.038812 0.075048
v -0.009193 0.032246 0.072451
v 0.007166 0.048769 0.049869
v 0.009004 0.043522 0.064570
v 0.016488 0.027156 0.065919
v 0.016941 0.005220 0.055246
v 0.017582 0.001409 0.053780
v -0.023903 0.020626 0.039588
v -0.001162 0.050260 0.052197
v 0.015085 0.010136 0.062707
v 0.015593 0.014610 0.067439
v 0.017188 0.015758 0.066089
v 0.010007 -0.006141 0.059925
v 0.020403 0.005741 0.047452
v 0.020826 0.014077 0.051530
v -0.014129 0.043788 0.061869
v 0.020217 0.010305 0.051765
v 0.013742 0.002113 0.057926
v 0.015684 0.001703 0.056176
v 0.020001 -0.008474 0.046815
v 0.000224 0.050657 0.049796
v 0.020934 0.045279 0.039606
v -0.000888 0.050676 0.050773
v -0.001442 0.051021 0.049006
v -0.003099 0.050898 0.050784
v -0.005987 0.051526 0.049273
v -0.002943 0.052252 0.046571
v -0.008805 0.051753 0.047452
v -0.006537 0.053235 0.045192
v -0.009519 0.055296 0.037391
v 0.007637 0.036916 0.073221
v 0.011742 -0.002514 0.059614
v -0.010955 0.053460 0.040594
v -0.004147 0.054257 0.042633
v 0.018609 0.041938 0.058075
v -0.008224 0.055289 0.039241
v 0.007839 -0.022518 0.061135
v -0.009777 0.009750 0.069206
v -0.005431 -0.008767 0.059577
v 0.000139 0.027589 0.075324
v -0.009015 0.053184 0.043668
v 0.003409 0.049159 0.046131
v 0.003725 -0.015633 0.061055
v -0.015841 -0.010072 0.051614
v -0.005645 0.056470 0.038344
v 0.014614 0.025526 -0.023059
v -0.004919 0.055589 0.040428
v -0.002675 0.056232 0.039191
v 0.020078 0.011635 0.039537
v 0.020223 0.011586 0.038243
v 0.017721 -0.002414 0.053369
v 0.020806 0.013654 0.039933
v 0.016119 -0.001781 0.055633
v 0.000554 0.055644 0.038641
v -0.002156 0.058107 0.031336
v 0.003620 0.054184 0.039618
v 0.005782 0.052573 0.041449
v 0.006741 0.053449 0.040097
v 0.002972 0.056344 0.035200
v 0.008323 0.055409 0.034847
v 0.002421 0.049495 0.049676
v 0.002341 0.049541 0.047330
v 0.004486 -0.004932 0.060604
v 0.007653 -0.017295 0.061166
v -0.000510 0.057596 0.033663
v 0.000947 0.058172 0.030298
v 0.003263 0.058611 0.027781
v 0.009174 -0.012558 0.060593
v 0.006943 0.054467 0.038164
v 0.005071 0.057181 0.031113
v -0.018529 0.000369 0.048814
v -0.008937 0.054040 0.041276
v 0.020025 -0.000263 0.047683
v -0.002892 -0.015000 0.060185
v -0.005981 -0.013119 0.059645
v 0.012359 0.008215 0.065200
v 0.013287 0.006433 0.061901
v 0.005390 -0.009313 0.060438
v 0.006997 -0.006642 0.060892
v 0.007621 -0.009491 0.060816
v -0.011294 0.051716 0.045356
v 0.011086 0.010104 0.067793
v -0.000875 -0.009060 0.060644
v 0.001656 -0.007639 0.060839
v 0.003347 -0.009345 0.060793
v 0.003343 -0.002361 0.060767
v 0.010492 -0.001875 0.060564
v 0.020581 -0.006779 0.042770
v 0.007554 -0.002258 0.061257
v 0.009441 -0.002333 0.061004
v 0.013673 -0.001091 0.057922
v 0.011992 0.003303 0.061591
v 0.010007 0.000623 0.061631
v 0.016636 0.034090 -0.033132
v 0.019674 0.037098 -0.029575
v 0.013407 0.004438 0.059126
v 0.020582 0.010565 0.044876
v 0.018472 -0.005101 0.051894
v 0.008632 0.056461 0.030422
v 0.006013 0.058127 0.027519
v 0.003642 0.059300 0.024886
v 0.021365 -0.024379 0.038279
v 0.021115 0.007376 0.043717
v -0.018850 -0.006505 0.043083
v -0.018696 -0.005792 0.045615
v -0.019140 -0.002938 0.043716
v -0.011981 -0.011809 0.056718
v -0.015537 -0.039050 0.048374
v -0.018591 -0.009979 0.044661
v -0.017760 -0.015077 0.047319
v -0.017453 -0.021432 0.048529
v -0.018003 -0.018185 0.045926
v -0.015440 -0.034806 0.051864
v -0.018230 -0.014921 0.042294
v -0.014880 -0.016333 0.053180
v 0.001181 -0.001539 0.012989
v -0.020509 0.009438 0.052046
v -0.015595 -0.004025 0.053707
v -0.020786 0.008347 0.046056
v -0.020422 0.007082 0.049488
v 0.021378 0.019828 0.012297
v -0.019707 0.006570 0.052901
v -0.015541 -0.028448 0.053264
v 0.016863 -0.007419 0.027014
v -0.006694 -0.010820 0.018729
v -0.013840 -0.011114 0.054415
v -0.017599 -0.000354 0.051150
v -0.016817 -0.002708 0.051732
v 0.021102 -0.031802 0.035535
v -0.001015 -0.002985 0.013528
v -0.007869 -0.005059 0.059553
v 0.000099 -0.004340 0.013119
v -0.011008 -0.031678 0.058259
v 0.006592 0.017806 -0.011013
v 0.023448 0.021110 0.032917
v -0.015095 -0.019981 0.053357
v -0.013950 -0.022057 0.055150
v 0.007747 -0.014039 0.012720
v 0.007631 -0.010960 0.011745
v -0.005474 -0.017072 0.059962
v -0.006326 -0.003581 0.060269
v 0.001424 0.027687 -0.035052
v -0.012826 -0.015591 0.056122
v -0.011312 -0.017996 0.057545
v -0.003512 -0.010699 0.060002
v -0.022374 0.020235 0.058739
v -0.013145 -0.005529 0.055671
v 0.002195 -0.000769 0.061242
v 0.000670 0.000463 0.062146
v -0.012198 -0.003553 0.057318
v -0.017595 0.010178 0.060369
v -0.016311 0.007475 0.060672
v -0.015163 0.004361 0.060364
v -0.015939 0.009459 0.062654
v -0.017285 0.005479 0.057971
v 0.020480 0.033555 -0.023148
v 0.019444 0.033153 -0.026439
v 0.020030 0.044913 -0.030845
v 0.015897 0.028843 -0.028220
v -0.018665 0.005728 0.055223
v -0.012433 -0.001523 0.058689
v 0.000704 -0.039632 0.014840
v -0.014660 -0.001826 0.055270
v -0.023838 0.023326 0.055576
v -0.023887 0.020371 0.052867
v -0.017925 0.012006 0.061837
v -0.017792 0.014799 0.065479
v -0.018425 0.016941 0.066209
v -0.016648 0.011968 0.064355
v -0.018729 0.011931 0.059808
v -0.000964 0.060492 0.017841
v 0.002444 0.059990 0.021256
v -0.003427 0.022559 0.076006
v -0.011843 0.027063 0.072667
v -0.008831 0.020862 0.073747
v -0.007689 0.026365 0.074451
v -0.004300 0.020233 0.075851
v -0.011129 0.023051 0.073282
v 0.013151 -0.030645 0.021264
v -0.006639 0.006659 0.067524
v -0.000172 0.022194 0.075724
v 0.002826 0.010685 0.071255
v 0.004342 0.005988 0.065733
v 0.004235 0.007647 0.067349
v -0.007884 0.022861 0.074406
v 0.005890 0.027023 0.075609
v 0.003078 0.029999 0.075185
v 0.004395 0.032858 0.074825
v -0.002455 0.019211 0.075972
v 0.001856 0.024396 0.075239
v 0.003313 0.024180 0.075434
v 0.004963 0.024006 0.075940
v 0.003028 0.022068 0.075027
v -0.012140 0.004642 0.063420
v 0.008822 0.007797 0.066123
v 0.006040 0.007560 0.066394
v 0.006341 0.004563 0.064413
v 0.007819 0.001863 0.062443
v 0.003267 0.003955 0.063712
v 0.002121 0.001563 0.062264
v -0.023280 0.044995 0.044970
v -0.000110 0.003392 0.064235
v -0.015095 0.012597 0.067484
v -0.004247 0.008698 0.070061
v -0.007117 0.009908 0.070632
v -0.009987 0.012075 0.071135
v 0.011604 0.044566 -0.044435
v 0.012365 0.044221 -0.043431
v 0.011537 0.043131 -0.045442
v 0.011017 0.045808 -0.045706
v 0.018227 0.048033 -0.034287
v -0.002763 0.005053 0.065485
v -0.004915 0.004867 0.065627
v -0.003986 0.006855 0.067799
v -0.002621 0.008075 0.069482
v -0.001212 0.063902 0.000182
v 0.004926 0.012698 0.072355
v -0.003453 0.011323 0.072666
v -0.008928 0.007948 0.067904
v -0.006307 0.013200 0.073244
v -0.013221 0.008636 0.065181
v -0.009066 0.000106 0.062170
v -0.006692 0.003184 0.064111
v -0.012113 0.010654 0.068512
v -0.014232 0.006168 0.062579
v 0.020705 -0.006390 0.038856
v -0.007644 -0.002561 0.060646
v -0.011099 0.001788 0.062663
v 0.018488 0.042178 -0.035433
v 0.017570 0.044220 -0.038117
v -0.005880 -0.021013 0.060340
v 0.002520 0.053815 -0.043395
v -0.005640 -0.025696 0.060476
v -0.008372 0.047889 -0.036186
v -0.010331 0.044997 -0.033542
v -0.011893 0.043361 -0.030976
v -0.011697 0.041347 -0.031485
v -0.010809 0.042968 -0.033006
v -0.009675 0.042315 -0.035239
v 0.001498 0.053366 -0.044864
v 0.004727 -0.034127 0.061963
v 0.012158 -0.027203 0.021583
v 0.007317 -0.030404 0.061545
v -0.011979 -0.047524 0.052819
v -0.005752 -0.056714 0.053642
v 0.003699 -0.051501 0.059958
v -0.000524 -0.062429 0.038414
v 0.005617 -0.053299 0.058011
v 0.001495 -0.053822 0.057687
v -0.008529 0.055004 -0.011448
v -0.004017 0.058132 -0.014855
v -0.006980 0.056145 -0.014259
v -0.007896 0.055985 -0.008438
v 0.001208 -0.051779 0.059673
v -0.002262 -0.055074 0.056140
v 0.000276 -0.056830 0.055138
v -0.006586 0.056501 -0.017414
v -0.013154 0.054769 -0.001879
v -0.015647 -0.046239 0.042940
v -0.009407 -0.060680 0.030467
v -0.012544 0.052074 -0.014503
v -0.014538 0.051688 -0.010639
v -0.012680 0.053456 -0.007117
v -0.012940 0.052888 -0.009093
v -0.002213 0.058902 -0.016759
v -0.010484 0.054249 -0.008274
v 0.013472 -0.056431 0.014937
v -0.003840 -0.048157 0.061252
v -0.005212 -0.052709 0.056895
v -0.001342 -0.052070 0.058843
v -0.002387 0.059708 -0.011314
v -0.008583 -0.048123 0.058581
v -0.005527 -0.045192 0.061713
v -0.008082 -0.045402 0.060272
v 0.018027 -0.053853 0.016883
v -0.013991 -0.046811 0.047694
v -0.012797 -0.045721 0.051425
v -0.003542 -0.022951 0.060877
v -0.007609 -0.022758 0.059758
v -0.010909 -0.013724 0.058108
v -0.005464 0.057598 -0.010853
v 0.015489 -0.054900 0.015335
v -0.013899 -0.026001 0.055720
v -0.012714 -0.023241 0.056463
v -0.012470 -0.025604 0.056987
v -0.011003 -0.025937 0.057992
v -0.017306 -0.017905 0.049028
v 0.020153 -0.056497 0.022418
v -0.016817 -0.026260 0.050107
v -0.012794 -0.047760 0.050321
v -0.012754 -0.029032 0.056969
v -0.015796 -0.030647 0.051940
v -0.007945 0.057490 0.030105
v -0.016310 -0.034110 0.047900
v 0.017738 -0.056441 0.018485
v -0.008007 -0.051136 0.056899
v -0.016959 -0.029456 0.047184
v -0.013407 -0.053195 0.046603
v -0.016913 -0.035212 0.042469
v -0.012584 -0.053781 0.048482
v -0.011630 -0.053139 0.051258
v -0.013907 -0.042924 0.050442
v -0.016501 -0.040619 0.043483
v -0.016801 -0.032969 0.045054
v -0.004840 0.038548 0.072955
v -0.017850 -0.021468 0.038711
v -0.013922 -0.039442 0.054076
v -0.016350 -0.031219 0.049932
v -0.014515 -0.051436 0.044424
v -0.012241 -0.044220 0.054637
v -0.012819 -0.050680 0.049454
v 0.000489 0.059669 0.024586
v -0.009405 0.059438 0.004218
v -0.000347 -0.058825 0.052921
v -0.011657 -0.055413 0.049449
v -0.011872 -0.057774 0.046690
v -0.007929 -0.057981 0.051631
v -0.004581 -0.059184 0.052130
v -0.013711 0.056093 0.010536
v -0.007618 -0.053838 0.054815
v -0.009913 -0.052565 0.054152
v -0.008612 -0.055852 0.052784
v -0.003409 0.063919 0.000903
v -0.010481 -0.055489 0.051520
v -0.009451 -0.057431 0.050740
v -0.010636 -0.056750 0.049776
v -0.011426 -0.056744 0.048229
v -0.007176 -0.060278 0.047453
v -0.009631 -0.059476 0.044931
v -0.011400 -0.058447 0.044775
v -0.011624 -0.058436 0.034394
v 0.004215 -0.062030 0.044354
v 0.005574 0.050897 -0.058280
v 0.004980 -0.062384 0.041252
v 0.010968 -0.054782 0.013491
v -0.014882 -0.037679 0.034269
v -0.017443 -0.026226 0.039647
v 0.016898 -0.047331 0.017674
v -0.017231 -0.031884 0.039589
v 0.013892 -0.052327 0.013852
v -0.012972 -0.041632 0.031666
v -0.009353 0.052713 -0.024811
v -0.015016 -0.041669 0.036330
v -0.014439 -0.055730 0.036181
v 0.016713 -0.052211 0.015464
v -0.014047 -0.056321 0.036403
v -0.013576 -0.056844 0.035157
v 0.001941 -0.062278 0.042313
v 0.003814 -0.063067 0.038224
v 0.002689 -0.063282 0.033379
v -0.001929 -0.060168 0.050689
v -0.014515 -0.056487 0.037748
v -0.003965 -0.061779 0.035402
v 0.006627 -0.059648 0.050463
v 0.005564 -0.061073 0.047192
v -0.011930 -0.039784 0.028513
v -0.002983 -0.060734 0.047546
v 0.000132 -0.061186 0.046839
v -0.004942 -0.060742 0.045990
v 0.002918 -0.061571 0.046632
v 0.014468 -0.058093 0.016937
v 0.002387 -0.061943 0.045050
v 0.002290 -0.060273 0.050525
v -0.011520 0.053248 -0.011479
v -0.009887 0.054140 -0.014775
v -0.004199 0.057934 -0.018996
v -0.012846 0.050915 -0.016653
v -0.008098 0.055455 -0.016412
v -0.014308 0.050194 -0.014481
v -0.016055 0.049599 -0.011156
v -0.016475 0.048257 -0.011839
v 0.017073 -0.030648 0.056507
v 0.019470 -0.034556 0.052414
v 0.009156 -0.030499 0.018519
v 0.007232 -0.062226 0.038649
v 0.011536 -0.060477 0.041251
v 0.012793 -0.059215 0.045524
v 0.007339 -0.061676 0.043204
v 0.015424 -0.058247 0.043954
v -0.003837 0.047628 -0.043592
v 0.003449 -0.063663 0.028450
v -0.002946 0.046290 -0.043538
v 0.010200 -0.061690 0.033657
v 0.006229 -0.063322 0.030553
v 0.005570 -0.063641 0.021800
v 0.013914 -0.061000 0.028585
v -0.012251 -0.044549 0.029691
v 0.000489 0.047985 -0.045086
v -0.000967 0.048666 -0.044358
v -0.022090 0.014048 0.041759
v -0.021083 0.011380 0.038131
v -0.018113 -0.013996 0.045484
v 0.021963 0.016168 0.034125
v -0.023581 0.018943 0.038831
v -0.020297 0.013716 0.031626
v 0.008875 0.053048 -0.070867
v -0.022016 0.016491 0.033486
v -0.021473 0.014328 0.035530
v -0.021788 0.017573 0.030355
v -0.020027 0.015105 0.028031
v -0.020438 0.007617 0.038431
v 0.023756 0.020717 0.036177
v -0.018616 -0.009402 0.040768
v 0.010865 0.047284 -0.043350
v -0.019832 0.004743 0.037144
v -0.022758 0.016471 0.042536
v -0.016444 -0.036687 0.045404
v -0.019135 -0.005222 0.037996
v -0.018038 -0.013680 0.039173
v -0.022450 0.015784 0.038931
v -0.021057 0.009524 0.042263
v -0.019818 0.002284 0.038139
v 0.018098 -0.000161 0.029660
v -0.012825 -0.055568 0.046385
v 0.018298 0.004272 0.029131
v 0.018996 0.002740 0.032142
v -0.017235 -0.029200 0.037400
v -0.017957 -0.011847 0.047502
v -0.019490 0.006878 0.034987
v -0.019475 -0.000733 0.036992
v -0.020323 0.005019 0.040019
v -0.018086 -0.015903 0.039928
v -0.013111 -0.057479 0.029219
v -0.012720 -0.057645 0.026178
v -0.012466 -0.019516 0.027345
v -0.018189 -0.010404 0.037270
v -0.015197 -0.034367 0.032621
v -0.014187 -0.034509 0.029655
v -0.014227 -0.036155 0.031286
v -0.014749 -0.055165 0.034380
v -0.012585 -0.035227 0.026666
v -0.010811 -0.035378 0.024371
v -0.012164 -0.015021 0.025302
v -0.012648 -0.056118 0.023567
v -0.008429 -0.061462 0.027593
v -0.011015 -0.056341 0.020250
v -0.013442 -0.010776 0.025864
v -0.012542 -0.007741 0.024875
v -0.016451 0.015923 0.015351
v -0.017771 0.018217 0.012657
v -0.018701 0.017897 0.016794
v -0.018974 0.015020 0.024661
v -0.021039 0.017869 0.025881
v -0.020672 0.018882 0.021069
v -0.014147 -0.043880 0.034812
v -0.012530 -0.053768 0.021319
v -0.019472 0.016700 0.022894
v -0.017002 0.020635 0.003696
v -0.018443 0.023550 0.002694
v -0.017349 0.023458 -0.001877
v -0.017623 0.022684 0.000945
v -0.015544 0.021328 -0.002220
v -0.012889 0.019517 -0.002670
v -0.014172 0.022058 -0.005339
v -0.012959 0.022777 -0.008476
v -0.009891 -0.060777 0.027506
v 0.024268 0.025447 0.013743
v -0.010207 -0.042210 0.025695
v -0.008252 -0.041217 0.021902
v -0.010429 -0.040182 0.025687
v -0.009091 -0.039801 0.023536
v -0.007952 -0.062019 0.025237
v -0.006768 -0.062127 0.026643
v -0.003723 -0.060558 0.017857
v 0.006382 0.006483 0.015763
v -0.001571 -0.062475 0.019946
v -0.014729 0.024125 -0.008573
v -0.014572 0.018591 0.004251
v -0.016620 0.021524 0.000208
v -0.019051 0.020194 0.011343
v -0.017764 0.015324 0.020259
v -0.017693 0.019541 0.008295
v -0.013086 0.018339 0.001355
v -0.015100 0.019738 0.000960
v -0.008176 0.016251 0.001954
v -0.011759 0.017155 0.004506
v -0.014478 0.016261 0.010794
v -0.002659 0.012827 0.007824
v 0.009245 -0.014880 0.012651
v -0.008865 0.015803 0.006250
v 0.005855 -0.031544 0.017618
v -0.010573 0.017470 0.000005
v 0.009681 -0.011632 0.019310
v 0.016273 -0.038252 0.019349
v -0.006407 0.016895 -0.002747
v -0.012081 0.013655 0.012775
v -0.007489 -0.060033 0.019658
v 0.010831 -0.002833 0.011295
v -0.005401 -0.062023 0.021313
v -0.005832 0.013811 0.008020
v -0.001749 0.020710 -0.015457
v 0.005031 0.018289 -0.013693
v 0.006908 0.019234 -0.015877
v -0.003443 0.013955 0.005703
v 0.018415 0.024201 -0.010868
v -0.001933 0.019162 -0.011853
v -0.002152 0.017186 -0.007400
v -0.005421 0.021253 -0.012957
v -0.009493 0.018494 -0.003999
v -0.010461 0.019863 -0.005897
v 0.001612 0.019597 -0.015954
v -0.007434 0.025072 -0.020934
v 0.023494 0.033305 -0.001352
v -0.012235 0.021152 -0.006356
v -0.006732 0.019016 -0.007794
v -0.004042 0.022539 -0.017954
v -0.016325 0.026022 -0.008350
v -0.017310 0.026159 -0.005158
v -0.001470 0.022710 -0.022192
v -0.004752 0.024170 -0.022265
v -0.015091 0.025985 -0.011790
v -0.016347 0.028008 -0.011880
v 0.004194 0.021615 -0.022108
v 0.002756 0.020839 -0.019854
v -0.006875 0.024164 -0.019133
v 0.011414 -0.006443 0.012977
v 0.003288 0.000827 0.012048
v 0.011408 0.059657 -0.003241
v 0.017597 0.031912 -0.029092
v 0.018444 0.034953 -0.029467
v -0.004668 -0.050449 0.012562
v 0.015750 0.057906 0.003573
v -0.001756 0.015598 -0.002768
v -0.012332 0.024360 -0.012910
v 0.006234 -0.007626 0.010536
v 0.015765 0.035241 -0.037189
v -0.009964 0.021819 -0.010183
v 0.018532 0.036539 -0.032211
v 0.017320 0.037051 -0.035507
v 0.017264 0.041978 -0.039189
v 0.019221 0.039102 -0.032732
v 0.014621 0.038320 -0.041617
v 0.014757 0.040223 -0.042266
v 0.011165 -0.025704 0.020117
v 0.010421 -0.023854 0.020055
v 0.003355 0.001531 0.014202
v -0.008540 0.033688 -0.032392
v 0.025676 0.040550 0.007748
v -0.007506 0.035277 -0.034749
v 0.009505 0.015207 0.001609
v 0.005871 -0.009538 0.012340
v 0.003921 0.011030 0.011067
v -0.000564 0.013242 0.005791
v 0.021602 0.027367 -0.008522
v -0.006296 0.031325 -0.033724
v -0.005649 0.034299 -0.036473
v 0.007854 0.003735 0.015047
v 0.019488 0.028088 -0.016359
v 0.002340 -0.063866 0.024459
v -0.000661 -0.063743 0.025018
v 0.000321 -0.060045 0.015934
v -0.000009 -0.057665 0.013745
v -0.008361 -0.043569 0.020771
v 0.024275 0.043681 0.027110
v 0.006432 0.013257 0.005291
v 0.007367 0.012224 0.009603
v -0.005669 0.015014 0.004430
v 0.025156 0.032126 0.004333
v 0.001773 0.015880 -0.005814
v -0.010365 -0.019455 0.024547
v -0.003225 -0.058384 0.015103
v 0.021391 0.047537 0.036318
v -0.003290 -0.056200 0.013364
v 0.006437 0.014622 0.000581
v -0.012548 -0.057608 0.031960
v -0.011981 -0.058504 0.029945
v 0.023177 0.019549 0.029421
v 0.025163 0.037057 0.023879
v 0.021822 0.017253 0.027713
v 0.025481 0.028987 0.027507
v 0.021237 0.015196 0.029688
v 0.020473 0.012845 0.031457
v 0.025292 0.036670 0.001938
v -0.010422 -0.045463 0.023601
v 0.020758 0.001253 0.040082
v 0.018420 0.009426 0.055052
v 0.009238 -0.003377 0.017242
v -0.000857 -0.061198 0.017791
v -0.001823 -0.063385 0.026158
v 0.025204 0.043815 0.019079
v 0.021061 -0.029637 0.044308
v 0.020682 -0.027456 0.048379
v -0.002697 -0.057997 0.053619
v -0.011410 -0.022044 0.057493
v -0.013738 -0.018795 0.054853
v -0.013366 -0.033583 0.056823
v 0.004129 -0.011911 0.060665
v -0.015256 -0.043258 0.046447
v 0.018711 -0.031644 0.054076
v 0.005055 -0.019585 0.061289
v -0.014948 -0.032259 0.054309
v -0.014378 -0.035821 0.055089
v -0.001708 -0.049796 0.060848
v -0.013028 -0.057305 0.044103
v -0.000744 -0.005343 0.012572
v 0.020762 -0.000344 0.037458
v 0.001407 -0.003215 0.012390
v 0.006300 0.030564 0.074628
v -0.000719 0.056885 0.036390
v -0.002403 0.059753 0.022252
v 0.013127 0.016278 0.003152
v 0.017031 0.013905 0.016155
v 0.016110 0.017125 0.005003
v 0.023260 0.030357 -0.006934
v 0.009345 -0.001567 0.015591
v 0.009886 0.000210 0.013157
v 0.010397 -0.002035 0.013082
v -0.003136 0.057496 0.034968
v 0.009468 0.004836 0.015510
v 0.006507 0.010359 0.014441
v 0.007839 0.007821 0.015872
v 0.009603 0.007711 0.015376
v 0.008328 0.009979 0.014962
v 0.018690 0.014337 0.019214
v 0.020066 0.015100 0.022145
v 0.007329 0.011221 0.012732
v 0.004251 0.010206 0.013868
v 0.008804 0.011789 0.011352
v 0.006454 0.002335 0.013860
v 0.010074 0.006085 0.014498
v 0.005056 0.002116 0.014788
v 0.020202 0.018719 0.010001
v -0.012846 0.055168 0.004921
v 0.006141 0.004140 0.015328
v 0.012052 0.039767 -0.045015
v 0.010957 -0.005280 0.014239
v 0.010255 -0.004326 0.015271
v 0.019300 0.017414 0.013445
v 0.021974 0.021292 0.009234
v 0.023038 0.023770 0.007038
v 0.009523 0.012329 0.010514
v 0.013484 0.014388 0.007871
v 0.023187 0.019672 0.025107
v 0.024279 0.022525 0.026889
v 0.022840 0.020097 0.021466
v 0.011870 0.041394 -0.045490
v 0.010540 0.041282 -0.047656
v 0.003884 0.052799 -0.045083
v 0.002319 0.001370 0.012947
v -0.013125 -0.037105 0.029175
v 0.009484 -0.063004 0.026904
v 0.008231 -0.063433 0.024890
v 0.006318 -0.063919 0.025438
v 0.010286 0.032052 0.071846
v -0.011123 -0.059966 0.028913
v 0.001921 0.000273 0.012031
v -0.012332 -0.059019 0.028005
v 0.008291 -0.057225 0.053013
v 0.009704 -0.058509 0.050202
v -0.015725 0.013903 0.017800
v -0.000675 0.014417 0.001508
v -0.019242 0.019358 0.014298
v 0.009851 0.047548 -0.058808
v 0.009103 0.046255 -0.057548
v 0.009569 0.047810 -0.056388
v 0.001146 -0.000339 0.012601
v -0.004177 0.031761 -0.036734
v 0.020334 0.042365 -0.030647
v -0.006738 0.036754 -0.036386
v -0.011934 0.016242 0.007891
v -0.008188 0.023361 -0.015189
v 0.001872 -0.003901 0.060915
v 0.019095 0.012003 0.056131
v 0.008552 0.030402 0.073348
v 0.015306 0.007703 0.058424
v 0.014581 0.038702 0.066103
v -0.023067 0.019562 0.056053
v 0.021816 0.031327 0.055572
v 0.012231 -0.062155 0.024893
v 0.007602 -0.062875 0.020122
v 0.006172 0.050912 0.043403
v 0.017213 0.013846 0.064123
v 0.017856 0.012031 0.058956
v -0.009067 0.036832 -0.033959
v 0.003209 0.026248 0.075511
v 0.007816 -0.054800 0.055974
v 0.006976 -0.050820 0.059726
v 0.023656 0.048027 -0.006049
v 0.024404 0.045324 -0.006707
v 0.014960 0.055998 -0.012850
v 0.015377 0.056414 -0.009659
v 0.007144 0.000163 0.010784
v 0.002382 -0.002795 0.010787
v 0.023648 0.047613 -0.008571
v 0.017054 0.054119 -0.010398
v 0.014704 0.056141 -0.010982
v 0.003156 -0.015042 0.013993
v 0.015201 0.055784 -0.011712
v 0.016812 0.054321 -0.014445
v 0.005179 -0.008498 0.011820
v 0.017975 0.052923 -0.020569
v 0.014742 0.058375 -0.004827
v 0.012513 0.059002 0.000878
v 0.008600 0.060515 -0.002456
v 0.018953 0.055170 0.014864
v 0.010832 0.061284 0.003025
v 0.014621 0.058156 0.004126
v 0.013759 0.057262 -0.011385
v 0.011784 0.060441 0.004410
v 0.009986 0.059642 -0.002613
v 0.004101 0.050360 0.044738
v 0.013025 0.058720 0.002117
v 0.005073 0.061359 -0.004695
v 0.013041 0.059541 0.007018
v 0.006054 0.063282 -0.000933
v 0.010064 0.060908 0.004831
v 0.009258 0.061292 0.003858
v 0.007911 0.062558 0.001332
v 0.006127 0.061786 0.004208
v 0.005989 0.062632 0.001221
v 0.006592 0.062170 0.002531
v -0.000842 0.062291 0.005637
v 0.004769 0.062599 0.002407
v 0.014381 0.058479 0.002203
v 0.015224 0.030841 -0.032070
v 0.002910 0.061232 0.008032
v 0.018994 0.053877 -0.008083
v 0.009003 0.062108 0.002629
v 0.010600 0.060359 0.008611
v 0.012984 0.058305 0.012504
v 0.013892 0.058881 0.009680
v 0.013436 0.058826 0.000342
v 0.012972 0.059373 0.005973
v 0.012196 0.060159 0.005289
v 0.013906 0.058681 0.007738
v 0.014034 0.058436 0.011263
v 0.012763 0.059722 0.007787
v 0.008383 0.061057 0.005877
v 0.012054 0.059339 0.010467
v 0.011726 0.059777 0.009434
v 0.012240 0.060334 0.006505
v 0.019394 0.055134 0.000284
v -0.000180 0.041058 0.074499
v 0.007392 0.060273 0.009248
v 0.024741 0.036097 -0.000975
v 0.014876 0.057987 0.010139
v 0.012866 0.059374 -0.004024
v 0.023434 0.042128 0.035780
v 0.015302 0.055102 -0.014965
v 0.011937 0.059689 0.001650
v 0.014437 0.056467 -0.015455
v 0.016726 0.053344 -0.018670
v 0.015117 0.057790 0.012107
v 0.019576 0.050741 -0.018964
v 0.011123 0.059348 0.012264
v 0.016282 0.057171 -0.005616
v 0.017200 0.056805 -0.002240
v 0.021655 0.053341 0.014571
v 0.009334 0.059760 0.010762
v 0.006064 0.059392 0.022123
v 0.007252 0.059840 0.012441
v 0.016372 0.054637 -0.020762
v 0.023043 0.049916 -0.004234
v 0.024326 0.044049 -0.004650
v 0.010790 0.058466 0.018131
v -0.003940 0.059313 0.024210
v 0.002776 0.060448 0.016194
v 0.015343 -0.050409 0.014280
v 0.018337 0.053097 -0.016224
v 0.019161 0.054535 -0.005205
v 0.011161 0.057778 0.020709
v 0.005494 0.060931 0.007159
v 0.019173 0.051074 -0.020441
v -0.002996 0.060324 0.012726
v 0.016683 0.054792 -0.012290
v -0.000042 0.060710 0.013377
v 0.005661 0.063075 -0.002521
v -0.005989 0.058576 0.026482
v 0.005335 0.060725 -0.015941
v 0.011397 0.059108 -0.011259
v 0.012432 0.059319 0.003939
v 0.010358 0.021957 0.074027
v 0.010309 0.059334 -0.015185
v 0.008571 0.021250 0.075319
v -0.004552 0.057030 -0.024997
v -0.006892 0.056166 -0.020802
v 0.001972 0.060252 -0.017115
v 0.000753 0.059223 -0.021414
v 0.023720 0.035088 -0.010483
v -0.002224 0.058366 -0.021021
v 0.005418 0.060916 -0.013293
v 0.002739 0.059388 -0.022238
v 0.011567 0.059369 -0.007398
v 0.003184 0.060074 -0.018326
v 0.000745 0.058958 -0.020398
v 0.000817 0.059047 -0.019674
v 0.023562 0.047392 -0.010763
v -0.006503 0.055623 -0.024405
v -0.006601 0.055605 -0.023184
v -0.001202 0.058424 -0.024284
v 0.022399 0.042385 0.039503
v 0.025180 0.041710 0.004475
v -0.003402 0.056870 -0.027720
v -0.001640 0.057668 -0.025448
v 0.003528 0.059465 -0.023343
v -0.000895 0.058472 -0.022819
v 0.017495 0.053976 -0.021989
v 0.008759 -0.023415 0.018876
v 0.007236 0.058848 -0.020219
v 0.003076 0.059629 -0.021245
v 0.013125 0.056293 -0.019084
v 0.010382 0.058649 -0.017569
v 0.021304 0.050782 -0.011774
v 0.018658 0.052910 -0.011249
v 0.006481 -0.009426 0.011485
v 0.006350 -0.011218 0.012534
v 0.001409 0.059649 -0.018561
v 0.019825 0.051356 -0.017453
v 0.012876 0.009281 0.016599
v 0.003868 0.059110 -0.020502
v 0.008427 0.059689 -0.017313
v 0.004421 0.059307 -0.019314
v 0.004175 -0.052189 0.011477
v 0.006524 0.060138 -0.017193
v 0.014678 0.055633 -0.020008
v 0.024516 0.027901 0.014992
v 0.009130 0.058508 -0.018849
v 0.009923 0.058169 -0.020240
v 0.011384 0.057366 -0.019231
v 0.009254 0.058642 -0.023309
v 0.011696 0.057870 -0.021220
v 0.010266 0.057632 -0.023837
v 0.000138 0.002164 0.015176
v 0.004916 0.059316 -0.021991
v 0.001171 0.002072 0.014910
v 0.006152 0.059511 -0.023768
v 0.003165 -0.043047 0.013561
v 0.019204 0.049662 -0.027825
v 0.022810 0.037326 -0.016653
v 0.007036 0.059190 -0.021439
v 0.005425 0.059090 -0.020481
v 0.000007 0.059671 -0.017080
v -0.002020 0.057471 -0.026863
v -0.000572 0.058507 -0.026399
v 0.021292 0.047345 -0.023166
v 0.021904 0.044338 -0.022651
v 0.001406 0.058735 -0.025961
v 0.019443 0.047484 -0.030924
v 0.008360 0.058530 -0.019789
v 0.002939 0.058879 -0.026186
v 0.001842 -0.001409 0.011852
v 0.004445 0.059300 -0.025139
v 0.007394 0.058839 -0.026082
v 0.006619 0.059052 -0.018831
v 0.004847 0.058744 -0.027356
v 0.001465 0.059166 -0.022833
v 0.004358 0.059435 -0.021113
v 0.009822 0.058661 -0.022209
v 0.011029 0.058203 -0.022738
v 0.010486 0.058532 -0.021450
v 0.003316 0.058676 -0.027888
v 0.007805 0.059224 -0.023162
v 0.003754 0.063574 -0.001752
v 0.021026 0.044690 -0.027280
v 0.022606 0.041435 -0.019893
v 0.001564 -0.013629 0.013462
v 0.011177 0.056767 -0.031138
v 0.009486 0.057541 -0.029723
v 0.011840 0.055337 -0.034604
v 0.008241 0.058264 -0.028655
v 0.009744 0.058409 -0.025907
v 0.003374 0.057325 -0.033092
v 0.003481 0.056617 -0.036418
v 0.000309 0.056512 -0.034376
v 0.007664 0.057755 -0.030279
v 0.000412 0.058811 -0.025987
v 0.005942 0.057551 -0.031640
v 0.008023 0.057049 -0.032567
v 0.004028 0.058186 -0.029797
v -0.001613 0.056401 -0.031187
v 0.000060 0.057175 -0.030921
v 0.001865 0.057677 -0.030993
v 0.021414 0.036019 -0.022211
v -0.001151 0.057111 -0.029277
v 0.021546 0.037739 -0.024095
v -0.002658 0.055623 -0.032969
v 0.024910 0.039290 0.020787
v -0.000763 0.058014 -0.027741
v 0.023300 0.032336 -0.009660
v 0.020986 0.039056 -0.027568
v 0.020436 0.035973 -0.026166
v 0.021807 0.031647 -0.014516
v -0.003110 0.056629 -0.029402
v 0.022990 0.038740 -0.017423
v -0.023250 0.045120 0.043759
v 0.000849 -0.044590 0.013195
v -0.005827 0.056178 -0.025498
v 0.020940 0.031091 -0.016405
v -0.004520 0.015129 0.074881
v 0.009640 0.058222 -0.027487
v 0.020852 0.030395 -0.014678
v 0.009087 0.058372 -0.024686
v 0.001543 0.059141 -0.024380
v 0.025451 0.034862 0.004258
v 0.012489 0.056483 -0.026885
v 0.013012 0.057289 -0.017032
v 0.008333 0.058872 -0.022208
v 0.008838 0.058785 -0.021104
v 0.012489 0.057444 -0.022511
v 0.012672 0.056352 -0.024471
v 0.011756 0.056890 -0.023843
v 0.024060 0.035984 -0.006117
v 0.012091 0.056802 -0.025408
v 0.014172 0.055758 -0.029183
v 0.023816 0.037634 -0.007435
v 0.009810 0.060055 -0.004260
v 0.013298 0.056973 -0.021043
v 0.019162 0.051138 -0.024582
v 0.020874 0.049680 -0.017708
v 0.006733 0.055670 -0.037996
v 0.006822 0.056610 -0.035856
v 0.004777 0.051388 -0.049155
v 0.009317 0.048931 -0.052419
v 0.023625 0.042717 0.033671
v 0.014584 0.050699 -0.038873
v 0.006235 0.051397 -0.049405
v 0.007942 0.051324 -0.045263
v 0.021082 0.020103 0.057993
v 0.023736 0.033165 -0.003693
v 0.009859 0.049002 -0.043131
v 0.018749 -0.019943 0.036026
v 0.003333 0.052142 -0.046782
v 0.008864 0.050670 -0.048304
v 0.009054 0.050039 -0.044799
v 0.002061 0.058552 -0.027351
v 0.025482 0.044651 0.010216
v 0.021540 0.052667 0.001863
v 0.023571 0.037877 -0.015162
v 0.017494 0.049533 -0.035410
v 0.010985 0.048219 -0.049885
v 0.007879 0.050261 -0.053916
v 0.023188 0.047740 -0.012714
v 0.009411 0.045105 -0.058931
v 0.010570 0.047485 -0.047279
v 0.005628 0.051931 -0.047269
v 0.024050 0.045258 -0.009847
v 0.010361 0.048145 -0.045221
v 0.013290 0.051457 -0.039396
v 0.007371 0.052753 -0.042193
v 0.012955 0.050435 -0.039689
v 0.024205 0.041686 -0.005161
v 0.010451 -0.008696 0.020489
v 0.010851 0.046094 -0.048574
v 0.015383 0.052256 -0.036865
v 0.016495 0.050144 -0.037060
v 0.015817 0.041641 -0.041565
v 0.022218 0.041739 -0.022845
v 0.009330 -0.008977 0.018655
v 0.010608 0.053779 -0.038704
v 0.013369 0.054826 -0.034029
v 0.009867 0.053044 -0.040236
v 0.008775 0.000151 0.011284
v 0.010191 0.051829 -0.041156
v 0.011761 0.051775 -0.039734
v 0.009215 0.050410 -0.042980
v 0.009276 0.052419 -0.042177
v 0.009214 0.051459 -0.042292
v 0.011216 0.050403 -0.039995
v 0.020537 0.047451 -0.026111
v 0.017407 0.054205 -0.023894
v 0.015167 0.056164 -0.022129
v 0.020123 0.052013 -0.011560
v 0.018189 0.052123 -0.027274
v 0.014884 0.053889 -0.034117
v 0.008230 0.052320 -0.042475
v 0.013025 0.052472 -0.038513
v 0.017014 0.053940 -0.026276
v 0.016551 0.019362 -0.000751
v 0.018315 0.052873 -0.024851
v 0.013853 0.056175 -0.026575
v -0.013593 -0.051038 0.023464
v 0.002644 -0.046465 0.012393
v 0.018862 0.052413 -0.022541
v 0.013554 0.056464 -0.023487
v 0.008031 0.059115 -0.024205
v 0.010109 -0.006804 0.019913
v -0.002856 0.058064 -0.022395
v -0.002964 0.043408 0.063809
v -0.003162 0.057621 -0.024654
v 0.003717 -0.012179 0.013586
v 0.025231 0.042254 0.002129
v -0.003695 0.057172 -0.026143
v 0.004984 -0.010098 0.012940
v 0.002264 0.059205 -0.020014
v 0.025079 0.041732 0.007266
v 0.025375 0.045761 0.003112
v 0.025188 0.046463 0.000927
v 0.006262 0.058131 -0.029012
v 0.016237 0.053337 -0.031193
v 0.012612 0.056210 -0.029151
v 0.022283 0.051167 -0.003279
v 0.020452 0.049840 -0.022069
v 0.010550 0.057362 -0.024958
v 0.020337 0.053596 -0.002049
v -0.003049 0.056003 -0.030967
v 0.009886 0.056210 -0.033877
v 0.023857 0.048027 -0.003808
v 0.011277 0.057212 -0.028419
v 0.013893 0.047603 -0.040053
v 0.000956 0.042029 0.073509
v 0.000960 0.041713 0.074222
v 0.009176 0.049160 -0.053740
v 0.017045 0.053185 -0.028839
v 0.015628 0.054731 -0.028366
v 0.014452 0.055850 -0.027370
v 0.014863 0.054743 -0.030893
v 0.012175 0.017711 -0.003548
v 0.013235 0.055632 -0.031780
v 0.011411 0.052838 -0.039329
v 0.016794 0.051637 -0.034338
v 0.006295 0.052189 -0.044880
v 0.011012 0.045825 -0.051998
v 0.003802 0.043254 0.070512
v 0.022824 0.034004 0.048268
v 0.007811 0.055147 -0.039328
v 0.006440 0.053546 -0.042080
v 0.003995 0.055972 -0.041296
v 0.014589 0.019453 -0.005182
v 0.017056 0.054886 -0.009097
v 0.018835 0.055172 -0.002846
v 0.005493 0.057157 -0.034042
v 0.009127 0.055669 -0.036568
v 0.022207 0.050104 -0.008071
v 0.011650 0.056026 -0.032767
v 0.018582 0.049500 -0.030942
v 0.021144 0.052718 -0.000206
v 0.005144 0.055960 -0.040422
v 0.004222 0.055994 -0.040566
v 0.011413 -0.012180 0.020470
v 0.000763 0.057947 -0.028818
v 0.009580 0.054698 -0.037872
v 0.002447 0.055853 -0.040532
v 0.010877 -0.014396 0.020504
v 0.009138 -0.013169 0.017910
v 0.024064 0.032978 -0.006614
v 0.000483 0.058728 -0.027035
v 0.025574 0.038665 0.002421
v 0.007338 0.022876 0.075983
v 0.022013 0.052709 0.003188
v 0.021417 0.053020 0.004178
v -0.005750 0.055396 -0.027920
v -0.001536 -0.030076 0.019256
v 0.024340 0.034320 -0.000877
v -0.007817 0.054764 -0.026129
v 0.023642 0.038582 -0.005432
v 0.024808 0.040631 -0.002161
v 0.000005 0.058524 -0.025263
v 0.024232 0.034469 -0.005540
v 0.023413 0.035046 -0.003289
v -0.004459 0.054189 -0.033935
v 0.025257 0.038789 -0.000089
v 0.012426 -0.024723 0.021773
v 0.021953 0.053486 0.011310
v 0.026020 0.035267 0.015072
v 0.023964 0.042363 -0.008513
v -0.007625 0.055232 -0.022439
v 0.025804 0.038668 0.016987
v 0.025055 0.046521 0.009700
v -0.002029 0.057105 -0.028172
v -0.001723 0.058902 -0.018960
v -0.004843 0.056716 -0.024014
v -0.022510 0.015319 0.044077
v -0.007471 0.054680 -0.024359
v -0.023123 0.015486 0.045443
v 0.005212 0.015103 -0.002561
v 0.020027 -0.011799 0.035922
v 0.017189 0.055995 -0.007344
v 0.023851 0.036462 -0.003682
v 0.023942 0.034793 -0.002234
v 0.024010 0.029850 0.004856
v 0.008407 0.054447 -0.040097
v 0.006862 0.055160 -0.038975
v 0.024310 0.038945 -0.009439
v 0.023518 0.036764 -0.005491
v 0.002502 0.055615 -0.041795
v 0.004692 0.052969 -0.043266
v 0.002605 0.055550 -0.039613
v 0.013114 0.054479 -0.035661
v 0.001721 0.055546 -0.038612
v 0.006781 0.052585 -0.043028
v 0.014012 0.053530 -0.036815
v 0.003001 0.042000 -0.051666
v 0.002391 0.044414 -0.047172
v 0.001935 0.043025 -0.046677
v 0.007397 -0.007061 0.009841
v 0.009117 -0.007297 0.010323
v -0.002151 0.054567 -0.036698
v -0.013126 0.044460 -0.025209
v -0.012727 0.046743 -0.024155
v 0.007760 -0.008877 0.010664
v 0.003899 0.054543 -0.042224
v 0.009560 0.049118 -0.055619
v 0.007158 0.051358 -0.050401
v 0.001533 0.048730 -0.046710
v 0.008651 0.050602 -0.046543
v 0.000371 0.040731 -0.045532
v 0.002681 0.045824 -0.050929
v 0.002888 0.047669 -0.051284
v 0.002844 0.044452 -0.049834
v 0.002149 0.047487 -0.053864
v 0.002286 0.047831 -0.047950
v 0.006277 0.051075 -0.052404
v 0.002641 0.045943 -0.048556
v -0.002468 0.048094 -0.044042
v 0.002377 0.046228 -0.052523
v 0.002781 0.047964 -0.054433
v -0.005924 0.047334 -0.041673
v -0.012820 0.047505 -0.026655
v -0.012340 0.046878 -0.025738
v -0.012035 0.047995 -0.024611
v -0.009059 0.049415 -0.032997
v -0.011357 0.047919 -0.029325
v -0.011845 0.048451 -0.025733
v -0.009545 0.053342 -0.022178
v -0.007356 0.046295 -0.039647
v -0.010215 0.047648 -0.032215
v -0.009850 0.049597 -0.030466
v -0.002449 0.044324 -0.043721
v 0.024642 0.026036 0.025889
v -0.012934 0.043812 -0.025923
v -0.013219 0.040552 -0.025360
v -0.008558 0.045127 -0.037185
v -0.012928 0.042530 -0.026278
v -0.013542 0.042640 -0.027568
v -0.013513 0.044819 -0.023557
v -0.013350 0.044890 -0.028060
v -0.013299 0.043697 -0.028591
v -0.012205 0.045626 -0.029742
v 0.024988 0.041491 -0.000120
v -0.005392 0.043347 -0.043420
v -0.012700 0.045602 -0.025171
v 0.001978 0.046235 -0.053680
v -0.014249 0.042137 -0.022218
v 0.000023 0.043451 -0.044272
v -0.000564 0.041943 -0.044736
v -0.007630 0.043911 -0.039256
v 0.002914 0.041683 -0.049759
v 0.002349 0.046410 -0.054671
v 0.024853 0.039771 0.036178
v 0.002789 0.043629 -0.051476
v 0.001771 0.045111 -0.054096
v 0.002070 0.002734 0.015291
v 0.018765 -0.002809 0.033565
v 0.019806 -0.002382 0.034629
v 0.019919 -0.004467 0.034477
v -0.005094 0.041542 -0.043603
v 0.025583 0.034248 0.021443
v 0.025667 0.037354 0.020669
v 0.002811 0.042927 -0.049969
v 0.025938 0.034694 0.018183
v -0.007738 -0.049436 0.014812
v -0.006096 0.045005 -0.042106
v 0.010240 0.042628 -0.049454
v 0.004621 0.045491 -0.058940
v 0.023746 0.029797 0.040065
v 0.005246 0.043185 -0.064026
v 0.004819 0.044299 -0.059621
v 0.003770 0.044260 -0.063538
v 0.003681 0.045247 -0.063255
v 0.024342 0.042053 0.032597
v 0.003876 0.044918 -0.062375
v 0.025468 0.035465 0.023078
v 0.004621 0.043501 -0.062858
v 0.009824 0.047794 -0.054136
v 0.024757 0.045398 0.018758
v 0.009172 0.044699 -0.061783
v 0.010658 0.043331 -0.050828
v 0.004059 0.044538 -0.065654
v 0.004859 0.045230 -0.068307
v 0.007458 0.047339 -0.074801
v 0.005752 0.044274 -0.070449
v 0.007285 0.045376 -0.071380
v 0.007201 0.046105 -0.073557
v 0.006342 0.046341 -0.073866
v -0.003761 0.028253 -0.033384
v 0.004015 0.043631 -0.056847
v 0.009059 0.047248 -0.069382
v 0.005154 0.046907 -0.068666
v 0.005277 0.048563 -0.067865
v 0.005445 0.046679 -0.070753
v -0.003571 0.002590 0.063243
v 0.005383 0.047973 -0.071180
v 0.006301 0.044407 -0.072120
v 0.020465 0.010650 0.037472
v 0.018974 -0.005035 0.033027
v 0.004504 0.046305 -0.066274
v 0.005633 0.045397 -0.071107
v 0.006739 0.048005 -0.075447
v 0.007060 0.049065 -0.076252
v 0.005630 0.048757 -0.073743
v -0.004578 -0.049740 0.013497
v 0.024949 0.041820 0.012254
v 0.005141 0.043951 -0.068727
v 0.004210 0.043250 -0.064766
v 0.024420 0.025586 0.017631
v 0.007847 0.046640 -0.070878
v 0.024139 0.033272 0.034785
v 0.023848 0.035689 0.035416
v 0.009611 0.048349 -0.068243
v 0.014858 -0.027147 0.026556
v 0.006089 0.047434 -0.073408
v 0.005690 0.047837 -0.072441
v 0.005277 0.047315 -0.070074
v 0.003611 0.045811 -0.062242
v 0.010407 0.048308 -0.052305
v 0.025183 0.045770 0.014954
v -0.000379 -0.005486 0.060897
v -0.000076 -0.001983 0.061359
v -0.005127 -0.000555 0.015391
v 0.004367 0.044994 -0.060112
v 0.025185 0.045376 0.013972
v 0.024097 0.027955 0.010325
v 0.003312 0.041913 -0.054205
v -0.008927 0.030799 -0.028021
v 0.026090 0.033431 0.015341
v 0.008472 0.049959 -0.055270
v 0.003703 0.044991 -0.061167
v 0.005628 0.042925 -0.057914
v -0.003614 0.048760 -0.043660
v -0.004513 -0.027732 0.019014
v 0.003265 0.045537 -0.055663
v 0.003913 0.045315 -0.064407
v 0.003555 0.047098 -0.062327
v 0.003965 0.048308 -0.060021
v 0.003453 0.046299 -0.061196
v 0.003159 0.048797 -0.055214
v 0.004953 0.051084 -0.053975
v 0.003945 0.048811 -0.056182
v 0.003956 0.046644 -0.056224
v 0.009919 0.038308 -0.045967
v 0.004859 0.049723 -0.057534
v 0.016754 -0.002827 0.027209
v 0.007437 0.050481 -0.055320
v 0.007718 0.050614 -0.056478
v 0.004799 0.049354 -0.064308
v 0.009676 0.047002 -0.062766
v 0.011716 -0.004658 0.011755
v 0.009874 0.049021 -0.059878
v 0.023461 0.045466 0.025859
v 0.005740 0.049795 -0.073048
v 0.005341 0.048210 -0.069859
v 0.006574 0.049078 -0.075132
v 0.008049 0.052640 -0.073372
v 0.006866 0.051020 -0.073403
v -0.004709 0.027138 -0.030545
v -0.005542 0.027335 -0.028754
v 0.007080 0.050503 -0.074510
v 0.014479 -0.028431 0.025267
v 0.008056 0.051749 -0.074855
v 0.003371 0.008359 0.015195
v 0.003138 0.006190 0.015190
v 0.006081 0.049892 -0.074201
v 0.016706 0.057363 0.006374
v 0.016128 0.048199 -0.039369
v 0.024621 0.029511 0.009697
v 0.002435 0.058039 -0.028955
v 0.007501 0.051523 -0.073357
v 0.024907 0.039076 0.024720
v 0.009481 0.050049 -0.070129
v 0.025103 0.040190 0.026480
v 0.009035 0.052932 -0.068755
v 0.007042 0.052792 -0.068329
v 0.008381 0.052860 -0.072089
v 0.009988 0.049266 -0.063921
v 0.007675 0.050129 -0.052275
v 0.019639 -0.013848 0.034466
v 0.010333 0.051491 -0.063384
v 0.000645 -0.000381 0.013278
v 0.010568 0.052003 -0.061701
v 0.025957 0.033008 0.019845
v 0.008862 0.050205 -0.057136
v 0.005705 0.051509 -0.059359
v 0.007972 0.051017 -0.058326
v 0.008325 0.052318 -0.060352
v 0.006639 0.053178 -0.061752
v 0.000353 -0.001151 0.013773
v 0.007693 0.053197 -0.061568
v 0.006261 0.053125 -0.062688
v 0.007609 0.053539 -0.062905
v -0.005322 -0.009684 0.017050
v 0.005887 0.050581 -0.057267
v 0.013453 -0.024927 0.024500
v 0.007531 0.053290 -0.066839
v 0.009693 0.053281 -0.070087
v 0.009913 0.053180 -0.065980
v 0.007539 -0.017179 0.012876
v 0.005378 0.051048 -0.064824
v 0.012902 0.002883 0.022647
v 0.011086 0.002605 0.020718
v 0.008079 0.053076 -0.068004
v 0.004314 -0.007203 0.010850
v 0.003681 -0.005889 0.010117
v 0.003981 -0.003894 0.009694
v 0.005859 0.049662 -0.069910
v 0.005547 0.050120 -0.066362
v 0.023679 0.043524 0.030437
v 0.004568 0.050552 -0.061904
v 0.005055 0.051612 -0.063544
v 0.006303 0.052084 -0.066442
v 0.006280 0.050986 -0.068719
v 0.024982 0.042025 0.020747
v 0.010410 0.051315 -0.066269
v 0.004074 0.048838 -0.062011
v 0.010311 0.052909 -0.062615
v 0.000317 -0.002570 0.013452
v 0.005353 0.052188 -0.060874
v 0.001736 0.050530 -0.047211
v 0.005323 0.051952 -0.062324
v 0.004882 0.050280 -0.063394
v 0.025109 0.043765 0.021060
v -0.002470 0.051348 -0.043576
v 0.003864 0.050710 -0.052948
v -0.001042 0.053041 -0.044288
v 0.004048 0.048014 -0.063666
v -0.006613 0.048304 -0.039513
v 0.004695 0.050661 -0.060318
v 0.001689 0.045690 -0.054395
v 0.001707 0.046501 -0.046430
v 0.004578 0.027660 -0.035784
v 0.004841 0.050160 -0.056436
v -0.004671 0.048291 -0.042788
v 0.006092 0.051447 -0.050821
v 0.003880 0.050712 -0.049822
v 0.002976 0.049800 -0.049313
v 0.006309 0.050704 -0.073488
v 0.023763 0.023000 0.016088
v -0.000850 0.051364 -0.045297
v 0.023441 0.044308 0.030372
v -0.003734 0.051492 -0.041200
v 0.006492 0.050770 -0.054732
v 0.009384 0.032321 -0.041923
v -0.004923 0.051164 -0.039040
v 0.005022 0.050935 -0.059666
v 0.005685 0.050360 -0.056334
v -0.002530 0.053505 -0.038763
v -0.003931 -0.019379 0.017535
v -0.004841 -0.024762 0.018458
v 0.009700 0.049733 -0.049780
v 0.025312 0.032632 0.027292
v 0.024133 0.023601 0.029911
v 0.025161 0.032982 0.030576
v -0.011634 0.034459 -0.026320
v -0.002379 0.052436 -0.042404
v -0.005229 0.049516 -0.040916
v -0.005383 0.051771 -0.037147
v 0.004724 0.051097 -0.051665
v -0.002002 0.049805 -0.044153
v -0.001583 0.053915 -0.039843
v -0.006382 0.051607 -0.035483
v -0.006053 0.053661 -0.031705
v 0.024387 0.023726 0.024816
v 0.024920 0.034369 0.027496
v -0.006424 0.054316 -0.029871
v -0.002981 0.057687 -0.023294
v -0.004639 0.055178 -0.030847
v -0.006524 -0.024613 0.021936
v 0.025080 0.041786 0.023443
v -0.000168 0.054949 -0.038966
v -0.009239 0.052735 -0.023607
v -0.012518 0.037736 -0.029386
v -0.012065 0.036426 -0.029607
v -0.014063 0.037438 -0.022636
v -0.007645 0.053307 -0.028720
v -0.014566 0.032069 -0.019498
v -0.008472 0.053652 -0.024559
v 0.024624 0.039488 0.022339
v -0.010805 0.051632 -0.021797
v -0.009958 0.052332 -0.026923
v -0.011789 0.050171 -0.026536
v -0.011476 0.049715 -0.025718
v -0.010640 0.050724 -0.025089
v 0.010246 0.050364 -0.061545
v -0.013411 0.043017 -0.024939
v 0.024933 0.043582 0.026103
v 0.025178 0.042853 0.025255
v -0.007294 0.052581 -0.030239
v 0.000484 0.051056 -0.046191
v 0.025338 0.028803 0.032548
v -0.008127 0.054176 -0.023266
v -0.000149 0.059180 -0.018916
v -0.006651 0.052529 -0.033236
v -0.011119 0.051328 -0.026057
v 0.010312 -0.002463 0.019183
v -0.009150 0.051559 -0.029561
v -0.012674 0.045498 -0.026178
v -0.009201 0.051860 -0.027923
v -0.009869 0.050663 -0.028468
v 0.001861 -0.053811 0.011657
v 0.025677 0.037627 0.011984
v -0.004553 0.057226 -0.022095
v 0.016475 0.055020 -0.022714
v 0.024027 0.045489 0.021331
v 0.023445 0.046096 0.023382
v 0.003161 0.060708 -0.014505
v 0.001581 0.060531 -0.014766
v -0.008468 0.057688 -0.002582
v -0.010089 0.051464 -0.024186
v 0.011505 -0.018640 0.021514
v -0.011301 0.056038 -0.000742
v -0.011276 0.055984 0.000873
v -0.006393 0.058644 -0.004766
v -0.011814 0.054548 -0.005294
v -0.009382 0.056192 -0.004481
v -0.004979 0.058819 -0.006565
v -0.008338 0.054668 -0.025022
v 0.024758 0.036937 0.026152
v 0.003804 0.060912 -0.013275
v -0.014128 0.053517 -0.004825
v -0.008465 0.058518 -0.001755
v -0.001012 0.059702 -0.014383
v 0.005259 -0.026021 0.014649
v 0.022499 0.047017 0.025001
v 0.004193 -0.024829 0.013456
v -0.004088 0.059855 -0.006201
v 0.010699 -0.010405 0.020195
v 0.024892 0.040158 0.018491
v -0.006106 0.057796 -0.007271
v 0.024758 0.043436 0.028022
v 0.009551 -0.009802 0.019411
v -0.010208 0.058322 0.001317
v -0.012870 0.055307 0.001764
v 0.025155 0.042804 0.029049
v -0.006939 0.061046 0.001095
v -0.008217 0.059741 -0.000791
v 0.024110 0.037551 0.033286
v -0.004867 0.060305 -0.005161
v -0.010817 0.056361 0.000008
v -0.015896 0.029482 -0.014667
v 0.005321 -0.014334 0.014549
v -0.006030 0.061802 -0.000094
v 0.007138 -0.016018 0.013370
v -0.009733 0.059379 0.001967
v -0.011618 0.056032 0.002152
v -0.005677 0.061020 -0.003527
v -0.009422 0.057925 -0.000645
v -0.009823 0.056671 -0.001206
v -0.009077 0.059636 0.002715
v -0.008402 0.060275 0.001259
v -0.007049 0.060927 0.003762
v -0.010538 0.056821 0.000859
v -0.002817 0.061452 -0.005371
v 0.022180 0.053144 0.012840
v 0.022568 0.049444 0.018097
v -0.012449 0.036865 -0.028005
v -0.001863 0.060488 -0.006971
v 0.004274 0.060832 -0.014861
v -0.003611 0.059229 -0.008172
v -0.001146 0.062701 -0.004548
v 0.023875 0.046429 0.017417
v 0.023509 0.047656 0.016189
v 0.000417 0.060913 -0.011567
v 0.002405 0.061115 -0.012692
v 0.009455 -0.011361 0.011833
v 0.024091 0.046835 0.013942
v 0.001730 0.061269 -0.008180
v 0.024772 0.046104 0.014292
v 0.023554 0.047085 0.019047
v 0.025922 0.034266 0.013328
v 0.003723 0.061315 -0.010947
v -0.004056 0.038243 -0.041983
v 0.010187 0.013664 0.007250
v 0.024859 0.046265 0.012760
v -0.001081 0.060664 -0.009058
v 0.000969 0.061201 -0.006805
v -0.009675 0.030840 -0.026301
v 0.017876 -0.011080 0.028842
v 0.005856 0.061355 -0.009165
v 0.023815 0.041356 -0.010250
v 0.020157 0.049109 -0.024677
v 0.010519 0.060009 -0.005469
v 0.025652 0.039831 0.006199
v 0.000098 0.060869 -0.007584
v 0.006024 0.060885 -0.006011
v 0.007148 0.060710 -0.005901
v 0.014496 0.056370 -0.014040
v 0.014084 0.056875 -0.012982
v -0.011572 0.031019 -0.024151
v 0.007354 0.060862 -0.007263
v 0.015888 0.055317 -0.010600
v 0.004088 0.061284 -0.006288
v 0.015145 0.002596 0.024687
v 0.024888 0.037192 0.028839
v 0.004912 0.059978 -0.017748
v 0.001969 0.061492 -0.010225
v -0.010861 0.033727 -0.027038
v 0.000617 0.061285 -0.009171
v -0.011476 0.034065 -0.028433
v -0.004264 0.029858 -0.034852
v 0.008072 0.052973 -0.069559
v -0.000512 0.062117 -0.005392
v 0.025175 0.033009 0.028512
v 0.000974 0.061731 -0.005676
v 0.001841 0.037529 -0.045321
v 0.002952 0.034901 -0.044831
v 0.009089 0.061712 -0.001023
v 0.007132 -0.026827 0.015799
v 0.000822 0.062747 -0.004781
v 0.003592 0.061666 -0.008345
v 0.004046 0.061995 -0.004602
v 0.002771 0.061368 -0.009072
v 0.004497 0.063348 -0.000116
v -0.002776 0.062591 -0.003820
v 0.025056 0.034477 0.029194
v 0.009868 0.061742 0.000845
v 0.003060 0.063102 0.000354
v 0.024099 0.040512 0.036189
v 0.025157 0.043666 0.014162
v 0.005316 0.062175 -0.003827
v 0.011882 0.027641 -0.031711
v 0.002956 0.063418 -0.003670
v 0.009620 -0.014422 0.014784
v 0.005737 -0.019772 0.013694
v 0.002438 0.063013 0.001739
v -0.000411 0.063620 -0.003441
v 0.021712 0.049173 0.031412
v 0.023566 0.040706 0.038317
v 0.001364 0.061957 0.005984
v 0.000251 0.062944 0.003518
v 0.023445 0.033526 0.037323
v 0.023199 0.032619 0.040098
v 0.003438 0.061967 0.004711
v 0.004045 0.062787 0.000961
v -0.002029 0.061392 0.007481
v 0.016941 0.001670 0.026839
v 0.002432 0.061251 -0.006752
v 0.024660 0.030240 0.035042
v -0.010679 0.035615 -0.031054
v 0.019972 0.011976 0.033246
v -0.003612 -0.000155 0.015251
v -0.010848 0.033563 -0.028114
v -0.002304 0.035102 -0.041337
v -0.002983 -0.001834 0.014673
v 0.002501 0.061932 -0.005159
v 0.020278 0.012545 0.035940
v 0.009336 -0.007505 0.017422
v -0.005640 0.061215 0.004516
v 0.020255 0.012019 0.042813
v -0.006841 0.060803 0.004673
v 0.024045 0.024128 0.033888
v 0.025493 0.031087 0.029179
v 0.023263 0.024845 0.043385
v 0.002708 0.061296 -0.008010
v 0.023890 0.022424 0.034769
v -0.007552 0.059064 -0.002796
v -0.008062 0.060350 0.003091
v -0.007259 0.060949 -0.000191
v -0.003947 0.062689 -0.002320
v -0.007668 0.060569 0.004505
v -0.004756 0.062414 -0.000941
v -0.006262 0.061723 -0.001539
v 0.011673 -0.009449 0.022577
v 0.025318 0.033655 0.024785
v -0.013218 0.041208 -0.027156
v -0.011790 0.034763 -0.029171
v -0.000510 0.061328 -0.006243
v -0.000305 0.063491 -0.002166
v -0.006385 0.061510 0.002614
v 0.025628 0.031330 0.026711
v -0.001757 0.063841 0.002025
v -0.010051 0.032359 -0.027459
v -0.000479 0.063434 -0.001227
v -0.013593 0.032988 -0.021397
v 0.000281 0.063556 0.001378
v 0.001546 0.063433 -0.000240
v 0.006836 -0.014786 0.013828
v -0.003581 0.063518 0.002282
v -0.000747 0.001322 0.015158
v -0.002323 0.062968 0.003684
v -0.005962 0.062160 0.001162
v -0.004609 0.062324 0.003092
v -0.001716 0.063391 -0.002118
v -0.004610 0.061102 0.006896
v -0.003338 0.061968 0.005188
v 0.016298 0.015136 0.010815
v -0.007043 0.060575 0.006174
v 0.019914 0.054935 0.011176
v 0.015003 -0.018158 0.025424
v -0.002965 0.063331 -0.000796
v -0.008917 0.058756 0.011997
v 0.021270 0.054095 0.008690
v -0.005546 0.062291 0.002054
v 0.025591 0.030119 0.013212
v -0.013358 0.056535 0.014563
v -0.006753 0.059448 0.013442
v -0.005467 0.059924 0.010773
v -0.010387 0.057909 0.014365
v -0.001058 0.060790 0.010086
v -0.007773 0.058711 0.019621
v 0.002935 -0.049589 0.011571
v 0.021189 0.018774 0.017044
v -0.005788 0.059764 0.017304
v 0.000485 0.061371 0.007937
v -0.006224 0.060205 0.008588
v 0.004338 -0.048093 0.012150
v -0.007775 0.059300 0.010571
v -0.000137 -0.025891 0.017490
v -0.010377 0.057706 0.018728
v 0.009645 -0.005346 0.016839
v -0.012893 0.056721 0.017446
v -0.003884 0.060368 0.015783
v -0.012084 0.057406 0.012402
v 0.024756 0.026299 0.030763
v 0.024511 0.028876 0.001462
v 0.011618 0.001753 0.021803
v 0.024192 0.028281 0.007823
v 0.003661 0.044530 -0.056267
v 0.025677 0.031740 0.012002
v -0.009370 0.057900 0.020979
v -0.003534 0.060137 0.018738
v -0.005244 0.059268 0.021489
v 0.016154 0.010260 0.021087
v 0.024520 0.028544 0.012151
v 0.025519 0.032913 0.012906
v -0.008601 0.057987 0.023670
v -0.012655 0.038972 -0.027093
v 0.025835 0.035896 0.016382
v -0.011277 0.056964 0.022663
v 0.025525 0.031651 0.013787
v -0.008150 0.058874 0.016443
v -0.009221 0.053730 -0.025422
v 0.025667 0.031198 0.015448
v 0.025074 0.042586 0.017870
v -0.011458 0.055813 0.031571
v 0.020252 0.004198 0.038073
v -0.012967 0.056214 0.023146
v -0.003616 0.060621 0.009345
v -0.014098 0.055565 0.023712
v 0.024291 0.029629 0.007483
v -0.014529 0.053236 0.035019
v 0.025137 0.030782 0.007332
v -0.014799 0.054084 0.030596
v -0.014177 0.054732 0.027462
v -0.016411 0.052414 0.032191
v -0.015898 0.052313 0.034624
v 0.025673 0.033253 0.007172
v -0.015846 0.052736 0.033426
v -0.016467 0.051002 0.037255
v -0.001462 0.042822 -0.043767
v 0.025766 0.037434 0.014617
v 0.004065 0.046352 -0.060121
v -0.002518 0.059092 0.027088
v -0.002247 0.063184 -0.002869
v -0.017326 0.051564 0.028037
v -0.016552 0.053203 0.025031
v 0.009413 0.050631 -0.059363
v 0.024557 0.033754 0.001115
v -0.015588 0.054453 0.024709
v -0.013215 0.055691 0.025074
v -0.016693 0.052417 0.029926
v 0.020336 0.008047 0.033535
v 0.010944 -0.003796 0.013323
v -0.015420 0.054856 0.018660
v 0.024023 0.022141 0.037262
v 0.024480 0.038734 -0.003068
v 0.023789 0.022908 0.036183
v 0.025805 0.035601 0.006461
v -0.014950 0.055178 0.022107
v -0.013114 0.056551 0.021047
v -0.011665 0.030252 -0.021848
v 0.014634 -0.009132 0.024613
v 0.011578 -0.007878 0.012250
v 0.010980 -0.006003 0.010714
v 0.023548 0.031785 -0.001639
v -0.014440 0.055806 0.019608
v 0.010190 -0.016663 0.020560
v -0.013577 0.040106 0.070093
v -0.012159 0.048999 -0.027273
v 0.009668 -0.019284 0.019767
v 0.015733 -0.015514 0.026168
v 0.016286 -0.013045 0.026679
v 0.008815 -0.016700 0.017302
v -0.012477 0.057257 0.008369
v -0.013250 0.056470 0.009093
v -0.015368 0.053868 0.008799
v -0.011612 0.056880 0.003222
v -0.012102 0.057107 0.005234
v -0.011321 0.058093 0.008220
v -0.012974 0.039784 -0.027260
v -0.011150 0.058317 0.003888
v -0.008917 0.059955 0.005561
v -0.013181 0.039973 -0.027361
v -0.010157 0.059005 0.003960
v -0.011780 0.057810 0.006373
v -0.010893 0.058548 0.005060
v -0.010331 0.058672 0.005788
v 0.020134 0.020418 0.005131
v -0.008531 0.059631 0.008095
v -0.010346 0.058476 0.010282
v 0.025707 0.039779 0.013927
v 0.025334 0.043972 0.000837
v -0.013882 0.054577 0.005585
v 0.025399 0.045403 0.005280
v -0.012284 0.055480 0.003794
v 0.025151 0.042755 0.009054
v -0.005163 0.040199 -0.041964
v -0.018538 0.052270 0.008390
v 0.025660 0.037404 0.007409
v -0.017371 0.052867 0.009885
v -0.016320 0.053622 0.010826
v 0.016073 0.037509 -0.038954
v -0.015827 0.053385 0.014109
v 0.025877 0.038811 0.012485
v -0.013705 0.055091 0.008553
v 0.018524 -0.016935 0.033323
v 0.025425 0.040439 0.002115
v -0.013100 0.055291 0.006757
v -0.012921 0.056415 0.007246
v -0.016644 0.052740 0.018007
v -0.016122 0.053172 0.015485
v -0.016123 0.053917 0.020832
v -0.003256 -0.042058 0.015482
v -0.015988 0.054080 0.022715
v 0.008032 0.027203 -0.033880
v -0.016861 0.052457 0.020838
v 0.022955 0.050453 -0.000907
v -0.015768 0.054269 0.021516
v -0.000154 0.039322 -0.045237
v -0.000851 0.040679 -0.044782
v -0.022532 0.048428 0.032042
v 0.023777 0.048532 -0.002066
v 0.025484 0.040885 0.009465
v -0.021140 0.049348 0.030293
v -0.015113 0.054772 0.014520
v -0.011365 0.034705 -0.027643
v -0.015727 0.053667 0.012177
v 0.023460 0.049674 0.002159
v -0.018186 0.051812 0.019414
v -0.014324 0.055694 0.017728
v -0.020413 0.050559 0.025428
v -0.016178 0.053505 0.019031
v -0.021275 0.049563 0.015661
v -0.001640 -0.045721 0.013933
v -0.022444 0.045507 0.022218
v -0.022046 0.048247 0.021834
v -0.019930 0.051405 0.018373
v -0.019653 0.051184 0.021409
v -0.021874 0.049532 0.022087
v 0.011263 -0.029459 0.019642
v -0.020964 0.050491 0.021338
v -0.022319 0.048874 0.023557
v -0.021996 0.047665 0.019540
v 0.025709 0.039111 0.008496
v 0.024283 0.047200 0.011353
v -0.021235 0.048271 0.013551
v -0.020871 0.050815 0.016710
v -0.000591 -0.042097 0.014282
v 0.021708 0.053125 0.017223
v -0.021667 0.049382 0.020276
v -0.021982 0.043339 0.014232
v -0.010058 0.058945 0.007654
v -0.021854 0.047766 0.016568
v -0.022732 0.043195 0.018189
v -0.014828 0.054803 0.012905
v -0.014581 0.054432 0.010775
v -0.021822 0.049724 0.024173
v -0.023207 0.040985 0.022456
v -0.023405 0.042953 0.026794
v -0.023182 0.043464 0.024529
v 0.002217 0.045164 -0.053593
v -0.022311 0.047257 0.024197
v 0.005525 0.055471 -0.039258
v 0.003822 0.055666 -0.039947
v 0.023509 0.048429 0.013428
v -0.014559 0.055631 0.014218
v -0.022412 0.046961 0.026458
v 0.020633 -0.045209 0.036589
v -0.006763 0.028588 -0.027944
v 0.010514 -0.036495 0.018605
v -0.022322 0.048380 0.025414
v -0.022296 0.048800 0.029925
v 0.025354 0.031236 0.032401
v -0.023220 0.042933 0.029739
v -0.023452 0.042697 0.036848
v 0.025807 0.036936 0.017558
v -0.023485 0.041979 0.024180
v -0.022115 0.047694 0.037343
v 0.013325 -0.037649 0.019311
v -0.023558 0.046170 0.040631
v -0.022683 0.047544 0.036782
v 0.012084 -0.035018 0.019945
v -0.024206 0.040100 0.036154
v 0.009700 0.052399 -0.071620
v -0.017764 0.048924 0.039619
v 0.025227 0.044758 0.015685
v 0.022412 0.051282 0.017053
v 0.022458 0.051741 0.020166
v 0.019875 0.052813 0.028073
v 0.017574 -0.038591 0.020818
v -0.016496 0.049847 0.040114
v 0.014952 -0.036860 0.019659
v -0.019722 0.048026 0.039709
v -0.022085 0.047073 0.039848
v -0.023157 0.046654 0.039622
v 0.017260 -0.032736 0.025304
v -0.023532 0.043691 0.047396
v 0.006889 0.053171 -0.065342
v 0.023529 0.049108 0.010693
v -0.016591 0.049020 0.042083
v 0.022542 0.050568 0.011413
v -0.021390 0.046622 0.043426
v -0.018492 0.047741 0.042965
v -0.017109 0.050106 0.037503
v -0.016735 0.050849 0.035840
v -0.016580 0.051570 0.034227
v 0.020081 0.049817 0.039850
v -0.018355 0.051468 0.023293
v -0.017197 0.051028 0.032385
v -0.012007 0.036040 -0.026551
v -0.016877 0.052476 0.026999
v -0.019307 0.050176 0.029325
v -0.018630 0.049181 0.036866
v -0.004410 0.026670 -0.027438
v -0.017510 0.050292 0.034818
v -0.003403 0.025967 -0.028266
v -0.015466 0.054753 0.020822
v 0.024332 0.047711 0.006315
v 0.023912 0.048858 0.004555
v -0.016554 0.052994 0.022530
v 0.009234 -0.021957 0.019790
v -0.017397 0.051676 0.025810
v -0.017055 0.052193 0.023672
v 0.023722 0.049323 0.007582
v -0.022622 0.048264 0.029039
v -0.018351 0.050969 0.026910
v -0.012845 0.033184 -0.023487
v -0.022033 0.049175 0.027358
v 0.013314 0.039320 -0.043169
v 0.012341 0.036950 -0.043354
v -0.016949 0.052240 0.025421
v 0.023327 0.050495 0.006077
v -0.022869 0.048133 0.030630
v -0.021952 0.048268 0.034845
v -0.014620 0.054712 0.025932
v -0.019135 0.049655 0.033055
v 0.011389 0.045561 -0.043285
v 0.020391 0.054475 0.004965
v -0.020639 0.048471 0.036877
v -0.021246 0.050321 0.018633
v -0.021736 0.049265 0.018048
v 0.005406 0.023388 -0.026146
v 0.004220 0.029605 -0.039150
v 0.022335 0.051463 0.011891
v -0.022464 0.045766 0.028892
v 0.018686 0.045306 -0.034457
v -0.004485 0.025994 -0.025826
v -0.022654 0.047226 0.029852
v -0.017817 0.050765 0.029923
v 0.020771 0.053677 0.001547
v 0.015101 0.057530 0.016878
v -0.023307 0.045436 0.038312
v -0.023156 0.046915 0.038445
v 0.016372 0.056795 0.016529
v -0.022945 0.047440 0.034991
v 0.022392 0.052337 0.004311
v -0.022921 0.047726 0.033791
v -0.023280 0.046815 0.036289
v -0.023099 0.044778 0.036123
v 0.022642 0.052235 0.012248
v 0.021013 0.053747 0.012913
v 0.024005 0.048147 0.002417
v -0.023077 0.046625 0.034626
v 0.024885 0.047324 0.003220
v -0.022796 0.047061 0.032408
v -0.023164 0.042935 0.033843
v -0.022594 0.046085 0.031353
v -0.022703 0.044518 0.031534
v -0.002497 0.024322 -0.024666
v 0.001083 0.026779 -0.033152
v 0.022792 0.050774 0.004279
v -0.006869 -0.045066 0.017874
v -0.016223 0.050866 0.039029
v 0.018115 -0.049143 0.017434
v 0.024224 0.047621 0.008652
v -0.022718 0.045317 0.033299
v -0.009925 0.029317 -0.025041
v 0.024394 0.047606 0.004707
v -0.022340 0.043587 0.015993
v -0.021167 0.045469 0.008525
v -0.021652 0.044329 0.011062
v -0.018050 0.052540 0.012706
v -0.021841 0.043523 0.012836
v -0.021725 0.046450 0.014778
v -0.021071 0.048450 0.010815
v -0.021389 0.050005 0.017386
v -0.017499 0.052448 0.016131
v -0.020041 0.051153 0.009486
v 0.023975 0.048278 0.000409
v 0.022079 0.052058 0.000186
v -0.012554 0.057273 0.010330
v -0.019614 0.051653 0.015438
v -0.020598 0.050791 0.015099
v 0.024530 0.047238 -0.002538
v -0.015613 0.053996 0.015542
v -0.010046 0.028512 -0.023422
v -0.015712 0.053662 0.027428
v -0.009154 0.027241 -0.022295
v -0.010764 0.029498 -0.022217
v 0.009738 0.046553 -0.060188
v 0.009320 0.046244 -0.055031
v 0.009912 0.049197 -0.057858
v -0.003120 0.027729 -0.032810
v -0.022215 0.045214 0.017613
v 0.021197 -0.053804 0.023764
v -0.002286 0.028908 -0.035375
v 0.008413 0.052150 0.042132
v -0.021956 0.044751 0.013983
v 0.023301 0.045932 -0.014492
v -0.012159 0.030913 -0.022571
v -0.011605 0.030512 -0.023016
v -0.021329 0.046446 0.011395
v -0.020990 0.049606 0.013657
v -0.020684 0.049532 0.009426
v -0.020180 0.049887 0.006990
v -0.020798 0.049899 0.011719
v -0.017791 0.052343 0.005902
v 0.016974 -0.041217 0.019350
v -0.013155 0.031010 -0.020797
v -0.020698 0.050476 0.013658
v -0.021518 0.042865 0.009949
v -0.012686 0.031788 -0.022484
v -0.021650 0.041731 0.008788
v -0.021823 0.042159 0.013390
v -0.019857 0.051467 0.013761
v 0.022480 0.051612 0.002170
v -0.019942 0.051457 0.012063
v -0.010091 0.026494 -0.020251
v -0.020345 0.048348 0.005518
v -0.010345 0.027724 -0.020302
v 0.024786 0.046120 -0.003977
v -0.018942 0.052147 0.010573
v 0.000203 -0.022660 0.013886
v -0.012556 0.055717 0.005334
v -0.015598 0.053208 0.002796
v -0.016528 0.052987 0.006972
v 0.024850 0.047341 -0.000777
v -0.016175 0.053190 0.016444
v -0.021162 0.044004 0.008892
v -0.014625 0.052424 -0.007359
v 0.017075 0.056953 0.008482
v 0.025814 0.035013 0.008591
v 0.024903 0.047427 0.000471
v -0.010379 0.052836 -0.019634
v 0.019176 -0.058492 0.027902
v -0.019154 0.050835 0.003833
v -0.018295 0.051179 0.001300
v -0.019866 0.049669 0.004430
v 0.025129 0.046805 0.004997
v -0.015751 0.052710 -0.001785
v 0.017193 0.056969 0.011042
v -0.018044 0.051972 0.003511
v 0.001721 -0.026145 0.016435
v -0.017247 0.052099 0.000954
v 0.000981 -0.024870 0.014942
v -0.020803 0.047822 0.008144
v 0.021487 0.052755 0.019428
v 0.002355 0.028919 -0.037786
v 0.022566 0.052167 0.017767
v 0.022318 0.052318 0.018557
v 0.015690 0.057507 0.008337
v -0.021442 0.043037 0.007874
v -0.019276 0.049589 0.001445
v -0.021652 0.042810 0.011740
v 0.020917 0.031676 -0.019523
v -0.019999 0.048184 0.003097
v -0.018440 0.050443 -0.000488
v -0.013528 0.026330 -0.015315
v 0.022507 -0.053838 0.029263
v -0.020534 0.045935 0.004642
v -0.020837 0.044286 0.005044
v -0.018925 0.046576 -0.003207
v -0.019248 0.051405 0.006422
v 0.017308 0.054918 0.021420
v -0.021098 0.040591 0.002234
v -0.021623 0.042028 0.006844
v 0.014991 0.057674 0.015242
v 0.016182 0.057044 0.013980
v -0.019933 0.044931 0.001630
v 0.018854 0.053669 0.025335
v 0.022127 -0.050793 0.035601
v 0.022140 -0.052303 0.036709
v -0.019581 0.046846 0.000043
v -0.019644 0.050555 0.005510
v 0.020573 -0.051425 0.021867
v 0.000049 0.043865 0.063387
v 0.005667 0.025364 -0.031510
v 0.002519 0.044636 0.061913
v -0.000226 -0.022604 0.014970
v -0.000491 -0.023696 0.015400
v -0.018644 0.046680 -0.004951
v 0.005078 0.046938 0.057217
v 0.019371 0.045953 0.051052
v 0.017919 0.046588 0.051563
v -0.002234 -0.034484 0.018260
v -0.010853 0.053099 -0.016878
v -0.008869 0.054765 -0.018264
v 0.019345 0.044613 0.054182
v -0.017440 0.051474 -0.001236
v -0.018745 0.049260 -0.001266
v -0.017016 0.051174 -0.003625
v -0.020859 0.044260 0.006758
v -0.002281 -0.032583 0.018790
v -0.008678 0.054477 -0.021411
v 0.021692 0.034265 -0.020168
v 0.020664 0.048055 0.044640
v -0.015531 0.051257 -0.008429
v -0.015818 0.051931 -0.004936
v 0.020781 0.045798 0.045175
v 0.020947 0.046548 0.042300
v 0.021768 0.048089 0.035251
v 0.021545 0.047881 0.032535
v -0.008286 0.029877 -0.027318
v -0.016456 0.050641 -0.006634
v 0.016888 0.042383 0.061483
v 0.017978 0.043059 0.059430
v -0.011795 0.051880 -0.017260
v 0.015377 0.043965 0.060829
v -0.000175 0.044674 0.061724
v 0.013064 0.050240 0.045179
v 0.014429 0.049572 0.045746
v -0.011721 0.051103 -0.018932
v -0.012520 0.048152 -0.022889
v -0.012864 0.049108 -0.019265
v -0.011420 0.049606 -0.023799
v -0.014479 0.046719 -0.018548
v -0.000137 0.021276 -0.018902
v -0.012730 0.044730 -0.025904
v 0.014250 0.058305 0.012491
v 0.014422 0.057346 0.017925
v -0.020427 0.043476 0.000782
v -0.019522 0.045567 -0.000979
v 0.003537 -0.030905 0.017583
v -0.016104 0.050679 -0.009069
v 0.013552 0.057806 0.014880
v -0.018484 0.048289 -0.003862
v 0.016334 0.056543 0.017970
v 0.013005 0.057216 0.021206
v -0.018217 0.047330 -0.006811
v 0.012777 0.057856 0.018301
v -0.016881 0.049673 -0.008712
v -0.017706 0.049084 -0.006809
v -0.018344 0.045972 -0.006397
v -0.016528 0.051053 -0.005062
v -0.015621 0.047940 -0.014582
v 0.016269 0.056003 0.022194
v -0.017760 0.044951 -0.010501
v -0.018841 0.044440 -0.006748
v -0.019577 0.043486 -0.004875
v -0.019876 0.043772 -0.002209
v 0.021856 -0.055641 0.026911
v -0.018870 0.045222 -0.004369
v -0.016545 0.046032 -0.013424
v 0.012794 -0.022644 0.023181
v -0.019727 0.044866 -0.000310
v -0.020663 0.041644 -0.000399
v -0.017364 0.047896 -0.009613
v -0.017164 0.046262 -0.010925
v -0.016716 0.047382 -0.012060
v 0.007985 0.051497 -0.043593
v -0.017237 0.045137 -0.012307
v -0.006981 0.012428 0.010823
v -0.017848 0.045882 -0.008489
v -0.019306 0.045511 -0.001961
v 0.011962 -0.046140 0.015721
v 0.014874 0.056789 0.020350
v -0.017240 0.041547 -0.013289
v 0.021405 -0.032799 0.037501
v 0.017752 0.054450 0.023194
v -0.015794 0.045481 -0.016719
v -0.019034 0.041995 -0.006985
v 0.022254 -0.051864 0.029348
v -0.017537 0.043426 -0.012202
v -0.013452 0.046707 -0.021544
v 0.015201 -0.060306 0.022128
v 0.000530 0.045551 -0.044315
v -0.013146 0.046096 -0.027210
v 0.018500 -0.052212 0.017143
v -0.017936 0.041439 -0.010254
v 0.015807 0.054691 0.028700
v -0.013197 0.044188 -0.026847
v -0.012094 0.007267 0.020339
v -0.016803 0.044163 -0.014789
v 0.019383 -0.050911 0.018985
v 0.009353 -0.062985 0.022688
v -0.008378 0.030402 -0.030322
v -0.005813 0.028844 -0.031898
v 0.003161 -0.025843 0.014752
v 0.004647 -0.028207 0.016679
v -0.010541 0.033686 -0.029909
v -0.010645 0.032650 -0.028818
v -0.022464 0.040810 0.015443
v 0.014772 0.054999 0.029191
v 0.018677 0.052065 0.033919
v -0.007842 -0.047878 0.017194
v -0.022842 0.043333 0.020329
v -0.023040 0.039559 0.017638
v 0.021720 -0.051474 0.026735
v -0.022788 0.038172 0.013813
v -0.023362 0.033047 0.014280
v -0.022891 0.036922 0.013583
v -0.023572 0.033957 0.017030
v -0.023417 0.035187 0.017251
v -0.023406 0.034244 0.014709
v -0.023210 0.031318 0.014992
v 0.021832 -0.053222 0.026715
v -0.023273 0.028372 0.018893
v -0.022927 0.029169 0.015061
v -0.022603 0.029811 0.012889
v -0.023379 0.029368 0.017458
v 0.009650 0.021832 -0.020261
v -0.023073 0.029213 0.016181
v -0.021041 0.024051 0.016020
v -0.021813 0.025591 0.017159
v -0.020751 0.024174 0.014162
v 0.022278 0.051678 0.023177
v -0.022417 0.027913 0.014324
v -0.023213 0.029794 0.016053
v 0.016449 0.054687 0.027077
v -0.023571 0.028904 0.018407
v -0.006191 -0.000742 0.016345
v -0.023748 0.030853 0.019189
v 0.020296 0.053265 0.023938
v -0.023872 0.032531 0.018970
v -0.024020 0.030752 0.021657
v -0.023172 0.043063 0.022572
v -0.023520 0.034704 0.016337
v -0.015330 -0.053731 0.036394
v 0.016925 0.054099 0.026880
v -0.023956 0.033572 0.022643
v 0.016840 0.054252 0.025900
v 0.014488 0.056430 0.023107
v 0.016462 -0.058323 0.036148
v 0.017803 0.053703 0.026743
v 0.014754 0.055444 0.027121
v -0.023323 0.039360 0.020211
v -0.023624 0.033737 0.016221
v 0.012510 0.057221 0.023569
v 0.017909 0.053143 0.028735
v -0.022758 0.041727 0.019548
v -0.023380 0.036598 0.019157
v 0.021720 0.050208 0.032116
v -0.008489 -0.048843 0.016425
v -0.022633 0.041605 0.017381
v -0.023552 0.035340 0.018129
v -0.007903 -0.054464 0.014978
v -0.009145 -0.049837 0.015475
v 0.021069 0.051380 0.030970
v -0.023466 0.033222 0.015724
v 0.013949 0.056389 0.025079
v -0.023634 0.034284 0.017659
v -0.023206 0.036403 0.016182
v 0.008608 0.057511 0.026794
v -0.022653 0.044990 0.026134
v -0.013719 -0.055396 0.026088
v 0.021976 0.046664 0.028170
v -0.023073 0.035677 0.014402
v 0.021740 0.049005 0.025184
v 0.009038 -0.014977 0.019377
v 0.010334 -0.033700 0.019333
v -0.022828 0.029335 0.014120
v 0.015127 0.053183 0.034779
v 0.020436 0.051180 0.033758
v -0.023581 0.036816 0.021643
v -0.005334 -0.051983 0.012448
v 0.021189 0.050278 0.034783
v -0.023711 0.034184 0.019257
v -0.022276 0.039881 0.013710
v 0.021650 0.049133 0.034027
v 0.021285 0.050480 0.033289
v -0.023748 0.031874 0.017736
v 0.018800 -0.039304 0.023071
v -0.023669 0.033167 0.017463
v 0.016483 0.056008 0.020720
v 0.022072 -0.053622 0.038168
v -0.022148 0.042386 0.015282
v 0.014990 0.055803 0.025005
v -0.023620 0.029336 0.018834
v -0.023746 0.029427 0.020228
v -0.024017 0.031998 0.022419
v -0.023770 0.028253 0.022521
v -0.023401 0.032218 0.015805
v -0.022600 0.027187 0.017340
v -0.003714 -0.003902 0.014683
v -0.004021 -0.002685 0.015035
v 0.000376 0.050742 0.047625
v 0.016832 0.053802 0.027978
v -0.021066 0.025619 0.013786
v 0.010236 0.057718 0.024031
v -0.023958 0.032558 0.020833
v -0.022402 0.023756 0.022120
v -0.021503 0.023922 0.018212
v 0.011378 0.056492 0.028845
v 0.012794 0.056571 0.026380
v -0.023607 0.025857 0.023949
v -0.021663 0.023183 0.019574
v -0.022863 0.038613 0.015979
v -0.005902 -0.002164 0.015964
v 0.011338 0.055393 0.032639
v -0.023727 0.041302 0.025583
v -0.022056 0.022915 0.020938
v -0.023849 0.034477 0.020791
v 0.015031 0.054245 0.031518
v 0.013786 0.055610 0.029159
v -0.011836 0.056152 0.027060
v -0.009132 0.057319 0.027590
v -0.023770 0.036040 0.027988
v -0.024046 0.025903 0.028635
v -0.023832 0.031251 0.028414
v -0.021522 0.022605 0.019977
v -0.024191 0.029077 0.028258
v 0.019793 0.052058 0.031559
v -0.023485 0.030843 0.016549
v -0.014102 0.051218 0.042941
v -0.024040 0.025182 0.026170
v -0.024136 0.028649 0.025606
v -0.024138 0.031982 0.023761
v -0.016517 0.006777 0.027402
v -0.023819 0.032722 0.028185
v -0.023537 0.039706 0.024827
v -0.006401 0.003176 0.017107
v -0.015360 0.051304 0.040383
v 0.000326 0.003419 0.014957
v -0.023719 0.035295 0.023130
v 0.013429 0.054352 0.033916
v -0.022847 0.026014 0.020758
v -0.024000 0.026873 0.025414
v -0.023611 0.040461 0.025819
v -0.024086 0.041046 0.027564
v -0.023567 0.035339 0.021511
v 0.017102 0.051835 0.036260
v -0.023623 0.037639 0.023994
v -0.024277 0.039441 0.028978
v 0.011927 0.054313 0.036367
v 0.015819 0.053424 0.033372
v 0.013653 0.053505 0.036021
v -0.025740 0.028367 0.039669
v -0.025682 0.026662 0.040221
v -0.023505 0.036254 0.050389
v -0.024927 0.026877 0.039353
v 0.020247 0.050403 0.037401
v -0.023319 0.044266 0.049197
v -0.023480 0.043354 0.051045
v -0.023170 0.043883 0.038428
v 0.021061 0.049208 0.037939
v -0.008647 0.003440 0.018623
v -0.024724 0.038101 0.037620
v -0.025465 0.036055 0.038358
v -0.025838 0.033561 0.040291
v -0.023107 0.044238 0.040907
v 0.019998 -0.043319 0.042110
v -0.025906 0.033713 0.038515
v -0.022139 0.044158 0.050857
v -0.023305 0.045898 0.042398
v -0.024354 0.038430 0.039537
v -0.023098 0.041283 0.043576
v -0.023274 0.044769 0.047576
v -0.023110 0.045136 0.046292
v -0.023410 0.038425 0.049246
v -0.023031 0.038126 0.051617
v -0.023139 0.036269 0.051765
v -0.023456 0.044834 0.045920
v -0.025002 0.034805 0.041712
v -0.021954 0.030429 0.058501
v -0.008395 0.056686 0.033885
v 0.013990 0.050755 0.042328
v -0.023610 0.044579 0.046726
v -0.023470 0.031854 0.053415
v -0.004453 -0.003729 0.015299
v -0.005289 -0.003106 0.015446
v -0.002388 0.007415 0.014936
v -0.022140 0.038770 0.056156
v -0.023365 0.041272 0.051797
v -0.023579 0.042671 0.049451
v -0.023412 0.040614 0.047968
v -0.021919 0.036994 0.055359
v -0.022627 0.039240 0.053736
v -0.023414 0.044321 0.045799
v 0.002754 0.012828 0.005174
v -0.024003 0.030386 0.053289
v -0.023792 0.033172 0.051596
v -0.021879 0.028731 0.059093
v -0.022123 0.028396 0.058911
v 0.019996 -0.040409 0.041659
v 0.016761 0.053073 0.032388
v -0.022189 0.028868 0.058345
v -0.021528 0.030549 0.060348
v 0.013339 0.053108 0.037735
v -0.024680 0.027598 0.051794
v -0.022895 0.042087 0.053947
v -0.026019 0.025245 0.041357
v -0.024459 0.031486 0.050572
v -0.021700 0.028707 0.060064
v -0.023459 0.028386 0.056268
v -0.025071 0.031765 0.047703
v -0.022583 0.030114 0.057079
v -0.023070 0.031259 0.055161
v 0.012165 0.052032 0.041582
v -0.021302 0.028074 0.061919
v -0.023955 0.026125 0.055696
v 0.020941 -0.041918 0.043631
v 0.020006 -0.041118 0.042839
v -0.010389 0.010904 0.015340
v 0.019388 0.051257 0.036233
v -0.024574 0.023529 0.051006
v -0.025162 0.034492 0.043696
v 0.021226 -0.047588 0.040907
v -0.023600 0.037670 0.048178
v 0.020891 0.045962 0.040356
v -0.022531 0.035283 0.053909
v -0.024861 0.023340 0.048512
v -0.025197 0.025606 0.047970
v -0.023950 0.023739 0.037027
v -0.025971 0.027300 0.042026
v 0.020960 0.048513 0.041244
v -0.025507 0.025343 0.040225
v -0.026087 0.027529 0.040700
v 0.021168 0.047631 0.039723
v -0.024241 0.034676 0.048499
v 0.014336 0.057814 -0.008390
v -0.025459 0.029041 0.046663
v 0.016730 0.052730 0.034255
v -0.025530 0.031945 0.044998
v -0.023354 0.034844 0.052104
v -0.026090 0.031242 0.040136
v -0.021144 0.010860 0.049130
v -0.024818 0.036685 0.042026
v -0.002808 -0.018634 0.016285
v -0.002037 -0.016808 0.015467
v -0.023780 0.037820 0.045793
v -0.025245 0.033284 0.045466
v -0.026082 0.029267 0.040456
v -0.025624 0.030171 0.043986
v -0.017354 0.047365 0.046294
v 0.016656 0.053462 0.030146
v 0.009875 0.049786 0.047874
v 0.010959 0.049520 0.048733
v 0.014952 0.052125 0.037711
v 0.020960 -0.044105 0.043181
v 0.021197 -0.044859 0.044009
v 0.016909 0.050979 0.039247
v -0.024747 0.034751 0.045922
v -0.025464 0.032605 0.042593
v -0.024644 0.036680 0.044027
v -0.022972 0.045772 0.043851
v 0.010721 0.051424 0.043552
v -0.025882 0.030302 0.041904
v 0.008907 0.050458 0.045338
v -0.025577 0.033521 0.037324
v 0.010213 0.052664 0.041296
v -0.025098 0.036062 0.040318
v 0.019991 -0.041865 0.041759
v 0.020710 -0.036833 0.043250
v -0.024991 0.037537 0.036303
v -0.025120 0.034549 0.035978
v 0.006854 0.048563 0.052145
v -0.023322 0.042801 0.052279
v -0.025160 0.036250 0.035098
v -0.025606 0.035111 0.036783
v 0.021318 -0.033517 0.039445
v 0.012357 0.053114 0.038910
v -0.023856 0.038794 0.042524
v 0.018947 0.050896 0.038396
v -0.025378 0.036290 0.036660
v 0.023244 0.034523 0.038125
v -0.024858 0.037262 0.033295
v -0.026033 0.032294 0.039183
v -0.024327 0.040347 0.032367
v -0.024010 0.036315 0.030882
v -0.023770 0.038970 0.027064
v 0.018628 0.045616 0.052846
v -0.024995 0.038065 0.034454
v -0.024567 0.039015 0.030949
v -0.024243 0.040604 0.029912
v 0.014774 0.044492 0.058964
v -0.023110 0.022748 0.023957
v -0.024083 0.030803 0.025892
v 0.014048 0.043904 0.062149
v -0.002529 0.036349 -0.042501
v -0.024099 0.034855 0.032546
v -0.023948 0.033693 0.025763
v -0.023860 0.034340 0.030457
v -0.023844 0.033927 0.028462
v 0.020983 -0.043448 0.044989
v -0.025744 0.034568 0.037782
v 0.015091 0.051126 0.040148
v -0.024748 0.038609 0.032633
v 0.020746 0.044927 0.043729
v -0.024323 0.037423 0.031635
v -0.023973 0.037884 0.029567
v 0.010329 0.053901 0.038729
v -0.024107 0.032284 0.032078
v 0.016039 0.048758 0.047408
v -0.024681 0.039280 0.033802
v 0.020721 0.044686 0.047921
v 0.009032 0.049008 0.050085
v 0.019511 0.045559 0.052383
v -0.023623 0.032405 0.030181
v 0.011598 0.050272 0.046186
v -0.024417 0.034864 0.034495
v -0.024255 0.023923 0.038079
v -0.024217 0.032502 0.033258
v -0.024193 0.028262 0.033631
v -0.023899 0.026262 0.034689
v 0.013897 0.048343 0.049851
v -0.023795 0.030576 0.030857
v -0.023243 0.023803 0.031543
v 0.020145 0.045062 0.051696
v -0.024037 0.026512 0.032942
v 0.003507 0.015154 -0.003179
v -0.023845 0.033238 0.031255
v -0.024256 0.031695 0.034206
v -0.023817 0.031277 0.031797
v -0.024111 0.027934 0.031174
v 0.017365 0.047888 0.049055
v 0.012036 0.044916 0.058889
v -0.023858 0.025739 0.031506
v 0.013922 0.045831 0.055672
v 0.008248 0.047487 0.054332
v 0.016972 0.045132 0.055560
v -0.024366 0.036181 0.032952
v 0.020526 -0.046717 0.026060
v 0.003513 0.046888 0.057501
v -0.024107 0.031090 0.033182
v -0.024093 0.030260 0.023750
v -0.024330 0.030064 0.034503
v -0.023090 0.021807 0.031585
v -0.024086 0.025134 0.036452
v -0.024131 0.033242 0.034175
v -0.023125 0.024525 0.023322
v -0.025498 0.026763 0.044574
v -0.023387 0.045905 0.039652
v 0.013326 0.047161 0.052846
v 0.003005 0.043644 0.066310
v 0.006021 0.043473 0.066165
v 0.023912 0.038168 0.040042
v -0.024107 0.033513 0.032184
v -0.024577 0.029615 0.037348
v -0.023360 0.041304 0.039844
v 0.015630 0.046863 0.052487
v -0.007106 -0.061999 0.025177
v -0.024134 0.029659 0.030028
v -0.023966 0.029430 0.031436
v -0.024558 0.033226 0.035981
v 0.008796 0.046964 0.055365
v -0.024026 0.029083 0.032446
v 0.011030 0.046306 0.055011
v -0.023307 0.023143 0.029816
v 0.017431 0.043980 0.058073
v -0.006159 -0.048910 0.015157
v 0.015807 0.043381 0.062019
v 0.007141 0.047006 0.056922
v 0.008102 0.045988 0.057364
v -0.023490 0.023438 0.035790
v 0.021274 0.043866 0.041621
v 0.011602 0.043835 0.063022
v 0.003147 0.045614 0.060449
v 0.016128 0.042376 0.062762
v 0.022637 0.035632 0.047129
v 0.022087 0.036896 0.047597
v 0.010088 0.028569 0.072784
v 0.023587 0.033348 0.046284
v 0.002027 0.047860 0.056267
v 0.019446 0.042463 0.055846
v -0.025892 0.030663 0.038982
v -0.008197 -0.011616 0.020313
v -0.025017 0.029169 0.038593
v -0.024382 0.031169 0.035829
v 0.012459 0.050918 0.044021
v -0.006122 -0.009932 0.018012
v -0.025593 0.024349 0.043543
v -0.022387 0.015097 0.054780
v 0.000778 -0.004657 0.012073
v -0.022903 0.017215 0.054571
v 0.000046 -0.005310 0.012130
v 0.009412 0.048010 0.052911
v -0.024929 0.023249 0.046659
v 0.016260 0.050096 0.042173
v -0.023399 0.024572 0.033745
v 0.013643 0.051993 0.039552
v -0.019403 0.007160 0.054580
v -0.025214 0.023050 0.040694
v -0.024566 0.024577 0.039421
v -0.024958 0.021977 0.044944
v -0.024583 0.019328 0.044247
v -0.021903 0.045229 0.047525
v 0.007997 0.049399 0.047966
v -0.006685 -0.012154 0.018718
v -0.023810 0.022612 0.037248
v -0.023145 0.021930 0.036225
v 0.006585 0.049662 0.046007
v 0.019438 -0.001301 0.035005
v -0.024105 0.022240 0.039050
v 0.004043 0.048701 0.048038
v -0.007258 -0.035112 0.021298
v 0.007543 0.048036 0.053916
v -0.013800 0.052608 0.038927
v -0.024826 0.020812 0.041820
v -0.023662 0.019981 0.036752
v 0.013156 0.051108 0.043109
v -0.022609 0.020229 0.028185
v -0.023823 0.020499 0.038293
v -0.023150 0.020849 0.035959
v 0.003024 0.043763 0.064273
v -0.023592 0.024865 0.035134
v 0.000933 0.043604 0.065271
v -0.023882 0.029731 0.033371
v 0.008588 0.053412 0.040140
v 0.004345 0.047622 0.056276
v -0.024407 0.026116 0.038120
v -0.023054 0.017825 0.040884
v -0.025474 0.022464 0.042711
v -0.022946 0.018737 0.033312
v -0.022870 0.022055 0.034146
v 0.020649 0.009800 0.033193
v -0.023556 0.020604 0.036577
v 0.009771 -0.060037 0.047010
v -0.006937 0.054632 0.041630
v -0.024293 0.021385 0.040480
v -0.018430 0.009889 0.029734
v -0.023098 0.021716 0.029672
v -0.022827 0.020080 0.031165
v -0.023068 0.020498 0.033274
v -0.017471 0.003625 0.031673
v 0.021080 -0.041810 0.045741
v -0.017317 -0.002376 0.031492
v -0.023384 0.019501 0.034395
v -0.018524 0.007481 0.031898
v -0.023110 0.018169 0.035888
v -0.017787 0.005600 0.031708
v -0.018302 0.004100 0.033506
v -0.015054 -0.048797 0.032855
v -0.017164 -0.009411 0.049759
v -0.016406 -0.039087 0.039973
v -0.016861 -0.008153 0.031103
v -0.016651 -0.032913 0.035746
v -0.017177 -0.025513 0.036406
v -0.023641 0.016899 0.044214
v -0.023747 0.019758 0.040736
v -0.023555 0.021113 0.037228
v -0.019807 0.010562 0.033652
v -0.015384 0.047372 0.049377
v -0.005159 0.058082 0.031178
v -0.007474 0.056396 0.036601
v -0.016180 0.051813 0.035801
v -0.024412 0.021141 0.049269
v -0.023726 0.017582 0.051130
v -0.015499 -0.051520 0.034592
v -0.025301 0.023295 0.044400
v -0.022962 0.025638 0.058193
v -0.024183 0.019032 0.048635
v -0.016747 -0.021652 0.050825
v -0.015525 0.051850 0.037751
v -0.015954 0.050607 0.040417
v -0.025233 0.023814 0.044696
v -0.023975 0.018537 0.042415
v 0.023546 0.026964 0.043975
v -0.011477 0.054602 0.036050
v -0.022986 0.014976 0.050052
v -0.023946 0.017201 0.048766
v -0.017278 -0.014245 0.034692
v -0.001905 0.045392 0.060245
v -0.022599 0.014567 0.046418
v -0.015114 0.044558 0.055726
v -0.019653 0.008589 0.054384
v -0.013634 0.044187 0.058836
v -0.016830 0.042430 0.065304
v -0.019800 0.045022 0.049914
v -0.022621 0.015074 0.053015
v -0.010943 -0.059312 0.031883
v -0.020634 0.031316 0.062477
v -0.021722 0.021473 0.060963
v -0.022346 0.023146 0.059415
v -0.001319 0.048018 0.056448
v 0.016624 -0.048435 0.016299
v -0.021135 0.021690 0.062179
v 0.017487 -0.050252 0.016042
v -0.020638 0.020926 0.063780
v -0.009646 0.046081 0.057211
v -0.016553 0.043899 0.058344
v -0.010559 0.050357 0.049261
v -0.015338 -0.053777 0.039217
v -0.019093 0.011186 0.057590
v -0.021648 0.033626 0.057911
v -0.022499 0.033059 0.055452
v 0.007055 0.018198 0.075100
v -0.019302 0.002173 0.035956
v 0.007150 0.020894 0.075796
v -0.019163 0.004154 0.035308
v -0.006163 0.040732 0.073217
v -0.017782 -0.016759 0.037943
v -0.022608 0.016160 0.041212
v -0.021575 0.012954 0.047399
v -0.015269 -0.023230 0.053708
v -0.016064 -0.021275 0.052214
v -0.024333 0.018939 0.046797
v -0.016748 -0.038670 0.041291
v -0.016055 -0.022646 0.052320
v -0.018364 -0.000453 0.033823
v -0.024916 0.031398 0.037583
v -0.013153 -0.046304 0.030382
v -0.015377 0.001055 0.028368
v -0.016878 -0.036505 0.040020
v -0.016127 0.048904 0.043933
v -0.017001 0.048357 0.043995
v -0.015954 -0.042185 0.039485
v -0.015721 -0.047179 0.039356
v -0.014986 -0.053557 0.041627
v -0.016106 0.048373 0.045918
v -0.016067 -0.040663 0.039845
v -0.016392 -0.021425 0.034177
v -0.017197 -0.006141 0.031099
v -0.016959 -0.018202 0.035909
v -0.018035 -0.018873 0.038504
v -0.015184 -0.007205 0.053062
v -0.016873 -0.004975 0.051526
v -0.017098 -0.022032 0.036047
v -0.016704 -0.000364 0.030947
v -0.017588 -0.013938 0.036596
v -0.016051 -0.031767 0.033478
v 0.017623 -0.052618 0.050551
v -0.015468 -0.047648 0.038704
v -0.015386 -0.053399 0.032958
v -0.015542 -0.050649 0.040798
v -0.017979 -0.004421 0.032547
v -0.016555 -0.024031 0.033883
v -0.016805 -0.017222 0.034481
v -0.021247 0.011236 0.046063
v -0.015840 0.050487 0.041710
v -0.015030 0.048770 0.047461
v -0.016666 -0.019991 0.035547
v -0.018200 -0.018184 0.040045
v -0.015149 -0.049622 0.032251
v -0.023725 0.023895 0.025322
v -0.018195 -0.008461 0.047994
v -0.023618 0.016269 0.046794
v -0.015732 0.049908 0.043201
v -0.016948 -0.012780 0.033295
v -0.017463 -0.011636 0.034797
v -0.016866 -0.015519 0.034076
v -0.017811 0.006539 0.031055
v -0.014000 0.048552 0.049448
v -0.016929 -0.014391 0.033696
v -0.014408 -0.055809 0.040467
v -0.018542 0.002355 0.034440
v -0.025729 0.032257 0.038271
v 0.020315 0.021156 0.059486
v -0.017454 0.002042 0.032742
v -0.016815 0.002148 0.030676
v -0.013342 0.049839 0.047400
v -0.002215 0.049684 0.053671
v 0.022418 0.017138 0.046951
v -0.017051 -0.010063 0.032435
v -0.016141 -0.025920 0.032349
v -0.015672 -0.024222 0.031774
v -0.018260 -0.007390 0.034525
v -0.016892 -0.029396 0.034847
v -0.017529 -0.019569 0.037148
v -0.022357 0.021915 0.022380
v -0.015201 0.049607 0.045119
v -0.016253 -0.019039 0.033765
v -0.016470 -0.016627 0.032831
v -0.016207 -0.037703 0.038169
v -0.015186 -0.018365 0.030821
v 0.003554 0.048827 0.052579
v -0.018894 -0.003618 0.035015
v -0.016836 -0.012548 0.031903
v -0.016927 -0.014575 0.032777
v 0.000732 0.049208 0.054072
v -0.016728 -0.027213 0.033531
v -0.022626 0.014302 0.048258
v 0.005733 0.048163 0.054530
v -0.015980 -0.039965 0.038173
v -0.017171 -0.016226 0.035654
v -0.016051 -0.029727 0.032389
v -0.015955 -0.022628 0.032735
v -0.016630 -0.035433 0.037704
v -0.013641 0.046762 0.052965
v 0.000026 0.046237 0.058771
v -0.015714 -0.027707 0.031505
v -0.014822 -0.050778 0.028608
v -0.014783 -0.049130 0.030503
v -0.014045 -0.049288 0.026791
v -0.012881 -0.047880 0.025795
v -0.009238 0.048768 0.052886
v -0.014923 -0.047627 0.035561
v -0.012097 0.048770 0.050731
v -0.004459 0.047133 0.057240
v -0.005610 0.049473 0.053731
v -0.017487 -0.007124 0.032112
v 0.024735 0.040162 0.034718
v 0.024002 0.041311 0.034309
v -0.014345 -0.047527 0.032520
v -0.015622 -0.004577 0.028134
v -0.015210 -0.032090 0.030874
v -0.016920 -0.004798 0.030591
v 0.022912 0.018481 0.039473
v -0.023686 0.030082 0.032360
v 0.023292 0.021345 0.040878
v -0.016530 -0.016122 0.050868
v -0.015223 -0.026276 0.030689
v -0.013436 0.047897 0.051472
v -0.013821 0.045888 0.054843
v -0.013637 -0.047609 0.028845
v -0.015368 -0.002006 0.028482
v -0.009043 0.045032 0.059453
v 0.006940 0.045824 0.058491
v -0.006939 0.047268 0.056214
v 0.011295 -0.007032 0.022475
v 0.017140 -0.005786 0.027992
v -0.010151 -0.002407 0.021052
v 0.017520 -0.020744 0.031808
v 0.018708 -0.001251 0.034356
v 0.018816 -0.001268 0.032931
v -0.009371 -0.013087 0.021974
v -0.015843 -0.013232 0.051430
v -0.005465 -0.036385 0.019789
v -0.015011 -0.022674 0.031329
v -0.015385 -0.020872 0.032140
v -0.011208 -0.026417 0.026041
v 0.020183 0.010983 0.036571
v -0.013957 -0.027764 0.028557
v -0.015254 -0.051000 0.031656
v -0.013937 -0.045934 0.033657
v -0.014104 -0.029792 0.028004
v -0.015039 -0.053562 0.028455
v -0.013775 -0.053696 0.024590
v -0.013851 -0.021607 0.029764
v -0.014020 -0.024552 0.029571
v -0.015550 0.045664 0.052623
v -0.010977 -0.037971 0.025664
v -0.015081 -0.027860 0.030162
v -0.009944 -0.027806 0.024465
v -0.010463 -0.047480 0.020869
v -0.008399 -0.027407 0.023266
v -0.007335 -0.029208 0.022237
v -0.011583 0.047645 0.053229
v -0.003217 -0.009931 0.015081
v -0.011405 -0.023951 0.026793
v -0.012556 -0.026058 0.027495
v -0.019954 0.010613 0.054599
v -0.020510 0.012258 0.055337
v 0.017979 -0.004133 0.029537
v -0.009070 -0.017598 0.022278
v -0.007703 -0.015599 0.020714
v -0.006179 -0.007998 0.018221
v -0.005599 -0.009170 0.017275
v -0.009337 -0.004045 0.020196
v -0.006380 -0.009572 0.018969
v -0.009725 -0.026148 0.024705
v -0.008406 -0.021533 0.022927
v -0.014902 -0.015068 0.028609
v -0.012173 -0.000804 0.024745
v -0.007735 0.048215 0.054662
v -0.009027 -0.000701 0.019608
v -0.011255 0.000043 0.023262
v -0.005405 -0.027802 0.020796
v -0.008718 -0.028878 0.023062
v 0.020711 -0.050539 0.042408
v 0.020889 -0.048622 0.042833
v -0.003232 -0.030679 0.019205
v -0.011990 -0.032902 0.025086
v -0.009647 -0.033526 0.022897
v -0.008504 -0.024691 0.023506
v -0.006332 -0.062561 0.024429
v -0.009728 -0.059015 0.020927
v -0.003721 -0.034706 0.018943
v -0.010396 -0.029646 0.024091
v -0.014082 -0.055971 0.028294
v -0.011253 -0.058706 0.023264
v -0.012527 -0.051850 0.020425
v -0.011890 -0.050380 0.019464
v -0.011836 -0.027948 0.026054
v -0.014150 -0.004505 0.026599
v -0.014242 -0.051458 0.025368
v -0.010866 -0.048979 0.019090
v -0.013984 -0.032149 0.027781
v -0.013624 -0.050217 0.024063
v -0.013357 -0.052080 0.022672
v -0.017889 0.044771 0.052261
v -0.016364 -0.014678 0.031017
v -0.016499 -0.010994 0.030035
v -0.016305 -0.005880 0.028902
v -0.015023 -0.007605 0.027202
v -0.016209 -0.008587 0.028692
v -0.014278 0.003380 0.025821
v -0.016394 -0.003107 0.029762
v 0.024501 0.026756 0.021739
v -0.013539 0.000709 0.026203
v -0.011737 0.046571 0.055339
v -0.017641 0.044246 0.054941
v -0.012320 0.003620 0.023510
v -0.017583 0.045857 0.049433
v -0.016642 -0.007240 0.030005
v -0.019426 0.046352 0.046483
v -0.011324 0.004030 0.021425
v -0.020766 0.021052 0.016975
v -0.014984 -0.011495 0.027560
v -0.020130 0.020784 0.014320
v -0.020230 0.019766 0.017186
v -0.021756 0.021809 0.020508
v -0.022546 0.020193 0.025951
v 0.009892 -0.048676 0.060110
v -0.023316 0.021776 0.025977
v -0.022314 0.020466 0.024027
v -0.021355 0.020656 0.019397
v -0.017402 0.006959 0.029718
v -0.021840 0.020669 0.021308
v -0.023234 0.020171 0.035132
v -0.015532 0.006141 0.025673
v -0.017509 0.012712 0.023722
v -0.016706 0.004392 0.028828
v -0.024175 0.031207 0.022852
v -0.017486 0.010605 0.025978
v -0.018780 0.012460 0.027404
v -0.021961 0.020419 0.022413
v -0.020485 0.044007 0.053376
v -0.019715 0.043394 0.057240
v -0.023590 0.042224 0.025730
v -0.011719 -0.047453 0.023655
v -0.011934 -0.048904 0.021200
v -0.016819 0.008561 0.027345
v -0.021950 0.024229 0.019948
v -0.023654 0.023185 0.027599
v -0.010503 0.000575 0.021561
v -0.012012 0.001495 0.024347
v -0.016037 0.008012 0.025745
v -0.016153 0.009556 0.024897
v -0.013767 0.009743 0.020726
v -0.018245 0.043851 -0.009196
v -0.011735 0.044533 0.059221
v -0.013588 0.006102 0.023125
v -0.014990 0.008375 0.023737
v -0.016642 0.044631 0.053746
v -0.014393 0.012020 0.018367
v -0.012301 0.009117 0.019346
v -0.010633 0.008154 0.018390
v -0.015436 0.010301 0.022757
v -0.016463 0.010955 0.023478
v -0.022482 0.040064 0.056296
v -0.019770 0.030138 0.000558
v -0.020809 0.029275 0.005169
v -0.021415 0.030140 0.006999
v -0.021256 0.030459 0.005898
v -0.017024 0.050769 -0.005074
v -0.023002 0.028519 0.016498
v -0.019665 0.027611 0.003821
v -0.019036 0.028130 0.001487
v -0.017580 0.050127 -0.004880
v -0.019198 0.024240 0.004952
v -0.018630 0.026981 0.001539
v -0.018859 0.026923 0.002659
v -0.021185 0.028671 0.007462
v -0.008162 0.046490 0.056780
v -0.016394 -0.040991 0.040907
v -0.019984 0.029108 0.002759
v -0.020586 0.030584 0.002828
v -0.018618 0.022252 0.005781
v -0.018542 0.026168 0.002040
v -0.018638 0.025154 0.001407
v -0.018240 0.024549 0.000069
v -0.018051 0.025649 -0.002254
v -0.018872 0.024987 0.003029
v -0.018246 0.026944 -0.000342
v -0.020013 0.026673 0.006872
v -0.009354 0.047242 0.055275
v -0.022426 0.040738 0.057323
v -0.017902 0.027735 -0.004064
v -0.021735 0.042691 0.056935
v -0.020514 0.032780 0.000653
v -0.020097 0.032985 -0.001520
v -0.015821 -0.047670 0.040442
v -0.019625 0.033405 -0.003557
v -0.017778 0.029436 -0.005054
v -0.018160 0.029036 -0.002893
v -0.020432 0.031496 0.001130
v -0.020829 0.032239 0.002743
v -0.021994 0.029453 0.010084
v -0.022886 0.031910 0.012135
v -0.023157 0.031953 0.013774
v -0.021837 0.031254 0.008235
v -0.021753 0.029753 0.008803
v -0.020026 0.031628 -0.000364
v -0.022487 0.034287 0.008508
v -0.021230 0.031441 0.004911
v -0.022620 0.041105 0.055435
v -0.021533 0.032858 0.004307
v -0.021271 0.033683 0.002509
v -0.015457 0.054463 0.021839
v -0.021814 0.034155 0.004623
v -0.018682 0.029000 -0.000712
v -0.021910 0.043244 0.054967
v -0.018173 0.030453 -0.004463
v -0.022474 0.043591 0.052921
v 0.016556 -0.024121 0.056957
v -0.021957 0.032963 0.006631
v -0.020864 0.034476 0.000334
v -0.020272 0.040825 -0.003412
v -0.019254 0.034619 -0.005727
v -0.020308 0.035096 -0.002192
v -0.010779 0.038773 0.071752
v -0.021018 0.036607 0.000070
v -0.020477 0.036862 -0.002212
v -0.019721 0.035067 -0.004022
v -0.019672 0.039528 -0.005761
v -0.020557 0.038725 -0.001409
v -0.019398 0.037176 -0.006423
v -0.021073 0.042578 0.058435
v -0.010869 0.044013 0.061365
v -0.021529 0.035489 0.002852
v -0.014184 0.055709 0.011948
v -0.001277 0.043425 0.065326
v -0.000268 0.043575 0.067970
v -0.020020 0.037943 -0.003964
v -0.021366 0.038311 0.002574
v -0.020893 0.039750 0.000424
v -0.019488 0.044876 -0.001233
v -0.021090 0.038299 0.001001
v -0.020999 0.042272 0.002576
v -0.021460 0.041199 0.004979
v -0.021695 0.040880 0.007184
v -0.020626 0.043912 0.003273
v -0.021266 0.043006 0.005299
v -0.021811 0.040212 0.008965
v -0.021883 0.040961 0.011172
v -0.022189 0.038656 0.008908
v -0.019858 0.042562 0.060369
v -0.006960 0.045965 0.058252
v -0.022868 0.036284 0.012291
v -0.007766 0.042950 0.068320
v -0.010453 0.040714 0.071858
v -0.020627 0.040181 -0.001365
v 0.006045 -0.005516 0.009443
v -0.007147 0.045205 0.059491
v -0.002317 0.046359 0.058344
v -0.021528 0.038319 0.004244
v -0.021353 0.039836 0.003864
v -0.021212 0.039269 0.002347
v -0.021448 0.037363 0.002522
v -0.007466 0.043996 0.061733
v -0.021902 0.038305 0.006663
v -0.016047 0.036259 0.066847
v -0.022132 0.037155 0.006793
v -0.021592 0.040421 0.006240
v -0.021680 0.039641 0.005526
v 0.004980 0.046039 0.059330
v 0.005948 0.046793 0.057889
v -0.002536 0.044227 0.061953
v -0.005389 0.044922 0.060420
v 0.002741 0.046230 0.059022
v -0.019772 0.036142 -0.004701
v -0.004104 0.045963 0.059132
v -0.004874 0.063115 0.001623
v 0.006316 0.041347 0.073239
v -0.004850 0.062955 0.000171
v -0.004670 0.043961 0.062279
v 0.003669 0.043532 0.068554
v -0.018165 0.050270 -0.002624
v -0.022218 0.035706 0.006453
v -0.022547 0.032747 0.009233
v -0.021883 0.039729 0.007305
v 0.006944 0.039541 0.074026
v -0.022370 0.037797 0.009489
v -0.021843 0.036804 0.004327
v -0.007598 0.052090 -0.032167
v -0.007563 0.052281 -0.031176
v -0.010133 0.051888 -0.025279
v -0.022867 0.032777 0.011016
v -0.023110 0.034979 0.012979
v -0.022023 0.037172 0.005682
v -0.022576 0.037312 0.009684
v -0.004289 0.043043 0.069614
v 0.019758 -0.025494 0.052247
v 0.008791 0.053442 -0.064255
v -0.022666 0.036115 0.009771
v -0.003712 0.030142 0.074451
v -0.023049 0.032940 0.012648
v -0.023139 0.033928 0.013208
v -0.021539 0.027333 0.011757
v -0.011583 0.036070 0.071045
v -0.021474 0.028084 0.009577
v 0.006083 0.052762 -0.063834
v 0.006041 0.052207 -0.064876
v -0.020173 0.022998 0.011374
v -0.015880 0.012182 0.020864
v -0.008921 0.036709 0.071939
v -0.018836 0.025966 0.004292
v 0.001048 0.045611 0.060574
v 0.007528 0.042409 0.071240
v -0.021445 0.031267 0.006590
v -0.022826 0.034228 0.010334
v -0.022987 0.034111 0.011905
v -0.012126 0.041452 0.070718
v -0.010414 0.042036 0.071023
v -0.022956 0.035287 0.011397
v -0.000112 0.041778 0.073955
v 0.002739 0.048617 -0.053631
v -0.000984 0.041899 0.073469
v -0.013862 0.041621 0.069619
v -0.015137 0.042193 0.067860
v -0.015795 0.041440 0.068052
v 0.004550 0.046537 0.058271
v -0.022158 0.028926 0.011499
v -0.022261 0.030898 0.010775
v 0.004301 0.050590 -0.060872
v 0.001417 0.047001 0.057673
v 0.006070 0.047110 0.056350
v 0.009692 0.045533 0.057214
v 0.007976 0.046993 0.056247
v 0.008622 0.044844 0.060271
v 0.006181 0.045127 0.060220
v 0.005924 0.044282 0.062474
v -0.022308 0.037180 0.008284
v 0.024048 0.030415 0.045555
v -0.022535 0.037663 0.011186
v 0.004539 0.048794 -0.058634
v 0.004673 0.049762 -0.059611
v -0.022785 0.031043 0.012975
v -0.010538 -0.058704 0.046942
v -0.023136 0.031195 0.014014
v -0.010475 -0.057935 0.048762
v 0.017881 0.035369 0.061207
v -0.019780 0.025434 0.008680
v -0.005437 0.052804 -0.035098
v -0.005836 0.053405 -0.033462
v -0.019441 0.024663 0.007640
v -0.022389 0.039253 0.011988
v -0.022919 0.030347 0.014548
v 0.017213 0.033670 0.062816
v 0.017723 0.031582 0.062542
v 0.016909 0.029196 0.064834
v 0.004444 0.040187 0.074434
v 0.001728 0.040510 0.074677
v -0.003550 0.042319 0.073349
v -0.002867 0.041523 0.074007
v 0.004680 0.041005 -0.053927
v -0.006294 0.041964 0.072495
v -0.006734 0.042507 0.070986
v 0.003037 0.042695 -0.055868
v -0.009075 0.042463 0.070456
v -0.008203 0.041513 0.072241
v -0.004169 0.043080 0.066239
v -0.007317 0.043128 0.065443
v -0.011848 0.042680 0.068769
v -0.006951 0.038862 0.072838
v -0.019836 0.024444 0.009915
v -0.005208 0.041963 0.073435
v -0.020701 0.023000 0.014409
v -0.004676 0.042593 0.072037
v -0.020269 0.024346 0.012336
v 0.004796 0.043110 -0.057475
v -0.020523 0.025908 0.010523
v 0.004359 0.042034 -0.056349
v -0.020370 0.022003 0.013209
v -0.019865 0.021693 0.011184
v -0.019541 0.023185 0.007379
v -0.012764 0.033397 0.070628
v -0.019255 0.025360 0.005853
v -0.008712 0.039727 0.072637
v -0.022249 0.039357 0.010458
v 0.008554 0.049397 -0.075559
v 0.008223 0.049475 -0.073157
v -0.008406 0.043503 0.063463
v -0.023347 0.040903 0.024470
v 0.020054 0.014403 0.026881
v 0.018254 0.008957 0.028143
v 0.017858 0.011454 0.024818
v -0.001812 -0.042884 0.063108
v -0.011936 0.039983 0.071217
v -0.015410 0.040637 0.068553
v -0.012880 0.038176 0.070603
v -0.014560 0.032702 0.069322
v -0.019196 0.021633 0.008714
v -0.016705 0.041376 0.067060
v -0.019746 0.022702 0.009343
v -0.004180 0.040758 0.073935
v 0.013497 0.056067 -0.027770
v -0.008538 0.034413 0.071831
v -0.019776 0.023612 0.008988
v -0.019509 0.029488 0.065206
v 0.005925 0.043425 -0.062039
v -0.021257 0.022427 0.018009
v -0.020804 0.021749 0.015367
v 0.007301 0.043407 -0.063592
v 0.014180 0.035401 -0.040230
v 0.005477 -0.000388 0.010324
v -0.000116 0.000193 0.014142
v 0.010066 0.052937 -0.064129
v -0.007578 0.040397 0.073118
v 0.024163 0.026846 0.004863
v 0.008359 0.053404 -0.065823
v -0.000516 0.009478 0.013883
v -0.001429 0.008596 0.014627
v -0.009412 0.009429 0.016524
v -0.005161 0.005467 0.015245
v -0.005224 0.003894 0.014832
v 0.007122 0.031927 -0.042428
v -0.012505 0.017374 0.072091
v -0.001516 0.042908 0.071330
v -0.003220 0.009424 0.013641
v -0.007430 0.008204 0.016220
v 0.008932 0.053150 -0.062577
v -0.005611 0.001538 0.015443
v 0.004427 0.043739 -0.066775
v 0.005404 0.042997 -0.066406
v -0.005035 0.000777 0.015057
v -0.011044 0.001139 0.022828
v -0.007830 0.009196 0.015538
v 0.009545 0.052433 -0.061673
v -0.009398 0.011901 0.013011
v -0.002203 0.040477 0.074573
v -0.006433 0.037134 0.072558
v -0.012195 0.010839 0.017405
v 0.007228 -0.042713 0.062910
v -0.011802 0.012075 0.014744
v -0.004497 0.031161 0.074142
v -0.008660 -0.009174 0.020936
v -0.006774 0.006320 0.017162
v -0.012375 -0.003838 0.024650
v -0.008811 0.005964 0.018088
v -0.008727 0.007746 0.017283
v -0.006043 0.002525 0.015942
v -0.010300 0.005370 0.019389
v -0.007167 0.035468 0.072212
v -0.007221 -0.001056 0.017993
v -0.006052 0.008893 0.014812
v -0.006060 -0.005818 0.017029
v -0.006652 -0.002267 0.017170
v -0.006782 -0.008813 0.019474
v -0.003458 -0.008125 0.014262
v -0.004440 -0.023066 0.018173
v 0.007984 0.052833 -0.070998
v -0.003087 -0.016324 0.016588
v 0.002487 -0.028581 0.017869
v 0.001322 -0.026910 0.018115
v 0.000444 -0.028557 0.018737
v 0.005550 0.048728 -0.072450
v -0.001649 0.053301 -0.042084
v -0.002619 0.052904 -0.040542
v -0.000260 -0.026779 0.018605
v -0.001159 0.045333 -0.043306
v -0.000940 0.047211 -0.043551
v 0.001899 0.015009 0.074389
v 0.007189 0.052306 -0.070213
v -0.004293 -0.030223 0.019511
v -0.015020 -0.029622 0.029819
v -0.010849 -0.031540 0.024022
v -0.008620 -0.030098 0.022435
v -0.008824 -0.057715 0.018391
v -0.005246 -0.007794 0.016347
v -0.003507 -0.012472 0.016190
v 0.006603 0.050846 -0.071745
v 0.007646 0.052296 -0.072118
v -0.006299 -0.016609 0.019590
v -0.007773 -0.010339 0.020068
v 0.003813 0.013925 0.073414
v 0.002005 0.044279 -0.054329
v 0.004872 0.051081 -0.061151
v -0.007024 -0.042896 0.018223
v -0.005369 -0.024357 0.019544
v -0.005722 -0.018465 0.019355
v 0.002120 0.045040 -0.054923
v -0.006245 -0.017476 0.020321
v 0.005233 0.050247 -0.058798
v -0.005409 -0.013007 0.017081
v -0.007431 -0.023397 0.022351
v -0.009410 -0.048260 0.018374
v -0.006253 -0.058462 0.016697
v -0.010001 -0.049360 0.017284
v -0.012232 -0.046377 0.027072
v -0.011210 -0.052600 0.017815
v -0.005126 -0.012001 0.016562
v 0.006710 0.052575 -0.060407
v -0.005266 -0.010969 0.016564
v -0.010011 0.050270 -0.029216
v -0.006193 -0.011614 0.017381
v -0.012903 -0.050375 0.021955
v -0.012978 -0.048932 0.023771
v -0.004667 -0.039019 0.017863
v -0.009956 0.014439 0.010082
v -0.003383 0.039144 0.074307
v -0.010435 -0.009623 0.022960
v -0.003241 0.036716 0.074219
v -0.017754 0.041832 0.065389
v 0.002818 0.044070 -0.048634
v -0.013139 0.013139 0.070017
v -0.011151 -0.002203 0.022861
v 0.003416 0.050594 -0.054159
v -0.009838 0.002521 0.019770
v 0.004554 0.017092 0.074047
v -0.004252 -0.012920 0.016682
v -0.010996 -0.050295 0.017874
v -0.006429 -0.015475 0.019894
v -0.003474 -0.028446 0.018794
v -0.007341 -0.007399 0.019590
v -0.007196 -0.038660 0.021084
v 0.003647 0.015172 0.073843
v 0.004153 0.044280 -0.062057
v 0.009013 0.050966 -0.073646
v -0.005455 -0.021570 0.019276
v -0.008774 -0.006152 0.020217
v -0.005057 0.002072 0.014916
v -0.002588 -0.049339 0.013300
v -0.002242 -0.049864 0.012382
v 0.005301 0.050774 -0.055600
v -0.002569 -0.026141 0.018449
v 0.010459 0.052627 -0.068658
v 0.003138 -0.009510 0.011988
v 0.009311 0.053174 -0.067214
v -0.005010 -0.017625 0.017980
v -0.004586 -0.018658 0.017757
v 0.003040 0.050259 -0.048744
v 0.010454 0.043556 -0.052563
v -0.004978 -0.016223 0.017671
v -0.005952 -0.015682 0.018564
v -0.004088 -0.001415 0.015268
v -0.000654 -0.001404 0.014369
v -0.002134 -0.000649 0.014855
v -0.009343 -0.055023 0.016825
v -0.007464 -0.050815 0.013789
v 0.002719 0.016708 0.074331
v -0.008991 -0.053016 0.015263
v -0.005059 -0.026510 0.019495
v 0.004734 0.035635 0.074408
v -0.008284 -0.051886 0.014352
v -0.006272 -0.049689 0.013829
v -0.009392 -0.051373 0.015361
v -0.003946 -0.011167 0.016312
v -0.001754 -0.051903 0.011447
v 0.003810 0.049770 -0.060634
v 0.003677 0.047376 -0.061077
v -0.007494 -0.056346 0.015725
v 0.005534 0.042673 0.070902
v -0.005459 -0.056877 0.014788
v -0.003645 -0.046792 0.015210
v -0.004340 -0.053837 0.012627
v 0.006410 0.035306 0.073615
v -0.003845 -0.045008 0.015493
v 0.003450 0.049971 -0.049889
v -0.003285 -0.049958 0.012861
v -0.003531 -0.049755 0.013303
v -0.004924 -0.023085 0.018656
v 0.008582 0.053346 -0.067280
v 0.006745 0.050961 -0.053529
v -0.006807 -0.013489 0.019928
v -0.007233 -0.011429 0.019477
v 0.005371 0.016244 0.074589
v 0.001150 0.055406 -0.040846
v 0.000678 -0.018246 0.013743
v -0.000839 -0.018327 0.014588
v 0.005956 0.014753 0.074099
v -0.003948 -0.004990 0.014339
v 0.008546 0.015646 0.074153
v 0.004705 0.048136 -0.065333
v -0.004035 -0.008406 0.015751
v -0.004762 -0.014807 0.017149
v 0.004004 0.046478 -0.063856
v 0.004347 0.000142 0.011115
v 0.004053 -0.001513 0.009920
v -0.001244 0.000192 0.014734
v -0.003963 0.001446 0.014890
v 0.006171 -0.003728 0.009209
v 0.006185 -0.001958 0.009426
v -0.005332 -0.004481 0.015559
v -0.005560 0.035172 0.072999
v -0.003871 0.005115 0.014403
v -0.004279 -0.004656 0.015131
v -0.019942 0.041020 0.062872
v -0.004956 -0.019557 0.018316
v -0.003254 -0.006111 0.013697
v -0.004439 -0.006094 0.015269
v -0.013920 0.056185 0.016510
v -0.006240 0.010618 0.012937
v -0.019722 0.039250 0.062917
v -0.005978 0.000787 0.016012
v -0.006220 -0.003670 0.016447
v -0.004854 0.006179 0.015728
v 0.008077 0.013395 0.072781
v -0.005342 0.005920 0.016378
v -0.006576 -0.006254 0.018478
v -0.007339 -0.004015 0.018580
v 0.004759 0.007059 0.015747
v 0.001412 0.012480 0.007314
v -0.007058 -0.052944 0.013632
v 0.007912 -0.005785 0.009553
v 0.009735 0.048225 -0.061524
v 0.002381 -0.005633 0.010172
v 0.023242 0.022630 0.012181
v 0.014443 0.021657 -0.013174
v -0.001392 0.005167 0.014636
v 0.002501 0.017711 -0.011265
v 0.005752 0.043790 -0.059718
v -0.002265 -0.007171 0.013040
v -0.004211 0.033423 0.074037
v 0.006405 0.043857 -0.069070
v 0.000489 -0.023565 0.014175
v -0.009746 0.031518 -0.028801
v 0.003794 0.047627 -0.056240
v 0.001442 -0.022877 0.013399
v 0.000616 -0.020162 0.013461
v 0.008508 0.024433 0.076093
v 0.016360 0.021320 -0.007193
v 0.005757 0.035495 -0.045233
v 0.001094 -0.009826 0.012087
v 0.007795 0.033887 -0.044203
v 0.001586 0.030481 -0.040126
v 0.002086 -0.021703 0.013278
v 0.004343 0.045350 -0.057139
v 0.004628 0.046399 -0.058089
v -0.009094 0.017083 0.073033
v 0.007933 -0.018882 0.012438
v 0.006437 -0.023807 0.013596
v 0.004004 0.014561 -0.000174
v 0.013555 0.041958 -0.043416
v 0.001440 0.014936 -0.001621
v 0.001572 0.018819 0.075052
v 0.000920 0.013143 0.073691
v 0.004556 0.015437 -0.004938
v 0.002450 0.043167 -0.054453
v 0.004316 0.018824 -0.015457
v -0.004633 0.025330 0.075573
v -0.002355 0.001211 0.015369
v -0.019086 0.031045 -0.002498
v -0.011713 0.026712 -0.018277
v 0.002704 0.042892 -0.053081
v -0.012098 0.028432 -0.019479
v -0.016054 0.023722 -0.005003
v -0.005738 0.027570 -0.027162
v 0.000575 0.034437 -0.043612
v -0.000286 0.024603 -0.028842
v -0.004309 0.026155 -0.029257
v -0.004619 0.026655 -0.028292
v 0.003149 0.023841 -0.027454
v 0.003615 -0.022861 0.012937
v 0.002363 -0.024279 0.013613
v -0.001071 0.043896 -0.043507
v -0.000205 0.044533 -0.043568
v 0.002483 0.023522 -0.025975
v 0.002537 0.047808 -0.052828
v 0.005317 -0.021650 0.013060
v 0.005344 0.020528 -0.019333
v 0.000148 0.023933 -0.025705
v 0.001908 0.022129 -0.022865
v 0.010552 0.025785 -0.029346
v 0.005563 0.021273 0.075652
v 0.021185 0.047140 -0.020774
v 0.003642 0.050341 -0.055379
v 0.022208 0.044871 -0.019229
v 0.004112 0.019031 0.074381
v 0.010043 0.024339 -0.026236
v 0.001727 0.024002 -0.027483
v -0.018180 0.033321 0.065088
v 0.009834 0.018190 -0.008568
v 0.021310 0.045990 -0.024684
v 0.004274 0.047614 -0.057320
v 0.022943 0.024240 0.002745
v 0.020765 0.023833 -0.002920
v 0.023776 0.026450 0.000590
v 0.003487 0.047316 -0.055207
v -0.001997 0.025202 -0.028708
v 0.000189 0.025787 -0.031479
v 0.024114 0.037041 -0.009455
v -0.004286 0.044778 -0.043825
v 0.008092 -0.021172 0.013113
v 0.025616 0.028901 0.020293
v 0.025726 0.031413 0.021261
v -0.018944 0.027420 0.066505
v 0.006453 0.050589 -0.056202
v -0.000340 0.027578 -0.033175
v -0.012120 0.025626 -0.016326
v 0.018672 0.052066 -0.018210
v -0.003266 0.031609 0.074520
v 0.015225 0.055516 -0.025208
v -0.011871 0.014348 0.071560
v -0.007832 0.041363 -0.038370
v 0.014159 0.049277 -0.039866
v -0.014821 0.026593 0.070800
v 0.017463 0.046448 -0.037693
v 0.012515 0.053800 -0.037506
v 0.001349 0.042711 -0.046162
v 0.001875 0.041318 -0.046356
v 0.017439 0.048011 -0.036564
v 0.004768 0.044119 -0.060984
v 0.018598 0.030160 -0.023826
v 0.015965 0.024163 -0.016719
v -0.009417 0.014925 0.072709
v 0.012085 0.033540 -0.041109
v 0.007354 0.022174 -0.022962
v 0.005753 0.021926 -0.022785
v 0.002771 0.026070 -0.033069
v 0.002709 0.024353 -0.029672
v 0.023782 0.038096 -0.012230
v 0.017623 0.039687 -0.037150
v 0.009890 0.049204 -0.066957
v 0.009346 0.047159 -0.065843
v 0.016217 0.039887 -0.040401
v 0.007805 0.029623 -0.038463
v -0.009845 0.052869 -0.025317
v 0.016632 0.045809 -0.039564
v -0.014622 0.044696 -0.020315
v -0.016719 0.041813 -0.015429
v 0.002987 0.040615 -0.047590
v 0.007982 0.044936 -0.067431
v 0.006131 0.043177 -0.064378
v 0.006706 0.043380 -0.066188
v 0.008123 0.041318 -0.053653
v 0.007681 0.039159 -0.046758
v 0.003774 0.038138 -0.045154
v 0.011669 0.046906 -0.041064
v -0.021598 0.025815 0.060537
v 0.002761 0.038564 -0.045345
v 0.006146 0.036648 0.073961
v 0.006069 0.055035 -0.041256
v 0.008326 0.040355 -0.049431
v 0.006625 0.055388 -0.039986
v 0.009890 0.041998 -0.051476
v 0.002758 0.043936 -0.055621
v 0.012088 0.026956 0.071714
v -0.017708 0.036714 -0.009634
v -0.017497 0.037305 -0.012855
v 0.010587 0.026280 0.073061
v 0.018194 0.033585 0.060398
v 0.008139 0.027939 0.074400
v 0.009331 0.026256 0.073918
v -0.020022 0.036216 -0.003316
v -0.017643 0.034503 -0.009052
v -0.017725 0.032292 -0.008099
v -0.004641 0.028502 0.074780
v 0.003134 0.048864 -0.051749
v 0.004061 0.036770 -0.045279
v -0.001711 0.041513 -0.044224
v 0.003418 0.039448 -0.046180
v -0.014121 0.022730 0.071989
v -0.013445 0.024698 0.072257
v -0.017918 0.033357 -0.007297
v -0.018480 0.032268 -0.005188
v -0.003810 0.049958 -0.042889
v -0.017706 0.029428 -0.006161
v -0.017898 0.031126 -0.006564
v 0.010106 0.050116 -0.041533
v 0.009871 0.047794 -0.060238
v -0.018335 0.035588 -0.007840
v 0.002705 0.049437 -0.054438
v 0.003132 0.049804 -0.053336
v -0.017595 0.033323 -0.008434
v 0.002909 0.049160 -0.052645
v -0.007303 0.033719 0.072529
v 0.007101 0.024988 0.076252
v -0.010335 0.028720 -0.021406
v 0.019372 -0.047699 0.021731
v -0.003487 0.027964 -0.032328
v -0.000665 0.028286 -0.034835
v -0.002553 0.025762 -0.030037
v -0.002451 0.027250 -0.031959
v 0.011056 0.030974 -0.038512
v 0.004727 0.031030 -0.041694
v 0.007942 0.036556 -0.045486
v 0.005624 0.038252 -0.046180
v -0.007614 0.029265 -0.027549
v -0.000278 0.032568 -0.041539
v -0.003254 0.037898 -0.044057
v 0.001763 0.039438 -0.045524
v 0.002490 0.042294 -0.048016
v 0.000361 0.035980 -0.045038
v 0.006160 0.039917 -0.048895
v 0.006348 0.040467 -0.052347
v -0.017231 0.038350 -0.013593
v -0.018304 0.037584 -0.008400
v -0.018166 0.034572 0.064212
v -0.017127 0.035671 -0.014678
v -0.017216 0.037102 -0.013736
v -0.017163 0.039831 -0.012753
v -0.013193 0.041533 -0.029081
v -0.017397 0.037584 -0.011690
v -0.017867 0.029420 0.067279
v -0.018632 0.039438 -0.008050
v -0.019896 0.022843 0.065515
v -0.016882 0.040657 -0.014438
v -0.016712 0.038560 -0.015454
v 0.003544 0.040813 -0.050493
v 0.006261 0.041677 -0.055866
v -0.003421 0.042500 -0.044202
v 0.002537 0.049252 -0.048462
v 0.000591 0.042390 -0.045737
v 0.001223 0.044140 -0.045810
v -0.001218 0.037880 -0.045149
v -0.002066 0.040253 -0.044553
v -0.015812 0.042385 -0.018300
v -0.015228 0.040365 -0.020375
v -0.016883 0.034195 0.065952
v -0.017173 0.023282 0.069101
v -0.016278 0.040075 -0.016210
v -0.016160 0.037379 -0.017337
v -0.004910 0.046646 -0.043327
v -0.016361 0.024725 0.070188
v -0.015603 0.035629 -0.017946
v 0.002534 0.044300 -0.052972
v 0.004850 0.044028 -0.058285
v -0.016622 0.040143 -0.015536
v 0.003663 0.041084 -0.052501
v -0.004648 0.017766 0.075358
v -0.015241 0.036906 -0.018897
v -0.017637 0.025703 0.068615
v -0.012846 0.039708 -0.026569
v -0.016261 0.039328 -0.017058
v -0.017631 0.035666 -0.010627
v 0.002423 0.032573 -0.043003
v 0.005220 0.033027 -0.044108
v -0.018968 0.031673 0.065069
v -0.006427 0.050120 -0.037645
v -0.012546 0.039419 -0.029598
v -0.015946 0.039775 -0.018461
v -0.008748 0.039448 -0.035889
v 0.002740 0.047733 -0.049484
v -0.004428 0.039712 -0.043627
v -0.012861 0.040295 -0.027005
v -0.014785 0.036930 -0.020072
v -0.013468 0.039836 -0.027861
v -0.015143 0.015917 0.069273
v -0.010884 0.050598 -0.027309
v -0.003814 0.040443 -0.044486
v -0.007627 0.050889 -0.034259
v -0.012529 0.047197 -0.027957
v -0.001259 0.034624 -0.042249
v 0.001067 0.052071 -0.046349
v -0.001342 0.035981 -0.044051
v -0.007702 0.038009 -0.036287
v -0.006260 0.039028 -0.039140
v -0.002662 0.033480 -0.039752
v -0.014286 0.034077 -0.019816
v -0.003678 0.036180 -0.039940
v -0.016368 0.035200 -0.016563
v -0.017759 0.038803 -0.010200
v 0.001838 0.054818 -0.042406
v 0.000085 0.054352 -0.042320
v -0.017752 0.040922 0.065823
v -0.004033 0.052853 -0.037878
v -0.020197 0.041836 0.061516
v -0.020837 0.040561 0.061345
v -0.018772 0.042108 0.063423
v -0.017811 0.033869 -0.010260
v -0.013915 0.035891 -0.021015
v -0.011468 0.032838 -0.025799
v -0.014408 0.039079 -0.022365
v 0.003154 0.040964 -0.048768
v -0.008190 0.053569 -0.027315
v -0.005342 0.036465 -0.037972
v -0.021409 0.023258 0.061334
v -0.018442 0.041463 0.064936
v -0.017700 0.035804 -0.012287
v -0.013369 0.034538 -0.022104
v -0.014395 0.037498 -0.021282
v -0.006955 0.052710 -0.031498
v -0.010214 0.052793 -0.025855
v -0.016926 0.039522 -0.014557
v -0.014937 0.035720 -0.019424
v -0.015291 0.038333 -0.019843
v 0.007343 0.053486 -0.064181
v -0.019348 0.033900 0.063040
v -0.016106 0.040779 -0.017237
v -0.015081 0.024281 0.071302
v -0.012445 0.037713 -0.026654
v -0.015694 0.031687 -0.016348
v -0.014457 0.017427 0.070787
v -0.017640 0.032611 -0.012008
v -0.014965 0.034563 -0.018578
v -0.009134 0.053510 -0.026405
v -0.013459 0.037485 -0.024669
v -0.013644 0.034442 -0.021085
v -0.016776 0.033235 -0.015021
v 0.010358 0.048252 -0.041597
v -0.010200 -0.050562 0.016573
v 0.008040 0.048340 -0.071748
v 0.007307 0.047628 -0.073389
v -0.017613 0.028548 -0.006677
v -0.017308 0.028858 -0.009285
v -0.012911 0.038242 -0.028057
v -0.021211 0.041844 0.059914
v -0.017820 0.031130 -0.008616
v -0.021862 0.040497 0.059397
v -0.014935 0.031605 -0.017860
v 0.022006 0.033490 -0.016805
v -0.020780 0.038483 0.060670
v -0.015741 0.033796 -0.017027
v -0.017663 0.032941 -0.009016
v -0.014242 0.030005 -0.017784
v -0.015059 0.027812 -0.014672
v -0.007125 0.025958 -0.023229
v -0.008654 0.026031 -0.021312
v -0.012559 0.029830 -0.020213
v -0.011468 0.029343 -0.021081
v -0.007867 0.029447 -0.028370
v -0.013742 0.035977 -0.022924
v -0.014910 0.033041 -0.018140
v -0.004157 0.028002 -0.031861
v -0.021962 0.039137 0.058174
v -0.009872 0.025046 -0.018432
v -0.007906 0.029007 -0.026706
v -0.022282 0.031718 0.056936
v -0.010973 0.038650 -0.032119
v -0.012963 0.038882 -0.026069
v -0.000112 0.029160 -0.037046
v -0.001880 0.030700 -0.038152
v 0.021963 0.039838 -0.023396
v -0.007992 0.027436 -0.025070
v -0.001955 0.025089 -0.027089
v -0.006211 0.042152 -0.041306
v -0.022120 0.041874 0.057964
v -0.013902 0.015771 0.070364
v 0.013390 0.056380 -0.025351
v -0.013247 0.020502 0.072206
v 0.004697 0.040361 -0.051159
v -0.020745 0.013151 0.057155
v 0.010676 0.043998 -0.048459
v -0.011129 0.029744 -0.023460
v -0.010692 0.019518 0.073137
v 0.006906 0.059161 -0.022496
v 0.017608 0.051378 -0.030684
v -0.016902 0.030585 -0.013203
v -0.006826 0.028260 -0.029630
v -0.013782 0.036811 -0.021809
v -0.013414 0.034528 -0.023366
v -0.011374 0.033515 -0.028853
v -0.012180 0.035640 -0.028169
v -0.012969 0.034880 -0.024805
v -0.003059 -0.063410 0.023614
v 0.021426 -0.052204 0.023848
v 0.021644 -0.052564 0.024545
v -0.003612 -0.039047 0.016984
v 0.020528 -0.053344 0.021234
v 0.008147 0.055132 -0.038289
v 0.020634 -0.052888 0.022480
v -0.009762 0.032283 -0.029879
v 0.004232 0.039963 -0.048439
v -0.010731 0.049515 -0.028615
v -0.003857 0.039257 -0.044425
v -0.002980 0.039183 -0.044670
v 0.005006 -0.060921 0.016149
v -0.020991 0.036829 0.058520
v 0.013891 0.032417 -0.036658
v 0.019608 -0.053891 0.018939
v 0.020315 -0.048594 0.022333
v -0.020064 0.036315 0.060822
v 0.014989 -0.046775 0.016362
v 0.008801 0.025360 -0.029780
v 0.022183 -0.053859 0.037290
v -0.015893 0.021736 0.069893
v 0.012842 -0.050232 0.013433
v 0.010791 -0.051439 0.012902
v 0.010884 -0.049609 0.013460
v 0.007762 0.042338 -0.056245
v 0.009222 0.043900 -0.055903
v 0.007177 0.043003 -0.059175
v 0.017984 -0.046484 0.019767
v 0.007510 0.051149 -0.049070
v 0.013754 0.044520 -0.041924
v 0.013840 -0.043400 0.017309
v 0.013320 -0.040414 0.018027
v -0.000013 -0.063618 0.022417
v 0.008723 0.050458 -0.049970
v -0.016460 0.026072 0.069613
v 0.003180 -0.056640 0.012694
v -0.005755 0.043372 0.063822
v 0.005937 -0.054931 0.012115
v 0.021098 -0.052510 0.023320
v 0.007389 -0.058144 0.014178
v 0.011590 -0.057812 0.015248
v 0.011026 0.047542 -0.040498
v 0.013422 0.046108 -0.040824
v 0.012274 0.047049 -0.040209
v 0.012307 0.045779 -0.041754
v 0.009934 -0.061045 0.017877
v -0.014887 0.021528 0.070917
v 0.018676 -0.048604 0.019243
v -0.015331 0.019623 0.070650
v 0.020131 -0.049470 0.021039
v -0.020991 0.024284 0.063106
v 0.018420 -0.031757 0.029500
v 0.021060 -0.047092 0.027985
v 0.011126 0.054590 -0.036902
v 0.022257 -0.047981 0.029928
v 0.021642 -0.049041 0.026210
v 0.006006 -0.047582 0.012821
v 0.005541 -0.049907 0.011600
v 0.021034 -0.054464 0.038213
v 0.003588 0.049992 -0.051625
v 0.002099 -0.063180 0.020600
v 0.001820 -0.061843 0.018068
v 0.000186 0.049839 -0.045553
v 0.006967 0.050881 -0.057442
v 0.006728 0.051459 -0.058791
v 0.005327 -0.062564 0.018759
v 0.004965 -0.016898 0.014293
v 0.006461 -0.016074 0.014387
v 0.022750 -0.052612 0.034012
v 0.019775 -0.040620 0.025780
v 0.020473 -0.040622 0.029644
v 0.021059 -0.045684 0.033430
v 0.019343 -0.043245 0.023684
v 0.020985 -0.049584 0.023195
v -0.011219 -0.060227 0.025987
v -0.015370 -0.049524 0.035980
v 0.011390 -0.042175 0.016916
v 0.008571 0.053109 -0.041612
v 0.007500 0.053927 -0.041185
v 0.008533 0.053484 -0.040655
v 0.015362 -0.044680 0.017318
v 0.015922 0.043854 -0.040925
v 0.009305 -0.039774 0.016641
v 0.015025 0.045998 -0.040641
v 0.011003 0.046785 -0.041757
v 0.007796 -0.040393 0.015478
v 0.011555 0.048178 -0.039907
v 0.004342 0.047203 -0.058840
v 0.009829 0.049180 -0.047437
v 0.012162 -0.048699 0.014455
v 0.014756 -0.040516 0.017959
v 0.007936 -0.025342 0.015012
v 0.007454 0.051402 -0.046882
v 0.009204 -0.026589 0.017144
v 0.009581 0.051607 -0.060978
v 0.010837 0.048939 -0.040188
v 0.012382 0.048867 -0.039708
v 0.008165 -0.023555 0.014849
v 0.015350 -0.004388 0.025196
v 0.013743 -0.000409 0.023838
v 0.012717 -0.004179 0.023310
v 0.007618 -0.037430 0.016832
v 0.019145 -0.034956 0.029059
v 0.019302 -0.037401 0.027418
v 0.019865 -0.037703 0.029527
v 0.008858 0.049418 -0.052011
v 0.009111 0.050215 -0.051275
v 0.010413 0.019856 -0.014247
v 0.009972 0.049285 -0.051409
v 0.017733 -0.044144 0.019964
v 0.008575 0.049397 -0.052870
v 0.003096 0.049159 -0.050249
v 0.003120 -0.017100 0.013779
v 0.002200 -0.018492 0.013566
v 0.019746 -0.046191 0.023832
v 0.018755 -0.045106 0.021660
v 0.011730 -0.039245 0.017982
v 0.007138 0.051133 -0.051550
v 0.020625 -0.048095 0.023873
v 0.007969 0.050878 -0.050845
v 0.002957 0.051301 -0.048029
v 0.003056 0.055774 -0.038684
v 0.004699 0.055835 -0.038137
v 0.015949 -0.031336 0.023967
v 0.014102 -0.029965 0.022832
v 0.010111 0.035196 -0.044093
v 0.012953 -0.028515 0.022804
v -0.018852 0.024619 0.067142
v 0.006022 0.008772 0.015490
v 0.020756 -0.046486 0.029499
v 0.018257 -0.041902 0.021359
v 0.009095 -0.010675 0.017678
v 0.008852 0.054789 -0.039017
v 0.009559 -0.009932 0.017157
v -0.020272 0.034466 0.060682
v 0.014117 -0.028799 0.024001
v 0.015171 -0.029643 0.024614
v 0.013381 -0.027163 0.023877
v 0.020148 -0.026911 0.035134
v 0.018661 -0.007516 0.029927
v 0.016575 -0.005216 0.026850
v 0.012279 -0.001564 0.022642
v 0.024318 0.036403 0.032614
v 0.024375 0.036634 0.031747
v 0.024813 0.035550 0.031448
v -0.019532 0.035276 0.061653
v 0.024237 0.027171 0.012165
v -0.022112 0.027730 0.058912
v -0.019553 0.014584 0.062357
v 0.023181 0.044097 0.032077
v -0.020743 0.014495 0.059361
v 0.011364 -0.021581 0.021333
v 0.010379 0.001799 0.017697
v -0.015730 0.023004 0.070719
v 0.006279 -0.013095 0.013561
v -0.018820 0.022684 0.066787
v 0.009390 -0.014555 0.016526
v -0.003444 0.003162 0.014747
v -0.021207 0.016630 0.060388
v 0.015621 -0.032677 0.021837
v 0.017147 -0.033444 0.023584
v 0.004800 0.001188 0.012809
v 0.021292 -0.051256 0.024094
v 0.010115 0.000324 0.018651
v 0.006070 0.001068 0.011842
v 0.015587 -0.042461 0.017950
v -0.018533 0.020771 0.066987
v 0.012916 0.019607 -0.008672
v 0.016508 -0.019927 0.027760
v 0.020109 -0.033864 0.031423
v 0.015763 -0.040115 0.018490
v -0.002458 -0.036390 0.017710
v 0.005520 -0.018447 0.014099
v 0.006701 -0.017871 0.014011
v 0.000422 -0.030681 0.018872
v 0.009368 -0.017041 0.015017
v 0.008621 -0.023735 0.017764
v 0.008451 -0.021457 0.017337
v 0.008795 -0.021090 0.015309
v 0.012068 0.000376 0.022253
v -0.001311 0.010468 0.012189
v 0.018007 0.053489 -0.009474
v 0.000228 0.011441 0.009450
v -0.000267 -0.011147 0.013109
v 0.000183 -0.012774 0.013489
v -0.002062 -0.010360 0.013749
v 0.022302 0.048214 -0.015791
v -0.001532 -0.013154 0.014311
v 0.001381 -0.004151 0.011289
v 0.019034 -0.013505 0.032025
v 0.008366 -0.022302 0.015480
v 0.011023 0.059858 0.010073
v 0.008358 -0.023926 0.016744
v -0.000983 -0.015716 0.014523
v -0.003576 -0.017923 0.017174
v -0.005584 -0.010115 0.017144
v -0.002334 -0.003032 0.013531
v -0.003326 -0.003107 0.014143
v -0.002986 -0.004394 0.013459
v 0.025043 0.040675 0.015625
v 0.024778 0.041771 0.016253
v -0.000702 -0.007303 0.011856
v -0.001851 -0.008491 0.012879
v -0.000496 -0.009237 0.012228
v 0.000878 0.013623 0.003569
v -0.002948 -0.011915 0.015221
v 0.024188 0.026003 0.009626
v 0.004644 0.016360 -0.007991
v 0.000285 0.001212 0.014712
v 0.014800 -0.020568 0.025514
v 0.012991 -0.019880 0.023585
v 0.019918 0.011745 0.031787
v -0.008370 0.051374 -0.031493
v -0.001488 -0.004402 0.013059
v 0.012489 0.005863 0.020569
v 0.025918 0.039015 0.010493
v 0.025833 0.036930 0.010015
v 0.006880 -0.039063 0.015792
v 0.003679 0.012152 0.008331
v 0.002294 0.014044 0.002158
v 0.005724 0.049231 -0.071351
v 0.024247 0.039929 -0.010729
v 0.014683 -0.024424 0.026012
v -0.000477 0.058673 -0.020156
v 0.016110 -0.024919 0.027767
v -0.006687 0.000873 0.017487
v -0.003723 0.011377 0.010656
v -0.007328 0.055299 -0.025050
v -0.008280 0.010255 0.014635
v 0.001298 -0.041633 0.013893
v -0.007103 0.002452 0.017930
v -0.007129 0.004431 0.017745
v -0.001291 0.002913 0.015270
v -0.005548 -0.043630 0.016626
v -0.002955 0.006187 0.014665
v -0.004118 0.007923 0.015074
v -0.003983 0.006546 0.015260
v -0.023232 0.033223 0.053622
v -0.000889 -0.055127 0.012246
v 0.008032 -0.001287 0.010021
v -0.004962 -0.001806 0.015244
v -0.005656 -0.001324 0.015570
v -0.001795 -0.001939 0.014118
v -0.001760 -0.005912 0.012679
v 0.016778 -0.022571 0.028942
v 0.000730 -0.006178 0.010816
v 0.001748 -0.007648 0.010848
v -0.000020 -0.014269 0.013902
v -0.002301 -0.015271 0.015317
v 0.006284 -0.040793 0.014789
v -0.005530 -0.040983 0.017315
v -0.004748 -0.028886 0.019978
v 0.005519 -0.036204 0.016898
v -0.004146 -0.032061 0.019528
v 0.005257 -0.038635 0.015523
v 0.003721 -0.036933 0.015866
v 0.004451 -0.040751 0.014505
v 0.021013 -0.043609 0.032679
v -0.006016 -0.055033 0.013843
v -0.002427 -0.047950 0.013855
v 0.015527 -0.022576 0.026540
v 0.003565 0.060377 -0.016265
v -0.001020 -0.020454 0.014648
v 0.008240 -0.049151 0.012915
v 0.007547 -0.052259 0.012075
v 0.000997 -0.016288 0.013771
v 0.001507 -0.036755 0.015861
v 0.002744 -0.027245 0.017374
v 0.003436 -0.020488 0.013319
v 0.010656 0.003781 0.018022
v 0.009658 0.001527 0.016337
v 0.010049 0.004828 0.015021
v -0.003630 -0.008930 0.015159
v -0.003733 -0.009514 0.015885
v 0.015791 -0.035341 0.020451
v 0.013734 -0.035025 0.020396
v 0.012206 0.059580 0.008965
v 0.013067 -0.032248 0.020175
v 0.000646 -0.021750 0.013425
v 0.012690 -0.010316 0.023278
v 0.012837 -0.011668 0.023100
v -0.006458 0.001958 0.016853
v -0.001649 -0.022166 0.015810
v -0.006620 -0.016403 0.020262
v -0.007261 -0.017689 0.020781
v 0.001605 -0.034430 0.017192
v 0.020543 -0.020458 0.043029
v 0.018391 -0.022782 0.034657
v 0.015539 -0.048754 0.014935
v 0.013956 -0.049363 0.014396
v 0.013614 -0.048197 0.015338
v -0.003936 -0.048404 0.014606
v 0.020915 -0.043189 0.035037
v -0.006167 -0.013511 0.017976
v 0.025595 0.029912 0.017381
v -0.013490 0.027787 -0.017082
v 0.005391 -0.011672 0.013563
v 0.005258 -0.012652 0.014175
v 0.002654 -0.039507 0.014779
v 0.016125 -0.030763 0.025605
v 0.015284 -0.029500 0.026453
v -0.000329 -0.005955 0.011839
v 0.000611 -0.005181 0.011300
v 0.008155 -0.044265 0.014701
v 0.005192 -0.042757 0.013977
v 0.001483 -0.011440 0.012825
v -0.005513 -0.033386 0.020162
v 0.024968 0.043952 0.023232
v -0.007375 -0.031684 0.021382
v -0.005205 -0.031018 0.020451
v -0.001326 -0.026150 0.018276
v 0.021021 -0.046360 0.035273
v 0.011656 0.058646 0.015501
v 0.003337 -0.058813 0.014342
v -0.004161 -0.037403 0.018370
v 0.015002 -0.038591 0.018757
v -0.004242 -0.016783 0.017478
v -0.005701 -0.038901 0.018955
v 0.016610 -0.044713 0.018291
v 0.016045 -0.045993 0.017172
v 0.007637 -0.034287 0.018171
v -0.001493 -0.027656 0.018775
v 0.025070 0.041789 0.031209
v -0.022758 0.040395 0.054538
v 0.017785 -0.028204 0.030474
v 0.016533 -0.026806 0.028774
v -0.000301 -0.021640 0.014381
v -0.004867 -0.009574 0.016500
v -0.005811 -0.023226 0.020648
v -0.005638 -0.025762 0.020826
v -0.012695 -0.030133 0.026010
v 0.009759 -0.025060 0.018404
v 0.019876 -0.020201 0.050276
v -0.009320 -0.031190 0.022747
v -0.007390 -0.019869 0.021409
v -0.014371 -0.055751 0.031388
v 0.007163 -0.018976 0.013201
v -0.006530 -0.020411 0.021076
v -0.005942 -0.020893 0.020544
v -0.006437 -0.027143 0.022086
v 0.018749 -0.043203 0.053931
v -0.016407 -0.043321 0.041243
v -0.008914 -0.061131 0.023080
v -0.009465 -0.061441 0.025748
v -0.006084 -0.047098 0.016650
v -0.008554 -0.046410 0.019334
v 0.021022 -0.024022 0.044877
v -0.009043 -0.036916 0.023012
v -0.002086 -0.020142 0.015557
v -0.015350 -0.049739 0.033783
v 0.005947 -0.063026 0.034879
v -0.004505 -0.021611 0.018009
v -0.006369 -0.018959 0.020639
v -0.010502 -0.005792 0.022211
v -0.006781 -0.022053 0.021504
v -0.004420 -0.023558 0.018260
v 0.001778 -0.004579 0.010339
v 0.002847 -0.000711 0.010974
v 0.002025 0.001651 0.014258
v 0.000980 0.001058 0.013539
v 0.000832 0.001463 0.014886
v -0.003121 -0.013828 0.016093
v 0.001321 0.010411 0.012578
v 0.000427 0.007473 0.014836
v 0.001664 0.009277 0.014175
v -0.008894 0.001607 0.018967
v -0.007827 0.001277 0.018452
v -0.022501 0.042033 0.055971
v 0.010003 0.058986 0.016834
v -0.004265 -0.007496 0.015495
v 0.020434 -0.044210 0.028255
v 0.015067 0.057805 0.005947
v -0.018279 0.026248 0.067350
v -0.014013 0.013486 0.015219
v -0.011310 0.002304 0.022832
v -0.020512 0.017096 0.062528
v 0.019876 0.009403 0.030975
v -0.005388 0.007227 0.015955
v 0.013855 -0.022549 0.024828
v -0.003094 -0.020975 0.016849
v 0.005644 0.043057 0.069881
v -0.005970 0.004390 0.016452
v 0.010264 -0.009910 0.014355
v 0.011328 0.060716 0.005158
v 0.009713 -0.009695 0.016332
v 0.010273 -0.006934 0.015269
v -0.001664 -0.025077 0.017440
v -0.000503 -0.025157 0.016080
v -0.001768 -0.023980 0.016366
v -0.007109 -0.010022 0.019488
v -0.003978 -0.026279 0.018596
v -0.007535 -0.009169 0.019947
v -0.015470 -0.043890 0.037898
v 0.004881 -0.045314 0.013007
v 0.004729 0.060406 0.011441
v 0.022845 0.042863 0.037221
v 0.020127 -0.012509 0.046660
v 0.004425 -0.029274 0.061741
v 0.007486 -0.026830 0.061288
v 0.021282 -0.026231 0.036497
v 0.021191 -0.028570 0.037784
v 0.020212 -0.019472 0.045873
v 0.019915 -0.015980 0.048141
v 0.020519 -0.014608 0.044206
v -0.016673 0.021289 0.069132
v 0.001572 -0.032457 0.018041
v 0.001352 -0.051306 0.011365
v 0.021180 -0.030692 0.040250
v 0.008126 0.060384 -0.012364
v 0.016229 -0.029024 0.028182
v 0.018816 0.000552 0.033693
v 0.018695 -0.000083 0.031976
v 0.019540 0.006649 0.031904
v 0.019650 0.004678 0.034263
v 0.004143 -0.018662 0.013678
v -0.001190 -0.038579 0.015937
v -0.000485 -0.034757 0.017570
v 0.011602 0.059475 -0.000742
v 0.019196 0.002294 0.035292
v 0.020657 -0.024470 0.035996
v 0.019302 -0.016235 0.037343
v 0.019303 -0.019348 0.038390
v 0.011838 -0.029147 0.021615
v 0.020249 0.008456 0.032234
v 0.010590 -0.008740 0.011412
v -0.002963 -0.000955 0.061223
v -0.001102 0.000585 0.062430
v 0.023646 0.029939 0.042376
v -0.013848 -0.001555 0.026731
v 0.024220 0.037201 0.032185
v 0.006791 0.043092 0.068832
v 0.018588 -0.002753 0.031627
v 0.019797 0.004363 0.036559
v 0.001982 0.006118 0.066103
v 0.023617 0.031028 0.039197
v 0.023974 0.032084 0.036303
v 0.024557 0.038037 0.031499
v 0.006958 0.042815 0.070052
v 0.011384 0.060018 0.008877
v 0.021716 0.018265 0.054809
v 0.023787 0.024349 0.037001
v 0.006666 0.063109 0.000323
v 0.020910 -0.003189 0.036473
v -0.017980 0.008612 0.058354
v 0.008481 -0.016652 0.012383
v 0.019314 0.052095 -0.014717
v 0.017777 -0.011860 0.053022
v 0.023193 0.021828 0.050600
v 0.011324 0.041576 0.070021
v 0.017445 -0.015062 0.029357
v 0.017329 -0.017925 0.030344
v 0.022250 0.021117 0.053394
v 0.021318 0.015512 0.053836
v 0.020551 0.014337 0.054574
v 0.007360 0.062473 -0.001412
v 0.020337 0.014581 0.056216
v 0.020210 0.013826 0.054678
v 0.019749 0.012575 0.054054
v 0.020064 0.006553 0.035499
v 0.020581 0.008420 0.035399
v 0.001333 0.063819 -0.002156
v 0.020756 -0.011889 0.039284
v 0.020440 -0.009436 0.037537
v 0.020375 -0.013356 0.038371
v 0.020385 -0.010722 0.044093
v 0.010950 -0.021054 0.060778
v 0.010752 0.060682 0.000464
v 0.020939 0.007872 0.038735
v 0.019281 0.005696 0.051465
v 0.020158 -0.042705 0.040885
v 0.006745 -0.020790 0.012955
v 0.020489 -0.006107 0.036087
v 0.019560 -0.012456 0.049630
v 0.023619 0.021476 0.038634
v 0.023415 0.022973 0.037735
v 0.022825 0.023570 0.039684
v 0.013702 0.058352 0.005298
v 0.025611 0.040153 0.011670
v 0.020387 -0.016534 0.039903
v 0.019697 -0.010379 0.032578
v 0.019977 0.012138 0.044948
v 0.007549 0.062272 0.002077
v 0.008237 0.062539 0.000108
v 0.020888 0.014088 0.044697
v 0.020698 -0.013991 0.040738
v 0.020699 -0.017414 0.042410
v 0.007116 0.061774 -0.002459
v 0.020711 -0.020171 0.039322
v 0.012783 -0.028870 0.060076
v 0.012954 -0.026897 0.059985
v 0.011053 -0.026312 0.060853
v 0.020853 -0.037465 0.044887
v 0.019488 -0.049260 0.047903
v 0.019177 -0.047138 0.050297
v 0.021181 -0.022134 0.040762
v 0.020610 -0.038410 0.043727
v 0.020500 -0.039939 0.043244
v 0.021220 -0.039622 0.045602
v 0.016575 -0.005520 0.054829
v 0.020972 -0.046004 0.042681
v 0.020139 -0.044871 0.042039
v 0.020162 -0.028752 0.034621
v 0.019000 0.053004 -0.009467
v 0.020441 -0.031072 0.033993
v 0.014623 -0.020802 0.057256
v 0.021148 -0.034336 0.041955
v 0.021665 -0.051791 0.038777
v 0.021848 -0.052879 0.038028
v 0.013681 0.058327 0.003553
v 0.020818 -0.044915 0.030833
v 0.009300 0.062112 0.001675
v 0.021109 -0.040293 0.034511
v 0.013338 0.059467 0.008847
v 0.021156 -0.036534 0.038185
v 0.007321 0.060426 -0.015366
v 0.020456 -0.041848 0.038877
v 0.020756 -0.010581 0.040802
v 0.023689 0.020743 0.047619
v 0.023802 0.023839 0.048675
v 0.010398 0.060419 0.006695
v -0.011632 -0.011498 0.024281
v 0.020299 0.005432 0.037807
v 0.020805 -0.038059 0.031986
v 0.023465 0.035748 0.039301
v -0.000526 -0.031999 0.018703
v 0.019255 -0.029211 0.032996
v 0.013076 0.058946 0.010211
v 0.021719 -0.047118 0.032315
v 0.007967 -0.039072 0.016391
v 0.003878 -0.034173 0.017169
v 0.010811 -0.027230 0.019620
v 0.008457 0.002539 0.013527
v 0.010694 0.010706 0.012546
v 0.008080 0.005787 0.015846
v 0.020709 0.050870 -0.015178
v 0.019820 0.001309 0.036865
v -0.014894 0.014565 0.069110
v 0.022129 0.052859 0.005535
v 0.022543 -0.049469 0.030928
v 0.022486 -0.048481 0.032615
v 0.009214 0.060427 0.008144
v 0.016134 -0.056947 0.045922
v 0.018409 -0.055562 0.044250
v 0.019866 -0.007684 0.034552
v 0.020349 -0.041891 0.048078
v 0.018641 -0.036226 0.024952
v 0.007837 0.061631 0.003330
v 0.011565 0.059938 0.007823
v 0.017531 -0.035667 0.022330
v 0.015650 0.055351 -0.013778
v 0.019707 -0.041586 0.051691
v 0.020095 -0.044450 0.025579
v 0.014193 -0.039334 0.018595
v -0.018947 0.009372 0.056110
v 0.020214 -0.038236 0.041637
v 0.017319 -0.029985 0.028882
v 0.014161 0.056277 -0.012043
v 0.013510 0.040288 0.067965
v 0.015690 -0.017744 0.055949
v 0.017110 -0.015187 0.054269
v 0.011941 0.039096 0.070396
v 0.020842 -0.050446 0.044123
v 0.022298 -0.050091 0.028907
v 0.021254 -0.052198 0.041251
v 0.021579 -0.055166 0.032389
v 0.022514 -0.053819 0.035893
v 0.022453 -0.050757 0.032551
v 0.016570 0.054303 -0.015624
v 0.021782 0.026148 0.055554
v 0.016449 -0.050187 0.054234
v 0.010953 -0.054854 0.054353
v 0.013724 -0.056766 0.049249
v 0.020657 -0.047585 0.036509
v 0.020384 -0.046525 0.038078
v 0.020383 0.036295 0.053907
v 0.021322 -0.046644 0.031051
v 0.019487 -0.000029 0.035341
v 0.020284 0.035524 0.055267
v 0.022753 -0.052861 0.031523
v 0.019989 -0.040321 0.028191
v 0.010506 0.036307 0.071539
v 0.024925 0.028224 0.036682
v 0.009461 0.039663 0.072626
v 0.020913 -0.051541 0.042150
v 0.018426 0.051917 -0.019457
v 0.015536 0.055054 -0.016596
v 0.014603 0.055183 -0.018435
v 0.021162 -0.052970 0.042432
v 0.021902 -0.050828 0.037751
v 0.009900 -0.052150 0.057538
v -0.007143 -0.041107 0.019365
v 0.023779 0.036040 0.041993
v 0.023534 0.035821 0.044588
v 0.020001 -0.044528 0.049986
v 0.017023 -0.042018 0.057118
v 0.020034 0.010898 0.034955
v 0.018220 0.052966 -0.013732
v 0.016695 -0.046485 0.056002
v 0.018118 -0.047467 0.052799
v 0.015371 0.054629 -0.019439
v 0.004762 -0.040727 0.062892
v 0.019956 -0.038692 0.050078
v 0.022358 -0.050626 0.030570
v 0.014210 -0.052418 0.054769
v -0.021102 0.019257 0.061462
v 0.015621 -0.036128 0.058620
v 0.015878 -0.039404 0.058549
v 0.019631 -0.037207 0.051727
v 0.023843 0.033039 0.043307
v 0.014963 -0.048992 0.056778
v 0.013635 -0.045742 0.059768
v 0.021575 0.041933 -0.025729
v 0.012767 -0.049715 0.058041
v 0.022138 0.049425 -0.013329
v 0.001055 -0.044704 0.063292
v 0.023419 0.034280 0.041291
v 0.020297 -0.047599 0.046679
v 0.020325 -0.049779 0.046272
v 0.011299 0.043166 0.065973
v 0.017603 -0.008218 0.053094
v 0.023534 0.041155 -0.015607
v 0.019010 -0.008480 0.050574
v 0.023851 0.043527 -0.013116
v 0.023943 0.040863 -0.012406
v 0.021790 0.038604 0.048197
v 0.021346 -0.026421 0.041132
v 0.022424 0.033219 -0.012959
v 0.021408 0.035947 0.051995
v 0.009298 -0.018020 0.013407
v 0.023233 0.031679 0.048403
v 0.020601 -0.038374 0.048427
v 0.020859 -0.036192 0.046660
v 0.020219 -0.035413 0.049978
v 0.021257 -0.021790 0.038574
v 0.020042 -0.021016 0.037768
v 0.020779 -0.022521 0.036995
v 0.023668 0.027696 0.048483
v 0.022527 0.051748 0.005891
v 0.022615 0.036061 -0.014699
v -0.015108 -0.026435 0.054171
v -0.005741 -0.029365 0.021474
v 0.018737 0.036990 0.058767
v 0.015224 -0.025872 0.057918
v -0.016250 -0.018833 0.051643
v -0.021937 0.015180 0.056887
v 0.023545 0.039232 -0.014714
v -0.021947 0.017559 0.057765
v 0.022661 0.045918 -0.016969
v 0.009412 -0.033905 0.061244
v 0.009382 -0.036779 0.061237
v 0.018236 -0.027070 0.055051
v -0.021624 0.015872 0.058568
v 0.018781 -0.024020 0.054203
v -0.015507 -0.051171 0.036768
v -0.015237 -0.048282 0.037703
v 0.023236 0.043728 -0.016588
v -0.014065 -0.055214 0.043206
v 0.020257 0.049173 -0.019729
v -0.004142 -0.041780 0.062363
v 0.021041 0.034262 0.055106
v -0.001632 -0.045149 0.062950
v 0.021504 0.047403 -0.018378
v 0.021339 -0.051181 0.040967
v 0.022484 0.036373 -0.018428
v 0.022129 0.038353 -0.021018
v -0.013674 -0.053949 0.044882
v 0.022293 0.033506 0.052845
v 0.021709 -0.047249 0.034384
v -0.004858 -0.060494 0.049552
v -0.008931 -0.059301 0.049055
v 0.010937 -0.004193 0.021082
v 0.009678 -0.004942 0.018631
v 0.020938 -0.042077 0.031082
v 0.023012 0.031199 0.051524
v -0.021441 0.018327 0.059643
v 0.022953 0.024759 0.052038
v 0.022963 0.050328 0.009532
v 0.012108 0.042595 0.067439
v -0.004032 -0.049291 0.013912
v -0.016400 -0.001119 0.053231
v 0.010148 -0.047739 0.014176
v 0.024416 0.025282 0.020235
v 0.000225 -0.048703 0.012266
v -0.001320 -0.048546 0.013072
v -0.005271 -0.045636 0.016470
v 0.017847 0.055962 -0.004837
v 0.018809 -0.005418 0.031197
v 0.019465 -0.007080 0.032181
v 0.012950 0.059264 -0.001674
v 0.014978 0.058350 -0.000506
v 0.015176 0.042546 0.064104
v -0.004277 -0.018134 0.017568
v 0.024311 0.026483 0.019560
v 0.017812 -0.023757 0.055593
v 0.001736 -0.030208 0.018377
v 0.023849 0.040109 -0.007586
v 0.023629 0.023906 0.045527
v 0.023784 0.040573 -0.009321
v 0.022443 0.037855 0.046148
v 0.021108 0.041517 0.049344
v 0.009297 0.060202 -0.007096
v 0.013054 0.057825 -0.014010
v 0.008804 0.060315 -0.009346
v 0.018125 -0.033939 0.027279
v 0.022241 0.036244 0.049267
v 0.020175 -0.045109 0.039090
v 0.022680 0.049053 -0.010892
v 0.019985 -0.043961 0.040633
v 0.022735 0.033880 0.050347
v 0.022299 -0.048791 0.035191
v 0.011178 -0.036791 0.061033
v 0.022896 0.023042 0.042502
v 0.022221 -0.053293 0.037164
v -0.006630 -0.059369 0.051000
v -0.021187 0.012506 0.052277
v 0.015699 -0.000381 0.025394
v 0.020662 -0.046923 0.039549
v 0.019888 0.011077 0.031557
v 0.019705 0.011897 0.029732
v 0.020038 -0.045954 0.040860
v 0.010665 0.013739 0.071666
v 0.020110 0.012200 0.046864
v 0.012260 0.014933 0.071092
v 0.010119 0.060417 -0.001315
v 0.017877 0.021506 0.064892
v 0.017812 -0.017615 0.054174
v 0.013539 0.028729 0.069688
v 0.020560 -0.032061 0.047883
v 0.019919 -0.031086 0.051079
v 0.014098 0.025911 0.069973
v 0.013051 0.024867 0.072146
v 0.012975 0.037531 0.068841
v 0.019370 0.021284 0.062037
v 0.019999 0.019048 0.060422
v 0.014039 0.042169 0.067055
v 0.014208 -0.035252 0.059303
v -0.009755 -0.049933 0.056518
v -0.010436 -0.050083 0.055388
v -0.007936 -0.042233 0.061034
v -0.006844 -0.040459 0.061295
v 0.014084 -0.022372 0.058171
v 0.011800 -0.030754 0.060760
v 0.011847 -0.033076 0.020370
v 0.009613 -0.029625 0.061277
v 0.017695 -0.049495 0.052826
v -0.012229 -0.041492 0.057669
v 0.000545 -0.038820 0.062491
v -0.001938 -0.037005 0.061847
v 0.011130 0.057617 -0.026432
v 0.013810 -0.027919 0.058912
v 0.007101 0.060274 -0.005026
v 0.008327 0.059900 -0.003980
v 0.019732 0.032200 0.059089
v 0.008425 0.060273 -0.005676
v 0.006562 0.060566 -0.003720
v 0.021724 -0.052821 0.039726
v 0.019846 0.037000 0.055727
v -0.011192 -0.036280 0.058507
v -0.015092 -0.048575 0.034265
v 0.008947 0.053184 -0.072629
v 0.009313 0.052533 -0.073763
v 0.022351 0.018075 0.051255
v 0.014999 -0.034115 0.058931
v -0.010139 -0.043352 0.059692
v -0.015658 -0.051438 0.038463
v -0.015757 -0.049014 0.039137
v 0.019458 0.034844 0.057501
v -0.011058 -0.044383 0.057940
v -0.008751 -0.038636 0.060167
v -0.000333 -0.022576 0.061343
v -0.012999 -0.037970 0.057320
v -0.016035 -0.024815 0.052383
v -0.009600 -0.035226 0.059164
v -0.010695 -0.047452 0.056410
v -0.014448 -0.029652 0.055252
v -0.015991 -0.045356 0.039939
v 0.009271 0.042895 0.068211
v -0.022304 0.014712 0.045211
v 0.001460 -0.036143 0.062355
v 0.015040 0.041031 0.065686
v 0.006263 -0.012965 0.060738
v -0.001115 -0.020194 0.060743
v -0.002864 -0.019374 0.060596
v 0.010823 -0.016808 0.060523
v 0.002090 -0.019418 0.061316
v 0.000142 -0.015886 0.060740
v -0.000318 -0.019179 0.060821
v 0.008937 0.041527 0.072033
v -0.001358 -0.017790 0.060395
v 0.015346 -0.029342 0.057925
v -0.009717 -0.045776 0.058905
v -0.017015 -0.007459 0.050600
v -0.010785 -0.040106 0.059512
v 0.011736 -0.002769 0.022266
v -0.021734 0.013216 0.049557
v 0.015895 0.019888 0.067769
v -0.015207 -0.046216 0.037476
v -0.005858 -0.038056 0.060958
v -0.011344 -0.050457 0.053338
v 0.025273 0.044636 0.017386
v 0.001775 -0.041851 0.063293
v 0.000318 -0.043285 0.063326
v 0.024855 0.041998 0.014550
v 0.002215 -0.046638 0.063110
v -0.001365 -0.031309 0.061472
v -0.021652 0.013799 0.054939
v 0.000209 -0.030794 0.061664
v 0.001177 -0.032544 0.062051
v 0.015539 -0.043188 0.058621
v 0.021692 -0.048055 0.039361
v 0.020908 -0.047678 0.038394
v 0.021737 -0.049066 0.037599
v -0.000628 -0.040921 0.062824
v -0.006647 0.016115 0.073768
v 0.019930 0.023348 0.059655
v 0.018980 0.024321 0.062863
v 0.001299 -0.049861 0.061268
v -0.000750 -0.048069 0.062157
v 0.020494 -0.044938 0.047653
v 0.020809 -0.045409 0.045337
v 0.000750 -0.028440 0.061529
v 0.020342 0.052079 -0.009428
v 0.023704 0.046034 -0.012125
v 0.023913 0.042716 -0.010789
v 0.005709 -0.048319 0.061643
v 0.005821 -0.045269 0.062855
v 0.009483 -0.045039 0.061899
v 0.020577 0.012023 0.049438
v 0.001769 -0.040208 0.062865
v 0.003260 -0.038168 0.062499
v 0.003401 -0.043550 0.063271
v 0.017509 -0.036912 0.056701
v 0.009745 -0.038419 0.061284
v 0.011411 -0.039678 0.061150
v 0.018483 0.017975 0.064419
v -0.010049 -0.022024 0.025032
v 0.021873 -0.049635 0.039842
v 0.013185 -0.020611 0.058929
v 0.013356 -0.024452 0.059281
v 0.022769 0.028414 0.053551
v 0.016779 -0.031145 0.027382
v -0.002449 -0.027008 0.061058
v 0.015116 -0.023218 0.057525
v 0.016796 -0.021208 0.056085
v 0.015908 -0.032967 0.058128
v 0.012776 -0.013595 0.022341
v 0.014077 -0.013314 0.024247
v 0.020543 0.009282 0.048154
v 0.012671 -0.016272 0.023207
v -0.000004 -0.030422 0.061524
v 0.020311 0.025779 0.059911
v 0.003866 -0.023902 0.061435
v 0.019637 0.027493 0.061244
v 0.018894 0.029705 0.062253
v 0.020191 0.029799 0.059431
v 0.024236 0.025359 0.023608
v 0.024278 0.023478 0.022393
v 0.013051 -0.016612 0.058529
v -0.001123 -0.012558 0.060513
v 0.014588 -0.038003 0.059210
v 0.013059 -0.037571 0.059951
v -0.001193 -0.019249 0.060500
v 0.016443 0.024650 0.066931
v 0.018891 -0.016161 0.051911
v 0.023685 0.045092 0.024308
v 0.018666 -0.020792 0.053805
v 0.007193 -0.037429 0.061852
v 0.017985 0.027026 0.064477
v -0.001969 -0.003583 0.060610
v -0.004145 -0.003593 0.060499
v -0.013501 -0.057507 0.039800
v -0.015978 0.017526 0.069458
v -0.020403 0.018679 0.063598
v -0.019542 0.016774 0.064442
v -0.005838 0.000125 0.061939
v -0.003062 -0.006631 0.060049
v 0.012158 -0.018843 0.059974
v 0.012107 -0.042576 0.061429
v 0.010082 -0.041878 0.062225
v -0.012543 -0.019841 0.056319
v 0.019778 -0.039433 0.051363
v 0.019323 -0.037930 0.053457
v 0.022475 0.049884 0.015266
v -0.006452 0.017983 0.073960
v 0.000823 0.015891 0.075080
v -0.000376 0.018223 0.075657
v 0.015818 0.055156 0.027172
v -0.017716 0.022148 0.067668
v -0.016408 0.015773 0.067801
v -0.004799 0.021616 0.075670
v -0.005748 0.023136 0.075299
v -0.006263 0.020435 0.074632
v 0.012064 0.023311 0.073151
v 0.008870 0.058932 0.019098
v -0.019533 0.019282 0.065487
v 0.022222 0.050205 0.020159
v -0.017248 0.019945 0.068718
v -0.017905 0.018331 0.067720
v 0.009688 0.024994 0.075183
v 0.023431 0.047149 0.021385
v 0.010358 0.025362 0.074109
v 0.011609 0.025184 0.073433
v 0.007400 0.016089 -0.004718
v 0.021269 -0.035781 0.035031
v 0.020885 -0.034176 0.033469
v -0.015689 -0.049942 0.037715
v -0.021813 0.013394 0.044912
v 0.020916 0.024524 0.057284
v 0.024711 0.040720 0.020234
v 0.020516 0.025003 0.058765
v -0.024434 0.020682 0.047270
v 0.022800 0.049782 0.012911
v 0.019293 -0.022128 0.036713
v 0.011962 0.016679 0.072296
v 0.016601 -0.017444 0.027692
v -0.013540 -0.057123 0.041702
v 0.020886 -0.033634 0.045215
v -0.018810 0.007492 0.056167
v 0.020424 0.011418 0.040748
v 0.013200 0.016193 0.070726
v 0.015514 -0.009024 0.055531
v 0.023890 0.044454 0.026522
v 0.022023 0.046047 0.031876
v 0.024121 0.030047 0.037900
v 0.024425 0.038523 0.037292
v 0.020930 -0.019129 0.040829
v -0.017659 -0.010256 0.048826
v 0.023325 0.044427 0.028455
v 0.020681 0.004125 0.039980
v 0.020833 -0.002246 0.040530
v 0.020048 -0.051643 0.046501
v 0.020388 -0.001428 0.035437
v 0.004918 0.005553 0.015478
v 0.003764 0.003697 0.015560
v 0.024405 0.042654 0.030712
v 0.001427 0.004944 0.014826
v 0.020751 0.017860 0.057870
v 0.020915 0.014154 0.048324
v 0.025048 0.042613 0.027368
v 0.025214 0.040870 0.029671
v 0.010712 0.024011 0.074454
v 0.011972 -0.010735 0.022120
v 0.018444 0.035161 0.059287
v 0.021274 0.019295 0.056639
v 0.021379 0.020538 0.055946
v 0.021709 0.021923 0.055294
v 0.022954 0.045125 0.030285
v 0.021563 0.023615 0.055088
v 0.013572 0.019039 0.071025
v 0.021432 0.022280 0.057375
v -0.014123 0.056021 0.013185
v 0.024699 0.026336 0.035115
v 0.014042 0.022671 0.070667
v 0.020501 0.001780 0.038260
v 0.024934 0.040525 0.032612
v 0.016488 0.043872 0.059700
v 0.011987 0.021284 0.072471
v 0.023439 0.031840 0.038270
v 0.009237 -0.001705 0.017678
v 0.011763 0.019143 0.073249
v 0.021543 0.044396 0.038072
v 0.010292 0.004651 0.063670
v 0.023911 0.033760 0.036008
v 0.004774 0.000511 0.061427
v 0.024592 0.031894 0.034366
v 0.012445 -0.034463 0.060428
v -0.005881 0.057181 0.034922
v 0.022294 0.016630 0.042938
v 0.023329 0.020098 0.043680
v 0.022004 0.019308 0.053219
v -0.010454 0.034009 0.071497
v 0.019391 -0.023581 0.036055
v 0.019544 0.015829 0.060628
v 0.020957 0.009952 0.036491
v 0.021031 0.025897 0.058017
v 0.020283 0.013982 0.053676
v 0.024654 0.033271 0.032986
v 0.012950 0.022282 -0.017593
v 0.002804 0.041630 0.073771
v 0.024638 0.038600 0.035151
v 0.002682 0.042709 0.072180
v 0.001754 0.043469 0.070129
v 0.021850 0.015928 0.049571
v 0.008944 -0.019215 0.015225
v 0.008776 -0.021064 0.014298
v -0.003306 -0.023649 0.017843
v 0.016211 0.040669 0.063617
v -0.013425 0.056588 0.012167
v 0.007420 0.047369 0.055376
v 0.005554 0.038085 0.074422
v 0.018404 0.043799 0.057156
v 0.005059 0.048659 0.050107
v -0.008136 0.050566 0.050762
v 0.022407 0.044451 0.034896
v -0.012305 0.045311 0.057230
v 0.025863 0.032239 0.017558
v 0.016674 0.017082 0.067266
v -0.019824 0.012803 0.058985
v 0.024761 0.039153 0.033620
v -0.023130 0.043719 0.044548
v -0.023094 0.043612 0.051920
v 0.014796 0.016746 0.069127
v 0.025784 0.030701 0.024508
v 0.013909 -0.031718 0.059303
v 0.025637 0.028746 0.023452
v 0.025314 0.033199 0.027728
v 0.010748 0.020649 0.073378
v 0.010060 0.019855 0.074665
v 0.014251 0.011527 0.066517
v 0.012590 -0.004105 0.058650
v 0.020061 0.003026 0.037512
v 0.013132 -0.004675 0.058151
v 0.014217 -0.004272 0.057204
v -0.022445 0.047749 0.027810
v 0.025241 0.042203 0.030305
v 0.024121 0.043275 0.028946
v 0.018640 -0.025664 0.034174
v 0.017287 -0.024641 0.030927
v 0.009341 0.023326 0.075404
v 0.012836 -0.009647 0.057872
v 0.012608 0.013471 0.069553
v 0.019848 -0.018295 0.039394
v 0.008186 0.025975 0.075391
v 0.003331 0.048303 0.054904
v 0.011252 0.048603 0.050378
v 0.012497 0.049135 0.048196
v 0.020905 0.050057 0.036371
v 0.020482 0.050770 0.035691
v 0.013331 0.050456 0.044062
v -0.002985 0.013560 0.074442
v 0.014019 -0.018993 0.057476
v -0.001885 0.015894 0.075524
v 0.025322 0.045324 0.012410
v -0.022520 0.045657 0.045119
v 0.014161 -0.040834 0.060284
v 0.010118 0.017408 0.074009
v 0.011767 0.047696 0.052192
v 0.006386 0.059877 0.016079
v 0.011079 -0.010841 0.059517
v 0.010039 0.015171 0.072958
v 0.012814 -0.013005 0.058224
v 0.012166 0.000737 0.059816
v 0.011947 -0.011720 0.058954
v 0.021279 0.053282 0.005590
v 0.014974 -0.013216 0.056010
v 0.019734 0.048992 0.042275
v 0.013281 0.043065 0.065104
v 0.017441 -0.019075 0.055097
v 0.021044 0.009916 0.041852
v 0.012763 -0.006039 0.057766
v 0.014735 -0.006527 0.056525
v 0.023631 0.032041 -0.000064
v 0.004548 0.045090 0.060893
v 0.000889 0.049988 0.051604
v 0.013908 -0.007760 0.056939
v 0.019776 0.051770 -0.013106
v 0.021462 0.046964 0.034482
v -0.005248 -0.001958 0.060994
v 0.024040 0.031202 0.001997
v 0.019150 0.047760 0.046929
v 0.021020 0.046592 0.038246
v 0.005993 0.048822 0.048110
v 0.025613 0.031322 0.009888
v 0.004925 0.049032 0.046483
v 0.025595 0.033043 0.010332
v 0.017854 0.048973 0.045022
v 0.013018 0.055242 0.031459
v 0.021660 0.051504 0.028002
v 0.021354 0.047703 0.030668
v 0.021610 0.048753 0.036242
v 0.021517 0.049609 0.035993
v 0.020878 0.010402 0.039074
v 0.022995 0.025317 0.041627
v 0.021378 0.047982 0.037714
v 0.021158 0.045903 0.036323
v 0.008389 -0.003945 0.009443
v 0.009409 -0.001439 0.010723
v 0.023321 0.034101 -0.002959
v 0.019829 0.051386 0.034820
v 0.019222 0.046938 0.049220
v 0.018414 0.049850 0.041305
v 0.020361 0.045778 0.049564
v 0.021726 0.052181 0.023848
v 0.022102 0.051133 0.025072
v 0.024470 0.028245 0.039173
v 0.024131 0.026074 0.038821
v 0.023692 0.027680 0.041090
v 0.021607 0.052476 0.021692
v -0.019292 0.013160 0.060491
v 0.016240 0.055677 0.024212
v -0.017190 -0.014346 0.049403
v 0.021853 0.030433 -0.011838
v 0.022241 0.053056 0.006972
v -0.017061 -0.011561 0.049666
v 0.001680 0.060814 0.011043
v 0.024658 0.027833 0.018516
v 0.020444 -0.023208 0.048520
v 0.017602 0.054074 0.025096
v 0.017231 0.055358 0.019867
v 0.016369 0.056455 0.019365
v 0.020810 -0.028582 0.035681
v 0.021379 0.052272 0.025696
v 0.026040 0.034591 0.011139
v 0.020881 -0.035627 0.044425
v 0.022755 0.052408 0.013827
v 0.023512 0.035077 -0.004473
v 0.023447 0.030461 -0.000641
v 0.023460 0.028327 -0.002695
v 0.024143 0.031029 -0.003469
v 0.011235 -0.001392 0.021012
v -0.007510 0.017418 0.073440
v 0.010931 0.000832 0.021126
v 0.014799 0.005939 0.023554
v 0.016392 0.008264 0.024939
v 0.016668 0.005400 0.026336
v 0.024250 0.044216 0.025194
v 0.016865 0.054760 0.024684
v 0.017445 0.055680 0.018142
v 0.018305 0.052668 0.030799
v 0.025628 0.039732 0.004047
v 0.019387 0.054204 0.020009
v 0.021702 0.050373 0.029909
v 0.016074 0.055336 0.025830
v 0.013080 0.058149 0.016230
v 0.018841 -0.049813 0.050096
v 0.015634 0.057093 0.018096
v 0.007137 0.010451 0.069460
v -0.002276 0.027752 -0.033639
v 0.025846 0.035838 0.012514
v 0.025279 0.046234 0.011145
v 0.024246 0.035544 -0.007648
v 0.021169 0.052259 -0.005493
v 0.009171 0.059478 0.014751
v 0.021709 0.053026 0.005834
v 0.008487 -0.040199 0.062012
v 0.018755 0.056007 0.007662
v 0.020454 0.046662 0.047195
v 0.017792 0.056668 0.002926
v 0.014020 0.057716 0.016551
v 0.025269 0.043948 0.006733
v 0.021641 0.051986 -0.002022
v 0.024762 0.043381 -0.002532
v 0.023873 0.022716 0.019242
v 0.021933 0.050329 0.027451
v 0.021614 0.049010 0.028895
v 0.023715 0.042832 0.032014
v 0.022745 0.048530 0.020499
v 0.021983 0.049345 0.022103
v 0.025504 0.037563 0.004616
v 0.022851 0.051180 0.007715
v 0.022595 0.047934 0.022784
v 0.022184 0.050865 0.022341
v -0.006070 -0.005975 0.059609
v 0.025027 0.045770 -0.001547
v 0.025455 0.043946 0.003734
v 0.022483 0.051188 0.018561
v 0.024632 0.047429 0.001425
v 0.014505 0.057899 0.013601
v 0.025536 0.032253 0.015171
v 0.011565 -0.013603 0.059619
v 0.022528 0.052076 0.010017
v 0.024030 0.044902 0.023378
v 0.001477 -0.011768 0.060865
v 0.024576 0.045922 0.016041
v 0.016853 -0.026622 0.056724
v 0.025231 0.046301 0.007336
vt 0.665326 0.022228
vt 0.662707 0.009449
vt 0.678090 0.009769
vt 0.571411 0.026267
vt 0.581152 0.015392
vt 0.585478 0.026661
vt 0.597349 0.016677
vt 0.644502 0.009911
vt 0.658971 0.010542
vt 0.648890 0.023085
vt 0.662435 0.023404
vt 0.616761 0.028690
vt 0.605395 0.025953
vt 0.618161 0.015002
vt 0.602680 0.015760
vt 0.593745 0.027680
vt 0.499785 0.028597
vt 0.488759 0.020416
vt 0.507708 0.013541
vt 0.503646 0.000575
vt 0.511524 0.000188
vt 0.490363 0.002093
vt 0.479737 0.011347
vt 0.510748 0.029850
vt 0.522811 0.013751
vt 0.533848 0.012926
vt 0.531471 0.021533
vt 0.539542 0.020104
vt 0.527983 0.001613
vt 0.524324 0.028195
vt 0.515194 0.000205
vt 0.511796 0.019003
vt 0.630435 0.019889
vt 0.620752 0.011784
vt 0.633992 0.009889
vt 0.632063 0.031073
vt 0.625767 0.025568
vt 0.622344 0.022474
vt 0.620681 0.029435
vt 0.644202 0.019311
vt 0.544361 0.001240
vt 0.552596 0.006916
vt 0.549074 0.012056
vt 0.539854 0.008991
vt 0.557243 0.012129
vt 0.555479 0.024332
vt 0.561526 0.017601
vt 0.543850 0.024429
vt 0.568830 0.024231
vt 0.567307 0.011725
vt 0.025589 0.950825
vt 0.037417 0.938987
vt 0.037130 0.953763
vt 0.024263 0.940621
vt 0.018717 0.962317
vt 0.007939 0.963423
vt 0.014471 0.954007
vt 0.000582 0.951289
vt 0.003364 0.930419
vt 0.019155 0.929198
vt 0.013583 0.941712
vt 0.019317 0.947147
vt 0.030249 0.963802
vt 0.045840 0.964849
vt 0.383483 0.024721
vt 0.387128 0.028791
vt 0.373051 0.027136
vt 0.355620 0.006943
vt 0.361931 0.007583
vt 0.360584 0.016641
vt 0.371198 0.017303
vt 0.374527 0.023491
vt 0.367403 0.022265
vt 0.382548 0.019432
vt 0.392800 0.011177
vt 0.391606 0.019927
vt 0.390522 0.025120
vt 0.396428 0.021842
vt 0.383525 0.006285
vt 0.380630 0.013379
vt 0.373988 0.010336
vt 0.367239 0.010403
vt 0.372758 0.000701
vt 0.395360 0.001317
vt 0.421021 0.025273
vt 0.410391 0.028920
vt 0.415070 0.018254
vt 0.424594 0.016735
vt 0.435572 0.019911
vt 0.426398 0.028606
vt 0.434506 0.028254
vt 0.398880 0.009515
vt 0.402339 0.003056
vt 0.411144 0.008775
vt 0.422559 0.008727
vt 0.429864 0.011030
vt 0.435690 0.011851
vt 0.398880 0.023197
vt 0.433877 0.006705
vt 0.438914 0.006496
vt 0.429040 0.005628
vt 0.433867 0.002598
vt 0.424184 0.003949
vt 0.419556 0.003761
vt 0.422603 0.000026
vt 0.414578 0.000391
vt 0.959118 0.653586
vt 0.944708 0.651583
vt 0.949454 0.641381
vt 0.962620 0.639427
vt 0.976809 0.648046
vt 0.936605 0.643292
vt 0.975087 0.643548
vt 0.942791 0.628978
vt 0.955453 0.627757
vt 0.929927 0.628460
vt 0.921908 0.642164
vt 0.987351 0.648402
vt 0.908373 0.638551
vt 0.907242 0.652810
vt 0.915784 0.623134
vt 0.946612 0.616397
vt 0.935886 0.618981
vt 0.925421 0.610517
vt 0.913681 0.605953
vt 0.934941 0.602827
vt 0.920489 0.597992
vt 0.926016 0.599737
vt 0.909171 0.591103
vt 0.925144 0.589997
vt 0.941398 0.662556
vt 0.948868 0.659150
vt 0.951860 0.665293
vt 0.937771 0.685259
vt 0.936971 0.676273
vt 0.945964 0.677150
vt 0.956218 0.660845
vt 0.960752 0.666236
vt 0.963864 0.660447
vt 0.971459 0.665689
vt 0.982589 0.664719
vt 0.980048 0.680325
vt 0.994940 0.684054
vt 0.967421 0.678970
vt 0.956439 0.676426
vt 0.932400 0.662823
vt 0.924855 0.662943
vt 0.918692 0.656215
vt 0.926510 0.655629
vt 0.915886 0.661844
vt 0.929896 0.683601
vt 0.928856 0.674933
vt 0.921400 0.673781
vt 0.912051 0.675953
vt 0.906655 0.687353
vt 0.898014 0.682114
vt 0.904350 0.662954
vt 0.919494 0.685977
vt 0.005961 0.576494
vt 0.014482 0.569066
vt 0.014834 0.581719
vt 0.009479 0.588494
vt 0.014347 0.590923
vt 0.014022 0.595243
vt 0.039688 0.606031
vt 0.035422 0.612646
vt 0.035264 0.606563
vt 0.027114 0.581088
vt 0.027701 0.605811
vt 0.016187 0.602016
vt 0.020664 0.592778
vt 0.000068 0.584064
vt 0.007456 0.582298
vt 0.000430 0.569040
vt 0.037413 0.581875
vt 0.040894 0.572528
vt 0.013983 0.609886
vt 0.008354 0.599754
vt 0.028985 0.594674
vt 0.035859 0.592061
vt 0.033352 0.600982
vt 0.025105 0.560484
vt 0.947459 0.276869
vt 0.938693 0.284865
vt 0.938589 0.278561
vt 0.928541 0.281914
vt 0.927140 0.290743
vt 0.929373 0.270332
vt 0.914664 0.289087
vt 0.919382 0.276408
vt 0.921575 0.304495
vt 0.916684 0.267097
vt 0.907466 0.275205
vt 0.914278 0.303808
vt 0.903778 0.283279
vt 0.904818 0.303491
vt 0.913149 0.318204
vt 0.904045 0.290278
vt 0.898342 0.277320
vt 0.896894 0.284792
vt 0.894645 0.271246
vt 0.894058 0.296024
vt 0.898912 0.319467
vt 0.887651 0.278118
vt 0.889401 0.313485
vt 0.881613 0.288854
vt 0.886573 0.297839
vt 0.872916 0.278121
vt 0.870567 0.267217
vt 0.858658 0.271622
vt 0.959548 0.931639
vt 0.971509 0.946512
vt 0.961835 0.945189
vt 0.956538 0.937586
vt 0.952468 0.928237
vt 0.967396 0.957034
vt 0.946438 0.959921
vt 0.941030 0.957516
vt 0.944393 0.955487
vt 0.942114 0.953448
vt 0.947889 0.955518
vt 0.947203 0.936469
vt 0.947695 0.928118
vt 0.952010 0.937306
vt 0.945336 0.950372
vt 0.952782 0.958800
vt 0.954109 0.946316
vt 0.951393 0.951664
vt 0.949464 0.944551
vt 0.957006 0.943888
vt 0.957597 0.952502
vt 0.944002 0.941915
vt 0.941777 0.928992
vt 0.979964 0.940064
vt 0.981681 0.947210
vt 0.987462 0.940198
vt 0.971014 0.928627
vt 0.992886 0.945155
vt 0.987743 0.946604
vt 0.965824 0.773392
vt 0.973650 0.780950
vt 0.963879 0.787234
vt 0.977539 0.772063
vt 0.973306 0.788226
vt 0.982272 0.777188
vt 0.977362 0.799218
vt 0.968949 0.803214
vt 0.970667 0.795014
vt 0.979688 0.791661
vt 0.983383 0.802330
vt 0.983947 0.809203
vt 0.976971 0.806326
vt 0.985809 0.794556
vt 0.991744 0.778495
vt 0.981819 0.783870
vt 0.989434 0.786250
vt 0.989656 0.803918
vt 0.990374 0.797450
vt 0.996625 0.788222
vt 0.961943 0.798105
vt 0.952974 0.792567
vt 0.958108 0.765952
vt 0.944621 0.773992
vt 0.944391 0.764625
vt 0.952718 0.758855
vt 0.948735 0.782438
vt 0.975052 0.814360
vt 0.982260 0.817580
vt 0.988382 0.816433
vt 0.987578 0.820610
vt 0.020818 0.242377
vt 0.023997 0.246929
vt 0.017339 0.247927
vt 0.024886 0.267145
vt 0.028933 0.274467
vt 0.022061 0.274713
vt 0.032324 0.269262
vt 0.039204 0.269809
vt 0.037111 0.275429
vt 0.047880 0.264015
vt 0.038332 0.264359
vt 0.038583 0.253805
vt 0.031050 0.245990
vt 0.037680 0.239932
vt 0.013165 0.267395
vt 0.022099 0.257061
vt 0.029564 0.253120
vt 0.024815 0.234837
vt 0.031251 0.282322
vt 0.030967 0.293133
vt 0.016798 0.283544
vt 0.015685 0.241549
vt 0.040047 0.220340
vt 0.031162 0.262402
vt 0.034546 0.266437
vt 0.011585 0.255240
vt 0.000046 0.259515
vt 0.007253 0.247316
vt 0.052930 0.246304
vt 0.024161 0.214786
vt 0.498058 0.937746
vt 0.488580 0.929140
vt 0.494657 0.921029
vt 0.480906 0.936867
vt 0.482091 0.919293
vt 0.487947 0.902645
vt 0.470466 0.922735
vt 0.462668 0.937120
vt 0.470621 0.902455
vt 0.457096 0.915190
vt 0.456422 0.949326
vt 0.458389 0.953881
vt 0.480738 0.890785
vt 0.449246 0.928335
vt 0.452749 0.941704
vt 0.452819 0.959378
vt 0.468502 0.877307
vt 0.456383 0.895308
vt 0.439105 0.914825
vt 0.448779 0.949321
vt 0.448693 0.904003
vt 0.440192 0.941967
vt 0.442606 0.961107
vt 0.453932 0.880057
vt 0.446625 0.895928
vt 0.420009 0.935097
vt 0.426210 0.957719
vt 0.433956 0.975140
vt 0.414656 0.973574
vt 0.402512 0.959971
vt 0.395205 0.981092
vt 0.382714 0.973588
vt 0.378513 0.994348
vt 0.910141 0.738473
vt 0.914383 0.747191
vt 0.911744 0.753434
vt 0.925027 0.751628
vt 0.921436 0.741824
vt 0.924980 0.734229
vt 0.936098 0.738619
vt 0.919876 0.722665
vt 0.935918 0.751242
vt 0.935245 0.724019
vt 0.909327 0.720955
vt 0.952388 0.747962
vt 0.943779 0.729877
vt 0.928321 0.710863
vt 0.916041 0.707073
vt 0.953683 0.732536
vt 0.950518 0.724396
vt 0.947139 0.707899
vt 0.906737 0.704239
vt 0.963717 0.740493
vt 0.967214 0.753078
vt 0.972604 0.731344
vt 0.962094 0.723630
vt 0.958204 0.717906
vt 0.974171 0.741457
vt 0.960404 0.711215
vt 0.986043 0.739149
vt 0.971402 0.719047
vt 0.964536 0.716654
vt 0.961976 0.715925
vt 0.990041 0.730580
vt 0.980850 0.717997
vt 0.970819 0.709894
vt 0.962669 0.315786
vt 0.964595 0.312792
vt 0.971276 0.313748
vt 0.949830 0.310599
vt 0.951118 0.316998
vt 0.935433 0.314532
vt 0.961557 0.307285
vt 0.960030 0.300859
vt 0.955013 0.296985
vt 0.961251 0.295367
vt 0.937310 0.305502
vt 0.953841 0.305293
vt 0.967411 0.299540
vt 0.976186 0.296957
vt 0.934669 0.300943
vt 0.941019 0.301016
vt 0.927264 0.300320
vt 0.960702 0.318187
vt 0.964132 0.292668
vt 0.948988 0.301367
vt 0.946306 0.294047
vt 0.936164 0.296792
vt 0.967535 0.289713
vt 0.973749 0.285783
vt 0.946886 0.305629
vt 0.954315 0.283708
vt 0.983403 0.289964
vt 0.984006 0.296043
vt 0.963771 0.280939
vt 0.923656 0.309682
vt 0.941253 0.287376
vt 0.923148 0.317002
vt 0.899373 0.337063
vt 0.910208 0.321587
vt 0.912104 0.335229
vt 0.909515 0.348910
vt 0.906279 0.356100
vt 0.902296 0.347973
vt 0.926196 0.336087
vt 0.924992 0.329185
vt 0.930450 0.328422
vt 0.936485 0.319522
vt 0.940571 0.329966
vt 0.933590 0.330736
vt 0.922243 0.352118
vt 0.914763 0.358530
vt 0.912949 0.352259
vt 0.944523 0.320441
vt 0.924319 0.344520
vt 0.932402 0.342376
vt 0.917669 0.344904
vt 0.912598 0.343086
vt 0.918893 0.336067
vt 0.928732 0.322393
vt 0.899209 0.324406
vt 0.920362 0.323139
vt 0.945493 0.340763
vt 0.934147 0.356245
vt 0.949848 0.325287
vt 0.948864 0.352256
vt 0.958226 0.358367
vt 0.960258 0.343143
vt 0.957330 0.332993
vt 0.956460 0.323333
vt 0.945631 0.359054
vt 0.967796 0.333616
vt 0.963237 0.326007
vt 0.972290 0.342211
vt 0.970089 0.350784
vt 0.978454 0.335050
vt 0.943919 0.364258
vt 0.920518 0.362680
vt 0.373788 0.103641
vt 0.373766 0.118798
vt 0.363824 0.128792
vt 0.386810 0.083908
vt 0.393981 0.093093
vt 0.362778 0.122950
vt 0.405725 0.081234
vt 0.409019 0.091600
vt 0.424265 0.081518
vt 0.376047 0.092781
vt 0.359888 0.114734
vt 0.419635 0.065092
vt 0.399112 0.068665
vt 0.371908 0.093700
vt 0.372460 0.084976
vt 0.360145 0.103795
vt 0.381070 0.069553
vt 0.363702 0.094346
vt 0.353325 0.109175
vt 0.414298 0.055015
vt 0.395361 0.057589
vt 0.365412 0.071483
vt 0.356873 0.097200
vt 0.352313 0.100685
vt 0.383193 0.057334
vt 0.357913 0.081412
vt 0.371113 0.059301
vt 0.350782 0.091229
vt 0.390113 0.048545
vt 0.351008 0.066996
vt 0.360659 0.062224
vt 0.378342 0.048022
vt 0.346071 0.080660
vt 0.358368 0.051324
vt 0.386806 0.034632
vt 0.369590 0.048895
vt 0.338846 0.072932
vt 0.369950 0.037151
vt 0.334324 0.060647
vt 0.344384 0.052823
vt 0.347950 0.042178
vt 0.356004 0.035609
vt 0.332635 0.042834
vt 0.359804 0.022450
vt 0.320990 0.051697
vt 0.343666 0.030155
vt 0.310306 0.036800
vt 0.326622 0.025414
vt 0.345493 0.000100
vt 0.321571 0.010040
vt 0.503717 0.892424
vt 0.493552 0.892504
vt 0.498152 0.880810
vt 0.494909 0.871677
vt 0.489415 0.874397
vt 0.491516 0.863069
vt 0.477713 0.854941
vt 0.482751 0.864141
vt 0.488086 0.882486
vt 0.478869 0.871523
vt 0.468796 0.865806
vt 0.484050 0.878268
vt 0.495933 0.904936
vt 0.479782 0.884058
vt 0.520677 0.771063
vt 0.529537 0.769619
vt 0.527764 0.775737
vt 0.512810 0.760821
vt 0.523916 0.762408
vt 0.520078 0.780710
vt 0.508941 0.814545
vt 0.528071 0.819171
vt 0.517450 0.834805
vt 0.517575 0.786219
vt 0.511126 0.779780
vt 0.527291 0.789800
vt 0.507822 0.801241
vt 0.501145 0.795641
vt 0.509670 0.791921
vt 0.514490 0.792827
vt 0.498972 0.779746
vt 0.505083 0.765690
vt 0.499050 0.806956
vt 0.491690 0.800064
vt 0.486283 0.837757
vt 0.499946 0.839245
vt 0.492631 0.850029
vt 0.500022 0.815076
vt 0.490336 0.812598
vt 0.519141 0.804065
vt 0.508287 0.854764
vt 0.497852 0.824934
vt 0.504794 0.870042
vt 0.507319 0.880614
vt 0.513299 0.871163
vt 0.478970 0.823032
vt 0.451934 0.852135
vt 0.459468 0.846207
vt 0.461095 0.857896
vt 0.470465 0.838807
vt 0.466732 0.849092
vt 0.533320 0.761440
vt 0.872995 0.950213
vt 0.883745 0.950555
vt 0.883851 0.958928
vt 0.845284 0.930418
vt 0.845229 0.941487
vt 0.827583 0.940469
vt 0.923251 0.929792
vt 0.939302 0.933188
vt 0.929738 0.937622
vt 0.890252 0.928449
vt 0.875889 0.931994
vt 0.884085 0.916338
vt 0.858042 0.945264
vt 0.856954 0.936773
vt 0.868021 0.939270
vt 0.841810 0.951932
vt 0.852590 0.913270
vt 0.857978 0.919024
vt 0.850748 0.921182
vt 0.842441 0.913669
vt 0.877935 0.900158
vt 0.888973 0.904221
vt 0.862481 0.904174
vt 0.868414 0.915665
vt 0.863594 0.926498
vt 0.856066 0.929454
vt 0.898910 0.908184
vt 0.896526 0.950007
vt 0.904739 0.960958
vt 0.859309 0.912579
vt 0.897109 0.920919
vt 0.912083 0.916412
vt 0.864381 0.932443
vt 0.906592 0.931428
vt 0.937121 0.947345
vt 0.920144 0.937059
vt 0.924641 0.947521
vt 0.893141 0.938473
vt 0.881233 0.943580
vt 0.821202 0.954716
vt 0.910669 0.944852
vt 0.911253 0.954518
vt 0.920931 0.953632
vt 0.929485 0.955299
vt 0.860911 0.960530
vt 0.927886 0.957485
vt 0.920667 0.961700
vt 0.803461 0.962212
vt 0.806261 0.946061
vt 0.493783 0.050090
vt 0.489930 0.035006
vt 0.502945 0.044832
vt 0.494766 0.056726
vt 0.480998 0.055518
vt 0.464478 0.076725
vt 0.455976 0.080631
vt 0.458675 0.071079
vt 0.469755 0.068405
vt 0.461707 0.057609
vt 0.446469 0.075299
vt 0.450492 0.064907
vt 0.439105 0.062286
vt 0.498835 0.031137
vt 0.446977 0.053979
vt 0.505889 0.057819
vt 0.516385 0.054560
vt 0.457378 0.046107
vt 0.469470 0.049409
vt 0.493026 0.066964
vt 0.486281 0.046508
vt 0.476318 0.044166
vt 0.480964 0.070662
vt 0.521483 0.063627
vt 0.513375 0.089855
vt 0.521460 0.082558
vt 0.526117 0.092981
vt 0.534561 0.091217
vt 0.507181 0.071604
vt 0.472204 0.078570
vt 0.463280 0.084927
vt 0.487186 0.074709
vt 0.506575 0.081423
vt 0.501297 0.087105
vt 0.482295 0.080647
vt 0.473937 0.086231
vt 0.494245 0.081515
vt 0.482160 0.087611
vt 0.491423 0.092074
vt 0.468486 0.086919
vt 0.466938 0.089758
vt 0.455482 0.091791
vt 0.461078 0.092024
vt 0.472891 0.092720
vt 0.505068 0.033807
vt 0.511467 0.042046
vt 0.449493 0.083440
vt 0.440456 0.087316
vt 0.448402 0.094600
vt 0.431221 0.069180
vt 0.429833 0.033315
vt 0.553363 0.062872
vt 0.540806 0.064677
vt 0.541749 0.060707
vt 0.512719 0.065273
vt 0.517968 0.069991
vt 0.525520 0.071092
vt 0.541519 0.071156
vt 0.556070 0.075673
vt 0.567983 0.070848
vt 0.549342 0.082543
vt 0.538372 0.087995
vt 0.558525 0.085277
vt 0.562328 0.083422
vt 0.544970 0.093983
vt 0.565592 0.086266
vt 0.564963 0.089009
vt 0.556073 0.097754
vt 0.531299 0.061628
vt 0.147679 0.703161
vt 0.155865 0.695150
vt 0.161600 0.702151
vt 0.142229 0.693451
vt 0.156006 0.682748
vt 0.140384 0.673391
vt 0.153913 0.709864
vt 0.138420 0.713385
vt 0.130557 0.704321
vt 0.092884 0.773964
vt 0.117952 0.766335
vt 0.108054 0.783302
vt 0.123948 0.695747
vt 0.046565 0.725997
vt 0.041256 0.721090
vt 0.054678 0.720554
vt 0.126395 0.685870
vt 0.120223 0.674429
vt 0.096334 0.675345
vt 0.113553 0.658998
vt 0.124487 0.712205
vt 0.121475 0.719224
vt 0.111102 0.704825
vt 0.111250 0.687892
vt 0.053311 0.730141
vt 0.081523 0.731527
vt 0.091043 0.733590
vt 0.076860 0.741847
vt 0.128999 0.726952
vt 0.114879 0.729804
vt 0.115856 0.713917
vt 0.023195 0.759076
vt 0.007401 0.761156
vt 0.016574 0.748001
vt 0.110531 0.756838
vt 0.094851 0.757413
vt 0.108971 0.749457
vt 0.118734 0.738830
vt 0.121491 0.748879
vt 0.109419 0.740505
vt 0.103440 0.733820
vt 0.105919 0.720368
vt 0.095461 0.744926
vt 0.097632 0.728143
vt 0.087944 0.722842
vt 0.092712 0.693315
vt 0.079361 0.716862
vt 0.069221 0.724995
vt 0.068461 0.710634
vt 0.029793 0.741888
vt 0.022773 0.739474
vt 0.037742 0.734067
vt 0.056544 0.745120
vt 0.024308 0.775041
vt 0.011416 0.770294
vt 0.037243 0.766561
vt 0.037743 0.751374
vt 0.020254 0.722441
vt 0.046735 0.708969
vt 0.153949 0.690756
vt 0.088360 0.708583
vt 0.005838 0.785357
vt 0.053880 0.763488
vt 0.025463 0.747050
vt 0.041147 0.779171
vt 0.059123 0.780528
vt 0.043645 0.796929
vt 0.085464 0.750088
vt 0.060197 0.795809
vt 0.053935 0.808923
vt 0.023484 0.790209
vt 0.009118 0.800706
vt 0.036165 0.813273
vt 0.054475 0.823810
vt 0.035948 0.832633
vt 0.074656 0.768618
vt 0.017479 0.829690
vt 0.078815 0.754071
vt 0.091084 0.794363
vt 0.074974 0.786097
vt 0.068389 0.755735
vt 0.070640 0.804227
vt 0.000060 0.818419
vt 0.020319 0.808797
vt 0.023175 0.846342
vt 0.030652 0.704425
vt 0.045748 0.692763
vt 0.025641 0.689401
vt 0.023866 0.677875
vt 0.039036 0.682001
vt 0.034748 0.665740
vt 0.059442 0.677145
vt 0.057271 0.656941
vt 0.036732 0.648462
vt 0.055654 0.635277
vt 0.028168 0.629102
vt 0.050602 0.616793
vt 0.069031 0.695487
vt 0.076637 0.682205
vt 0.076079 0.667531
vt 0.067010 0.649107
vt 0.074539 0.656503
vt 0.077627 0.650774
vt 0.074111 0.652292
vt 0.090558 0.654067
vt 0.073851 0.643938
vt 0.966287 0.882074
vt 0.982825 0.880100
vt 0.970921 0.898705
vt 0.986823 0.898954
vt 0.973502 0.922872
vt 0.972896 0.866873
vt 0.959685 0.911357
vt 0.959903 0.870007
vt 0.941256 0.908105
vt 0.955454 0.896265
vt 0.951024 0.924839
vt 0.942965 0.874461
vt 0.950306 0.865880
vt 0.952723 0.879501
vt 0.989548 0.841110
vt 0.988593 0.858516
vt 0.976702 0.849729
vt 0.976857 0.834868
vt 0.926712 0.859555
vt 0.929888 0.866640
vt 0.925024 0.871782
vt 0.941529 0.886625
vt 0.933419 0.875050
vt 0.962241 0.844026
vt 0.924257 0.889219
vt 0.948972 0.855003
vt 0.938168 0.864164
vt 0.938086 0.853333
vt 0.945583 0.839305
vt 0.967268 0.809195
vt 0.953750 0.810215
vt 0.958169 0.800241
vt 0.974869 0.820327
vt 0.960166 0.818611
vt 0.924395 0.852419
vt 0.932636 0.847560
vt 0.920174 0.911883
vt 0.912791 0.897800
vt 0.947064 0.803161
vt 0.940168 0.789928
vt 0.927506 0.846885
vt 0.931660 0.841747
vt 0.936636 0.802197
vt 0.935315 0.837720
vt 0.946422 0.817748
vt 0.913391 0.878571
vt 0.908925 0.885912
vt 0.928941 0.795781
vt 0.926747 0.788367
vt 0.930371 0.838645
vt 0.929528 0.843025
vt 0.950933 0.826147
vt 0.937087 0.825959
vt 0.944963 0.809443
vt 0.918061 0.874634
vt 0.911748 0.871142
vt 0.920006 0.792890
vt 0.931247 0.832171
vt 0.926274 0.844765
vt 0.935141 0.811755
vt 0.923842 0.802434
vt 0.922052 0.843634
vt 0.924727 0.835802
vt 0.905292 0.876423
vt 0.898376 0.886320
vt 0.916228 0.783497
vt 0.923250 0.813790
vt 0.908563 0.850857
vt 0.918437 0.852562
vt 0.915866 0.838821
vt 0.905451 0.869186
vt 0.894534 0.876766
vt 0.912308 0.794227
vt 0.919192 0.826174
vt 0.909174 0.835703
vt 0.915144 0.804208
vt 0.906792 0.801369
vt 0.909890 0.812026
vt 0.901039 0.824060
vt 0.897200 0.851035
vt 0.905470 0.843784
vt 0.898403 0.864413
vt 0.883138 0.878959
vt 0.963089 0.857081
vt 0.894592 0.806544
vt 0.961644 0.830432
vt 0.886314 0.887985
vt 0.897309 0.838522
vt 0.928833 0.926781
vt 0.900595 0.896417
vt 0.906984 0.907929
vt 0.890061 0.895928
vt 0.991573 0.868946
vt 0.997802 0.879132
vt 0.990420 0.914951
vt 0.909204 0.860009
vt 0.912888 0.863003
vt 0.919286 0.858980
vt 0.918202 0.866465
vt 0.939887 0.772302
vt 0.930425 0.772600
vt 0.931797 0.760877
vt 0.928631 0.780882
vt 0.923731 0.779523
vt 0.926456 0.774142
vt 0.937948 0.760822
vt 0.058871 0.849225
vt 0.070079 0.840157
vt 0.063582 0.864374
vt 0.055054 0.918920
vt 0.049831 0.920314
vt 0.047962 0.916068
vt 0.051045 0.840108
vt 0.048218 0.852713
vt 0.046964 0.941539
vt 0.039884 0.936517
vt 0.042240 0.929673
vt 0.046397 0.921405
vt 0.052047 0.925599
vt 0.045977 0.861823
vt 0.041091 0.920760
vt 0.029819 0.847732
vt 0.037633 0.840108
vt 0.033385 0.923554
vt 0.031284 0.930813
vt 0.037101 0.903195
vt 0.028643 0.892565
vt 0.039011 0.891737
vt 0.045550 0.874718
vt 0.035819 0.914733
vt 0.045132 0.909075
vt 0.040750 0.884400
vt 0.031276 0.875078
vt 0.024782 0.917035
vt 0.015971 0.851721
vt 0.025947 0.905857
vt 0.015847 0.871616
vt 0.015847 0.893165
vt 0.079863 0.856467
vt 0.080226 0.875410
vt 0.069096 0.880582
vt 0.078366 0.913907
vt 0.079867 0.907202
vt 0.083008 0.910275
vt 0.094475 0.840108
vt 0.093986 0.865400
vt 0.086398 0.916498
vt 0.075651 0.906658
vt 0.085177 0.906007
vt 0.094450 0.884483
vt 0.083615 0.902054
vt 0.087821 0.895151
vt 0.076828 0.900327
vt 0.083410 0.888248
vt 0.075151 0.889220
vt 0.070442 0.961556
vt 0.074090 0.955438
vt 0.075159 0.961656
vt 0.080413 0.924750
vt 0.069937 0.921958
vt 0.071727 0.918089
vt 0.066112 0.931690
vt 0.063763 0.940130
vt 0.060402 0.935972
vt 0.072325 0.968379
vt 0.066502 0.974599
vt 0.066048 0.967517
vt 0.068646 0.941419
vt 0.064578 0.959962
vt 0.068865 0.955270
vt 0.071728 0.948252
vt 0.065694 0.948941
vt 0.061728 0.952075
vt 0.075502 0.942748
vt 0.084679 0.950402
vt 0.056078 0.947613
vt 0.059908 0.943488
vt 0.080537 0.937959
vt 0.057933 0.968416
vt 0.058368 0.958369
vt 0.062906 0.922601
vt 0.058703 0.930300
vt 0.073257 0.936431
vt 0.054320 0.936370
vt 0.076693 0.930537
vt 0.069738 0.925824
vt 0.073584 0.974560
vt 0.075092 0.981364
vt 0.058573 0.894398
vt 0.046706 0.901191
vt 0.048350 0.889761
vt 0.050393 0.953864
vt 0.043595 0.947383
vt 0.071875 0.911182
vt 0.067061 0.909520
vt 0.071177 0.905833
vt 0.065246 0.915285
vt 0.069439 0.898408
vt 0.066913 0.890724
vt 0.066678 0.904367
vt 0.056184 0.903909
vt 0.060378 0.910385
vt 0.063220 0.899718
vt 0.058303 0.882800
vt 0.064723 0.896282
vt 0.058789 0.974449
vt 0.053669 0.966671
vt 0.061309 0.980114
vt 0.053619 0.976337
vt 0.062127 0.987299
vt 0.058416 0.990642
vt 0.057734 0.986434
vt 0.059933 0.995500
vt 0.054709 0.993763
vt 0.062393 0.991388
vt 0.038782 0.977679
vt 0.054281 0.983720
vt 0.050274 0.990991
vt 0.049399 0.961138
vt 0.376812 0.118421
vt 0.389861 0.110374
vt 0.383989 0.132905
vt 0.349887 0.207975
vt 0.361712 0.208517
vt 0.353904 0.212881
vt 0.399127 0.139480
vt 0.407623 0.100804
vt 0.427559 0.101033
vt 0.376237 0.149108
vt 0.353326 0.153024
vt 0.358523 0.135324
vt 0.354778 0.199579
vt 0.363266 0.196304
vt 0.349735 0.163809
vt 0.364113 0.159874
vt 0.368360 0.185146
vt 0.345193 0.182054
vt 0.367183 0.171918
vt 0.406288 0.145044
vt 0.419239 0.131135
vt 0.447725 0.117396
vt 0.374615 0.205974
vt 0.372015 0.179436
vt 0.376404 0.164139
vt 0.413689 0.152369
vt 0.376169 0.196834
vt 0.386214 0.155158
vt 0.431205 0.140783
vt 0.454025 0.139173
vt 0.442593 0.136335
vt 0.381392 0.201870
vt 0.377782 0.175897
vt 0.377062 0.188034
vt 0.397253 0.155447
vt 0.388244 0.170201
vt 0.403673 0.167618
vt 0.441994 0.149890
vt 0.427601 0.158499
vt 0.386573 0.196920
vt 0.387595 0.206336
vt 0.386652 0.186164
vt 0.416265 0.166811
vt 0.454905 0.155302
vt 0.399734 0.182136
vt 0.397850 0.196112
vt 0.410563 0.195662
vt 0.403878 0.203695
vt 0.442648 0.166007
vt 0.395850 0.203698
vt 0.414562 0.180092
vt 0.428012 0.172692
vt 0.426112 0.182235
vt 0.420318 0.188966
vt 0.458074 0.169490
vt 0.450179 0.174927
vt 0.420761 0.200064
vt 0.427246 0.197686
vt 0.430680 0.202529
vt 0.421987 0.194636
vt 0.440165 0.179641
vt 0.456354 0.183576
vt 0.414126 0.203498
vt 0.455970 0.194020
vt 0.444739 0.189942
vt 0.431054 0.189492
vt 0.437119 0.196090
vt 0.447691 0.197626
vt 0.441295 0.202964
vt 0.457027 0.203806
vt 0.345193 0.215032
vt 0.541937 0.100287
vt 0.559441 0.128790
vt 0.523407 0.122273
vt 0.513196 0.100097
vt 0.563743 0.198165
vt 0.564244 0.167339
vt 0.579984 0.181486
vt 0.490409 0.100347
vt 0.491026 0.123829
vt 0.579984 0.100097
vt 0.579984 0.138436
vt 0.511609 0.145927
vt 0.540357 0.156968
vt 0.579984 0.162960
vt 0.547366 0.194842
vt 0.517754 0.200737
vt 0.514852 0.208248
vt 0.510440 0.201300
vt 0.491100 0.142879
vt 0.471287 0.133799
vt 0.469300 0.114861
vt 0.532070 0.180448
vt 0.519598 0.169703
vt 0.512815 0.193290
vt 0.470399 0.170901
vt 0.470361 0.179543
vt 0.463968 0.175708
vt 0.501305 0.198299
vt 0.466236 0.147048
vt 0.479641 0.151608
vt 0.468462 0.159603
vt 0.506870 0.208854
vt 0.491094 0.214573
vt 0.497972 0.161224
vt 0.489033 0.197976
vt 0.475060 0.206173
vt 0.504882 0.177024
vt 0.514320 0.184456
vt 0.506128 0.188125
vt 0.473432 0.100597
vt 0.468789 0.190708
vt 0.520807 0.210021
vt 0.527590 0.205644
vt 0.480509 0.184498
vt 0.478995 0.174937
vt 0.490201 0.177055
vt 0.480882 0.193835
vt 0.488165 0.187712
vt 0.521641 0.184016
vt 0.526148 0.193016
vt 0.497175 0.187041
vt 0.480887 0.165145
vt 0.534347 0.192529
vt 0.456999 0.104853
vt 0.946576 0.494362
vt 0.938797 0.504665
vt 0.935304 0.493445
vt 0.951488 0.482949
vt 0.956304 0.490109
vt 0.923523 0.525162
vt 0.930792 0.515879
vt 0.938107 0.530056
vt 0.915435 0.527779
vt 0.906303 0.531588
vt 0.910613 0.523964
vt 0.959225 0.523643
vt 0.945044 0.517349
vt 0.954034 0.512199
vt 0.978408 0.503591
vt 0.965096 0.510469
vt 0.968197 0.493002
vt 0.918243 0.537146
vt 0.949288 0.504649
vt 0.974329 0.520820
vt 0.986876 0.527055
vt 0.970830 0.539150
vt 0.931861 0.552791
vt 0.930955 0.539371
vt 0.940633 0.547021
vt 0.928614 0.549590
vt 0.932257 0.560141
vt 0.927908 0.558333
vt 0.893401 0.538193
vt 0.901223 0.551825
vt 0.898576 0.524057
vt 0.940246 0.561393
vt 0.979434 0.487955
vt 0.945706 0.555988
vt 0.902293 0.514743
vt 0.916986 0.515565
vt 0.980564 0.479417
vt 0.973579 0.480922
vt 0.974748 0.467690
vt 0.960442 0.478296
vt 0.965446 0.480625
vt 0.917234 0.553672
vt 0.987391 0.511801
vt 0.925267 0.506574
vt 0.977153 0.482085
vt 0.957821 0.501625
vt 0.952138 0.534515
vt 0.960246 0.547974
vt 0.971939 0.558962
vt 0.981755 0.553571
vt 0.984322 0.544623
vt 0.996256 0.538689
vt 0.997655 0.556825
vt 0.963642 0.559320
vt 0.954057 0.557730
vt 0.990261 0.570111
vt 0.960759 0.474031
vt 0.956814 0.463384
vt 0.926544 0.479687
vt 0.940411 0.478123
vt 0.990354 0.452932
vt 0.976315 0.448417
vt 0.940544 0.459241
vt 0.991433 0.434183
vt 0.922080 0.465092
vt 0.963404 0.438413
vt 0.938112 0.443673
vt 0.948601 0.440938
vt 0.927472 0.448521
vt 0.917522 0.453515
vt 0.948202 0.430307
vt 0.987630 0.422831
vt 0.967608 0.418321
vt 0.926769 0.442280
vt 0.934905 0.430193
vt 0.921607 0.436423
vt 0.975424 0.382374
vt 0.991654 0.388933
vt 0.967142 0.400636
vt 0.950197 0.414253
vt 0.923016 0.420559
vt 0.905770 0.426121
vt 0.986166 0.405887
vt 0.945846 0.395957
vt 0.936105 0.416778
vt 0.919196 0.494298
vt 0.912166 0.505632
vt 0.915601 0.475806
vt 0.884537 0.513184
vt 0.875037 0.508282
vt 0.883497 0.505841
vt 0.857616 0.511714
vt 0.872491 0.501876
vt 0.897518 0.494923
vt 0.901573 0.447030
vt 0.865018 0.502754
vt 0.865578 0.491029
vt 0.912630 0.485893
vt 0.906693 0.480096
vt 0.908255 0.469055
vt 0.881725 0.491973
vt 0.865837 0.483349
vt 0.886497 0.483460
vt 0.890107 0.452769
vt 0.896776 0.440898
vt 0.891022 0.512959
vt 0.871724 0.490151
vt 0.885566 0.456413
vt 0.898683 0.460233
vt 0.895239 0.477208
vt 0.876500 0.455400
vt 0.882828 0.469164
vt 0.866188 0.467156
vt 0.873658 0.513380
vt 0.885092 0.514965
vt 0.884225 0.525192
vt 0.892371 0.517636
vt 0.876018 0.516058
vt 0.895155 0.516314
vt 0.944877 0.551721
vt 0.949208 0.551019
vt 0.946080 0.549889
vt 0.947815 0.546519
vt 0.943057 0.539766
vt 0.955536 0.201281
vt 0.971487 0.213479
vt 0.956689 0.219110
vt 0.859420 0.092872
vt 0.838473 0.059649
vt 0.860415 0.074786
vt 0.884111 0.084493
vt 0.860696 0.061035
vt 0.884488 0.058512
vt 0.894193 0.033916
vt 0.846440 0.033889
vt 0.907653 0.079013
vt 0.912843 0.104662
vt 0.934987 0.085096
vt 0.930880 0.104035
vt 0.921799 0.059568
vt 0.941312 0.098826
vt 0.823492 0.074005
vt 0.952924 0.088988
vt 0.975372 0.073923
vt 0.951134 0.067057
vt 0.954973 0.050781
vt 0.978124 0.056561
vt 0.933702 0.034012
vt 0.958269 0.033889
vt 0.978124 0.033889
vt 0.942075 0.158668
vt 0.936249 0.154171
vt 0.942569 0.154307
vt 0.948964 0.162907
vt 0.961322 0.176275
vt 0.949522 0.175267
vt 0.929675 0.146116
vt 0.937568 0.141362
vt 0.939116 0.148660
vt 0.926959 0.131171
vt 0.936262 0.129661
vt 0.928478 0.136187
vt 0.921070 0.148017
vt 0.922767 0.140787
vt 0.938696 0.165580
vt 0.975106 0.195393
vt 0.967114 0.192743
vt 0.966925 0.187909
vt 0.919807 0.132152
vt 0.972091 0.183704
vt 0.969394 0.166127
vt 0.958966 0.155177
vt 0.977690 0.154602
vt 0.949356 0.142283
vt 0.948045 0.150982
vt 0.958158 0.188840
vt 0.968877 0.200840
vt 0.928291 0.116933
vt 0.919201 0.122144
vt 0.940208 0.185770
vt 0.954332 0.096291
vt 0.944524 0.105030
vt 0.927204 0.157221
vt 0.969396 0.087737
vt 0.972632 0.096173
vt 0.959358 0.164301
vt 0.941096 0.110280
vt 0.955356 0.132491
vt 0.926073 0.169528
vt 0.978124 0.136397
vt 0.907754 0.130035
vt 0.913860 0.157994
vt 0.978124 0.111148
vt 0.956596 0.105094
vt 0.956957 0.118714
vt 0.942393 0.120908
vt 0.914279 0.142232
vt 0.926435 0.127567
vt 0.969373 0.173635
vt 0.978124 0.179162
vt 0.872397 0.117522
vt 0.888912 0.118078
vt 0.879094 0.127343
vt 0.868055 0.130214
vt 0.859440 0.112802
vt 0.851216 0.119697
vt 0.837189 0.114871
vt 0.849156 0.130633
vt 0.840357 0.099266
vt 0.840221 0.144904
vt 0.817930 0.141221
vt 0.832489 0.134176
vt 0.848951 0.138178
vt 0.840294 0.130033
vt 0.825302 0.120076
vt 0.813751 0.092491
vt 0.922038 0.184374
vt 0.915136 0.171037
vt 0.905119 0.175883
vt 0.907805 0.166637
vt 0.883572 0.139419
vt 0.895193 0.137724
vt 0.856205 0.132065
vt 0.892094 0.151272
vt 0.903885 0.147614
vt 0.904962 0.168308
vt 0.873035 0.145748
vt 0.882614 0.153002
vt 0.899969 0.163330
vt 0.888140 0.175552
vt 0.853735 0.146681
vt 0.860373 0.141050
vt 0.864048 0.151181
vt 0.875192 0.160779
vt 0.856659 0.158634
vt 0.840014 0.157666
vt 0.888013 0.161250
vt 0.818445 0.184149
vt 0.802869 0.175818
vt 0.815339 0.163831
vt 0.826797 0.159187
vt 0.826711 0.172621
vt 0.837061 0.173220
vt 0.854138 0.177920
vt 0.871210 0.174801
vt 0.873580 0.201516
vt 0.842152 0.184360
vt 0.830024 0.193346
vt 0.842518 0.203076
vt 0.836676 0.235557
vt 0.907520 0.239520
vt 0.912108 0.236431
vt 0.909684 0.244101
vt 0.944292 0.202840
vt 0.932816 0.196305
vt 0.936803 0.212591
vt 0.922937 0.199777
vt 0.909837 0.192339
vt 0.953453 0.238632
vt 0.922394 0.210512
vt 0.913924 0.203081
vt 0.911736 0.212916
vt 0.900388 0.202267
vt 0.927670 0.223887
vt 0.896277 0.189052
vt 0.929850 0.243861
vt 0.918237 0.230602
vt 0.911949 0.222616
vt 0.901492 0.227821
vt 0.895441 0.238359
vt 0.872332 0.236949
vt 0.895460 0.216031
vt 0.181871 0.772616
vt 0.175396 0.767811
vt 0.182463 0.750994
vt 0.173711 0.776542
vt 0.173639 0.757718
vt 0.168776 0.773982
vt 0.163227 0.764806
vt 0.172522 0.784108
vt 0.174367 0.748857
vt 0.164149 0.746567
vt 0.155951 0.730661
vt 0.149704 0.740976
vt 0.164464 0.781232
vt 0.155508 0.758258
vt 0.154126 0.748565
vt 0.142903 0.754223
vt 0.158314 0.782137
vt 0.157105 0.768053
vt 0.149695 0.768685
vt 0.135644 0.769886
vt 0.129198 0.771210
vt 0.138996 0.774974
vt 0.129043 0.781418
vt 0.140186 0.780782
vt 0.150753 0.787198
vt 0.141157 0.792243
vt 0.146297 0.797076
vt 0.137723 0.800039
vt 0.131868 0.846480
vt 0.135931 0.849212
vt 0.130424 0.851555
vt 0.122621 0.788738
vt 0.122854 0.780646
vt 0.135595 0.791209
vt 0.123299 0.811627
vt 0.130860 0.818659
vt 0.121908 0.823363
vt 0.126849 0.800812
vt 0.126122 0.792317
vt 0.120158 0.796949
vt 0.117855 0.790666
vt 0.111702 0.800567
vt 0.118267 0.805565
vt 0.134436 0.810151
vt 0.120378 0.772097
vt 0.114351 0.824559
vt 0.108234 0.821847
vt 0.114608 0.815303
vt 0.132787 0.827554
vt 0.123529 0.834576
vt 0.112011 0.808475
vt 0.136283 0.858482
vt 0.144205 0.851172
vt 0.132908 0.854711
vt 0.135609 0.839946
vt 0.143214 0.845191
vt 0.109636 0.787341
vt 0.125112 0.845846
vt 0.116305 0.842522
vt 0.127296 0.759082
vt 0.169399 0.731595
vt 0.111105 0.832324
vt 0.116982 0.832071
vt 0.173125 0.740783
vt 0.118284 0.855010
vt 0.190495 0.745382
vt 0.111117 0.851216
vt 0.109674 0.864095
vt 0.161971 0.790119
vt 0.153218 0.790173
vt 0.177737 0.784045
vt 0.178644 0.790557
vt 0.161873 0.799872
vt 0.170730 0.791941
vt 0.155333 0.795658
vt 0.177795 0.802378
vt 0.170250 0.802560
vt 0.144727 0.806336
vt 0.153232 0.809936
vt 0.153340 0.802144
vt 0.160888 0.804436
vt 0.157142 0.811486
vt 0.174536 0.816131
vt 0.187613 0.816206
vt 0.171068 0.811077
vt 0.162369 0.817074
vt 0.150355 0.819073
vt 0.159902 0.979317
vt 0.175550 0.975932
vt 0.167855 0.988572
vt 0.145090 0.987633
vt 0.154918 0.818148
vt 0.142262 0.817893
vt 0.141848 0.975329
vt 0.181354 0.830444
vt 0.167995 0.831317
vt 0.153014 0.826900
vt 0.143621 0.828683
vt 0.129196 0.928255
vt 0.135010 0.919328
vt 0.142756 0.929838
vt 0.158939 0.966681
vt 0.136388 0.955506
vt 0.144783 0.954312
vt 0.139983 0.963571
vt 0.144192 0.993313
vt 0.182974 0.840559
vt 0.176037 0.842275
vt 0.166732 0.944970
vt 0.160841 0.949695
vt 0.157208 0.930496
vt 0.136186 0.971054
vt 0.172631 0.860438
vt 0.146826 0.941197
vt 0.147019 0.898600
vt 0.146232 0.906283
vt 0.143584 0.899839
vt 0.108845 0.893018
vt 0.112615 0.885646
vt 0.118833 0.892519
vt 0.170950 0.960454
vt 0.121889 0.881325
vt 0.121230 0.872835
vt 0.127060 0.873544
vt 0.124280 0.927575
vt 0.112385 0.924175
vt 0.119526 0.913084
vt 0.131200 0.994475
vt 0.162968 0.846237
vt 0.155894 0.841834
vt 0.115954 0.992950
vt 0.119510 0.971803
vt 0.136047 0.870011
vt 0.143971 0.859065
vt 0.146676 0.872108
vt 0.155782 0.858681
vt 0.146579 0.848353
vt 0.146516 0.837129
vt 0.108475 0.977963
vt 0.131482 0.942514
vt 0.159398 0.904287
vt 0.146433 0.889053
vt 0.182885 0.784783
vt 0.129112 0.953842
vt 0.158615 0.877705
vt 0.109588 0.961472
vt 0.147869 0.916331
vt 0.175369 0.885989
vt 0.138182 0.881118
vt 0.114529 0.949359
vt 0.126129 0.867091
vt 0.126748 0.900467
vt 0.127906 0.884575
vt 0.136828 0.893714
vt 0.120390 0.936880
vt 0.137036 0.907766
vt 0.125899 0.913701
vt 0.123985 0.908265
vt 0.120650 0.903566
vt 0.128888 0.939459
vt 0.129731 0.855721
vt 0.129757 0.860156
vt 0.124466 0.856472
vt 0.109532 0.905584
vt 0.115026 0.902129
vt 0.131450 0.865237
vt 0.114170 0.873008
vt 0.116382 0.880854
vt 0.110515 0.879387
vt 0.123389 0.863420
vt 0.118670 0.864650
vt 0.111657 0.936497
vt 0.179699 0.902211
vt 0.136466 0.749840
vt 0.135828 0.741015
vt 0.127100 0.751390
vt 0.126085 0.746190
vt 0.132724 0.737527
vt 0.144575 0.731381
vt 0.144546 0.723197
vt 0.157135 0.713348
vt 0.173350 0.724930
vt 0.169297 0.708686
vt 0.186736 0.709790
vt 0.182882 0.699135
vt 0.180142 0.729438
vt 0.186937 0.725033
vt 0.178180 0.731545
vt 0.188950 0.702417
vt 0.177475 0.742763
vt 0.181605 0.720586
vt 0.181375 0.924428
vt 0.191665 0.936808
vt 0.188477 0.951029
vt 0.193145 0.917047
vt 0.186594 0.907387
vt 0.197611 0.980694
vt 0.198156 0.974524
vt 0.183462 0.893780
vt 0.180842 0.875699
vt 0.043959 0.464407
vt 0.050474 0.465140
vt 0.044580 0.473466
vt 0.050125 0.474032
vt 0.056540 0.470413
vt 0.046378 0.481477
vt 0.054878 0.478504
vt 0.061276 0.478433
vt 0.058538 0.475495
vt 0.061454 0.474129
vt 0.066401 0.476666
vt 0.067772 0.483754
vt 0.059767 0.483403
vt 0.100026 0.466208
vt 0.095248 0.478070
vt 0.084025 0.471042
vt 0.108763 0.467106
vt 0.107591 0.475135
vt 0.077841 0.483106
vt 0.073366 0.491555
vt 0.060044 0.491236
vt 0.086280 0.483050
vt 0.082085 0.488329
vt 0.117576 0.468674
vt 0.064666 0.502405
vt 0.092312 0.486575
vt 0.076910 0.500667
vt 0.086537 0.487960
vt 0.086076 0.492293
vt 0.110404 0.483072
vt 0.119267 0.479793
vt 0.107255 0.487469
vt 0.102011 0.483656
vt 0.131276 0.473093
vt 0.099078 0.491157
vt 0.078220 0.509421
vt 0.070441 0.507559
vt 0.144296 0.482219
vt 0.143264 0.465677
vt 0.130558 0.486225
vt 0.089954 0.502585
vt 0.107125 0.491436
vt 0.121986 0.486274
vt 0.114016 0.487633
vt 0.176968 0.481426
vt 0.169782 0.478112
vt 0.182278 0.470803
vt 0.108143 0.499272
vt 0.073331 0.478363
vt 0.140539 0.491984
vt 0.146832 0.491956
vt 0.084963 0.516219
vt 0.097097 0.512797
vt 0.144315 0.498696
vt 0.157180 0.496421
vt 0.133587 0.500286
vt 0.120499 0.505169
vt 0.121969 0.493807
vt 0.176531 0.494592
vt 0.169690 0.510705
vt 0.145261 0.513613
vt 0.111814 0.518465
vt 0.155789 0.516104
vt 0.097984 0.524603
vt 0.153064 0.527469
vt 0.087623 0.537939
vt 0.102513 0.533793
vt 0.129004 0.518170
vt 0.118770 0.539365
vt 0.164919 0.527456
vt 0.099870 0.554089
vt 0.079617 0.565938
vt 0.132896 0.550608
vt 0.139215 0.533324
vt 0.151721 0.545674
vt 0.090351 0.522353
vt 0.116860 0.564811
vt 0.165798 0.546541
vt 0.162097 0.568146
vt 0.096428 0.581055
vt 0.081231 0.589513
vt 0.138074 0.569076
vt 0.075394 0.606575
vt 0.067351 0.588661
vt 0.042871 0.589779
vt 0.053536 0.609764
vt 0.119113 0.591958
vt 0.143957 0.591119
vt 0.088982 0.601406
vt 0.100681 0.603535
vt 0.110418 0.614190
vt 0.131783 0.620652
vt 0.090564 0.623091
vt 0.085354 0.642077
vt 0.114422 0.638596
vt 0.106272 0.654250
vt 0.162939 0.512516
vt 0.156509 0.472300
vt 0.053256 0.485587
vt 0.181317 0.516981
vt 0.071202 0.626437
vt 0.038657 0.470628
vt 0.065586 0.468074
vt 0.059807 0.458259
vt 0.072593 0.470825
vt 0.075808 0.452589
vt 0.064709 0.435477
vt 0.048208 0.446383
vt 0.058082 0.415111
vt 0.118485 0.460500
vt 0.111145 0.459664
vt 0.117622 0.450796
vt 0.150412 0.450838
vt 0.163227 0.437477
vt 0.165101 0.459438
vt 0.111910 0.464399
vt 0.140035 0.439678
vt 0.135891 0.427557
vt 0.148417 0.433019
vt 0.106333 0.446495
vt 0.093438 0.449337
vt 0.135667 0.453638
vt 0.127955 0.443211
vt 0.117011 0.419172
vt 0.114676 0.462795
vt 0.127081 0.462546
vt 0.125866 0.454307
vt 0.103004 0.419753
vt 0.087530 0.417098
vt 0.134616 0.463626
vt 0.075134 0.432210
vt 0.037412 0.459903
vt 0.031442 0.468988
vt 0.026366 0.459540
vt 0.033086 0.446209
vt 0.038863 0.417165
vt 0.012311 0.465021
vt 0.014970 0.458305
vt 0.020525 0.464933
vt 0.021856 0.446378
vt 0.027648 0.436345
vt 0.028982 0.472396
vt 0.030632 0.471799
vt 0.031260 0.472782
vt 0.034503 0.473938
vt 0.011983 0.474185
vt 0.013136 0.468074
vt 0.019133 0.470121
vt 0.023851 0.479242
vt 0.025949 0.471134
vt 0.022199 0.495975
vt 0.027553 0.504548
vt 0.020085 0.510135
vt 0.030972 0.498377
vt 0.039141 0.477771
vt 0.000136 0.489658
vt 0.046963 0.492825
vt 0.035166 0.488632
vt 0.030411 0.475228
vt 0.032409 0.479200
vt 0.012614 0.503308
vt 0.038065 0.499683
vt 0.045094 0.500520
vt 0.065172 0.514409
vt 0.065018 0.508267
vt 0.061600 0.510244
vt 0.052133 0.501989
vt 0.074685 0.518479
vt 0.071211 0.513988
vt 0.032254 0.503403
vt 0.043411 0.506492
vt 0.034873 0.508424
vt 0.056836 0.509263
vt 0.077450 0.525016
vt 0.075131 0.537426
vt 0.083087 0.527599
vt 0.068027 0.519990
vt 0.048814 0.512945
vt 0.043476 0.569874
vt 0.047467 0.552832
vt 0.057139 0.555269
vt 0.076748 0.548334
vt 0.027789 0.511261
vt 0.041399 0.510740
vt 0.061207 0.570950
vt 0.068832 0.553244
vt 0.064344 0.542832
vt 0.068146 0.529413
vt 0.024548 0.516987
vt 0.031199 0.516942
vt 0.040076 0.517552
vt 0.053937 0.535953
vt 0.062203 0.523683
vt 0.056827 0.518974
vt 0.040534 0.528148
vt 0.047410 0.524601
vt 0.045084 0.533683
vt 0.034536 0.522933
vt 0.041676 0.541004
vt 0.033994 0.558952
vt 0.027585 0.524286
vt 0.031088 0.544373
vt 0.034007 0.532214
vt 0.172727 0.297234
vt 0.175911 0.300599
vt 0.171745 0.314143
vt 0.152128 0.261976
vt 0.134827 0.263531
vt 0.146928 0.255080
vt 0.153245 0.248124
vt 0.148149 0.247427
vt 0.159397 0.242239
vt 0.179794 0.241752
vt 0.168869 0.241624
vt 0.166830 0.232394
vt 0.152138 0.253188
vt 0.194702 0.221584
vt 0.187196 0.223209
vt 0.190700 0.211843
vt 0.178655 0.230160
vt 0.191811 0.234774
vt 0.161982 0.250032
vt 0.205641 0.213855
vt 0.199612 0.214179
vt 0.203394 0.201979
vt 0.217661 0.212410
vt 0.211945 0.205312
vt 0.218554 0.202815
vt 0.225989 0.216152
vt 0.225293 0.208050
vt 0.203618 0.224847
vt 0.191047 0.248116
vt 0.184979 0.251372
vt 0.174762 0.251671
vt 0.158763 0.257165
vt 0.210502 0.216500
vt 0.200774 0.248644
vt 0.169764 0.261214
vt 0.161165 0.263734
vt 0.202905 0.237937
vt 0.170436 0.271637
vt 0.160882 0.270145
vt 0.218162 0.228622
vt 0.210770 0.236868
vt 0.210406 0.248073
vt 0.194252 0.257210
vt 0.204603 0.259366
vt 0.198888 0.264719
vt 0.190751 0.263927
vt 0.167012 0.280259
vt 0.209274 0.255312
vt 0.212918 0.267739
vt 0.217247 0.254968
vt 0.193180 0.268265
vt 0.184598 0.270814
vt 0.177923 0.283565
vt 0.222613 0.247062
vt 0.183220 0.259606
vt 0.220975 0.258684
vt 0.228401 0.254680
vt 0.251599 0.254490
vt 0.240350 0.251919
vt 0.242788 0.247258
vt 0.263299 0.249211
vt 0.224694 0.263874
vt 0.238860 0.259699
vt 0.237467 0.268560
vt 0.248734 0.258038
vt 0.230802 0.236441
vt 0.283694 0.237222
vt 0.288461 0.225360
vt 0.300125 0.229444
vt 0.150561 0.284365
vt 0.101339 0.248044
vt 0.098765 0.259910
vt 0.087383 0.253583
vt 0.093211 0.236448
vt 0.122333 0.271824
vt 0.114445 0.264922
vt 0.058697 0.250384
vt 0.075866 0.231442
vt 0.111152 0.284501
vt 0.161626 0.307485
vt 0.078736 0.268926
vt 0.095331 0.276928
vt 0.095568 0.298640
vt 0.077297 0.289890
vt 0.128631 0.285311
vt 0.044743 0.278060
vt 0.120422 0.298974
vt 0.161316 0.330306
vt 0.150224 0.323459
vt 0.108690 0.302945
vt 0.107594 0.325613
vt 0.138429 0.328898
vt 0.138968 0.306477
vt 0.045767 0.374538
vt 0.060191 0.374035
vt 0.043048 0.384627
vt 0.084258 0.315579
vt 0.099814 0.341198
vt 0.123358 0.319185
vt 0.049634 0.329748
vt 0.035669 0.305981
vt 0.064291 0.321155
vt 0.080611 0.336359
vt 0.096447 0.357570
vt 0.120541 0.357652
vt 0.133360 0.347787
vt 0.150010 0.345154
vt 0.147750 0.364855
vt 0.095207 0.379146
vt 0.081422 0.367542
vt 0.165055 0.348699
vt 0.185527 0.358896
vt 0.160399 0.365061
vt 0.106311 0.372889
vt 0.033809 0.327134
vt 0.111945 0.360616
vt 0.150523 0.389100
vt 0.062258 0.301413
vt 0.074427 0.381956
vt 0.096186 0.397545
vt 0.072786 0.408669
vt 0.170108 0.383895
vt 0.043967 0.355250
vt 0.141462 0.419326
vt 0.117850 0.394989
vt 0.122337 0.380727
vt 0.146477 0.399430
vt 0.018827 0.334967
vt 0.183812 0.408458
vt 0.185130 0.381581
vt 0.087032 0.213116
vt 0.251762 0.240525
vt 0.266766 0.238340
vt 0.241108 0.239490
vt 0.245513 0.232883
vt 0.258336 0.232396
vt 0.237027 0.234232
vt 0.252224 0.224332
vt 0.261752 0.223745
vt 0.247740 0.218546
vt 0.247869 0.207888
vt 0.254118 0.209734
vt 0.255827 0.213349
vt 0.255028 0.217864
vt 0.259389 0.220712
vt 0.242982 0.212729
vt 0.236660 0.217093
vt 0.243062 0.224362
vt 0.237751 0.227061
vt 0.232772 0.228243
vt 0.227166 0.224742
vt 0.260526 0.215561
vt 0.231284 0.211056
vt 0.268382 0.217466
vt 0.273084 0.228530
vt 0.261972 0.209636
vt 0.235931 0.204963
vt 0.241498 0.209753
vt 0.178719 0.216740
vt 0.170157 0.173523
vt 0.162923 0.182752
vt 0.156969 0.165263
vt 0.169133 0.222036
vt 0.153998 0.179661
vt 0.166565 0.207140
vt 0.159960 0.217095
vt 0.133672 0.234683
vt 0.146084 0.235430
vt 0.161419 0.193279
vt 0.147136 0.188551
vt 0.146015 0.176090
vt 0.096934 0.219005
vt 0.101811 0.223030
vt 0.181186 0.206430
vt 0.173079 0.198344
vt 0.141278 0.225410
vt 0.132024 0.223196
vt 0.141186 0.213671
vt 0.175469 0.184579
vt 0.152930 0.206927
vt 0.128313 0.178841
vt 0.138939 0.169477
vt 0.136274 0.183154
vt 0.152613 0.226314
vt 0.150984 0.217499
vt 0.137306 0.199452
vt 0.112822 0.178957
vt 0.120625 0.170322
vt 0.120783 0.190185
vt 0.105170 0.190321
vt 0.108653 0.235592
vt 0.179186 0.175111
vt 0.129755 0.247935
vt 0.113598 0.249913
vt 0.122062 0.239523
vt 0.111385 0.203325
vt 0.097221 0.205004
vt 0.110492 0.218428
vt 0.123733 0.211329
vt 0.121296 0.227654
vt 0.127754 0.160139
vt 0.062209 0.388708
vt 0.067883 0.371363
vt 0.064228 0.340497
vt 0.066888 0.356942
vt 0.038685 0.392123
vt 0.067967 0.364439
vt 0.078916 0.351873
vt 0.280583 0.221172
vt 0.291934 0.214969
vt 0.185300 0.335963
vt 0.169967 0.307200
vt 0.170314 0.305976
vt 0.189485 0.190624
vt 0.605651 0.079451
vt 0.601564 0.080820
vt 0.596663 0.075406
vt 0.607945 0.084883
vt 0.600993 0.087612
vt 0.610385 0.081703
vt 0.611763 0.079283
vt 0.613644 0.085662
vt 0.592807 0.081210
vt 0.592064 0.089848
vt 0.606543 0.091899
vt 0.612823 0.092453
vt 0.610500 0.100158
vt 0.621800 0.093507
vt 0.602199 0.095932
vt 0.594894 0.099872
vt 0.602875 0.106925
vt 0.624775 0.102976
vt 0.625094 0.109354
vt 0.618074 0.107934
vt 0.589618 0.112990
vt 0.623591 0.115108
vt 0.611519 0.107469
vt 0.615818 0.117699
vt 0.612442 0.112769
vt 0.607896 0.113205
vt 0.607394 0.120728
vt 0.716268 0.131525
vt 0.707923 0.134122
vt 0.701796 0.125210
vt 0.632016 0.108525
vt 0.629517 0.113939
vt 0.620511 0.122316
vt 0.711899 0.141695
vt 0.636033 0.115298
vt 0.634186 0.100137
vt 0.643020 0.110816
vt 0.599385 0.118246
vt 0.585427 0.134896
vt 0.699964 0.133779
vt 0.691816 0.124003
vt 0.612109 0.127441
vt 0.623786 0.130407
vt 0.630492 0.121509
vt 0.662108 0.104272
vt 0.667043 0.112849
vt 0.653742 0.108246
vt 0.684545 0.131181
vt 0.655726 0.117880
vt 0.614194 0.139642
vt 0.696624 0.142374
vt 0.644233 0.123672
vt 0.635481 0.132458
vt 0.596388 0.148618
vt 0.627135 0.139028
vt 0.583324 0.072194
vt 0.692438 0.152484
vt 0.685356 0.142415
vt 0.669708 0.123849
vt 0.645849 0.138579
vt 0.685628 0.154606
vt 0.682594 0.149764
vt 0.630183 0.093309
vt 0.677192 0.137937
vt 0.679782 0.158139
vt 0.643924 0.104439
vt 0.625358 0.150576
vt 0.609099 0.156024
vt 0.635121 0.142668
vt 0.637565 0.151957
vt 0.657641 0.129419
vt 0.657924 0.141285
vt 0.673393 0.153430
vt 0.620306 0.163401
vt 0.606461 0.168343
vt 0.669529 0.134286
vt 0.638453 0.173518
vt 0.635918 0.163635
vt 0.640294 0.166425
vt 0.647259 0.149345
vt 0.677466 0.145098
vt 0.667660 0.145871
vt 0.674903 0.157411
vt 0.671734 0.161745
vt 0.636309 0.186447
vt 0.644658 0.177954
vt 0.639418 0.188906
vt 0.655412 0.178404
vt 0.653381 0.172021
vt 0.660903 0.174468
vt 0.616419 0.175004
vt 0.618168 0.182523
vt 0.626310 0.181133
vt 0.623536 0.186386
vt 0.629642 0.160022
vt 0.653599 0.153966
vt 0.617301 0.099273
vt 0.646578 0.155262
vt 0.641676 0.158211
vt 0.674831 0.167613
vt 0.629065 0.170542
vt 0.624344 0.190226
vt 0.662494 0.159200
vt 0.664718 0.167117
vt 0.631844 0.182078
vt 0.682251 0.117303
vt 0.652866 0.163184
vt 0.645369 0.165026
vt 0.651222 0.102667
vt 0.628329 0.192016
vt 0.647769 0.170673
vt 0.648797 0.189941
vt 0.589575 0.057461
vt 0.596040 0.059559
vt 0.596384 0.064679
vt 0.591224 0.062580
vt 0.602565 0.066625
vt 0.586910 0.058378
vt 0.573776 0.062008
vt 0.580056 0.064550
vt 0.577362 0.058772
vt 0.578884 0.051292
vt 0.584576 0.058993
vt 0.593959 0.066559
vt 0.587313 0.064188
vt 0.586216 0.068203
vt 0.581103 0.061072
vt 0.593981 0.069873
vt 0.606662 0.073515
vt 0.609099 0.065440
vt 0.614572 0.074808
vt 0.599477 0.070005
vt 0.600911 0.074090
vt 0.584348 0.045886
vt 0.602772 0.059790
vt 0.701375 0.090308
vt 0.693934 0.095057
vt 0.690565 0.093425
vt 0.678776 0.094664
vt 0.675155 0.102194
vt 0.667258 0.097240
vt 0.685008 0.097875
vt 0.702674 0.099440
vt 0.706659 0.095133
vt 0.670142 0.107044
vt 0.689094 0.100895
vt 0.692684 0.110118
vt 0.707869 0.115967
vt 0.695564 0.118596
vt 0.678851 0.107493
vt 0.704125 0.105633
vt 0.688193 0.074800
vt 0.716005 0.087816
vt 0.713217 0.098094
vt 0.739667 0.089555
vt 0.727460 0.069731
vt 0.749005 0.074627
vt 0.725441 0.093228
vt 0.696518 0.076624
vt 0.704372 0.074735
vt 0.713242 0.075497
vt 0.633073 0.073492
vt 0.637100 0.079791
vt 0.631669 0.076905
vt 0.619133 0.083695
vt 0.615112 0.070255
vt 0.620058 0.072737
vt 0.625520 0.088543
vt 0.625934 0.084603
vt 0.621173 0.079178
vt 0.610028 0.060225
vt 0.616266 0.066988
vt 0.626534 0.080366
vt 0.630214 0.089538
vt 0.620827 0.064977
vt 0.629976 0.084956
vt 0.636925 0.096017
vt 0.625872 0.073775
vt 0.626629 0.067446
vt 0.628820 0.073010
vt 0.630426 0.072774
vt 0.615872 0.060284
vt 0.645088 0.100750
vt 0.625778 0.058168
vt 0.630405 0.079909
vt 0.637319 0.069108
vt 0.648083 0.072708
vt 0.633843 0.089912
vt 0.634494 0.084411
vt 0.649354 0.099648
vt 0.630322 0.068848
vt 0.638185 0.091363
vt 0.645030 0.096493
vt 0.641747 0.088282
vt 0.655407 0.096521
vt 0.651579 0.087823
vt 0.672278 0.080581
vt 0.661073 0.088314
vt 0.658762 0.074830
vt 0.664798 0.063841
vt 0.680437 0.066511
vt 0.623851 0.202612
vt 0.630744 0.194854
vt 0.775175 0.081407
vt 0.786429 0.087864
vt 0.781942 0.104609
vt 0.736846 0.103837
vt 0.762158 0.115839
vt 0.757361 0.091053
vt 0.721621 0.107126
vt 0.742703 0.122744
vt 0.722740 0.119695
vt 0.727897 0.128128
vt 0.590805 0.046328
vt 0.605513 0.059441
vt 0.597216 0.053619
vt 0.602164 0.054104
vt 0.574979 0.067466
vt 0.579116 0.093610
vt 0.580956 0.081957
vt 0.585797 0.102133
vt 0.570206 0.075329
vt 0.572304 0.068457
vt 0.576628 0.072665
vt 0.571075 0.085090
vt 0.259628 0.172169
vt 0.257059 0.178465
vt 0.250234 0.173798
vt 0.238775 0.182440
vt 0.238668 0.162195
vt 0.250857 0.185955
vt 0.265079 0.185329
vt 0.256451 0.181961
vt 0.253035 0.163552
vt 0.271666 0.070918
vt 0.259110 0.071041
vt 0.265033 0.065654
vt 0.259454 0.060211
vt 0.239814 0.067057
vt 0.254092 0.048733
vt 0.238037 0.050292
vt 0.243903 0.039540
vt 0.271937 0.054762
vt 0.255701 0.032923
vt 0.265712 0.041239
vt 0.276041 0.042117
vt 0.233716 0.034882
vt 0.258740 0.147327
vt 0.257664 0.150040
vt 0.252991 0.148580
vt 0.259939 0.131293
vt 0.266007 0.115636
vt 0.269786 0.125207
vt 0.260859 0.147752
vt 0.257791 0.155263
vt 0.261347 0.143784
vt 0.303931 0.069563
vt 0.302066 0.079210
vt 0.296835 0.072919
vt 0.267768 0.082154
vt 0.295848 0.088178
vt 0.305165 0.089914
vt 0.275875 0.078695
vt 0.324593 0.082777
vt 0.321478 0.088710
vt 0.317938 0.079328
vt 0.279545 0.062547
vt 0.300832 0.187567
vt 0.290922 0.185223
vt 0.298154 0.185243
vt 0.301013 0.118751
vt 0.308752 0.129235
vt 0.297831 0.126531
vt 0.302060 0.181636
vt 0.259047 0.165378
vt 0.261860 0.167183
vt 0.297372 0.180603
vt 0.292047 0.181088
vt 0.331871 0.129318
vt 0.338922 0.137592
vt 0.329307 0.139089
vt 0.282173 0.187768
vt 0.283543 0.181478
vt 0.275584 0.088238
vt 0.278193 0.097410
vt 0.266371 0.100291
vt 0.308599 0.184909
vt 0.302418 0.171399
vt 0.314660 0.109663
vt 0.304082 0.109214
vt 0.309264 0.099539
vt 0.295007 0.174707
vt 0.326311 0.163908
vt 0.337435 0.171492
vt 0.331014 0.176743
vt 0.293952 0.065812
vt 0.333984 0.160753
vt 0.343433 0.165212
vt 0.286078 0.088108
vt 0.277652 0.177072
vt 0.279131 0.183122
vt 0.318887 0.173631
vt 0.277608 0.127994
vt 0.275132 0.117045
vt 0.281719 0.119084
vt 0.290678 0.097116
vt 0.292234 0.175031
vt 0.285929 0.178103
vt 0.283770 0.172710
vt 0.311087 0.082447
vt 0.266493 0.171370
vt 0.274088 0.184090
vt 0.284776 0.109131
vt 0.284961 0.100799
vt 0.291357 0.106860
vt 0.313187 0.157370
vt 0.298732 0.061511
vt 0.323964 0.150715
vt 0.337602 0.103692
vt 0.334785 0.117303
vt 0.327101 0.108213
vt 0.338558 0.151399
vt 0.290634 0.168884
vt 0.303316 0.157758
vt 0.281358 0.167696
vt 0.287184 0.164625
vt 0.261329 0.161786
vt 0.290652 0.134319
vt 0.292698 0.143957
vt 0.285329 0.143106
vt 0.274146 0.169505
vt 0.257689 0.161604
vt 0.320114 0.188178
vt 0.280947 0.071637
vt 0.297707 0.149840
vt 0.294618 0.161449
vt 0.291062 0.048079
vt 0.294617 0.055322
vt 0.286656 0.055408
vt 0.342012 0.128544
vt 0.297524 0.109747
vt 0.290314 0.118302
vt 0.319025 0.138188
vt 0.329538 0.096610
vt 0.319571 0.099159
vt 0.267696 0.163210
vt 0.274986 0.165074
vt 0.305009 0.147499
vt 0.312128 0.142682
vt 0.321547 0.131436
vt 0.312870 0.091392
vt 0.263200 0.154854
vt 0.303484 0.139190
vt 0.291603 0.155500
vt 0.287490 0.149561
vt 0.316730 0.071662
vt 0.310338 0.074925
vt 0.279386 0.102119
vt 0.275379 0.107024
vt 0.292984 0.079884
vt 0.330529 0.087325
vt 0.274743 0.156378
vt 0.280209 0.163421
vt 0.285520 0.159597
vt 0.306583 0.058977
vt 0.306759 0.076147
vt 0.260990 0.150778
vt 0.292676 0.059410
vt 0.287392 0.065173
vt 0.321819 0.120447
vt 0.268623 0.155473
vt 0.277472 0.140178
vt 0.280708 0.134112
vt 0.284259 0.136414
vt 0.280587 0.151293
vt 0.267377 0.139475
vt 0.287370 0.075203
vt 0.292581 0.039675
vt 0.282265 0.048421
vt 0.300379 0.132124
vt 0.308971 0.117768
vt 0.265898 0.148816
vt 0.296973 0.139284
vt 0.300015 0.047715
vt 0.310140 0.043195
vt 0.342712 0.184228
vt 0.284334 0.128769
vt 0.299010 0.099631
vt 0.269835 0.132388
vt 0.331055 0.082246
vt 0.251108 0.113978
vt 0.272216 0.148015
vt 0.280081 0.105347
vt 0.281313 0.107559
vt 0.279706 0.110577
vt 0.294072 0.102079
vt 0.280590 0.080521
vt 0.199300 0.177199
vt 0.193611 0.161907
vt 0.204072 0.160320
vt 0.206036 0.170655
vt 0.185497 0.176168
vt 0.213407 0.141771
vt 0.212687 0.157076
vt 0.184588 0.159940
vt 0.226124 0.049120
vt 0.199337 0.144545
vt 0.173148 0.163678
vt 0.177185 0.051268
vt 0.195956 0.036033
vt 0.191340 0.055150
vt 0.220984 0.041333
vt 0.188250 0.112193
vt 0.201796 0.119075
vt 0.190761 0.129216
vt 0.218960 0.095793
vt 0.224725 0.080931
vt 0.229803 0.092813
vt 0.201385 0.129787
vt 0.182358 0.155052
vt 0.189653 0.149491
vt 0.216009 0.119456
vt 0.234067 0.134018
vt 0.210916 0.044362
vt 0.215140 0.058128
vt 0.228157 0.061985
vt 0.165017 0.105953
vt 0.161962 0.124110
vt 0.127348 0.102031
vt 0.219991 0.070999
vt 0.229622 0.069569
vt 0.192825 0.138105
vt 0.217998 0.087091
vt 0.231403 0.107619
vt 0.211012 0.086351
vt 0.180667 0.142127
vt 0.192307 0.067966
vt 0.184107 0.069663
vt 0.181156 0.089055
vt 0.159170 0.092653
vt 0.157974 0.148245
vt 0.203492 0.073179
vt 0.196165 0.094340
vt 0.203774 0.106082
vt 0.170337 0.073528
vt 0.204598 0.058967
vt 0.137535 0.127983
vt 0.149655 0.078798
vt 0.165290 0.063213
vt 0.321343 0.062516
vt 0.325707 0.073472
vt 0.324706 0.078537
vt 0.330552 0.078418
vt 0.324850 0.181141
vt 0.333103 0.189360
vt 0.218835 0.170998
vt 0.243749 0.090023
vt 0.223286 0.157574
vt 0.227614 0.164968
vt 0.503272 0.217218
vt 0.510225 0.212567
vt 0.507320 0.220510
vt 0.504204 0.215398
vt 0.517443 0.216332
vt 0.495005 0.220903
vt 0.530429 0.208634
vt 0.533943 0.216082
vt 0.495523 0.227557
vt 0.401875 0.305601
vt 0.405640 0.320371
vt 0.397126 0.320366
vt 0.405204 0.290643
vt 0.393998 0.293715
vt 0.393508 0.311071
vt 0.379617 0.224755
vt 0.384334 0.221169
vt 0.385507 0.231480
vt 0.389857 0.228749
vt 0.390322 0.240422
vt 0.387816 0.304162
vt 0.393169 0.279617
vt 0.384392 0.315921
vt 0.400780 0.267377
vt 0.416535 0.281285
vt 0.383157 0.287723
vt 0.399715 0.258889
vt 0.410067 0.263061
vt 0.383750 0.239256
vt 0.390726 0.265554
vt 0.389826 0.253179
vt 0.383394 0.296807
vt 0.379762 0.231562
vt 0.381891 0.282521
vt 0.372781 0.292324
vt 0.373510 0.284935
vt 0.377820 0.301079
vt 0.376646 0.307905
vt 0.374845 0.279184
vt 0.373352 0.261074
vt 0.383313 0.260772
vt 0.380993 0.269029
vt 0.376317 0.236277
vt 0.373100 0.227992
vt 0.376226 0.251979
vt 0.370501 0.312975
vt 0.368585 0.269812
vt 0.372028 0.232497
vt 0.380211 0.245849
vt 0.361779 0.293816
vt 0.365928 0.288078
vt 0.367213 0.302446
vt 0.364618 0.282591
vt 0.362744 0.263199
vt 0.367816 0.235238
vt 0.369612 0.243718
vt 0.359818 0.287600
vt 0.361203 0.307824
vt 0.362829 0.278410
vt 0.341584 0.298736
vt 0.348309 0.300528
vt 0.348321 0.307445
vt 0.358128 0.269393
vt 0.358916 0.258830
vt 0.366015 0.254787
vt 0.366275 0.248872
vt 0.361586 0.316149
vt 0.342127 0.242106
vt 0.335927 0.229330
vt 0.349097 0.232630
vt 0.319503 0.267145
vt 0.319833 0.272585
vt 0.313962 0.262363
vt 0.354736 0.263207
vt 0.360559 0.232399
vt 0.365566 0.230531
vt 0.355973 0.246914
vt 0.354789 0.300036
vt 0.353940 0.290078
vt 0.352951 0.275807
vt 0.355722 0.282864
vt 0.352140 0.257668
vt 0.346870 0.267298
vt 0.359149 0.253577
vt 0.347975 0.293358
vt 0.310861 0.273132
vt 0.355317 0.228091
vt 0.313970 0.255356
vt 0.308993 0.255270
vt 0.308533 0.240808
vt 0.336854 0.283488
vt 0.337947 0.284600
vt 0.333629 0.285259
vt 0.351115 0.237805
vt 0.359262 0.238274
vt 0.355770 0.309529
vt 0.351862 0.316527
vt 0.343639 0.282522
vt 0.330935 0.277792
vt 0.344706 0.254851
vt 0.319023 0.261639
vt 0.324834 0.266008
vt 0.339456 0.291123
vt 0.288995 0.269213
vt 0.298533 0.271503
vt 0.298549 0.277977
vt 0.338145 0.259223
vt 0.335190 0.268958
vt 0.311230 0.285473
vt 0.306712 0.280197
vt 0.316049 0.284749
vt 0.287570 0.327355
vt 0.311390 0.311992
vt 0.308367 0.324884
vt 0.332223 0.301639
vt 0.322540 0.302785
vt 0.323750 0.293178
vt 0.330901 0.312012
vt 0.342876 0.318209
vt 0.335593 0.323312
vt 0.340100 0.307833
vt 0.322259 0.327150
vt 0.328410 0.256544
vt 0.332743 0.292904
vt 0.291657 0.308517
vt 0.280941 0.297808
vt 0.302800 0.297420
vt 0.330791 0.240263
vt 0.266743 0.263753
vt 0.286593 0.283475
vt 0.326413 0.230905
vt 0.319776 0.242370
vt 0.320943 0.257396
vt 0.301357 0.270757
vt 0.296183 0.263682
vt 0.324042 0.283003
vt 0.302117 0.258278
vt 0.303370 0.274820
vt 0.316475 0.228510
vt 0.252013 0.282629
vt 0.314028 0.301469
vt 0.314339 0.292702
vt 0.304442 0.286679
vt 0.266201 0.310111
vt 0.296353 0.239894
vt 0.287730 0.256055
vt 0.275508 0.253819
vt 0.469286 0.245052
vt 0.477674 0.234271
vt 0.483190 0.241997
vt 0.396094 0.232000
vt 0.394727 0.222969
vt 0.403928 0.218329
vt 0.433906 0.208342
vt 0.426311 0.220250
vt 0.418748 0.213955
vt 0.449278 0.212777
vt 0.438869 0.223212
vt 0.450664 0.221945
vt 0.416265 0.225673
vt 0.461604 0.215433
vt 0.427659 0.233631
vt 0.417076 0.235999
vt 0.405487 0.237978
vt 0.457604 0.228473
vt 0.447931 0.231998
vt 0.439507 0.235150
vt 0.468904 0.225018
vt 0.423356 0.247121
vt 0.447760 0.243841
vt 0.458112 0.250449
vt 0.444606 0.254638
vt 0.480722 0.213526
vt 0.434919 0.247585
vt 0.455791 0.239299
vt 0.465405 0.239509
vt 0.512944 0.221980
vt 0.519777 0.228290
vt 0.505590 0.226604
vt 0.492587 0.271283
vt 0.487210 0.259836
vt 0.501813 0.261781
vt 0.463512 0.257363
vt 0.464566 0.265450
vt 0.455929 0.263970
vt 0.433682 0.257866
vt 0.426301 0.253924
vt 0.454470 0.257647
vt 0.511177 0.232256
vt 0.448825 0.261958
vt 0.440161 0.262560
vt 0.514888 0.238859
vt 0.507251 0.241583
vt 0.505822 0.235193
vt 0.497556 0.239463
vt 0.472255 0.252197
vt 0.479345 0.253576
vt 0.470030 0.273443
vt 0.474071 0.262207
vt 0.423586 0.261155
vt 0.433997 0.267745
vt 0.424905 0.272780
vt 0.446759 0.268891
vt 0.438214 0.274853
vt 0.434911 0.285042
vt 0.479706 0.275498
vt 0.458742 0.272164
vt 0.449873 0.285023
vt 0.461745 0.284817
vt 0.450713 0.300894
vt 0.447219 0.308438
vt 0.443508 0.293936
vt 0.451117 0.293553
vt 0.476762 0.292041
vt 0.463087 0.295192
vt 0.457598 0.305561
vt 0.465094 0.303353
vt 0.455556 0.311688
vt 0.262964 0.327977
vt 0.235924 0.296582
vt 0.243637 0.325198
vt 0.223961 0.302162
vt 0.217559 0.306802
vt 0.227350 0.325685
vt 0.219902 0.324318
vt 0.394820 0.239692
vt 0.397760 0.240136
vt 0.399872 0.244653
vt 0.398001 0.251027
vt 0.413793 0.244205
vt 0.405705 0.250201
vt 0.415631 0.254415
vt 0.409673 0.247202
vt 0.416561 0.299744
vt 0.436824 0.297437
vt 0.432758 0.288380
vt 0.442085 0.317320
vt 0.450850 0.320533
vt 0.426856 0.293333
vt 0.411355 0.313999
vt 0.431971 0.306731
vt 0.414499 0.327977
vt 0.432675 0.326796
vt 0.425942 0.324002
vt 0.421752 0.316632
vt 0.421891 0.325749
vt 0.453625 0.315447
vt 0.019927 0.194053
vt 0.021591 0.204557
vt 0.011543 0.194710
vt 0.032363 0.197050
vt 0.012906 0.211781
vt 0.024372 0.038395
vt 0.014188 0.039402
vt 0.022090 0.032300
vt 0.064845 0.104912
vt 0.049094 0.112982
vt 0.054404 0.106746
vt 0.033837 0.120553
vt 0.041161 0.109265
vt 0.007176 0.123934
vt 0.002811 0.119854
vt 0.016480 0.116747
vt 0.030782 0.112302
vt 0.055491 0.098550
vt 0.048854 0.105864
vt 0.027143 0.105504
vt 0.036378 0.103757
vt 0.044725 0.100526
vt 0.000268 0.111393
vt 0.007247 0.114466
vt 0.011405 0.111031
vt 0.033761 0.099582
vt 0.019163 0.123417
vt 0.017313 0.105838
vt 0.007286 0.107876
vt 0.037867 0.095365
vt 0.023616 0.099622
vt 0.030666 0.095970
vt 0.045326 0.090807
vt 0.012941 0.100688
vt 0.003802 0.101789
vt 0.017486 0.099982
vt 0.032043 0.034950
vt 0.041796 0.030735
vt 0.035635 0.038354
vt 0.034726 0.087500
vt 0.026270 0.074652
vt 0.030463 0.063835
vt 0.036616 0.070773
vt 0.021163 0.093317
vt 0.027395 0.043736
vt 0.033705 0.044127
vt 0.025866 0.049672
vt 0.044700 0.079830
vt 0.052985 0.087864
vt 0.009625 0.092499
vt 0.031137 0.040217
vt 0.033031 0.040992
vt 0.042813 0.052745
vt 0.031708 0.054946
vt 0.037703 0.050924
vt 0.047727 0.067275
vt 0.024820 0.083081
vt 0.032693 0.079057
vt 0.016091 0.085433
vt 0.041382 0.062618
vt 0.017191 0.044338
vt 0.022628 0.044867
vt 0.017693 0.049662
vt 0.019295 0.077627
vt 0.033766 0.030197
vt 0.032131 0.026032
vt 0.037798 0.026049
vt 0.012743 0.078380
vt 0.022372 0.058242
vt 0.053674 0.044257
vt 0.045222 0.044569
vt 0.016774 0.068618
vt 0.019669 0.053562
vt 0.040196 0.046566
vt 0.033855 0.049916
vt 0.043546 0.039373
vt 0.012730 0.058124
vt 0.045438 0.023146
vt 0.036110 0.022332
vt 0.025841 0.026589
vt 0.030507 0.022282
vt 0.004556 0.084371
vt 0.028622 0.030561
vt 0.014254 0.029747
vt 0.009649 0.049474
vt 0.024406 0.020879
vt 0.006262 0.074471
vt 0.056628 0.034015
vt 0.006545 0.065821
vt 0.053286 0.028016
vt 0.067165 0.020879
vt 0.009477 0.129323
vt 0.086675 0.132029
vt 0.086993 0.140342
vt 0.078652 0.140371
vt 0.103292 0.118992
vt 0.095268 0.130708
vt 0.088260 0.118256
vt 0.094899 0.141245
vt 0.084863 0.100829
vt 0.095280 0.108445
vt 0.085282 0.108841
vt 0.105568 0.144978
vt 0.104779 0.132717
vt 0.078560 0.103225
vt 0.079513 0.122554
vt 0.100824 0.151350
vt 0.105590 0.151073
vt 0.111391 0.143457
vt 0.109212 0.154308
vt 0.083313 0.147764
vt 0.077100 0.109827
vt 0.071218 0.134924
vt 0.071903 0.126806
vt 0.071193 0.146281
vt 0.071684 0.116648
vt 0.063829 0.120928
vt 0.066368 0.140465
vt 0.098749 0.157419
vt 0.089178 0.154162
vt 0.075979 0.156267
vt 0.055716 0.142438
vt 0.062894 0.151604
vt 0.058021 0.125791
vt 0.056847 0.134368
vt 0.064733 0.130487
vt 0.042629 0.141816
vt 0.044134 0.140809
vt 0.047288 0.142912
vt 0.049079 0.146848
vt 0.089011 0.161318
vt 0.096276 0.166388
vt 0.083221 0.160434
vt 0.039673 0.143456
vt 0.054143 0.154372
vt 0.078866 0.166613
vt 0.064065 0.162788
vt 0.057162 0.116506
vt 0.043986 0.120809
vt 0.051104 0.123102
vt 0.039453 0.130831
vt 0.043379 0.137670
vt 0.046168 0.150140
vt 0.058190 0.178493
vt 0.052346 0.164769
vt 0.027049 0.144605
vt 0.021080 0.132221
vt 0.044118 0.164284
vt 0.044118 0.154367
vt 0.036412 0.149556
vt 0.048392 0.169612
vt 0.039592 0.169258
vt 0.050396 0.195903
vt 0.069533 0.189977
vt 0.034743 0.156979
vt 0.031360 0.174792
vt 0.038223 0.185991
vt 0.012732 0.143904
vt 0.018834 0.139386
vt 0.023795 0.155833
vt 0.028902 0.165330
vt 0.012369 0.135273
vt 0.019696 0.169749
vt 0.025567 0.186202
vt 0.015846 0.158372
vt 0.015504 0.183000
vt 0.081199 0.178485
vt 0.098107 0.136125
vt 0.128125 0.064708
vt 0.126319 0.075752
vt 0.120932 0.068187
vt 0.115247 0.047531
vt 0.110413 0.048641
vt 0.112066 0.044520
vt 0.109470 0.046430
vt 0.109410 0.052364
vt 0.107058 0.040437
vt 0.114998 0.036532
vt 0.120990 0.056673
vt 0.143298 0.048993
vt 0.123993 0.046309
vt 0.115053 0.051934
vt 0.157592 0.065765
vt 0.158955 0.045308
vt 0.126716 0.037930
vt 0.120620 0.039312
vt 0.132692 0.036891
vt 0.139136 0.023213
vt 0.159208 0.025340
vt 0.108088 0.031993
vt 0.112627 0.059258
vt 0.112210 0.071445
vt 0.104217 0.063325
vt 0.107627 0.057335
vt 0.102380 0.035191
vt 0.098276 0.030367
vt 0.096133 0.036087
vt 0.105773 0.052098
vt 0.103737 0.048041
vt 0.083736 0.023480
vt 0.078296 0.031643
vt 0.092925 0.032574
vt 0.091528 0.040473
vt 0.099359 0.040617
vt 0.099486 0.054572
vt 0.096910 0.047173
vt 0.095364 0.043156
vt 0.086952 0.036678
vt 0.083721 0.040441
vt 0.078860 0.038103
vt 0.070146 0.035491
vt 0.065116 0.040322
vt 0.091856 0.046241
vt 0.085912 0.044131
vt 0.080564 0.043093
vt 0.073170 0.041373
vt 0.093645 0.051172
vt 0.062904 0.043721
vt 0.085149 0.056099
vt 0.087485 0.050522
vt 0.092835 0.057332
vt 0.068931 0.044242
vt 0.081141 0.083886
vt 0.076740 0.088049
vt 0.069695 0.080673
vt 0.081056 0.047301
vt 0.058884 0.071239
vt 0.053235 0.074574
vt 0.055695 0.067735
vt 0.088497 0.061512
vt 0.093299 0.064907
vt 0.059054 0.063582
vt 0.056178 0.060133
vt 0.070412 0.071424
vt 0.078364 0.070904
vt 0.078619 0.076957
vt 0.049060 0.058354
vt 0.054388 0.052167
vt 0.060541 0.046961
vt 0.075241 0.046624
vt 0.098636 0.063371
vt 0.066795 0.047211
vt 0.077816 0.056245
vt 0.078577 0.052123
vt 0.091634 0.092288
vt 0.097155 0.092990
vt 0.095560 0.100129
vt 0.089248 0.097558
vt 0.071424 0.050007
vt 0.063495 0.052747
vt 0.088248 0.086738
vt 0.084795 0.090645
vt 0.073809 0.096159
vt 0.070652 0.055526
vt 0.063702 0.059332
vt 0.081419 0.094501
vt 0.064632 0.096584
vt 0.062335 0.088346
vt 0.054936 0.082152
vt 0.060855 0.078129
vt 0.094581 0.025762
vt 0.063474 0.074974
vt 0.072139 0.059797
vt 0.065740 0.064359
vt 0.059512 0.067139
vt 0.074849 0.065016
vt 0.063090 0.069555
vt 0.108027 0.110646
vt 0.117729 0.113598
vt 0.108732 0.117677
vt 0.102216 0.104668
vt 0.110637 0.104694
vt 0.111359 0.096929
vt 0.119378 0.095433
vt 0.117104 0.103590
vt 0.103415 0.097241
vt 0.124671 0.087381
vt 0.116531 0.084318
vt 0.112323 0.090182
vt 0.081465 0.060343
vt 0.106933 0.090728
vt 0.108790 0.083514
vt 0.086420 0.080114
vt 0.084331 0.074566
vt 0.081905 0.066525
vt 0.090317 0.082314
vt 0.101008 0.085825
vt 0.094104 0.085371
vt 0.084915 0.070635
vt 0.104407 0.075697
vt 0.097168 0.078758
vt 0.091339 0.074958
vt 0.088094 0.067521
vt 0.093839 0.079969
vt 0.094930 0.075760
vt 0.093014 0.069831
vt 0.093462 0.072682
vt 0.099566 0.071580
vt 0.096753 0.070036
vt 0.069286 0.203218
vt 0.022602 0.149963
vt 0.118740 0.077371
vt 0.116092 0.063809
vt 0.773949 0.192208
vt 0.773032 0.207926
vt 0.759161 0.199261
vt 0.764314 0.185094
vt 0.748253 0.228519
vt 0.761480 0.224749
vt 0.751521 0.239521
vt 0.737808 0.239152
vt 0.736610 0.226206
vt 0.752353 0.214552
vt 0.747997 0.202853
vt 0.742266 0.189677
vt 0.731985 0.211575
vt 0.726828 0.236206
vt 0.726817 0.246435
vt 0.718095 0.251090
vt 0.725176 0.255573
vt 0.720434 0.227909
vt 0.715509 0.204695
vt 0.714765 0.240325
vt 0.713953 0.216882
vt 0.716736 0.260241
vt 0.708578 0.250742
vt 0.699553 0.211813
vt 0.704271 0.227816
vt 0.701651 0.240975
vt 0.601960 0.279814
vt 0.589248 0.271602
vt 0.602701 0.266900
vt 0.580704 0.235762
vt 0.588710 0.225576
vt 0.595533 0.238151
vt 0.703402 0.261667
vt 0.699262 0.275762
vt 0.687482 0.261262
vt 0.656147 0.255306
vt 0.649841 0.269504
vt 0.636572 0.260830
vt 0.692309 0.231864
vt 0.581834 0.262467
vt 0.571610 0.273628
vt 0.569004 0.265096
vt 0.690063 0.218124
vt 0.617072 0.269432
vt 0.616045 0.278695
vt 0.693558 0.242321
vt 0.682826 0.237805
vt 0.711299 0.274304
vt 0.679972 0.224448
vt 0.532362 0.280128
vt 0.519615 0.269555
vt 0.535363 0.264966
vt 0.534647 0.252371
vt 0.540349 0.256394
vt 0.523778 0.256193
vt 0.738977 0.253112
vt 0.673385 0.248975
vt 0.686968 0.247872
vt 0.675799 0.267363
vt 0.676558 0.258687
vt 0.547780 0.264760
vt 0.549230 0.279805
vt 0.694444 0.252035
vt 0.700479 0.249147
vt 0.577751 0.295289
vt 0.570064 0.286054
vt 0.584367 0.283417
vt 0.570673 0.246412
vt 0.559255 0.233744
vt 0.667453 0.260311
vt 0.659823 0.263950
vt 0.663490 0.272352
vt 0.630921 0.245846
vt 0.620826 0.254992
vt 0.617914 0.239283
vt 0.578911 0.276621
vt 0.590107 0.293445
vt 0.542811 0.245183
vt 0.555280 0.248836
vt 0.601307 0.291223
vt 0.595599 0.299445
vt 0.556224 0.269405
vt 0.563046 0.256772
vt 0.581384 0.269293
vt 0.561262 0.275574
vt 0.612780 0.286810
vt 0.630644 0.279495
vt 0.658874 0.243551
vt 0.668062 0.232726
vt 0.575295 0.222860
vt 0.712520 0.267505
vt 0.594812 0.252147
vt 0.580003 0.250445
vt 0.606429 0.295444
vt 0.618562 0.296045
vt 0.585174 0.265579
vt 0.592685 0.262321
vt 0.606496 0.249285
vt 0.610297 0.260375
vt 0.602221 0.257850
vt 0.718570 0.271056
vt 0.606440 0.237620
vt 0.646051 0.246606
vt 0.604988 0.226252
vt 0.763654 0.157007
vt 0.731583 0.171929
vt 0.650531 0.234274
vt 0.656417 0.222134
vt 0.711589 0.188459
vt 0.702046 0.201604
vt 0.620384 0.221663
vt 0.631957 0.218231
vt 0.631163 0.231285
vt 0.677402 0.208488
vt 0.668977 0.218386
vt 0.661584 0.207997
vt 0.688768 0.198694
vt 0.671177 0.190723
vt 0.621684 0.212690
vt 0.611883 0.213455
vt 0.682851 0.185683
vt 0.696210 0.180810
vt 0.651716 0.197745
vt 0.644542 0.213471
vt 0.627146 0.212671
vt 0.626363 0.205101
vt 0.635600 0.205957
vt 0.640839 0.236630
vt 0.643715 0.226717
vt 0.564864 0.280492
vt 0.558440 0.285557
vt 0.558070 0.297622
vt 0.548214 0.291905
vt 0.543933 0.305658
vt 0.539784 0.287626
vt 0.521168 0.339994
vt 0.527381 0.345111
vt 0.518827 0.342879
vt 0.544922 0.315744
vt 0.538522 0.322776
vt 0.535897 0.315826
vt 0.524069 0.334408
vt 0.535218 0.297843
vt 0.531851 0.290539
vt 0.514582 0.352296
vt 0.519708 0.365515
vt 0.514946 0.338253
vt 0.529488 0.310614
vt 0.525996 0.296473
vt 0.522383 0.304009
vt 0.508123 0.348368
vt 0.526101 0.324902
vt 0.512203 0.328733
vt 0.517908 0.300004
vt 0.523946 0.289599
vt 0.504619 0.339825
vt 0.515285 0.315080
vt 0.513392 0.299019
vt 0.519030 0.295630
vt 0.509772 0.304924
vt 0.507976 0.297204
vt 0.512925 0.287372
vt 0.493410 0.343149
vt 0.495150 0.352983
vt 0.499447 0.320598
vt 0.509378 0.277622
vt 0.505581 0.312812
vt 0.502323 0.280766
vt 0.501609 0.274306
vt 0.486733 0.327807
vt 0.481095 0.320493
vt 0.495316 0.310212
vt 0.500128 0.300835
vt 0.493857 0.292267
vt 0.490910 0.301964
vt 0.482338 0.304851
vt 0.473616 0.310166
vt 0.481324 0.286559
vt 0.480369 0.294536
vt 0.468259 0.298458
vt 0.533270 0.332404
vt 0.498597 0.367720
vt 0.498382 0.331724
vt 0.488298 0.335325
vt 0.488270 0.281354
vt 0.602455 0.409728
vt 0.592646 0.402325
vt 0.607034 0.394695
vt 0.622531 0.383934
vt 0.622088 0.397686
vt 0.596295 0.390807
vt 0.690784 0.272169
vt 0.684318 0.273891
vt 0.691250 0.280008
vt 0.609492 0.385810
vt 0.596400 0.382104
vt 0.604340 0.381043
vt 0.613289 0.377400
vt 0.697920 0.286413
vt 0.690857 0.289239
vt 0.685739 0.282190
vt 0.683939 0.289120
vt 0.675749 0.281419
vt 0.598375 0.373812
vt 0.600844 0.377784
vt 0.597184 0.377231
vt 0.605184 0.374212
vt 0.591059 0.378043
vt 0.665341 0.283219
vt 0.657946 0.280880
vt 0.677704 0.290273
vt 0.670633 0.290412
vt 0.695979 0.298612
vt 0.687377 0.294893
vt 0.681451 0.295013
vt 0.675860 0.295178
vt 0.589816 0.372337
vt 0.668632 0.297837
vt 0.653943 0.297463
vt 0.660909 0.288966
vt 0.615387 0.369055
vt 0.617243 0.364372
vt 0.628453 0.366161
vt 0.606996 0.367335
vt 0.667609 0.308274
vt 0.654674 0.276446
vt 0.650586 0.282426
vt 0.681216 0.301134
vt 0.602198 0.348898
vt 0.596167 0.342688
vt 0.612394 0.340213
vt 0.599242 0.367104
vt 0.592742 0.367183
vt 0.612259 0.364314
vt 0.649703 0.309005
vt 0.602955 0.363488
vt 0.672133 0.325098
vt 0.651605 0.319753
vt 0.640875 0.302925
vt 0.628385 0.303380
vt 0.637584 0.293356
vt 0.589354 0.352305
vt 0.573067 0.352973
vt 0.584942 0.346327
vt 0.581231 0.369732
vt 0.587987 0.366221
vt 0.596869 0.359969
vt 0.618375 0.357455
vt 0.607628 0.360490
vt 0.608050 0.327829
vt 0.632575 0.332578
vt 0.622699 0.343004
vt 0.617542 0.349176
vt 0.612476 0.346023
vt 0.583365 0.361476
vt 0.612759 0.310360
vt 0.600991 0.304626
vt 0.608795 0.353222
vt 0.632067 0.315465
vt 0.583403 0.335866
vt 0.569190 0.325216
vt 0.588788 0.318571
vt 0.689138 0.315222
vt 0.562902 0.338796
vt 0.549126 0.352852
vt 0.540472 0.338043
vt 0.550129 0.336895
vt 0.858518 0.421768
vt 0.873652 0.418585
vt 0.874844 0.450750
vt 0.890752 0.437079
vt 0.829689 0.452325
vt 0.850891 0.440337
vt 0.859597 0.468479
vt 0.834190 0.468618
vt 0.821382 0.466769
vt 0.837348 0.419254
vt 0.884634 0.411844
vt 0.858404 0.303780
vt 0.867142 0.307035
vt 0.856047 0.317266
vt 0.850190 0.313300
vt 0.868946 0.319929
vt 0.843769 0.321065
vt 0.845913 0.306223
vt 0.857045 0.326191
vt 0.849117 0.324486
vt 0.854204 0.329975
vt 0.832176 0.319257
vt 0.860552 0.334700
vt 0.849171 0.333453
vt 0.838105 0.330713
vt 0.874926 0.336701
vt 0.791046 0.312251
vt 0.789003 0.318482
vt 0.786791 0.309891
vt 0.855953 0.346768
vt 0.868607 0.351427
vt 0.842573 0.341465
vt 0.778874 0.316235
vt 0.826119 0.335684
vt 0.667101 0.472670
vt 0.678238 0.472262
vt 0.673944 0.481963
vt 0.828852 0.351402
vt 0.815358 0.344632
vt 0.862093 0.355137
vt 0.857514 0.357452
vt 0.838571 0.349475
vt 0.849876 0.354204
vt 0.796946 0.325672
vt 0.789281 0.327809
vt 0.875256 0.369182
vt 0.864969 0.364020
vt 0.799315 0.335469
vt 0.865219 0.378238
vt 0.837839 0.357259
vt 0.856689 0.367637
vt 0.834314 0.361834
vt 0.888346 0.379250
vt 0.878931 0.392882
vt 0.876293 0.382528
vt 0.846494 0.361226
vt 0.804901 0.346454
vt 0.793130 0.340015
vt 0.682175 0.480691
vt 0.678997 0.490475
vt 0.871628 0.388158
vt 0.857165 0.376075
vt 0.842519 0.366321
vt 0.850202 0.372093
vt 0.815153 0.352897
vt 0.821218 0.359355
vt 0.811641 0.359349
vt 0.795144 0.352842
vt 0.684485 0.474406
vt 0.679495 0.431890
vt 0.686274 0.428559
vt 0.686933 0.438867
vt 0.678056 0.460896
vt 0.685323 0.465560
vt 0.684953 0.448465
vt 0.690549 0.456692
vt 0.690300 0.479490
vt 0.839179 0.366842
vt 0.836067 0.368968
vt 0.822738 0.368411
vt 0.694790 0.434669
vt 0.694277 0.446197
vt 0.693222 0.465822
vt 0.855704 0.382259
vt 0.862006 0.388270
vt 0.829666 0.364574
vt 0.814618 0.367212
vt 0.690345 0.419228
vt 0.694818 0.408265
vt 0.704674 0.425197
vt 0.849943 0.392478
vt 0.842016 0.372387
vt 0.840582 0.379944
vt 0.703920 0.449549
vt 0.831810 0.375410
vt 0.869092 0.395019
vt 0.766703 0.495140
vt 0.750228 0.495810
vt 0.767803 0.482421
vt 0.712487 0.458507
vt 0.721202 0.447304
vt 0.720620 0.460660
vt 0.860658 0.396361
vt 0.815642 0.441046
vt 0.806895 0.463808
vt 0.792737 0.455018
vt 0.815205 0.378173
vt 0.772859 0.486363
vt 0.775430 0.488990
vt 0.847709 0.378354
vt 0.865979 0.405244
vt 0.854839 0.406106
vt 0.824556 0.381439
vt 0.801812 0.370300
vt 0.779644 0.363643
vt 0.784798 0.382927
vt 0.760475 0.379379
vt 0.702061 0.468064
vt 0.701229 0.483205
vt 0.832668 0.392865
vt 0.783406 0.481496
vt 0.793132 0.489972
vt 0.777961 0.493354
vt 0.817872 0.396936
vt 0.772840 0.398539
vt 0.713883 0.439795
vt 0.715085 0.448564
vt 0.775755 0.467287
vt 0.757886 0.473073
vt 0.711617 0.471464
vt 0.718024 0.469389
vt 0.716238 0.476234
vt 0.801041 0.392223
vt 0.723972 0.470370
vt 0.736048 0.447366
vt 0.737786 0.477655
vt 0.788244 0.395535
vt 0.794886 0.309285
vt 0.721069 0.427475
vt 0.818437 0.424362
vt 0.803820 0.429456
vt 0.814758 0.415192
vt 0.710812 0.482711
vt 0.825089 0.410009
vt 0.790353 0.412667
vt 0.768113 0.419209
vt 0.748666 0.402528
vt 0.761886 0.441732
vt 0.749646 0.425857
vt 0.806074 0.410005
vt 0.733816 0.418476
vt 0.782945 0.435285
vt 0.718344 0.488605
vt 0.794793 0.471610
vt 0.801205 0.479499
vt 0.726840 0.510163
vt 0.819400 0.492313
vt 0.816142 0.465765
vt 0.750988 0.458741
vt 0.882985 0.351595
vt 0.765455 0.457784
vt 0.777066 0.451997
vt 0.787879 0.469738
vt 0.795590 0.316347
vt 0.724464 0.413786
vt 0.687661 0.408397
vt 0.768061 0.505981
vt 0.756595 0.512364
vt 0.779688 0.222967
vt 0.784608 0.231369
vt 0.774781 0.240641
vt 0.792822 0.226347
vt 0.765305 0.234885
vt 0.730210 0.301983
vt 0.720510 0.301148
vt 0.724726 0.289613
vt 0.651644 0.362193
vt 0.659806 0.354827
vt 0.663367 0.364333
vt 0.664766 0.341704
vt 0.656580 0.346963
vt 0.656019 0.339982
vt 0.683519 0.345595
vt 0.678320 0.349442
vt 0.673978 0.344842
vt 0.667102 0.348251
vt 0.674720 0.351424
vt 0.670809 0.357892
vt 0.838287 0.266202
vt 0.823038 0.267591
vt 0.833549 0.262039
vt 0.752884 0.274092
vt 0.760153 0.277742
vt 0.755545 0.283142
vt 0.677363 0.337226
vt 0.667511 0.335702
vt 0.654181 0.331391
vt 0.718710 0.280481
vt 0.709972 0.289517
vt 0.733997 0.294598
vt 0.737182 0.301097
vt 0.826319 0.284835
vt 0.688170 0.333573
vt 0.818839 0.222769
vt 0.803730 0.220402
vt 0.804508 0.210528
vt 0.785682 0.271149
vt 0.794531 0.261193
vt 0.796852 0.273559
vt 0.828934 0.257643
vt 0.838227 0.255167
vt 0.838926 0.260932
vt 0.776702 0.274952
vt 0.777570 0.265492
vt 0.748490 0.312166
vt 0.742247 0.305441
vt 0.747803 0.302360
vt 0.724938 0.311727
vt 0.740897 0.295677
vt 0.681866 0.354409
vt 0.737792 0.312674
vt 0.709902 0.309278
vt 0.703355 0.327810
vt 0.794537 0.216787
vt 0.790101 0.206923
vt 0.718789 0.322556
vt 0.755951 0.309351
vt 0.752393 0.299994
vt 0.746940 0.294391
vt 0.764499 0.252277
vt 0.754541 0.260057
vt 0.754598 0.253067
vt 0.760658 0.299324
vt 0.756816 0.290216
vt 0.767536 0.286905
vt 0.742942 0.288792
vt 0.752292 0.294329
vt 0.749404 0.287228
vt 0.832140 0.244313
vt 0.831902 0.251349
vt 0.827184 0.244637
vt 0.767324 0.272879
vt 0.825696 0.238387
vt 0.820368 0.240021
vt 0.821767 0.233533
vt 0.813545 0.256339
vt 0.807919 0.267473
vt 0.792459 0.236598
vt 0.805765 0.229516
vt 0.809858 0.241823
vt 0.741609 0.282389
vt 0.737914 0.289248
vt 0.696250 0.347390
vt 0.784517 0.244544
vt 0.795268 0.248320
vt 0.778498 0.252955
vt 0.748701 0.279347
vt 0.650268 0.353402
vt 0.823441 0.249012
vt 0.814904 0.232976
vt 0.733156 0.284724
vt 0.743649 0.272937
vt 0.727540 0.277560
vt 0.735354 0.277410
vt 0.784588 0.281278
vt 0.759955 0.245319
vt 0.748907 0.255160
vt 0.744701 0.260697
vt 0.726584 0.265610
vt 0.750797 0.249733
vt 0.758002 0.268402
vt 0.749342 0.266669
vt 0.736599 0.267487
vt 0.743047 0.266204
vt 0.643412 0.347436
vt 0.846554 0.273035
vt 0.815205 0.214534
vt 0.766173 0.261582
vt 0.815187 0.207126
vt 0.844170 0.288358
vt 0.679870 0.362593
vt 0.581936 0.302618
vt 0.588184 0.301496
vt 0.538682 0.328993
vt 0.578210 0.308520
vt 0.586575 0.307797
vt 0.579492 0.312198
vt 0.573197 0.304719
vt 0.545469 0.324162
vt 0.568191 0.298715
vt 0.572744 0.314328
vt 0.581982 0.313870
vt 0.563447 0.307749
vt 0.555007 0.318592
vt 0.554280 0.328504
vt 0.552822 0.309000
vt 0.545738 0.330097
vt 0.545508 0.320234
vt 0.866489 0.279134
vt 0.807024 0.339759
vt 0.807916 0.332140
vt 0.795644 0.286771
vt 0.807378 0.290833
vt 0.797375 0.296868
vt 0.809811 0.317559
vt 0.804158 0.322045
vt 0.802405 0.312943
vt 0.818573 0.318136
vt 0.813252 0.325347
vt 0.825399 0.312256
vt 0.831864 0.303501
vt 0.821046 0.305011
vt 0.810647 0.278070
vt 0.788910 0.296353
vt 0.811434 0.309667
vt 0.813667 0.298499
vt 0.802524 0.302983
vt 0.790570 0.302748
vt 0.663866 0.516353
vt 0.672027 0.508557
vt 0.683266 0.510861
vt 0.705228 0.491476
vt 0.696559 0.496178
vt 0.689526 0.490166
vt 0.702355 0.505679
vt 0.683277 0.500940
vt 0.692060 0.503557
vt 0.656072 0.510940
vt 0.701420 0.497120
vt 0.685577 0.525593
vt 0.674923 0.520545
vt 0.703803 0.524843
vt 0.684480 0.542610
vt 0.672931 0.501737
vt 0.545290 0.385361
vt 0.544411 0.378244
vt 0.551690 0.378651
vt 0.574609 0.365717
vt 0.563801 0.365849
vt 0.568585 0.372145
vt 0.574710 0.371013
vt 0.577650 0.377426
vt 0.560059 0.374500
vt 0.555254 0.383051
vt 0.564880 0.380069
vt 0.551374 0.370717
vt 0.544904 0.372895
vt 0.559469 0.385954
vt 0.583809 0.386552
vt 0.564806 0.392197
vt 0.539692 0.367507
vt 0.535297 0.376793
vt 0.540171 0.397685
vt 0.525805 0.388589
vt 0.573739 0.402203
vt 0.527978 0.374820
vt 0.555668 0.407051
vt 0.545321 0.406465
vt 0.537377 0.424595
vt 0.561855 0.428432
vt 0.559085 0.456058
vt 0.730275 0.527424
vt 0.715915 0.531742
vt 0.744386 0.518846
vt 0.704700 0.537029
vt 0.767026 0.311832
vt 0.764628 0.318760
vt 0.781782 0.332514
vt 0.763557 0.333488
vt 0.760419 0.336274
vt 0.756344 0.328534
vt 0.768204 0.340819
vt 0.768337 0.330122
vt 0.788085 0.342260
vt 0.779477 0.345649
vt 0.761309 0.344129
vt 0.753236 0.338287
vt 0.768139 0.351509
vt 0.752415 0.350290
vt 0.760779 0.362579
vt 0.744685 0.364926
vt 0.725476 0.366643
vt 0.735552 0.350619
vt 0.735796 0.382553
vt 0.723254 0.353075
vt 0.726423 0.400584
vt 0.625795 0.424604
vt 0.616220 0.443317
vt 0.605607 0.429287
vt 0.719383 0.382425
vt 0.713302 0.372530
vt 0.712694 0.393506
vt 0.716961 0.408816
vt 0.621952 0.410570
vt 0.708128 0.380280
vt 0.674846 0.403950
vt 0.679515 0.400000
vt 0.682431 0.407898
vt 0.704573 0.368400
vt 0.703638 0.387589
vt 0.705168 0.403531
vt 0.713732 0.362613
vt 0.679260 0.418609
vt 0.669224 0.411524
vt 0.712476 0.416116
vt 0.700783 0.375860
vt 0.772245 0.322240
vt 0.586300 0.456400
vt 0.590011 0.475103
vt 0.696034 0.381024
vt 0.688998 0.375032
vt 0.689028 0.361747
vt 0.696034 0.369596
vt 0.694571 0.397305
vt 0.698070 0.390840
vt 0.636933 0.400578
vt 0.686058 0.397173
vt 0.690638 0.386284
vt 0.659434 0.405515
vt 0.664049 0.395905
vt 0.634398 0.412211
vt 0.640621 0.421034
vt 0.670640 0.425132
vt 0.660279 0.417955
vt 0.649301 0.411355
vt 0.679192 0.380843
vt 0.653119 0.425436
vt 0.675423 0.392934
vt 0.653047 0.397962
vt 0.668050 0.383553
vt 0.758624 0.320465
vt 0.754853 0.314475
vt 0.753204 0.318257
vt 0.701305 0.364438
vt 0.699674 0.360136
vt 0.705756 0.361253
vt 0.711014 0.351807
vt 0.745559 0.330929
vt 0.744473 0.340879
vt 0.746534 0.320337
vt 0.735073 0.336333
vt 0.737724 0.325067
vt 0.729945 0.320347
vt 0.728656 0.343846
vt 0.727559 0.329588
vt 0.714969 0.336723
vt 0.726035 0.337516
vt 0.720808 0.344436
vt 0.593121 0.509762
vt 0.618359 0.475057
vt 0.634733 0.481982
vt 0.632722 0.492065
vt 0.645609 0.501069
vt 0.821747 0.352898
vt 0.826218 0.357740
vt 0.644790 0.375657
vt 0.652734 0.378214
vt 0.649936 0.382917
vt 0.659280 0.385947
vt 0.654385 0.389909
vt 0.645778 0.390164
vt 0.642074 0.378552
vt 0.635192 0.381041
vt 0.635808 0.374741
vt 0.657500 0.392011
vt 0.635116 0.388759
vt 0.642109 0.383319
vt 0.638787 0.370570
vt 0.623130 0.374147
vt 0.628967 0.375662
vt 0.806550 0.201021
vt 0.802160 0.193770
vt 0.786075 0.192125
vt 0.781093 0.176221
vt 0.799774 0.170256
vt 0.875854 0.397641
vt 0.882586 0.399291
vt 0.886895 0.392716
vt 0.896401 0.398692
vt 0.901867 0.382971
vt 0.899621 0.351880
vt 0.905854 0.368235
vt 0.880625 0.298919
vt 0.889226 0.322550
vt 0.870181 0.292446
vt 0.664812 0.496136
vt 0.660781 0.487435
vt 0.651492 0.480645
vt 0.772176 0.301962
vt 0.781378 0.292584
vt 0.782090 0.303876
vt 0.874497 0.401689
vt 0.880733 0.400634
vt 0.884432 0.404209
vt 0.879838 0.406067
vt 0.644099 0.338570
vt 0.633561 0.342229
vt 0.626038 0.348875
vt 0.633358 0.347663
vt 0.631353 0.353925
vt 0.640435 0.357593
vt 0.641240 0.365134
vt 0.649069 0.370948
vt 0.682138 0.369505
vt 0.674997 0.367409
vt 0.659834 0.377221
vt 0.658034 0.369470
vt 0.667697 0.372561
vt 0.678605 0.441929
vt 0.671278 0.436240
vt 0.672306 0.450204
vt 0.667576 0.462493
vt 0.655338 0.465590
vt 0.648568 0.438447
vt 0.662634 0.441018
vt 0.662334 0.459476
vt 0.664329 0.429857
vt 0.668894 0.457115
vt 0.671001 0.443448
vt 0.639106 0.467964
vt 0.644139 0.452564
vt 0.659192 0.452483
vt 0.626063 0.455837
vt 0.633902 0.437817
vt 0.583016 0.784806
vt 0.573698 0.769617
vt 0.588230 0.768333
vt 0.569064 0.784447
vt 0.579596 0.803645
vt 0.590411 0.801156
vt 0.594261 0.785870
vt 0.601864 0.798898
vt 0.559754 0.780505
vt 0.563265 0.762370
vt 0.585793 0.812157
vt 0.579569 0.823435
vt 0.562294 0.801050
vt 0.552422 0.785971
vt 0.550163 0.802345
vt 0.552128 0.833939
vt 0.558013 0.818919
vt 0.595346 0.818377
vt 0.645465 0.636972
vt 0.650483 0.631356
vt 0.649259 0.638526
vt 0.647461 0.573270
vt 0.654852 0.563371
vt 0.650800 0.577468
vt 0.649398 0.586464
vt 0.655289 0.579543
vt 0.667703 0.625745
vt 0.659378 0.629906
vt 0.656492 0.625386
vt 0.663113 0.614763
vt 0.653651 0.598932
vt 0.657492 0.587639
vt 0.665826 0.597983
vt 0.640561 0.587850
vt 0.640396 0.573217
vt 0.654646 0.635425
vt 0.623113 0.580552
vt 0.626707 0.571457
vt 0.633346 0.575533
vt 0.655199 0.612685
vt 0.661180 0.636949
vt 0.648125 0.608771
vt 0.629956 0.587561
vt 0.653957 0.643158
vt 0.618063 0.584725
vt 0.616181 0.579713
vt 0.620615 0.592358
vt 0.612829 0.589695
vt 0.617579 0.571163
vt 0.615283 0.596481
vt 0.650334 0.624200
vt 0.643683 0.629427
vt 0.647980 0.619273
vt 0.641743 0.605797
vt 0.646777 0.597275
vt 0.629994 0.603063
vt 0.611683 0.600317
vt 0.617569 0.605574
vt 0.643157 0.616869
vt 0.646045 0.646742
vt 0.610632 0.607656
vt 0.607140 0.603593
vt 0.612979 0.615203
vt 0.641603 0.640376
vt 0.653534 0.654930
vt 0.604319 0.591332
vt 0.608006 0.577047
vt 0.604216 0.608235
vt 0.603231 0.600502
vt 0.609207 0.596373
vt 0.621625 0.613956
vt 0.616942 0.614558
vt 0.646147 0.662747
vt 0.653007 0.667377
vt 0.598449 0.585061
vt 0.636264 0.614489
vt 0.628191 0.621151
vt 0.601877 0.615132
vt 0.595189 0.614591
vt 0.601177 0.619687
vt 0.607027 0.616469
vt 0.605059 0.626242
vt 0.616980 0.622886
vt 0.638851 0.635390
vt 0.633951 0.632730
vt 0.638088 0.622818
vt 0.639864 0.647487
vt 0.637072 0.641215
vt 0.639736 0.657130
vt 0.645320 0.678614
vt 0.591468 0.600427
vt 0.660728 0.681489
vt 0.650862 0.691115
vt 0.596521 0.628014
vt 0.610334 0.622804
vt 0.635152 0.650499
vt 0.636559 0.669841
vt 0.641740 0.692817
vt 0.647946 0.703145
vt 0.640272 0.729617
vt 0.646234 0.722435
vt 0.653131 0.736395
vt 0.603021 0.635547
vt 0.610042 0.631277
vt 0.630237 0.642314
vt 0.633375 0.660355
vt 0.634094 0.684126
vt 0.578892 0.616619
vt 0.641260 0.720025
vt 0.644011 0.713331
vt 0.639730 0.705809
vt 0.583769 0.628211
vt 0.580854 0.632166
vt 0.578087 0.632061
vt 0.596105 0.638289
vt 0.620743 0.636274
vt 0.629705 0.657885
vt 0.629387 0.677952
vt 0.590507 0.635515
vt 0.583245 0.636335
vt 0.600232 0.645302
vt 0.608621 0.642102
vt 0.661826 0.647364
vt 0.623310 0.668884
vt 0.624350 0.687615
vt 0.577297 0.636043
vt 0.568883 0.633226
vt 0.628963 0.766094
vt 0.619097 0.786326
vt 0.618386 0.772431
vt 0.632716 0.699278
vt 0.589096 0.642802
vt 0.594830 0.645221
vt 0.637373 0.716891
vt 0.613922 0.648531
vt 0.665100 0.577027
vt 0.623927 0.651643
vt 0.578477 0.650169
vt 0.609137 0.774029
vt 0.611042 0.761464
vt 0.630228 0.711179
vt 0.618811 0.709338
vt 0.628198 0.726892
vt 0.622931 0.737076
vt 0.631500 0.739968
vt 0.592010 0.652966
vt 0.603651 0.655831
vt 0.613867 0.660063
vt 0.616118 0.682377
vt 0.604861 0.784313
vt 0.610935 0.693377
vt 0.652474 0.715563
vt 0.612456 0.733071
vt 0.603308 0.677009
vt 0.621978 0.749350
vt 0.603750 0.765879
vt 0.598637 0.773299
vt 0.607228 0.748285
vt 0.604512 0.706575
vt 0.570759 0.662545
vt 0.571617 0.655977
vt 0.598510 0.697298
vt 0.599633 0.758979
vt 0.605765 0.718866
vt 0.575724 0.665376
vt 0.596005 0.705998
vt 0.599962 0.748099
vt 0.601640 0.740326
vt 0.595048 0.714845
vt 0.586629 0.692020
vt 0.593255 0.747961
vt 0.597905 0.729381
vt 0.551440 0.768096
vt 0.556527 0.769812
vt 0.555359 0.776044
vt 0.589243 0.704270
vt 0.582254 0.668535
vt 0.569189 0.674878
vt 0.585366 0.679643
vt 0.573091 0.689052
vt 0.576706 0.678772
vt 0.576965 0.702724
vt 0.579041 0.751937
vt 0.584031 0.712877
vt 0.586062 0.735596
vt 0.585523 0.722709
vt 0.574518 0.731376
vt 0.573719 0.716347
vt 0.593300 0.667955
vt 0.553493 0.754484
vt 0.565199 0.744703
vt 0.562885 0.703016
vt 0.558676 0.688654
vt 0.556492 0.721922
vt 0.548272 0.744393
vt 0.719294 0.763540
vt 0.731549 0.766837
vt 0.724003 0.773771
vt 0.727189 0.758530
vt 0.737859 0.777722
vt 0.740946 0.756052
vt 0.736436 0.684352
vt 0.741584 0.669985
vt 0.753569 0.687151
vt 0.728593 0.676003
vt 0.763161 0.781636
vt 0.771666 0.785748
vt 0.753670 0.783925
vt 0.733188 0.718465
vt 0.743497 0.711251
vt 0.741642 0.720889
vt 0.737798 0.787944
vt 0.749931 0.774465
vt 0.754215 0.764988
vt 0.764324 0.774923
vt 0.742648 0.768881
vt 0.726704 0.750157
vt 0.764173 0.746973
vt 0.735260 0.740614
vt 0.748253 0.742116
vt 0.749349 0.718802
vt 0.755221 0.728675
vt 0.745792 0.726573
vt 0.748376 0.701111
vt 0.742090 0.694149
vt 0.759815 0.709675
vt 0.756354 0.668119
vt 0.769793 0.673815
vt 0.737156 0.728273
vt 0.744944 0.733731
vt 0.734955 0.709448
vt 0.738981 0.703062
vt 0.770023 0.692538
vt 0.730638 0.694599
vt 0.838212 0.803876
vt 0.845586 0.796591
vt 0.845794 0.808515
vt 0.793302 0.880526
vt 0.786386 0.896866
vt 0.771309 0.887763
vt 0.850829 0.798941
vt 0.857287 0.787840
vt 0.853009 0.809409
vt 0.848015 0.824959
vt 0.837689 0.821269
vt 0.858540 0.798527
vt 0.796005 0.909622
vt 0.772193 0.907765
vt 0.839320 0.843249
vt 0.826948 0.830812
vt 0.874562 0.782089
vt 0.757242 0.901244
vt 0.758685 0.917360
vt 0.775628 0.927980
vt 0.802664 0.892413
vt 0.813842 0.895856
vt 0.740881 0.914946
vt 0.840407 0.860300
vt 0.825494 0.867529
vt 0.822258 0.905394
vt 0.784796 0.943610
vt 0.757088 0.948440
vt 0.858980 0.818097
vt 0.867329 0.802855
vt 0.879296 0.829136
vt 0.750737 0.930004
vt 0.690664 0.933966
vt 0.684836 0.909909
vt 0.708839 0.902116
vt 0.801690 0.943825
vt 0.792439 0.964054
vt 0.891344 0.800014
vt 0.728024 0.939166
vt 0.718985 0.919521
vt 0.667619 0.927564
vt 0.661656 0.914234
vt 0.778614 0.954259
vt 0.766494 0.960018
vt 0.809358 0.877320
vt 0.816492 0.882919
vt 0.832764 0.884769
vt 0.853323 0.902816
vt 0.644561 0.932415
vt 0.660620 0.944456
vt 0.645371 0.943764
vt 0.673773 0.955945
vt 0.732235 0.955076
vt 0.749968 0.966276
vt 0.650252 0.963286
vt 0.636357 0.948850
vt 0.617002 0.944912
vt 0.636798 0.910075
vt 0.699204 0.962178
vt 0.726051 0.966051
vt 0.755158 0.975081
vt 0.595038 0.943550
vt 0.861507 0.847851
vt 0.834453 0.869622
vt 0.817228 0.939265
vt 0.803544 0.928083
vt 0.659210 0.981123
vt 0.639291 0.982021
vt 0.623944 0.966543
vt 0.685379 0.992665
vt 0.674857 0.973571
vt 0.711529 0.979115
vt 0.592932 0.962180
vt 0.579497 0.945183
vt 0.631375 0.996310
vt 0.543092 0.953559
vt 0.828514 0.815685
vt 0.853004 0.872691
vt 0.659713 0.993077
vt 0.650671 0.988037
vt 0.607677 0.979595
vt 0.603730 0.999209
vt 0.582000 0.978356
vt 0.565064 0.993588
vt 0.660050 0.893568
vt 0.888932 0.867561
vt 0.825343 0.919879
vt 0.916767 0.776506
vt 0.589111 0.893579
vt 0.600058 0.904162
vt 0.592977 0.904407
vt 0.587480 0.921434
vt 0.794039 0.832304
vt 0.797328 0.835868
vt 0.790386 0.843731
vt 0.781236 0.840815
vt 0.784242 0.825970
vt 0.820831 0.824692
vt 0.820781 0.815791
vt 0.808672 0.830576
vt 0.769214 0.817674
vt 0.790552 0.809071
vt 0.805948 0.816831
vt 0.776498 0.799877
vt 0.794085 0.793493
vt 0.830714 0.805801
vt 0.808779 0.797611
vt 0.807392 0.781969
vt 0.837553 0.798366
vt 0.826270 0.797533
vt 0.821449 0.782699
vt 0.819112 0.775129
vt 0.843462 0.789108
vt 0.828364 0.769707
vt 0.864930 0.725025
vt 0.848216 0.721761
vt 0.859576 0.705734
vt 0.850255 0.780746
vt 0.839275 0.779050
vt 0.858598 0.774385
vt 0.853911 0.775354
vt 0.842886 0.759944
vt 0.852680 0.767674
vt 0.831597 0.723246
vt 0.829218 0.732658
vt 0.823807 0.725787
vt 0.861885 0.768375
vt 0.832315 0.754531
vt 0.815423 0.766712
vt 0.819915 0.748903
vt 0.836311 0.737215
vt 0.889496 0.702549
vt 0.882109 0.697152
vt 0.888517 0.686074
vt 0.905138 0.714970
vt 0.883673 0.738957
vt 0.879386 0.720937
vt 0.837315 0.724816
vt 0.847767 0.740911
vt 0.856262 0.691402
vt 0.866157 0.673320
vt 0.868850 0.690685
vt 0.858970 0.748615
vt 0.837777 0.714954
vt 0.830715 0.709625
vt 0.838426 0.704436
vt 0.865651 0.749345
vt 0.868428 0.742079
vt 0.820093 0.737143
vt 0.873442 0.743412
vt 0.870339 0.746835
vt 0.871674 0.741770
vt 0.877405 0.753610
vt 0.872970 0.764970
vt 0.864989 0.758308
vt 0.868149 0.735123
vt 0.844656 0.692910
vt 0.847833 0.704168
vt 0.873514 0.727463
vt 0.882969 0.684910
vt 0.852196 0.681098
vt 0.903540 0.740482
vt 0.882535 0.676763
vt 0.873284 0.706119
vt 0.877366 0.691210
vt 0.883321 0.707030
vt 0.879844 0.703233
vt 0.880838 0.711426
vt 0.865185 0.584267
vt 0.869966 0.577162
vt 0.873156 0.585488
vt 0.856490 0.628514
vt 0.862933 0.633318
vt 0.853153 0.642233
vt 0.832085 0.689735
vt 0.828721 0.701832
vt 0.822038 0.691460
vt 0.832557 0.703628
vt 0.835725 0.697647
vt 0.832058 0.674293
vt 0.837810 0.689862
vt 0.839026 0.682350
vt 0.841974 0.670337
vt 0.839612 0.676624
vt 0.843312 0.685401
vt 0.841690 0.654355
vt 0.847935 0.665975
vt 0.845908 0.676550
vt 0.854261 0.656258
vt 0.833403 0.630908
vt 0.823242 0.650567
vt 0.854993 0.669164
vt 0.818713 0.626889
vt 0.821964 0.606987
vt 0.844705 0.638678
vt 0.863788 0.649193
vt 0.861371 0.643716
vt 0.863954 0.658297
vt 0.866311 0.638476
vt 0.849658 0.632396
vt 0.819776 0.712030
vt 0.843719 0.625005
vt 0.872305 0.644126
vt 0.873836 0.654946
vt 0.882917 0.657412
vt 0.850025 0.620076
vt 0.870371 0.627194
vt 0.868771 0.639796
vt 0.848241 0.604101
vt 0.845068 0.614757
vt 0.837345 0.608693
vt 0.862360 0.619627
vt 0.856721 0.613698
vt 0.878255 0.624663
vt 0.874222 0.612607
vt 0.868194 0.620345
vt 0.861823 0.608731
vt 0.863178 0.613508
vt 0.861017 0.613723
vt 0.866665 0.610854
vt 0.885279 0.633530
vt 0.908975 0.563888
vt 0.892823 0.573604
vt 0.907931 0.555839
vt 0.857308 0.599740
vt 0.864960 0.598374
vt 0.871682 0.602860
vt 0.878021 0.599538
vt 0.884523 0.607405
vt 0.889645 0.617149
vt 0.852085 0.585068
vt 0.870883 0.593981
vt 0.895437 0.605051
vt 0.876380 0.592570
vt 0.878635 0.580420
vt 0.878153 0.587885
vt 0.887012 0.590967
vt 0.859995 0.590014
vt 0.858598 0.582300
vt 0.858263 0.571131
vt 0.899465 0.583272
vt 0.866107 0.572968
vt 0.872268 0.569243
vt 0.880331 0.570036
vt 0.867590 0.561428
vt 0.861856 0.559514
vt 0.867181 0.553429
vt 0.864770 0.566801
vt 0.875525 0.558891
vt 0.884667 0.564233
vt 0.891557 0.556485
vt 0.882458 0.554870
vt 0.854076 0.555770
vt 0.860355 0.547079
vt 0.652116 0.777945
vt 0.639259 0.779491
vt 0.646532 0.773181
vt 0.643920 0.766875
vt 0.647516 0.748842
vt 0.651262 0.757065
vt 0.642782 0.755876
vt 0.642426 0.744386
vt 0.651512 0.768399
vt 0.634851 0.751684
vt 0.578559 0.940850
vt 0.690619 0.655134
vt 0.699553 0.652545
vt 0.697013 0.666200
vt 0.710979 0.654106
vt 0.692042 0.558215
vt 0.693011 0.551682
vt 0.702034 0.551181
vt 0.693407 0.565206
vt 0.683025 0.564885
vt 0.684021 0.558404
vt 0.778881 0.652044
vt 0.765698 0.656569
vt 0.702850 0.569194
vt 0.671101 0.552149
vt 0.768581 0.642046
vt 0.779101 0.632541
vt 0.712483 0.558118
vt 0.717093 0.535652
vt 0.679929 0.573257
vt 0.765554 0.622734
vt 0.750189 0.645803
vt 0.786391 0.611785
vt 0.692389 0.574964
vt 0.697860 0.579934
vt 0.691696 0.583693
vt 0.713877 0.572263
vt 0.723511 0.555883
vt 0.729095 0.540578
vt 0.739197 0.543350
vt 0.758749 0.520007
vt 0.778008 0.528177
vt 0.750170 0.567349
vt 0.679874 0.583069
vt 0.686944 0.578216
vt 0.684649 0.584057
vt 0.688005 0.589965
vt 0.770035 0.568628
vt 0.774556 0.593295
vt 0.759285 0.588250
vt 0.715061 0.601837
vt 0.731647 0.593357
vt 0.727495 0.613520
vt 0.692006 0.590454
vt 0.757428 0.605808
vt 0.697989 0.856880
vt 0.671780 0.864741
vt 0.681119 0.851240
vt 0.709831 0.587849
vt 0.704442 0.580214
vt 0.700605 0.776009
vt 0.694869 0.793834
vt 0.683914 0.782737
vt 0.725799 0.576430
vt 0.601559 0.872860
vt 0.607821 0.865595
vt 0.613096 0.874716
vt 0.690147 0.598448
vt 0.683264 0.595069
vt 0.695446 0.601179
vt 0.697797 0.590858
vt 0.701658 0.601688
vt 0.691945 0.613317
vt 0.743991 0.600475
vt 0.682703 0.606610
vt 0.674487 0.637241
vt 0.744641 0.621514
vt 0.724803 0.636908
vt 0.711901 0.621888
vt 0.672375 0.610523
vt 0.676368 0.600321
vt 0.680154 0.617517
vt 0.661072 0.824789
vt 0.656507 0.839067
vt 0.642176 0.825570
vt 0.605910 0.832873
vt 0.612817 0.813834
vt 0.685082 0.621853
vt 0.735897 0.797646
vt 0.746844 0.792957
vt 0.703873 0.614210
vt 0.699132 0.626352
vt 0.611530 0.901936
vt 0.610961 0.897996
vt 0.627651 0.900183
vt 0.705000 0.640003
vt 0.673027 0.584121
vt 0.687573 0.629679
vt 0.728233 0.656250
vt 0.678916 0.626856
vt 0.695098 0.636807
vt 0.616732 0.915094
vt 0.603079 0.916260
vt 0.695229 0.645781
vt 0.712621 0.851374
vt 0.704856 0.847696
vt 0.711289 0.842114
vt 0.685252 0.645053
vt 0.701412 0.839771
vt 0.707262 0.843629
vt 0.708129 0.667662
vt 0.672223 0.652199
vt 0.701583 0.678015
vt 0.678344 0.590398
vt 0.691479 0.678046
vt 0.688923 0.672157
vt 0.661587 0.662451
vt 0.681183 0.657401
vt 0.627234 0.879914
vt 0.655528 0.879902
vt 0.638614 0.889187
vt 0.684587 0.668506
vt 0.760375 0.795203
vt 0.580835 0.886033
vt 0.566232 0.874928
vt 0.576942 0.875583
vt 0.715807 0.675936
vt 0.709222 0.689406
vt 0.698005 0.829016
vt 0.672365 0.667449
vt 0.686309 0.677647
vt 0.679572 0.816163
vt 0.688820 0.817915
vt 0.598274 0.879064
vt 0.606946 0.881495
vt 0.607858 0.890325
vt 0.718501 0.696700
vt 0.709392 0.704341
vt 0.693522 0.689909
vt 0.686176 0.683325
vt 0.678364 0.686210
vt 0.648411 0.796891
vt 0.639875 0.806427
vt 0.636464 0.792007
vt 0.700617 0.700568
vt 0.701677 0.712990
vt 0.694139 0.703670
vt 0.601487 0.846701
vt 0.588208 0.845958
vt 0.585993 0.835242
vt 0.628020 0.803651
vt 0.748454 0.802502
vt 0.752264 0.812713
vt 0.735931 0.810587
vt 0.686159 0.700201
vt 0.668054 0.694265
vt 0.690238 0.712324
vt 0.658945 0.702287
vt 0.697292 0.726726
vt 0.685549 0.721568
vt 0.573131 0.844423
vt 0.539814 0.868587
vt 0.717752 0.664296
vt 0.731862 0.826472
vt 0.717371 0.830111
vt 0.718139 0.810161
vt 0.629168 0.855274
vt 0.644805 0.848624
vt 0.638584 0.866557
vt 0.676587 0.723909
vt 0.676909 0.707829
vt 0.698330 0.739510
vt 0.686058 0.737127
vt 0.701492 0.808122
vt 0.708488 0.797550
vt 0.691239 0.749134
vt 0.664363 0.720855
vt 0.669943 0.738034
vt 0.661404 0.753962
vt 0.657294 0.851658
vt 0.578733 0.861963
vt 0.583862 0.875029
vt 0.706306 0.819084
vt 0.697211 0.818068
vt 0.761198 0.805369
vt 0.630132 0.839992
vt 0.615334 0.853681
vt 0.690723 0.812350
vt 0.593738 0.885495
vt 0.598372 0.889416
vt 0.676617 0.754853
vt 0.699908 0.843639
vt 0.664469 0.855340
vt 0.651002 0.858899
vt 0.676764 0.800377
vt 0.662022 0.807450
vt 0.664481 0.794280
vt 0.655528 0.790150
vt 0.687445 0.805745
vt 0.710971 0.714958
vt 0.718542 0.708565
vt 0.692899 0.837751
vt 0.599285 0.866084
vt 0.590777 0.871997
vt 0.628867 0.818937
vt 0.634701 0.896059
vt 0.642322 0.897999
vt 0.684114 0.588385
vt 0.749307 0.826626
vt 0.684506 0.811397
vt 0.645510 0.785960
vt 0.661633 0.768855
vt 0.655557 0.763110
vt 0.624473 0.894728
vt 0.603163 0.858639
vt 0.655692 0.865867
vt 0.649475 0.811972
vt 0.617806 0.835773
vt 0.670910 0.788066
vt 0.620544 0.866507
vt 0.661871 0.847748
vt 0.694010 0.846786
vt 0.564784 0.885020
vt 0.594676 0.858729
vt 0.681766 0.840323
vt 0.669889 0.844593
vt 0.673467 0.773992
vt 0.670310 0.819040
vt 0.678926 0.828845
vt 0.617046 0.883338
vt 0.669794 0.834608
vt 0.662488 0.782551
vt 0.585116 0.858065
vt 0.754346 0.882024
vt 0.751977 0.865254
vt 0.764632 0.870121
vt 0.759810 0.859071
vt 0.770051 0.858158
vt 0.783725 0.844546
vt 0.772253 0.848704
vt 0.781857 0.852043
vt 0.778692 0.868574
vt 0.803342 0.838001
vt 0.794504 0.857169
vt 0.798773 0.843066
vt 0.816381 0.834060
vt 0.808722 0.844475
vt 0.809529 0.862720
vt 0.822183 0.846005
vt 0.899627 0.555181
vt 0.752265 0.854122
vt 0.742558 0.847908
vt 0.754685 0.845936
vt 0.734596 0.844308
vt 0.727962 0.845385
vt 0.729474 0.838168
vt 0.729161 0.903128
vt 0.723360 0.891250
vt 0.732816 0.888672
vt 0.730171 0.851029
vt 0.742759 0.893446
vt 0.717644 0.880881
vt 0.726408 0.870277
vt 0.727281 0.880499
vt 0.738871 0.874593
vt 0.720382 0.862364
vt 0.708561 0.869933
vt 0.714527 0.858102
vt 0.736371 0.853694
vt 0.731665 0.861281
vt 0.721458 0.850889
vt 0.765779 0.837624
vt 0.717861 0.846521
vt 0.741869 0.858268
vt 0.722187 0.842228
vt 0.739933 0.837353
vt 0.762331 0.850046
vt 0.750599 0.839504
vt 0.678698 0.897149
vt 0.691432 0.888680
vt 0.680816 0.885530
vt 0.696952 0.879770
vt 0.679119 0.878108
vt 0.704360 0.887267
vt 0.707807 0.859654
vt 0.692946 0.868042
vt 0.792579 0.703671
vt 0.785190 0.690432
vt 0.795468 0.692423
vt 0.802233 0.717193
vt 0.806162 0.693668
vt 0.795102 0.680817
vt 0.804156 0.674537
vt 0.795940 0.666629
vt 0.804860 0.655119
vt 0.815724 0.672401
vt 0.793488 0.636078
vt 0.808597 0.636104
vt 0.804405 0.615000
vt 0.807431 0.589411
vt 0.797212 0.599995
vt 0.792065 0.586871
vt 0.823276 0.585141
vt 0.803469 0.569665
vt 0.792006 0.554390
vt 0.828507 0.542468
vt 0.816451 0.567367
vt 0.810517 0.549709
vt 0.818559 0.509688
vt 0.800289 0.498333
vt 0.778918 0.706363
vt 0.787084 0.721720
vt 0.688918 0.894521
vt 0.696325 0.896102
vt 0.843221 0.562029
vt 0.837898 0.586367
vt 0.829489 0.568055
vt 0.829961 0.595797
vt 0.840882 0.538714
vt 0.850484 0.529721
vt 0.702524 0.734805
vt 0.723630 0.685651
vt 0.730780 0.702902
vt 0.724060 0.702081
vt 0.726073 0.710338
vt 0.719887 0.718355
vt 0.724652 0.730372
vt 0.723020 0.741674
vt 0.713685 0.737059
vt 0.710394 0.725086
vt 0.717098 0.747300
vt 0.709007 0.770707
vt 0.703293 0.765771
vt 0.706134 0.732711
vt 0.718848 0.755268
vt 0.709703 0.746225
vt 0.702627 0.756505
vt 0.708889 0.753560
vt 0.710584 0.762096
vt 0.698548 0.750718
vt 0.702091 0.744323
vt 0.705055 0.740161
vt 0.713606 0.757402
vt 0.712954 0.751328
vt 0.715940 0.769953
vt 0.715287 0.778562
vt 0.704827 0.747885
vt 0.692886 0.763968
vt 0.784451 0.791051
vt 0.790624 0.781923
vt 0.802201 0.773003
vt 0.804577 0.762938
vt 0.790982 0.770095
vt 0.773043 0.756780
vt 0.782793 0.750876
vt 0.779753 0.764145
vt 0.778245 0.775271
vt 0.791521 0.655846
vt 0.784453 0.672133
vt 0.793689 0.758717
vt 0.772078 0.770024
vt 0.767132 0.763900
vt 0.776986 0.682505
vt 0.805540 0.753665
vt 0.771419 0.725782
vt 0.780089 0.736704
vt 0.793976 0.734765
vt 0.726519 0.667004
vt 0.829124 0.717292
vt 0.811526 0.744652
vt 0.799926 0.746721
vt 0.810829 0.732530
vt 0.873730 0.736529
vt 0.876304 0.729801
vt 0.727548 0.782520
vt 0.726234 0.801557
vt 0.717387 0.797238
vt 0.723691 0.790653
vt 0.910112 0.574414
vt 0.892519 0.642074
vt 0.902874 0.603558
vt 0.898349 0.618487
vt 0.897900 0.628821
vt 0.906336 0.632828
vt 0.906587 0.614493
vt 0.905980 0.620244
vt 0.909632 0.603872
vt 0.889052 0.677656
vt 0.896934 0.692806
vt 0.891014 0.671716
vt 0.892038 0.654022
vt 0.891645 0.663059
vt 0.893435 0.679081
vt 0.898760 0.655428
vt 0.896552 0.649385
vt 0.897454 0.667970
vt 0.904278 0.655411
vt 0.899001 0.644328
vt 0.710515 0.788473
vt 0.162444 0.623678
vt 0.162444 0.600837
vt 0.179674 0.616450
vt 0.226852 0.647775
vt 0.239528 0.645213
vt 0.235192 0.656416
vt 0.189199 0.597106
vt 0.208766 0.602617
vt 0.208898 0.613498
vt 0.255093 0.619936
vt 0.251204 0.635666
vt 0.239692 0.626245
vt 0.235963 0.676924
vt 0.241218 0.666531
vt 0.253509 0.675453
vt 0.196842 0.642957
vt 0.204955 0.657777
vt 0.191734 0.661642
vt 0.215139 0.636990
vt 0.212950 0.650448
vt 0.224953 0.657496
vt 0.226651 0.662361
vt 0.220036 0.666782
vt 0.219122 0.601665
vt 0.199841 0.589193
vt 0.233361 0.636601
vt 0.222023 0.625251
vt 0.188882 0.609631
vt 0.245603 0.692083
vt 0.206245 0.670396
vt 0.182599 0.656038
vt 0.170177 0.657516
vt 0.176405 0.640759
vt 0.231043 0.666157
vt 0.251891 0.654681
vt 0.201407 0.623930
vt 0.240228 0.616427
vt 0.184141 0.628674
vt 0.227983 0.617175
vt 0.222375 0.610372
vt 0.169693 0.685282
vt 0.162924 0.577606
vt 0.162593 0.635933
vt 0.171091 0.645690
vt 0.168015 0.641293
vt 0.469360 0.453735
vt 0.472819 0.473266
vt 0.453950 0.471064
vt 0.533643 0.493851
vt 0.548280 0.484017
vt 0.547283 0.496995
vt 0.553380 0.713160
vt 0.526165 0.683565
vt 0.535543 0.678784
vt 0.557484 0.670168
vt 0.530116 0.661773
vt 0.537468 0.654339
vt 0.531262 0.643954
vt 0.542851 0.635667
vt 0.553237 0.510530
vt 0.561205 0.557521
vt 0.539617 0.523568
vt 0.561082 0.527530
vt 0.511157 0.695321
vt 0.538256 0.615146
vt 0.559356 0.601200
vt 0.518800 0.476195
vt 0.532567 0.469326
vt 0.545013 0.570432
vt 0.537206 0.583718
vt 0.509383 0.665414
vt 0.527844 0.627309
vt 0.517415 0.640016
vt 0.523984 0.452481
vt 0.526468 0.440651
vt 0.537607 0.451677
vt 0.505807 0.460969
vt 0.504956 0.479181
vt 0.518515 0.460317
vt 0.513218 0.500271
vt 0.534677 0.548363
vt 0.513200 0.524007
vt 0.492842 0.678143
vt 0.527691 0.591597
vt 0.526414 0.577384
vt 0.511845 0.439613
vt 0.525907 0.418057
vt 0.539983 0.433361
vt 0.499104 0.531943
vt 0.513311 0.547820
vt 0.523757 0.570754
vt 0.519216 0.567515
vt 0.526960 0.571379
vt 0.529245 0.563372
vt 0.487255 0.655048
vt 0.517798 0.622801
vt 0.523535 0.609245
vt 0.507848 0.616783
vt 0.492361 0.506060
vt 0.501167 0.638076
vt 0.495541 0.412366
vt 0.489438 0.445616
vt 0.510846 0.589127
vt 0.484121 0.612818
vt 0.500928 0.564666
vt 0.496736 0.431622
vt 0.491489 0.519961
vt 0.471519 0.515449
vt 0.466973 0.647472
vt 0.492729 0.583180
vt 0.444890 0.648146
vt 0.455001 0.625093
vt 0.428124 0.642901
vt 0.428601 0.634481
vt 0.431964 0.634597
vt 0.535386 0.600560
vt 0.477577 0.428419
vt 0.489316 0.465549
vt 0.455835 0.361274
vt 0.480421 0.371138
vt 0.471837 0.389950
vt 0.490197 0.545460
vt 0.474754 0.571608
vt 0.475338 0.499328
vt 0.433358 0.663609
vt 0.421080 0.657413
vt 0.422155 0.626845
vt 0.436693 0.621895
vt 0.467778 0.410079
vt 0.464574 0.486901
vt 0.487460 0.486945
vt 0.424018 0.361274
vt 0.425733 0.387458
vt 0.467892 0.538030
vt 0.457391 0.525132
vt 0.485139 0.528031
vt 0.456260 0.599402
vt 0.444638 0.612427
vt 0.447886 0.515801
vt 0.459845 0.502293
vt 0.447696 0.398744
vt 0.455323 0.423197
vt 0.473188 0.440513
vt 0.463350 0.438114
vt 0.445089 0.535543
vt 0.434402 0.600000
vt 0.441092 0.495468
vt 0.413166 0.421589
vt 0.386762 0.419901
vt 0.411146 0.409161
vt 0.357930 0.447711
vt 0.339753 0.433654
vt 0.361822 0.431737
vt 0.410853 0.443722
vt 0.380986 0.438635
vt 0.426613 0.408126
vt 0.315911 0.454732
vt 0.309490 0.444134
vt 0.327745 0.444956
vt 0.452600 0.553668
vt 0.329540 0.381524
vt 0.347675 0.370053
vt 0.339517 0.390118
vt 0.428802 0.516594
vt 0.423606 0.609606
vt 0.411369 0.606815
vt 0.290232 0.449901
vt 0.307195 0.426564
vt 0.445017 0.445953
vt 0.433154 0.424048
vt 0.376768 0.580996
vt 0.370742 0.596094
vt 0.362527 0.581023
vt 0.431064 0.555618
vt 0.444697 0.576259
vt 0.334580 0.364749
vt 0.424936 0.535898
vt 0.423806 0.502359
vt 0.403353 0.621797
vt 0.362492 0.613606
vt 0.335373 0.620752
vt 0.340141 0.593327
vt 0.396099 0.597976
vt 0.408828 0.589962
vt 0.430049 0.468806
vt 0.331811 0.408073
vt 0.351214 0.419001
vt 0.301522 0.545510
vt 0.283126 0.569032
vt 0.272704 0.543328
vt 0.419040 0.596655
vt 0.420333 0.577715
vt 0.416250 0.511761
vt 0.515217 0.725932
vt 0.420740 0.487761
vt 0.517994 0.488208
vt 0.490543 0.695354
vt 0.493048 0.712240
vt 0.325928 0.537153
vt 0.329769 0.555125
vt 0.401037 0.512801
vt 0.388160 0.530350
vt 0.385952 0.515170
vt 0.281445 0.486956
vt 0.297096 0.492491
vt 0.289301 0.505048
vt 0.434111 0.527414
vt 0.495690 0.381935
vt 0.515500 0.398369
vt 0.409205 0.542009
vt 0.417546 0.548135
vt 0.180947 0.428227
vt 0.197539 0.407416
vt 0.243364 0.439244
vt 0.308296 0.523219
vt 0.313814 0.361274
vt 0.411519 0.558487
vt 0.413141 0.501370
vt 0.408115 0.469848
vt 0.342346 0.469115
vt 0.404298 0.489952
vt 0.352994 0.397118
vt 0.370600 0.398383
vt 0.364691 0.382437
vt 0.274486 0.507286
vt 0.262920 0.485945
vt 0.224240 0.494080
vt 0.190783 0.481179
vt 0.207846 0.471548
vt 0.399929 0.575102
vt 0.371141 0.624456
vt 0.378249 0.619942
vt 0.378304 0.632495
vt 0.310349 0.392077
vt 0.285988 0.361274
vt 0.294547 0.379701
vt 0.249757 0.535980
vt 0.228231 0.540130
vt 0.231045 0.516191
vt 0.391565 0.552053
vt 0.412647 0.525763
vt 0.400382 0.532411
vt 0.388965 0.582496
vt 0.383859 0.593871
vt 0.360645 0.633458
vt 0.385991 0.570190
vt 0.326067 0.397535
vt 0.368927 0.488120
vt 0.348881 0.491410
vt 0.388044 0.455296
vt 0.242006 0.415730
vt 0.274796 0.395155
vt 0.255100 0.361276
vt 0.388459 0.497586
vt 0.375450 0.508575
vt 0.369794 0.518343
vt 0.362021 0.507809
vt 0.378502 0.608519
vt 0.311351 0.406385
vt 0.299911 0.508137
vt 0.297227 0.517637
vt 0.251219 0.503142
vt 0.389690 0.476421
vt 0.376324 0.524593
vt 0.372863 0.541715
vt 0.231348 0.479752
vt 0.489893 0.734036
vt 0.350312 0.546408
vt 0.346119 0.569638
vt 0.370994 0.563486
vt 0.193532 0.361274
vt 0.230389 0.397079
vt 0.314007 0.469012
vt 0.311922 0.487889
vt 0.293919 0.473912
vt 0.269978 0.465445
vt 0.187784 0.383809
vt 0.560523 0.633808
vt 0.260454 0.524431
vt 0.370053 0.465424
vt 0.317148 0.606282
vt 0.318784 0.571478
vt 0.307865 0.589813
vt 0.271103 0.428567
vt 0.266183 0.411456
vt 0.338436 0.524361
vt 0.359435 0.525229
vt 0.197022 0.495364
vt 0.556026 0.499130
vt 0.326457 0.504895
vt 0.310718 0.505247
vt 0.221465 0.457986
vt 0.245787 0.467553
vt 0.413594 0.640108
vt 0.344612 0.508305
vt 0.322182 0.519606
vt 0.287528 0.518028
vt 0.181688 0.460893
vt 0.192263 0.452639
vt 0.330438 0.488387
vt 0.255788 0.552470
vt 0.188071 0.512381
vt 0.547497 0.464876
vt 0.477265 0.686258
vt 0.282941 0.529153
vt 0.295514 0.527686
vt 0.380376 0.653416
vt 0.386785 0.648055
vt 0.392036 0.655443
vt 0.277776 0.678125
vt 0.274189 0.669297
vt 0.282924 0.663872
vt 0.306078 0.792908
vt 0.312900 0.781831
vt 0.313852 0.795413
vt 0.414596 0.662654
vt 0.421857 0.669878
vt 0.414164 0.670599
vt 0.386616 0.603090
vt 0.381110 0.601689
vt 0.406038 0.651356
vt 0.406828 0.673435
vt 0.403653 0.662844
vt 0.389422 0.613926
vt 0.407036 0.688487
vt 0.414737 0.679289
vt 0.395307 0.665929
vt 0.325992 0.853949
vt 0.337080 0.853483
vt 0.325104 0.866174
vt 0.395463 0.676611
vt 0.399952 0.638440
vt 0.395020 0.646475
vt 0.317885 0.860774
vt 0.314622 0.873555
vt 0.354419 0.798370
vt 0.347776 0.806633
vt 0.349242 0.798117
vt 0.394168 0.688889
vt 0.389486 0.669436
vt 0.386318 0.664405
vt 0.390207 0.628121
vt 0.387602 0.639945
vt 0.320922 0.849773
vt 0.329033 0.841200
vt 0.309895 0.887220
vt 0.304100 0.875620
vt 0.328767 0.826535
vt 0.336976 0.829541
vt 0.346202 0.802462
vt 0.352525 0.789600
vt 0.384554 0.674353
vt 0.379597 0.659834
vt 0.313611 0.853774
vt 0.323690 0.833320
vt 0.318508 0.840999
vt 0.225515 0.592590
vt 0.211329 0.582579
vt 0.229737 0.580140
vt 0.347972 0.815703
vt 0.342975 0.813560
vt 0.335231 0.814716
vt 0.342699 0.822128
vt 0.342175 0.806326
vt 0.372647 0.659106
vt 0.375160 0.660780
vt 0.375295 0.645927
vt 0.321487 0.826277
vt 0.344325 0.797143
vt 0.346785 0.788276
vt 0.348921 0.780576
vt 0.361496 0.778906
vt 0.389673 0.681608
vt 0.383262 0.687396
vt 0.374000 0.664537
vt 0.379608 0.667011
vt 0.328022 0.738144
vt 0.322473 0.750840
vt 0.319432 0.738830
vt 0.308824 0.846554
vt 0.325438 0.817399
vt 0.328000 0.811145
vt 0.317482 0.818689
vt 0.319473 0.831788
vt 0.313055 0.830752
vt 0.306688 0.857956
vt 0.300136 0.855102
vt 0.353400 0.774182
vt 0.290376 0.773464
vt 0.281375 0.761647
vt 0.295122 0.757734
vt 0.330023 0.803291
vt 0.337274 0.802106
vt 0.339156 0.795933
vt 0.344791 0.786287
vt 0.341587 0.791209
vt 0.359458 0.768847
vt 0.370991 0.768603
vt 0.349675 0.770155
vt 0.350342 0.774856
vt 0.367636 0.667706
vt 0.372578 0.676135
vt 0.361116 0.656799
vt 0.255219 0.764032
vt 0.259382 0.734904
vt 0.276461 0.742097
vt 0.263907 0.715803
vt 0.260225 0.698108
vt 0.276065 0.704615
vt 0.306798 0.770699
vt 0.303657 0.762058
vt 0.312200 0.760145
vt 0.357786 0.711285
vt 0.346265 0.713589
vt 0.345654 0.698171
vt 0.360821 0.789429
vt 0.334383 0.788124
vt 0.343054 0.781659
vt 0.362587 0.754365
vt 0.372552 0.694818
vt 0.362876 0.687866
vt 0.363001 0.669261
vt 0.295473 0.843023
vt 0.303667 0.841210
vt 0.283683 0.865440
vt 0.283894 0.847459
vt 0.290684 0.856053
vt 0.293805 0.871275
vt 0.302707 0.865029
vt 0.294664 0.741496
vt 0.269955 0.587146
vt 0.250637 0.588860
vt 0.248156 0.568884
vt 0.273487 0.724221
vt 0.321227 0.807496
vt 0.323990 0.795790
vt 0.322678 0.780634
vt 0.373091 0.717245
vt 0.364277 0.700562
vt 0.364209 0.676800
vt 0.355630 0.671004
vt 0.302648 0.830766
vt 0.307235 0.813515
vt 0.340318 0.772182
vt 0.346594 0.752817
vt 0.357769 0.697129
vt 0.297815 0.822318
vt 0.295990 0.832781
vt 0.292693 0.837624
vt 0.333130 0.766332
vt 0.361210 0.725549
vt 0.356265 0.738235
vt 0.352804 0.724388
vt 0.354943 0.685482
vt 0.339398 0.679540
vt 0.344798 0.661528
vt 0.289361 0.790016
vt 0.281444 0.805783
vt 0.276137 0.785239
vt 0.291363 0.832609
vt 0.267088 0.679781
vt 0.265702 0.663491
vt 0.226778 0.866477
vt 0.254463 0.870334
vt 0.216708 0.890140
vt 0.348522 0.735826
vt 0.233120 0.606872
vt 0.283127 0.833832
vt 0.325821 0.730500
vt 0.328136 0.724720
vt 0.334629 0.730087
vt 0.336221 0.749377
vt 0.343462 0.726031
vt 0.341051 0.738238
vt 0.325585 0.700250
vt 0.289651 0.825807
vt 0.274213 0.839526
vt 0.299425 0.794598
vt 0.299610 0.803949
vt 0.265305 0.629139
vt 0.227583 0.777212
vt 0.214712 0.758296
vt 0.329390 0.755342
vt 0.323425 0.765223
vt 0.309600 0.865380
vt 0.318268 0.773658
vt 0.314817 0.768256
vt 0.331081 0.746807
vt 0.338493 0.708156
vt 0.305003 0.781806
vt 0.290538 0.815213
vt 0.279538 0.823813
vt 0.257352 0.847639
vt 0.265779 0.831170
vt 0.230079 0.847885
vt 0.184445 0.856182
vt 0.234664 0.825121
vt 0.249309 0.833419
vt 0.264510 0.606313
vt 0.282123 0.601954
vt 0.333602 0.717604
vt 0.205654 0.820490
vt 0.263331 0.812493
vt 0.292126 0.800835
vt 0.296733 0.790246
vt 0.298254 0.778771
vt 0.334089 0.740059
vt 0.329633 0.743547
vt 0.365699 0.735500
vt 0.192723 0.560530
vt 0.199130 0.571500
vt 0.192183 0.566147
vt 0.242348 0.804046
vt 0.313081 0.750853
vt 0.234249 0.715863
vt 0.237860 0.727481
vt 0.225985 0.727166
vt 0.290362 0.693229
vt 0.305746 0.696277
vt 0.291756 0.717149
vt 0.227774 0.600128
vt 0.240564 0.598492
vt 0.223118 0.721622
vt 0.224072 0.715533
vt 0.315466 0.725398
vt 0.259078 0.789517
vt 0.180977 0.777649
vt 0.211264 0.799197
vt 0.241846 0.785845
vt 0.307202 0.745830
vt 0.299614 0.885838
vt 0.275409 0.657709
vt 0.285103 0.647997
vt 0.241767 0.746952
vt 0.221981 0.739186
vt 0.244542 0.733543
vt 0.217342 0.594097
vt 0.249332 0.715857
vt 0.218157 0.556906
vt 0.298289 0.604059
vt 0.303159 0.675726
vt 0.280135 0.688906
vt 0.288591 0.676388
vt 0.248010 0.611170
vt 0.272562 0.690307
vt 0.174628 0.569144
vt 0.187312 0.567781
vt 0.195981 0.577447
vt 0.299129 0.656903
vt 0.295977 0.639146
vt 0.269929 0.643864
vt 0.288435 0.640571
vt 0.316369 0.640341
vt 0.285751 0.634860
vt 0.302743 0.621825
vt 0.275869 0.629120
vt 0.284029 0.621617
vt 0.271392 0.619820
vt 0.208036 0.567116
vt 0.278615 0.611241
vt 0.289756 0.611850
vt 0.288301 0.590527
vt 0.308735 0.709754
vt 0.186884 0.562988
vt 0.180376 0.529707
vt 0.200785 0.539282
vt 0.196274 0.553336
vt 0.170031 0.549483
vt 0.341003 0.643905
vt 0.399225 0.790761
vt 0.397395 0.777973
vt 0.410552 0.780950
vt 0.391843 0.786363
vt 0.387853 0.774940
vt 0.398584 0.758739
vt 0.384224 0.763331
vt 0.389090 0.801747
vt 0.380327 0.770744
vt 0.305820 0.903077
vt 0.304265 0.894860
vt 0.310018 0.896954
vt 0.307368 0.929562
vt 0.320594 0.933768
vt 0.306393 0.946500
vt 0.324228 0.967047
vt 0.324018 0.976074
vt 0.316596 0.979396
vt 0.292697 0.970998
vt 0.304664 0.979878
vt 0.284363 0.984706
vt 0.338612 0.980173
vt 0.314407 0.904543
vt 0.308067 0.962372
vt 0.320000 0.960094
vt 0.315091 0.969531
vt 0.331861 0.957049
vt 0.365586 0.839333
vt 0.361346 0.854223
vt 0.359753 0.848257
vt 0.320055 0.950294
vt 0.296666 0.959955
vt 0.347016 0.919194
vt 0.334471 0.929194
vt 0.328453 0.913399
vt 0.331741 0.941702
vt 0.290794 0.951235
vt 0.297117 0.936597
vt 0.321665 0.881872
vt 0.325496 0.897190
vt 0.316769 0.893356
vt 0.315753 0.918877
vt 0.305308 0.913691
vt 0.349212 0.862894
vt 0.344707 0.858251
vt 0.351994 0.852310
vt 0.310484 0.999731
vt 0.341748 0.903489
vt 0.352056 0.840701
vt 0.358750 0.843620
vt 0.331970 0.902433
vt 0.338851 0.883915
vt 0.334108 0.880157
vt 0.341694 0.873240
vt 0.331740 0.875995
vt 0.249600 0.999731
vt 0.279974 0.999731
vt 0.336410 0.866410
vt 0.297986 0.899856
vt 0.335482 0.893487
vt 0.330674 0.885254
vt 0.340841 0.862507
vt 0.299822 0.924068
vt 0.340164 0.839174
vt 0.361375 0.830178
vt 0.295341 0.912973
vt 0.370705 0.943163
vt 0.368967 0.957506
vt 0.357298 0.949372
vt 0.420249 0.903714
vt 0.422950 0.888181
vt 0.434346 0.893541
vt 0.369216 0.921421
vt 0.382548 0.931030
vt 0.397244 0.929836
vt 0.387387 0.940912
vt 0.399817 0.917595
vt 0.393317 0.918153
vt 0.404047 0.907416
vt 0.377656 0.946788
vt 0.377679 0.963297
vt 0.422063 0.871859
vt 0.427390 0.877399
vt 0.431302 0.880333
vt 0.407240 0.917118
vt 0.361618 0.969602
vt 0.413324 0.885200
vt 0.400827 0.893593
vt 0.407623 0.873883
vt 0.412532 0.896074
vt 0.383872 0.915753
vt 0.392739 0.906419
vt 0.380094 0.898651
vt 0.352041 0.974967
vt 0.406202 0.374712
vt 0.400420 0.396708
vt 0.380753 0.388035
vt 0.397509 0.382353
vt 0.513871 0.748650
vt 0.506053 0.760821
vt 0.495647 0.752172
vt 0.437472 0.883930
vt 0.434035 0.864159
vt 0.437315 0.871384
vt 0.444257 0.861177
vt 0.443362 0.872327
vt 0.239770 0.703807
vt 0.249510 0.702503
vt 0.231709 0.690379
vt 0.229742 0.708630
vt 0.222511 0.680266
vt 0.217642 0.706100
vt 0.225633 0.698839
vt 0.214126 0.698161
vt 0.218402 0.689209
vt 0.216134 0.682249
vt 0.209212 0.691249
vt 0.209654 0.684076
vt 0.193857 0.687041
vt 0.388811 0.949096
vt 0.405627 0.944022
vt 0.413052 0.925065
vt 0.432474 0.904095
vt 0.423540 0.917159
vt 0.434788 0.914082
vt 0.242888 0.494254
vt 0.248243 0.486489
vt 0.278094 0.955670
vt 0.283518 0.947203
vt 0.283889 0.955126
vt 0.289065 0.961141
vt 0.277654 0.942124
vt 0.280896 0.939721
vt 0.287604 0.937551
vt 0.269838 0.939036
vt 0.278773 0.929700
vt 0.284702 0.962954
vt 0.282887 0.966181
vt 0.268829 0.960466
vt 0.277348 0.967053
vt 0.274686 0.975601
vt 0.282346 0.973807
vt 0.260006 0.974627
vt 0.258998 0.984670
vt 0.289889 0.887829
vt 0.285381 0.877743
vt 0.288355 0.900760
vt 0.280188 0.889157
vt 0.278426 0.876546
vt 0.272136 0.867718
vt 0.268306 0.854218
vt 0.287712 0.913152
vt 0.282073 0.899453
vt 0.285766 0.905330
vt 0.283048 0.905915
vt 0.255264 0.934818
vt 0.265216 0.917655
vt 0.271495 0.898046
vt 0.264513 0.882686
vt 0.272521 0.882037
vt 0.279387 0.914168
vt 0.258625 0.967057
vt 0.249606 0.896033
vt 0.258659 0.957506
vt 0.256625 0.945951
vt 0.263367 0.947169
vt 0.239252 0.926343
vt 0.226421 0.914586
vt 0.406055 0.806153
vt 0.429668 0.794516
vt 0.426265 0.789279
vt 0.430759 0.784005
vt 0.410838 0.703158
vt 0.400098 0.700432
vt 0.407457 0.706637
vt 0.418941 0.700485
vt 0.405246 0.713349
vt 0.401721 0.708252
vt 0.411393 0.712503
vt 0.399890 0.714847
vt 0.416715 0.709740
vt 0.423102 0.714818
vt 0.408790 0.720145
vt 0.417563 0.716730
vt 0.413827 0.721714
vt 0.402515 0.722452
vt 0.419727 0.724967
vt 0.431597 0.717405
vt 0.426351 0.727463
vt 0.408372 0.731912
vt 0.415844 0.727999
vt 0.441280 0.855072
vt 0.448365 0.849152
vt 0.433247 0.729287
vt 0.396960 0.737122
vt 0.449471 0.753350
vt 0.436878 0.748236
vt 0.442500 0.744743
vt 0.429293 0.806364
vt 0.420018 0.799931
vt 0.430877 0.751651
vt 0.434964 0.738943
vt 0.449671 0.828065
vt 0.452366 0.812909
vt 0.457675 0.819464
vt 0.417715 0.736411
vt 0.402758 0.743145
vt 0.441315 0.762146
vt 0.452642 0.774801
vt 0.440537 0.849308
vt 0.427511 0.740470
vt 0.462185 0.811769
vt 0.456830 0.829288
vt 0.411114 0.840870
vt 0.416549 0.828791
vt 0.423150 0.839155
vt 0.409156 0.745680
vt 0.429636 0.853110
vt 0.433060 0.760718
vt 0.435975 0.773836
vt 0.448605 0.796600
vt 0.441490 0.785693
vt 0.409411 0.854952
vt 0.404024 0.848447
vt 0.439368 0.837600
vt 0.451356 0.839884
vt 0.438868 0.817135
vt 0.425092 0.768948
vt 0.416637 0.754760
vt 0.418784 0.857936
vt 0.424083 0.818721
vt 0.435006 0.787396
vt 0.436893 0.798246
vt 0.427805 0.780306
vt 0.421977 0.783342
vt 0.398198 0.818801
vt 0.407188 0.827279
vt 0.396712 0.833567
vt 0.414618 0.817338
vt 0.388037 0.823349
vt 0.318472 0.681403
vt 0.324113 0.660572
vt 0.343667 0.957786
vt 0.339674 0.948053
vt 0.347724 0.944902
vt 0.403283 0.840120
vt 0.395821 0.848081
vt 0.344394 0.934743
vt 0.354648 0.936037
vt 0.356398 0.924971
vt 0.400054 0.855421
vt 0.392977 0.857627
vt 0.381847 0.853247
vt 0.359729 0.918677
vt 0.379217 0.874260
vt 0.376327 0.865820
vt 0.386648 0.865389
vt 0.362547 0.919059
vt 0.387756 0.874336
vt 0.360659 0.913736
vt 0.374231 0.890278
vt 0.380837 0.883754
vt 0.369272 0.859564
vt 0.366170 0.906497
vt 0.397563 0.866440
vt 0.355301 0.904734
vt 0.354986 0.892911
vt 0.368815 0.884046
vt 0.366023 0.895716
vt 0.392972 0.881757
vt 0.365201 0.869122
vt 0.357994 0.879411
vt 0.369792 0.874431
vt 0.389797 0.698399
vt 0.391371 0.711982
vt 0.381610 0.702716
vt 0.395313 0.723247
vt 0.386293 0.730417
vt 0.385540 0.748134
vt 0.374411 0.741508
vt 0.376097 0.757055
vt 0.377930 0.765650
vt 0.376007 0.779614
vt 0.368274 0.787056
vt 0.384916 0.786781
vt 0.377126 0.792901
vt 0.365359 0.796183
vt 0.353730 0.830412
vt 0.345902 0.831102
vt 0.356483 0.803381
vt 0.372558 0.800937
vt 0.366593 0.819271
vt 0.357687 0.822118
vt 0.379354 0.802474
vt 0.375670 0.806531
vt 0.352785 0.809117
vt 0.367725 0.800380
vt 0.362348 0.804619
vt 0.350450 0.823650
vt 0.377403 0.814948
vt 0.360088 0.812176
vt 0.368499 0.807108
vt 0.353243 0.816727
vt 0.370029 0.827200
vt 0.486651 0.762805
vt 0.468590 0.761054
vt 0.480770 0.749880
vt 0.458819 0.802946
vt 0.463074 0.789579
vt 0.467759 0.801324
vt 0.478641 0.774987
vt 0.489258 0.774019
vt 0.486170 0.788121
vt 0.468352 0.776800
vt 0.477894 0.786592
vt 0.478025 0.796618
vt 0.481191 0.673761
vt 0.463672 0.738981
vt 0.472034 0.668751
vt 0.449937 0.743077
vt 0.478147 0.702999
vt 0.472696 0.720150
vt 0.446809 0.734923
vt 0.461654 0.682277
vt 0.467443 0.695526
vt 0.451039 0.726112
vt 0.439651 0.736765
vt 0.457816 0.665423
vt 0.465261 0.706381
vt 0.460510 0.724818
vt 0.453580 0.713068
vt 0.445924 0.719385
vt 0.437648 0.724528
vt 0.452475 0.695761
vt 0.446757 0.675859
vt 0.440696 0.687680
vt 0.427692 0.672992
vt 0.441295 0.715197
vt 0.435072 0.714039
vt 0.433880 0.679284
vt 0.443137 0.710685
vt 0.436702 0.706123
vt 0.443479 0.703619
vt 0.440262 0.695496
vt 0.427116 0.694404
vt 0.417862 0.688997
vt 0.420751 0.682519
vt 0.434699 0.697881
vt 0.429245 0.689914
vt 0.422936 0.678241
vt 0.427401 0.705889
vt 0.292459 0.925442
vt 0.284850 0.923707
vt 0.377751 0.831173
vt 0.386272 0.838229
vt 0.347084 0.879774
vt 0.359529 0.864672
vt 0.352385 0.871965
vt 0.345037 0.888906
vt 0.370735 0.849667
vt 0.376344 0.842993
vt 0.359008 0.871703
vt 0.298104 0.813923
vt 0.306034 0.801790
f 1741/1 1517/2 4715/3
f 4732/7 2836/6 4475/5
f 4239/4 4475/5 2836/6
f 4731/8 2834/9 4732/10
f 2834/9 2836/11 4732/10
f 1665/12 4345/13 1517/14
f 4715/15 1517/14 4345/13
f 4345/13 4849/16 4715/15
f 1673/20 1667/21 532/19
f 191/22 1673/20 532/19
f 191/22 2834/18 4731/23
f 2834/18 191/22 532/19
f 532/19 274/24 541/17
f 541/17 2834/18 532/19
f 4740/26 1336/28 4728/27
f 1910/25 4740/26 4728/27
f 1910/25 1679/31 1480/29
f 1910/25 1480/29 4740/26
f 1517/32 1679/31 1910/25
f 1910/25 4728/27 1665/30
f 1665/30 1517/32 1910/25
f 4237/33 2836/35 2834/40
f 4237/33 2834/40 541/36
f 4237/33 1792/37 4238/38
f 4237/33 4238/38 4239/34
f 1792/37 541/36 1794/39
f 4238/38 1792/37 1794/39
f 541/36 1792/37 4237/33
f 4237/33 4239/34 2836/35
f 1682/47 541/50 274/49
f 1678/46 1794/45 1682/47
f 1794/45 1678/46 4204/43
f 1794/45 4204/43 4238/42
f 4239/41 4204/43 4849/44
f 274/49 1678/46 1682/47
f 1794/45 541/50 1682/47
f 4239/41 4238/42 4204/43
f 1678/46 4715/48 4204/43
f 4715/48 4849/44 4204/43
f 4247/51 4244/62 1676/54
f 4701/55 4591/56 4485/57
f 4812/60 1676/54 236/61
f 4247/51 4731/53 2789/63
f 236/61 4611/58 242/59
f 4485/57 4247/51 4701/55
f 4485/57 4244/62 4247/51
f 1676/54 4244/62 236/61
f 4591/56 4611/58 4485/57
f 1676/54 191/52 4247/51
f 4244/62 4485/57 236/61
f 242/59 4812/60 236/61
f 4247/51 191/52 4731/53
f 4701/55 4247/51 2789/63
f 4732/64 2789/63 4731/53
f 4485/57 4611/58 236/61
f 3710/81 3199/82 1398/83
f 1312/72 3711/71 1311/74
f 1316/79 3532/84 3540/75
f 1388/68 3336/69 3198/70
f 1322/65 3432/76 1310/77
f 1322/65 1326/66 1313/67
f 3336/69 3199/82 3198/70
f 3198/70 3199/82 3711/71
f 1309/73 3198/70 3711/71
f 3199/82 3336/69 1398/83
f 1311/74 3540/75 3432/76
f 3710/81 1335/80 3711/71
f 1316/79 1335/80 3710/81
f 3710/81 1398/83 1316/79
f 1335/80 3540/75 1311/74
f 1326/66 1310/77 1332/78
f 1311/74 3711/71 1335/80
f 1310/77 3432/76 1332/78
f 1326/66 1322/65 1310/77
f 3710/81 3711/71 3199/82
f 1311/74 3432/76 1322/65
f 1316/79 3540/75 1335/80
f 3711/71 1312/72 1309/73
f 1309/73 1312/72 1313/67
f 1313/67 1312/72 1322/65
f 1322/65 1312/72 1311/74
f 1448/90 1442/89 1436/91
f 1448/90 1374/85 1442/89
f 1364/99 1343/101 1356/102
f 1364/99 1362/96 1343/101
f 3368/97 1364/99 1779/100
f 3368/97 1362/96 1364/99
f 1361/104 1298/103 3394/95
f 1374/85 1434/86 3391/87
f 1317/92 1308/93 1325/94
f 1453/88 3394/95 1362/96
f 1374/85 3391/87 1453/88
f 1453/88 3391/87 3394/95
f 1364/99 1356/102 1779/100
f 1307/106 1297/105 1361/104
f 1325/94 3394/95 3391/87
f 3368/97 1442/89 1362/96
f 3391/87 1318/98 1325/94
f 1307/106 1361/104 1325/94
f 1343/101 1362/96 3394/95
f 3394/95 1298/103 1343/101
f 1442/89 1453/88 1362/96
f 1318/98 3391/87 1434/86
f 1361/104 1297/105 1298/103
f 1361/104 3394/95 1325/94
f 1318/98 1317/92 1325/94
f 1442/89 1374/85 1453/88
f 1308/93 1307/106 1325/94
f 1371/124 2880/125 2847/127
f 1663/116 1620/114 4878/112
f 2880/125 1371/124 552/121
f 3904/128 1371/124 2847/127
f 1620/114 3863/122 1427/115
f 4876/109 4877/108 4878/112
f 1371/124 3862/126 4479/123
f 1750/107 4877/108 4876/109
f 554/117 555/119 552/121
f 1620/114 1663/116 4479/123
f 263/130 2847/127 3903/129
f 4878/112 1620/114 4876/109
f 1663/116 4878/112 554/117
f 2847/127 2880/125 3903/129
f 1371/124 1663/116 552/121
f 1427/115 4876/109 1620/114
f 555/119 554/117 4176/120
f 552/121 1663/116 554/117
f 3863/122 1620/114 4479/123
f 1427/115 3978/110 4876/109
f 1750/107 4876/109 3978/110
f 948/111 3978/110 4033/113
f 1750/107 3978/110 948/111
f 4035/118 948/111 4033/113
f 4479/123 3862/126 3863/122
f 1371/124 4479/123 1663/116
f 1371/124 3904/128 3862/126
f 3862/126 3904/128 263/130
f 3904/128 2847/127 263/130
f 3442/147 3234/153 3645/150
f 3533/138 3530/144 1839/145
f 1470/152 3234/153 3442/147
f 3533/138 1839/145 671/133
f 3593/154 1980/155 3443/156
f 3645/150 3234/153 3593/154
f 3889/146 1967/131 3524/135
f 1470/152 3889/146 3524/135
f 3644/157 3593/154 3443/156
f 3534/158 3234/153 1470/152
f 3593/154 3234/153 3534/158
f 3594/149 3889/146 3442/147
f 1980/155 3593/154 3534/158
f 3593/154 3644/157 3645/150
f 1470/152 3592/151 3534/158
f 368/142 3530/144 669/140
f 3777/134 3524/135 3222/136
f 671/133 672/137 3533/138
f 3592/151 3524/135 3777/134
f 3442/147 3440/148 3594/149
f 1967/131 1966/132 671/133
f 3645/150 3440/148 3442/147
f 1085/139 3533/138 672/137
f 3533/138 1085/139 669/140
f 369/141 368/142 669/140
f 3524/135 3592/151 1470/152
f 671/133 1966/132 672/137
f 1839/145 3222/136 671/133
f 368/142 369/141 1983/143
f 1967/131 3222/136 3524/135
f 1967/131 671/133 3222/136
f 3530/144 3533/138 669/140
f 3442/147 3889/146 1470/152
f 4682/159 4812/160 4835/161
f 189/162 1323/163 2858/164
f 4176/165 4140/166 4187/167
f 4231/168 4835/161 4812/160
f 2652/169 4359/170 4737/171
f 191/172 4682/159 188/173
f 191/172 1676/174 4682/159
f 4285/175 4231/168 4692/176
f 4231/168 4737/171 4835/161
f 4835/161 4737/171 1323/163
f 1667/177 1673/178 4359/170
f 1673/178 2858/164 4359/170
f 4359/170 2858/164 4737/171
f 4737/171 2858/164 1323/163
f 2858/164 1673/178 189/162
f 191/172 189/162 1673/178
f 4223/179 4222/180 1789/181
f 2652/169 1789/181 4187/167
f 4222/180 4231/168 4285/175
f 4223/179 1789/181 2652/169
f 4835/161 189/162 188/173
f 4835/161 1323/163 189/162
f 4223/179 2652/169 4737/171
f 4359/170 2652/169 1667/177
f 4737/171 4231/168 4223/179
f 4187/167 4140/166 2652/169
f 1789/181 4176/165 4187/167
f 188/173 189/162 191/172
f 4682/159 4835/161 188/173
f 4231/168 4812/160 242/182
f 4223/179 4231/168 4222/180
f 1676/174 4812/160 4682/159
f 4176/165 1789/181 4222/180
f 4692/176 4231/168 242/182
f 761/200 1825/204 768/199
f 1713/202 4296/205 771/207
f 1465/190 596/192 1334/188
f 948/203 1713/202 741/196
f 948/203 4296/205 1713/202
f 260/195 761/200 768/199
f 3494/209 1825/204 1107/208
f 1107/208 1825/204 742/206
f 1729/189 1465/190 4906/186
f 1713/202 767/198 741/196
f 767/198 761/200 260/195
f 1825/204 769/201 768/199
f 753/194 754/191 1750/197
f 753/194 1729/189 754/191
f 3425/193 1729/189 260/195
f 1334/188 4445/185 4906/186
f 742/206 1713/202 771/207
f 1713/202 1825/204 761/200
f 1750/197 948/203 741/196
f 767/198 1729/189 741/196
f 1825/204 1713/202 742/206
f 3439/210 3494/209 1107/208
f 741/196 1729/189 753/194
f 3425/193 1465/190 1729/189
f 2925/183 4620/184 4445/185
f 3425/193 596/192 1465/190
f 4906/186 1465/190 1334/188
f 4445/185 4620/184 4906/186
f 1729/189 4906/186 774/187
f 4906/186 4620/184 774/187
f 754/191 1729/189 774/187
f 768/199 3425/193 260/195
f 260/195 1729/189 767/198
f 768/199 769/201 3425/193
f 741/196 753/194 1750/197
f 1713/202 761/200 767/198
f 1302/228 3218/231 3520/226
f 1333/229 1297/225 1307/232
f 1295/227 3218/231 1302/228
f 3578/239 2037/235 3423/236
f 3241/222 1308/233 1332/223
f 3790/216 3218/231 3221/213
f 3542/214 3221/213 3541/230
f 3335/221 1302/228 3520/226
f 3432/215 3242/224 1332/223
f 1333/229 1302/228 1297/225
f 1307/232 1308/233 3241/222
f 3541/230 3221/213 3218/231
f 1375/234 1305/212 3532/237
f 1307/232 3241/222 1333/229
f 3423/236 1377/238 3578/239
f 3335/221 1300/219 1297/225
f 1295/227 3242/224 3541/230
f 3540/211 1305/212 3221/213
f 1333/229 3242/224 1295/227
f 3542/214 3432/215 3540/211
f 1295/227 1302/228 1333/229
f 1356/217 3335/221 3520/226
f 1305/212 3790/216 3221/213
f 3540/211 3221/213 3542/214
f 3532/237 1305/212 3540/211
f 3423/236 2037/235 1375/234
f 3242/224 3432/215 3542/214
f 1356/217 1343/218 1300/219
f 1300/219 1343/218 1298/220
f 3242/224 1333/229 3241/222
f 1375/234 2037/235 1305/212
f 1302/228 3335/221 1297/225
f 1356/217 1300/219 3335/221
f 3242/224 3542/214 3541/230
f 3241/222 1332/223 3242/224
f 1297/225 1300/219 1298/220
f 3218/231 1295/227 3541/230
f 3111/252 3239/251 3225/267
f 3228/247 1422/260 1935/248
f 1443/268 3225/267 3239/251
f 1317/265 1318/262 1380/264
f 1433/263 1318/262 1439/266
f 1434/240 1439/266 1318/262
f 3239/251 3246/269 1443/268
f 1318/262 1433/263 1380/264
f 1438/242 1935/248 1422/260
f 1438/242 1422/260 1401/261
f 1437/255 3119/249 3120/244
f 3111/252 3228/247 3695/246
f 1418/250 1416/257 3239/251
f 1448/245 1437/255 1426/241
f 1426/241 1437/255 3120/244
f 1445/259 1417/253 1447/256
f 1417/253 1445/259 1414/258
f 1401/261 1439/266 1438/242
f 3119/249 1417/253 3695/246
f 1439/266 1434/240 1438/242
f 3695/246 1935/248 3119/249
f 1447/256 1417/253 3119/249
f 1447/256 1437/255 1436/254
f 1418/250 1417/253 1414/258
f 1416/257 1418/250 1414/258
f 1447/256 3119/249 1437/255
f 1935/248 1438/242 3120/244
f 1448/245 1436/254 1437/255
f 3695/246 1417/253 1418/250
f 3695/246 1418/250 3111/252
f 1418/250 3239/251 3111/252
f 3119/249 1935/248 3120/244
f 3695/246 3228/247 1935/248
f 1374/243 1448/245 1426/241
f 1426/241 3120/244 1438/242
f 1426/241 1434/240 1374/243
f 1434/240 1426/241 1438/242
f 1443/268 3246/269 1408/270
f 2850/277 2851/275 4174/274
f 4717/283 4692/288 714/284
f 735/282 4717/283 714/284
f 1282/279 2851/275 2850/277
f 4206/280 1283/278 4695/281
f 714/284 4692/288 60/293
f 714/284 4693/299 735/282
f 4285/292 1763/271 4196/273
f 4195/289 552/291 4175/276
f 4174/274 4182/286 4340/294
f 2850/277 1283/278 1282/279
f 555/285 4175/276 552/291
f 4195/289 2851/275 1282/279
f 4774/272 4717/283 4299/287
f 4174/274 4175/276 555/285
f 555/285 4177/296 4182/286
f 4717/283 4774/272 4692/288
f 4206/280 735/282 4693/299
f 4340/294 4182/286 4299/287
f 4182/286 4196/273 4774/272
f 4182/286 4774/272 4299/287
f 4174/274 2851/275 4175/276
f 555/285 4182/286 4174/274
f 1763/271 4774/272 4196/273
f 735/282 4695/281 4340/294
f 4174/274 4340/294 2850/277
f 4222/298 4285/292 4196/273
f 735/282 4299/287 4717/283
f 1283/278 2629/295 4695/281
f 4299/287 735/282 4340/294
f 4176/297 4222/298 4177/296
f 2850/277 2629/295 1283/278
f 4177/296 4196/273 4182/286
f 4285/292 4692/288 1763/271
f 4176/297 4177/296 555/285
f 4774/272 1763/271 4692/288
f 4695/281 2629/295 4340/294
f 4692/288 242/300 60/293
f 4206/280 4695/281 735/282
f 60/293 4693/299 714/284
f 4196/273 4177/296 4222/298
f 4195/289 2880/290 552/291
f 4175/276 2851/275 4195/289
f 2629/295 2850/277 4340/294
f 632/318 3457/325 3478/324
f 631/321 632/318 273/310
f 3428/319 3457/325 631/321
f 1204/311 4666/308 703/312
f 3455/315 4666/308 1204/311
f 4666/308 3455/315 3971/314
f 662/327 70/329 624/330
f 4666/308 273/310 3490/307
f 273/310 3428/319 631/321
f 3457/325 632/318 631/321
f 698/322 662/327 636/326
f 614/331 615/333 621/332
f 698/322 3971/314 3455/315
f 3971/314 3428/319 273/310
f 2547/320 698/322 3455/315
f 632/318 3478/324 2248/317
f 624/330 636/326 662/327
f 1146/304 3490/307 3931/305
f 1107/301 1157/302 3439/303
f 3450/316 2547/320 1204/311
f 3931/305 1157/302 1146/304
f 3428/319 3971/314 698/322
f 2547/320 3452/323 698/322
f 3871/309 3931/305 3490/307
f 3871/309 4741/313 3426/306
f 1157/302 3931/305 3439/303
f 3452/323 2547/320 3450/316
f 1107/301 1146/304 1157/302
f 3871/309 273/310 632/318
f 614/331 624/330 70/329
f 1146/304 4666/308 3490/307
f 3426/306 3931/305 3871/309
f 70/329 662/327 790/328
f 3426/306 3439/303 3931/305
f 4666/308 3971/314 273/310
f 3871/309 3490/307 273/310
f 3455/315 1204/311 2547/320
f 621/332 624/330 614/331
f 662/327 3452/323 790/328
f 703/312 3450/316 1204/311
f 3871/309 2248/317 4741/313
f 3428/319 698/322 636/326
f 632/318 2248/317 3871/309
f 662/327 698/322 3452/323
f 1490/338 4619/335 1258/334
f 4482/356 3202/349 710/350
f 706/343 532/351 710/350
f 1479/341 1678/348 274/347
f 4620/337 1490/338 772/340
f 711/357 3975/363 4481/362
f 3202/349 3203/355 3204/353
f 706/343 1479/341 274/347
f 772/340 3202/349 754/345
f 772/340 1490/338 773/339
f 1479/341 773/339 1258/334
f 773/339 1490/338 1258/334
f 3202/349 772/340 708/346
f 1678/348 1479/341 1741/344
f 3202/349 3204/353 754/345
f 3204/353 1750/354 754/345
f 1479/341 1258/334 1741/344
f 774/342 772/340 754/345
f 1667/359 3975/363 711/357
f 532/351 1667/359 711/357
f 4620/337 4619/335 1490/338
f 708/346 706/343 710/350
f 710/350 3202/349 708/346
f 4877/358 1750/354 3204/353
f 774/342 4620/337 772/340
f 772/340 773/339 706/343
f 274/347 532/351 706/343
f 3203/355 3202/349 4482/356
f 4481/362 3975/363 1667/359
f 1667/359 2652/366 4481/362
f 711/357 4482/356 710/350
f 773/339 1479/341 706/343
f 708/346 772/340 706/343
f 4482/356 4140/361 3203/355
f 4878/360 4877/358 3203/355
f 3203/355 4140/361 4176/365
f 4140/361 4482/356 4481/362
f 4481/362 2652/366 4140/361
f 3203/355 4176/365 554/364
f 4482/356 711/357 4481/362
f 711/357 710/350 532/351
f 1678/348 1741/344 4715/352
f 1258/334 4619/335 2925/336
f 4878/360 3203/355 554/364
f 3203/355 4877/358 3204/353
f 4619/335 4620/337 2925/336
f 1319/377 1326/372 1308/396
f 1383/385 1386/379 1464/376
f 1396/389 1383/385 3289/392
f 1326/372 1340/370 1313/371
f 1327/367 1309/384 1313/371
f 1340/370 1327/367 1313/371
f 1379/375 3984/387 3289/392
f 4524/393 1388/380 1382/390
f 1329/378 1341/391 3274/386
f 1329/378 3274/386 1379/375
f 1388/380 1386/379 1396/389
f 1321/382 3984/387 3274/386
f 1332/398 1308/396 1326/372
f 1319/377 1308/396 1317/383
f 1380/388 1321/382 1342/381
f 1388/380 1396/389 1382/390
f 1342/381 1319/377 1317/383
f 1327/367 1340/370 1381/373
f 1319/377 1342/381 1321/382
f 1433/397 3984/387 1380/388
f 3984/387 1433/397 3289/392
f 1386/379 1388/380 3198/369
f 1341/391 1321/382 3274/386
f 1309/384 1327/367 3198/369
f 1464/376 1386/379 1391/374
f 1381/373 1329/378 1391/374
f 1380/388 1342/381 1317/383
f 1341/391 1319/377 1321/382
f 1341/391 1340/370 1319/377
f 1380/388 3984/387 1321/382
f 1396/389 3290/395 1382/390
f 3289/392 1383/385 1464/376
f 1379/375 3274/386 3984/387
f 1386/379 3198/369 1381/373
f 1396/389 3289/392 3290/395
f 1329/378 1381/373 1340/370
f 1328/368 1381/373 3198/369
f 1464/376 1379/375 3289/392
f 1388/380 4524/393 3336/394
f 1329/378 1379/375 1391/374
f 1326/372 1319/377 1340/370
f 1391/374 1379/375 1464/376
f 1327/367 1381/373 1328/368
f 1386/379 1381/373 1391/374
f 1396/389 1386/379 1383/385
f 1327/367 1328/368 3198/369
f 1329/378 1340/370 1341/391
f 1423/415 1921/411 535/417
f 1433/421 1439/400 3289/399
f 4523/413 1402/402 535/417
f 1921/411 1398/424 3336/438
f 1921/411 3344/416 1398/424
f 3228/408 3380/407 1422/420
f 1406/429 1408/433 1511/432
f 1921/411 3336/438 4524/412
f 1921/411 1423/415 3344/416
f 1402/402 4523/413 1382/403
f 3228/408 3346/410 3380/407
f 3269/418 1402/402 3290/404
f 1375/435 3532/427 1403/428
f 1375/435 1403/428 3423/434
f 3281/401 3269/418 3290/404
f 535/417 1402/402 3269/418
f 3289/399 1439/400 3281/401
f 4523/413 535/417 1921/411
f 1377/436 3423/434 1511/432
f 3281/401 3290/404 3289/399
f 3346/410 1424/409 3344/416
f 1429/406 1422/420 3380/407
f 1316/437 1398/424 1338/431
f 535/417 3269/418 1628/419
f 1402/402 1382/403 3290/404
f 1423/415 535/417 1400/405
f 1628/419 3269/418 3281/401
f 3532/427 1338/431 3531/426
f 3531/426 1398/424 1441/423
f 3531/426 1441/423 1403/428
f 3281/401 1401/422 1628/419
f 1408/433 1406/429 1443/430
f 1400/405 3344/416 1423/415
f 1400/405 1429/406 3380/407
f 1441/423 3225/425 1406/429
f 3346/410 1400/405 3380/407
f 1429/406 1628/419 1401/422
f 535/417 1628/419 1400/405
f 3225/425 1424/409 3111/414
f 1401/422 1422/420 1429/406
f 3532/427 1316/437 1338/431
f 3281/401 1439/400 1401/422
f 3532/427 3531/426 1403/428
f 1441/423 3344/416 1424/409
f 3346/410 3344/416 1400/405
f 3228/408 1424/409 3346/410
f 1921/411 4524/412 4523/413
f 1406/429 3225/425 1443/430
f 1424/409 3228/408 3111/414
f 1429/406 1400/405 1628/419
f 1441/423 1406/429 1403/428
f 1398/424 3531/426 1338/431
f 3344/416 1441/423 1398/424
f 3423/434 1403/428 1511/432
f 1441/423 1424/409 3225/425
f 1403/428 1406/429 1511/432
f 1382/403 4523/413 4524/412
f 751/449 750/457 752/454
f 752/454 4296/439 751/449
f 750/457 3892/462 752/454
f 4296/439 759/444 751/449
f 3892/462 756/466 749/461
f 756/466 755/456 749/461
f 749/461 752/454 3892/462
f 752/454 749/461 755/456
f 755/456 4296/439 752/454
f 4296/439 4035/441 759/444
f 3317/485 619/486 629/481
f 695/453 681/464 3982/460
f 4666/458 1146/450 679/451
f 694/455 695/453 3982/460
f 3452/473 3983/470 790/476
f 2416/465 3983/470 126/463
f 3450/467 3983/470 3452/473
f 755/456 695/453 757/452
f 694/455 1600/442 695/453
f 3983/470 3450/467 126/463
f 757/452 695/453 770/448
f 755/456 757/452 4296/439
f 1600/442 694/455 679/451
f 3450/467 703/459 126/463
f 2199/483 3317/485 629/481
f 740/445 1600/442 679/451
f 1600/442 4296/439 770/448
f 3946/468 682/472 3420/469
f 703/459 4666/458 679/451
f 614/487 70/482 696/484
f 4296/439 1600/442 771/443
f 1146/450 1107/447 740/445
f 740/445 742/446 771/443
f 695/453 1600/442 770/448
f 1107/447 742/446 740/445
f 3982/460 3420/469 2416/465
f 3968/474 2416/465 682/472
f 694/455 126/463 703/459
f 790/476 3968/474 682/472
f 4126/471 681/464 756/466
f 617/478 682/472 3946/468
f 770/448 4296/439 757/452
f 3982/460 681/464 3946/468
f 3968/474 3983/470 2416/465
f 619/486 615/488 614/487
f 71/480 70/482 790/476
f 4296/439 948/440 4035/441
f 3982/460 3946/468 3420/469
f 2416/465 3420/469 682/472
f 696/484 619/486 614/487
f 790/476 682/472 71/480
f 3946/468 681/464 4126/471
f 3982/460 2416/465 694/455
f 696/484 70/482 71/480
f 633/479 71/480 682/472
f 633/479 696/484 71/480
f 756/466 681/464 755/456
f 682/472 617/478 633/479
f 681/464 695/453 755/456
f 696/484 633/479 629/481
f 619/486 696/484 629/481
f 617/478 3946/468 3990/477
f 3944/475 3946/468 4126/471
f 617/478 629/481 633/479
f 3990/477 3946/468 3944/475
f 3983/470 3968/474 790/476
f 2199/483 629/481 3990/477
f 771/443 1600/442 740/445
f 740/445 679/451 1146/450
f 2416/465 126/463 694/455
f 694/455 703/459 679/451
f 629/481 617/478 3990/477
f 4707/500 1057/497 4700/502
f 4525/495 4215/494 4733/496
f 4345/519 1665/520 4687/513
f 4460/530 2694/509 4400/511
f 2694/509 1680/526 4836/521
f 4460/530 4732/534 4475/527
f 4708/493 4713/491 1057/497
f 4211/525 4215/494 4525/495
f 4198/512 1294/518 4687/513
f 1659/514 4198/512 4721/508
f 4282/524 4439/529 4211/525
f 4281/523 4460/530 4282/524
f 1294/518 4848/517 4687/513
f 4671/532 4578/489 4713/491
f 4578/489 4496/501 2784/490
f 4836/521 4849/516 4850/515
f 2789/538 4732/534 4281/523
f 4400/511 4282/524 4460/530
f 154/537 4525/495 4216/499
f 4707/500 4203/498 4708/493
f 1294/518 4191/528 4850/515
f 4836/521 1680/526 4475/527
f 4849/516 4345/519 4848/517
f 4215/494 4203/498 4733/496
f 4203/498 4525/495 4733/496
f 4709/492 4713/491 4708/493
f 4439/529 4332/533 4711/531
f 4713/491 4711/531 4671/532
f 4460/530 4281/523 4732/534
f 4713/491 2784/490 1057/497
f 4850/515 4849/516 4848/517
f 4848/517 4345/519 4687/513
f 4848/517 1294/518 4850/515
f 4578/489 2784/490 4713/491
f 4198/512 1659/514 1294/518
f 1665/520 4199/503 4687/513
f 154/537 4701/536 4746/539
f 4281/523 4282/524 4211/525
f 4525/495 4203/498 4216/499
f 4709/492 4215/494 4711/531
f 4203/498 4215/494 4708/493
f 4707/500 4708/493 1057/497
f 4836/521 4475/527 4239/522
f 2694/509 4460/530 1680/526
f 4460/530 4475/527 1680/526
f 1659/514 4721/508 1658/505
f 2694/509 4836/521 4850/515
f 4525/495 4281/523 4211/525
f 4439/529 4215/494 4211/525
f 4849/516 4836/521 4239/522
f 3151/510 2694/509 4191/528
f 4746/539 4525/495 154/537
f 4746/539 4701/536 2789/538
f 4687/513 4199/503 4721/508
f 4721/508 4198/512 4687/513
f 2694/509 3151/510 4400/511
f 4199/503 1665/520 4728/506
f 4726/504 4199/503 1336/507
f 4591/535 4701/536 154/537
f 4850/515 4191/528 2694/509
f 4721/508 4199/503 1658/505
f 4728/506 1336/507 4199/503
f 4439/529 4711/531 4215/494
f 4525/495 2789/538 4281/523
f 4199/503 4726/504 1658/505
f 2789/538 4525/495 4746/539
f 4191/528 1294/518 1659/514
f 4400/511 4439/529 4282/524
f 4215/494 4709/492 4708/493
f 4700/502 4203/498 4707/500
f 4709/492 4711/531 4713/491
f 4726/504 1336/507 1337/540
f 4711/531 4332/533 4671/532
f 4258/544 4050/545 4110/546
f 1060/564 2849/561 1843/552
f 4785/573 4689/554 4251/566
f 4689/554 4050/545 4258/544
f 4258/544 4397/559 4251/566
f 4110/546 4050/545 4165/556
f 1284/583 1324/577 1282/584
f 3903/547 4450/549 4451/576
f 1282/584 1324/577 4195/575
f 4251/566 4398/558 4185/565
f 4399/557 4397/559 241/560
f 4242/555 4785/573 4184/551
f 1282/584 1283/586 1284/583
f 4249/553 4689/554 4242/555
f 3903/547 4451/576 4243/574
f 4165/556 4249/553 4167/585
f 4251/566 4185/565 4785/573
f 1405/550 3953/571 4243/574
f 4450/549 4195/575 1324/577
f 4213/567 3953/571 1843/552
f 1205/578 4307/581 4226/568
f 4242/555 4184/551 4227/579
f 4225/542 4248/541 4227/579
f 4399/557 4398/558 4397/559
f 3903/547 2880/548 4450/549
f 1405/550 1205/578 4184/551
f 4676/570 1060/564 4398/558
f 4398/558 4399/557 4676/570
f 1405/550 4184/551 1843/552
f 4242/555 4689/554 4785/573
f 4227/579 4226/568 4225/542
f 4243/574 1605/572 3903/547
f 4225/542 4226/568 4280/543
f 4258/544 4251/566 4689/554
f 4397/559 4258/544 241/560
f 4235/582 4206/587 365/569
f 4248/541 4280/543 4167/585
f 4451/576 1324/577 4307/581
f 4243/574 3953/571 1605/572
f 4242/555 4227/579 4248/541
f 4450/549 2880/548 4195/575
f 4248/541 4249/553 4242/555
f 4050/545 4689/554 4249/553
f 1843/552 2849/561 4214/562
f 1284/583 4206/587 4235/582
f 4226/568 4235/582 365/569
f 1205/578 4227/579 4184/551
f 4860/580 3110/588 721/589
f 4050/545 4249/553 4165/556
f 4051/563 2849/561 1060/564
f 1060/564 1843/552 4184/551
f 1205/578 4226/568 4227/579
f 4185/565 1060/564 4184/551
f 4165/556 4860/580 4110/546
f 3953/571 4213/567 1605/572
f 4398/558 1060/564 4185/565
f 4397/559 4398/558 4251/566
f 1284/583 4307/581 1324/577
f 4110/546 4860/580 721/589
f 1843/552 4214/562 4213/567
f 1060/564 4676/570 4051/563
f 4185/565 4184/551 4785/573
f 4450/549 1324/577 4451/576
f 4307/581 4243/574 4451/576
f 1283/586 4206/587 1284/583
f 4226/568 4307/581 4235/582
f 1284/583 4235/582 4307/581
f 4280/543 4226/568 365/569
f 4167/585 4249/553 4248/541
f 4243/574 4307/581 1205/578
f 3953/571 1405/550 1843/552
f 1405/550 4243/574 1205/578
f 4248/541 4225/542 4280/543
f 3788/642 3543/658 3618/643
f 1292/644 1306/645 3751/618
f 1966/610 3451/594 672/611
f 1085/608 3451/594 3845/599
f 3708/633 3848/625 543/627
f 1076/628 349/626 1073/623
f 1072/648 3789/647 1305/649
f 3451/594 1966/610 764/590
f 3847/597 3793/598 3806/595
f 3805/630 3848/625 3708/633
f 349/626 1974/624 346/621
f 793/650 2038/651 3789/647
f 3789/647 1151/615 3350/646
f 793/650 792/652 794/654
f 3850/632 3807/620 3805/630
f 1967/591 764/590 1966/610
f 2037/653 3578/655 792/652
f 794/654 2038/651 793/650
f 3807/620 3860/631 1138/596
f 3551/606 1369/592 3544/635
f 3807/620 3546/629 3805/630
f 3806/595 3807/620 1138/596
f 349/626 1076/628 543/627
f 792/652 793/650 2037/653
f 3553/613 1292/644 776/605
f 669/607 3845/599 369/604
f 1974/624 543/627 3848/625
f 1974/624 349/626 543/627
f 3848/625 3808/619 1974/624
f 1974/624 3808/619 347/612
f 1069/614 1073/623 1082/622
f 3808/619 3793/598 347/612
f 1082/622 1151/615 1069/614
f 775/593 348/609 3451/594
f 348/609 346/621 347/612
f 3451/594 1085/608 672/611
f 1151/615 2038/651 1303/617
f 3808/619 3807/620 3806/595
f 1393/600 1138/596 3513/636
f 1079/638 1054/637 3513/636
f 3515/602 1393/600 3519/639
f 3515/602 1983/640 369/604
f 3515/602 3519/639 1983/640
f 3513/636 3860/631 1079/638
f 3513/636 1054/637 1393/600
f 3847/597 1138/596 1393/600
f 3860/631 3513/636 1138/596
f 776/605 3751/618 348/609
f 3850/632 3860/631 3807/620
f 1344/616 1151/615 1303/617
f 1069/614 1151/615 1344/616
f 1393/600 3515/602 3536/601
f 3847/597 1393/600 3536/601
f 3845/599 3847/597 3536/601
f 1306/645 3553/613 3350/646
f 1151/615 3751/618 1306/645
f 1967/591 3889/603 1369/592
f 3845/599 3793/598 3847/597
f 3789/647 3553/613 3543/658
f 3536/601 3515/602 369/604
f 3789/647 3350/646 3553/613
f 1305/649 3789/647 3790/641
f 1292/644 3751/618 776/605
f 349/626 1082/622 1073/623
f 776/605 1369/592 3551/606
f 2037/653 793/650 1072/648
f 3451/594 3793/598 3845/599
f 3845/599 669/607 1085/608
f 3845/599 3536/601 369/604
f 1369/592 776/605 764/590
f 3594/634 3544/635 1369/592
f 3546/629 3808/619 3848/625
f 1072/648 1305/649 2037/653
f 1377/656 792/652 3578/655
f 1151/615 1082/622 3751/618
f 1369/592 3889/603 3594/634
f 3789/647 1072/648 793/650
f 1306/645 1292/644 3553/613
f 3751/618 349/626 348/609
f 347/612 3451/594 348/609
f 3806/595 1138/596 3847/597
f 775/593 3451/594 764/590
f 3790/641 3789/647 3788/642
f 346/621 348/609 349/626
f 792/652 2039/657 794/654
f 764/590 1967/591 1369/592
f 3751/618 1082/622 349/626
f 3789/647 2038/651 1151/615
f 764/590 776/605 775/593
f 792/652 1377/656 2039/657
f 3350/646 1151/615 1306/645
f 3546/629 3807/620 3808/619
f 3793/598 3451/594 347/612
f 3805/630 3546/629 3848/625
f 1974/624 347/612 346/621
f 3551/606 3543/658 3553/613
f 3788/642 3789/647 3543/658
f 348/609 775/593 776/605
f 776/605 3551/606 3553/613
f 3806/595 3793/598 3808/619
f 3790/641 3788/642 3618/643
f 2038/651 794/654 1303/617
f 4630/663 4413/718 4412/662
f 4729/659 4474/660 4624/661
f 4323/739 4808/711 4322/686
f 4412/662 4474/660 4729/659
f 217/746 224/747 726/748
f 4254/681 4602/700 4229/719
f 4627/734 4323/739 4489/736
f 4630/663 4412/662 380/664
f 152/716 207/717 4802/673
f 152/716 4783/710 4813/709
f 4210/721 4808/711 4323/739
f 4729/659 4499/665 4767/666
f 4804/683 4783/710 4806/672
f 4165/737 4167/740 4166/738
f 4167/740 4280/732 4228/728
f 4505/667 4412/662 4729/659
f 4096/668 3110/669 4860/670
f 4507/671 4412/662 4505/667
f 4489/736 4322/686 4811/726
f 4806/672 4802/673 4923/674
f 4507/671 382/675 4412/662
f 4627/734 4489/736 4629/694
f 4160/727 4166/738 4167/740
f 237/712 4385/723 87/729
f 4161/676 4615/677 4584/678
f 4928/696 3032/698 4406/688
f 4166/738 4627/734 4096/668
f 4229/719 4601/703 4640/705
f 4252/679 4767/666 4513/680
f 726/748 224/747 4926/749
f 726/748 4926/749 182/750
f 4406/688 4602/700 4513/680
f 4505/667 4254/681 4507/671
f 4802/673 4783/710 152/716
f 4162/682 382/675 4507/671
f 4804/683 4806/672 4923/674
f 4627/734 4166/738 4236/724
f 4161/676 4162/682 4615/677
f 4923/674 4547/707 4621/706
f 87/729 8/720 237/712
f 4794/684 4268/685 4322/686
f 4553/687 4406/688 4513/680
f 60/741 212/730 73/742
f 4615/677 4162/682 176/704
f 4096/668 4627/734 4629/694
f 726/748 4544/745 217/746
f 4383/714 4262/690 4684/715
f 4513/680 4253/689 4252/679
f 4262/690 192/691 4776/692
f 4210/721 4323/739 4627/734
f 4416/693 4629/694 4457/695
f 4928/696 4414/697 4457/695
f 4808/711 4783/710 4804/683
f 159/725 4228/728 227/731
f 207/717 152/716 219/744
f 213/753 284/754 214/755
f 4553/687 4928/696 4406/688
f 4621/706 4640/705 4601/703
f 217/746 4544/745 219/744
f 219/744 4544/745 207/717
f 4252/679 4253/689 4254/681
f 4804/683 4923/674 4621/706
f 4228/728 4280/732 227/731
f 182/750 4544/745 726/748
f 4622/752 284/754 213/753
f 4489/736 4323/739 4322/686
f 4160/727 4167/740 4228/728
f 4926/749 4549/751 182/750
f 4622/752 213/753 4549/751
f 4928/696 4457/695 3032/698
f 4549/751 4926/749 4622/752
f 159/725 73/742 87/729
f 3110/669 4629/694 4416/693
f 190/713 237/712 8/720
f 4505/667 4729/659 4767/666
f 4621/706 4808/711 4804/683
f 4406/688 4606/699 4602/700
f 4406/688 3032/698 4606/699
f 4607/701 3032/698 4457/695
f 4860/670 4165/737 4096/668
f 237/712 190/713 4262/690
f 4606/699 3032/698 4607/701
f 4629/694 4489/736 4811/726
f 4602/700 4601/703 4229/719
f 4322/686 4808/711 4621/706
f 4236/724 4160/727 159/725
f 4818/708 4813/709 4783/710
f 4601/703 4268/685 4794/684
f 4165/737 4166/738 4096/668
f 4783/710 4684/715 4818/708
f 4606/699 4268/685 4504/702
f 4254/681 4505/667 4252/679
f 4507/671 4254/681 4162/682
f 4504/702 4602/700 4606/699
f 87/729 73/742 212/730
f 4416/693 4414/697 3110/669
f 4268/685 4601/703 4504/702
f 4210/721 4684/715 4808/711
f 4385/723 4236/724 159/725
f 227/731 4693/735 73/742
f 4236/724 4385/723 4210/721
f 4640/705 4621/706 4547/707
f 4811/726 4607/701 4629/694
f 365/733 4693/735 227/731
f 4160/727 4228/728 159/725
f 365/733 4206/743 4693/735
f 182/750 4549/751 4548/758
f 176/704 4162/682 4254/681
f 4808/711 4684/715 4783/710
f 4552/759 4549/751 213/753
f 87/729 212/730 8/720
f 4814/722 4818/708 4684/715
f 4549/751 4552/759 4550/760
f 4505/667 4767/666 4252/679
f 4548/758 729/757 182/750
f 4615/677 729/757 4548/758
f 4383/714 4210/721 4385/723
f 4268/685 4607/701 4322/686
f 4210/721 4627/734 4236/724
f 4545/761 4550/760 4625/762
f 4640/705 4547/707 4229/719
f 4550/760 4552/759 4625/762
f 4383/714 4385/723 237/712
f 227/731 4280/732 365/733
f 4549/751 4550/760 4548/758
f 4322/686 4607/701 4811/726
f 227/731 73/742 159/725
f 4814/722 4776/692 4813/709
f 4262/690 4776/692 4814/722
f 4253/689 4602/700 4254/681
f 4602/700 4504/702 4601/703
f 159/725 87/729 4385/723
f 4533/763 4584/678 4615/677
f 4550/760 4545/761 4533/763
f 4210/721 4383/714 4684/715
f 4629/694 3110/669 4096/668
f 4545/761 4546/764 4533/763
f 380/664 4412/662 382/675
f 4166/738 4160/727 4236/724
f 4552/759 4546/764 4625/762
f 4548/758 4533/763 4615/677
f 4546/764 4545/761 4625/762
f 4533/763 4548/758 4550/760
f 4322/686 4621/706 4794/684
f 4693/735 60/741 73/742
f 4546/764 4552/759 213/753
f 382/675 4161/676 380/664
f 4814/722 4684/715 4262/690
f 4262/690 190/713 192/691
f 4606/699 4607/701 4268/685
f 4253/689 4513/680 4602/700
f 382/675 4162/682 4161/676
f 4624/661 4499/665 4729/659
f 4629/694 4607/701 4457/695
f 4412/662 4413/718 4474/660
f 4601/703 4794/684 4621/706
f 4923/674 4802/673 207/717
f 203/756 4547/707 207/717
f 4806/672 4783/710 4802/673
f 182/750 203/756 4544/745
f 203/756 4229/719 4547/707
f 4544/745 203/756 207/717
f 176/704 4254/681 4229/719
f 4818/708 4814/722 4813/709
f 203/756 182/750 729/757
f 4262/690 4383/714 237/712
f 4547/707 4923/674 207/717
f 203/756 729/757 176/704
f 4229/719 203/756 176/704
f 4414/697 4416/693 4457/695
f 729/757 4615/677 176/704
f 3305/765 603/766 626/767
f 628/768 4106/769 626/767
f 3305/765 700/770 603/766
f 2903/771 626/767 4106/769
f 3305/765 3371/772 700/770
f 575/773 3286/774 2903/771
f 2903/771 2907/775 575/773
f 2283/776 4022/777 3369/778
f 4077/779 690/780 691/781
f 4109/846 2232/860 3304/835
f 4077/779 691/781 3799/782
f 3306/820 3304/835 2280/861
f 3363/799 1290/862 2587/833
f 3357/783 3362/784 3364/785
f 2283/776 3356/786 3359/787
f 691/781 4002/788 3799/782
f 2232/860 2280/861 3304/835
f 3356/786 3308/789 3359/787
f 3373/790 3421/791 2302/792
f 3357/783 2302/792 3421/791
f 3366/793 4002/788 3373/790
f 4028/794 3821/795 4027/796
f 3801/797 952/798 4028/794
f 4109/846 4108/832 2232/860
f 3357/783 3363/799 660/800
f 3363/799 3357/783 1290/862
f 585/801 2908/802 3308/789
f 4027/796 3820/803 4067/804
f 660/800 2302/792 3357/783
f 1330/805 3377/806 660/800
f 4157/807 4067/804 3820/803
f 3286/774 626/767 2903/771
f 660/800 3377/806 3341/808
f 1728/809 3821/795 952/798
f 3329/810 3308/789 2909/811
f 4067/804 4068/812 4013/813
f 3340/814 3341/808 3377/806
f 3341/808 3366/793 660/800
f 3378/815 3340/814 3377/806
f 4170/816 3366/793 4446/817
f 1728/809 1733/818 3821/795
f 3821/795 1733/818 3820/803
f 3709/819 3329/810 3306/820
f 4068/812 4020/821 4013/813
f 4447/822 3341/808 3340/814
f 4442/823 3340/814 3378/815
f 3366/793 3341/808 4446/817
f 4157/807 1111/824 966/825
f 4055/826 4023/827 3340/814
f 2913/828 2909/811 2958/829
f 4018/830 4013/813 4020/821
f 966/825 4020/821 4068/812
f 966/825 1111/824 1025/831
f 4108/832 4055/826 2587/833
f 3421/791 3359/787 3362/784
f 4023/827 4055/826 3372/834
f 3306/820 2913/828 3304/835
f 2958/829 2871/836 2913/828
f 4020/821 966/825 4062/837
f 1871/838 4446/817 4447/822
f 1025/831 1111/824 4446/817
f 4023/827 3372/834 1871/838
f 4055/826 4108/832 3372/834
f 3308/789 2908/802 2909/811
f 1871/838 3372/834 3375/839
f 3993/840 301/841 4062/837
f 3993/840 1885/842 301/841
f 1871/838 1885/842 1025/831
f 1850/843 1871/838 3375/839
f 2009/844 4448/845 4108/832
f 4109/846 2871/836 713/847
f 2284/863 3306/820 2280/861
f 3364/785 3709/819 2284/863
f 3359/787 3364/785 3362/784
f 700/770 702/848 691/781
f 3421/791 2283/776 3359/787
f 301/841 1885/842 4179/849
f 3308/789 3709/819 3364/785
f 3821/795 3820/803 4027/796
f 1111/824 1733/818 1728/809
f 1728/809 952/798 4170/816
f 4442/823 2587/833 4055/826
f 2284/863 1290/862 3357/783
f 3306/820 2284/863 3709/819
f 3364/785 2284/863 3357/783
f 1527/850 3366/793 4170/816
f 702/848 3371/772 4022/777
f 4179/849 1885/842 1850/843
f 702/848 700/770 3371/772
f 2284/863 2280/861 1290/862
f 1871/838 4447/822 4023/827
f 4109/846 2009/844 4108/832
f 1527/850 3799/782 4002/788
f 2957/851 713/847 2871/836
f 1527/850 4170/816 952/798
f 2232/860 4108/832 2587/833
f 585/801 575/773 573/853
f 2232/860 2587/833 2280/861
f 1290/862 2280/861 2587/833
f 3304/835 2913/828 2871/836
f 3840/864 4067/804 3846/865
f 3846/865 3880/866 3840/864
f 3799/782 1527/850 3801/797
f 3846/865 4067/804 3849/867
f 3981/868 4013/813 4018/830
f 4292/869 3849/867 3981/868
f 4013/813 3981/868 3849/867
f 3997/852 4448/845 2009/844
f 1871/838 1850/843 1885/842
f 3375/839 3372/834 4448/845
f 702/848 4022/777 3373/790
f 2871/836 2958/829 2957/851
f 3709/819 3308/789 3329/810
f 4022/777 3421/791 3373/790
f 4062/837 966/825 3993/840
f 3840/864 3880/866 3795/870
f 691/781 702/848 4002/788
f 3820/803 1733/818 4157/807
f 3849/867 4067/804 4013/813
f 4292/869 3846/865 3849/867
f 2958/829 3314/854 3315/856
f 626/767 603/766 628/768
f 3378/815 3377/806 1330/805
f 2913/828 3306/820 3329/810
f 690/780 603/766 700/770
f 966/825 1025/831 3993/840
f 3369/778 3356/786 2283/776
f 1527/850 952/798 3801/797
f 4108/832 4448/845 3372/834
f 1025/831 4446/817 1871/838
f 3286/774 3305/765 626/767
f 3305/765 3286/774 3369/778
f 3821/795 4028/794 952/798
f 4442/823 1330/805 2587/833
f 4020/821 4062/837 4018/830
f 2871/836 4109/846 3304/835
f 603/766 690/780 717/857
f 3314/854 2908/802 2916/855
f 3997/852 3375/839 4448/845
f 2913/828 3329/810 2909/811
f 691/781 690/780 700/770
f 717/857 605/858 603/766
f 660/800 3366/793 2302/792
f 4106/769 2907/775 2903/771
f 3369/778 3286/774 3356/786
f 3378/815 1330/805 4442/823
f 585/801 2916/855 2908/802
f 702/848 3373/790 4002/788
f 4157/807 966/825 4068/812
f 3356/786 3286/774 575/773
f 603/766 605/858 628/768
f 3366/793 1527/850 4002/788
f 3997/852 1850/843 3375/839
f 4446/817 1728/809 4170/816
f 2909/811 2908/802 3314/854
f 2902/859 4106/769 628/768
f 3369/778 4022/777 3371/772
f 3341/808 4447/822 4446/817
f 4055/826 3340/814 4442/823
f 4157/807 4068/812 4067/804
f 1025/831 1885/842 3993/840
f 3421/791 3362/784 3357/783
f 3308/789 575/773 585/801
f 4447/822 3340/814 4023/827
f 2909/811 3314/854 2958/829
f 2283/776 3421/791 4022/777
f 4157/807 1733/818 1111/824
f 3363/799 2587/833 1330/805
f 3363/799 1330/805 660/800
f 3315/856 2957/851 2958/829
f 3359/787 3308/789 3364/785
f 3371/772 3305/765 3369/778
f 1111/824 1728/809 4446/817
f 3366/793 3373/790 2302/792
f 3356/786 575/773 3308/789
f 573/853 575/773 2907/775
f 3554/929 3176/931 3456/920
f 1273/906 2213/911 3622/923
f 1288/932 3322/947 1238/938
f 1221/936 1288/932 1279/935
f 1357/973 3635/972 3429/981
f 3790/980 3618/971 1357/973
f 3554/929 3456/920 3294/922
f 1291/914 3744/904 1275/910
f 3603/956 3173/944 3618/971
f 1257/915 3473/907 1777/912
f 3190/943 1352/933 3176/931
f 1349/975 1293/974 1779/979
f 1349/975 1356/977 3520/978
f 3635/972 1293/974 1296/976
f 3635/972 1315/930 3445/952
f 1293/974 1349/975 1296/976
f 3635/972 1357/973 3188/970
f 1357/973 3618/971 3190/943
f 3665/873 3650/872 3512/903
f 3500/916 3619/917 1269/918
f 1293/974 3635/972 3445/952
f 3539/946 3600/926 3682/928
f 3188/970 1357/973 3190/943
f 3188/970 1315/930 3635/972
f 3665/873 3744/904 1834/905
f 3173/944 3190/943 3618/971
f 1296/976 3429/981 3635/972
f 3749/940 3173/944 3603/956
f 3218/982 3429/981 3520/978
f 1276/927 3600/926 1288/932
f 3429/981 3218/982 3790/980
f 3190/943 1315/930 3188/970
f 3429/981 1296/976 3520/978
f 1779/979 1356/977 1349/975
f 3518/945 3621/925 3517/924
f 1285/919 1834/905 3744/904
f 1223/950 1222/949 3600/926
f 3744/904 1269/918 1285/919
f 3634/921 3456/920 3462/934
f 1599/968 1834/905 3652/963
f 1235/961 1857/959 1274/958
f 3665/873 1834/905 1599/968
f 3621/925 1235/961 1274/958
f 1632/876 3601/895 3623/965
f 3518/945 3517/924 1223/950
f 1856/966 3624/964 1857/959
f 3771/948 3569/883 3539/946
f 3661/892 3663/954 3466/890
f 3668/893 2516/955 1670/896
f 3518/945 3569/883 3599/874
f 3601/895 3466/890 3663/954
f 1273/906 3473/907 3474/908
f 3173/944 3749/940 3637/937
f 3652/963 3658/962 3773/969
f 3773/969 3658/962 3774/967
f 3622/923 3621/925 1273/906
f 3173/944 3637/937 1352/933
f 1242/942 1238/938 3322/947
f 3190/943 3176/931 1315/930
f 1352/933 3190/943 3173/944
f 3500/916 1257/915 3619/917
f 3623/965 1856/966 1632/876
f 1599/968 3598/953 2516/955
f 1221/936 1279/935 3462/934
f 3661/892 2516/955 3663/954
f 3543/983 3551/957 3603/956
f 3618/971 3543/983 3603/956
f 1599/968 3652/963 3598/953
f 3622/923 1222/949 1223/950
f 3512/903 3744/904 3665/873
f 1349/975 3520/978 1296/976
f 3668/893 3666/897 685/886
f 1285/919 3652/963 1834/905
f 1856/966 1857/959 1235/961
f 3658/962 3624/964 3774/967
f 1777/912 1274/958 3568/960
f 3539/946 3569/883 3518/945
f 1357/973 3429/981 3790/980
f 1315/930 1745/951 3445/952
f 3598/953 3652/963 3773/969
f 3773/969 3774/967 3598/953
f 1275/910 3512/903 378/909
f 3474/908 2213/911 1273/906
f 3322/947 3600/926 1222/949
f 3744/904 1291/914 1269/918
f 3554/929 1745/951 1315/930
f 3278/913 3473/907 1257/915
f 2516/955 3668/893 1599/968
f 3600/926 3518/945 1223/950
f 1273/906 1777/912 3473/907
f 3443/902 3740/901 3597/891
f 3512/903 3650/872 378/909
f 1236/939 1238/938 1242/942
f 3617/941 3682/928 1276/927
f 3623/965 3663/954 3598/953
f 3598/953 3663/954 2516/955
f 3278/913 2213/911 3474/908
f 3462/934 1279/935 3634/921
f 3603/956 3551/957 3602/879
f 1670/896 2516/955 3661/892
f 3518/945 3600/926 3539/946
f 3749/940 3603/956 3602/879
f 3771/948 3749/940 3602/879
f 3602/879 3595/881 3771/948
f 1276/927 1221/936 3617/941
f 1632/876 3567/885 1633/894
f 3666/897 3597/891 3740/901
f 1279/935 1288/932 1238/938
f 3597/891 3644/900 3443/902
f 1223/950 3517/924 3622/923
f 1285/919 1269/918 3619/917
f 3518/945 3599/874 1235/961
f 3771/948 3595/881 3569/883
f 3668/893 3665/873 1599/968
f 3666/897 3661/892 3597/891
f 3637/937 3617/941 1221/936
f 3569/883 3545/882 3548/875
f 3664/871 3650/872 3665/873
f 3539/946 3682/928 3771/948
f 3599/874 3548/875 1632/876
f 813/877 3664/871 798/878
f 1273/906 3621/925 1274/958
f 3634/921 1279/935 1236/939
f 3602/879 3544/880 3595/881
f 1242/942 3322/947 1222/949
f 798/878 3664/871 3665/873
f 1777/912 1273/906 1274/958
f 1274/958 1857/959 3568/960
f 3595/881 3545/882 3569/883
f 1235/961 3621/925 3518/945
f 3500/916 1269/918 1291/914
f 3600/926 3322/947 1288/932
f 1777/912 3568/960 3619/917
f 3598/953 3774/967 3623/965
f 3658/962 3652/963 1285/919
f 3624/964 3568/960 1857/959
f 3684/884 798/878 3665/873
f 3554/929 1315/930 3176/931
f 3567/885 1632/876 3545/882
f 3601/895 3663/954 3623/965
f 3619/917 3568/960 3624/964
f 3278/913 3474/908 3473/907
f 3594/889 3595/881 3544/880
f 3176/931 1352/933 3456/920
f 3597/891 3466/890 3644/900
f 796/899 3666/897 3740/901
f 3548/875 3545/882 1632/876
f 3512/903 1275/910 3744/904
f 798/878 685/886 678/887
f 3551/957 3544/880 3602/879
f 3749/940 3617/941 3637/937
f 3658/962 3619/917 3624/964
f 3545/882 3595/881 3567/885
f 1777/912 3619/917 1257/915
f 3624/964 1856/966 3623/965
f 1288/932 1221/936 1276/927
f 3440/888 3595/881 3594/889
f 798/878 3684/884 685/886
f 3600/926 1276/927 3682/928
f 3466/890 3597/891 3661/892
f 3595/881 3440/888 3567/885
f 1633/894 3645/898 3644/900
f 1633/894 3644/900 3466/890
f 3599/874 1632/876 1856/966
f 3661/892 3666/897 1670/896
f 3666/897 796/899 685/886
f 3684/884 3665/873 3668/893
f 3617/941 3771/948 3682/928
f 3650/872 3664/871 813/877
f 3599/874 1856/966 1235/961
f 3684/884 3668/893 685/886
f 1279/935 1238/938 1236/939
f 3456/920 3634/921 3294/922
f 1632/876 1633/894 3601/895
f 3624/964 3623/965 3774/967
f 1352/933 3462/934 3456/920
f 3567/885 3440/888 1633/894
f 3569/883 3548/875 3599/874
f 1352/933 1221/936 3462/934
f 3637/937 1221/936 1352/933
f 3622/923 3517/924 3621/925
f 678/887 813/877 798/878
f 1633/894 3440/888 3645/898
f 1633/894 3466/890 3601/895
f 3749/940 3771/948 3617/941
f 3668/893 1670/896 3666/897
f 1285/919 3619/917 3658/962
f 4094/1044 2910/1048 2905/1049
f 2768/1093 2748/1105 2754/1091
f 2792/1098 2791/1099 2763/1100
f 2862/1039 4094/1044 2914/1032
f 2910/1048 2870/1050 2905/1049
f 2799/1086 2801/1087 2798/1082
f 2877/1047 2910/1048 2859/1045
f 480/992 495/1004 597/990
f 4404/1046 4073/1031 4072/1030
f 2757/1083 2794/1084 2812/1085
f 2859/1045 4094/1044 2862/1039
f 2798/1082 2750/1078 2764/1072
f 4354/1008 4014/1002 3296/999
f 4070/1029 2854/1025 2632/1028
f 2798/1082 2748/1105 2768/1093
f 4097/1037 3285/1043 4072/1030
f 4094/1044 3284/1036 2899/1035
f 3285/1043 2895/1041 2873/1040
f 2873/1040 2895/1041 2872/1042
f 2868/1009 600/1018 599/1003
f 4097/1037 4072/1030 2900/1034
f 2754/1091 445/1077 2795/1092
f 4070/1029 2632/1028 4072/1030
f 2768/1093 2795/1092 2750/1078
f 2857/1051 2910/1048 2877/1047
f 4073/1031 4017/1033 4070/1029
f 2838/1080 2859/1045 2869/1081
f 3283/1038 2862/1039 2914/1032
f 2791/1099 2838/1080 2817/1079
f 3766/1000 3316/1007 4078/1017
f 2754/1091 2763/1100 2674/1088
f 3284/1036 4097/1037 2900/1034
f 2807/1106 2674/1088 2763/1100
f 568/1014 779/1012 475/1005
f 2674/1088 445/1077 2754/1091
f 2817/1079 2812/1085 2807/1106
f 478/1063 2740/1094 438/1062
f 3296/999 4014/1002 3997/998
f 2817/1079 2838/1080 2869/1081
f 2674/1088 476/1066 445/1077
f 2812/1085 2817/1079 3283/1038
f 3283/1038 2832/1027 2812/1085
f 2900/1034 4072/1030 2632/1028
f 2832/1027 566/1013 2757/1083
f 2876/1053 2866/1095 2865/1090
f 2673/1074 2794/1084 2757/1083
f 4017/1033 2904/1023 4070/1029
f 2870/1050 2887/1052 2872/1042
f 2791/1099 2817/1079 2807/1106
f 2698/1096 2811/1070 2756/1097
f 2751/1103 2769/1076 2728/1104
f 571/1026 2899/1035 2900/1034
f 2813/1102 2763/1100 2748/1105
f 2757/1083 566/1013 2673/1074
f 253/1069 251/1060 531/1059
f 2865/1090 2866/1095 2855/1101
f 52/1067 51/1056 251/1060
f 2794/1084 2674/1088 2807/1106
f 2900/1034 4111/1020 571/1026
f 2764/1072 2799/1086 2798/1082
f 2814/1075 2673/1074 475/1005
f 2877/1047 2859/1045 2866/1095
f 2812/1085 2832/1027 2757/1083
f 2748/1105 2763/1100 2754/1091
f 2814/1075 475/1005 2800/1108
f 4111/1020 2900/1034 2632/1028
f 2763/1100 2791/1099 2807/1106
f 495/1004 475/1005 779/1012
f 2854/1025 3333/1019 2632/1028
f 2813/1102 2855/1101 2792/1098
f 4070/1029 2904/1023 2854/1025
f 2769/1076 253/1069 561/1107
f 445/1077 476/1066 52/1067
f 2869/1081 2859/1045 3283/1038
f 2904/1023 4017/1033 2140/1024
f 476/1066 2674/1088 556/1073
f 2859/1045 2838/1080 2866/1095
f 2866/1095 2838/1080 2792/1098
f 445/1077 2769/1076 2751/1103
f 2751/1103 2795/1092 445/1077
f 3333/1019 4081/1016 4354/1008
f 2869/1081 3283/1038 2817/1079
f 570/1022 567/1021 2914/1032
f 52/1067 251/1060 253/1069
f 428/1064 51/1056 436/1055
f 556/1073 478/1063 476/1066
f 2811/1070 2750/1078 2728/1104
f 251/1060 250/1065 426/1068
f 2814/1075 2740/1094 478/1063
f 2754/1091 2795/1092 2768/1093
f 51/1056 52/1067 47/1057
f 2855/1101 2866/1095 2792/1098
f 51/1056 250/1065 251/1060
f 253/1069 2769/1076 52/1067
f 4070/1029 4072/1030 4073/1031
f 2856/1089 2801/1087 2865/1090
f 2632/1028 3333/1019 4111/1020
f 2904/1023 2140/1024 2132/1015
f 2674/1088 2794/1084 556/1073
f 567/1021 566/1013 2832/1027
f 2800/1108 2740/1094 2814/1075
f 2868/1009 570/1022 571/1026
f 570/1022 779/1012 567/1021
f 426/1068 249/1061 251/1060
f 600/1018 598/1011 597/990
f 2763/1100 2813/1102 2792/1098
f 4354/1008 598/1011 3333/1019
f 2811/1070 2777/1071 2764/1072
f 3283/1038 2859/1045 2862/1039
f 475/1005 2673/1074 566/1013
f 476/1066 47/1057 52/1067
f 600/1018 4111/1020 3333/1019
f 2854/1025 4078/1017 4081/1016
f 2914/1032 4094/1044 2899/1035
f 4078/1017 2904/1023 3935/1010
f 2140/1024 4180/1006 2132/1015
f 2132/1015 3935/1010 2904/1023
f 566/1013 567/1021 568/1014
f 2868/1009 779/1012 570/1022
f 567/1021 779/1012 568/1014
f 2868/1009 4111/1020 600/1018
f 476/1066 478/1063 47/1057
f 428/1064 250/1065 51/1056
f 47/1057 438/1062 443/1058
f 2899/1035 3284/1036 2900/1034
f 438/1062 47/1057 478/1063
f 478/1063 556/1073 2673/1074
f 2751/1103 2728/1104 2795/1092
f 2698/1096 2777/1071 2811/1070
f 2799/1086 2764/1072 2777/1071
f 4111/1020 2868/1009 571/1026
f 2795/1092 2728/1104 2750/1078
f 2856/1089 2865/1090 2855/1101
f 2856/1089 2798/1082 2801/1087
f 600/1018 597/990 599/1003
f 598/1011 600/1018 3333/1019
f 3316/1007 4081/1016 4078/1017
f 3935/1010 2132/1015 4180/1006
f 566/1013 568/1014 475/1005
f 495/1004 779/1012 2868/1009
f 2811/1070 2728/1104 2756/1097
f 531/1059 251/1060 249/1061
f 2877/1047 2866/1095 2876/1053
f 47/1057 443/1058 436/1055
f 2009/994 692/993 3296/999
f 2814/1075 478/1063 2673/1074
f 52/1067 2769/1076 445/1077
f 301/996 4030/988 4062/987
f 571/1026 570/1022 2899/1035
f 3766/1000 4078/1017 3935/1010
f 436/1055 51/1056 47/1057
f 598/1011 692/993 597/990
f 2857/1051 2877/1047 2876/1053
f 713/986 3307/985 526/991
f 598/1011 4354/1008 692/993
f 3285/1043 2905/1049 2895/1041
f 3766/1000 3935/1010 4179/997
f 2855/1101 2813/1102 2856/1089
f 2870/1050 2872/1042 2895/1041
f 4072/1030 2873/1040 4404/1046
f 3935/1010 4180/1006 4179/997
f 495/1004 2868/1009 599/1003
f 2899/1035 570/1022 2914/1032
f 2811/1070 2764/1072 2750/1078
f 2856/1089 2748/1105 2798/1082
f 3296/999 692/993 4354/1008
f 2854/1025 4081/1016 3333/1019
f 556/1073 2794/1084 2673/1074
f 2798/1082 2768/1093 2750/1078
f 3284/1036 4094/1044 2905/1049
f 2856/1089 2813/1102 2748/1105
f 4094/1044 2859/1045 2910/1048
f 4014/1002 3316/1007 3766/1000
f 4097/1037 2905/1049 3285/1043
f 3766/1000 4179/997 1850/1001
f 2914/1032 2832/1027 3283/1038
f 4030/988 4179/997 4180/1006
f 2854/1025 2904/1023 4078/1017
f 2857/1051 2870/1050 2910/1048
f 475/1005 495/1004 480/992
f 2887/1052 2857/1051 2876/1053
f 599/1003 597/990 495/1004
f 4014/1002 1850/1001 3997/998
f 4019/989 4018/1054 4062/987
f 3285/1043 2873/1040 4072/1030
f 2838/1080 2791/1099 2792/1098
f 692/993 713/986 597/990
f 3766/1000 1850/1001 4014/1002
f 3997/998 2009/994 3296/999
f 2832/1027 2914/1032 567/1021
f 4030/988 301/996 4179/997
f 2895/1041 2905/1049 2870/1050
f 597/990 713/986 526/991
f 2905/1049 4097/1037 3284/1036
f 2857/1051 2887/1052 2870/1050
f 4354/1008 4081/1016 4014/1002
f 4014/1002 4081/1016 3316/1007
f 692/993 4109/995 713/986
f 692/993 2009/994 4109/995
f 597/990 526/991 480/992
f 4062/987 4030/988 4019/989
f 2957/984 3307/985 713/986
f 2794/1084 2807/1106 2812/1085
f 2728/1104 2769/1076 561/1107
f 4639/1192 1346/1188 4632/1193
f 1346/1188 4639/1192 222/1187
f 218/1170 202/1174 217/1172
f 812/1116 4736/1132 811/1114
f 4203/1140 4219/1133 4216/1142
f 222/1187 4639/1192 284/1185
f 4497/1134 4700/1131 1057/1135
f 229/1165 226/1148 232/1112
f 336/1167 337/1168 4725/1111
f 811/1114 4772/1144 149/1115
f 7/1159 8/1129 212/1160
f 192/1123 158/1124 230/1125
f 4725/1111 232/1112 231/1109
f 336/1167 4727/1171 337/1168
f 804/1121 235/1127 138/1122
f 216/1110 804/1121 149/1115
f 287/1175 4727/1171 339/1177
f 338/1173 339/1177 4727/1171
f 4784/1143 4772/1144 150/1119
f 145/1120 146/1128 4232/1130
f 235/1127 804/1121 216/1110
f 232/1112 4805/1113 231/1109
f 7/1159 212/1160 60/1161
f 223/1181 4926/1191 224/1180
f 222/1187 4622/1186 4926/1191
f 4598/1126 4736/1132 4497/1134
f 232/1112 337/1168 228/1166
f 156/1156 154/1163 4221/1231
f 4559/1137 4760/1118 4598/1126
f 812/1116 802/1232 4219/1133
f 811/1114 4598/1126 151/1117
f 219/1169 152/1147 218/1170
f 242/1164 4611/1157 153/1158
f 341/1178 288/1182 339/1177
f 287/1175 288/1182 1347/1183
f 4496/1150 4497/1134 2784/1136
f 4221/1231 802/1232 715/1155
f 802/1232 812/1116 715/1155
f 4190/1184 1320/1190 4189/1189
f 341/1178 1320/1190 4190/1184
f 228/1166 4727/1171 202/1174
f 4220/1230 4221/1231 4739/1229
f 1347/1183 4632/1193 1346/1188
f 1347/1183 4190/1184 4189/1189
f 4221/1231 715/1155 156/1156
f 4219/1133 4220/1230 4217/1228
f 288/1182 287/1175 339/1177
f 230/1125 157/1154 4805/1113
f 4765/1139 4784/1143 150/1119
f 153/1158 60/1161 242/1164
f 202/1174 224/1180 217/1172
f 801/1179 1346/1188 223/1181
f 224/1180 202/1174 223/1181
f 1347/1183 1346/1188 801/1179
f 284/1185 4622/1186 222/1187
f 151/1117 150/1119 811/1114
f 228/1166 152/1147 229/1165
f 4611/1157 4591/1162 156/1156
f 4813/1145 4773/1146 152/1147
f 146/1128 8/1129 4232/1130
f 225/1176 801/1179 202/1174
f 225/1176 287/1175 801/1179
f 226/1148 4805/1113 232/1112
f 4221/1231 4219/1133 802/1232
f 715/1155 4232/1130 156/1156
f 4216/1142 4739/1229 154/1163
f 157/1154 138/1122 235/1127
f 229/1165 232/1112 228/1166
f 235/1127 4805/1113 157/1154
f 4221/1231 154/1163 4739/1229
f 4221/1231 4220/1230 4219/1133
f 231/1109 216/1110 4725/1111
f 4760/1118 4765/1139 150/1119
f 149/1115 804/1121 812/1116
f 146/1128 145/1120 158/1124
f 4216/1142 4217/1228 4739/1229
f 4739/1229 4217/1228 4220/1230
f 4611/1157 4232/1130 153/1158
f 812/1116 804/1121 715/1155
f 715/1155 145/1120 4232/1130
f 230/1125 158/1124 157/1154
f 202/1174 218/1170 228/1166
f 152/1147 171/1149 226/1148
f 715/1155 804/1121 145/1120
f 153/1158 4232/1130 7/1159
f 4217/1228 4216/1142 4219/1133
f 156/1156 4591/1162 154/1163
f 4700/1131 4736/1132 4219/1133
f 152/1147 228/1166 218/1170
f 152/1147 4773/1146 171/1149
f 4219/1133 4736/1132 812/1116
f 339/1177 338/1173 341/1178
f 4488/1138 4598/1126 4496/1150
f 232/1112 4725/1111 337/1168
f 215/1152 4725/1111 216/1110
f 145/1120 138/1122 158/1124
f 146/1128 158/1124 192/1123
f 216/1110 231/1109 235/1127
f 146/1128 190/1151 8/1129
f 3390/1198 4803/1197 4799/1222
f 334/1194 4725/1111 215/1152
f 4772/1144 4784/1143 221/1195
f 336/1167 4725/1111 334/1194
f 336/1167 322/1196 338/1173
f 4803/1197 3390/1198 3415/1199
f 4712/1224 4677/1223 4683/1225
f 2723/1200 3388/1201 3390/1198
f 221/1195 4890/1202 334/1194
f 4712/1224 4765/1139 4559/1137
f 4683/1225 4677/1223 4486/1227
f 351/1203 1320/1190 341/1178
f 3384/1204 3334/1205 3388/1201
f 335/1206 334/1194 4890/1202
f 323/1207 322/1196 335/1206
f 338/1173 4197/1208 341/1178
f 356/1209 3454/1210 321/1211
f 351/1203 353/1212 352/1213
f 4890/1202 4784/1143 4484/1214
f 4723/1226 4799/1222 4677/1223
f 4598/1126 811/1114 4736/1132
f 3334/1205 3293/1215 3388/1201
f 190/1151 146/1128 192/1123
f 215/1152 221/1195 334/1194
f 354/1216 353/1212 36/1217
f 4484/1214 3415/1199 4890/1202
f 335/1206 4890/1202 323/1207
f 4683/1225 4784/1143 4765/1139
f 4632/1193 1347/1183 4189/1189
f 7/1159 60/1161 153/1158
f 4784/1143 4890/1202 221/1195
f 4486/1227 4784/1143 4683/1225
f 215/1152 149/1115 4772/1144
f 4484/1214 4486/1227 4677/1223
f 4784/1143 4486/1227 4484/1214
f 4803/1197 4484/1214 4677/1223
f 4197/1208 323/1207 37/1218
f 351/1203 341/1178 36/1217
f 2723/1200 3390/1198 4799/1222
f 7/1159 4232/1130 8/1129
f 158/1124 138/1122 157/1154
f 4712/1224 4723/1226 4677/1223
f 4712/1224 4683/1225 4765/1139
f 343/1219 35/1220 357/1221
f 4799/1222 4803/1197 4677/1223
f 4727/1171 225/1176 202/1174
f 4190/1184 288/1182 341/1178
f 3454/1210 3293/1215 3334/1205
f 151/1117 4760/1118 150/1119
f 4190/1184 1347/1183 288/1182
f 4219/1133 4203/1140 4700/1131
f 287/1175 225/1176 4727/1171
f 230/1125 4805/1113 171/1149
f 37/1218 321/1211 35/1220
f 4736/1132 4700/1131 4497/1134
f 4773/1146 4776/1141 230/1125
f 811/1114 149/1115 812/1116
f 4773/1146 4775/1153 4776/1141
f 3293/1215 356/1209 3388/1201
f 4890/1202 3415/1199 356/1209
f 4776/1141 192/1123 230/1125
f 4496/1150 4598/1126 4497/1134
f 36/1217 4197/1208 37/1218
f 3384/1204 3388/1201 2723/1200
f 1346/1188 222/1187 223/1181
f 337/1168 4727/1171 228/1166
f 4773/1146 230/1125 171/1149
f 4813/1145 4775/1153 4773/1146
f 37/1218 4890/1202 321/1211
f 226/1148 171/1149 4805/1113
f 323/1207 4890/1202 37/1218
f 226/1148 229/1165 152/1147
f 335/1206 322/1196 336/1167
f 4803/1197 3415/1199 4484/1214
f 4232/1130 4611/1157 156/1156
f 4598/1126 4760/1118 151/1117
f 4926/1191 223/1181 222/1187
f 149/1115 215/1152 216/1110
f 4497/1134 1057/1135 2784/1136
f 218/1170 217/1172 219/1169
f 231/1109 4805/1113 235/1127
f 4559/1137 4765/1139 4760/1118
f 3454/1210 357/1221 35/1220
f 341/1178 4197/1208 36/1217
f 1320/1190 351/1203 352/1213
f 3388/1201 356/1209 3415/1199
f 145/1120 804/1121 138/1122
f 202/1174 801/1179 223/1181
f 334/1194 335/1206 336/1167
f 3293/1215 3454/1210 356/1209
f 4772/1144 811/1114 150/1119
f 351/1203 36/1217 353/1212
f 1347/1183 801/1179 287/1175
f 321/1211 3454/1210 35/1220
f 322/1196 323/1207 4197/1208
f 36/1217 37/1218 35/1220
f 338/1173 4727/1171 336/1167
f 35/1220 343/1219 354/1216
f 353/1212 354/1216 343/1219
f 4559/1137 4598/1126 4488/1138
f 36/1217 35/1220 354/1216
f 3415/1199 3390/1198 3388/1201
f 356/1209 321/1211 4890/1202
f 4813/1145 4776/1141 4775/1153
f 4197/1208 338/1173 322/1196
f 221/1195 215/1152 4772/1144
f 437/1309 448/1310 4429/1311
f 437/1309 4429/1311 553/1312
f 553/1312 439/1313 437/1309
f 553/1312 454/1314 439/1313
f 463/1315 454/1314 465/1316
f 440/1317 439/1313 454/1314
f 450/1236 439/1313 440/1317
f 4433/1318 4477/1319 456/1320
f 465/1316 3158/1321 464/1322
f 4562/1250 450/1236 440/1317
f 456/1320 461/1323 464/1322
f 3158/1321 4433/1318 464/1322
f 460/1324 4562/1250 440/1317
f 460/1324 463/1315 461/1323
f 460/1324 440/1317 463/1315
f 448/1310 437/1309 450/1236
f 463/1315 464/1322 461/1323
f 437/1309 439/1313 450/1236
f 464/1322 4433/1318 456/1320
f 465/1316 464/1322 463/1315
f 415/1239 448/1310 450/1236
f 454/1314 463/1315 440/1317
f 398/1245 448/1310 415/1239
f 2863/1288 4099/1325 2760/1297
f 398/1245 2761/1299 448/1310
f 569/1326 4099/1325 486/1327
f 2265/1300 569/1326 483/1328
f 4420/1329 448/1310 2745/1330
f 553/1312 466/1331 454/1314
f 4429/1311 4420/1329 553/1312
f 466/1331 3158/1321 465/1316
f 2781/1332 2745/1330 2719/1333
f 483/1328 486/1327 485/1334
f 733/1335 553/1312 4420/1329
f 2781/1332 4679/1336 4420/1329
f 4420/1329 4679/1336 733/1335
f 491/1337 486/1327 50/1338
f 3156/1339 455/1340 469/1341
f 455/1340 733/1335 469/1341
f 733/1335 4679/1336 76/1342
f 3156/1339 4433/1318 3158/1321
f 4528/1305 2265/1300 2719/1333
f 3156/1339 469/1341 468/1343
f 76/1342 469/1341 733/1335
f 4477/1319 4433/1318 467/1344
f 2719/1333 2265/1300 491/1337
f 2781/1332 491/1337 4634/1345
f 497/1346 502/1347 490/1348
f 490/1348 4432/1349 496/1350
f 4679/1336 2781/1332 4634/1345
f 496/1350 497/1346 490/1348
f 491/1337 2265/1300 483/1328
f 468/1343 467/1344 4433/1318
f 466/1331 455/1340 3158/1321
f 498/1351 4432/1349 467/1344
f 491/1337 2781/1332 2719/1333
f 498/1351 467/1344 58/1352
f 74/1353 50/1338 75/1354
f 468/1343 74/1353 58/1352
f 57/1355 498/1351 58/1352
f 486/1327 491/1337 485/1334
f 2760/1297 4099/1325 569/1326
f 498/1351 59/1356 496/1350
f 733/1335 455/1340 553/1312
f 468/1343 76/1342 74/1353
f 465/1316 454/1314 466/1331
f 2781/1332 4420/1329 2745/1330
f 59/1356 57/1355 53/1357
f 483/1328 569/1326 486/1327
f 2761/1299 2719/1333 2745/1330
f 50/1338 4634/1345 491/1337
f 553/1312 455/1340 466/1331
f 2745/1330 448/1310 2761/1299
f 2821/1307 2820/1263 2841/1294
f 2685/1291 3839/1265 4113/1260
f 2744/1306 2759/1268 4529/1277
f 2760/1297 569/1326 2265/1300
f 2820/1263 2915/1276 2912/1284
f 483/1328 485/1334 491/1337
f 2915/1276 2820/1263 3315/1278
f 2821/1307 3315/1278 2820/1263
f 2738/1280 2841/1294 2830/1283
f 58/1352 74/1353 75/1354
f 468/1343 58/1352 467/1344
f 4669/1272 4417/1271 4528/1305
f 4417/1271 2685/1291 2265/1300
f 50/1338 74/1353 76/1342
f 498/1351 57/1355 59/1356
f 2915/1276 1110/1275 2912/1284
f 75/1354 492/1358 53/1357
f 4420/1329 4429/1311 448/1310
f 53/1357 58/1352 75/1354
f 3307/1279 2957/1308 2821/1307
f 76/1342 468/1343 469/1341
f 2671/1289 2740/1292 2800/1293
f 2819/1262 2770/1259 2669/1261
f 2841/1294 2819/1262 2830/1283
f 2992/1249 2747/1290 2743/1295
f 4528/1305 2719/1333 2761/1299
f 3009/1287 4529/1277 2761/1299
f 58/1352 53/1357 57/1355
f 4433/1318 3156/1339 468/1343
f 76/1342 4634/1345 50/1338
f 4432/1349 4477/1319 467/1344
f 3156/1339 3158/1321 455/1340
f 4432/1349 498/1351 496/1350
f 2992/1249 2743/1295 4105/1247
f 2671/1289 2810/1302 2747/1290
f 3009/1287 4539/1286 2744/1306
f 76/1342 4679/1336 4634/1345
f 59/1356 497/1346 496/1350
f 2578/1359 601/1360 2902/1361
f 4417/1271 2265/1300 4528/1305
f 4560/1269 2823/1266 4418/1270
f 2738/1280 3307/1279 2841/1294
f 2841/1294 2820/1263 2819/1262
f 2292/1362 2863/1288 2864/1233
f 2292/1362 2906/1363 2863/1288
f 2743/1295 482/1303 4156/1304
f 2821/1307 2957/1308 3315/1278
f 2292/1362 2864/1233 573/1235
f 584/1296 482/1303 480/1298
f 2292/1362 573/1235 563/1364
f 429/1238 415/1239 450/1236
f 562/1365 704/1366 4099/1325
f 2743/1295 2747/1290 2810/1302
f 3839/1265 4669/1272 4418/1270
f 3839/1265 2685/1291 4417/1271
f 563/1364 573/1235 2907/1367
f 4099/1325 704/1366 486/1327
f 584/1296 4156/1304 482/1303
f 3307/1279 2821/1307 2841/1294
f 4113/1260 2770/1259 2860/1273
f 2744/1306 4560/1269 2759/1268
f 563/1364 786/1368 562/1365
f 4539/1286 4156/1304 4560/1269
f 2810/1302 475/1301 482/1303
f 2863/1288 2818/1264 2912/1284
f 705/1369 784/1370 2707/1371
f 784/1370 786/1368 3838/1372
f 705/1369 786/1368 784/1370
f 2906/1363 4099/1325 2863/1288
f 482/1303 475/1301 480/1298
f 486/1327 470/1373 50/1338
f 3838/1372 4106/1374 4107/1375
f 601/1360 4106/1374 2902/1361
f 2671/1289 2800/1293 2810/1302
f 3838/1372 4107/1375 595/1376
f 574/1377 602/1378 72/1379
f 4529/1277 3009/1287 2744/1306
f 4539/1286 4560/1269 2744/1306
f 2761/1299 4529/1277 4528/1305
f 704/1366 2707/1371 470/1373
f 50/1338 470/1373 75/1354
f 2707/1371 704/1366 705/1369
f 492/1358 75/1354 72/1379
f 2740/1292 2671/1289 2734/1251
f 2860/1273 2760/1297 2685/1291
f 2743/1295 4156/1304 4539/1286
f 4529/1277 4669/1272 4528/1305
f 4099/1325 2906/1363 562/1365
f 4107/1375 574/1377 595/1376
f 399/1380 2707/1371 784/1370
f 4106/1374 601/1360 4107/1375
f 584/1296 4560/1269 4156/1304
f 2818/1264 2860/1273 2819/1262
f 784/1370 3838/1372 595/1376
f 2734/1251 2671/1289 2992/1249
f 470/1373 2707/1371 75/1354
f 563/1364 2907/1367 3838/1372
f 562/1365 2906/1363 563/1364
f 2669/1261 4522/1267 2830/1283
f 786/1368 705/1369 562/1365
f 3838/1372 786/1368 563/1364
f 574/1377 4107/1375 601/1360
f 2707/1371 399/1380 75/1354
f 2743/1295 2810/1302 482/1303
f 2863/1288 2860/1273 2818/1264
f 704/1366 562/1365 705/1369
f 3838/1372 2907/1367 4106/1374
f 601/1360 602/1378 574/1377
f 399/1380 784/1370 595/1376
f 563/1364 2906/1363 2292/1362
f 2578/1359 2902/1361 602/1378
f 72/1379 399/1380 574/1377
f 601/1360 2578/1359 602/1378
f 470/1373 486/1327 704/1366
f 399/1380 72/1379 75/1354
f 574/1377 399/1380 595/1376
f 2861/1282 2738/1280 2830/1283
f 398/1245 4105/1247 4539/1286
f 526/1281 2861/1282 584/1296
f 416/1240 415/1239 429/1238
f 450/1236 383/1237 429/1238
f 4418/1270 4669/1272 4529/1277
f 2823/1266 2830/1283 4522/1267
f 2818/1264 2820/1263 2912/1284
f 2864/1233 2912/1284 2916/1285
f 2671/1289 2747/1290 2992/1249
f 441/1241 415/1239 416/1240
f 2916/1285 585/1234 2864/1233
f 446/1242 441/1241 449/1243
f 415/1239 441/1241 727/1244
f 2685/1291 4113/1260 2860/1273
f 398/1245 442/1246 4105/1247
f 2800/1293 475/1301 2810/1302
f 2738/1280 2861/1282 526/1281
f 2685/1291 2760/1297 2265/1300
f 416/1240 429/1238 383/1237
f 449/1243 416/1240 383/1237
f 2864/1233 585/1234 573/1235
f 2863/1288 2912/1284 2864/1233
f 3009/1287 2761/1299 398/1245
f 1110/1275 3314/1274 2916/1285
f 442/1246 398/1245 727/1244
f 441/1241 247/1248 727/1244
f 442/1246 2992/1249 4105/1247
f 383/1237 450/1236 4562/1250
f 4539/1286 3009/1287 398/1245
f 2912/1284 1110/1275 2916/1285
f 480/1298 526/1281 584/1296
f 4105/1247 2743/1295 4539/1286
f 2734/1251 2992/1249 442/1246
f 442/1246 438/1252 2734/1251
f 2823/1266 2861/1282 2830/1283
f 3307/1279 2738/1280 526/1281
f 546/1253 433/1254 443/1255
f 252/1256 247/1248 446/1242
f 2863/1288 2760/1297 2860/1273
f 442/1246 247/1248 546/1253
f 2830/1283 2819/1262 2669/1261
f 2734/1251 438/1252 2740/1292
f 433/1254 546/1253 247/1248
f 438/1252 442/1246 546/1253
f 3839/1265 4418/1270 2823/1266
f 3315/1278 3314/1274 2915/1276
f 247/1248 441/1241 446/1242
f 3839/1265 4522/1267 4113/1260
f 433/1254 447/1257 436/1258
f 438/1252 546/1253 443/1255
f 4560/1269 2861/1282 2823/1266
f 4418/1270 4529/1277 2759/1268
f 3314/1274 1110/1275 2915/1276
f 2819/1262 2860/1273 2770/1259
f 3839/1265 4417/1271 4669/1272
f 447/1257 433/1254 252/1256
f 584/1296 2861/1282 4560/1269
f 416/1240 449/1243 441/1241
f 2759/1268 4560/1269 4418/1270
f 4113/1260 4522/1267 2669/1261
f 3839/1265 2823/1266 4522/1267
f 2819/1262 2820/1263 2818/1264
f 2770/1259 4113/1260 2669/1261
f 433/1254 436/1258 443/1255
f 442/1246 727/1244 247/1248
f 247/1248 252/1256 433/1254
f 398/1245 415/1239 727/1244
f 1012/1479 1020/1520 1014/1540
f 955/1454 3910/1457 1751/1461
f 4459/1547 1080/1448 1184/1551
f 642/1410 4841/1434 1208/1411
f 1193/1404 1354/1405 1597/1406
f 1555/1440 4672/1556 1016/1554
f 1828/1413 3963/1425 1196/1401
f 1785/1435 1182/1409 874/1438
f 1478/1444 1697/1389 1691/1390
f 4859/1388 4058/1393 3502/1386
f 1860/1422 1331/1437 4241/1421
f 1760/1449 4922/1450 4759/1397
f 4759/1397 4058/1393 1760/1449
f 4241/1421 1828/1413 1841/1412
f 4859/1388 4456/1451 1334/1452
f 4922/1450 1752/1407 1354/1405
f 4058/1393 1721/1453 1760/1449
f 955/1454 4058/1393 4859/1388
f 2079/1424 1836/1415 3980/1418
f 1334/1452 955/1454 4859/1388
f 4922/1450 1757/1455 1752/1407
f 1757/1455 1760/1449 1721/1453
f 4883/1426 931/1427 1610/1428
f 3502/1386 3503/1387 4768/1382
f 1334/1452 596/1456 955/1454
f 1193/1404 4892/1414 1778/1403
f 955/1454 596/1456 3910/1457
f 4866/1408 1752/1407 4828/1458
f 1721/1453 4826/1459 1746/1460
f 1751/1461 1394/1462 1721/1453
f 1691/1390 3503/1387 1286/1394
f 3910/1457 596/1456 3970/1463
f 4866/1408 4828/1458 2079/1424
f 1746/1460 4826/1459 4828/1458
f 1394/1462 4826/1459 1721/1453
f 1648/1574 854/1501 298/1489
f 707/1392 1691/1390 1301/1395
f 707/1392 1301/1395 1287/1396
f 1648/1574 298/1489 185/1572
f 4058/1393 4759/1397 3503/1387
f 3439/1580 3426/1579 634/1528
f 1836/1415 1881/1423 3980/1418
f 4912/1417 1033/1429 712/1430
f 3970/1463 596/1456 3425/1464
f 1394/1462 1351/1465 1744/1466
f 1769/1467 4826/1459 1394/1462
f 1881/1423 1610/1428 677/1431
f 1058/1432 642/1410 1802/1433
f 854/1501 1648/1574 3777/1469
f 665/1468 3777/1469 3222/1470
f 3222/1470 1839/1471 665/1468
f 1190/1439 1176/1443 712/1430
f 712/1430 1785/1435 874/1438
f 1351/1465 3970/1463 1744/1466
f 1394/1462 1744/1466 1767/1472
f 1394/1462 1767/1472 1769/1467
f 1795/1416 2079/1424 1774/1473
f 4826/1459 1769/1467 1774/1473
f 642/1410 1058/1432 4841/1434
f 1836/1415 2079/1424 1795/1416
f 665/1468 1839/1471 668/1474
f 4759/1397 1409/1398 3503/1387
f 3970/1463 769/1475 3227/1476
f 1881/1423 677/1431 1860/1422
f 1209/1477 1767/1472 1744/1466
f 1767/1472 1209/1477 1769/1467
f 3494/1493 3439/1580 634/1528
f 1774/1473 1033/1429 1795/1416
f 1287/1396 1286/1394 1289/1399
f 1769/1467 697/1478 1774/1473
f 1012/1479 2142/1480 295/1481
f 668/1474 233/1482 665/1468
f 1555/1440 1016/1554 1287/1396
f 687/1521 3522/1553 185/1572
f 185/1572 3521/1491 687/1521
f 234/1483 659/1484 667/1485
f 1839/1471 3530/1486 668/1474
f 769/1475 1825/1487 3493/1488
f 1209/1477 697/1478 1769/1467
f 1691/1390 4766/1385 3503/1387
f 1881/1423 1836/1415 1610/1428
f 298/1489 658/1490 3521/1491
f 670/1492 668/1474 3530/1486
f 3493/1488 1825/1487 3494/1493
f 1505/1555 4672/1556 1440/1557
f 658/1490 296/1494 3521/1491
f 1030/1495 1027/1496 1021/1497
f 1287/1396 1016/1554 1505/1555
f 296/1494 658/1490 659/1484
f 4387/1498 3985/1499 3529/1500
f 185/1572 3487/1573 1648/1574
f 298/1489 854/1501 658/1490
f 2248/1575 3487/1573 185/1572
f 659/1484 233/1482 667/1485
f 3499/1502 1044/1503 4894/1504
f 1505/1555 1440/1557 1496/1558
f 1491/1441 1478/1444 1691/1390
f 668/1474 670/1492 667/1485
f 4428/1505 994/1506 1023/1507
f 670/1492 3530/1486 368/1508
f 3493/1488 3494/1493 3495/1509
f 3227/1476 3495/1509 1742/1510
f 368/1508 1983/1511 797/1512
f 1174/1513 4872/1514 743/1515
f 3227/1476 1209/1477 1744/1466
f 1287/1396 1289/1399 1913/1400
f 3495/1509 3494/1493 4871/1516
f 1397/1559 707/1392 1505/1555
f 1301/1395 1691/1390 1286/1394
f 1397/1559 1505/1555 1496/1558
f 4870/1517 4822/1518 1742/1510
f 797/1512 1983/1511 297/1519
f 4058/1393 3503/1387 3502/1386
f 4769/1568 1630/1566 1478/1444
f 296/1494 1020/1520 295/1481
f 1913/1400 1196/1401 1287/1396
f 687/1521 1027/1496 1030/1495
f 1751/1461 1721/1453 955/1454
f 4855/1522 687/1521 1030/1495
f 2925/1384 4445/1523 4456/1451
f 1913/1400 1755/1402 1778/1403
f 1019/1524 670/1492 797/1512
f 3592/1577 1648/1574 3534/1578
f 4871/1516 3494/1493 683/1525
f 993/1526 797/1512 297/1519
f 1836/1415 4912/1417 1610/1428
f 295/1481 2142/1480 2102/1527
f 683/1525 634/1528 687/1521
f 707/1392 1397/1559 1545/1391
f 1397/1559 1496/1558 1399/1560
f 4922/1450 1354/1405 4759/1397
f 1018/1529 1174/1513 743/1515
f 1020/1520 1012/1479 295/1481
f 4375/1530 1019/1524 797/1512
f 642/1410 1785/1435 4815/1436
f 1021/1497 4855/1522 1030/1495
f 4815/1436 4822/1518 4870/1517
f 1041/1531 4894/1504 1044/1503
f 4822/1518 4815/1436 1785/1435
f 1397/1559 1399/1560 1545/1391
f 4872/1514 4870/1517 4871/1516
f 1757/1455 1721/1453 1746/1460
f 4822/1518 697/1478 1209/1477
f 1528/1419 1841/1412 1778/1403
f 4375/1530 797/1512 993/1526
f 1881/1423 3979/1420 3980/1418
f 4402/1532 918/1533 4390/1534
f 634/1528 683/1525 3494/1493
f 3495/1509 3227/1476 3493/1488
f 1193/1404 1755/1402 1289/1399
f 3741/1535 1019/1524 4375/1530
f 667/1485 233/1482 668/1474
f 3719/1536 2142/1480 4427/1537
f 3522/1553 3426/1579 4741/1576
f 3521/1491 2102/1527 687/1521
f 1027/1496 3719/1536 1021/1497
f 743/1515 683/1525 4855/1522
f 4402/1532 968/1538 1067/1539
f 1021/1497 4390/1534 4855/1522
f 4241/1421 1331/1437 1828/1413
f 659/1484 1020/1520 296/1494
f 4427/1537 2142/1480 1012/1479
f 1289/1399 1354/1405 1193/1404
f 4741/1576 2248/1575 185/1572
f 4428/1505 1012/1479 1014/1540
f 3741/1535 1014/1540 1019/1524
f 1621/1561 1491/1441 1545/1391
f 670/1492 1019/1524 234/1483
f 4427/1537 4402/1532 3719/1536
f 1755/1402 1193/1404 1778/1403
f 3719/1536 4390/1534 1021/1497
f 4456/1451 4445/1523 1334/1452
f 4855/1522 1018/1529 743/1515
f 670/1492 234/1483 667/1485
f 1018/1529 4855/1522 4390/1534
f 1802/1433 4872/1514 1058/1432
f 1188/1541 4841/1434 4869/1542
f 1751/1461 3910/1457 1351/1465
f 3970/1463 3425/1464 769/1475
f 968/1538 4402/1532 4427/1537
f 3777/1469 1648/1574 3592/1577
f 3522/1553 634/1528 3426/1579
f 2925/1384 4456/1451 4859/1388
f 1679/1570 1630/1566 1480/1567
f 1597/1406 1752/1407 4866/1408
f 1642/1562 1491/1441 1621/1561
f 3908/1563 1642/1562 1621/1561
f 4759/1397 1354/1405 1289/1399
f 854/1501 3777/1469 233/1482
f 1012/1479 4428/1505 4427/1537
f 918/1533 3499/1502 4894/1504
f 1014/1540 3741/1535 4428/1505
f 4390/1534 3719/1536 4402/1532
f 4741/1576 185/1572 3522/1553
f 874/1438 1207/1543 1793/1445
f 1258/1381 4768/1382 709/1383
f 918/1533 1018/1529 4390/1534
f 1023/1507 4384/1544 4409/1545
f 1058/1432 4872/1514 1174/1513
f 3227/1476 1742/1510 1209/1477
f 968/1538 4427/1537 1023/1507
f 1187/1546 1041/1531 4869/1542
f 4768/1382 1258/1381 2925/1384
f 1033/1429 4912/1417 1795/1416
f 4740/1564 3908/1563 1337/1565
f 1190/1439 874/1438 1793/1445
f 1491/1441 1642/1562 1630/1566
f 1760/1449 1757/1455 4922/1450
f 3908/1563 1480/1567 1642/1562
f 1491/1441 1630/1566 4769/1568
f 1478/1444 1491/1441 4769/1568
f 4740/1564 1337/1565 1336/1569
f 3741/1535 994/1506 4428/1505
f 697/1478 4822/1518 1785/1435
f 4459/1547 1212/1548 4461/1549
f 1286/1394 3503/1387 1409/1398
f 1182/1409 642/1410 1208/1411
f 1774/1473 697/1478 1033/1429
f 1058/1432 4869/1542 4841/1434
f 1187/1546 1058/1432 1174/1513
f 1067/1539 3529/1500 4402/1532
f 1067/1539 968/1538 1023/1507
f 874/1438 1208/1411 1207/1543
f 1354/1405 1752/1407 1597/1406
f 4912/1417 4883/1426 1610/1428
f 4740/1564 1480/1567 3908/1563
f 1630/1566 1642/1562 1480/1567
f 918/1533 4894/1504 1174/1513
f 4766/1385 709/1383 4768/1382
f 1190/1439 1844/1442 1176/1443
f 1208/1411 4841/1434 1188/1541
f 1067/1539 4409/1545 3529/1500
f 3529/1500 1212/1548 3499/1502
f 4409/1545 1067/1539 1023/1507
f 994/1506 4384/1544 1023/1507
f 4870/1517 4872/1514 1802/1433
f 1778/1403 1841/1412 1828/1413
f 1741/1446 1258/1381 709/1383
f 4828/1458 4826/1459 1774/1473
f 874/1438 1182/1409 1208/1411
f 1188/1541 1207/1543 1208/1411
f 2925/1384 3502/1386 4768/1382
f 1478/1444 1630/1566 1679/1570
f 2102/1527 2142/1480 3719/1536
f 874/1438 1190/1439 712/1430
f 4869/1542 1207/1543 1188/1541
f 1746/1460 1752/1407 1757/1455
f 1018/1529 918/1533 1174/1513
f 1555/1440 1287/1396 1196/1401
f 955/1454 1721/1453 4058/1393
f 1213/1550 1044/1503 1184/1551
f 3495/1509 4871/1516 1742/1510
f 3963/1425 1555/1440 1196/1401
f 1409/1398 4759/1397 1289/1399
f 4866/1408 4892/1414 1597/1406
f 4387/1498 3529/1500 4409/1545
f 4459/1547 1044/1503 1212/1548
f 4869/1542 1058/1432 1187/1546
f 1679/1570 1697/1389 1478/1444
f 3227/1476 769/1475 3493/1488
f 1212/1548 3529/1500 3985/1499
f 1621/1561 1545/1391 1399/1560
f 1023/1507 4427/1537 4428/1505
f 4241/1421 1841/1412 3979/1420
f 3503/1387 4766/1385 4768/1382
f 854/1501 233/1482 658/1490
f 1019/1524 1020/1520 234/1483
f 1044/1503 3499/1502 1212/1548
f 3910/1457 3970/1463 1351/1465
f 1044/1503 1213/1550 1041/1531
f 1545/1391 1491/1441 1691/1390
f 1752/1407 1746/1460 4828/1458
f 1184/1551 1207/1543 1213/1550
f 4894/1504 1041/1531 1187/1546
f 1836/1415 1795/1416 4912/1417
f 1844/1442 4883/1426 1176/1443
f 1679/1570 709/1383 1697/1389
f 1213/1550 1207/1543 4869/1542
f 4892/1414 3980/1418 1528/1419
f 3529/1500 918/1533 4402/1532
f 918/1533 3529/1500 3499/1502
f 1196/1401 1913/1400 1778/1403
f 3502/1386 2925/1384 4859/1388
f 3979/1420 1841/1412 1528/1419
f 687/1521 2102/1527 1027/1496
f 1033/1429 1785/1435 712/1430
f 4828/1458 1774/1473 2079/1424
f 4461/1549 1212/1548 3985/1499
f 1742/1510 4822/1518 1209/1477
f 1528/1419 1778/1403 4892/1414
f 4866/1408 3980/1418 4892/1414
f 642/1410 1182/1409 1785/1435
f 2102/1527 3719/1536 1027/1496
f 658/1490 233/1482 659/1484
f 1697/1389 4766/1385 1691/1390
f 1287/1396 1505/1555 707/1392
f 687/1521 4855/1522 683/1525
f 1080/1448 1793/1445 1184/1551
f 1793/1445 1207/1543 1184/1551
f 1409/1398 1289/1399 1286/1394
f 1331/1437 3963/1425 1828/1413
f 4871/1516 4870/1517 1742/1510
f 4883/1426 1844/1442 931/1427
f 1301/1395 1286/1394 1287/1396
f 4241/1421 3979/1420 1860/1422
f 1086/1552 3741/1535 4375/1530
f 1545/1391 1691/1390 707/1392
f 687/1521 634/1528 3522/1553
f 4672/1556 1505/1555 1016/1554
f 670/1492 368/1508 797/1512
f 4870/1517 1802/1433 4815/1436
f 4409/1545 4384/1544 4387/1498
f 1190/1439 1793/1445 1185/1447
f 3980/1418 3979/1420 1528/1419
f 4883/1426 4912/1417 1176/1443
f 234/1483 1020/1520 659/1484
f 1741/1446 709/1383 1517/1571
f 1744/1466 3970/1463 3227/1476
f 4871/1516 743/1515 4872/1514
f 1394/1462 1751/1461 1351/1465
f 1187/1546 1174/1513 4894/1504
f 233/1482 3777/1469 665/1468
f 3741/1535 1086/1552 994/1506
f 1289/1399 1755/1402 1913/1400
f 295/1481 2102/1527 3521/1491
f 1184/1551 1044/1503 4459/1547
f 1597/1406 4892/1414 1193/1404
f 1793/1445 1080/1448 1185/1447
f 743/1515 4871/1516 683/1525
f 1697/1389 709/1383 4766/1385
f 1860/1422 3979/1420 1881/1423
f 697/1478 1785/1435 1033/1429
f 295/1481 3521/1491 296/1494
f 4912/1417 712/1430 1176/1443
f 1014/1540 1020/1520 1019/1524
f 298/1489 3521/1491 185/1572
f 4866/1408 2079/1424 3980/1418
f 1213/1550 4869/1542 1041/1531
f 1828/1413 1196/1401 1778/1403
f 1517/1571 709/1383 1679/1570
f 1802/1433 642/1410 4815/1436
f 1984/1628 1953/1624 3743/1638
f 645/1649 2164/1654 630/1653
f 3487/1639 3481/1625 1648/1627
f 593/1663 643/1669 592/1673
f 624/1672 621/1675 638/1671
f 593/1663 591/1681 3464/1666
f 3480/1641 653/1645 2164/1654
f 1669/1588 1624/1593 1863/1587
f 3591/1604 3590/1611 1384/1598
f 3457/1658 640/1655 3478/1650
f 1693/1585 1626/1589 1863/1587
f 2248/1680 3478/1650 3525/1640
f 592/1673 591/1681 593/1663
f 3526/1677 3478/1650 652/1643
f 3742/1621 2033/1616 2014/1607
f 630/1653 635/1662 637/1657
f 3735/1609 3465/1615 3742/1621
f 639/1670 643/1669 666/1660
f 649/1642 645/1649 654/1647
f 3470/1631 3528/1618 1979/1635
f 1979/1635 3526/1677 652/1643
f 3527/1619 2124/1678 3528/1618
f 3725/1633 1984/1628 649/1642
f 3497/1623 3743/1638 1953/1624
f 1481/1679 1624/1593 3680/1601
f 3782/1626 3481/1625 3487/1639
f 1604/1600 1353/1599 2150/1603
f 3479/1636 3475/1634 3480/1641
f 800/1651 666/1660 663/1652
f 1604/1600 3735/1609 2014/1607
f 1616/1605 2014/1607 3752/1617
f 643/1669 639/1670 592/1673
f 594/1661 666/1660 643/1669
f 1385/1613 3465/1615 1906/1606
f 3714/1682 1499/1581 1583/1583
f 3761/1584 1863/1587 1947/1586
f 1979/1635 3782/1626 3487/1639
f 3782/1626 1979/1635 2124/1678
f 649/1642 2006/1637 648/1648
f 2223/1596 3729/1602 1353/1599
f 3479/1636 648/1648 2006/1637
f 3488/1630 3479/1636 3467/1620
f 1699/1592 2228/1591 3434/1629
f 3468/1610 1385/1613 1384/1598
f 3468/1610 1953/1624 3469/1612
f 3525/1640 3526/1677 1979/1635
f 2124/1678 1979/1635 3528/1618
f 640/1655 635/1662 630/1653
f 3487/1639 2248/1680 3525/1640
f 3478/1650 3526/1677 3525/1640
f 644/1667 635/1662 636/1668
f 1481/1679 1947/1586 1863/1587
f 3467/1620 3498/1614 3528/1618
f 1481/1679 1863/1587 1624/1593
f 1693/1585 2227/1683 3760/1590
f 1500/1582 1666/1684 1693/1585
f 2227/1683 1693/1585 1666/1684
f 3434/1629 2228/1591 3770/1685
f 3770/1685 2228/1591 2227/1683
f 2227/1683 1666/1684 676/1686
f 813/1687 3737/1688 3650/1689
f 3467/1620 3479/1636 3743/1638
f 676/1686 1666/1684 813/1687
f 621/1675 592/1673 638/1671
f 4891/1690 1314/1691 2043/1692
f 1458/1693 3534/1694 1852/1695
f 1314/1691 3588/1696 3732/1597
f 2095/1697 3443/1698 1980/1699
f 3760/1590 2228/1591 1669/1588
f 1627/1700 2224/1594 684/1701
f 281/1702 2095/1697 1458/1693
f 1626/1589 1693/1585 3760/1590
f 3732/1597 3588/1696 3591/1604
f 3443/1698 3739/1703 3740/1704
f 1627/1700 1314/1691 2224/1594
f 3588/1696 2040/1705 3591/1604
f 1314/1691 3732/1597 2224/1594
f 1385/1613 1906/1606 3757/1595
f 3735/1609 1604/1600 2150/1603
f 281/1702 3506/1706 3589/1707
f 1385/1613 3757/1595 1384/1598
f 3740/1704 1627/1700 796/1708
f 281/1702 3739/1703 2095/1697
f 3782/1626 1852/1695 1648/1627
f 637/1657 800/1651 645/1649
f 1980/1699 3534/1694 1458/1693
f 3737/1688 813/1687 1666/1684
f 4891/1690 3591/1604 2040/1705
f 685/1709 796/1708 684/1701
f 3506/1706 3498/1614 3591/1604
f 612/1674 621/1675 615/1676
f 3534/1694 1648/1627 1852/1695
f 2164/1654 653/1645 640/1655
f 1500/1582 3737/1688 1666/1684
f 685/1709 684/1701 676/1686
f 2040/1705 1314/1691 4891/1690
f 281/1702 2007/1710 3506/1706
f 1852/1695 3782/1626 2124/1678
f 3770/1685 2227/1683 676/1686
f 2043/1692 3740/1704 3739/1703
f 612/1674 592/1673 621/1675
f 3589/1707 4891/1690 2043/1692
f 3498/1614 3506/1706 2007/1710
f 1458/1693 1852/1695 2124/1678
f 3737/1688 1500/1582 1499/1581
f 2223/1596 676/1686 684/1701
f 2228/1591 3760/1590 2227/1683
f 2043/1692 3739/1703 3589/1707
f 676/1686 678/1711 685/1709
f 684/1701 2224/1594 2223/1596
f 676/1686 2223/1596 3770/1685
f 624/1672 638/1671 644/1667
f 2007/1710 281/1702 3527/1619
f 3734/1646 3726/1656 641/1644
f 3770/1685 2223/1596 3434/1629
f 3589/1707 3739/1703 281/1702
f 1314/1691 2040/1705 3588/1696
f 3725/1633 3726/1656 2035/1632
f 2124/1678 3527/1619 1458/1693
f 3498/1614 2007/1710 3527/1619
f 2095/1697 3739/1703 3443/1698
f 3527/1619 281/1702 1458/1693
f 1980/1699 1458/1693 2095/1697
f 1627/1700 684/1701 796/1708
f 1627/1700 3740/1704 2043/1692
f 3589/1707 3506/1706 4891/1690
f 2043/1692 1314/1691 1627/1700
f 3506/1706 3591/1604 4891/1690
f 813/1687 678/1711 676/1686
f 663/1652 594/1661 606/1664
f 3648/1712 3655/1713 3610/1714
f 638/1671 592/1673 639/1670
f 3648/1712 3737/1688 1499/1581
f 644/1667 636/1668 624/1672
f 3610/1714 376/1715 3648/1712
f 644/1667 638/1671 639/1670
f 3650/1689 3737/1688 378/1716
f 3737/1688 3648/1712 376/1715
f 1499/1581 3714/1682 3648/1712
f 3590/1611 1953/1624 3468/1610
f 3655/1713 3648/1712 3714/1682
f 3737/1688 376/1715 378/1716
f 2218/1717 1266/1718 1263/1719
f 3610/1714 1263/1719 1266/1718
f 654/1647 800/1651 3734/1646
f 375/1720 376/1715 3610/1714
f 3610/1714 1266/1718 375/1720
f 377/1721 378/1716 376/1715
f 666/1660 644/1667 639/1670
f 593/1663 3464/1666 606/1664
f 377/1721 376/1715 375/1720
f 3653/1722 3655/1713 1820/1723
f 1817/1724 1820/1723 3655/1713
f 593/1663 594/1661 643/1669
f 636/1668 635/1662 3428/1659
f 3655/1713 3714/1682 1754/1725
f 1754/1725 1817/1724 3655/1713
f 1512/1726 1259/1727 1262/1728
f 3653/1722 1260/1729 1692/1730
f 2218/1717 1263/1719 1262/1728
f 2218/1717 1262/1728 1259/1727
f 1262/1728 1263/1719 1692/1730
f 1692/1730 3655/1713 3653/1722
f 637/1657 635/1662 644/1667
f 3681/1731 3689/1732 3694/1733
f 3689/1732 3681/1731 1501/1734
f 3467/1620 3497/1623 3590/1611
f 1947/1586 3699/1735 1583/1583
f 666/1660 637/1657 644/1667
f 646/1665 606/1664 3464/1666
f 594/1661 593/1663 606/1664
f 1820/1723 1817/1724 3653/1722
f 3596/1608 2150/1603 3729/1602
f 1262/1728 1692/1730 1260/1729
f 1272/1736 1260/1729 3681/1731
f 3610/1714 1692/1730 1263/1719
f 1481/1679 3762/1737 1947/1586
f 1692/1730 3610/1714 3655/1713
f 3705/1738 1501/1734 3681/1731
f 1260/1729 3653/1722 3641/1739
f 1817/1724 1754/1725 3641/1739
f 3699/1735 3738/1740 1754/1725
f 1583/1583 3699/1735 3714/1682
f 3681/1731 1260/1729 3705/1738
f 3699/1735 1754/1725 3714/1682
f 3738/1740 3705/1738 1260/1729
f 3626/1741 1272/1736 3681/1731
f 3705/1738 3738/1740 3699/1735
f 1512/1726 1260/1729 1272/1736
f 640/1655 3428/1659 635/1662
f 666/1660 800/1651 637/1657
f 3762/1737 3705/1738 1947/1586
f 663/1652 666/1660 594/1661
f 3694/1733 3626/1741 3681/1731
f 1817/1724 3641/1739 3653/1722
f 1951/1622 1953/1624 1984/1628
f 2164/1654 648/1648 3480/1641
f 1260/1729 3641/1739 3738/1740
f 1947/1586 3705/1738 3699/1735
f 3738/1740 3641/1739 1754/1725
f 1260/1729 1512/1726 1262/1728
f 3762/1737 1481/1679 3680/1601
f 3730/1742 3705/1738 3762/1737
f 3759/1743 3730/1742 3762/1737
f 3752/1617 1798/1744 2048/1745
f 2047/1746 1616/1605 2048/1745
f 3680/1601 1616/1605 1964/1747
f 2035/1632 3586/1748 2033/1616
f 3457/1658 3428/1659 640/1655
f 3752/1617 2036/1749 1798/1744
f 637/1657 645/1649 630/1653
f 3758/1750 3689/1732 1501/1734
f 3730/1742 3759/1743 3688/1751
f 3743/1638 3479/1636 2006/1637
f 3758/1750 3730/1742 3679/1752
f 1798/1744 2047/1746 2048/1745
f 2047/1746 2059/1753 1616/1605
f 3586/1748 2035/1632 2067/1754
f 3461/1755 2065/1756 3734/1646
f 648/1648 2164/1654 645/1649
f 640/1655 653/1645 3478/1650
f 3726/1656 3725/1633 641/1644
f 2035/1632 2065/1756 2067/1754
f 1798/1744 2036/1749 3728/1757
f 2036/1749 3586/1748 3728/1757
f 3758/1750 3679/1752 3689/1732
f 3679/1752 3730/1742 3688/1751
f 630/1653 2164/1654 640/1655
f 3688/1751 1964/1747 1701/1758
f 654/1647 645/1649 800/1651
f 3734/1646 800/1651 663/1652
f 3758/1750 1501/1734 3730/1742
f 651/1759 1567/1760 3724/1761
f 3759/1743 3762/1737 1964/1747
f 3734/1646 663/1652 3507/1762
f 3654/1763 3694/1733 3689/1732
f 3688/1751 3706/1764 3679/1752
f 646/1665 650/1765 606/1664
f 650/1765 663/1652 606/1664
f 3706/1764 3688/1751 1701/1758
f 3730/1742 1501/1734 3705/1738
f 3724/1761 650/1765 651/1759
f 3461/1755 2105/1766 4059/1767
f 3507/1762 663/1652 2105/1766
f 2105/1766 3461/1755 3507/1762
f 3497/1623 3467/1620 3743/1638
f 648/1648 3479/1636 3480/1641
f 3434/1629 2223/1596 1353/1599
f 3478/1650 653/1645 652/1643
f 2067/1754 3461/1755 3463/1768
f 649/1642 648/1648 645/1649
f 654/1647 641/1644 649/1642
f 3734/1646 641/1644 654/1647
f 3726/1656 2065/1756 2035/1632
f 3694/1733 3654/1763 3639/1769
f 3679/1752 3693/1770 3654/1763
f 3706/1764 3667/1771 3679/1752
f 3654/1763 3693/1770 3639/1769
f 3679/1752 3654/1763 3689/1732
f 3724/1761 3723/1772 4059/1767
f 3586/1748 3463/1768 3728/1757
f 653/1645 3480/1641 652/1643
f 2065/1756 3461/1755 2067/1754
f 641/1644 3725/1633 649/1642
f 3727/1773 2056/1774 1798/1744
f 2059/1753 2047/1746 2056/1774
f 2059/1753 1964/1747 1616/1605
f 3480/1641 1979/1635 652/1643
f 1984/1628 2006/1637 649/1642
f 1979/1635 3480/1641 3475/1634
f 3731/1775 1503/1776 3718/1777
f 663/1652 650/1765 2105/1766
f 3727/1773 3463/1768 3723/1772
f 1979/1635 3487/1639 3525/1640
f 2006/1637 1984/1628 3743/1638
f 3488/1630 3475/1634 3479/1636
f 3718/1777 1503/1776 3723/1772
f 3742/1621 1984/1628 3725/1633
f 3470/1631 1979/1635 3475/1634
f 3463/1768 3461/1755 4059/1767
f 3488/1630 3470/1631 3475/1634
f 3742/1621 3725/1633 2035/1632
f 1951/1622 3469/1612 1953/1624
f 1984/1628 3742/1621 3465/1615
f 3742/1621 2035/1632 2033/1616
f 3528/1618 3470/1631 3488/1630
f 3528/1618 3488/1630 3467/1620
f 1353/1599 1699/1592 3434/1629
f 3465/1615 1951/1622 1984/1628
f 1384/1598 3757/1595 2224/1594
f 3481/1625 3782/1626 1648/1627
f 3497/1623 1953/1624 3590/1611
f 3688/1751 3759/1743 1964/1747
f 3465/1615 3469/1612 1951/1622
f 3667/1771 1701/1758 1503/1776
f 1906/1606 3465/1615 3735/1609
f 1503/1776 2056/1774 3723/1772
f 3742/1621 2014/1607 3735/1609
f 3590/1611 3498/1614 3467/1620
f 3727/1773 3728/1757 3463/1768
f 3528/1618 3498/1614 3527/1619
f 2033/1616 3752/1617 2014/1607
f 3465/1615 1385/1613 3469/1612
f 3596/1608 1906/1606 3735/1609
f 3591/1604 3498/1614 3590/1611
f 3469/1612 1385/1613 3468/1610
f 3468/1610 1384/1598 3590/1611
f 3703/1778 3667/1771 3731/1775
f 3729/1602 1906/1606 3596/1608
f 2150/1603 3596/1608 3735/1609
f 2014/1607 1616/1605 1604/1600
f 3757/1595 1906/1606 3729/1602
f 1624/1593 1699/1592 3680/1601
f 3680/1601 1604/1600 1616/1605
f 1384/1598 3732/1597 3591/1604
f 2223/1596 3757/1595 3729/1602
f 1353/1599 3729/1602 2150/1603
f 3724/1761 4059/1767 2105/1766
f 3680/1601 1699/1592 1604/1600
f 1353/1599 1604/1600 1699/1592
f 3732/1597 1384/1598 2224/1594
f 3762/1737 3680/1601 1964/1747
f 3703/1778 3693/1770 3667/1771
f 2224/1594 3757/1595 2223/1596
f 1624/1593 1669/1588 1699/1592
f 1669/1588 2228/1591 1699/1592
f 1626/1589 1669/1588 1863/1587
f 1669/1588 1626/1589 3760/1590
f 1693/1585 1863/1587 3761/1584
f 1947/1586 1583/1583 3761/1584
f 1693/1585 3761/1584 1500/1582
f 1583/1583 1500/1582 3761/1584
f 1499/1581 1500/1582 1583/1583
f 1503/1776 3731/1775 3667/1771
f 3693/1770 3679/1752 3667/1771
f 3723/1772 2056/1774 3727/1773
f 2105/1766 650/1765 3724/1761
f 1798/1744 2056/1774 2047/1746
f 1616/1605 3752/1617 2048/1745
f 3586/1748 2067/1754 3463/1768
f 1964/1747 2059/1753 1701/1758
f 3734/1646 2065/1756 3726/1656
f 3724/1761 1567/1760 3723/1772
f 3728/1757 3727/1773 1798/1744
f 1701/1758 3667/1771 3706/1764
f 3700/1779 1567/1760 3756/1780
f 2036/1749 3752/1617 2033/1616
f 2056/1774 1701/1758 2059/1753
f 3633/1781 3693/1770 3703/1778
f 3734/1646 3507/1762 3461/1755
f 3707/1782 3721/1783 3700/1779
f 3731/1775 3718/1777 3700/1779
f 3721/1783 3703/1778 3731/1775
f 2036/1749 2033/1616 3586/1748
f 3756/1780 1567/1760 651/1759
f 3633/1781 3639/1769 3693/1770
f 650/1765 646/1665 651/1759
f 3723/1772 1567/1760 3700/1779
f 3700/1779 3718/1777 3723/1772
f 3721/1783 3633/1781 3703/1778
f 4059/1767 3723/1772 3463/1768
f 3756/1780 3707/1782 3700/1779
f 3700/1779 3721/1783 3731/1775
f 1503/1776 1701/1758 2056/1774
f 4542/1830 4571/1784 4511/1853
f 43/1875 44/1876 42/1872
f 4580/1967 409/1961 393/1968
f 4565/1796 4424/1791 4378/1790
f 4589/1794 4594/1802 4567/1792
f 4534/1867 731/1901 446/1869
f 4357/1809 4257/1806 4380/1810
f 385/1949 4580/1967 393/1968
f 725/1880 731/1901 4534/1867
f 411/1974 4537/1857 4500/1956
f 461/1973 456/1970 384/1972
f 456/1970 4477/1971 384/1972
f 4570/1996 4584/1786 4613/1995
f 4570/1996 4571/1784 4584/1786
f 4571/1784 4570/1996 4568/1863
f 394/1969 722/1966 395/1953
f 388/1963 385/1949 393/1968
f 511/1842 4414/1841 4928/1848
f 4590/1793 4589/1794 4588/1795
f 4588/1795 4580/1967 385/1949
f 4353/1942 4367/1799 4376/1798
f 732/1959 4581/1951 407/1950
f 3251/1814 4642/1813 4898/1838
f 4568/1863 4570/1996 4613/1995
f 4568/1863 4584/1786 4605/1871
f 49/1952 79/1944 787/1962
f 4613/1995 4584/1786 4568/1863
f 511/1842 4595/1837 728/1843
f 4361/1811 4373/1797 4333/1804
f 457/1964 490/1965 722/1966
f 388/1963 49/1952 387/1948
f 453/1954 502/1945 78/1947
f 493/1943 787/1962 79/1944
f 78/1947 49/1952 395/1953
f 4358/1824 4370/1825 4572/1820
f 816/1946 4588/1795 385/1949
f 4608/1840 511/1842 4553/1846
f 4767/1845 4526/1839 4608/1840
f 4641/1812 4642/1813 4590/1793
f 4590/1793 4642/1813 3251/1814
f 4367/1799 2758/1805 4333/1804
f 732/1959 77/1960 409/1961
f 4589/1794 3251/1814 4594/1802
f 4513/1847 4767/1845 4553/1846
f 4334/1957 4353/1942 815/1958
f 4501/1955 4500/1956 4537/1857
f 250/1877 2689/1878 426/1879
f 78/1947 395/1953 453/1954
f 49/1952 78/1947 79/1944
f 4564/1815 4576/1787 4565/1796
f 725/1880 272/1874 430/1881
f 4424/1791 407/1950 4581/1951
f 272/1874 4536/1873 22/1882
f 387/1948 816/1946 385/1949
f 4367/1799 4334/1957 4335/1997
f 4370/1825 4595/1837 4369/1833
f 78/1947 502/1945 79/1944
f 4353/1942 2940/1800 816/1946
f 4564/1815 4565/1796 4594/1802
f 4508/1803 4888/1807 4362/1816
f 493/1943 79/1944 502/1945
f 4104/1823 4362/1816 4257/1806
f 4605/1871 4533/1994 417/1894
f 4362/1816 4888/1807 4257/1806
f 4533/1994 4546/1895 417/1894
f 4596/1829 4630/1835 4898/1838
f 4376/1798 2940/1800 4353/1942
f 4335/1997 787/1962 788/1975
f 4361/1811 4374/1801 4373/1797
f 4798/1817 4597/1826 4641/1812
f 4335/1997 2758/1805 4367/1799
f 431/1883 252/1884 730/1885
f 4584/1786 4533/1994 4605/1871
f 4928/1848 4553/1846 511/1842
f 4367/1799 4333/1804 4373/1797
f 4538/1886 430/1881 422/1887
f 4597/1826 4898/1838 4642/1813
f 4596/1829 4474/1828 4413/1834
f 4374/1801 4798/1817 4641/1812
f 4364/1818 4594/1802 3251/1814
f 272/1874 425/1888 430/1881
f 21/1889 272/1874 22/1882
f 4564/1815 4592/1819 4576/1787
f 372/1890 418/1891 21/1889
f 422/1887 276/1892 2731/1893
f 4364/1818 4564/1815 4594/1802
f 4567/1792 4594/1802 4378/1790
f 417/1894 4546/1895 370/1896
f 370/1896 418/1891 372/1890
f 4374/1801 4572/1820 4798/1817
f 4564/1815 4364/1818 4592/1819
f 4380/1810 4257/1806 4256/1808
f 4592/1819 4593/1821 4510/1822
f 4361/1811 4362/1816 4104/1823
f 4592/1819 4510/1822 4576/1787
f 4590/1793 4588/1795 2940/1800
f 4357/1809 4104/1823 4257/1806
f 4367/1799 4353/1942 4334/1957
f 4358/1824 4572/1820 4361/1811
f 4110/1850 4389/1851 4258/1852
f 276/1892 422/1887 423/1897
f 4798/1817 4572/1820 4370/1825
f 4597/1826 4798/1817 4624/1827
f 4597/1826 4474/1828 4596/1829
f 4767/1845 4499/1832 4526/1839
f 4595/1837 4645/1849 728/1843
f 4521/1866 4532/1862 4536/1873
f 4510/1822 4593/1821 4542/1830
f 4645/1849 4595/1837 4104/1823
f 4104/1823 4358/1824 4361/1811
f 4798/1817 4370/1825 4623/1831
f 252/1884 431/1883 447/1898
f 4511/1853 44/1876 4561/1868
f 2758/1805 4888/1807 4508/1803
f 4798/1817 4623/1831 4624/1827
f 4499/1832 4623/1831 4369/1833
f 4589/1794 4590/1793 3251/1814
f 720/1938 4110/1850 721/1916
f 4389/1851 4110/1850 720/1938
f 424/1899 430/1881 425/1888
f 425/1888 272/1874 21/1889
f 418/1891 25/1900 21/1889
f 4576/1787 4510/1822 4511/1853
f 424/1899 423/1897 422/1887
f 4608/1840 4595/1837 511/1842
f 4171/1992 4389/1851 720/1938
f 4474/1828 4597/1826 4624/1827
f 446/1869 731/1901 252/1884
f 275/1902 724/1903 254/1904
f 720/1938 4269/1937 4171/1992
f 2731/1893 276/1892 275/1902
f 279/1905 370/1896 4546/1895
f 4413/1834 4630/1835 4596/1829
f 4171/1992 4164/1993 4389/1851
f 380/1836 4542/1830 4593/1821
f 4364/1818 4630/1835 4593/1821
f 4358/1824 4104/1823 4595/1837
f 4432/1984 490/1965 457/1964
f 4333/1804 4508/1803 4361/1811
f 4364/1818 4898/1838 4630/1835
f 4424/1791 3205/1789 4422/1788
f 4374/1801 2940/1800 4376/1798
f 4358/1824 4595/1837 4370/1825
f 2731/1893 4403/1991 422/1887
f 457/1964 4477/1971 4432/1984
f 262/1987 730/1885 4538/1886
f 4403/1991 4538/1886 422/1887
f 4403/1991 2731/1893 4535/1988
f 4538/1886 4403/1991 262/1987
f 4534/1867 446/1869 4509/1864
f 447/1898 431/1883 428/1906
f 4403/1991 4535/1988 262/1987
f 4535/1988 428/1906 262/1987
f 2731/1893 2732/1986 2735/1990
f 431/1883 730/1885 262/1987
f 22/1882 43/1875 21/1889
f 4554/1854 4527/1855 4531/1856
f 4535/1988 2731/1893 2735/1990
f 4537/1857 4554/1854 4531/1856
f 254/1904 724/1903 282/1907
f 2735/1990 2689/1878 4535/1988
f 425/1888 21/1889 25/1900
f 275/1902 2732/1986 2731/1893
f 276/1892 423/1897 4643/1908
f 2732/1986 2689/1878 2735/1990
f 4407/1985 254/1904 2837/1989
f 4537/1857 4531/1856 449/1860
f 276/1892 724/1903 275/1902
f 4422/1788 4503/1858 4502/1859
f 2837/1989 426/1879 4407/1985
f 428/1906 4535/1988 2689/1878
f 262/1987 428/1906 431/1883
f 4407/1985 2732/1986 275/1902
f 2732/1986 4407/1985 2689/1878
f 4407/1985 275/1902 254/1904
f 4407/1985 426/1879 2689/1878
f 4508/1803 4362/1816 4361/1811
f 4369/1833 4623/1831 4370/1825
f 4364/1818 4593/1821 4592/1819
f 422/1887 430/1881 424/1899
f 4511/1853 4568/1863 44/1876
f 4623/1831 4499/1832 4624/1827
f 4571/1784 4161/1785 4584/1786
f 4509/1864 4531/1856 4527/1855
f 4537/1857 449/1860 383/1861
f 722/1966 490/1965 453/1954
f 4590/1793 4374/1801 4641/1812
f 816/1946 387/1948 4353/1942
f 380/1836 4571/1784 4542/1830
f 4526/1839 4369/1833 4608/1840
f 4532/1862 4502/1859 4503/1858
f 4511/1853 4571/1784 4568/1863
f 459/1979 384/1972 408/1982
f 412/1976 4502/1859 413/1977
f 388/1963 394/1969 395/1953
f 4373/1797 4374/1801 4376/1798
f 395/1953 722/1966 453/1954
f 25/1900 723/1909 425/1888
f 724/1903 276/1892 4643/1908
f 385/1949 388/1963 387/1948
f 42/1872 372/1890 43/1875
f 45/1983 408/1982 77/1960
f 411/1974 46/1978 413/1977
f 4565/1796 3205/1789 4424/1791
f 49/1952 815/1958 387/1948
f 4378/1790 4424/1791 4567/1792
f 4161/1785 4571/1784 380/1836
f 4424/1791 412/1976 407/1950
f 4500/1956 435/1981 411/1974
f 787/1962 4335/1997 4334/1957
f 44/1876 4568/1863 42/1872
f 4630/1835 380/1836 4593/1821
f 4369/1833 4595/1837 4608/1840
f 449/1860 4531/1856 4509/1864
f 4499/1832 4369/1833 4526/1839
f 4373/1797 4376/1798 4367/1799
f 4597/1826 4596/1829 4898/1838
f 425/1888 723/1909 424/1899
f 387/1948 815/1958 4353/1942
f 423/1897 424/1899 723/1909
f 4642/1813 4641/1812 4597/1826
f 4532/1862 4556/1865 4502/1859
f 4556/1865 4521/1866 4534/1867
f 4590/1793 2940/1800 4374/1801
f 4561/1868 4532/1862 4503/1858
f 4576/1787 4422/1788 3205/1789
f 46/1978 411/1974 45/1983
f 408/1982 384/1972 394/1969
f 413/1977 4554/1854 411/1974
f 46/1978 45/1983 407/1950
f 4589/1794 4567/1792 4588/1795
f 408/1982 435/1981 459/1979
f 4527/1855 4554/1854 413/1977
f 45/1983 435/1981 408/1982
f 4643/1908 723/1909 283/1910
f 77/1960 732/1959 407/1950
f 4414/1841 511/1842 728/1843
f 408/1982 409/1961 77/1960
f 409/1961 4580/1967 732/1959
f 460/1980 4501/1955 4562/1914
f 45/1983 77/1960 407/1950
f 2940/1800 4588/1795 816/1946
f 41/1870 44/1876 22/1882
f 4502/1859 4556/1865 4527/1855
f 384/1972 457/1964 722/1966
f 449/1860 4509/1864 446/1869
f 384/1972 722/1966 394/1969
f 4500/1956 460/1980 435/1981
f 4576/1787 3205/1789 4565/1796
f 4378/1790 4594/1802 4565/1796
f 4580/1967 4581/1951 732/1959
f 457/1964 384/1972 4477/1971
f 394/1969 388/1963 409/1961
f 4511/1853 4561/1868 4422/1788
f 283/1910 282/1907 4643/1908
f 4521/1866 4556/1865 4532/1862
f 4561/1868 41/1870 4532/1862
f 4537/1857 411/1974 4554/1854
f 4422/1788 412/1976 4424/1791
f 411/1974 435/1981 45/1983
f 372/1890 21/1889 43/1875
f 459/1979 460/1980 461/1973
f 4508/1803 4333/1804 2758/1805
f 409/1961 408/1982 394/1969
f 730/1885 252/1884 731/1901
f 4502/1859 412/1976 4422/1788
f 728/1843 3110/1844 4414/1841
f 4502/1859 4527/1855 413/1977
f 435/1981 460/1980 459/1979
f 460/1980 4500/1956 4501/1955
f 4318/1939 4259/1926 4260/1925
f 4104/1823 4357/1809 4314/1934
f 4365/1932 4371/1920 4644/1933
f 4308/1930 2521/1941 2662/1929
f 4767/1845 4608/1840 4553/1846
f 4492/1915 4491/1919 721/1916
f 4371/1920 4645/1849 4644/1933
f 4260/1925 4259/1926 4261/1923
f 4567/1792 4424/1791 4581/1951
f 4259/1926 4318/1939 2490/1935
f 724/1903 4643/1908 282/1907
f 4380/1810 4582/1936 4357/1809
f 4583/1940 4582/1936 4380/1810
f 4394/1931 4396/1918 4365/1932
f 2521/1941 2438/1924 2662/1929
f 436/1911 447/1898 428/1906
f 4269/1937 4680/1922 4867/1928
f 4680/1922 720/1938 4491/1919
f 4255/1927 4395/1921 4261/1923
f 4308/1930 4583/1940 2521/1941
f 4396/1918 4371/1920 4365/1932
f 2662/1929 4261/1923 4308/1930
f 4396/1918 4492/1915 512/1917
f 4104/1823 4314/1934 4645/1849
f 721/1916 4491/1919 720/1938
f 4542/1830 4511/1853 4510/1822
f 4395/1921 4491/1919 4396/1918
f 4394/1931 4261/1923 4395/1921
f 2490/1935 4269/1937 4867/1928
f 4314/1934 4357/1809 4308/1930
f 4394/1931 4308/1930 4261/1923
f 4394/1931 4395/1921 4396/1918
f 4314/1934 4308/1930 4644/1933
f 4582/1936 4583/1940 4308/1930
f 4644/1933 4308/1930 4365/1932
f 2490/1935 4318/1939 4269/1937
f 4680/1922 4269/1937 720/1938
f 490/1965 502/1945 453/1954
f 4357/1809 4582/1936 4308/1930
f 4255/1927 4259/1926 2490/1935
f 4255/1927 2490/1935 4867/1928
f 4644/1933 4645/1849 4314/1934
f 4308/1930 4394/1931 4365/1932
f 2662/1929 2438/1924 4261/1923
f 4396/1918 512/1917 4371/1920
f 461/1973 384/1972 459/1979
f 4867/1928 4395/1921 4255/1927
f 4680/1922 4395/1921 4867/1928
f 4259/1926 4255/1927 4261/1923
f 4261/1923 2438/1924 4260/1925
f 4511/1853 4422/1788 4576/1787
f 4491/1919 4395/1921 4680/1922
f 512/1917 4645/1849 4371/1920
f 4396/1918 4491/1919 4492/1915
f 4492/1915 728/1843 512/1917
f 4645/1849 512/1917 728/1843
f 721/1916 3110/1844 4492/1915
f 4536/1873 4532/1862 41/1870
f 4492/1915 3110/1844 728/1843
f 4568/1863 4605/1871 42/1872
f 787/1962 4334/1957 815/1958
f 3251/1814 4898/1838 4364/1818
f 395/1953 49/1952 388/1963
f 4257/1806 4888/1807 4256/1808
f 4556/1865 4534/1867 4509/1864
f 4581/1951 4580/1967 4567/1792
f 214/1912 279/1905 213/1913
f 4361/1811 4572/1820 4374/1801
f 283/1910 723/1909 25/1900
f 4562/1914 4537/1857 383/1861
f 22/1882 4536/1873 41/1870
f 4501/1955 4537/1857 4562/1914
f 4588/1795 4567/1792 4580/1967
f 279/1905 25/1900 370/1896
f 370/1896 372/1890 417/1894
f 412/1976 46/1978 407/1950
f 4605/1871 417/1894 372/1890
f 44/1876 43/1875 22/1882
f 723/1909 4643/1908 423/1897
f 41/1870 4561/1868 44/1876
f 412/1976 413/1977 46/1978
f 250/1877 428/1906 2689/1878
f 4521/1866 725/1880 4534/1867
f 430/1881 4538/1886 725/1880
f 42/1872 4605/1871 372/1890
f 4536/1873 272/1874 4521/1866
f 730/1885 725/1880 4538/1886
f 4546/1895 213/1913 279/1905
f 787/1962 493/1943 788/1975
f 272/1874 725/1880 4521/1866
f 214/1912 25/1900 279/1905
f 725/1880 730/1885 731/1901
f 370/1896 25/1900 418/1891
f 49/1952 787/1962 815/1958
f 393/1968 409/1961 388/1963
f 4556/1865 4509/1864 4527/1855
f 4561/1868 4503/1858 4422/1788
f 794/2218 2039/2216 1231/2013
f 1412/2006 1784/2217 1413/2053
f 2039/2216 1784/2217 1410/2007
f 1377/2222 1784/2217 2039/2216
f 1784/2217 1377/2222 1511/2219
f 3858/2221 3246/2215 1413/2053
f 3858/2221 1413/2053 1784/2217
f 1784/2217 1511/2219 3858/2221
f 3858/2221 1408/2220 3246/2215
f 1511/2219 1408/2220 3858/2221
f 1303/2018 794/2218 1231/2013
f 1412/2006 1410/2007 1784/2217
f 1410/2007 1231/2013 2039/2216
f 1413/2053 3246/2215 3239/2116
f 3851/2132 3446/2212 3492/2127
f 3851/2132 3492/2127 3153/2114
f 1363/2111 3368/2211 1779/2213
f 1779/2213 1293/2214 3851/2132
f 3445/2168 3446/2212 1293/2214
f 3446/2212 3851/2132 1293/2214
f 1363/2111 1779/2213 3851/2132
f 3445/2168 3492/2127 3446/2212
f 1363/2111 1442/2131 3368/2211
f 1442/2131 1363/2111 3367/2110
f 1468/2145 1471/2209 3674/2025
f 1471/2209 1468/2145 1483/2207
f 1484/2210 1471/2209 3647/2208
f 1484/2210 3674/2025 1471/2209
f 1471/2209 1483/2207 3647/2208
f 1483/2207 1246/2155 1454/2204
f 3574/2148 1483/2207 1468/2145
f 3647/2208 1454/2204 373/2205
f 1483/2207 1460/2151 1246/2155
f 3574/2148 1460/2151 1483/2207
f 1261/2206 374/2203 373/2205
f 1483/2207 1454/2204 3647/2208
f 1275/2154 1261/2206 1254/2152
f 1261/2206 1275/2154 378/2201
f 1460/2151 3574/2148 1358/2140
f 374/2203 1261/2206 378/2201
f 1254/2152 1261/2206 373/2205
f 373/2205 1454/2204 1254/2152
f 1246/2155 1254/2152 1454/2204
f 378/2201 377/2202 374/2203
f 1358/2140 519/2141 1460/2151
f 1093/2082 1077/2200 1079/2107
f 1054/2199 1079/2107 1077/2200
f 1451/2060 1366/2011 3325/2165
f 1485/2033 3823/2174 1462/2063
f 3634/2183 1244/2160 1898/2159
f 1368/2169 3435/2163 3492/2127
f 1240/2195 1233/2138 3620/2192
f 1456/2177 1271/2161 1277/2175
f 3651/2193 1240/2195 3620/2192
f 1237/2191 3566/2189 3476/2186
f 1365/2167 1245/2170 3580/2166
f 3566/2189 3823/2174 3583/2185
f 3583/2185 3476/2186 3566/2189
f 527/2136 1233/2138 1457/2194
f 1457/2194 1242/2196 1222/2197
f 3583/2185 3134/2173 3476/2186
f 1245/2170 3496/2164 1277/2175
f 3622/2198 2213/2149 1457/2194
f 3875/2190 1463/2187 3376/2180
f 1898/2159 1280/2178 3294/2188
f 1457/2194 1222/2197 3622/2198
f 3875/2190 3620/2192 1463/2187
f 3134/2173 3580/2166 1245/2170
f 3376/2180 3823/2174 3875/2190
f 1242/2196 1457/2194 1240/2195
f 1457/2194 2213/2149 527/2136
f 3875/2190 3651/2193 3620/2192
f 3294/2188 1280/2178 3299/2176
f 1360/2172 3554/2181 3299/2176
f 3581/2171 3583/2185 3823/2174
f 1242/2196 3651/2193 1236/2184
f 3651/2193 1242/2196 1240/2195
f 1457/2194 1233/2138 1240/2195
f 3823/2174 3376/2180 1462/2063
f 3875/2190 1237/2191 3651/2193
f 3634/2183 1898/2159 3294/2188
f 3620/2192 1233/2138 1446/2042
f 1244/2160 1236/2184 1237/2191
f 3349/2106 1463/2187 3620/2192
f 1360/2172 3299/2176 1277/2175
f 3651/2193 1237/2191 1236/2184
f 3620/2192 1446/2042 3349/2106
f 3476/2186 1244/2160 1237/2191
f 3875/2190 3566/2189 1237/2191
f 1271/2161 1244/2160 3476/2186
f 3566/2189 3875/2190 3823/2174
f 1245/2170 1277/2175 1239/2182
f 3554/2181 3294/2188 3299/2176
f 3376/2180 1463/2187 3349/2106
f 1271/2161 3476/2186 1239/2182
f 1271/2161 1239/2182 1277/2175
f 1239/2182 3476/2186 3134/2173
f 3581/2171 3134/2173 3583/2185
f 3634/2183 1236/2184 1244/2160
f 1280/2178 1456/2177 3299/2176
f 1245/2170 1239/2182 3134/2173
f 1745/2179 3554/2181 1360/2172
f 3376/2180 3349/2106 1462/2063
f 1368/2169 3496/2164 3435/2163
f 1451/2060 3581/2171 3823/2174
f 1745/2179 1360/2172 3445/2168
f 3492/2127 3435/2163 1367/2128
f 1898/2159 1271/2161 1280/2178
f 1271/2161 1456/2177 1280/2178
f 3299/2176 1456/2177 1277/2175
f 1360/2172 1368/2169 3445/2168
f 3496/2164 1360/2172 1277/2175
f 1451/2060 3823/2174 1485/2033
f 3134/2173 3581/2171 3580/2166
f 1451/2060 3325/2165 3581/2171
f 1360/2172 3496/2164 1368/2169
f 3581/2171 3325/2165 3580/2166
f 3496/2164 1245/2170 1365/2167
f 3445/2168 1368/2169 3492/2127
f 3325/2165 3484/2162 3580/2166
f 3484/2162 1367/2128 1365/2167
f 3496/2164 1365/2167 1367/2128
f 3580/2166 3484/2162 1365/2167
f 1366/2011 3484/2162 3325/2165
f 1367/2128 3435/2163 3496/2164
f 3484/2162 1366/2011 3342/2005
f 3484/2162 1459/2004 1367/2128
f 1459/2004 3484/2162 3342/2005
f 1898/2159 1244/2160 1271/2161
f 521/2133 3631/2150 519/2141
f 3278/2156 3279/2135 2213/2149
f 521/2133 1257/2157 3500/2158
f 3500/2158 1291/2153 3631/2150
f 521/2133 3500/2158 3631/2150
f 1291/2153 1246/2155 3631/2150
f 3278/2156 1257/2157 521/2133
f 1254/2152 1246/2155 1291/2153
f 3279/2135 3278/2156 521/2133
f 1460/2151 3631/2150 1246/2155
f 1254/2152 1291/2153 1275/2154
f 519/2141 3631/2150 1460/2151
f 527/2136 2213/2149 3279/2135
f 3276/2027 1482/2146 1468/2145
f 3275/2038 1482/2146 3276/2027
f 1468/2145 1450/2144 3574/2148
f 3674/2025 3276/2027 1468/2145
f 1482/2146 3275/2038 1452/2103
f 1486/2143 1466/2147 3826/2137
f 1466/2147 3662/2043 1516/2142
f 1450/2144 1482/2146 1452/2103
f 1486/2143 528/2139 1243/2134
f 1243/2134 528/2139 3279/2135
f 3574/2148 1450/2144 1486/2143
f 1450/2144 1452/2103 1466/2147
f 1466/2147 1486/2143 1450/2144
f 1446/2042 1516/2142 3662/2043
f 1358/2140 3574/2148 1486/2143
f 1452/2103 3662/2043 1466/2147
f 1358/2140 1486/2143 1243/2134
f 1466/2147 1516/2142 3826/2137
f 521/2133 519/2141 1243/2134
f 1450/2144 1468/2145 1482/2146
f 3826/2137 528/2139 1486/2143
f 3826/2137 1516/2142 1446/2042
f 528/2139 3826/2137 527/2136
f 1358/2140 1243/2134 519/2141
f 1446/2042 1233/2138 3826/2137
f 527/2136 3279/2135 528/2139
f 527/2136 3826/2137 1233/2138
f 521/2133 1243/2134 3279/2135
f 1411/2125 3301/2129 472/2130
f 472/2130 1420/1998 3828/2000
f 3301/2129 1411/2125 1472/2121
f 1472/2121 1455/2113 3154/2112
f 1363/2111 3851/2132 3153/2114
f 1413/2053 3310/2123 3828/2000
f 3367/2110 1436/2119 1442/2131
f 1472/2121 3154/2112 3301/2129
f 3310/2123 1411/2125 3828/2000
f 1411/2125 472/2130 3828/2000
f 1459/2004 1370/2126 1367/2128
f 3301/2129 3153/2114 1370/2126
f 1445/2122 3295/2120 1455/2113
f 1370/2126 472/2130 3301/2129
f 1455/2113 3295/2120 3142/2115
f 3153/2114 3492/2127 1370/2126
f 1459/2004 1420/1998 1370/2126
f 1370/2126 1420/1998 472/2130
f 3154/2112 3153/2114 3301/2129
f 1414/2124 1445/2122 3310/2123
f 1370/2126 3492/2127 1367/2128
f 3310/2123 1445/2122 1411/2125
f 1445/2122 1472/2121 1411/2125
f 1436/2119 3142/2115 3295/2120
f 1414/2124 3310/2123 1416/2117
f 1447/2118 3295/2120 1445/2122
f 3367/2110 3142/2115 1436/2119
f 1413/2053 1416/2117 3310/2123
f 1455/2113 1472/2121 1445/2122
f 1447/2118 1436/2119 3295/2120
f 1413/2053 3239/2116 1416/2117
f 3142/2115 3367/2110 1455/2113
f 3154/2112 1363/2111 3153/2114
f 3367/2110 3154/2112 1455/2113
f 3367/2110 1363/2111 3154/2112
f 3841/2105 1090/2083 1092/2074
f 1241/2015 1366/2011 1485/2033
f 1141/2014 1070/2010 3874/2020
f 1051/2034 1055/2032 1461/2028
f 3381/2094 1241/2015 1404/2017
f 1078/2095 1155/2093 3841/2105
f 1150/2057 1074/2049 777/2068
f 3856/2050 1150/2057 1056/2066
f 3869/2022 3870/2021 3872/2024
f 3869/2022 3874/2020 1404/2017
f 1095/2076 1104/2096 3841/2105
f 3671/2061 3385/2055 1214/2078
f 3841/2105 3842/2104 3843/2108
f 1474/2026 1487/2037 3276/2027
f 1487/2037 1226/2031 1497/2048
f 1088/2109 1148/2084 1090/2083
f 1459/2004 1473/2003 1420/1998
f 1477/2039 3872/2024 3870/2021
f 1355/2012 1410/2007 1373/2002
f 1092/2074 1090/2083 1093/2082
f 1092/2074 3577/2098 1096/2075
f 3550/2100 1166/2081 3552/2101
f 1061/2046 1074/2049 1051/2034
f 1090/2083 1210/2086 1088/2109
f 1097/2102 1092/2074 1093/2082
f 3841/2105 1092/2074 1095/2076
f 1104/2096 2197/2067 1219/2077
f 777/2068 1061/2046 379/2056
f 1366/2011 1241/2015 3381/2094
f 1063/2064 3852/2047 1234/2052
f 3896/2085 1088/2109 1210/2086
f 1461/2028 3881/2016 1241/2015
f 1090/2083 3843/2108 1210/2086
f 3860/2099 1097/2102 1079/2107
f 1497/2048 3385/2055 3672/2045
f 3349/2106 1446/2042 3884/2044
f 1477/2039 1062/2040 3852/2047
f 3505/2001 1473/2003 3342/2005
f 3843/2108 1090/2083 3841/2105
f 3842/2104 1210/2086 3843/2108
f 1078/2095 3841/2105 1104/2096
f 1452/2103 3672/2045 379/2056
f 1073/2051 3852/2047 1076/2065
f 1062/2040 3792/2041 3856/2050
f 777/2068 379/2056 371/2073
f 1055/2032 3792/2041 1232/2029
f 1079/2107 1097/2102 1093/2082
f 1171/2059 1156/2070 1214/2078
f 1155/2093 1230/2079 3550/2100
f 3869/2022 1052/2023 3874/2020
f 3505/2001 3342/2005 1469/2009
f 1210/2086 3552/2101 1154/2087
f 3550/2100 1210/2086 3842/2104
f 1230/2079 1214/2078 1156/2070
f 3577/2098 1092/2074 1097/2102
f 3385/2055 1171/2059 1214/2078
f 1210/2086 3550/2100 3552/2101
f 3662/2043 1452/2103 379/2056
f 1094/2092 1096/2075 3577/2098
f 1462/2063 3349/2106 3884/2044
f 1055/2032 1074/2049 3792/2041
f 3841/2105 1155/2093 3842/2104
f 1230/2079 1155/2093 1215/2069
f 1155/2093 3550/2100 3842/2104
f 3827/1999 1412/2006 3828/2000
f 3381/2094 1070/2010 1469/2009
f 3859/2090 3577/2098 1097/2102
f 3381/2094 1404/2017 1070/2010
f 1166/2081 3550/2100 1156/2070
f 1452/2103 3275/2038 3672/2045
f 2197/2067 1094/2092 1063/2064
f 1096/2075 1104/2096 1095/2076
f 3859/2090 1097/2102 3860/2099
f 3577/2098 3859/2090 3708/2088
f 1420/1998 3505/2001 3827/1999
f 3552/2101 1166/2081 1900/2097
f 1219/2077 1155/2093 1078/2095
f 3827/1999 1373/2002 1412/2006
f 3550/2100 1230/2079 1156/2070
f 1096/2075 2197/2067 1104/2096
f 1094/2092 2197/2067 1096/2075
f 1059/2071 1094/2092 3577/2098
f 3859/2090 3860/2099 3850/2091
f 3708/2088 1059/2071 3577/2098
f 3672/2045 3671/2061 371/2073
f 1056/2066 2197/2067 1063/2064
f 3792/2041 3797/2030 3883/2019
f 1166/2081 1156/2070 1167/2080
f 3805/2089 3708/2088 3859/2090
f 1901/2062 1900/2097 1166/2081
f 1078/2095 1104/2096 1219/2077
f 1469/2009 1366/2011 3381/2094
f 1219/2077 1215/2069 1155/2093
f 371/2073 1230/2079 1215/2069
f 1051/2034 1485/2033 1462/2063
f 1171/2059 3385/2055 1218/2054
f 1063/2064 1094/2092 1059/2071
f 3805/2089 3859/2090 3850/2091
f 3708/2088 543/2072 1059/2071
f 3896/2085 1210/2086 1154/2087
f 1234/2052 3856/2050 1056/2066
f 1093/2082 1090/2083 1148/2084
f 1074/2049 1061/2046 777/2068
f 1167/2080 1901/2062 1166/2081
f 3881/2016 1232/2029 3883/2019
f 1156/2070 1901/2062 1167/2080
f 1219/2077 1150/2057 1215/2069
f 371/2073 1215/2069 777/2068
f 1372/2008 3505/2001 1469/2009
f 1051/2034 1074/2049 1055/2032
f 1230/2079 371/2073 3671/2061
f 3671/2061 1214/2078 1230/2079
f 1150/2057 1219/2077 2197/2067
f 1092/2074 1096/2075 1095/2076
f 371/2073 379/2056 3672/2045
f 1059/2071 1076/2065 1063/2064
f 1076/2065 1059/2071 543/2072
f 1141/2014 1355/2012 1070/2010
f 1052/2023 1141/2014 3874/2020
f 1171/2059 1901/2062 1156/2070
f 777/2068 1215/2069 1150/2057
f 1461/2028 1241/2015 1485/2033
f 1150/2057 2197/2067 1056/2066
f 1063/2064 1234/2052 1056/2066
f 1063/2064 1076/2065 3852/2047
f 1373/2002 3505/2001 1372/2008
f 1462/2063 3884/2044 1051/2034
f 1216/2058 1901/2062 1171/2059
f 3672/2045 3385/2055 3671/2061
f 3792/2041 3883/2019 1232/2029
f 1485/2033 1366/2011 1451/2060
f 1218/2054 1216/2058 1171/2059
f 1477/2039 3870/2021 3797/2030
f 1150/2057 3856/2050 1074/2049
f 1355/2012 1372/2008 1070/2010
f 1061/2046 3662/2043 379/2056
f 1497/2048 1218/2054 3385/2055
f 1412/2006 1413/2053 3828/2000
f 1234/2052 1062/2040 3856/2050
f 1062/2040 1234/2052 3852/2047
f 1069/2036 3852/2047 1073/2051
f 1074/2049 3856/2050 3792/2041
f 3662/2043 1061/2046 3884/2044
f 1141/2014 1344/2035 1303/2018
f 3672/2045 1487/2037 1497/2048
f 1372/2008 1355/2012 1373/2002
f 1477/2039 3852/2047 1069/2036
f 1061/2046 1051/2034 3884/2044
f 1344/2035 1141/2014 1052/2023
f 1487/2037 3672/2045 3275/2038
f 1446/2042 3662/2043 3884/2044
f 3797/2030 3792/2041 1062/2040
f 3797/2030 1062/2040 1477/2039
f 1477/2039 1069/2036 3872/2024
f 3276/2027 1487/2037 3275/2038
f 1052/2023 3872/2024 1344/2035
f 1474/2026 1226/2031 1487/2037
f 1344/2035 3872/2024 1069/2036
f 1461/2028 1485/2033 1051/2034
f 1461/2028 1055/2032 1232/2029
f 3674/2025 1226/2031 1474/2026
f 3797/2030 3870/2021 3883/2019
f 3881/2016 1461/2028 1232/2029
f 3674/2025 1474/2026 3276/2027
f 1404/2017 3883/2019 3870/2021
f 1052/2023 3869/2022 3872/2024
f 1404/2017 3870/2021 3869/2022
f 3874/2020 1070/2010 1404/2017
f 1404/2017 3881/2016 3883/2019
f 1303/2018 1231/2013 1141/2014
f 1241/2015 3881/2016 1404/2017
f 1355/2012 1141/2014 1231/2013
f 1410/2007 1355/2012 1231/2013
f 3342/2005 1366/2011 1469/2009
f 1372/2008 1469/2009 1070/2010
f 1412/2006 1373/2002 1410/2007
f 1459/2004 3342/2005 1473/2003
f 3505/2001 1420/1998 1473/2003
f 3505/2001 1373/2002 3827/1999
f 1420/1998 3827/1999 3828/2000
f 3804/2235 3803/2237 474/2240
f 4077/2239 3799/2241 3803/2237
f 4054/2314 2202/2362 3781/2254
f 2521/2279 4583/2309 2477/2298
f 3879/2288 3873/2348 3894/2342
f 3801/2242 474/2240 3803/2237
f 477/2255 4083/2363 4082/2307
f 4028/2243 474/2240 3801/2242
f 4339/2380 4291/2326 3818/2325
f 4315/2378 3836/2286 3833/2367
f 3787/2334 3786/2376 4027/2375
f 474/2240 406/2234 3804/2235
f 4343/2347 3833/2367 3867/2276
f 4476/2251 4271/2364 2312/2246
f 3882/2338 3587/2385 3878/2287
f 3809/2236 3775/2238 3803/2237
f 4342/2386 4328/2248 2106/2250
f 3878/2287 3587/2385 3879/2288
f 268/2291 4668/2294 4267/2295
f 4471/2304 2388/2275 4264/2305
f 4079/2387 623/2358 3934/2261
f 4469/2320 4279/2285 4471/2304
f 2106/2250 2188/2249 2243/2301
f 2209/2300 4330/2369 4342/2386
f 479/2264 897/2366 484/2331
f 4347/2272 4327/2329 4426/2324
f 4342/2386 4330/2369 3832/2373
f 4327/2329 4351/2231 4519/2252
f 2205/2292 2497/2451 4277/2299
f 2082/2388 427/2283 2188/2249
f 897/2366 4053/2365 4052/2293
f 4342/2386 3832/2373 4328/2248
f 2122/2311 3767/2282 2221/2296
f 2118/2389 3832/2373 4330/2369
f 3822/2247 4329/2253 3783/2245
f 3802/2390 2042/2356 3769/2355
f 3794/2353 3795/2448 3854/2449
f 2209/2300 4326/2384 4366/2370
f 2476/2280 2388/2275 2438/2266
f 4056/2321 4279/2285 1905/2333
f 2714/2374 4052/2293 2712/2256
f 3926/2310 3764/2391 3802/2390
f 4052/2293 4053/2365 4054/2314
f 2489/2274 4233/2289 4279/2285
f 3819/2339 4326/2384 2235/2302
f 4326/2384 4302/2371 4366/2370
f 3767/2282 3778/2281 2221/2296
f 3787/2334 3785/2336 3786/2376
f 3765/2392 3764/2391 3926/2310
f 4309/2317 3833/2367 2309/2318
f 2235/2302 3765/2392 3926/2310
f 3779/2393 3587/2385 3882/2338
f 3813/2303 3811/2258 3587/2385
f 4263/2297 2476/2280 2477/2298
f 3832/2373 2118/2389 2119/2379
f 3840/2447 3794/2353 2202/2362
f 4519/2252 4426/2324 4327/2329
f 4444/2381 4027/2375 4067/2382
f 479/2264 3786/2376 3785/2336
f 3833/2367 4309/2317 3867/2276
f 2559/2268 3816/2270 3819/2339
f 3853/2335 3787/2334 4444/2381
f 4083/2363 477/2255 3781/2254
f 4028/2243 3786/2376 474/2240
f 4083/2363 3844/2354 4082/2307
f 2712/2256 477/2255 2011/2357
f 3840/2447 2202/2362 4067/2382
f 4444/2381 2202/2362 3853/2335
f 3779/2393 3837/2312 3813/2303
f 4352/2368 2119/2379 2118/2389
f 3882/2338 3819/2339 3837/2312
f 4315/2378 4134/2269 2559/2268
f 3779/2393 3882/2338 3837/2312
f 3765/2392 2042/2356 3802/2390
f 3837/2312 3819/2339 3926/2310
f 3934/2261 623/2358 2055/2262
f 3764/2391 3765/2392 3802/2390
f 3840/2447 3795/2448 3794/2353
f 3785/2336 897/2366 479/2264
f 4279/2285 4277/2299 4318/2284
f 4337/2323 1905/2333 4469/2320
f 3873/2348 3791/2259 4082/2307
f 2106/2250 2209/2300 4342/2386
f 2122/2311 3802/2390 3769/2355
f 2489/2274 2439/2267 2438/2266
f 4079/2387 3934/2261 3854/2449
f 4270/2349 4271/2364 2119/2379
f 268/2291 4667/2290 4668/2294
f 2011/2357 2714/2374 2712/2256
f 2209/2300 2243/2301 2235/2302
f 4316/2450 3854/2449 3795/2448
f 4473/2372 4303/2327 4431/2352
f 4667/2290 2205/2292 4277/2299
f 3929/2263 3854/2449 3934/2261
f 3587/2385 3779/2393 3813/2303
f 2011/2357 2221/2296 2714/2374
f 2221/2296 2011/2357 3811/2258
f 2235/2302 3926/2310 3819/2339
f 2221/2296 3811/2258 3813/2303
f 2388/2275 4471/2304 4233/2289
f 4264/2305 4483/2306 4471/2304
f 4303/2327 4330/2369 4302/2371
f 2209/2300 2235/2302 4326/2384
f 484/2331 2215/2394 414/2260
f 4053/2365 3785/2336 3853/2335
f 2118/2389 4330/2369 4473/2372
f 4263/2297 4264/2305 2476/2280
f 3929/2263 2055/2262 4082/2307
f 2209/2300 4366/2370 4330/2369
f 4426/2324 4270/2349 4600/2343
f 4380/2229 2897/2308 4583/2309
f 2215/2394 484/2331 2714/2374
f 2106/2250 2243/2301 2209/2300
f 3794/2353 3854/2449 3929/2263
f 4079/2387 3854/2449 4316/2450
f 2243/2301 3765/2392 2235/2302
f 3802/2390 2122/2311 3926/2310
f 3783/2245 2312/2246 3822/2247
f 4352/2368 2118/2389 4575/2359
f 2215/2394 3778/2281 414/2260
f 4339/2380 3818/2325 3893/2377
f 2118/2389 4473/2372 4575/2359
f 2243/2301 2042/2356 3765/2392
f 4328/2248 2082/2388 2188/2249
f 4583/2309 4263/2297 2477/2298
f 2055/2262 3894/2342 3873/2348
f 484/2331 897/2366 2714/2374
f 3813/2303 2122/2311 2221/2296
f 4336/2361 4431/2352 4075/2351
f 3926/2310 2122/2311 3837/2312
f 4328/2248 2188/2249 2106/2250
f 2221/2296 2215/2394 2714/2374
f 4275/2313 4277/2299 4279/2285
f 4336/2361 4075/2351 1905/2333
f 1905/2333 4279/2285 4469/2320
f 434/2257 414/2260 3778/2281
f 690/2244 4077/2239 3775/2238
f 3781/2254 4052/2293 4054/2314
f 421/2232 484/2331 414/2260
f 4275/2313 4436/2346 4286/2315
f 4573/2344 4574/2360 4480/2322
f 3879/2288 3587/2385 3791/2259
f 2042/2356 2243/2301 2188/2249
f 4667/2290 4286/2315 4668/2294
f 2215/2394 2221/2296 3778/2281
f 427/2283 2042/2356 2188/2249
f 4277/2299 4275/2313 4667/2290
f 4312/2316 4309/2317 2309/2318
f 4668/2294 4286/2315 3933/2319
f 4267/2295 4668/2294 3933/2319
f 4476/2251 2312/2246 3783/2245
f 474/2240 421/2232 406/2234
f 55/2437 72/2445 69/2442
f 55/2437 492/2426 72/2445
f 2902/2406 69/2442 602/2446
f 3803/2237 3799/2241 3801/2242
f 72/2445 602/2446 69/2442
f 492/2426 55/2437 54/2424
f 471/2418 494/2396 499/2402
f 488/2412 386/2425 489/2410
f 487/2433 59/2438 386/2425
f 3824/2422 3829/2423 524/2427
f 386/2425 54/2424 489/2410
f 69/2442 718/2435 56/2436
f 3796/2443 688/2439 689/2434
f 718/2435 69/2442 3763/2408
f 3796/2443 3763/2408 605/2421
f 489/2410 54/2424 56/2436
f 689/2434 688/2439 56/2436
f 520/2440 523/2441 489/2410
f 782/2432 688/2439 524/2427
f 501/2417 497/2405 487/2433
f 3809/2236 2222/2414 809/2428
f 56/2436 55/2437 69/2442
f 523/2441 780/2413 522/2419
f 492/2426 386/2425 53/2444
f 522/2419 525/2431 2270/2420
f 688/2439 520/2440 56/2436
f 3796/2443 3824/2422 688/2439
f 3825/2403 3775/2238 3829/2423
f 522/2419 4114/2411 523/2441
f 53/2444 386/2425 59/2438
f 499/2402 497/2405 501/2417
f 3763/2408 3796/2443 689/2434
f 488/2412 4114/2411 514/2416
f 488/2412 473/2429 487/2433
f 4114/2411 489/2410 523/2441
f 3824/2422 3796/2443 605/2421
f 520/2440 688/2439 782/2432
f 56/2436 718/2435 689/2434
f 782/2432 523/2441 520/2440
f 2902/2406 3763/2408 69/2442
f 781/2430 780/2413 782/2432
f 3763/2408 628/2407 605/2421
f 525/2431 780/2413 808/2415
f 386/2425 488/2412 487/2433
f 780/2413 523/2441 782/2432
f 517/2404 2654/2397 494/2396
f 489/2410 56/2436 520/2440
f 688/2439 3824/2422 524/2427
f 494/2396 471/2418 517/2404
f 3829/2423 3775/2238 3809/2236
f 59/2438 487/2433 497/2405
f 473/2429 471/2418 487/2433
f 56/2436 54/2424 55/2437
f 473/2429 488/2412 514/2416
f 514/2416 4114/2411 522/2419
f 2222/2414 782/2432 524/2427
f 3825/2403 3824/2422 605/2421
f 809/2428 2222/2414 524/2427
f 3763/2408 689/2434 718/2435
f 471/2418 501/2417 487/2433
f 3829/2423 3809/2236 809/2428
f 514/2416 517/2404 473/2429
f 515/2400 514/2416 522/2419
f 2222/2414 781/2430 782/2432
f 525/2431 522/2419 780/2413
f 2222/2414 780/2413 781/2430
f 471/2418 473/2429 517/2404
f 524/2427 3829/2423 809/2428
f 54/2424 386/2425 492/2426
f 3824/2422 3825/2403 3829/2423
f 717/2409 3825/2403 605/2421
f 522/2419 2270/2420 515/2400
f 499/2402 501/2417 471/2418
f 515/2400 517/2404 514/2416
f 780/2413 2222/2414 808/2415
f 489/2410 4114/2411 488/2412
f 717/2409 690/2244 3825/2403
f 2902/2406 628/2407 3763/2408
f 499/2402 502/2399 497/2405
f 517/2404 515/2400 2654/2397
f 690/2244 3775/2238 3825/2403
f 502/2399 499/2402 494/2396
f 515/2400 516/2401 2654/2397
f 406/2234 500/2233 3804/2235
f 494/2396 493/2395 502/2399
f 493/2395 2654/2397 788/2398
f 3803/2237 3804/2235 3809/2236
f 493/2395 494/2396 2654/2397
f 4483/2306 4469/2320 4471/2304
f 4519/2252 3822/2247 2312/2246
f 4476/2251 3783/2245 4329/2253
f 4329/2253 3822/2247 4328/2248
f 4325/2223 4381/2224 4694/2225
f 3811/2258 477/2255 3791/2259
f 3781/2254 477/2255 2712/2256
f 2758/2226 4306/2227 4694/2225
f 4694/2225 4888/2228 2758/2226
f 4381/2224 4325/2223 4380/2229
f 2421/2271 2489/2274 4279/2285
f 4056/2321 4275/2313 4279/2285
f 421/2232 414/2260 434/2257
f 4480/2322 4337/2323 4469/2320
f 3868/2278 3866/2277 3933/2319
f 4263/2297 4483/2306 4264/2305
f 4426/2324 2896/2273 4347/2272
f 3818/2325 4291/2326 4303/2327
f 4256/2230 4381/2224 4380/2229
f 2444/2328 4480/2322 4483/2306
f 4351/2231 4327/2329 4347/2272
f 4269/2330 4318/2284 4277/2299
f 421/2232 479/2264 484/2331
f 3835/2332 4056/2321 1905/2333
f 2897/2308 4263/2297 4583/2309
f 4351/2231 4694/2225 4306/2227
f 2896/2273 2897/2308 4325/2223
f 4264/2305 2388/2275 2476/2280
f 4256/2230 4694/2225 4381/2224
f 3934/2261 2055/2262 3929/2263
f 4694/2225 4256/2230 4888/2228
f 479/2264 421/2232 474/2240
f 808/2415 2212/2454 525/2431
f 3787/2334 3853/2335 3785/2336
f 4467/2337 3866/2277 3867/2276
f 2212/2454 2222/2414 3809/2236
f 3882/2338 2559/2268 3819/2339
f 4260/2265 2438/2266 2439/2267
f 2212/2454 2082/2388 525/2431
f 4286/2315 3834/2340 3868/2278
f 2270/2420 518/2455 515/2400
f 2444/2328 4263/2297 2897/2308
f 4426/2324 2897/2308 2896/2273
f 1927/2341 3894/2342 2055/2262
f 2897/2308 4600/2343 2444/2328
f 2444/2328 4573/2344 4480/2322
f 4021/2345 4056/2321 3835/2332
f 4351/2231 4306/2227 3822/2247
f 3809/2236 500/2233 2212/2454
f 3867/2276 4309/2317 4467/2337
f 2082/2388 2270/2420 525/2431
f 2212/2454 434/2257 427/2283
f 4306/2227 2270/2420 3822/2247
f 4436/2346 4275/2313 4021/2345
f 4343/2347 3868/2278 3834/2340
f 3873/2348 3879/2288 3791/2259
f 3867/2276 3868/2278 4343/2347
f 2559/2268 4134/2269 3816/2270
f 4270/2349 4426/2324 4519/2252
f 3835/2332 4273/2350 4021/2345
f 2421/2271 4260/2265 2439/2267
f 3791/2259 477/2255 4082/2307
f 4325/2223 4347/2272 2896/2273
f 3835/2332 4075/2351 4431/2352
f 2476/2280 2521/2279 2477/2298
f 3794/2353 3929/2263 3844/2354
f 3834/2340 4436/2346 4134/2269
f 2758/2226 4335/2453 4306/2227
f 3769/2355 2042/2356 3767/2282
f 2270/2420 2082/2388 4328/2248
f 3822/2247 2270/2420 4328/2248
f 4436/2346 4021/2345 4273/2350
f 4286/2315 3868/2278 3933/2319
f 2011/2357 477/2255 3811/2258
f 4134/2269 4343/2347 3834/2340
f 2421/2271 2439/2267 2489/2274
f 4573/2344 2444/2328 4600/2343
f 4279/2285 4233/2289 4471/2304
f 2388/2275 2489/2274 2438/2266
f 2122/2311 3769/2355 3767/2282
f 3834/2340 4286/2315 4436/2346
f 3867/2276 3866/2277 3868/2278
f 2521/2279 2476/2280 2438/2266
f 1927/2341 2055/2262 623/2358
f 4575/2359 4574/2360 4573/2344
f 4263/2297 2444/2328 4483/2306
f 4336/2361 4337/2323 4574/2360
f 427/2283 434/2257 3778/2281
f 3781/2254 2202/2362 3794/2353
f 4083/2363 3781/2254 3844/2354
f 4600/2343 4575/2359 4573/2344
f 3778/2281 3767/2282 427/2283
f 2312/2246 4271/2364 4519/2252
f 3835/2332 4431/2352 4291/2326
f 4053/2365 897/2366 3785/2336
f 2270/2420 4306/2227 518/2455
f 4305/2456 518/2455 4306/2227
f 4312/2316 2309/2318 1927/2341
f 4318/2284 2421/2271 4279/2285
f 4273/2350 4134/2269 4436/2346
f 4275/2313 4286/2315 4667/2290
f 4351/2231 3822/2247 4519/2252
f 4337/2323 4336/2361 1905/2333
f 4343/2347 4134/2269 3833/2367
f 3781/2254 3794/2353 3844/2354
f 4600/2343 4270/2349 4352/2368
f 4352/2368 4575/2359 4600/2343
f 4575/2359 4336/2361 4574/2360
f 500/2233 434/2257 2212/2454
f 516/2401 515/2400 518/2455
f 4305/2456 4306/2227 4335/2453
f 4330/2369 4366/2370 4302/2371
f 4431/2352 4336/2361 4473/2372
f 4318/2284 4260/2265 2421/2271
f 4335/2453 2654/2397 516/2401
f 3837/2312 2122/2311 3813/2303
f 4270/2349 4519/2252 4271/2364
f 4053/2365 3853/2335 4054/2314
f 4431/2352 4303/2327 4291/2326
f 4328/2248 3832/2373 4329/2253
f 4052/2293 2714/2374 897/2366
f 4337/2323 4480/2322 4574/2360
f 2309/2318 3894/2342 1927/2341
f 4305/2456 4335/2453 518/2455
f 4027/2375 3786/2376 4028/2243
f 518/2455 4335/2453 516/2401
f 2222/2414 2212/2454 808/2415
f 2559/2268 3882/2338 3878/2287
f 3893/2377 4134/2269 4273/2350
f 4315/2378 3833/2367 4134/2269
f 2212/2454 427/2283 2082/2388
f 1905/2333 4075/2351 3835/2332
f 4271/2364 4476/2251 2119/2379
f 3836/2286 3878/2287 3879/2288
f 3893/2377 4273/2350 4339/2380
f 2202/2362 4444/2381 4067/2382
f 4351/2231 4347/2272 4325/2223
f 4325/2223 2897/2308 4380/2229
f 4082/2307 3844/2354 3929/2263
f 3893/2377 3816/2270 4134/2269
f 2205/2292 268/2291 4164/2383
f 4330/2369 4303/2327 4473/2372
f 4329/2253 3832/2373 2119/2379
f 4056/2321 4021/2345 4275/2313
f 4351/2231 4325/2223 4694/2225
f 4326/2384 3819/2339 3818/2325
f 2119/2379 4352/2368 4270/2349
f 2654/2397 4335/2453 788/2398
f 4329/2253 2119/2379 4476/2251
f 3816/2270 3893/2377 3818/2325
f 2497/2451 2205/2292 4171/2452
f 3894/2342 3836/2286 3879/2288
f 2497/2451 4171/2452 4269/2330
f 3835/2332 4339/2380 4273/2350
f 4315/2378 3878/2287 3836/2286
f 3791/2259 3587/2385 3811/2258
f 2055/2262 3873/2348 4082/2307
f 4444/2381 3787/2334 4027/2375
f 2559/2268 3878/2287 4315/2378
f 2042/2356 427/2283 3767/2282
f 2388/2275 4233/2289 2489/2274
f 4291/2326 4339/2380 3835/2332
f 4480/2322 4469/2320 4483/2306
f 3836/2286 2309/2318 3833/2367
f 4164/2383 4171/2452 2205/2292
f 4473/2372 4336/2361 4575/2359
f 500/2233 421/2232 434/2257
f 4600/2343 2897/2308 4426/2324
f 3816/2270 3818/2325 3819/2339
f 4277/2299 2497/2451 4269/2330
f 3836/2286 3894/2342 2309/2318
f 3818/2325 4303/2327 4302/2371
f 4667/2290 268/2291 2205/2292
f 4052/2293 3781/2254 2712/2256
f 4302/2371 4326/2384 3818/2325
f 3853/2335 2202/2362 4054/2314
f 421/2232 500/2233 406/2234
f 3804/2235 500/2233 3809/2236
f 3803/2237 3775/2238 4077/2239
f 3786/2376 479/2264 474/2240
f 2801/2677 2889/2676 564/2600
f 1735/2509 4074/2513 4150/2537
f 2852/2585 3382/2602 2882/2560
f 4089/2604 4781/2605 4088/2606
f 4079/2674 1916/2667 1929/2666
f 3382/2602 3330/2591 2882/2560
f 4316/2703 3795/2694 1916/2667
f 4079/2674 4316/2703 1916/2667
f 4747/2607 3939/2608 1810/2609
f 4612/2610 1537/2611 1804/2612
f 3337/2592 3297/2580 4092/2573
f 1716/2613 3974/2614 4612/2610
f 1537/2611 4612/2610 3974/2614
f 3973/2615 3974/2614 1716/2613
f 4093/2571 4103/2574 1495/2572
f 1804/2612 1807/2616 1810/2609
f 3932/2617 3973/2615 1716/2613
f 3448/2474 4208/2473 4392/2475
f 564/2600 4599/2581 2876/2568
f 4116/2566 3298/2542 4102/2567
f 3272/2492 3273/2491 3277/2507
f 3915/2618 1807/2616 1537/2611
f 3337/2592 4115/2555 3379/2549
f 2876/2568 4599/2581 2901/2569
f 4080/2544 4455/2557 3347/2529
f 1495/2572 4118/2598 4092/2573
f 3337/2592 3379/2549 3297/2580
f 2894/2577 3360/2516 4015/2518
f 3379/2549 1476/2559 3297/2580
f 3379/2549 4119/2548 1476/2559
f 2297/2695 513/2481 4506/2692
f 4103/2574 4093/2571 2894/2577
f 2888/2583 699/2582 2881/2586
f 3382/2602 3352/2593 3330/2591
f 3861/2685 3501/2476 4748/2682
f 3940/2689 4095/2688 3956/2687
f 3331/2534 3282/2552 4015/2518
f 4098/2599 2881/2586 4048/2562
f 937/2686 3940/2689 3941/2620
f 3351/2545 4080/2544 3347/2529
f 3471/2501 3477/2505 3449/2487
f 3291/2590 3298/2542 3300/2594
f 3343/2535 4150/2537 4074/2513
f 2881/2586 572/2596 2852/2585
f 3270/2588 4080/2544 3393/2546
f 4016/2696 3865/2701 4018/2698
f 3382/2602 2852/2585 2603/2603
f 4017/2523 4073/2553 3282/2552
f 1919/2691 1916/2667 1907/2697
f 4118/2598 2888/2583 4098/2599
f 3471/2501 3444/2522 4032/2512
f 4234/2485 4100/2489 3448/2474
f 2127/2519 4152/2536 4046/2539
f 2127/2519 4151/2515 4152/2536
f 3351/2545 3347/2529 3352/2593
f 3865/2701 4292/2700 3981/2702
f 4018/2698 3865/2701 3981/2702
f 3382/2602 4057/2601 3352/2593
f 4057/2601 3393/2546 3352/2593
f 2092/2503 2225/2498 2090/2495
f 3830/2532 3936/2504 4178/2511
f 1907/2697 3880/2693 3846/2699
f 3865/2701 4084/2690 1907/2697
f 2888/2583 2881/2586 4098/2599
f 4048/2562 4116/2566 4098/2599
f 3360/2516 4154/2541 1359/2517
f 2297/2695 1907/2697 4084/2690
f 1359/2517 3331/2534 4015/2518
f 513/2481 4084/2690 620/2469
f 3291/2590 3352/2593 3298/2542
f 4116/2566 3300/2594 3298/2542
f 1877/2658 4041/2661 513/2481
f 1907/2697 3846/2699 3865/2701
f 4016/2696 4084/2690 3865/2701
f 3270/2588 2466/2584 2465/2579
f 4288/2494 1181/2508 3938/2493
f 3937/2500 1425/2472 4100/2489
f 3351/2545 3352/2593 3393/2546
f 1550/2486 2226/2478 2225/2498
f 4047/2561 2882/2560 3330/2591
f 2297/2695 4084/2690 513/2481
f 3942/2683 3941/2620 3954/2684
f 3857/2484 4095/2688 4294/2656
f 4116/2566 4101/2565 4098/2599
f 3298/2542 3337/2592 4102/2567
f 4116/2566 4048/2562 3300/2594
f 3846/2699 4292/2700 3865/2701
f 3958/2589 2465/2579 1475/2558
f 3957/2525 3387/2524 2466/2584
f 3300/2594 4048/2562 4047/2561
f 4042/2540 3436/2521 2070/2520
f 1919/2691 4039/2668 1916/2667
f 2297/2695 1919/2691 1907/2697
f 4112/2563 4143/2564 2465/2579
f 4118/2598 4102/2567 4092/2573
f 1181/2508 2898/2514 3331/2534
f 3436/2521 4042/2540 3444/2522
f 4293/2466 4084/2690 4016/2696
f 4095/2688 3857/2484 3956/2687
f 4019/2467 4016/2696 4018/2698
f 3958/2589 4080/2544 3270/2588
f 1916/2667 3880/2693 1907/2697
f 4092/2573 3297/2580 4093/2571
f 699/2582 4599/2581 564/2600
f 4016/2696 4019/2467 4293/2466
f 4150/2537 3343/2535 4749/2554
f 4599/2581 2888/2583 2901/2569
f 3449/2487 1550/2486 1552/2497
f 1919/2691 2297/2695 4506/2692
f 3940/2689 937/2686 4095/2688
f 2888/2583 4118/2598 3303/2597
f 4098/2599 4101/2565 4118/2598
f 1807/2616 1958/2619 3941/2620
f 2466/2584 4012/2587 3957/2525
f 4048/2562 2881/2586 2882/2560
f 3337/2592 3406/2528 4115/2555
f 3855/2483 3861/2685 3857/2484
f 4041/2661 4506/2692 513/2481
f 4748/2682 3501/2476 4392/2475
f 4095/2688 674/2625 673/2643
f 4041/2661 4039/2668 4506/2692
f 3347/2529 3298/2542 3352/2593
f 1537/2611 3974/2614 3915/2618
f 2901/2569 2888/2583 3303/2597
f 4118/2598 1495/2572 3303/2597
f 3880/2693 1916/2667 3795/2694
f 4101/2565 4102/2567 4118/2598
f 4024/2621 3973/2615 3932/2617
f 3393/2546 4125/2595 3270/2588
f 1919/2691 4506/2692 4039/2668
f 4747/2607 3942/2683 4748/2682
f 572/2596 699/2582 564/2600
f 1877/2658 513/2481 3857/2484
f 4080/2544 3958/2589 4455/2557
f 3857/2484 4294/2656 1877/2658
f 673/2643 4294/2656 4095/2688
f 4293/2466 620/2469 4084/2690
f 3857/2484 3861/2685 3956/2687
f 572/2596 564/2600 2889/2676
f 2799/2680 2805/2679 2918/2678
f 3956/2687 3861/2685 3954/2684
f 3956/2687 3941/2620 3940/2689
f 3303/2597 1495/2572 2901/2569
f 4095/2688 937/2686 674/2625
f 2801/2677 2799/2680 2918/2678
f 2805/2679 2799/2680 2777/2681
f 564/2600 2865/2675 2801/2677
f 3861/2685 3855/2483 3449/2487
f 3861/2685 4748/2682 3954/2684
f 2889/2676 2801/2677 2918/2678
f 3954/2684 3941/2620 3956/2687
f 572/2596 2881/2586 699/2582
f 1958/2619 937/2686 3941/2620
f 1958/2619 674/2625 937/2686
f 3501/2476 3861/2685 3449/2487
f 3347/2529 4455/2557 3348/2527
f 3954/2684 4748/2682 3942/2683
f 4747/2607 3941/2620 3942/2683
f 4115/2555 1475/2558 4143/2564
f 4748/2682 4392/2475 4747/2607
f 4142/2622 2191/2623 3974/2614
f 4234/2485 1651/2499 4100/2489
f 4125/2595 4012/2587 3270/2588
f 3300/2594 4047/2561 3291/2590
f 2876/2568 2865/2675 564/2600
f 3330/2591 3352/2593 3291/2590
f 2465/2579 3958/2589 3270/2588
f 4142/2622 3973/2615 4024/2621
f 4735/2457 4399/2458 4183/2459
f 4735/2457 4676/2460 4399/2458
f 4183/2459 4399/2458 241/2461
f 2901/2569 1495/2572 4103/2574
f 4404/2575 2894/2577 4015/2518
f 4735/2457 4051/2462 4676/2460
f 4102/2567 3337/2592 4092/2573
f 3337/2592 3298/2542 3406/2528
f 4258/2463 4389/2464 241/2461
f 3291/2590 4047/2561 3330/2591
f 4780/2465 4735/2457 4183/2459
f 3958/2589 1475/2558 4455/2557
f 4012/2587 2466/2584 3270/2588
f 3932/2617 4008/2624 4024/2621
f 3915/2618 674/2625 1958/2619
f 1421/2626 2191/2623 4142/2622
f 2852/2585 2882/2560 2881/2586
f 2898/2514 3282/2552 3331/2534
f 2901/2569 4103/2574 2872/2578
f 1421/2626 1339/2627 3901/2628
f 4042/2540 3437/2533 3444/2522
f 4017/2523 3282/2552 2898/2514
f 1476/2559 3360/2516 3297/2580
f 3477/2505 4234/2485 3449/2487
f 4042/2540 4090/2538 3437/2533
f 2872/2578 2887/2570 2901/2569
f 2849/2629 4008/2624 3932/2617
f 3915/2618 1191/2630 674/2625
f 1421/2626 1191/2630 2191/2623
f 1339/2627 3986/2631 3988/2632
f 4163/2633 241/2461 4164/2634
f 2225/2498 1552/2497 1550/2486
f 4163/2633 3902/2635 4183/2459
f 4051/2462 4781/2605 2849/2629
f 3866/2636 3815/2637 3933/2638
f 4064/2639 4063/2640 3900/2641
f 1191/2630 381/2642 673/2643
f 1475/2558 3406/2528 3348/2527
f 3472/2496 3433/2510 3436/2521
f 2465/2579 2466/2584 3387/2524
f 3988/2632 4008/2624 4781/2605
f 3988/2632 4089/2604 1339/2627
f 3901/2628 1339/2627 1387/2644
f 4163/2633 4164/2634 4864/2645
f 3902/2635 4780/2465 4183/2459
f 4781/2605 4051/2462 4780/2465
f 3899/2646 3901/2628 1387/2644
f 3890/2647 3901/2628 3899/2646
f 4164/2634 268/2648 4864/2645
f 4864/2645 4267/2649 4265/2650
f 3902/2635 4289/2651 4780/2465
f 4173/2652 4064/2639 1339/2627
f 4088/2606 4319/2653 4173/2652
f 1421/2626 3986/2631 1339/2627
f 1387/2644 3900/2641 3899/2646
f 1933/2654 4063/2640 4604/2655
f 4289/2651 4265/2650 4267/2649
f 4780/2465 4289/2651 4088/2606
f 673/2643 381/2642 4294/2656
f 4294/2656 4186/2657 1877/2658
f 3890/2647 3888/2659 4186/2657
f 4064/2639 4173/2652 4604/2655
f 4604/2655 4173/2652 4319/2653
f 4319/2653 4088/2606 3815/2637
f 3888/2659 3899/2646 3900/2641
f 241/2461 4389/2464 4164/2634
f 4289/2651 4267/2649 3933/2638
f 3815/2637 4088/2606 4289/2651
f 1877/2658 4186/2657 318/2660
f 3888/2659 318/2660 4186/2657
f 4604/2655 4319/2653 3815/2637
f 381/2642 1191/2630 3901/2628
f 3815/2637 4289/2651 3933/2638
f 318/2660 4041/2661 1877/2658
f 3815/2637 4467/2662 4604/2655
f 4063/2640 1933/2654 3887/2663
f 4142/2622 4024/2621 3986/2631
f 4186/2657 381/2642 3890/2647
f 4041/2661 318/2660 3923/2664
f 3924/2665 3923/2664 3887/2663
f 3974/2614 2191/2623 3915/2618
f 1933/2654 3924/2665 3887/2663
f 4063/2640 3887/2663 3900/2641
f 4604/2655 4063/2640 4064/2639
f 1929/2666 1916/2667 4039/2668
f 4038/2669 4041/2661 3923/2664
f 1933/2654 4467/2662 4309/2670
f 4088/2606 4781/2605 4780/2465
f 3923/2664 3924/2665 4312/2671
f 3924/2665 1933/2654 4309/2670
f 4038/2669 1929/2666 4039/2668
f 4735/2457 4780/2465 4051/2462
f 4312/2671 3924/2665 4309/2670
f 1807/2616 1804/2612 1537/2611
f 1191/2630 673/2643 674/2625
f 4038/2669 3923/2664 4312/2671
f 4041/2661 4038/2669 4039/2668
f 3890/2647 381/2642 3901/2628
f 623/2672 4038/2669 1927/2673
f 4747/2607 1810/2609 3941/2620
f 241/2461 4163/2633 4183/2459
f 1191/2630 1421/2626 3901/2628
f 3888/2659 3900/2641 3887/2663
f 1929/2666 623/2672 4079/2674
f 4024/2621 3988/2632 3986/2631
f 3887/2663 3923/2664 3888/2659
f 268/2648 4267/2649 4864/2645
f 4173/2652 4089/2604 4088/2606
f 2191/2623 1191/2630 3915/2618
f 4294/2656 381/2642 4186/2657
f 3988/2632 4781/2605 4089/2604
f 3888/2659 3923/2664 318/2660
f 3986/2631 1421/2626 4142/2622
f 1807/2616 3915/2618 1958/2619
f 4142/2622 3974/2614 3973/2615
f 4265/2650 3902/2635 4864/2645
f 4064/2639 1387/2644 1339/2627
f 1810/2609 1807/2616 3941/2620
f 4467/2662 1933/2654 4604/2655
f 4293/2466 4019/2467 4030/2468
f 620/2469 4293/2466 2170/2470
f 4030/2468 4049/2471 4293/2466
f 1425/2472 4208/2473 3448/2474
f 3448/2474 4392/2475 3501/2476
f 4169/2477 2170/2470 4293/2466
f 2170/2470 2226/2478 620/2469
f 4030/2468 4180/2479 4049/2471
f 1635/2480 513/2481 2226/2478
f 2226/2478 2170/2470 3271/2482
f 3855/2483 3857/2484 1635/2480
f 4234/2485 3448/2474 3501/2476
f 1635/2480 1550/2486 3449/2487
f 4458/2488 3271/2482 2170/2470
f 4049/2471 4180/2479 4169/2477
f 4100/2489 1425/2472 3448/2474
f 4458/2488 2170/2470 4169/2477
f 1635/2480 2226/2478 1550/2486
f 3271/2482 4031/2490 2226/2478
f 3449/2487 4234/2485 3501/2476
f 3271/2482 3273/2491 3272/2492
f 4458/2488 4169/2477 3938/2493
f 3271/2482 4458/2488 3273/2491
f 4180/2479 4288/2494 4169/2477
f 4169/2477 4288/2494 3938/2493
f 3272/2492 4031/2490 3271/2482
f 2226/2478 4031/2490 2090/2495
f 3472/2496 1552/2497 2225/2498
f 4038/2669 623/2672 1929/2666
f 4100/2489 1651/2499 3937/2500
f 3899/2646 3888/2659 3890/2647
f 1552/2497 3471/2501 3449/2487
f 4064/2639 3900/2641 1387/2644
f 4024/2621 4008/2624 3988/2632
f 4180/2479 2140/2502 4288/2494
f 3815/2637 3866/2636 4467/2662
f 4265/2650 4289/2651 3902/2635
f 3272/2492 2090/2495 4031/2490
f 4008/2624 2849/2629 4781/2605
f 1339/2627 4089/2604 4173/2652
f 4392/2475 3939/2608 4747/2607
f 4312/2671 1927/2673 4038/2669
f 2090/2495 2225/2498 2226/2478
f 2225/2498 2092/2503 3472/2496
f 1552/2497 3472/2496 3471/2501
f 4864/2645 3902/2635 4163/2633
f 3937/2500 1651/2499 3936/2504
f 1651/2499 4234/2485 3477/2505
f 3273/2491 4085/2506 3277/2507
f 2140/2502 1181/2508 4288/2494
f 1735/2509 2090/2495 3272/2492
f 3433/2510 3472/2496 2092/2503
f 3936/2504 1651/2499 4178/2511
f 1651/2499 3477/2505 4032/2512
f 4074/2513 3277/2507 4085/2506
f 1181/2508 4085/2506 3273/2491
f 3277/2507 4074/2513 1735/2509
f 2140/2502 2898/2514 1181/2508
f 4293/2466 4049/2471 4169/2477
f 2090/2495 1735/2509 4151/2515
f 2092/2503 2090/2495 4151/2515
f 3360/2516 1359/2517 4015/2518
f 2127/2519 3433/2510 2092/2503
f 2070/2520 3436/2521 3433/2510
f 3471/2501 3436/2521 3444/2522
f 2140/2502 4017/2523 2898/2514
f 4178/2511 1651/2499 4032/2512
f 3471/2501 3472/2496 3436/2521
f 3387/2524 3957/2525 4029/2526
f 3348/2527 3406/2528 3347/2529
f 2070/2520 3433/2510 2126/2530
f 2126/2530 3433/2510 2127/2519
f 1475/2558 2465/2579 4143/2564
f 3876/2531 3830/2532 4178/2511
f 4119/2548 4749/2554 1476/2559
f 4404/2575 4015/2518 4073/2553
f 4085/2506 3343/2535 4074/2513
f 4599/2581 699/2582 2888/2583
f 4032/2512 3444/2522 3437/2533
f 3360/2516 4093/2571 3297/2580
f 4085/2506 3331/2534 3343/2535
f 4152/2536 4151/2515 4150/2537
f 4029/2526 3876/2531 3877/2551
f 4115/2555 3406/2528 1475/2558
f 4112/2563 2465/2579 3387/2524
f 3857/2484 513/2481 1635/2480
f 4090/2538 2070/2520 2126/2530
f 2873/2576 2872/2578 4103/2574
f 4093/2571 3360/2516 2894/2577
f 3938/2493 3273/2491 4458/2488
f 4404/2575 4103/2574 2894/2577
f 1476/2559 4154/2541 3360/2516
f 3449/2487 3855/2483 1635/2480
f 4103/2574 4404/2575 2873/2576
f 4093/2571 1495/2572 4092/2573
f 4119/2548 3268/2547 4749/2554
f 4026/2556 4112/2563 3387/2524
f 2127/2519 4046/2539 2126/2530
f 4749/2554 4115/2555 4143/2564
f 4143/2564 4112/2563 4046/2539
f 2876/2568 2901/2569 2887/2570
f 4042/2540 2070/2520 4090/2538
f 4749/2554 3343/2535 4154/2541
f 4101/2565 4116/2566 4102/2567
f 2226/2478 513/2481 620/2469
f 4046/2539 4749/2554 4143/2564
f 3331/2534 4154/2541 3343/2535
f 3406/2528 3298/2542 3347/2529
f 3387/2524 3437/2533 4026/2556
f 3877/2551 4178/2511 4032/2512
f 3471/2501 4032/2512 3477/2505
f 4112/2563 4026/2556 4046/2539
f 4046/2539 4026/2556 4090/2538
f 3936/2504 3830/2532 3937/2500
f 4115/2555 4749/2554 3268/2547
f 4029/2526 826/2543 3876/2531
f 4080/2544 3351/2545 3393/2546
f 3437/2533 3877/2551 4032/2512
f 4085/2506 1181/2508 3331/2534
f 3268/2547 4119/2548 3379/2549
f 4150/2537 4749/2554 4152/2536
f 2882/2560 4047/2561 4048/2562
f 4749/2554 4154/2541 1476/2559
f 4046/2539 4090/2538 2126/2530
f 3387/2524 3386/2550 3437/2533
f 3348/2527 4455/2557 1475/2558
f 4029/2526 3877/2551 3386/2550
f 3876/2531 826/2543 3830/2532
f 3272/2492 3277/2507 1735/2509
f 4090/2538 4026/2556 3437/2533
f 2092/2503 4151/2515 2127/2519
f 4029/2526 3386/2550 3387/2524
f 3268/2547 3379/2549 4115/2555
f 4046/2539 4152/2536 4749/2554
f 3877/2551 3876/2531 4178/2511
f 3386/2550 3877/2551 3437/2533
f 1181/2508 3273/2491 3938/2493
f 3331/2534 1359/2517 4154/2541
f 4015/2518 3282/2552 4073/2553
f 4150/2537 4151/2515 1735/2509
f 3967/2746 3966/2763 3965/2759
f 3302/2764 3309/2765 3328/2766
f 4069/2760 1119/2747 995/2762
f 1119/2747 826/2753 995/2762
f 4069/2760 995/2762 3948/2767
f 664/2725 1229/2716 944/2724
f 3345/2743 4069/2760 3441/2761
f 3965/2759 4010/2751 3967/2746
f 4069/2760 3948/2767 3947/2744
f 3267/2756 2875/2757 4036/2758
f 3967/2746 3949/2745 3966/2763
f 2886/2768 4153/2769 3266/2770
f 3967/2746 3441/2761 3947/2744
f 4011/2771 3948/2767 995/2762
f 3959/2754 2884/2742 1419/2755
f 3949/2745 3267/2756 3966/2763
f 1430/2736 829/2733 3345/2743
f 3949/2745 2875/2757 3267/2756
f 3302/2764 3313/2709 3309/2765
f 277/2719 1425/2718 1570/2727
f 3949/2745 3969/2772 2875/2757
f 4010/2751 1430/2736 3345/2743
f 826/2753 1568/2737 3830/2738
f 3831/2732 3830/2738 1568/2737
f 1592/2715 618/2730 277/2719
f 3416/2877 4145/2880 3255/2881
f 4061/2739 1119/2747 4060/2734
f 3408/2773 3267/2756 4133/2774
f 3951/2775 3969/2772 3949/2745
f 3396/2927 1432/2961 822/2928
f 4010/2751 1431/2752 1430/2736
f 2322/2943 1671/2947 3961/2952
f 4004/2918 3353/2929 2322/2943
f 822/2928 980/2939 4121/2926
f 3311/2748 4091/2749 3365/2750
f 2322/2943 2407/2919 4004/2918
f 4060/2734 1119/2747 1122/2735
f 736/2937 1444/2969 255/2938
f 3947/2744 3949/2745 3967/2746
f 3345/2743 829/2733 1122/2735
f 3952/2965 736/2937 822/2928
f 1432/2961 3396/2927 3400/2956
f 2258/2911 3265/2904 3262/2903
f 3262/2903 4130/2964 3989/2905
f 3960/2957 3961/2952 1671/2947
f 736/2937 271/2967 1444/2969
f 2607/2740 2883/2741 2884/2742
f 4065/2932 3965/2759 4007/2936
f 3398/2920 3921/2908 3459/2924
f 4060/2734 3918/2731 4061/2739
f 4009/2931 3424/2962 4010/2751
f 4003/2808 3400/2956 821/2803
f 734/2935 4007/2936 3977/2958
f 3952/2965 822/2928 4120/2963
f 822/2928 736/2937 980/2939
f 3232/2878 4145/2880 3416/2877
f 3416/2877 3414/2876 3232/2878
f 4000/2879 3414/2876 4141/2875
f 1122/2735 945/2723 4060/2734
f 1568/2737 1704/2728 3831/2732
f 3831/2732 3937/2726 3830/2738
f 1568/2737 3918/2731 1704/2728
f 3965/2759 4009/2931 4010/2751
f 269/2966 271/2967 3977/2958
f 944/2724 829/2733 664/2725
f 3070/2721 664/2725 1430/2736
f 758/2950 3928/2951 3925/2948
f 3422/2714 1224/2722 3070/2721
f 3232/2878 3414/2876 4000/2879
f 271/2967 2610/2970 2612/2968
f 4141/2875 3414/2876 3416/2877
f 3398/2920 3339/2909 3921/2908
f 3944/2872 4126/2873 3229/2874
f 3223/2959 3928/2951 821/2803
f 765/2829 1790/2817 766/2816
f 1122/2735 680/2729 945/2723
f 4060/2734 945/2723 3918/2731
f 1558/2846 1081/2838 1554/2852
f 944/2724 680/2729 829/2733
f 1570/2727 3831/2732 1704/2728
f 2610/2970 3952/2965 4066/2930
f 3831/2732 1570/2727 3937/2726
f 277/2719 1704/2728 3918/2731
f 4875/2810 4873/2823 3927/2802
f 3404/2921 2321/2945 3389/2942
f 4033/2807 3916/2871 4034/2800
f 4208/2717 277/2719 618/2730
f 6/2830 3895/2837 4148/2845
f 736/2937 3952/2965 2610/2970
f 1801/2841 4839/2712 627/2819
f 1431/2752 3424/2962 1432/2961
f 734/2935 3977/2958 271/2967
f 271/2967 736/2937 2610/2970
f 4043/2854 4705/2851 1690/2848
f 4148/2845 3895/2837 4146/2844
f 3927/2802 3916/2871 4033/2807
f 2610/2970 4066/2930 2612/2968
f 3864/2839 3863/2835 3862/2870
f 3223/2959 3396/2927 3395/2955
f 3232/2878 3403/2901 3233/2902
f 4010/2751 3424/2962 1431/2752
f 3395/2955 3396/2927 4121/2926
f 4610/2859 1799/2847 1809/2860
f 269/2966 1444/2969 271/2967
f 3994/2899 4045/2900 3989/2905
f 4065/2932 734/2935 2612/2968
f 3943/2822 4875/2810 1743/2811
f 1801/2841 1376/2820 655/2827
f 3925/2948 3395/2955 656/2954
f 4557/2836 4873/2823 3905/2834
f 4065/2932 2612/2968 4066/2930
f 3243/2916 3412/2906 3240/2910
f 680/2729 944/2724 945/2723
f 4146/2844 655/2827 4149/2828
f 3978/2812 1428/2806 4033/2807
f 1808/2867 4213/2707 4678/2704
f 1570/2727 1704/2728 277/2719
f 4034/2800 744/2796 745/2801
f 4120/2963 4009/2931 4066/2930
f 2846/2840 3864/2839 1799/2847
f 3937/2726 1570/2727 1425/2718
f 3403/2901 3427/2896 3921/2908
f 3960/2957 4006/2946 269/2966
f 3407/2941 3408/2773 3389/2942
f 1229/2716 664/2725 1224/2722
f 271/2967 2612/2968 734/2935
f 4009/2931 4120/2963 3424/2962
f 3422/2714 1225/2713 1224/2722
f 3223/2959 3400/2956 3396/2927
f 3977/2958 3960/2957 269/2966
f 3459/2924 3397/2933 3355/2922
f 3395/2955 3928/2951 3223/2959
f 944/2724 278/2720 945/2723
f 945/2723 278/2720 277/2719
f 3399/2960 4839/2712 3070/2721
f 2335/2913 3413/2914 3265/2904
f 1224/2722 1225/2713 1229/2716
f 3965/2759 4065/2932 4009/2931
f 1592/2715 278/2720 1229/2716
f 3070/2721 4839/2712 3422/2714
f 3408/2773 3264/2791 3401/2915
f 2258/2911 3262/2903 3989/2905
f 4007/2936 3407/2941 3962/2953
f 3996/2944 1706/2934 3459/2924
f 822/2928 1432/2961 4120/2963
f 277/2719 278/2720 1592/2715
f 4006/2946 3960/2957 1671/2947
f 4208/2717 1425/2718 277/2719
f 1668/2923 3355/2922 1671/2947
f 3399/2960 1432/2961 3400/2956
f 1592/2715 1229/2716 1225/2713
f 4839/2712 1225/2713 3422/2714
f 4120/2963 4066/2930 3952/2965
f 4004/2918 2407/2919 2335/2913
f 3430/2940 4007/2936 3965/2759
f 3960/2957 3962/2953 3961/2952
f 1432/2961 3070/2721 1431/2752
f 4130/2964 3994/2899 3989/2905
f 3966/2763 3430/2940 3965/2759
f 3921/2908 3996/2944 3459/2924
f 3233/2902 3921/2908 3339/2909
f 4873/2823 4434/2824 1522/2814
f 4435/2818 4434/2824 1115/2826
f 1674/2825 4149/2828 1737/2821
f 3998/2897 3427/2896 3403/2901
f 2358/2898 3259/2907 4045/2900
f 3962/2953 3977/2958 4007/2936
f 4000/2879 3998/2897 3403/2901
f 4610/2859 1808/2867 4612/2866
f 3313/2709 4057/2710 2625/2711
f 1558/2846 1554/2852 3895/2837
f 3424/2962 4120/2963 1432/2961
f 3070/2721 1432/2961 3399/2960
f 3267/2756 3408/2773 3407/2941
f 1554/2852 4705/2851 1168/2858
f 4295/2804 4035/2799 745/2801
f 3399/2960 3400/2956 4839/2712
f 622/2853 1554/2852 1168/2858
f 3400/2956 3223/2959 821/2803
f 1087/2833 1081/2838 1558/2846
f 3395/2955 3925/2948 3928/2951
f 3962/2953 3960/2957 3977/2958
f 3927/2802 1428/2806 4875/2810
f 1668/2923 1671/2947 3353/2929
f 2321/2945 3961/2952 3962/2953
f 3400/2956 4003/2808 4839/2712
f 3928/2951 4295/2804 821/2803
f 3895/2837 622/2853 1173/2849
f 4839/2712 4840/2815 627/2819
f 3353/2929 1671/2947 2322/2943
f 4146/2844 3895/2837 1173/2849
f 4121/2926 656/2954 3395/2955
f 4148/2845 4149/2828 1674/2825
f 3265/2904 2258/2911 2335/2913
f 2321/2945 3962/2953 3389/2942
f 3259/2907 3412/2906 4045/2900
f 3233/2902 3259/2907 4145/2880
f 4033/2807 4034/2800 4035/2799
f 3407/2941 3389/2942 3962/2953
f 4214/2705 2849/2708 3932/2706
f 744/2796 1790/2817 746/2809
f 4609/2864 1168/2858 4044/2855
f 5/2831 6/2830 4148/2845
f 3961/2952 2321/2945 2322/2943
f 746/2809 1790/2817 627/2819
f 3418/2794 3265/2904 3413/2914
f 3407/2941 4007/2936 3430/2940
f 1674/2825 1737/2821 4435/2818
f 1592/2715 4146/2844 1650/2850
f 1554/2852 1081/2838 1690/2848
f 758/2950 4295/2804 3928/2951
f 3925/2948 760/2949 758/2950
f 1427/2813 1743/2811 1428/2806
f 3994/2899 3995/2893 2358/2898
f 4873/2823 1522/2814 3927/2802
f 3404/2921 2406/2925 2321/2945
f 4006/2946 1671/2947 3355/2922
f 2322/2943 2321/2945 2406/2925
f 1799/2847 3864/2839 3862/2870
f 1650/2850 1173/2849 3920/2862
f 3966/2763 3267/2756 3430/2940
f 4034/2800 3916/2871 3927/2802
f 3353/2929 1348/2917 1668/2923
f 3459/2924 1668/2923 3398/2920
f 3921/2908 3427/2896 3996/2944
f 4434/2824 3864/2839 2846/2840
f 2322/2943 2406/2925 2407/2919
f 3418/2794 3413/2914 3264/2791
f 3408/2773 3404/2921 3389/2942
f 716/2798 4435/2818 1737/2821
f 3430/2940 3267/2756 3407/2941
f 1348/2917 3243/2916 1668/2923
f 3863/2835 3864/2839 3905/2834
f 736/2937 255/2938 980/2939
f 627/2819 1376/2820 1801/2841
f 3243/2916 3398/2920 1668/2923
f 734/2935 4065/2932 4007/2936
f 3397/2933 3459/2924 1706/2934
f 1800/2843 1801/2841 655/2827
f 4066/2930 4009/2931 4065/2932
f 2406/2925 3404/2921 3401/2915
f 4004/2918 1348/2917 3353/2929
f 1674/2825 3897/2832 4148/2845
f 4121/2926 3396/2927 822/2928
f 2406/2925 3401/2915 2407/2919
f 3355/2922 1668/2923 3459/2924
f 3408/2773 3401/2915 3404/2921
f 1348/2917 4004/2918 4005/2912
f 3243/2916 1348/2917 3412/2906
f 3339/2909 3398/2920 3243/2916
f 3401/2915 3413/2914 2407/2919
f 3413/2914 2335/2913 2407/2919
f 4005/2912 4004/2918 2335/2913
f 4005/2912 2258/2911 1348/2917
f 1348/2917 2258/2911 3412/2906
f 3339/2909 3243/2916 3240/2910
f 622/2853 1168/2858 1173/2849
f 3264/2791 3413/2914 3401/2915
f 5/2831 4148/2845 3897/2832
f 4005/2912 2335/2913 2258/2911
f 2258/2911 3989/2905 3412/2906
f 3259/2907 3240/2910 3412/2906
f 3339/2909 3259/2907 3233/2902
f 3259/2907 3339/2909 3240/2910
f 3921/2908 3233/2902 3403/2901
f 1808/2867 4678/2704 1716/2869
f 4145/2880 3259/2907 2358/2898
f 3989/2905 4045/2900 3412/2906
f 3262/2903 3265/2904 3418/2794
f 3233/2902 4145/2880 3232/2878
f 3232/2878 4000/2879 3403/2901
f 2408/2894 3427/2896 3998/2897
f 1799/2847 4043/2854 1690/2848
f 3994/2899 2358/2898 4045/2900
f 3995/2893 4145/2880 2358/2898
f 1743/2811 1427/2813 3943/2822
f 3998/2897 4000/2879 2408/2894
f 2408/2894 4127/2895 3427/2896
f 4145/2880 3995/2893 3255/2881
f 3229/2874 3237/2882 3944/2872
f 3365/2750 3288/2776 3328/2766
f 4036/2758 3392/2777 3267/2756
f 3365/2750 4091/2749 4037/2778
f 3410/2883 3237/2882 3263/2884
f 4037/2778 3392/2777 4036/2758
f 826/2753 1119/2747 1568/2737
f 4036/2758 2875/2757 4037/2778
f 1430/2736 1431/2752 3070/2721
f 4141/2875 3999/2885 4000/2879
f 2875/2757 3969/2772 3365/2750
f 3862/2870 263/2857 1799/2847
f 3408/2773 4133/2774 3287/2779
f 4037/2778 2875/2757 3365/2750
f 4610/2859 1809/2860 1808/2867
f 664/2725 3070/2721 1224/2722
f 4091/2749 3311/2748 3959/2754
f 4125/2780 3328/2766 3288/2776
f 748/2971 751/2972 759/2973
f 759/2973 4295/2804 748/2971
f 686/2974 4297/2975 748/2971
f 4295/2804 686/2974 748/2971
f 604/2976 3892/2977 750/2978
f 4297/2975 686/2974 763/2979
f 756/2980 3892/2977 1389/2981
f 4297/2975 763/2979 604/2976
f 3419/2982 3892/2977 604/2976
f 1389/2981 3892/2977 3419/2982
f 3354/2983 1444/2969 269/2966
f 763/2979 4696/2984 604/2976
f 3419/2982 604/2976 4696/2984
f 763/2979 686/2974 758/2950
f 760/2949 763/2979 758/2950
f 1390/2985 1389/2981 3419/2982
f 980/2939 785/2986 4121/2926
f 751/2972 748/2971 4297/2975
f 795/2987 980/2939 255/2938
f 1415/2988 255/2938 1444/2969
f 3354/2983 4006/2946 3355/2922
f 1415/2988 1444/2969 3354/2983
f 656/2954 785/2986 778/2989
f 763/2979 4697/2990 4696/2984
f 1390/2985 3419/2982 4696/2984
f 3355/2922 3397/2933 3354/2983
f 675/2991 3925/2948 656/2954
f 255/2938 1415/2988 1407/2992
f 758/2950 686/2974 4295/2804
f 1407/2992 795/2987 255/2938
f 1390/2985 4699/2993 4127/2895
f 778/2989 675/2991 656/2954
f 1389/2981 1390/2985 4127/2895
f 4697/2990 675/2991 1281/2994
f 4123/2995 795/2987 1407/2992
f 3397/2933 3224/2996 3354/2983
f 1281/2994 4122/2997 964/2998
f 1706/2934 3224/2996 3397/2933
f 1407/2992 1415/2988 3224/2996
f 4697/2990 763/2979 760/2949
f 675/2991 760/2949 3925/2948
f 785/2986 980/2939 795/2987
f 4122/2997 4123/2995 964/2998
f 1281/2994 675/2991 4122/2997
f 269/2966 4006/2946 3354/2983
f 3972/2999 3224/2996 1706/2934
f 4697/2990 1390/2985 4696/2984
f 4297/2975 604/2976 750/2978
f 4123/2995 778/2989 785/2986
f 4035/2799 4295/2804 759/2973
f 1281/2994 4699/2993 4697/2990
f 4123/2995 3972/2999 4124/3000
f 2360/3001 3427/2896 4699/2993
f 4697/2990 4699/2993 1390/2985
f 964/2998 4123/2995 4124/3000
f 4122/2997 778/2989 4123/2995
f 3972/2999 4123/2995 3224/2996
f 2360/3001 4699/2993 1281/2994
f 4121/2926 785/2986 656/2954
f 3996/2944 2360/3001 962/3002
f 4124/3000 3972/2999 962/3002
f 4122/2997 675/2991 778/2989
f 1407/2992 3224/2996 4123/2995
f 1706/2934 962/3002 3972/2999
f 1281/2994 964/2998 2360/3001
f 962/3002 2360/3001 964/2998
f 3354/2983 3224/2996 1415/2988
f 760/2949 675/2991 4697/2990
f 795/2987 4123/2995 785/2986
f 750/2978 751/2972 4297/2975
f 2360/3001 3996/2944 3427/2896
f 4699/2993 3427/2896 4127/2895
f 1706/2934 3996/2944 962/3002
f 964/2998 4124/3000 962/3002
f 3903/3003 1605/2856 263/2857
f 4213/2707 4214/2705 4678/2704
f 4678/2704 4214/2705 3932/2706
f 3267/2756 3392/2777 4133/2774
f 3313/2709 2607/2740 3959/2754
f 4010/2751 3441/2761 3967/2746
f 3969/2772 4125/2780 3288/2776
f 4141/2875 3416/2877 3255/2881
f 3332/2781 3266/2770 4155/2782
f 3990/2886 3237/2882 3410/2883
f 2199/2887 3990/2886 3410/2883
f 3245/2888 3263/2884 3238/2889
f 4153/2769 3383/2783 3292/2784
f 4069/2760 3345/2743 1119/2747
f 3992/2890 3410/2883 3263/2884
f 3247/2891 3317/2892 2199/2887
f 3365/2750 3309/2765 3311/2748
f 4141/2875 3238/2889 3263/2884
f 3999/2885 4141/2875 3263/2884
f 3287/2779 3392/2777 4091/2749
f 3944/2872 3237/2882 3990/2886
f 3263/2884 3237/2882 3999/2885
f 3255/2881 3238/2889 4141/2875
f 2884/2742 4091/2749 1419/2755
f 826/2753 4029/2785 995/2762
f 264/2786 2607/2740 3313/2709
f 3328/2766 3309/2765 3365/2750
f 3992/2890 3247/2891 3410/2883
f 3410/2883 3247/2891 2199/2887
f 3959/2754 3311/2748 3313/2709
f 2884/2742 2883/2741 3287/2779
f 3992/2890 3263/2884 3245/2888
f 2625/2711 3382/2787 3383/2783
f 264/2786 2886/2768 2607/2740
f 4125/2780 3393/2788 3328/2766
f 4061/2739 1568/2737 1119/2747
f 2886/2768 3266/2770 2883/2741
f 3382/2787 2603/2789 3383/2783
f 3947/2744 3948/2767 3951/2775
f 829/2733 1430/2736 664/2725
f 3957/2790 4011/2771 4029/2785
f 3949/2745 3947/2744 3951/2775
f 4125/2780 3969/2772 3951/2775
f 2625/2711 264/2786 3313/2709
f 3302/2764 4057/2710 3313/2709
f 3264/2791 3287/2779 2883/2741
f 3365/2750 3969/2772 3288/2776
f 4125/2780 3951/2775 4012/2792
f 4153/2769 2886/2768 264/2786
f 4091/2749 3392/2777 4037/2778
f 2886/2768 2883/2741 2607/2740
f 3264/2791 3417/2793 3418/2794
f 3302/2764 3393/2788 4057/2710
f 4091/2749 2884/2742 3287/2779
f 1122/2735 1119/2747 3345/2743
f 3287/2779 4133/2774 3392/2777
f 3264/2791 2883/2741 3417/2793
f 3918/2731 945/2723 277/2719
f 3951/2775 3948/2767 4011/2771
f 3313/2709 3311/2748 3309/2765
f 3417/2793 2883/2741 3332/2781
f 4010/2751 3345/2743 3441/2761
f 3957/2790 4012/2792 3951/2775
f 4155/2782 4153/2769 3292/2784
f 3266/2770 4153/2769 4155/2782
f 4392/2795 4208/2717 618/2730
f 264/2786 3383/2783 4153/2769
f 2883/2741 3266/2770 3332/2781
f 4057/2710 3382/2787 2625/2711
f 4188/2842 1800/2843 4146/2844
f 264/2786 2625/2711 3383/2783
f 3441/2761 4069/2760 3947/2744
f 829/2733 680/2729 1122/2735
f 3918/2731 1568/2737 4061/2739
f 3302/2764 3328/2766 3393/2788
f 1716/2869 4678/2704 3932/2706
f 745/2801 746/2809 627/2819
f 2603/2789 3292/2784 3383/2783
f 1229/2716 278/2720 944/2724
f 4612/2866 1808/2867 1716/2869
f 655/2827 1790/2817 765/2829
f 4612/2866 1804/2868 1172/2863
f 3264/2791 3408/2773 3287/2779
f 1172/2863 4609/2864 4612/2866
f 1810/2861 3939/2865 1650/2850
f 4213/2707 1808/2867 1809/2860
f 4609/2864 4610/2859 4612/2866
f 4609/2864 1172/2863 1168/2858
f 1810/2861 1650/2850 3920/2862
f 4392/2795 1650/2850 3939/2865
f 1605/2856 4213/2707 1809/2860
f 4609/2864 4044/2855 4610/2859
f 1168/2858 1172/2863 1173/2849
f 1173/2849 1810/2861 3920/2862
f 4392/2795 618/2730 1650/2850
f 1809/2860 1799/2847 1605/2856
f 1674/2825 1087/2833 3897/2832
f 1799/2847 4610/2859 4044/2855
f 1168/2858 4705/2851 4044/2855
f 618/2730 1592/2715 1650/2850
f 1605/2856 1799/2847 263/2857
f 1799/2847 4044/2855 4043/2854
f 4043/2854 4044/2855 4705/2851
f 622/2853 3895/2837 1554/2852
f 4705/2851 1554/2852 1690/2848
f 4188/2842 4146/2844 1592/2715
f 2846/2840 1690/2848 1081/2838
f 1173/2849 1650/2850 4146/2844
f 2846/2840 1799/2847 1690/2848
f 1225/2713 4188/2842 1592/2715
f 1087/2833 1558/2846 3895/2837
f 4149/2828 4148/2845 4146/2844
f 1225/2713 1801/2841 4188/2842
f 1800/2843 655/2827 4146/2844
f 3957/2790 3951/2775 4011/2771
f 4188/2842 1801/2841 1800/2843
f 3959/2754 2607/2740 2884/2742
f 995/2762 4029/2785 4011/2771
f 1081/2838 1115/2826 2846/2840
f 3897/2832 1087/2833 3895/2837
f 4839/2712 1801/2841 1225/2713
f 3927/2802 1522/2814 4722/2797
f 1115/2826 4434/2824 2846/2840
f 2296/3004 1172/2863 1804/2868
f 1804/2868 1810/2861 2296/3004
f 1173/2849 2296/3004 1810/2861
f 1173/2849 1172/2863 2296/3004
f 4434/2824 4557/2836 3864/2839
f 3943/2822 3863/2835 3905/2834
f 4557/2836 3905/2834 3864/2839
f 1115/2826 1081/2838 1087/2833
f 3897/2832 3895/2837 6/2830
f 3229/2874 4128/3005 4127/2895
f 3229/2874 4127/2895 3230/3006
f 1389/2981 4128/3005 756/2980
f 4128/3005 3229/2874 4126/2873
f 3999/2885 2408/2894 4000/2879
f 4128/3005 4126/2873 756/2980
f 4128/3005 1389/2981 4127/2895
f 2408/2894 3230/3006 4127/2895
f 3237/2882 2408/2894 3999/2885
f 3229/2874 3230/3006 3237/2882
f 3230/3006 2408/2894 3237/2882
f 4149/2828 655/2827 765/2829
f 4434/2824 4873/2823 4557/2836
f 3863/2835 3943/2822 1427/2813
f 3905/2834 4873/2823 3943/2822
f 1674/2825 1115/2826 1087/2833
f 6/2830 5/2831 3897/2832
f 765/2829 766/2816 4149/2828
f 1737/2821 4149/2828 766/2816
f 1376/2820 1790/2817 655/2827
f 1674/2825 4435/2818 1115/2826
f 4434/2824 4435/2818 1522/2814
f 4875/2810 3943/2822 4873/2823
f 716/2798 1737/2821 766/2816
f 1790/2817 1376/2820 627/2819
f 4840/2815 745/2801 627/2819
f 4839/2712 4003/2808 4840/2815
f 1522/2814 4435/2818 716/2798
f 766/2816 1790/2817 744/2796
f 744/2796 716/2798 766/2816
f 4840/2815 1091/2805 745/2801
f 1091/2805 4840/2815 4003/2808
f 1522/2814 716/2798 4722/2797
f 3978/2812 1427/2813 1428/2806
f 4875/2810 1428/2806 1743/2811
f 745/2801 744/2796 746/2809
f 1091/2805 4295/2804 745/2801
f 4003/2808 821/2803 1091/2805
f 1428/2806 3927/2802 4033/2807
f 3927/2802 4722/2797 744/2796
f 3418/2794 3417/2793 3332/2781
f 821/2803 4295/2804 1091/2805
f 3927/2802 744/2796 4034/2800
f 4035/2799 4034/2800 745/2801
f 744/2796 4722/2797 716/2798
f 1419/2755 4091/2749 3959/2754
f 481/3352 3104/3365 1536/3366
f 1252/3358 2162/3364 1509/3357
f 1576/3347 1577/3349 1571/3356
f 1641/3362 1573/3363 1686/3361
f 856/3233 4895/3093 4585/3043
f 1686/3361 1689/3354 1688/3344
f 1523/3303 1515/3297 3976/3296
f 1518/3353 1195/3360 928/3340
f 1518/3353 1202/3339 1504/3359
f 1509/3357 1806/3322 1252/3358
f 4465/3219 1035/3472 912/3495
f 1037/3492 938/3489 978/3474
f 1129/3503 1034/3504 3214/3505
f 1821/3342 1576/3347 1571/3356
f 4040/3210 866/3238 4311/3213
f 3312/3313 1523/3303 1256/3304
f 1821/3342 1818/3350 1823/3332
f 1577/3349 1562/3348 1685/3355
f 1612/3493 4514/3460 1613/3457
f 1609/3469 922/3243 4464/3468
f 922/3243 831/3244 2457/3231
f 965/3506 1114/3507 982/3508
f 1577/3349 1576/3347 1684/3346
f 1685/3355 1562/3348 1569/3345
f 866/3238 843/3242 870/3230
f 956/3447 983/3494 950/3491
f 1688/3344 1689/3354 1569/3345
f 1200/3330 928/3340 1529/3341
f 1000/3466 982/3508 1031/3467
f 928/3340 1202/3339 1518/3353
f 3535/3351 481/3352 1759/3325
f 1508/3335 1521/3337 3657/3324
f 452/3309 1576/3347 1821/3342
f 1818/3350 1822/3333 1823/3332
f 912/3495 950/3491 4278/3499
f 1823/3332 1824/3310 1821/3342
f 1037/3492 987/3509 1036/3502
f 957/3473 1037/3492 978/3474
f 3885/3464 1216/3485 1218/3462
f 991/3510 1036/3502 959/3511
f 1684/3346 1562/3348 1577/3349
f 452/3309 1684/3346 1576/3347
f 3092/3343 1688/3344 1569/3345
f 965/3506 963/3500 3754/3501
f 1200/3330 927/3338 928/3340
f 1821/3342 1824/3310 452/3309
f 885/3241 1206/3225 2457/3231
f 3552/3512 1900/3513 1211/3514
f 1493/3331 1200/3330 1529/3341
f 1036/3502 987/3509 959/3511
f 927/3338 1202/3339 928/3340
f 997/3487 999/3486 1029/3515
f 1521/3337 1507/3329 3657/3324
f 965/3506 991/3510 1114/3507
f 3704/3323 1507/3329 3691/3336
f 941/3448 1035/3472 958/3449
f 938/3489 983/3494 978/3474
f 3657/3324 1806/3322 1508/3335
f 4172/3496 4466/3476 909/3269
f 3660/3328 1247/3334 1806/3322
f 3660/3328 2214/3327 1247/3334
f 870/3230 863/3240 4147/3227
f 1154/3516 3768/3517 3896/3518
f 929/3318 1118/3321 1493/3331
f 3976/3296 1515/3297 3103/3294
f 1823/3332 1822/3333 1824/3310
f 1007/3481 1050/3519 1160/3520
f 978/3474 983/3494 956/3447
f 1211/3514 1154/3516 3552/3512
f 4514/3460 4517/3458 1613/3457
f 998/3521 3817/3522 1161/3523
f 988/3524 987/3509 989/3525
f 1118/3321 1200/3330 1493/3331
f 3754/3501 991/3510 965/3506
f 1617/3456 1606/3526 1612/3493
f 1163/3527 1135/3528 996/3529
f 1525/3316 3657/3324 1507/3329
f 1035/3472 880/3205 4349/3040
f 1612/3493 1613/3457 1617/3456
f 1267/3326 2214/3327 3660/3328
f 1031/3467 959/3511 961/3530
f 1183/3311 3704/3323 1759/3325
f 3657/3324 1525/3316 1526/3314
f 3754/3501 1036/3502 991/3510
f 3683/3315 3704/3323 1183/3311
f 1806/3322 3772/3320 1251/3319
f 933/3317 1118/3321 929/3318
f 833/3451 1634/3450 4487/3531
f 1523/3303 1526/3314 1525/3316
f 1128/3012 1149/3008 1103/3442
f 1183/3311 1180/3307 3683/3315
f 1256/3304 1251/3319 3772/3320
f 866/3238 4040/3210 4276/3239
f 1211/3514 1049/3532 3768/3517
f 988/3524 961/3530 959/3511
f 933/3317 929/3318 1186/3301
f 1525/3316 1502/3305 1523/3303
f 1502/3305 3683/3315 1180/3307
f 3312/3313 1526/3314 1523/3303
f 1183/3311 1026/3312 1180/3307
f 1170/3533 1161/3523 3817/3522
f 960/3534 957/3473 958/3449
f 1819/3308 452/3309 1824/3310
f 1502/3305 1515/3297 1523/3303
f 960/3534 988/3524 989/3525
f 1035/3472 4350/3054 940/3471
f 1180/3307 1492/3298 1502/3305
f 1132/3465 1031/3467 961/3530
f 976/3302 1186/3301 1032/3306
f 1502/3305 1492/3298 1515/3297
f 839/3454 833/3451 4487/3531
f 1523/3303 3976/3296 1256/3304
f 1037/3492 989/3525 987/3509
f 1005/3300 1186/3301 976/3302
f 856/3233 3945/3216 1158/3226
f 1045/3453 4515/3459 839/3454
f 3768/3517 1049/3532 1161/3523
f 1154/3516 1211/3514 3768/3517
f 1040/3535 961/3530 988/3524
f 1217/3445 1220/3497 3516/3478
f 960/3534 958/3449 1046/3536
f 1489/3290 1515/3297 1492/3298
f 3976/3296 3659/3289 1250/3299
f 1038/3537 988/3524 960/3534
f 3516/3478 3817/3522 1217/3445
f 1046/3536 958/3449 940/3471
f 1494/3295 1489/3290 1492/3298
f 3886/3483 1901/3484 3885/3464
f 1515/3297 1489/3290 3690/3293
f 1170/3533 3768/3517 1161/3523
f 839/3454 4515/3459 833/3451
f 4465/3219 837/3234 1615/3220
f 3103/3294 1515/3297 3690/3293
f 3103/3294 3102/3292 3976/3296
f 3886/3483 1900/3513 1901/3484
f 1189/3291 1489/3290 1494/3295
f 4135/3235 1392/3236 661/3237
f 1050/3519 1161/3523 1049/3532
f 1217/3445 998/3521 1089/3443
f 958/3449 957/3473 956/3447
f 1147/3444 996/3529 1129/3503
f 999/3486 1127/3538 982/3508
f 1006/3482 1127/3538 1004/3480
f 3690/3293 1489/3290 1520/3287
f 4172/3496 1606/3526 4466/3476
f 988/3524 1038/3537 1040/3535
f 1043/3539 1129/3503 3214/3505
f 1109/3540 1034/3504 3747/3541
f 1100/3542 954/3107 891/3028
f 837/3234 825/3222 4320/3221
f 1046/3536 940/3471 954/3107
f 3690/3293 3102/3292 3103/3294
f 1520/3287 3659/3289 3102/3292
f 1144/3543 3510/3062 1143/3013
f 1189/3291 3162/3288 1489/3290
f 982/3508 1000/3466 1029/3515
f 1520/3287 1489/3290 3162/3288
f 4512/3544 1000/3466 1132/3465
f 1132/3465 1040/3535 1042/3545
f 998/3521 1217/3445 3817/3522
f 1038/3537 960/3534 1046/3536
f 3896/3518 1170/3533 1088/3477
f 1488/3286 3659/3289 1520/3287
f 1170/3533 3896/3518 3768/3517
f 1114/3507 1031/3467 982/3508
f 3161/3285 1520/3287 3162/3288
f 4518/3461 4250/3452 833/3451
f 3161/3285 1488/3286 1520/3287
f 998/3521 1135/3528 1163/3527
f 1135/3528 1161/3523 1050/3519
f 1103/3442 1220/3497 1217/3445
f 1113/3546 1039/3547 1040/3535
f 891/3028 1530/3023 1100/3542
f 1038/3537 1113/3546 1040/3535
f 1045/3453 1609/3469 4517/3458
f 4515/3459 1045/3453 4517/3458
f 2190/3281 2182/3278 2207/3280
f 1264/3275 1512/3284 1272/3277
f 1046/3536 1113/3546 1038/3537
f 3537/3276 2207/3280 2163/3279
f 4512/3544 1029/3515 1000/3466
f 2163/3279 2161/3283 2211/3274
f 839/3454 4181/3548 657/3455
f 4349/3040 4350/3054 1035/3472
f 2161/3283 2163/3279 2182/3278
f 961/3530 1040/3535 1132/3465
f 2182/3278 2190/3281 2196/3282
f 1170/3533 3817/3522 1088/3477
f 3537/3276 2163/3279 2211/3274
f 1046/3536 954/3107 1100/3542
f 1145/3446 1143/3013 1128/3012
f 1037/3492 1036/3502 969/3490
f 1161/3523 1135/3528 998/3521
f 1007/3481 1135/3528 1050/3519
f 1006/3482 1007/3481 1160/3520
f 1046/3536 1100/3542 1113/3546
f 3510/3062 3747/3541 1113/3546
f 1609/3469 657/3455 876/3470
f 1132/3465 1042/3545 4512/3544
f 1105/3479 3516/3478 1220/3497
f 1145/3446 1128/3012 1103/3442
f 4585/3043 4266/3232 856/3233
f 2182/3278 2163/3279 2207/3280
f 940/3471 4350/3054 954/3107
f 1114/3507 991/3510 959/3511
f 1497/3549 1003/3475 1218/3462
f 1272/3277 3537/3276 1264/3275
f 3817/3522 3516/3478 1088/3477
f 1105/3479 1148/3550 1088/3477
f 1129/3503 1043/3539 1147/3444
f 996/3529 1135/3528 1007/3481
f 1034/3504 1137/3551 4512/3544
f 2211/3274 1264/3275 3537/3276
f 1137/3551 997/3487 1029/3515
f 1043/3539 3214/3505 1144/3543
f 1617/3456 4466/3476 1606/3526
f 863/3240 838/3228 4147/3227
f 4283/3204 870/3230 4147/3227
f 3747/3541 1039/3547 1113/3546
f 3510/3062 1109/3540 3747/3541
f 3510/3062 1113/3546 1100/3542
f 1137/3551 1029/3515 4512/3544
f 827/3217 825/3222 1618/3218
f 1004/3480 997/3487 1007/3481
f 839/3454 4487/3531 4181/3548
f 1147/3444 1089/3443 998/3521
f 1083/3498 1103/3442 1149/3008
f 1034/3504 1042/3545 3747/3541
f 1004/3480 1127/3538 999/3486
f 959/3511 987/3509 988/3524
f 1042/3545 1034/3504 4512/3544
f 989/3525 957/3473 960/3534
f 909/3269 4465/3219 912/3495
f 1147/3444 1043/3539 1145/3446
f 2167/3608 4889/3609 1988/3610
f 865/3251 882/3611 875/3261
f 2115/3612 882/3611 4921/3613
f 4921/3613 882/3611 2166/3614
f 865/3251 859/3615 2166/3614
f 2115/3612 4921/3613 2114/3616
f 882/3611 2115/3612 2088/3249
f 2114/3616 4902/3617 1988/3610
f 2114/3616 4921/3613 2172/3618
f 2166/3614 859/3615 4921/3613
f 4290/3223 859/3615 865/3251
f 2115/3612 2114/3616 1991/3619
f 2088/3249 2115/3612 834/3271
f 2174/3620 1991/3619 4889/3609
f 859/3615 2172/3618 4921/3613
f 4290/3223 868/3214 859/3615
f 4887/3621 4902/3617 2172/3618
f 884/3622 868/3214 3955/3202
f 4076/3623 2172/3618 859/3615
f 2172/3618 4902/3617 2114/3616
f 859/3615 868/3214 884/3622
f 4881/3624 2174/3620 4863/3625
f 4902/3617 4887/3621 2177/3626
f 888/3197 884/3622 3955/3202
f 884/3622 4076/3623 859/3615
f 4889/3609 2167/3608 2203/3627
f 2177/3626 2167/3608 4902/3617
f 4076/3623 2177/3626 4887/3621
f 4863/3625 2174/3620 4889/3609
f 4896/3628 884/3622 888/3197
f 884/3622 4896/3628 4076/3623
f 1886/3143 834/3271 4884/3152
f 4884/3152 4881/3624 4862/3629
f 2167/3608 2177/3626 2203/3627
f 834/3271 4881/3624 4884/3152
f 890/3193 4896/3628 888/3197
f 4896/3628 4132/3630 4076/3623
f 894/3631 2177/3626 4076/3623
f 4881/3624 4863/3625 4862/3629
f 4132/3630 4657/3632 894/3631
f 4896/3628 890/3193 4801/3633
f 4158/3192 896/3634 4801/3633
f 4801/3633 4657/3632 4896/3628
f 4881/3624 834/3271 1991/3619
f 4158/3192 4801/3633 890/3193
f 834/3271 2115/3612 1991/3619
f 1137/3551 996/3529 997/3487
f 1988/3610 1991/3619 2114/3616
f 4076/3623 4887/3621 2172/3618
f 4881/3624 1991/3619 2174/3620
f 4465/3219 880/3205 1035/3472
f 1042/3545 1039/3547 3747/3541
f 912/3495 1035/3472 941/3448
f 1521/3337 3104/3365 3691/3336
f 853/3258 4272/3259 836/3260
f 4902/3617 2167/3608 1988/3610
f 875/3261 882/3611 2088/3249
f 1042/3545 1040/3535 1039/3547
f 860/3252 865/3251 875/3261
f 4889/3609 1991/3619 1988/3610
f 1043/3539 1144/3543 1143/3013
f 1129/3503 996/3529 1137/3551
f 4896/3628 4657/3632 4132/3630
f 2166/3614 882/3611 865/3251
f 4863/3625 4889/3609 2203/3627
f 957/3473 989/3525 1037/3492
f 4464/3468 4517/3458 1609/3469
f 4132/3630 894/3631 4076/3623
f 1147/3444 998/3521 1163/3527
f 2087/3371 2138/3370 2136/3441
f 2072/3429 2089/3635 2054/3636
f 2072/3429 2087/3371 2091/3637
f 2089/3635 2072/3429 2091/3637
f 2073/3605 2072/3429 2054/3636
f 2136/3441 2091/3637 2087/3371
f 1835/3638 1837/3606 2073/3605
f 2073/3605 2054/3636 1835/3638
f 963/3500 934/3639 921/3640
f 929/3318 935/3641 1032/3306
f 924/3642 925/3643 1123/3644
f 3987/3645 924/3642 917/3646
f 1529/3341 1116/3647 1493/3331
f 935/3641 1116/3647 919/3648
f 925/3643 1519/3649 946/3650
f 505/3388 919/3648 1529/3341
f 1519/3649 3987/3645 1199/3651
f 505/3388 1199/3651 919/3648
f 1519/3649 1199/3651 971/3652
f 971/3652 1199/3651 404/3653
f 390/3390 404/3653 505/3388
f 1549/3654 971/3652 404/3653
f 919/3648 917/3646 935/3641
f 3987/3645 1519/3649 925/3643
f 3987/3645 925/3643 924/3642
f 1590/3655 1534/3656 1549/3654
f 390/3390 420/3420 410/3657
f 963/3500 965/3506 934/3639
f 1591/3658 1534/3656 1590/3655
f 410/3657 420/3420 1586/3659
f 1731/3660 1726/3661 4858/3662
f 1556/3424 1586/3659 420/3420
f 410/3657 1602/3663 1590/3655
f 1586/3659 1556/3424 1543/3438
f 1590/3655 1602/3663 1625/3664
f 1602/3663 1586/3659 1584/3665
f 1543/3438 1553/3666 1586/3659
f 4158/3192 855/3667 4858/3662
f 1625/3664 1602/3663 1611/3668
f 1700/3669 1695/3670 1710/3671
f 1553/3666 1584/3665 1586/3659
f 390/3390 1549/3654 404/3653
f 410/3657 1590/3655 1549/3654
f 410/3657 1549/3654 390/3390
f 1594/3672 1625/3664 1611/3668
f 1694/3673 1584/3665 1580/3674
f 925/3643 946/3650 1123/3644
f 1623/3675 1591/3658 1590/3655
f 1199/3651 505/3388 404/3653
f 1700/3669 1717/3676 355/3677
f 1565/3678 1553/3666 1540/3412
f 971/3652 946/3650 1519/3649
f 1694/3673 1611/3668 1584/3665
f 1553/3666 1580/3674 1584/3665
f 1603/3679 1611/3668 1694/3673
f 934/3639 1032/3306 985/3680
f 905/3681 1726/3661 903/3682
f 4858/3662 905/3681 896/3634
f 1540/3412 1573/3363 1565/3678
f 1603/3679 1694/3673 1631/3683
f 4158/3192 4858/3662 896/3634
f 1672/3684 1619/3685 1664/3686
f 1587/3687 1629/3688 1580/3674
f 901/3196 1660/3689 855/3667
f 1587/3687 1641/3362 1653/3690
f 1631/3683 1672/3684 1664/3686
f 905/3681 4858/3662 1726/3661
f 1636/3691 1631/3683 1629/3688
f 1664/3686 1603/3679 1631/3683
f 1702/3692 1703/3693 355/3677
f 855/3667 1656/3694 1731/3660
f 1656/3694 851/3695 1731/3660
f 1587/3687 1653/3690 1636/3691
f 1032/3306 935/3641 985/3680
f 1660/3689 1656/3694 855/3667
f 1694/3673 1629/3688 1631/3683
f 462/3696 1698/3697 355/3677
f 1636/3691 1672/3684 1631/3683
f 1116/3647 1529/3341 919/3648
f 851/3695 1656/3694 1657/3698
f 1656/3694 1660/3689 1657/3698
f 1649/3699 1636/3691 1653/3690
f 971/3652 1549/3654 1534/3656
f 1707/3700 851/3695 1657/3698
f 1629/3688 1587/3687 1636/3691
f 1649/3699 1653/3690 4224/3701
f 1625/3664 1623/3675 1590/3655
f 917/3646 919/3648 3987/3645
f 1702/3692 1698/3697 1657/3698
f 1657/3698 1660/3689 1652/3702
f 1702/3692 355/3677 1698/3697
f 1717/3676 1688/3344 3092/3343
f 1636/3691 1649/3699 1672/3684
f 1707/3700 1657/3698 1698/3697
f 1602/3663 1584/3665 1611/3668
f 4858/3662 855/3667 1731/3660
f 1700/3669 355/3677 1703/3693
f 1603/3679 1664/3686 1594/3672
f 1710/3671 1781/3439 1686/3361
f 1700/3669 1710/3671 1717/3676
f 1594/3672 1623/3675 1625/3664
f 917/3646 985/3680 935/3641
f 1710/3671 1686/3361 1717/3676
f 992/3703 1649/3699 4224/3701
f 1553/3666 1543/3438 1540/3412
f 1116/3647 935/3641 1493/3331
f 4224/3701 1653/3690 1695/3670
f 855/3667 4158/3192 901/3196
f 1700/3669 4224/3701 1695/3670
f 1653/3690 1641/3362 1781/3439
f 921/3640 934/3639 985/3680
f 1641/3362 1580/3674 1573/3363
f 1565/3678 1580/3674 1553/3666
f 992/3703 4224/3701 1703/3693
f 1641/3362 1587/3687 1580/3674
f 1580/3674 1629/3688 1694/3673
f 1652/3702 1702/3692 1657/3698
f 1688/3344 1717/3676 1686/3361
f 1717/3676 462/3696 355/3677
f 1493/3331 935/3641 929/3318
f 1695/3670 1653/3690 1710/3671
f 1603/3679 1594/3672 1611/3668
f 921/3640 985/3680 917/3646
f 1565/3678 1573/3363 1580/3674
f 1653/3690 1781/3439 1710/3671
f 1602/3663 410/3657 1586/3659
f 462/3696 1717/3676 3092/3343
f 919/3648 1199/3651 3987/3645
f 1703/3693 4224/3701 1700/3669
f 1702/3692 1652/3702 1703/3693
f 1105/3479 1093/3552 1148/3550
f 657/3455 1609/3469 1045/3453
f 1007/3481 997/3487 996/3529
f 2078/3250 1392/3236 2098/3248
f 1034/3504 1109/3540 3214/3505
f 1003/3475 1497/3549 1226/3553
f 1029/3515 999/3486 982/3508
f 1100/3542 1530/3023 3510/3062
f 1034/3504 1129/3503 1137/3551
f 1144/3543 1109/3540 3510/3062
f 899/3247 1133/3101 4895/3093
f 899/3247 856/3233 1206/3225
f 4449/3245 1206/3225 885/3241
f 1144/3543 3214/3505 1109/3540
f 1083/3498 1220/3497 1103/3442
f 959/3511 1031/3467 1114/3507
f 871/3262 1987/3263 1133/3101
f 4518/3461 1612/3493 842/3554
f 1147/3444 1163/3527 996/3529
f 4135/3235 836/3260 4240/3264
f 864/3253 862/3255 843/3242
f 1043/3539 1143/3013 1145/3446
f 1206/3225 820/3224 2457/3231
f 4283/3204 4311/3213 870/3230
f 4147/3227 838/3228 835/3229
f 820/3224 1206/3225 1158/3226
f 4290/3223 4040/3210 868/3214
f 1615/3220 1614/3206 4465/3219
f 825/3222 827/3217 4320/3221
f 4202/3211 4040/3210 4311/3213
f 4320/3221 819/3208 1615/3220
f 1614/3206 1615/3220 819/3208
f 880/3205 4465/3219 1614/3206
f 904/3209 827/3217 1618/3218
f 824/3215 3945/3216 943/3078
f 904/3209 824/3215 943/3078
f 858/3203 4311/3213 4283/3204
f 869/3212 3955/3202 868/3214
f 4202/3211 4311/3213 858/3203
f 4040/3210 4202/3211 869/3212
f 880/3205 1614/3206 878/3200
f 858/3203 4283/3204 4304/3201
f 819/3208 904/3209 4313/3207
f 1614/3206 4313/3207 878/3200
f 880/3205 878/3200 4349/3040
f 888/3197 858/3203 4304/3201
f 4304/3201 4283/3204 867/3195
f 888/3197 3955/3202 858/3203
f 4349/3040 878/3200 4331/3198
f 4304/3201 873/3194 888/3197
f 4304/3201 867/3195 873/3194
f 4331/3198 878/3200 828/3199
f 898/3041 4331/3198 828/3199
f 890/3193 888/3197 873/3194
f 867/3195 901/3196 873/3194
f 4158/3192 890/3193 873/3194
f 3691/3336 1507/3329 1521/3337
f 506/3413 2154/3415 2159/3417
f 397/3409 2087/3371 2072/3429
f 2196/3282 2194/3430 510/3431
f 1556/3424 392/3422 1542/3408
f 2081/3397 2134/3406 2141/3380
f 506/3413 2161/3283 508/3377
f 1521/3337 1510/3383 3104/3365
f 1535/3374 1542/3408 1575/3375
f 917/3646 924/3642 1123/3644
f 921/3640 917/3646 939/3704
f 939/3704 986/3705 963/3500
f 949/3706 986/3705 939/3704
f 1681/3707 1637/3708 1639/3709
f 1123/3644 949/3706 939/3704
f 1598/3710 1623/3675 1639/3709
f 923/3711 1123/3644 946/3650
f 916/3712 946/3650 971/3652
f 963/3500 986/3705 970/3488
f 923/3711 951/3713 1123/3644
f 1594/3672 1664/3686 1681/3707
f 983/3494 970/3488 951/3713
f 916/3712 4025/3714 923/3711
f 923/3711 1622/3715 951/3713
f 953/3716 983/3494 1622/3715
f 1637/3708 1681/3707 1664/3686
f 1533/3717 1534/3656 1591/3658
f 1622/3715 4025/3714 908/3718
f 4025/3714 1622/3715 923/3711
f 950/3491 953/3716 4278/3499
f 953/3716 1622/3715 908/3718
f 1619/3685 842/3554 1612/3493
f 4025/3714 916/3712 1534/3656
f 1639/3709 1623/3675 1594/3672
f 953/3716 950/3491 983/3494
f 1619/3685 1612/3493 1606/3526
f 4025/3714 1534/3656 1533/3717
f 1594/3672 1681/3707 1639/3709
f 4278/3499 920/3719 4172/3496
f 1637/3708 1619/3685 1606/3526
f 1598/3710 1639/3709 1637/3708
f 1585/3720 1546/3721 920/3719
f 908/3718 920/3719 4278/3499
f 951/3713 1622/3715 983/3494
f 1585/3720 4025/3714 1533/3717
f 963/3500 921/3640 939/3704
f 4025/3714 1585/3720 908/3718
f 1598/3710 920/3719 1546/3721
f 1598/3710 1591/3658 1623/3675
f 1585/3720 1533/3717 1546/3721
f 1606/3526 1598/3710 1637/3708
f 4172/3496 920/3719 1606/3526
f 1546/3721 1533/3717 1591/3658
f 970/3488 986/3705 949/3706
f 916/3712 923/3711 946/3650
f 1606/3526 920/3719 1598/3710
f 949/3706 951/3713 970/3488
f 949/3706 1123/3644 951/3713
f 953/3716 908/3718 4278/3499
f 971/3652 1534/3656 916/3712
f 1585/3720 920/3719 908/3718
f 1637/3708 1664/3686 1619/3685
f 939/3704 917/3646 1123/3644
f 1546/3721 1591/3658 1598/3710
f 3976/3296 1250/3299 1256/3304
f 1541/3432 1542/3408 405/3421
f 503/3425 504/3418 400/3414
f 1165/3100 1133/3101 1987/3263
f 1993/3555 2063/3083 1178/3556
f 1987/3263 1066/3087 1165/3100
f 4868/3557 887/3272 113/3187
f 4301/3558 1179/3559 4897/3560
f 1179/3559 1066/3087 1987/3263
f 1993/3555 1179/3559 4301/3558
f 4401/3561 2008/3071 1993/3555
f 4868/3557 112/3146 1997/3562
f 4401/3561 1969/3563 2008/3071
f 1178/3556 1179/3559 1993/3555
f 1993/3555 2008/3071 2063/3083
f 1956/3072 2008/3071 1969/3563
f 4856/3564 4897/3560 4807/3565
f 1975/3268 4807/3565 1179/3559
f 4401/3561 1993/3555 4301/3558
f 4401/3561 4913/3566 1969/3563
f 4897/3560 4856/3564 4301/3558
f 2063/3083 1066/3087 1178/3556
f 4913/3566 4401/3561 4856/3564
f 4913/3566 4856/3564 4924/3567
f 1987/3263 1975/3268 1179/3559
f 4401/3561 4301/3558 4856/3564
f 1936/3140 1938/3145 4675/3147
f 1719/3267 4924/3567 4856/3564
f 113/3187 112/3146 4868/3557
f 1719/3267 1715/3270 1192/3568
f 1066/3087 1179/3559 1178/3556
f 1961/3138 4440/3569 1936/3140
f 4913/3566 4924/3567 4440/3569
f 1975/3268 1719/3267 4856/3564
f 4868/3557 1581/3570 887/3272
f 4924/3567 1938/3145 4440/3569
f 113/3187 887/3272 1886/3143
f 1886/3143 887/3272 834/3271
f 113/3187 1924/3148 4646/3158
f 4440/3569 1961/3138 4913/3566
f 1192/3568 1998/3273 1581/3570
f 4913/3566 1961/3138 1969/3563
f 1997/3562 4924/3567 1192/3568
f 1956/3072 1969/3563 1961/3138
f 1192/3568 4924/3567 1719/3267
f 1581/3570 1998/3273 887/3272
f 1192/3568 1715/3270 1998/3273
f 1975/3268 4856/3564 4807/3565
f 113/3187 1886/3143 1924/3148
f 1192/3568 1581/3570 1997/3562
f 1723/3722 1724/3723 1734/3724
f 1723/3722 903/3682 1724/3723
f 1734/3724 1718/3725 1723/3722
f 1734/3724 1827/3726 1718/3725
f 112/3146 1981/3571 1997/3562
f 1997/3562 1581/3570 4868/3557
f 1997/3562 1981/3571 4924/3567
f 4924/3567 1981/3571 1938/3145
f 4897/3560 1179/3559 4807/3565
f 4440/3569 1938/3145 1936/3140
f 1981/3571 112/3146 1938/3145
f 420/3420 390/3390 391/3398
f 1158/3226 3945/3216 824/3215
f 1267/3326 1251/3319 1255/3433
f 1542/3408 1538/3407 1575/3375
f 402/3434 1541/3432 405/3421
f 400/3414 2133/3423 2154/3415
f 401/3379 400/3414 508/3377
f 1521/3337 1508/3335 1509/3357
f 401/3379 403/3435 503/3425
f 2144/3436 401/3379 2171/3427
f 836/3260 4272/3259 4240/3264
f 1267/3326 3660/3328 1251/3319
f 403/3435 401/3379 2077/3401
f 402/3434 403/3435 2077/3401
f 1547/3402 1541/3432 402/3434
f 508/3377 400/3414 506/3413
f 2178/3428 2179/3395 2151/3394
f 397/3409 1542/3408 1541/3432
f 1560/3426 1538/3407 397/3409
f 509/3378 2182/3278 510/3431
f 1563/3367 1574/3373 1559/3391
f 1304/3178 4927/3166 1588/3173
f 1646/3168 1331/3057 1065/3056
f 719/3181 1440/3185 1761/3180
f 1350/3165 1601/3155 1595/3160
f 1331/3057 4566/3172 3963/3175
f 4672/3184 1555/3191 1761/3180
f 4563/3179 1923/3167 4927/3166
f 2171/3427 2178/3428 2151/3394
f 2144/3436 2077/3401 401/3379
f 508/3377 2161/3283 2182/3278
f 4663/3176 1596/3171 4910/3189
f 2077/3401 1547/3402 402/3434
f 856/3233 899/3247 4895/3093
f 4675/3147 112/3146 4646/3158
f 1574/3373 1579/3403 1559/3391
f 504/3418 507/3410 2134/3406
f 1547/3402 397/3409 1541/3432
f 2194/3430 509/3378 510/3431
f 973/3437 1186/3301 1005/3300
f 2077/3401 2144/3436 2151/3394
f 508/3377 2182/3278 509/3378
f 2087/3371 397/3409 1547/3402
f 1582/3159 4910/3189 1596/3171
f 1571/3356 1559/3391 1818/3350
f 2171/3427 401/3379 509/3378
f 2154/3415 2133/3423 2081/3397
f 2194/3430 2178/3428 509/3378
f 2145/3372 2077/3401 2151/3394
f 973/3437 933/3317 1186/3301
f 1806/3322 1251/3319 3660/3328
f 2138/3370 2982/3382 2986/3396
f 4272/3259 910/3254 4240/3264
f 1538/3407 1560/3426 1539/3405
f 1535/3374 1683/3399 1540/3412
f 2087/3371 1547/3402 2145/3372
f 2194/3430 2179/3395 2178/3428
f 1563/3367 1559/3391 1571/3356
f 1525/3316 3683/3315 1502/3305
f 2151/3394 2181/3381 2145/3372
f 405/3421 1542/3408 392/3422
f 1548/3400 1535/3374 1574/3373
f 1542/3408 1540/3412 1556/3424
f 2171/3427 2151/3394 2144/3436
f 1509/3357 1508/3335 1806/3322
f 1543/3438 1556/3424 1540/3412
f 405/3421 503/3425 403/3435
f 1575/3375 1538/3407 1566/3404
f 2081/3397 2133/3423 2134/3406
f 4276/3239 4290/3223 860/3252
f 1197/3141 2012/3139 1882/3149
f 928/3340 915/3387 1529/3341
f 973/3437 1005/3300 1175/3411
f 915/3387 505/3388 1529/3341
f 1641/3362 1686/3361 1781/3439
f 1526/3314 3312/3313 3772/3320
f 405/3421 403/3435 402/3434
f 2162/3364 1510/3383 1509/3357
f 2982/3382 2151/3394 2986/3396
f 504/3418 2133/3423 400/3414
f 1525/3316 1507/3329 3683/3315
f 2982/3382 2181/3381 2151/3394
f 2214/3327 1248/3369 1247/3334
f 401/3379 503/3425 400/3414
f 2160/3385 2162/3364 1249/3376
f 1923/3167 1646/3168 1350/3165
f 3772/3320 3657/3324 1526/3314
f 2182/3278 2196/3282 510/3431
f 1759/3325 3691/3336 3535/3351
f 1253/3386 1498/3368 1506/3393
f 1255/3433 1256/3304 1250/3299
f 3095/3440 2136/3441 2138/3370
f 1759/3325 481/3352 1504/3359
f 2986/3396 3095/3440 2138/3370
f 2181/3381 2138/3370 2145/3372
f 928/3340 1195/3360 915/3387
f 1251/3319 1256/3304 1255/3433
f 389/3419 391/3398 504/3418
f 1923/3167 1761/3180 1646/3168
f 1577/3349 1563/3367 1571/3356
f 4851/3188 2094/3151 4884/3152
f 1806/3322 3657/3324 3772/3320
f 2001/3047 1956/3072 2015/3136
f 1882/3149 1902/3154 1593/3156
f 4313/3207 904/3209 828/3199
f 1759/3325 3704/3323 3691/3336
f 506/3413 2159/3417 2161/3283
f 1103/3442 1089/3443 1147/3444
f 1217/3445 1089/3443 1103/3442
f 836/3260 4135/3235 661/3237
f 1103/3442 1147/3444 1145/3446
f 828/3199 4360/3065 898/3041
f 3963/3175 3964/3174 1555/3191
f 1159/3246 871/3262 1133/3101
f 886/3265 4449/3245 885/3241
f 1065/3056 4796/3161 1646/3168
f 956/3447 941/3448 958/3449
f 4320/3221 827/3217 819/3208
f 389/3419 503/3425 405/3421
f 870/3230 4311/3213 866/3238
f 1819/3308 1684/3346 452/3309
f 869/3212 4202/3211 3955/3202
f 1392/3236 4899/3266 4901/3256
f 4675/3147 1902/3154 1936/3140
f 885/3241 2457/3231 831/3244
f 904/3209 943/3078 4360/3065
f 1538/3407 1539/3405 1566/3404
f 2171/3427 509/3378 2178/3428
f 4663/3176 4910/3189 4914/3190
f 1560/3426 1572/3416 1539/3405
f 1955/3137 2012/3139 4929/3068
f 1719/3267 1975/3268 4899/3266
f 4331/3198 898/3041 4349/3040
f 899/3247 1206/3225 4449/3245
f 4240/3264 910/3254 862/3255
f 885/3241 831/3244 886/3265
f 4646/3158 1582/3159 1589/3163
f 1345/3164 1595/3160 4927/3166
f 828/3199 904/3209 4360/3065
f 837/3234 820/3224 825/3222
f 886/3265 831/3244 4453/3257
f 1555/3191 3964/3174 1761/3180
f 1183/3311 3991/3727 1026/3312
f 927/3338 3991/3727 1202/3339
f 1544/3728 1183/3311 1759/3325
f 927/3338 1200/3330 1026/3312
f 1026/3312 3991/3727 927/3338
f 1544/3728 3991/3727 1183/3311
f 1202/3339 3991/3727 1544/3728
f 1504/3359 1202/3339 1544/3728
f 1544/3728 1759/3325 1504/3359
f 503/3425 389/3419 504/3418
f 875/3261 864/3253 860/3252
f 1440/3185 719/3181 1449/3182
f 847/3729 4205/3730 849/3731
f 4205/3730 1640/3732 849/3731
f 1661/3733 1652/3702 852/3734
f 4245/3735 4310/3736 857/3737
f 852/3734 1652/3702 1660/3689
f 1652/3702 1661/3733 1644/3738
f 852/3734 1660/3689 848/3739
f 852/3734 848/3739 850/3740
f 4310/3736 850/3740 848/3739
f 4274/3741 847/3729 857/3737
f 835/3229 4274/3741 857/3737
f 4283/3204 845/3742 867/3195
f 849/3731 1640/3732 1661/3733
f 857/3737 4310/3736 846/3743
f 1644/3738 1703/3693 1652/3702
f 4147/3227 845/3742 4283/3204
f 845/3742 846/3743 867/3195
f 1661/3733 852/3734 849/3731
f 1703/3693 1644/3738 1640/3732
f 1661/3733 1640/3732 1644/3738
f 835/3229 845/3742 4147/3227
f 848/3739 1660/3689 901/3196
f 901/3196 867/3195 848/3739
f 846/3743 4310/3736 867/3195
f 848/3739 867/3195 4310/3736
f 846/3743 845/3742 835/3229
f 852/3734 850/3740 849/3731
f 846/3743 835/3229 857/3737
f 1566/3404 1579/3403 1575/3375
f 1535/3374 1540/3412 1542/3408
f 1634/3450 833/3451 4250/3452
f 864/3253 2098/3248 4135/3235
f 1975/3268 4901/3256 4899/3266
f 1392/3236 2078/3250 4899/3266
f 922/3243 2457/3231 909/3269
f 864/3253 843/3242 866/3238
f 420/3420 389/3419 392/3422
f 1045/3453 839/3454 657/3455
f 396/3389 505/3388 915/3387
f 420/3420 392/3422 1556/3424
f 661/3237 4901/3256 4453/3257
f 871/3262 1159/3246 886/3265
f 504/3418 2134/3406 2133/3423
f 1987/3263 871/3262 1975/3268
f 862/3255 864/3253 4240/3264
f 856/3233 4266/3232 3945/3216
f 4266/3232 943/3078 3945/3216
f 4901/3256 871/3262 886/3265
f 661/3237 4453/3257 853/3258
f 909/3269 837/3234 4465/3219
f 2154/3415 2081/3397 2159/3417
f 2088/3249 2098/3248 875/3261
f 836/3260 661/3237 853/3258
f 2161/3283 2159/3417 1506/3393
f 886/3265 1159/3246 4449/3245
f 661/3237 1392/3236 4901/3256
f 864/3253 866/3238 4276/3239
f 4313/3207 1614/3206 819/3208
f 1572/3416 1579/3403 1539/3405
f 1575/3375 1579/3403 1574/3373
f 1133/3101 899/3247 1159/3246
f 2457/3231 837/3234 909/3269
f 863/3240 862/3255 910/3254
f 405/3421 392/3422 389/3419
f 1617/3456 1613/3457 4517/3458
f 4899/3266 2078/3250 2088/3249
f 389/3419 420/3420 391/3398
f 4135/3235 2098/3248 1392/3236
f 869/3212 868/3214 4040/3210
f 4585/3043 4895/3093 1162/3044
f 4515/3459 4514/3460 4518/3461
f 2098/3248 864/3253 875/3261
f 4514/3460 4515/3459 4517/3458
f 4901/3256 886/3265 4453/3257
f 1218/3462 1002/3463 3885/3464
f 835/3229 838/3228 910/3254
f 507/3410 504/3418 391/3398
f 4313/3207 828/3199 878/3200
f 2159/3417 2081/3397 1506/3393
f 864/3253 4135/3235 4240/3264
f 1618/3218 824/3215 904/3209
f 833/3451 4515/3459 4518/3461
f 2162/3364 2161/3283 1506/3393
f 1510/3383 1521/3337 1509/3357
f 1618/3218 1158/3226 824/3215
f 1132/3465 1000/3466 1031/3467
f 819/3208 827/3217 904/3209
f 4901/3256 1975/3268 871/3262
f 1715/3270 1719/3267 4899/3266
f 4899/3266 2088/3249 1715/3270
f 1814/3392 1579/3403 1572/3416
f 3104/3365 481/3352 3535/3351
f 834/3271 887/3272 1998/3273
f 834/3271 1998/3273 1715/3270
f 1715/3270 2088/3249 834/3271
f 506/3413 400/3414 2154/3415
f 1535/3374 1548/3400 1683/3399
f 2457/3231 820/3224 837/3234
f 4040/3210 4290/3223 4276/3239
f 1683/3399 1573/3363 1540/3412
f 843/3242 862/3255 870/3230
f 2141/3380 2134/3406 915/3387
f 3312/3313 1256/3304 3772/3320
f 1548/3400 1574/3373 1563/3367
f 1761/3180 3964/3174 1646/3168
f 1253/3386 1506/3393 2081/3397
f 1249/3376 1228/3384 2160/3385
f 3683/3315 1507/3329 3704/3323
f 4517/3458 4464/3468 1617/3456
f 4851/3188 4915/3170 1925/3157
f 922/3243 1609/3469 876/3470
f 4659/3162 4910/3189 1582/3159
f 4659/3162 4911/3169 4910/3189
f 1925/3157 4915/3170 4659/3162
f 1077/3744 1105/3479 1054/3745
f 940/3471 958/3449 1035/3472
f 1084/3746 1083/3498 1149/3008
f 1084/3746 3519/3747 1393/3748
f 1084/3746 1149/3008 1068/3007
f 1083/3498 1084/3746 1054/3745
f 1077/3744 1093/3552 1105/3479
f 1083/3498 1054/3745 1105/3479
f 3519/3747 1084/3746 1068/3007
f 1393/3748 1054/3745 1084/3746
f 863/3240 870/3230 862/3255
f 1304/3178 1449/3182 719/3181
f 1068/3007 350/3010 3519/3747
f 1983/3111 3519/3747 350/3010
f 396/3389 2134/3406 507/3410
f 1005/3300 976/3302 1175/3411
f 4202/3211 858/3203 3955/3202
f 507/3410 391/3398 396/3389
f 1538/3407 1542/3408 397/3409
f 396/3389 915/3387 2134/3406
f 2162/3364 1506/3393 1536/3366
f 956/3447 957/3473 978/3474
f 1003/3475 1002/3463 1218/3462
f 4466/3476 1617/3456 4464/3468
f 838/3228 863/3240 910/3254
f 2161/3283 2162/3364 2160/3385
f 1579/3403 1566/3404 1539/3405
f 1559/3391 1579/3403 1814/3392
f 1498/3368 481/3352 1536/3366
f 1088/3477 3516/3478 1105/3479
f 2077/3401 2145/3372 1547/3402
f 1548/3400 1563/3367 1683/3399
f 1573/3363 1683/3399 1563/3367
f 396/3389 391/3398 390/3390
f 860/3252 864/3253 4276/3239
f 2141/3380 1253/3386 2081/3397
f 837/3234 4320/3221 1615/3220
f 4464/3468 922/3243 4466/3476
f 2151/3394 2179/3395 2986/3396
f 1506/3393 1498/3368 1536/3366
f 1004/3480 1007/3481 1006/3482
f 1685/3355 1569/3345 1689/3354
f 2160/3385 2211/3274 2161/3283
f 1228/3384 1249/3376 1248/3369
f 3886/3483 3885/3464 1002/3463
f 1901/3484 1216/3485 3885/3464
f 4585/3043 943/3078 4266/3232
f 865/3251 860/3252 4290/3223
f 1818/3350 1559/3391 1814/3392
f 901/3196 4158/3192 873/3194
f 1158/3226 1618/3218 820/3224
f 3659/3289 3976/3296 3102/3292
f 1689/3354 1573/3363 1563/3367
f 999/3486 997/3487 1004/3480
f 929/3318 1032/3306 1186/3301
f 505/3388 396/3389 390/3390
f 915/3387 1195/3360 2141/3380
f 1518/3353 1498/3368 1253/3386
f 3104/3365 1510/3383 1536/3366
f 1518/3353 1253/3386 2141/3380
f 970/3488 938/3489 969/3490
f 1821/3342 1571/3356 1818/3350
f 1228/3384 2211/3274 2160/3385
f 2098/3248 2088/3249 2078/3250
f 1206/3225 856/3233 1158/3226
f 2162/3364 1536/3366 1510/3383
f 1252/3358 1249/3376 2162/3364
f 2138/3370 2181/3381 2982/3382
f 909/3269 4466/3476 922/3243
f 3690/3293 1520/3287 3102/3292
f 1189/3291 1226/3553 3674/3572
f 3886/3483 1049/3532 1900/3513
f 3886/3483 1050/3519 1049/3532
f 914/3573 1026/3312 1200/3330
f 2214/3327 1524/3749 1248/3369
f 2214/3327 2218/3750 1524/3749
f 2218/3750 2214/3327 1265/3751
f 2214/3327 1267/3326 1265/3751
f 2218/3750 1265/3751 1266/3752
f 1266/3752 1265/3751 1267/3326
f 1266/3752 1267/3326 375/3753
f 3886/3483 1002/3463 1050/3519
f 375/3753 374/3754 377/3755
f 3647/3756 373/3757 3659/3289
f 1267/3326 374/3754 375/3753
f 1026/3312 914/3573 1121/3574
f 1118/3321 914/3573 1200/3330
f 1267/3326 1255/3433 374/3754
f 1008/3575 1011/3576 1395/3577
f 1026/3312 1121/3574 1180/3307
f 1160/3520 1050/3519 1002/3463
f 1250/3299 3659/3289 373/3757
f 914/3573 1118/3321 1121/3574
f 1250/3299 373/3757 1255/3433
f 1198/3578 972/3579 1017/3580
f 1255/3433 373/3757 374/3754
f 1180/3307 1022/3581 1494/3295
f 1121/3574 932/3582 1180/3307
f 1494/3295 1022/3581 1134/3583
f 1015/3584 1134/3583 1009/3585
f 972/3579 933/3317 973/3437
f 1015/3584 1003/3475 1226/3553
f 1022/3581 1009/3585 1134/3583
f 1127/3538 1006/3482 1008/3575
f 4927/3166 1595/3160 1593/3156
f 1582/3159 4646/3158 1924/3148
f 4910/3189 4911/3169 4914/3190
f 4851/3188 1925/3157 2094/3151
f 112/3146 113/3187 4646/3158
f 1496/3186 1440/3185 1449/3182
f 1449/3182 4071/3183 1496/3186
f 4672/3184 1761/3180 1440/3185
f 1449/3182 1531/3177 4071/3183
f 1531/3177 1449/3182 1304/3178
f 719/3181 1761/3180 4563/3179
f 719/3181 4563/3179 1304/3178
f 1596/3171 1531/3177 1304/3178
f 1923/3167 4563/3179 1761/3180
f 4563/3179 4927/3166 1304/3178
f 1596/3171 1304/3178 1588/3173
f 4663/3176 1531/3177 1596/3171
f 4566/3172 3964/3174 3963/3175
f 1646/3168 3964/3174 4566/3172
f 1596/3171 1588/3173 1589/3163
f 4927/3166 1923/3167 1345/3164
f 4927/3166 1589/3163 1588/3173
f 1646/3168 4566/3172 1331/3057
f 1596/3171 1589/3163 1582/3159
f 4911/3169 4659/3162 4915/3170
f 1350/3165 1646/3168 4796/3161
f 1923/3167 1350/3165 1345/3164
f 1593/3156 1589/3163 4927/3166
f 4796/3161 1601/3155 1350/3165
f 1595/3160 1345/3164 1350/3165
f 1593/3156 1902/3154 1589/3163
f 1589/3163 1902/3154 4646/3158
f 4659/3162 1582/3159 4919/3153
f 1925/3157 4659/3162 4919/3153
f 4796/3161 4893/3150 1601/3155
f 4893/3150 4796/3161 1065/3056
f 1593/3156 1595/3160 1601/3155
f 2097/3144 1886/3143 2094/3151
f 1582/3159 1924/3148 4919/3153
f 1902/3154 4675/3147 4646/3158
f 4919/3153 2097/3144 1925/3157
f 2094/3151 1925/3157 2097/3144
f 1601/3155 4893/3150 1882/3149
f 1197/3141 4893/3150 1065/3056
f 1601/3155 1882/3149 1593/3156
f 1902/3154 1882/3149 1936/3140
f 2096/3142 4919/3153 1924/3148
f 4919/3153 2096/3142 2097/3144
f 2094/3151 1886/3143 4884/3152
f 4893/3150 1197/3141 1882/3149
f 1065/3056 4929/3068 1197/3141
f 2012/3139 1936/3140 1882/3149
f 1924/3148 1886/3143 2096/3142
f 1938/3145 112/3146 4675/3147
f 2096/3142 1886/3143 2097/3144
f 4929/3068 2012/3139 1197/3141
f 1961/3138 1936/3140 2012/3139
f 2012/3139 1955/3137 1961/3138
f 2086/3091 1955/3137 4929/3068
f 1956/3072 1961/3138 1955/3137
f 1955/3137 2086/3091 2015/3136
f 1955/3137 2015/3136 1956/3072
f 2001/3047 2015/3136 2086/3091
f 4386/3130 1075/3119 4587/3118
f 2046/3114 4586/3135 4386/3130
f 823/3079 1075/3119 926/3134
f 977/3018 993/3115 297/3112
f 818/3081 1080/3110 1194/3117
f 4387/3133 4587/3118 1607/3131
f 1080/3110 4459/3126 1194/3117
f 4411/3121 3485/3120 4425/3055
f 818/3081 1194/3117 1075/3119
f 1160/3520 1001/3586 1006/3482
f 3674/3572 3161/3285 1189/3291
f 1395/3577 990/3587 1008/3575
f 3659/3289 1488/3286 3647/3756
f 3647/3756 1488/3286 1484/3758
f 3161/3285 1484/3758 1488/3286
f 933/3317 1121/3574 1118/3321
f 1015/3584 1009/3585 1003/3475
f 1001/3586 1160/3520 1002/3463
f 1484/3758 3161/3285 3674/3572
f 4586/3135 1075/3119 4386/3130
f 4587/3118 4387/3133 4386/3130
f 1607/3131 1194/3117 4461/3125
f 4586/3135 2046/3114 1071/3113
f 1013/3588 1022/3581 1198/3578
f 972/3579 1198/3578 932/3582
f 1009/3585 1010/3589 1003/3475
f 1013/3588 1010/3589 1009/3585
f 1022/3581 1180/3307 932/3582
f 993/3115 975/3123 4375/3128
f 926/3134 4470/3109 823/3079
f 1001/3586 1011/3576 1008/3575
f 4586/3135 926/3134 1075/3119
f 4461/3125 3985/3132 1607/3131
f 1003/3475 1010/3589 1011/3576
f 993/3115 3491/3116 975/3123
f 4470/3109 926/3134 1071/3113
f 1071/3113 926/3134 4586/3135
f 4386/3130 4387/3133 4384/3129
f 1607/3131 3985/3132 4387/3133
f 1071/3113 3950/3095 4377/3094
f 4384/3129 994/3124 4419/3122
f 1194/3117 1607/3131 4587/3118
f 2046/3114 4386/3130 4419/3122
f 2046/3114 4419/3122 4411/3121
f 2046/3114 4411/3121 3950/3095
f 4384/3129 4419/3122 4386/3130
f 818/3081 1075/3119 823/3079
f 4411/3121 4425/3055 3950/3095
f 3485/3120 994/3124 975/3123
f 3483/3049 4425/3055 3485/3120
f 4375/3128 975/3123 1086/3127
f 1086/3127 975/3123 994/3124
f 3483/3049 3485/3120 975/3123
f 4461/3125 1194/3117 4459/3126
f 4419/3122 994/3124 3485/3120
f 3483/3049 975/3123 974/3030
f 1071/3113 4377/3094 4470/3109
f 974/3030 975/3123 3491/3116
f 3485/3120 4411/3121 4419/3122
f 1194/3117 4587/3118 1075/3119
f 974/3030 3491/3116 1098/3025
f 993/3115 1098/3025 3491/3116
f 977/3018 1098/3025 993/3115
f 3950/3095 1071/3113 2046/3114
f 1983/3111 977/3018 297/3112
f 817/3080 2068/3104 818/3081
f 4904/3092 1165/3100 2027/3086
f 881/3039 830/3029 891/3028
f 4917/3098 4905/3038 2068/3104
f 818/3081 2068/3104 893/3108
f 883/3052 4348/3070 3508/3069
f 1120/3074 1829/3099 4918/3089
f 967/3019 1047/3024 1608/3027
f 3755/3016 1149/3008 1128/3012
f 1268/3036 1190/3096 1185/3037
f 3510/3062 1530/3023 1099/3021
f 881/3039 4348/3070 830/3029
f 1017/3580 972/3579 973/3437
f 1136/3105 2068/3104 817/3080
f 817/3080 823/3079 1162/3044
f 1268/3036 4905/3038 1829/3099
f 1130/3051 4904/3092 1854/3033
f 1211/3514 1900/3513 1049/3532
f 2026/3034 1865/3073 1999/3082
f 1048/3053 4298/3063 3950/3095
f 2080/3102 1126/3046 2074/3103
f 1185/3037 1080/3110 4905/3038
f 1047/3024 1102/3015 1108/3020
f 893/3108 4905/3038 1080/3110
f 881/3039 4363/3097 4350/3054
f 1003/3475 1011/3576 1001/3586
f 892/3050 1859/3035 1136/3105
f 974/3030 1131/3031 3483/3049
f 1999/3082 1865/3073 1956/3072
f 1120/3074 1268/3036 1829/3099
f 3755/3016 967/3019 1164/3017
f 892/3050 1162/3044 4895/3093
f 2031/3106 2074/3103 4917/3098
f 947/3064 883/3052 3508/3069
f 2074/3103 1126/3046 4917/3098
f 1162/3044 4470/3109 942/3042
f 3508/3069 881/3039 898/3041
f 1831/3088 4918/3089 1125/3048
f 4209/3066 4819/3076 4298/3063
f 1136/3105 817/3080 892/3050
f 1112/3026 936/3022 830/3029
f 4363/3097 891/3028 954/3107
f 1136/3105 1859/3035 2031/3106
f 1859/3035 892/3050 1854/3033
f 4425/3055 1048/3053 3950/3095
f 977/3018 1983/3111 350/3010
f 1080/3110 818/3081 893/3108
f 4348/3070 902/3032 830/3029
f 1048/3053 883/3052 947/3064
f 1149/3008 3755/3016 48/3009
f 1126/3046 2080/3102 4920/3090
f 942/3042 4470/3109 4377/3094
f 1130/3051 892/3050 4895/3093
f 1859/3035 2074/3103 2031/3106
f 1126/3046 1125/3048 1829/3099
f 883/3052 902/3032 4348/3070
f 2031/3106 4917/3098 2068/3104
f 2026/3034 1854/3033 1865/3073
f 902/3032 1131/3031 1112/3026
f 2074/3103 1859/3035 2026/3034
f 823/3079 4470/3109 1162/3044
f 4905/3038 893/3108 2068/3104
f 4917/3098 1126/3046 1829/3099
f 1530/3023 891/3028 936/3022
f 1125/3048 4918/3089 1829/3099
f 4363/3097 954/3107 4350/3054
f 1106/3014 1143/3013 3510/3062
f 2068/3104 1136/3105 2031/3106
f 1120/3074 931/3085 1844/3075
f 1112/3026 1099/3021 936/3022
f 1133/3101 1165/3100 4904/3092
f 2026/3034 4920/3090 2080/3102
f 1608/3027 1047/3024 1131/3031
f 1101/3077 4585/3043 942/3042
f 898/3041 4209/3066 4298/3063
f 1121/3574 933/3317 972/3579
f 2026/3034 2080/3102 2074/3103
f 1831/3088 4929/3068 4903/3067
f 1189/3291 1015/3584 1226/3553
f 4920/3090 2026/3034 1999/3082
f 1134/3583 1015/3584 1494/3295
f 4904/3092 4895/3093 1133/3101
f 1128/3012 1142/3011 3755/3016
f 1125/3048 2001/3047 2086/3091
f 931/3085 1120/3074 4918/3089
f 2001/3047 1126/3046 4920/3090
f 1003/3475 1001/3586 1002/3463
f 1395/3577 1169/3590 1064/3591
f 4298/3063 942/3042 4377/3094
f 48/3009 977/3018 350/3010
f 1064/3591 1169/3590 1175/3411
f 1831/3088 2086/3091 4929/3068
f 1165/3100 1066/3087 2027/3086
f 892/3050 817/3080 1162/3044
f 4905/3038 4917/3098 1829/3099
f 881/3039 891/3028 4363/3097
f 931/3085 4918/3089 4903/3067
f 1492/3298 1180/3307 1494/3295
f 4298/3063 4819/3076 942/3042
f 1190/3096 1268/3036 1844/3075
f 4377/3094 3950/3095 4298/3063
f 1010/3589 1169/3590 1011/3576
f 1130/3051 4895/3093 4904/3092
f 883/3052 4421/3045 902/3032
f 2027/3086 1854/3033 4904/3092
f 4298/3063 1048/3053 947/3064
f 1064/3591 990/3587 1395/3577
f 677/3059 1610/3084 1124/3060
f 1017/3580 973/3437 1175/3411
f 972/3579 932/3582 1121/3574
f 1865/3073 1854/3033 2063/3083
f 1125/3048 2086/3091 1831/3088
f 1999/3082 2001/3047 4920/3090
f 1831/3088 4903/3067 4918/3089
f 1013/3588 1009/3585 1022/3581
f 1006/3482 1001/3586 1008/3575
f 4425/3055 3483/3049 4421/3045
f 1017/3580 1175/3411 1169/3590
f 1816/3759 1811/3607 2028/3601
f 1822/3333 1811/3607 1816/3759
f 1824/3310 1822/3333 1816/3759
f 1827/3726 1889/3760 1816/3759
f 1824/3310 1889/3760 1819/3308
f 1827/3726 1826/3761 1889/3760
f 1734/3724 1826/3761 1827/3726
f 1816/3759 1889/3760 1824/3310
f 1827/3726 1816/3759 2028/3601
f 1889/3760 1826/3761 1819/3308
f 1124/3060 931/3085 4903/3067
f 4819/3076 4360/3065 943/3078
f 943/3078 1101/3077 4819/3076
f 2027/3086 2063/3083 1854/3033
f 2027/3086 1066/3087 2063/3083
f 3508/3069 898/3041 947/3064
f 1610/3084 931/3085 1124/3060
f 1865/3073 2063/3083 2008/3071
f 1101/3077 942/3042 4819/3076
f 2001/3047 1999/3082 1956/3072
f 823/3079 817/3080 818/3081
f 1032/3306 934/3639 981/3762
f 982/3508 1127/3538 984/3763
f 979/3764 1032/3306 981/3762
f 934/3639 965/3506 981/3762
f 976/3302 979/3764 1064/3591
f 982/3508 984/3763 981/3762
f 965/3506 982/3508 981/3762
f 990/3587 979/3764 984/3763
f 981/3762 984/3763 979/3764
f 990/3587 984/3763 1008/3575
f 1008/3575 984/3763 1127/3538
f 1032/3306 979/3764 976/3302
f 990/3587 1064/3591 979/3764
f 1175/3411 976/3302 1064/3591
f 1013/3588 1169/3590 1010/3589
f 1395/3577 1011/3576 1169/3590
f 1198/3578 1017/3580 1013/3588
f 1494/3295 1015/3584 1189/3291
f 1017/3580 1169/3590 1013/3588
f 1198/3578 1022/3581 932/3582
f 458/3592 1812/3593 1842/3594
f 1572/3416 1832/3595 1814/3392
f 2071/3596 1815/3597 1814/3392
f 1830/3598 1560/3426 2072/3429
f 1846/3599 1845/3600 1842/3594
f 1845/3600 1830/3598 1842/3594
f 1812/3593 1846/3599 1842/3594
f 1560/3426 1830/3598 1832/3595
f 2072/3429 1560/3426 397/3409
f 1812/3593 458/3592 2028/3601
f 1832/3595 762/3602 2071/3596
f 1101/3077 943/3078 4585/3043
f 1833/3058 1124/3060 4903/3067
f 4360/3065 4819/3076 4209/3066
f 1120/3074 1844/3075 1268/3036
f 2008/3071 1956/3072 1865/3073
f 3508/3069 4348/3070 881/3039
f 1832/3595 1830/3598 762/3602
f 4903/3067 4929/3068 1065/3056
f 1108/3020 1112/3026 1047/3024
f 1860/3061 1833/3058 1331/3057
f 1124/3060 1833/3058 1860/3061
f 4903/3067 1065/3056 1833/3058
f 898/3041 4360/3065 4209/3066
f 898/3041 4298/3063 947/3064
f 1099/3021 1106/3014 3510/3062
f 677/3059 1124/3060 1860/3061
f 1065/3056 1331/3057 1833/3058
f 1048/3053 4425/3055 4421/3045
f 4349/3040 881/3039 4350/3054
f 4421/3045 883/3052 1048/3053
f 1854/3033 892/3050 1130/3051
f 4421/3045 3483/3049 1131/3031
f 1126/3046 2001/3047 1125/3048
f 902/3032 4421/3045 1131/3031
f 942/3042 4585/3043 1162/3044
f 881/3039 4349/3040 898/3041
f 974/3030 1608/3027 1131/3031
f 1268/3036 1185/3037 4905/3038
f 1854/3033 2026/3034 1859/3035
f 1164/3017 48/3009 3755/3016
f 902/3032 1112/3026 830/3029
f 1112/3026 1131/3031 1047/3024
f 974/3030 1098/3025 1608/3027
f 891/3028 830/3029 936/3022
f 1608/3027 1098/3025 967/3019
f 1108/3020 1099/3021 1112/3026
f 967/3019 1098/3025 977/3018
f 967/3019 1102/3015 1047/3024
f 936/3022 1099/3021 1530/3023
f 1102/3015 1106/3014 1108/3020
f 1264/3275 2211/3274 1228/3384
f 1270/3765 1248/3369 1524/3749
f 2165/3766 1524/3749 2218/3750
f 1270/3765 1264/3275 1228/3384
f 1248/3369 1270/3765 1228/3384
f 2165/3766 1259/3767 1227/3768
f 1259/3767 2165/3766 2218/3750
f 2165/3766 1270/3765 1524/3749
f 1259/3767 1512/3284 1227/3768
f 1270/3765 1227/3768 1264/3275
f 1264/3275 1227/3768 1512/3284
f 1227/3768 1270/3765 2165/3766
f 876/3470 831/3244 922/3243
f 876/3470 657/3455 4452/3769
f 4453/3257 861/3770 853/3258
f 861/3770 4453/3257 4452/3769
f 841/3771 4272/3259 853/3258
f 832/3772 841/3771 861/3770
f 831/3244 876/3470 4453/3257
f 861/3770 4181/3548 832/3772
f 879/3773 832/3772 4181/3548
f 4453/3257 876/3470 4452/3769
f 853/3258 861/3770 841/3771
f 4230/3774 1634/3450 1643/3775
f 861/3770 4452/3769 4181/3548
f 910/3254 841/3771 879/3773
f 1634/3450 4246/3776 1643/3775
f 879/3773 4181/3548 4230/3774
f 4274/3741 835/3229 1643/3775
f 879/3773 835/3229 910/3254
f 835/3229 879/3773 4230/3774
f 841/3771 832/3772 879/3773
f 1634/3450 4230/3774 4487/3531
f 657/3455 4181/3548 4452/3769
f 4181/3548 4487/3531 4230/3774
f 841/3771 910/3254 4272/3259
f 1643/3775 835/3229 4230/3774
f 4274/3741 1643/3775 4246/3776
f 4274/3741 4246/3776 847/3729
f 1638/3777 1619/3685 1672/3684
f 1647/3778 842/3554 1638/3777
f 1647/3778 4518/3461 842/3554
f 1638/3777 1649/3699 1647/3778
f 4250/3452 4518/3461 1647/3778
f 4205/3730 847/3729 4246/3776
f 1703/3693 1640/3732 992/3703
f 4205/3730 844/3779 1640/3732
f 4218/3780 1634/3450 4250/3452
f 4246/3776 1634/3450 4218/3780
f 1638/3777 842/3554 1619/3685
f 906/3781 1647/3778 1649/3699
f 1649/3699 992/3703 906/3781
f 4218/3780 4250/3452 906/3781
f 4250/3452 1647/3778 906/3781
f 1672/3684 1649/3699 1638/3777
f 906/3781 844/3779 4218/3780
f 4205/3730 4246/3776 844/3779
f 844/3779 992/3703 1640/3732
f 844/3779 4246/3776 4218/3780
f 992/3703 844/3779 906/3781
f 4245/3735 850/3740 4310/3736
f 849/3731 850/3740 4245/3735
f 847/3729 849/3731 4245/3735
f 4245/3735 857/3737 847/3729
f 1108/3020 1106/3014 1099/3021
f 1164/3017 967/3019 977/3018
f 1102/3015 967/3019 3755/3016
f 1102/3015 1142/3011 1106/3014
f 48/3009 1164/3017 977/3018
f 1142/3011 1102/3015 3755/3016
f 1106/3014 1142/3011 1143/3013
f 1142/3011 1128/3012 1143/3013
f 48/3009 350/3010 1068/3007
f 1560/3426 1832/3595 1572/3416
f 1815/3597 1818/3350 1814/3392
f 1842/3594 1813/3603 1893/3604
f 1815/3597 1846/3599 1822/3333
f 2073/3605 1813/3603 1830/3598
f 1813/3603 1842/3594 1830/3598
f 1815/3597 1822/3333 1818/3350
f 1830/3598 2071/3596 762/3602
f 1846/3599 1815/3597 2071/3596
f 1893/3604 458/3592 1842/3594
f 2071/3596 1830/3598 1845/3600
f 1569/3345 1708/3782 3092/3343
f 1708/3782 3090/3783 3092/3343
f 1708/3782 1562/3348 1696/3784
f 1687/3785 1819/3308 1714/3786
f 1712/3787 1707/3700 1709/3788
f 1687/3785 1714/3786 1677/3789
f 1569/3345 1562/3348 1708/3782
f 1705/3790 1698/3697 462/3696
f 1687/3785 1684/3346 1819/3308
f 1684/3346 1687/3785 1578/3791
f 1707/3700 1698/3697 1705/3790
f 1720/3792 1709/3788 3090/3783
f 1677/3789 1578/3791 1687/3785
f 1720/3792 3090/3783 1708/3782
f 1709/3788 1720/3792 1696/3784
f 1732/3793 1711/3794 1714/3786
f 1714/3786 1711/3794 1675/3795
f 1696/3784 1675/3795 1709/3788
f 1696/3784 1578/3791 1675/3795
f 1578/3791 1677/3789 1675/3795
f 1734/3724 1732/3793 1826/3761
f 1732/3793 1734/3724 1724/3723
f 1826/3761 1714/3786 1819/3308
f 1709/3788 1675/3795 1712/3787
f 1684/3346 1696/3784 1562/3348
f 851/3695 1707/3700 1712/3787
f 1724/3723 1765/3796 1732/3793
f 1677/3789 1714/3786 1675/3795
f 3092/3343 3090/3783 462/3696
f 1662/3797 1712/3787 1711/3794
f 903/3682 1765/3796 1724/3723
f 1662/3797 1731/3660 851/3695
f 3090/3783 1709/3788 1705/3790
f 851/3695 1712/3787 1662/3797
f 1696/3784 1720/3792 1708/3782
f 1711/3794 1712/3787 1675/3795
f 1696/3784 1684/3346 1578/3791
f 1705/3790 1709/3788 1707/3700
f 1662/3797 1711/3794 1765/3796
f 1732/3793 1714/3786 1826/3761
f 3090/3783 1705/3790 462/3696
f 1732/3793 1765/3796 1711/3794
f 903/3682 1726/3661 1765/3796
f 1731/3660 1662/3797 1726/3661
f 1765/3796 1726/3661 1662/3797
f 1068/3007 1149/3008 48/3009
f 1814/3392 1832/3595 2071/3596
f 1845/3600 1846/3599 2071/3596
f 2073/3605 1830/3598 2072/3429
f 1813/3603 2073/3605 1837/3606
f 1846/3599 1811/3607 1822/3333
f 2028/3601 1811/3607 1812/3593
f 1812/3593 1811/3607 1846/3599
f 956/3447 950/3491 941/3448
f 1685/3355 1689/3354 1563/3367
f 1189/3291 3161/3285 3162/3288
f 1573/3363 1689/3354 1686/3361
f 1518/3353 2141/3380 1195/3360
f 508/3377 509/3378 401/3379
f 938/3489 1037/3492 969/3490
f 1248/3369 1249/3376 1252/3358
f 1574/3373 1535/3374 1575/3375
f 1498/3368 1518/3353 1504/3359
f 2138/3370 2087/3371 2145/3372
f 4518/3461 4514/3460 1612/3493
f 1247/3334 1252/3358 1806/3322
f 938/3489 970/3488 983/3494
f 1248/3369 1252/3358 1247/3334
f 909/3269 912/3495 4172/3496
f 1220/3497 1083/3498 1105/3479
f 4278/3499 4172/3496 912/3495
f 3535/3351 3691/3336 3104/3365
f 969/3490 963/3500 970/3488
f 3754/3501 969/3490 1036/3502
f 941/3448 950/3491 912/3495
f 4449/3245 1159/3246 899/3247
f 1504/3359 481/3352 1498/3368
f 969/3490 3754/3501 963/3500
f 1618/3218 825/3222 820/3224
f 1577/3349 1685/3355 1563/3367
f 2977/4040 4087/4043 2409/4060
f 3217/4118 3504/4096 3612/4097
f 4793/4114 359/4113 357/4115
f 4577/4106 1028/4112 3638/4100
f 3612/4097 114/4044 3646/4057
f 114/4044 3612/4097 117/4051
f 4795/4104 4649/4093 328/4088
f 3606/4077 3489/4053 3627/4052
f 124/4071 315/4064 133/4066
f 3717/4042 3676/4047 3715/4108
f 1028/4112 4577/4106 359/4113
f 3909/4095 3898/4109 3696/4078
f 3612/4097 118/4067 116/4058
f 4874/4111 3447/4110 4577/4106
f 3720/4046 3717/4042 3733/4041
f 324/4083 317/4090 314/4102
f 3753/4101 3447/4110 135/4098
f 3898/4109 2708/4079 3696/4078
f 3717/4042 3715/4108 3745/4032
f 115/4036 3627/4052 114/4044
f 3454/4107 4648/4105 4795/4104
f 3638/4100 4647/4099 4577/4106
f 108/4076 103/4056 3606/4077
f 314/4102 3753/4101 135/4098
f 3909/4095 3696/4078 103/4056
f 4795/4104 4648/4105 4649/4093
f 4647/4099 3638/4100 4655/4086
f 128/4063 3514/4059 313/4070
f 317/4090 3570/4091 3748/4103
f 3753/4101 314/4102 317/4090
f 3514/4059 116/4058 3798/4074
f 316/4087 3638/4100 328/4088
f 316/4087 4655/4086 3638/4100
f 135/4098 4647/4099 4655/4086
f 3504/4096 118/4067 3612/4097
f 103/4056 3780/4055 3909/4095
f 2723/4120 3327/4121 3384/4122
f 3570/4091 317/4090 3571/4084
f 3720/4046 3776/4094 3780/4055
f 4649/4093 320/4089 328/4088
f 4653/4082 4655/4086 316/4087
f 3570/4091 3698/4085 3917/4092
f 3571/4084 317/4090 313/4070
f 2704/4124 3321/4125 3211/4126
f 3211/4126 3137/4127 2704/4124
f 3137/4127 110/4128 2704/4124
f 3715/4108 3676/4047 3675/4129
f 3064/4130 3675/4129 3677/4131
f 109/4132 155/4133 110/4128
f 2704/4124 110/4128 105/4134
f 3431/4569 3320/4552 3402/4547
f 3509/4565 3113/4598 131/4564
f 133/4066 3402/4547 3584/4543
f 3565/4065 131/4564 3113/4598
f 3431/4569 3253/4599 3509/4565
f 133/4066 3431/4569 3402/4547
f 3565/4065 3113/4598 3253/4599
f 3402/4547 3261/4549 3584/4543
f 3431/4569 133/4066 3253/4599
f 3509/4565 3253/4599 3113/4598
f 3565/4065 3253/4599 133/4066
f 3046/4135 2703/4136 155/4133
f 105/4134 3064/4130 3677/4131
f 105/4134 110/4128 155/4133
f 3715/4108 3045/4137 3745/4032
f 2717/4138 2703/4136 2701/4139
f 3745/4032 3045/4137 3006/4140
f 2955/4141 105/4134 2717/4138
f 2928/4142 2701/4139 2971/4143
f 3029/4144 2427/4039 4131/4033
f 2971/4143 2917/4145 2928/4142
f 1939/4146 1940/4147 1930/4148
f 3031/4149 2427/4039 3029/4144
f 2954/4150 2928/4142 2917/4145
f 2427/4039 3031/4149 2494/4151
f 2494/4151 3031/4149 4764/4152
f 2917/4145 2705/4153 2954/4150
f 3031/4149 2954/4150 2390/4154
f 2741/4155 2746/4156 2797/4157
f 4764/4152 2390/4154 2380/4158
f 2930/4159 2867/4160 2679/4161
f 2471/4162 2679/4161 2746/4156
f 1989/4163 1990/4164 1995/4165
f 2954/4150 3031/4149 3029/4144
f 2494/4151 2410/4048 2427/4039
f 2387/4166 4763/4167 2391/4168
f 2746/4156 2741/4155 2742/4169
f 2471/4162 2930/4159 2679/4161
f 2705/4153 2930/4159 2932/4170
f 1950/4171 1973/4172 1976/4173
f 2705/4153 2623/4174 2390/4154
f 1937/4175 2742/4169 2741/4155
f 1937/4175 2766/4176 1928/4177
f 2394/4178 2623/4174 2395/4179
f 3006/4140 4131/4033 3745/4032
f 2746/4156 2679/4161 2767/4180
f 2415/4181 2404/4182 2399/4183
f 2954/4150 3029/4144 2955/4141
f 2404/4182 1934/4184 2394/4178
f 2410/4048 2380/4158 2411/4185
f 2404/4182 2395/4179 2399/4183
f 2379/4186 2394/4178 1934/4184
f 2742/4169 1940/4147 2471/4162
f 2932/4170 2623/4174 2705/4153
f 1940/4147 2742/4169 1937/4175
f 3064/4130 2955/4141 3045/4137
f 1934/4184 2404/4182 2415/4181
f 2412/4119 2410/4048 2411/4185
f 2623/4174 4797/4187 2395/4179
f 1976/4173 1930/4148 1950/4171
f 2380/4158 2494/4151 4764/4152
f 3677/4131 2704/4124 105/4134
f 1941/4188 1922/4189 1928/4177
f 2717/4138 2701/4139 2928/4142
f 2767/4180 2797/4157 2746/4156
f 1939/4146 2482/4190 4797/4187
f 2380/4158 2390/4154 2379/4186
f 2704/4124 3677/4131 3321/4125
f 4797/4187 2623/4174 1939/4146
f 2404/4182 2394/4178 2395/4179
f 2415/4181 4763/4167 1934/4184
f 2917/4145 2867/4160 2930/4159
f 1995/4165 1990/4164 1918/4191
f 1934/4184 2412/4119 2411/4185
f 1922/4189 1941/4188 1950/4171
f 1930/4148 1940/4147 1922/4189
f 1922/4189 1940/4147 1937/4175
f 2917/4145 2930/4159 2705/4153
f 1950/4171 1941/4188 1952/4192
f 2954/4150 2955/4141 2928/4142
f 109/4132 3046/4135 155/4133
f 1922/4189 1950/4171 1930/4148
f 1939/4146 2391/4168 2482/4190
f 4763/4167 2393/4193 2412/4119
f 2928/4142 2955/4141 2717/4138
f 1973/4172 1971/4194 1976/4173
f 4131/4033 3006/4140 3029/4144
f 2379/4186 1934/4184 2411/4185
f 2955/4141 3029/4144 3006/4140
f 2394/4178 2379/4186 2623/4174
f 3064/4130 105/4134 2955/4141
f 1939/4146 2623/4174 2932/4170
f 2971/4143 2701/4139 2867/4160
f 1930/4148 1931/4195 1939/4146
f 1931/4195 2391/4168 1939/4146
f 3675/4129 3064/4130 3715/4108
f 1973/4172 1950/4171 1952/4192
f 1940/4147 1939/4146 2932/4170
f 1976/4173 1915/4196 1931/4195
f 2410/4048 2494/4151 2380/4158
f 1976/4173 1971/4194 1915/4196
f 4763/4167 2387/4166 2393/4193
f 1990/4164 2569/4197 1932/4198
f 4763/4167 2412/4119 1934/4184
f 2390/4154 2954/4150 2705/4153
f 2746/4156 2742/4169 2471/4162
f 2569/4197 1990/4164 1989/4163
f 2955/4141 3006/4140 3045/4137
f 2387/4166 2391/4168 1917/4199
f 1931/4195 1917/4199 2391/4168
f 2623/4174 2379/4186 2390/4154
f 1922/4189 1937/4175 1928/4177
f 1931/4195 1932/4198 1917/4199
f 2717/4138 155/4133 2703/4136
f 1915/4196 1990/4164 1931/4195
f 1918/4191 1915/4196 1971/4194
f 187/4025 173/4030 12/4001
f 3065/4012 3071/4003 3086/4005
f 4817/4026 162/4020 148/4027
f 13/4021 9/4029 10/4022
f 9/4029 840/4031 10/4022
f 2323/4007 201/4028 9/4029
f 166/4023 2323/4007 13/4021
f 193/4024 12/4001 195/4000
f 840/4031 11/3999 10/4022
f 160/4008 2323/4007 163/4018
f 2788/4017 2806/4016 148/4027
f 12/4001 173/4030 166/4023
f 2806/4016 4817/4026 148/4027
f 3089/4010 3086/4005 2699/3997
f 163/4018 2323/4007 166/4023
f 11/3999 12/4001 10/4022
f 3072/4013 3089/4010 2699/3997
f 13/4021 2323/4007 9/4029
f 4817/4026 200/4006 160/4008
f 164/4019 148/4027 162/4020
f 201/4028 2323/4007 200/4006
f 162/4020 160/4008 163/4018
f 2843/4004 3071/4003 3065/4012
f 2788/4017 148/4027 164/4019
f 162/4020 4817/4026 160/4008
f 12/4001 193/4024 187/4025
f 164/4019 2826/4015 2788/4017
f 166/4023 13/4021 12/4001
f 3072/4013 2699/3997 2816/3994
f 13/4021 10/4022 12/4001
f 163/4018 164/4019 162/4020
f 2711/3998 2806/4016 2788/4017
f 3072/4013 2711/3998 2825/4011
f 2711/3998 2788/4017 2826/4015
f 2711/3998 2600/4014 2806/4016
f 2711/3998 3072/4013 2816/3994
f 2826/4015 2825/4011 2711/3998
f 2600/4014 2711/3998 3143/3996
f 2825/4011 3089/4010 3072/4013
f 3065/4012 3086/4005 3089/4010
f 3089/4010 2825/4011 3065/4012
f 2699/3997 3086/4005 3085/4009
f 200/4006 2323/4007 160/4008
f 3071/4003 2843/4004 3086/4005
f 195/4000 11/3999 196/4002
f 11/3999 195/4000 12/4001
f 3143/3996 2711/3998 2816/3994
f 2699/3997 3125/3995 2816/3994
f 1725/4600 1736/4601 1758/4602
f 1797/4240 1736/4601 1738/4262
f 1727/4588 1736/4601 1747/4603
f 1718/4604 1725/4600 1723/4591
f 1756/4242 1753/4225 1747/4603
f 1932/4198 2569/4197 1917/4199
f 1727/4588 1747/4603 1753/4225
f 1797/4240 1756/4242 1736/4601
f 1756/4242 1747/4603 1736/4601
f 1736/4601 1725/4600 1738/4262
f 1758/4602 1723/4591 1725/4600
f 1738/4262 1725/4600 1722/4271
f 1758/4602 1736/4601 1727/4588
f 1758/4602 1730/4592 1723/4591
f 1758/4602 1727/4588 1730/4592
f 1740/4284 1722/4271 1725/4600
f 2387/4166 1917/4199 2569/4197
f 3715/4108 3064/4130 3045/4137
f 1725/4600 1718/4604 1827/4605
f 1931/4195 1930/4148 1976/4173
f 1725/4600 1827/4605 1740/4284
f 2613/4444 2556/4606 2582/4457
f 196/4002 11/3999 810/4607
f 2628/4422 2485/4413 810/4607
f 11/3999 840/4031 810/4607
f 181/4608 840/4031 9/4029
f 201/4028 181/4608 9/4029
f 4825/4486 2628/4422 4827/4609
f 2631/4610 4825/4486 4827/4609
f 2631/4610 4755/4611 4825/4486
f 4755/4611 200/4006 2802/4612
f 2600/4014 4787/4613 2806/4016
f 2802/4612 4787/4613 2809/4614
f 2493/4615 2802/4612 2809/4614
f 2533/4431 2493/4615 2613/4444
f 4787/4613 2600/4014 2646/4616
f 4816/4617 3149/4346 3148/4618
f 2809/4614 2633/4619 2493/4615
f 2646/4616 2600/4014 2560/4620
f 2600/4014 3143/3996 2560/4620
f 3144/4621 2809/4614 2646/4616
f 2844/4622 3084/4623 3083/4624
f 2613/4444 2633/4619 2556/4606
f 2044/4412 196/4002 810/4607
f 2590/4625 2582/4457 3146/4626
f 2556/4606 2633/4619 4752/4627
f 4755/4611 2493/4615 142/4485
f 2806/4016 4787/4613 2802/4612
f 2560/4620 3139/4628 2129/4629
f 3139/4628 2560/4620 3087/3993
f 3084/4623 3144/4621 2129/4629
f 810/4607 2485/4413 2044/4412
f 2844/4622 3083/4624 3148/4618
f 3087/3993 2560/4620 3143/3996
f 4827/4609 2628/4422 840/4031
f 2594/4630 2125/4631 4816/4617
f 3125/3995 2594/4630 3087/3993
f 4827/4609 181/4608 2631/4610
f 3083/4624 3139/4628 3087/3993
f 4755/4611 2631/4610 200/4006
f 2613/4444 2493/4615 2633/4619
f 2129/4629 2646/4616 2560/4620
f 2589/4632 3146/4626 4752/4627
f 3146/4626 2582/4457 4752/4627
f 2844/4622 3148/4618 3147/4633
f 181/4608 4827/4609 840/4031
f 2125/4631 3149/4346 4816/4617
f 2593/4512 3147/4633 143/4348
f 3084/4623 3139/4628 3083/4624
f 3125/3995 2125/4631 2594/4630
f 2129/4629 3139/4628 3084/4623
f 142/4485 4825/4486 4755/4611
f 2589/4632 3144/4621 3084/4623
f 3083/4624 2594/4630 4816/4617
f 2809/4614 3144/4621 4752/4627
f 2806/4016 2802/4612 4817/4026
f 3147/4633 3145/4461 2590/4625
f 2582/4457 2556/4606 4752/4627
f 3087/3993 2594/4630 3083/4624
f 2590/4625 2589/4632 2844/4622
f 2493/4615 2533/4431 142/4485
f 2590/4625 3146/4626 2589/4632
f 3145/4461 2582/4457 2590/4625
f 4752/4627 2633/4619 2809/4614
f 4816/4617 3148/4618 3083/4624
f 3147/4633 2553/4476 3145/4461
f 200/4006 2631/4610 201/4028
f 4755/4611 2802/4612 2493/4615
f 4752/4627 3144/4621 2589/4632
f 2844/4622 3147/4633 2590/4625
f 2809/4614 4787/4613 2646/4616
f 3149/4346 3147/4633 3148/4618
f 2631/4610 181/4608 201/4028
f 2593/4512 2553/4476 3147/4633
f 840/4031 2628/4422 810/4607
f 3084/4623 2844/4622 2589/4632
f 200/4006 4817/4026 2802/4612
f 3147/4633 3149/4346 143/4348
f 3144/4621 2646/4616 2129/4629
f 4764/4152 3031/4149 2390/4154
f 2379/4186 2411/4185 2380/4158
f 1918/4191 1990/4164 1915/4196
f 2867/4160 2917/4145 2971/4143
f 155/4133 2717/4138 105/4134
f 1931/4195 1990/4164 1932/4198
f 2471/4162 1940/4147 2932/4170
f 2932/4170 2930/4159 2471/4162
f 1989/4163 2387/4166 2569/4197
f 1995/4165 1918/4191 1971/4194
f 2/4200 1862/4201 2032/4202
f 1786/4203 1783/4204 2034/4205
f 4655/4086 4654/4081 324/4083
f 2690/4206 2359/4207 2634/4208
f 2691/4209 2359/4207 2010/4210
f 2634/4208 1768/4211 2690/4206
f 2690/4206 2010/4210 2359/4207
f 1941/4188 2010/4210 1776/4212
f 2682/4213 1776/4212 2690/4206
f 1768/4211 1775/4214 1773/4215
f 1941/4188 1776/4212 1942/4216
f 1775/4214 1768/4211 1770/4217
f 1775/4214 1770/4217 1772/4218
f 1952/4192 1942/4216 1943/4219
f 1770/4217 1788/4220 1772/4218
f 2342/4221 1770/4217 1762/4222
f 1772/4218 1788/4220 1946/4223
f 1952/4192 1943/4219 1946/4223
f 3143/3996 2816/3994 3087/3993
f 3087/3993 2816/3994 3125/3995
f 90/3950 4391/3969 91/3961
f 4885/3839 2279/3850 1654/3856
f 4355/3976 4379/3978 4287/3974
f 4757/3913 3913/3880 4686/3874
f 2545/3931 2135/3897 86/3940
f 2382/3857 4834/3816 4790/3818
f 2343/4224 1753/4225 2342/4221
f 1788/4220 1770/4217 2034/4205
f 1926/3830 4865/3829 2260/3933
f 2532/3928 2146/3904 4900/3895
f 4530/3960 4706/3953 3559/3954
f 4831/3828 4885/3839 4907/3852
f 4423/3968 4391/3969 4338/3965
f 3046/4135 2968/4634 2703/4136
f 4758/4635 2703/4136 2968/4634
f 3046/4135 2843/4004 2968/4634
f 1780/4318 2680/4582 194/4312
f 2840/4636 2701/4139 4758/4635
f 2867/4160 2701/4139 2840/4636
f 2815/4637 2679/4161 2867/4160
f 4758/4635 2927/4638 2840/4636
f 2843/4004 4758/4635 2968/4634
f 2891/4639 2822/4640 3003/4641
f 4758/4635 2843/4004 2716/4642
f 4730/4643 2681/4579 184/4644
f 3003/4641 2822/4640 2874/4645
f 184/4644 747/4307 4730/4643
f 2716/4642 2991/4646 3003/4641
f 3065/4012 2845/4647 2991/4646
f 2680/4582 4730/4643 747/4307
f 2815/4637 2867/4160 2840/4636
f 186/4648 187/4025 184/4644
f 2716/4642 3003/4641 2927/4638
f 186/4648 2655/4573 173/4030
f 3065/4012 2825/4011 2845/4647
f 2679/4161 2815/4637 2839/4649
f 3003/4641 2874/4645 2927/4638
f 175/4577 2655/4573 184/4644
f 2701/4139 2703/4136 4758/4635
f 2402/4580 2681/4579 4730/4643
f 167/4597 165/4650 168/4596
f 184/4644 2655/4573 186/4648
f 163/4018 166/4023 164/4019
f 184/4644 2681/4579 175/4577
f 173/4030 187/4025 186/4648
f 3065/4012 2991/4646 2716/4642
f 2815/4637 2840/4636 2927/4638
f 2845/4647 2826/4015 2891/4639
f 194/4312 2680/4582 747/4307
f 2927/4638 2874/4645 2815/4637
f 173/4030 168/4596 166/4023
f 747/4307 184/4644 187/4025
f 4756/4651 2718/4652 2822/4640
f 2839/4649 2815/4637 2874/4645
f 3003/4641 2845/4647 2891/4639
f 2845/4647 3003/4641 2991/4646
f 2822/4640 2891/4639 2826/4015
f 2718/4652 4756/4651 167/4597
f 2716/4642 2927/4638 4758/4635
f 2826/4015 4756/4651 2822/4640
f 4756/4651 2826/4015 165/4650
f 4730/4643 2680/4582 2402/4580
f 2826/4015 2845/4647 2825/4011
f 2843/4004 3065/4012 2716/4642
f 164/4019 166/4023 165/4650
f 167/4597 4756/4651 165/4650
f 165/4650 166/4023 168/4596
f 173/4030 2655/4573 168/4596
f 2826/4015 164/4019 165/4650
f 1771/4226 1770/4217 2342/4221
f 1946/4223 1973/4172 1952/4192
f 4843/3896 4845/3908 4900/3895
f 1771/4226 2034/4205 1770/4217
f 1782/4227 1788/4220 1948/4228
f 82/3938 4845/3908 2545/3931
f 4698/3878 1435/3860 4909/3892
f 4430/3982 4423/3968 807/3980
f 1788/4220 1782/4227 1986/4229
f 1946/4223 1943/4219 1772/4218
f 1561/3865 4703/3876 4702/3866
f 1986/4229 1973/4172 1946/4223
f 4820/3882 701/3885 4838/3902
f 1514/3863 4702/3866 1399/3888
f 4691/3855 1467/3869 1435/3860
f 1467/3869 3913/3880 1435/3860
f 4842/3825 2231/3824 2441/3838
f 1968/4230 1948/4228 1783/4204
f 2034/4205 1771/4226 1972/4231
f 4454/4286 4750/4287 2595/4288
f 2595/4288 4750/4287 2152/4289
f 877/3919 4159/3932 1655/3944
f 2586/4290 4719/4291 2153/4292
f 4779/3858 1435/3860 4698/3878
f 2152/4289 2153/4292 4719/4291
f 4754/4293 2586/4290 2153/4292
f 2253/3821 4851/3820 4846/3823
f 2588/4294 2595/4288 2152/4289
f 2599/3979 3151/3989 4372/3977
f 4754/4293 2601/3942 2135/3897
f 3559/3954 3166/3947 3167/3804
f 3906/3923 1564/3917 1337/3935
f 2152/4289 4719/4291 2588/4294
f 2153/4292 2152/4289 95/3925
f 2557/3899 4754/4293 2135/3897
f 4823/3890 4900/3895 2143/3887
f 95/3925 4750/4287 97/3926
f 4688/3943 1655/3944 2573/3986
f 4754/4293 2557/3899 2586/4290
f 4468/3966 4391/3969 4472/3983
f 1378/3844 4628/3842 1532/3834
f 174/4295 95/3925 92/3952
f 2153/4292 174/4295 4754/4293
f 2153/4292 95/3925 174/4295
f 2601/3942 4754/4293 174/4295
f 4454/4286 2595/4288 2588/4294
f 2557/3899 4719/4291 2586/4290
f 95/3925 2152/4289 4750/4287
f 2601/3942 174/4295 92/3952
f 3334/4123 3280/4296 3454/4107
f 2766/4176 2351/4232 2359/4207
f 2617/4297 2498/4298 2435/4299
f 2528/4300 2435/4299 2498/4298
f 1771/4226 1787/4233 1972/4231
f 1948/4228 2034/4205 1783/4204
f 1986/4229 1782/4227 1963/4234
f 1787/4233 1771/4226 2342/4221
f 1973/4172 1949/4235 1861/4236
f 1972/4231 1786/4203 2034/4205
f 1766/4237 1972/4231 1787/4233
f 2682/4213 1773/4215 1943/4219
f 1960/4238 1959/4239 1968/4230
f 1797/4240 1764/4241 1756/4242
f 1764/4241 1766/4237 1787/4233
f 1942/4216 1952/4192 1941/4188
f 1786/4203 1972/4231 1766/4237
f 1851/4243 1786/4203 1796/4244
f 2260/3933 4846/3823 4851/3820
f 1963/4234 1959/4239 1945/4245
f 1959/4239 1960/4238 1945/4245
f 2691/4209 2766/4176 2359/4207
f 1959/4239 1963/4234 1782/4227
f 1853/4246 1960/4238 1957/4247
f 1957/4247 1783/4204 1851/4243
f 1766/4237 1764/4241 1797/4240
f 2311/4301 4863/4302 2203/4303
f 1954/4248 1855/4249 3026/4250
f 1851/4243 1855/4249 1849/4251
f 1849/4251 1853/4246 1957/4247
f 2203/4303 2183/4304 2311/4301
f 89/3941 2601/3942 92/3952
f 2682/4213 2690/4206 1768/4211
f 1945/4245 1868/4252 1963/4234
f 1960/4238 1853/4246 1945/4245
f 1514/3863 1513/3867 4702/3866
f 2062/4253 2019/4254 2064/4255
f 3026/4250 1796/4244 1954/4248
f 1928/4177 2010/4210 1941/4188
f 1766/4237 1797/4240 1796/4244
f 2010/4210 2690/4206 1776/4212
f 2111/4305 4862/4306 2311/4301
f 2183/4304 2111/4305 2311/4301
f 4914/3836 4911/3832 2295/3831
f 747/4307 187/4025 738/4308
f 2203/4303 2269/4309 2183/4304
f 328/4088 320/4089 312/4080
f 1803/4256 1791/4257 1954/4248
f 1869/4258 1853/4246 1849/4251
f 1847/4259 1853/4246 1869/4258
f 4862/4306 2111/4305 4884/4310
f 4200/3909 1621/3905 4703/3876
f 204/4311 194/4312 747/4307
f 2269/4309 2203/4303 2175/4313
f 2351/4232 2634/4208 2359/4207
f 2203/4303 2177/4314 2175/4313
f 1791/4257 1849/4251 1954/4248
f 2307/3848 2300/3826 2303/3817
f 2545/3931 2534/3906 2135/3897
f 1783/4204 1786/4203 1851/4243
f 1866/4260 1875/4261 1945/4245
f 4332/3987 4603/3988 93/3807
f 1853/4246 1847/4259 1866/4260
f 4884/4310 2111/4305 2206/4315
f 1659/3975 4379/3978 4372/3977
f 194/4312 204/4311 205/4316
f 2295/3831 4915/3819 4847/3822
f 4757/3913 4686/3874 4820/3882
f 198/4317 204/4311 738/4308
f 1532/3834 1531/3846 4663/3835
f 205/4316 1780/4318 194/4312
f 4191/3990 1659/3975 4372/3977
f 4853/4319 2269/4309 2314/4320
f 2131/3949 2130/3907 4843/3896
f 4691/3855 693/3854 4685/3847
f 2314/4320 4886/4321 4853/4319
f 2269/4309 2175/4313 2275/4322
f 4603/3988 4439/3992 4400/3991
f 900/4323 894/4324 4657/4325
f 1654/3856 2149/3883 4832/3873
f 1803/4256 1797/4240 1738/4262
f 2597/3963 4388/3956 4468/3966
f 1/4263 1869/4258 1791/4257
f 4801/4326 896/4327 889/4328
f 4861/4329 4880/4330 2268/4331
f 2532/3928 4900/3895 4845/3908
f 2206/4315 4880/4330 4861/4329
f 4884/4310 2206/4315 2260/3933
f 2268/4331 4886/4321 2256/4332
f 311/4333 451/4334 240/4335
f 198/4317 205/4316 204/4311
f 1780/4318 205/4316 451/4334
f 4886/4321 4880/4330 4853/4319
f 2829/3900 1053/3901 877/3919
f 2175/4313 900/4323 2275/4322
f 4925/3843 4071/3864 1531/3846
f 1959/4239 1948/4228 1968/4230
f 2285/3837 1926/3830 2349/3827
f 2330/4336 2290/4337 238/4338
f 889/4328 4657/4325 4801/4326
f 2256/4332 4886/4321 4650/4339
f 240/4335 451/4334 206/4340
f 4832/3873 4908/3851 1654/3856
f 4391/3969 4423/3968 4430/3982
f 95/3925 4405/3937 92/3952
f 140/4341 129/4342 139/4343
f 82/3938 86/3940 4463/3939
f 2275/4322 2331/4344 2287/4345
f 2279/3850 2307/3848 2306/3849
f 3149/4346 2572/4347 143/4348
f 2275/4322 900/4323 2326/4349
f 4662/4350 3561/4351 4786/4352
f 1655/3944 88/3951 2573/3986
f 2143/3887 2147/3894 2452/3870
f 4698/3878 4778/3875 1561/3865
f 1659/3975 1658/3957 2502/3962
f 4829/3889 2143/3887 4809/3871
f 2545/3931 2130/3907 2534/3906
f 4650/4339 2217/4353 2256/4332
f 2217/4353 2324/4354 2256/4332
f 2230/4355 2217/4353 2272/4356
f 4287/3974 2502/3962 1337/3935
f 2341/4357 2272/4356 2331/4344
f 2230/4355 2340/4358 2217/4353
f 2331/4344 2330/4336 2341/4357
f 239/4359 240/4335 206/4340
f 1791/4257 1869/4258 1849/4251
f 2472/4360 2217/4353 2340/4358
f 2368/4361 2441/3838 2231/3824
f 209/4362 199/4363 238/4338
f 2330/4336 238/4338 2336/4364
f 4882/4365 2276/4366 2472/4360
f 2596/3973 4462/3959 2597/3963
f 4824/3893 161/3914 4724/3934
f 4688/3943 2573/3986 4287/3974
f 4372/3977 4356/3967 2599/3979
f 4472/3983 1153/3981 4468/3966
f 3907/3911 4193/3910 3906/3923
f 2422/4367 4882/4365 2472/4360
f 2231/3824 2349/3827 4882/4365
f 4071/3864 4925/3843 4879/3845
f 4346/4368 170/4369 4344/4370
f 4603/3988 4400/3991 4437/3984
f 3908/3924 1621/3905 4200/3909
f 4332/3987 4439/3992 4603/3988
f 2148/3881 4833/3861 701/3885
f 198/4317 208/4384 199/4363
f 193/4024 195/4000 198/4317
f 2645/4448 197/4653 2044/4412
f 197/4653 2645/4448 208/4384
f 199/4363 209/4362 198/4317
f 196/4002 197/4653 195/4000
f 198/4317 195/4000 208/4384
f 196/4002 2044/4412 197/4653
f 195/4000 197/4653 208/4384
f 4490/4371 100/3815 96/4372
f 2422/4367 2340/4358 2372/4373
f 1117/4374 3085/4009 3093/4375
f 2340/4358 4830/4376 2362/4377
f 3486/4378 3482/4379 332/4380
f 199/4363 2371/4381 2336/4364
f 2260/3933 2117/4382 1926/3830
f 2336/4364 2362/4377 4830/4376
f 2372/4373 2340/4358 2299/4383
f 2362/4377 2299/4383 2340/4358
f 2371/4381 2362/4377 2336/4364
f 208/4384 2528/4300 199/4363
f 2422/4367 2459/4385 2231/3824
f 1875/4261 1866/4260 1874/4264
f 2324/4354 2217/4353 2472/4360
f 2459/4385 2372/4373 2299/4383
f 1960/4238 1968/4230 1783/4204
f 2362/4377 2371/4381 2373/4386
f 3486/4378 3453/4387 3358/4388
f 2231/3824 2459/4385 2368/4361
f 2498/4298 2425/4389 2371/4381
f 3248/4390 872/4391 3135/4392
f 2475/4393 2299/4383 2373/4386
f 1139/4394 3135/4392 3133/4395
f 2475/4393 2368/4361 2299/4383
f 2425/4389 2475/4393 2373/4386
f 2435/4299 2528/4300 2487/4396
f 451/4334 205/4316 206/4340
f 2774/4654 1937/4175 2741/4155
f 2766/4176 1937/4175 2774/4654
f 2839/4649 2779/4655 2679/4161
f 2779/4655 2767/4180 2679/4161
f 2874/4645 2824/4656 2839/4649
f 2741/4155 2797/4157 2774/4654
f 2787/4657 2767/4180 2779/4655
f 2797/4157 2767/4180 2787/4657
f 2351/4232 2774/4654 2797/4157
f 220/4575 2351/4232 2787/4657
f 2787/4657 2779/4655 2824/4656
f 2824/4656 2822/4640 2718/4652
f 2766/4176 2774/4654 2351/4232
f 2797/4157 2787/4657 2351/4232
f 180/4572 220/4575 167/4597
f 2822/4640 2824/4656 2874/4645
f 2718/4652 220/4575 2787/4657
f 220/4575 2718/4652 167/4597
f 2779/4655 2839/4649 2824/4656
f 2824/4656 2718/4652 2787/4657
f 2415/4181 2399/4183 340/4658
f 4763/4167 2415/4181 340/4658
f 2399/4183 2395/4179 340/4658
f 2482/4190 2391/4168 1024/4659
f 340/4658 1024/4659 4763/4167
f 1024/4659 2391/4168 4763/4167
f 340/4658 2395/4179 4797/4187
f 2482/4190 1024/4659 340/4658
f 4797/4187 2482/4190 340/4658
f 2699/3997 2156/4660 3125/3995
f 2125/4631 3125/3995 2156/4660
f 3179/4439 3050/4451 3049/4661
f 2156/4660 2699/3997 3085/4009
f 1117/4374 3179/4439 3049/4661
f 3050/4451 2643/4662 3049/4661
f 2156/4660 2123/4663 2125/4631
f 2123/4663 3085/4009 1117/4374
f 3049/4661 2643/4662 2123/4663
f 3085/4009 2123/4663 2156/4660
f 3049/4661 2123/4663 1117/4374
f 90/3950 4520/3955 4338/3965
f 93/3807 4614/3806 4738/3971
f 4649/4093 4648/4105 3453/4387
f 4355/3976 4356/3967 4372/3977
f 2368/4361 2475/4393 2478/4397
f 4400/3991 3151/3989 4393/3985
f 2425/4389 2617/4297 2475/4393
f 4437/3984 4400/3991 4393/3985
f 2483/4398 2435/4299 2487/4396
f 4437/3984 807/3980 4603/3988
f 2271/4399 2117/4382 4861/4329
f 2606/4400 2637/4401 2435/4299
f 2500/3920 2441/3838 2368/4361
f 2500/3920 4844/4402 1944/3862
f 2500/3920 2368/4361 2478/4397
f 2478/4397 2475/4393 2523/4403
f 325/4404 326/4405 814/4406
f 2523/4403 2475/4393 2617/4297
f 2403/4407 2617/4297 2435/4299
f 3086/4005 3093/4375 3085/4009
f 3046/4135 3077/4408 2843/4004
f 4771/4409 4723/4410 4770/4411
f 2044/4412 2485/4413 2483/4398
f 240/4335 239/4359 889/4328
f 2206/4315 2111/4305 2183/4304
f 2472/4360 2340/4358 2422/4367
f 2478/4397 4844/4402 2500/3920
f 4884/4310 2260/3933 4851/3820
f 3135/4392 1139/4394 4744/4414
f 2523/4403 2615/4415 2478/4397
f 2403/4407 2523/4403 2617/4297
f 2403/4407 2637/4401 4792/4416
f 3126/4417 3370/4418 4744/4414
f 4738/3971 4671/3970 4332/3987
f 4782/4419 3438/4420 1177/4421
f 2628/4422 2624/4423 2485/4413
f 2483/4398 2485/4413 2536/4424
f 2606/4400 2157/4425 4792/4416
f 2615/4415 4844/4402 2478/4397
f 2403/4407 2615/4415 2523/4403
f 2158/4426 2403/4407 4792/4416
f 2157/4425 2606/4400 2536/4424
f 4844/4402 2615/4415 4829/3889
f 2534/3906 2130/3907 2508/3898
f 4321/4427 4495/4428 805/4429
f 2272/4356 2314/4320 2287/4345
f 2473/4430 2624/4423 2533/4431
f 2474/4432 2536/4424 2473/4430
f 2536/4424 2158/4426 2157/4425
f 3555/4433 4494/4434 4493/4435
f 2341/4357 4830/4376 2340/4358
f 97/3926 805/4429 98/4436
f 3800/4437 3180/4438 3179/4439
f 2271/4399 1926/3830 2117/4382
f 2536/4424 4789/4440 2158/4426
f 2530/4441 4829/3889 2158/4426
f 889/4328 896/4327 311/4333
f 2533/4431 4788/4442 2474/4432
f 4788/4442 4789/4440 2474/4432
f 2552/4443 4829/3889 2530/4441
f 239/4359 206/4340 209/4362
f 2613/4444 4788/4442 2533/4431
f 4843/3896 4823/3890 2552/4443
f 4493/4435 4626/3809 100/3815
f 4843/3896 2552/4443 2131/3949
f 2613/4444 4800/4445 4788/4442
f 3358/4388 3280/4296 3334/4123
f 1337/3935 4743/3929 4688/3943
f 4559/3813 4716/4446 4712/4447
f 2645/4448 2487/4396 2528/4300
f 4648/4105 3280/4296 3358/4388
f 3109/4449 3236/4450 3050/4451
f 803/4452 136/4453 737/4454
f 2570/4455 2542/4456 4800/4445
f 2613/4444 2582/4457 2584/4458
f 3453/4387 332/4380 320/4089
f 94/3927 3159/3936 4405/3937
f 1926/3830 4882/4365 2349/3827
f 3327/4121 3358/4388 3334/4123
f 199/4363 2528/4300 2371/4381
f 2183/4304 2269/4309 4853/4319
f 3358/4388 3453/4387 4648/4105
f 2075/4265 1847/4259 1/4263
f 3800/4437 3179/4439 1117/4374
f 3094/4459 2571/4460 3050/4451
f 3145/4461 2584/4458 2582/4457
f 86/3940 2135/3897 2601/3942
f 4879/3845 693/3854 1513/3867
f 3913/3880 1053/3901 4909/3892
f 4372/3977 3151/3989 4191/3990
f 2599/3979 4393/3985 3151/3989
f 4393/3985 4472/3983 4437/3984
f 4437/3984 4430/3982 807/3980
f 4603/3988 807/3980 93/3807
f 2131/3949 2577/4462 2557/3899
f 4738/3971 4332/3987 93/3807
f 4287/3974 2573/3986 4355/3976
f 2573/3986 88/3951 4355/3976
f 4900/3895 2146/3904 2143/3887
f 3077/4408 3093/4375 3086/4005
f 2570/4455 2555/4463 2577/4462
f 2483/4398 2487/4396 2044/4412
f 1153/3981 4393/3985 2599/3979
f 4472/3983 4393/3985 1153/3981
f 3167/3804 3166/3947 99/3805
f 4472/3983 4430/3982 4437/3984
f 93/3807 807/3980 4618/3799
f 83/3948 4462/3959 88/3951
f 4791/3833 4790/3818 2303/3817
f 4673/3972 4578/3811 4671/3970
f 3907/3911 3908/3924 4200/3909
f 4673/3972 4738/3971 4614/3806
f 1278/3930 4688/3943 4743/3929
f 3327/4121 3486/4378 3358/4388
f 4341/3964 4530/3960 4423/3968
f 97/3926 96/4372 99/3805
f 2599/3979 2596/3973 1153/3981
f 2131/3949 2508/3898 2130/3907
f 4391/3969 4430/3982 4472/3983
f 1153/3981 2596/3973 4468/3966
f 4423/3968 4516/3800 807/3980
f 4698/3878 1561/3865 4779/3858
f 807/3980 4516/3800 4618/3799
f 4614/3806 4578/3811 4673/3972
f 4356/3967 2596/3973 2599/3979
f 4287/3974 4379/3978 1659/3975
f 4372/3977 4379/3978 4355/3976
f 4530/3960 4516/3800 4423/3968
f 4287/3974 1337/3935 4688/3943
f 2596/3973 4356/3967 4462/3959
f 4724/3934 4757/3913 4838/3902
f 4356/3967 4355/3976 88/3951
f 2502/3962 4287/3974 1659/3975
f 4703/3876 4086/3877 4718/3891
f 2596/3973 2597/3963 4468/3966
f 4671/3970 4738/3971 4673/3972
f 91/3961 4391/3969 4468/3966
f 4530/3960 3559/3954 4516/3800
f 4789/4440 2542/4456 2158/4426
f 1564/3917 4743/3929 1337/3935
f 2293/3853 2295/3831 4908/3851
f 4338/3965 4391/3969 90/3950
f 2147/3894 2592/3921 2446/3903
f 4423/3968 4338/3965 4341/3964
f 2299/4383 2362/4377 2373/4386
f 4356/3967 88/3951 4462/3959
f 4468/3966 4388/3956 91/3961
f 2557/3899 2555/4463 2512/4464
f 4341/3964 4520/3955 4530/3960
f 2455/3886 2147/3894 2446/3903
f 3167/3804 4516/3800 3559/3954
f 4520/3955 4341/3964 4338/3965
f 4462/3959 4388/3956 2597/3963
f 1337/3935 2502/3962 1658/3957
f 91/3961 4463/3939 90/3950
f 4388/3956 4463/3939 91/3961
f 4530/3960 4520/3955 4405/3937
f 3159/3936 3559/3954 4706/3953
f 4530/3960 4405/3937 4706/3953
f 92/3952 4520/3955 90/3950
f 2149/3883 1654/3856 2306/3849
f 2532/3928 4845/3908 82/3938
f 4388/3956 4462/3959 83/3948
f 2592/3921 2147/3894 2525/3915
f 83/3948 88/3951 85/3946
f 930/3945 88/3951 1655/3944
f 1658/3957 4726/3958 1337/3935
f 3135/4392 872/4391 3133/4395
f 90/3950 4463/3939 86/3940
f 4463/3939 4388/3956 83/3948
f 701/3885 4837/3884 4824/3893
f 4405/3937 4520/3955 92/3952
f 3559/3954 3159/3936 3166/3947
f 4405/3937 3159/3936 4706/3953
f 89/3941 92/3952 90/3950
f 2306/3849 4833/3861 2148/3881
f 84/3922 83/3948 85/3946
f 88/3951 2592/3921 85/3946
f 320/4089 4649/4093 3453/4387
f 88/3951 930/3945 2592/3921
f 136/4453 170/4369 3374/4465
f 4770/4411 4720/4466 911/4467
f 4745/4468 1152/4469 3094/4459
f 3094/4459 2572/4347 2571/4460
f 2117/4382 2206/4315 4861/4329
f 3180/4438 3800/4437 3200/4470
f 930/3945 1655/3944 4159/3932
f 783/4471 803/4452 2598/4472
f 4688/3943 1645/3918 1655/3944
f 4847/3822 4831/3828 4907/3852
f 86/3940 89/3941 90/3950
f 2557/3899 2508/3898 2131/3949
f 2530/4441 2158/4426 2542/4456
f 3094/4459 1152/4469 4144/4473
f 2157/4425 2158/4426 4792/4416
f 2723/4120 913/4474 2725/4475
f 2557/3899 2577/4462 2555/4463
f 3145/4461 2553/4476 2584/4458
f 332/4380 3453/4387 3486/4378
f 1140/4477 3133/4395 872/4391
f 3374/4465 3361/4478 137/4479
f 2287/4345 2331/4344 2272/4356
f 4540/4480 4212/4481 4441/4482
f 3133/4395 1140/4477 1139/4394
f 4498/4483 4212/4481 4321/4427
f 1840/4266 1848/4267 2032/4202
f 872/4391 3248/4390 140/4341
f 3094/4459 4144/4473 4194/4484
f 3370/4418 4144/4473 1152/4469
f 2528/4300 2498/4298 2371/4381
f 3486/4378 2723/4120 3482/4379
f 142/4485 2624/4423 4825/4486
f 1140/4477 4742/4487 1139/4394
f 4664/4488 4662/4350 4704/4489
f 83/3948 84/3922 4463/3939
f 4650/4339 2272/4356 2217/4353
f 3135/4392 4744/4414 3236/4450
f 102/4490 4344/4370 783/4471
f 330/4491 329/4492 332/4380
f 2268/4331 2256/4332 2266/4493
f 4800/4445 2613/4444 2584/4458
f 2572/4347 4194/4484 4540/4480
f 2403/4407 2435/4299 2637/4401
f 3067/4494 3180/4438 109/4132
f 4201/4495 4144/4473 3370/4418
f 4838/3902 4824/3893 4724/3934
f 2725/4475 3482/4379 2723/4120
f 4543/4496 4750/4287 4454/4286
f 4844/4402 4829/3889 4809/3871
f 2515/4497 2588/4294 2155/4498
f 99/3805 3166/3947 97/3926
f 4825/4486 2624/4423 2628/4422
f 97/3926 3166/3947 3159/3936
f 332/4380 3482/4379 331/4499
f 738/4308 187/4025 193/4024
f 3561/4351 4664/4488 3558/4500
f 3361/4478 327/4501 137/4479
f 1926/3830 2285/3837 4831/3828
f 4495/4428 98/4436 805/4429
f 4742/4487 4744/4414 1139/4394
f 326/4405 327/4501 129/4342
f 4800/4445 2584/4458 2570/4455
f 4914/3836 1551/3840 1532/3834
f 4346/4368 4324/4502 4212/4481
f 320/4089 329/4492 179/4116
f 3094/4459 3050/4451 4745/4468
f 331/4499 330/4491 332/4380
f 2528/4300 208/4384 2645/4448
f 2592/3921 84/3922 85/3946
f 329/4492 330/4491 814/4406
f 4650/4339 4886/4321 2272/4356
f 102/4490 96/4372 98/4436
f 209/4362 205/4316 198/4317
f 4201/4495 4540/4480 4194/4484
f 2553/4476 2515/4497 2512/4464
f 2155/4498 2588/4294 4719/4291
f 2542/4456 4788/4442 4800/4445
f 2570/4455 2577/4462 2542/4456
f 1847/4259 2024/4268 1866/4260
f 4716/4446 4559/3813 4626/3809
f 930/3945 4724/3934 2592/3921
f 2378/3841 2500/3920 1944/3862
f 2515/4497 2155/4498 2512/4464
f 4789/4440 2536/4424 2474/4432
f 193/4024 198/4317 738/4308
f 4886/4321 2268/4331 4880/4330
f 2275/4322 2287/4345 2269/4309
f 101/4503 4490/4371 96/4372
f 4382/4504 143/4348 4540/4480
f 1177/4421 3482/4379 2725/4475
f 930/3945 4159/3932 4724/3934
f 2075/4265 1/4263 2032/4202
f 1177/4421 331/4499 3482/4379
f 1655/3944 1645/3918 877/3919
f 3126/4417 4540/4480 4201/4495
f 1645/3918 4688/3943 1278/3930
f 1564/3917 4762/3916 4743/3929
f 3093/4375 3077/4408 3800/4437
f 331/4499 814/4406 330/4491
f 2276/4366 2271/4399 2324/4354
f 325/4404 4786/4352 3560/4505
f 2536/4424 2485/4413 2473/4430
f 2266/4493 2256/4332 2324/4354
f 1803/4256 1867/4269 1791/4257
f 2555/4463 2584/4458 2553/4476
f 2542/4456 2552/4443 2530/4441
f 4771/4409 913/4474 2723/4120
f 2299/4383 2368/4361 2459/4385
f 3549/4506 3374/4465 170/4369
f 4742/4487 1140/4477 3170/4507
f 2552/4443 2542/4456 2577/4462
f 4771/4409 4799/4508 4723/4410
f 2532/3928 4463/3939 84/3922
f 4665/4509 4664/4488 4704/4489
f 3169/4510 139/4343 4753/4511
f 2553/4476 2593/4512 2515/4497
f 139/4343 3361/4478 4753/4511
f 4498/4483 4543/4496 4454/4286
f 4743/3929 2828/3912 1278/3930
f 3180/4438 3200/4470 109/4132
f 2572/4347 4540/4480 143/4348
f 4662/4350 4782/4419 4704/4489
f 179/4116 814/4406 326/4405
f 4833/3861 2382/3857 4837/3884
f 89/3941 86/3940 2601/3942
f 82/3938 2545/3931 86/3940
f 2532/3928 82/3938 4463/3939
f 94/3927 4405/3937 95/3925
f 4702/3866 4703/3876 1399/3888
f 97/3926 3159/3936 94/3927
f 4686/3874 2149/3883 4820/3882
f 1337/3935 3908/3924 3906/3923
f 2592/3921 2525/3915 84/3922
f 331/4499 325/4404 814/4406
f 2592/3921 4724/3934 161/3914
f 4757/3913 4724/3934 4159/3932
f 4846/3823 2260/3933 4865/3829
f 4757/3913 4159/3932 877/3919
f 877/3919 1645/3918 2829/3900
f 2545/3931 4845/3908 2130/3907
f 1278/3930 2828/3912 1645/3918
f 1378/3844 2293/3853 4691/3855
f 4193/3910 1564/3917 3906/3923
f 1564/3917 4200/3909 4762/3916
f 4718/3891 2828/3912 4762/3916
f 4762/3916 2828/3912 4743/3929
f 2532/3928 84/3922 2146/3904
f 95/3925 97/3926 94/3927
f 3906/3923 3908/3924 3907/3911
f 84/3922 2525/3915 2146/3904
f 3109/4449 3179/4439 3067/4494
f 161/3914 2446/3903 2592/3921
f 2378/3841 2441/3838 2500/3920
f 1053/3901 4757/3913 877/3919
f 2285/3837 2300/3826 2307/3848
f 1645/3918 2828/3912 2829/3900
f 1532/3834 1551/3840 1378/3844
f 4193/3910 4200/3909 1564/3917
f 2307/3848 2279/3850 2285/3837
f 4718/3891 4762/3916 4200/3909
f 2146/3904 2525/3915 2147/3894
f 4824/3893 2446/3903 161/3914
f 4838/3902 4757/3913 4820/3882
f 3913/3880 4757/3913 1053/3901
f 1299/3879 1053/3901 2829/3900
f 2829/3900 2828/3912 4718/3891
f 4193/3910 3907/3911 4200/3909
f 4718/3891 4200/3909 4703/3876
f 2130/3907 4845/3908 4843/3896
f 2508/3898 2135/3897 2534/3906
f 1399/3888 4703/3876 1621/3905
f 693/3854 4691/3855 4779/3858
f 239/4359 209/4362 238/4338
f 2146/3904 2147/3894 2143/3887
f 4778/3875 4698/3878 4086/3877
f 4824/3893 2455/3886 2446/3903
f 4824/3893 4838/3902 701/3885
f 1299/3879 4909/3892 1053/3901
f 2829/3900 4718/3891 1299/3879
f 2135/3897 2508/3898 2557/3899
f 4900/3895 4823/3890 4843/3896
f 4837/3884 2382/3857 2455/3886
f 1557/3859 4702/3866 693/3854
f 4879/3845 4925/3843 4628/3842
f 2455/3886 2452/3870 2147/3894
f 4824/3893 4837/3884 2455/3886
f 701/3885 4820/3882 2148/3881
f 3913/3880 4909/3892 1435/3860
f 4686/3874 4710/3868 2293/3853
f 4710/3868 4686/3874 3913/3880
f 4691/3855 2293/3853 4710/3868
f 1299/3879 4698/3878 4909/3892
f 4718/3891 4086/3877 1299/3879
f 327/4501 3361/4478 129/4342
f 4703/3876 4778/3875 4086/3877
f 4832/3873 2293/3853 4908/3851
f 3067/4494 3179/4439 3180/4438
f 4829/3889 4823/3890 2143/3887
f 1514/3863 1399/3888 1496/3872
f 2452/3870 4809/3871 2143/3887
f 2452/3870 2455/3886 2382/3857
f 4837/3884 701/3885 4833/3861
f 2149/3883 4686/3874 4832/3873
f 2306/3849 4820/3882 2149/3883
f 2306/3849 2148/3881 4820/3882
f 4710/3868 3913/3880 1467/3869
f 4086/3877 4698/3878 1299/3879
f 1561/3865 4778/3875 4703/3876
f 4702/3866 1557/3859 1561/3865
f 2293/3853 4832/3873 4686/3874
f 1496/3872 4071/3864 1514/3863
f 1944/3862 4809/3871 2452/3870
f 2382/3857 1944/3862 2452/3870
f 4847/3822 4846/3823 4865/3829
f 4710/3868 1467/3869 4691/3855
f 1514/3863 4879/3845 1513/3867
f 693/3854 4702/3866 1513/3867
f 1561/3865 1557/3859 4779/3858
f 4551/4513 3126/4417 3091/4514
f 2584/4458 2555/4463 2570/4455
f 4879/3845 1514/3863 4071/3864
f 1944/3862 2382/3857 2378/3841
f 2382/3857 4833/3861 4834/3816
f 2306/3849 1654/3856 2279/3850
f 2306/3849 4834/3816 4833/3861
f 1435/3860 4779/3858 4691/3855
f 4779/3858 1557/3859 693/3854
f 2295/3831 4847/3822 4907/3852
f 913/4474 4771/4409 911/4467
f 4745/4468 4744/4414 1152/4469
f 2382/3857 4790/3818 2378/3841
f 4908/3851 4885/3839 1654/3856
f 2303/3817 4834/3816 2306/3849
f 1378/3844 1551/3840 2293/3853
f 4691/3855 4685/3847 1378/3844
f 693/3854 4879/3845 4685/3847
f 2326/4349 2331/4344 2275/4322
f 4791/3833 2378/3841 4790/3818
f 4885/3839 4908/3851 4907/3852
f 2293/3853 1551/3840 2295/3831
f 4908/3851 2295/3831 4907/3852
f 2285/3837 2279/3850 4885/3839
f 2307/3848 2303/3817 2306/3849
f 1378/3844 4685/3847 4879/3845
f 129/4342 3361/4478 139/4343
f 3169/4510 3091/4514 4742/4487
f 4540/4480 4441/4482 4382/4504
f 4925/3843 1531/3846 1532/3834
f 4628/3842 1378/3844 4879/3845
f 4628/3842 4925/3843 1532/3834
f 4791/3833 2441/3838 2378/3841
f 2295/3831 1551/3840 4914/3836
f 4831/3828 2285/3837 4885/3839
f 98/4436 96/4372 97/3926
f 1867/4269 1803/4256 1738/4262
f 4830/4376 2341/4357 2330/4336
f 4744/4414 3370/4418 1152/4469
f 4842/3825 2441/3838 4791/3833
f 4791/3833 2303/3817 2300/3826
f 2285/3837 2349/3827 2300/3826
f 1532/3834 4663/3835 4914/3836
f 4716/4446 4720/4466 4712/4447
f 1847/4259 2075/4265 2024/4268
f 2606/4400 2483/4398 2536/4424
f 4842/3825 4791/3833 2300/3826
f 4865/3829 4831/3828 4847/3822
f 2295/3831 4911/3832 4915/3819
f 4847/3822 4915/3819 2253/3821
f 4831/3828 4865/3829 1926/3830
f 2231/3824 2300/3826 2349/3827
f 4782/4419 4662/4350 3438/4420
f 2487/4396 2645/4448 2044/4412
f 325/4404 331/4499 3585/4515
f 2725/4475 913/4474 1177/4421
f 2231/3824 4842/3825 2300/3826
f 2555/4463 2553/4476 2512/4464
f 4847/3822 2253/3821 4846/3823
f 4915/3819 4851/3820 2253/3821
f 3409/4270 1867/4269 1738/4262
f 3170/4507 872/4391 140/4341
f 4493/4435 4494/4434 4716/4446
f 3091/4514 3169/4510 3099/4516
f 4543/4496 4498/4483 4321/4427
f 889/4328 2290/4337 2326/4349
f 97/3926 4750/4287 805/4429
f 3099/4516 3169/4510 4753/4511
f 4753/4511 3361/4478 3549/4506
f 889/4328 311/4333 240/4335
f 3438/4420 4786/4352 3585/4515
f 2483/4398 2606/4400 2435/4299
f 326/4405 737/4454 327/4501
f 4454/4286 2515/4497 4810/4517
f 2682/4213 1768/4211 1773/4215
f 911/4467 4782/4419 913/4474
f 2336/4364 238/4338 199/4363
f 2422/4367 2372/4373 2459/4385
f 2533/4431 2624/4423 142/4485
f 1791/4257 1867/4269 2/4200
f 4498/4483 4441/4482 4212/4481
f 3169/4510 3170/4507 139/4343
f 4799/4508 4771/4409 2723/4120
f 326/4405 325/4404 737/4454
f 911/4467 4771/4409 4770/4411
f 4493/4435 100/3815 4490/4371
f 136/4453 137/4479 737/4454
f 2425/4389 2498/4298 2617/4297
f 2403/4407 2158/4426 2615/4415
f 4324/4502 4346/4368 4344/4370
f 3558/4500 4665/4509 3555/4433
f 4494/4434 4665/4509 4656/4518
f 325/4404 3585/4515 4786/4352
f 3549/4506 170/4369 4753/4511
f 4810/4517 4382/4504 4441/4482
f 3086/4005 2843/4004 3077/4408
f 4454/4286 4810/4517 4498/4483
f 3549/4506 3361/4478 3374/4465
f 4834/3816 2303/3817 4790/3818
f 737/4454 137/4479 327/4501
f 3800/4437 1117/4374 3093/4375
f 4744/4414 4742/4487 3091/4514
f 4194/4484 2572/4347 3094/4459
f 911/4467 4704/4489 4782/4419
f 2512/4464 4719/4291 2557/3899
f 1848/4267 2024/4268 2075/4265
f 889/4328 239/4359 2290/4337
f 170/4369 4346/4368 3099/4516
f 2326/4349 900/4323 4657/4325
f 100/3815 99/3805 96/4372
f 4742/4487 3170/4507 3169/4510
f 2341/4357 2230/4355 2272/4356
f 1140/4477 872/4391 3170/4507
f 3099/4516 4346/4368 3091/4514
f 2330/4336 2331/4344 2326/4349
f 3170/4507 140/4341 139/4343
f 137/4479 136/4453 3374/4465
f 3800/4437 3077/4408 3200/4470
f 2131/3949 2552/4443 2577/4462
f 2598/4472 803/4452 3560/4505
f 3560/4505 4786/4352 3561/4351
f 1722/4271 3409/4270 1738/4262
f 1926/3830 2271/4399 2276/4366
f 3409/4270 2/4200 1867/4269
f 101/4503 96/4372 102/4490
f 2314/4320 2269/4309 2287/4345
f 4201/4495 4194/4484 4144/4473
f 4844/4402 4809/3871 1944/3862
f 911/4467 4656/4518 4704/4489
f 4212/4481 4551/4513 4346/4368
f 2474/4432 2473/4430 2533/4431
f 911/4467 4720/4466 4656/4518
f 3585/4515 331/4499 1177/4421
f 4712/4447 4720/4466 4723/4410
f 3280/4296 4648/4105 3454/4107
f 814/4406 179/4116 329/4492
f 3560/4505 737/4454 325/4404
f 2624/4423 2473/4430 2485/4413
f 4880/4330 2206/4315 4853/4319
f 4664/4488 3561/4351 4662/4350
f 2029/4272 2024/4268 2019/4254
f 4212/4481 4324/4502 4321/4427
f 3091/4514 3126/4417 4744/4414
f 900/4323 2177/4314 894/4324
f 4495/4428 4344/4370 102/4490
f 2552/4443 4823/3890 4829/3889
f 2422/4367 2231/3824 4882/4365
f 4201/4495 3370/4418 3126/4417
f 4862/4306 4863/4302 2311/4301
f 4853/4319 2206/4315 2183/4304
f 1848/4267 1840/4266 2024/4268
f 803/4452 783/4471 136/4453
f 4753/4511 170/4369 3099/4516
f 2326/4349 2290/4337 2330/4336
f 2175/4313 2177/4314 900/4323
f 4543/4496 4321/4427 805/4429
f 2371/4381 2425/4389 2373/4386
f 4382/4504 2593/4512 143/4348
f 4704/4489 4656/4518 4665/4509
f 3409/4270 1722/4271 2/4200
f 3200/4470 3046/4135 109/4132
f 4716/4446 4656/4518 4720/4466
f 1862/4201 2/4200 1903/4273
f 3558/4500 2598/4472 3561/4351
f 4346/4368 4551/4513 3091/4514
f 2276/4366 2324/4354 2472/4360
f 4720/4466 4770/4411 4723/4410
f 3560/4505 803/4452 737/4454
f 2032/4202 1862/4201 1840/4266
f 3558/4500 4664/4488 4665/4509
f 3438/4420 4662/4350 4786/4352
f 3050/4451 3236/4450 4745/4468
f 4886/4321 2314/4320 2272/4356
f 2117/4382 2260/3933 2206/4315
f 2598/4472 3560/4505 3561/4351
f 136/4453 4344/4370 170/4369
f 4493/4435 4490/4371 3555/4433
f 4344/4370 4495/4428 4324/4502
f 4716/4446 4626/3809 4493/4435
f 2266/4493 2324/4354 2271/4399
f 2336/4364 4830/4376 2330/4336
f 3558/4500 3555/4433 2598/4472
f 2340/4358 2230/4355 2341/4357
f 805/4429 4750/4287 4543/4496
f 2268/4331 2266/4493 2271/4399
f 2512/4464 2155/4498 4719/4291
f 3179/4439 3109/4449 3050/4451
f 889/4328 2326/4349 4657/4325
f 3486/4378 3327/4121 2723/4120
f 4810/4517 2515/4497 2593/4512
f 4494/4434 4656/4518 4716/4446
f 3555/4433 101/4503 2598/4472
f 4665/4509 4494/4434 3555/4433
f 1926/3830 2276/4366 4882/4365
f 98/4436 4495/4428 102/4490
f 4454/4286 2588/4294 2515/4497
f 102/4490 783/4471 101/4503
f 2268/4331 2271/4399 4861/4329
f 4540/4480 3126/4417 4212/4481
f 2019/4254 2024/4268 1840/4266
f 2637/4401 2606/4400 4792/4416
f 2/4200 1722/4271 1903/4273
f 320/4089 332/4380 329/4492
f 2542/4456 4789/4440 4788/4442
f 4551/4513 4212/4481 3126/4417
f 4745/4468 3236/4450 4744/4414
f 101/4503 3555/4433 4490/4371
f 209/4362 206/4340 205/4316
f 4829/3889 2615/4415 2158/4426
f 1177/4421 3438/4420 3585/4515
f 4344/4370 136/4453 783/4471
f 4382/4504 4810/4517 2593/4512
f 316/4087 312/4080 4653/4082
f 4324/4502 4495/4428 4321/4427
f 3200/4470 3077/4408 3046/4135
f 4441/4482 4498/4483 4810/4517
f 747/4307 738/4308 204/4311
f 913/4474 4782/4419 1177/4421
f 2598/4472 101/4503 783/4471
f 2290/4337 239/4359 238/4338
f 3117/4519 3038/4520 3208/4521
f 3208/4521 3206/4522 1805/4523
f 3138/4524 3137/4127 3211/4126
f 134/4037 3117/4519 3208/4521
f 3136/4525 3207/4526 1805/4523
f 3211/4126 3207/4526 3138/4524
f 134/4037 3208/4521 119/4527
f 1805/4523 3207/4526 119/4527
f 3321/4125 3677/4131 3686/4528
f 111/4529 3207/4526 3211/4126
f 3673/4530 3321/4125 3686/4528
f 3038/4520 3206/4522 3208/4521
f 3211/4126 3673/4530 111/4529
f 3405/4531 3677/4131 3675/4129
f 107/4532 3686/4528 3677/4131
f 3675/4129 3676/4047 3405/4531
f 111/4529 3079/4035 119/4527
f 3677/4131 3405/4531 107/4532
f 106/4533 3079/4035 111/4529
f 3207/4526 3136/4525 3137/4127
f 3673/4530 3211/4126 3321/4125
f 111/4529 3673/4530 107/4532
f 111/4529 107/4532 106/4533
f 108/4076 3079/4035 106/4533
f 3411/4534 3676/4047 3720/4046
f 3207/4526 111/4529 119/4527
f 119/4527 3208/4521 1805/4523
f 107/4532 3411/4534 106/4533
f 3137/4127 3138/4524 3207/4526
f 3411/4534 3720/4046 103/4056
f 3079/4035 134/4037 119/4527
f 107/4532 3673/4530 3686/4528
f 106/4533 103/4056 108/4076
f 3405/4531 3676/4047 3411/4534
f 3411/4534 107/4532 3405/4531
f 106/4533 3411/4534 103/4056
f 1862/4201 1903/4273 1892/4274
f 1787/4233 2342/4221 1756/4242
f 4653/4082 4654/4081 4655/4086
f 3209/4045 117/4051 123/4050
f 1772/4218 1943/4219 1775/4214
f 1864/4275 1840/4266 1892/4274
f 1874/4264 2024/4268 2029/4272
f 2064/4255 2019/4254 2069/4535
f 3048/4276 4751/4277 458/4278
f 2019/4254 1838/4281 1837/4282
f 2069/4535 2019/4254 1837/4282
f 3068/4536 3178/4537 3131/4538
f 3174/4539 3184/4540 3186/4541
f 133/4066 141/4542 124/4071
f 124/4071 141/4542 125/4054
f 3584/4543 3215/4544 141/4542
f 3184/4540 3174/4539 2727/4545
f 141/4542 4734/4546 125/4054
f 3402/4547 3249/4548 3261/4549
f 3215/4544 4734/4546 141/4542
f 3261/4549 3123/4550 3215/4544
f 3178/4537 2727/4545 3174/4539
f 4734/4546 3194/4049 125/4054
f 134/4037 3194/4049 3117/4519
f 444/4551 3320/4552 3318/4553
f 2727/4545 3226/4554 3182/4555
f 2029/4272 1884/4664 1874/4264
f 1965/4665 1861/4236 1868/4252
f 1874/4264 1884/4664 1977/4666
f 1878/4667 1875/4261 1874/4264
f 1868/4252 1875/4261 1878/4667
f 1868/4252 1894/4668 1965/4665
f 1894/4668 1868/4252 1878/4667
f 1894/4668 1908/4669 1965/4665
f 1878/4667 1876/4670 1894/4668
f 1894/4668 1879/4671 1908/4669
f 1887/4672 1878/4667 1977/4666
f 1887/4672 1876/4670 1878/4667
f 1876/4670 1879/4671 1894/4668
f 1977/4666 1878/4667 1874/4264
f 1827/4605 2028/4285 1740/4284
f 3261/4549 3249/4548 3123/4550
f 3318/4553 3248/4390 3213/4556
f 3226/4554 2727/4545 3178/4537
f 3249/4548 3402/4547 444/4551
f 3318/4553 3213/4556 444/4551
f 3123/4550 3117/4519 4734/4546
f 2727/4545 444/4551 3213/4556
f 3181/4557 3137/4127 3136/4525
f 3248/4390 3172/4558 3213/4556
f 444/4551 3182/4555 3249/4548
f 3249/4548 3182/4555 3123/4550
f 3196/4559 3123/4550 3182/4555
f 3123/4550 3038/4520 3117/4519
f 3196/4559 3038/4520 3123/4550
f 110/4128 3181/4557 109/4132
f 3184/4540 3213/4556 3171/4560
f 141/4542 133/4066 3584/4543
f 3068/4536 3038/4520 3196/4559
f 3135/4392 3236/4450 3171/4560
f 3171/4560 3236/4450 3186/4541
f 3137/4127 3181/4557 110/4128
f 3174/4539 3186/4541 3175/4561
f 3584/4543 3261/4549 3215/4544
f 3136/4525 1805/4523 3130/4562
f 3186/4541 3236/4450 3109/4449
f 3130/4562 3068/4536 3131/4538
f 3171/4560 3172/4558 3135/4392
f 3123/4550 4734/4546 3215/4544
f 3174/4539 3175/4561 3178/4537
f 3131/4538 3177/4563 3181/4557
f 3181/4557 3177/4563 3067/4494
f 3067/4494 109/4132 3181/4557
f 3178/4537 3177/4563 3131/4538
f 3196/4559 3182/4555 3226/4554
f 444/4551 2727/4545 3182/4555
f 3175/4561 3177/4563 3178/4537
f 3130/4562 3181/4557 3136/4525
f 3184/4540 3171/4560 3186/4541
f 3213/4556 3184/4540 2727/4545
f 3177/4563 3175/4561 3067/4494
f 3248/4390 3135/4392 3172/4558
f 3130/4562 3131/4538 3181/4557
f 3213/4556 3172/4558 3171/4560
f 3117/4519 3194/4049 4734/4546
f 1971/4194 1992/4673 1995/4165
f 1996/4674 1989/4163 1995/4165
f 1992/4673 1971/4194 1994/4675
f 1909/4676 1858/4677 1861/4236
f 2000/4678 1996/4674 1995/4165
f 2000/4678 1992/4673 1994/4675
f 1858/4677 1994/4675 1971/4194
f 1909/4676 1970/4679 1858/4677
f 1962/4680 1909/4676 1965/4665
f 1994/4675 1858/4677 2002/4681
f 1970/4679 1962/4680 1985/4682
f 1908/4669 4777/4683 1965/4665
f 1973/4172 1861/4236 1971/4194
f 1962/4680 1965/4665 4777/4683
f 2000/4678 1995/4165 1992/4673
f 1970/4679 2002/4681 1858/4677
f 2002/4681 1970/4679 1985/4682
f 1985/4682 1962/4680 4777/4683
f 1970/4679 1909/4676 1962/4680
f 1858/4677 1971/4194 1861/4236
f 2000/4678 1994/4675 2002/4681
f 1909/4676 1861/4236 1965/4665
f 3175/4561 3109/4449 3067/4494
f 3038/4520 3068/4536 3206/4522
f 3320/4552 444/4551 3402/4547
f 3206/4522 3068/4536 3130/4562
f 3175/4561 3186/4541 3109/4449
f 3196/4559 3178/4537 3068/4536
f 1805/4523 3206/4522 3130/4562
f 3178/4537 3196/4559 3226/4554
f 130/4073 179/4116 131/4564
f 3509/4565 131/4564 132/4566
f 3565/4065 130/4073 131/4564
f 132/4566 131/4564 179/4116
f 3509/4565 132/4566 127/4567
f 122/4568 179/4116 326/4405
f 127/4567 3431/4569 3509/4565
f 129/4342 122/4568 326/4405
f 127/4567 3320/4552 3431/4569
f 122/4568 127/4567 132/4566
f 140/4341 3248/4390 120/4570
f 121/4571 122/4568 129/4342
f 3320/4552 127/4567 121/4571
f 179/4116 122/4568 132/4566
f 121/4571 127/4567 122/4568
f 140/4341 121/4571 129/4342
f 120/4570 3320/4552 121/4571
f 121/4571 140/4341 120/4570
f 3318/4553 3320/4552 120/4570
f 3248/4390 3318/4553 120/4570
f 180/4572 2655/4573 211/4574
f 220/4575 180/4572 172/4576
f 2062/4253 2029/4272 2019/4254
f 172/4576 2351/4232 220/4575
f 1782/4227 1948/4228 1959/4239
f 175/4577 172/4576 211/4574
f 2634/4208 2351/4232 172/4576
f 169/4578 172/4576 175/4577
f 169/4578 175/4577 2681/4579
f 4714/4279 1892/4274 1903/4273
f 2402/4580 169/4578 2681/4579
f 2695/4581 1768/4211 2634/4208
f 2342/4221 1753/4225 1756/4242
f 1864/4275 1892/4274 1893/4280
f 3627/4052 115/4036 3079/4035
f 1768/4211 2695/4581 1762/4222
f 1838/4281 2019/4254 1864/4275
f 2402/4580 1762/4222 2695/4581
f 1840/4266 1864/4275 2019/4254
f 1788/4220 1986/4229 1946/4223
f 3149/4346 2125/4631 2641/4684
f 2643/4662 2641/4684 2123/4663
f 2125/4631 2123/4663 2641/4684
f 3050/4451 2571/4460 2643/4662
f 3149/4346 2641/4684 2572/4347
f 2571/4460 2572/4347 2641/4684
f 2643/4662 2571/4460 2641/4684
f 1866/4260 2024/4268 1874/4264
f 1773/4215 1775/4214 1943/4219
f 2402/4580 2680/4582 432/4583
f 907/4584 2343/4224 432/4583
f 1796/4244 1786/4203 1766/4237
f 1753/4225 2343/4224 907/4584
f 2695/4581 2634/4208 172/4576
f 432/4583 2680/4582 907/4584
f 3048/4276 1892/4274 4714/4279
f 1948/4228 1788/4220 2034/4205
f 3514/4059 3571/4084 313/4070
f 1749/4585 1753/4225 907/4584
f 3571/4084 3514/4059 3698/4085
f 2680/4582 1780/4318 907/4584
f 895/4586 907/4584 1780/4318
f 3026/4250 1851/4243 1796/4244
f 4654/4081 315/4064 324/4083
f 1749/4585 895/4586 739/4587
f 739/4587 895/4586 1780/4318
f 1963/4234 1868/4252 1949/4235
f 4714/4279 1722/4271 4751/4277
f 1727/4588 1753/4225 1749/4585
f 1837/4282 1838/4281 1813/4283
f 1748/4589 1749/4585 739/4587
f 1028/4112 4795/4104 3638/4100
f 1740/4284 4751/4277 1722/4271
f 1942/4216 2682/4213 1943/4219
f 1868/4252 1945/4245 1875/4261
f 4714/4279 1903/4273 1722/4271
f 1748/4589 739/4587 310/4590
f 1723/4591 1730/4592 1739/4593
f 1949/4235 1868/4252 1861/4236
f 1739/4593 903/4594 1723/4591
f 1727/4588 1749/4585 1730/4592
f 3048/4276 4714/4279 4751/4277
f 1986/4229 1963/4234 1949/4235
f 312/4080 4654/4081 4653/4082
f 1783/4204 1957/4247 1960/4238
f 907/4584 895/4586 1749/4585
f 313/4070 317/4090 315/4064
f 1787/4233 1756/4242 1764/4241
f 458/4278 4751/4277 2028/4285
f 1892/4274 1840/4266 1862/4201
f 1739/4593 1748/4589 310/4590
f 315/4064 124/4071 313/4070
f 1866/4260 1945/4245 1853/4246
f 211/4574 2655/4573 175/4577
f 905/4595 903/4594 310/4590
f 1893/4280 1813/4283 1838/4281
f 310/4590 896/4327 905/4595
f 3327/4121 3334/4123 3384/4122
f 1780/4318 451/4334 739/4587
f 1739/4593 1730/4592 1748/4589
f 4751/4277 1740/4284 2028/4285
f 2/4200 2032/4202 1/4263
f 1796/4244 1797/4240 1803/4256
f 1893/4280 1892/4274 3048/4276
f 1/4263 1791/4257 2/4200
f 3696/4078 2708/4079 3646/4057
f 310/4590 739/4587 451/4334
f 1849/4251 1957/4247 1851/4243
f 458/4278 1893/4280 3048/4276
f 3798/4074 3640/4068 3632/4075
f 2410/4048 2414/4061 4087/4043
f 1855/4249 1954/4248 1849/4251
f 3627/4052 108/4076 3606/4077
f 180/4572 211/4574 172/4576
f 3514/4059 3798/4074 3632/4075
f 1762/4222 2343/4224 2342/4221
f 310/4590 311/4333 896/4327
f 3458/4072 130/4073 3565/4065
f 1770/4217 1768/4211 1762/4222
f 117/4051 128/4063 123/4050
f 313/4070 124/4071 125/4054
f 125/4054 128/4063 313/4070
f 1855/4249 1851/4243 3026/4250
f 2414/4061 2397/4069 2413/4062
f 1928/4177 2766/4176 2691/4209
f 116/4058 118/4067 3640/4068
f 315/4064 3565/4065 133/4066
f 1986/4229 1949/4235 1973/4172
f 1796/4244 1803/4256 1954/4248
f 1848/4267 2075/4265 2032/4202
f 128/4063 125/4054 123/4050
f 311/4333 310/4590 451/4334
f 1893/4280 1838/4281 1864/4275
f 2409/4060 2414/4061 2413/4062
f 2695/4581 172/4576 169/4578
f 2682/4213 1942/4216 1776/4212
f 116/4058 3514/4059 117/4051
f 1869/4258 1/4263 1847/4259
f 1928/4177 2691/4209 2010/4210
f 114/4044 3489/4053 3646/4057
f 3720/4046 3780/4055 103/4056
f 125/4054 3194/4049 123/4050
f 1762/4222 2402/4580 432/4583
f 3627/4052 3489/4053 114/4044
f 3209/4045 114/4044 117/4051
f 3194/4049 3209/4045 123/4050
f 180/4572 168/4596 2655/4573
f 2410/4048 4087/4043 2427/4039
f 3717/4042 3720/4046 3676/4047
f 1748/4589 1730/4592 1749/4585
f 3717/4042 3004/4034 3733/4041
f 315/4064 317/4090 324/4083
f 115/4036 114/4044 3209/4045
f 4087/4043 2977/4040 3023/4038
f 3004/4034 3717/4042 3745/4032
f 2977/4040 3733/4041 3004/4034
f 3023/4038 4131/4033 2427/4039
f 3079/4035 115/4036 134/4037
f 3745/4032 4131/4033 3004/4034
f 3780/4055 3776/4094 3898/4109
f 4795/4104 4793/4114 3454/4107
f 2397/4069 2414/4061 2410/4048
f 3632/4075 3917/4092 3698/4085
f 3514/4059 128/4063 117/4051
f 1028/4112 4793/4114 4795/4104
f 167/4597 168/4596 180/4572
f 3646/4057 2708/4079 3217/4118
f 2413/4062 2721/4117 3776/4094
f 130/4073 312/4080 320/4089
f 2695/4581 169/4578 2402/4580
f 3898/4109 2721/4117 2708/4079
f 3447/4110 4874/4111 135/4098
f 135/4098 4874/4111 4647/4099
f 312/4080 316/4087 328/4088
f 1028/4112 359/4113 4793/4114
f 314/4102 4655/4086 324/4083
f 3571/4084 3698/4085 3570/4091
f 315/4064 4654/4081 3458/4072
f 3458/4072 3565/4065 315/4064
f 3514/4059 3632/4075 3698/4085
f 3753/4101 317/4090 3748/4103
f 3454/4107 4793/4114 357/4115
f 134/4037 3209/4045 3194/4049
f 130/4073 3458/4072 312/4080
f 116/4058 117/4051 3612/4097
f 2412/4119 2397/4069 2410/4048
f 3168/3803 4631/3802 4617/3798
f 108/4076 3627/4052 3079/4035
f 135/4098 4655/4086 314/4102
f 1762/4222 432/4583 2343/4224
f 3646/4057 3489/4053 3696/4078
f 3489/4053 3606/4077 3696/4078
f 903/4594 1739/4593 310/4590
f 320/4089 179/4116 130/4073
f 3612/4097 3646/4057 3217/4118
f 4516/3800 3167/3804 4617/3798
f 3898/4109 3776/4094 2721/4117
f 3776/4094 3733/4041 2409/4060
f 3776/4094 2409/4060 2413/4062
f 2409/4060 3733/4041 2977/4040
f 3696/4078 3606/4077 103/4056
f 100/3815 4626/3809 144/3808
f 93/3807 4618/3799 4616/3801
f 115/4036 3209/4045 134/4037
f 4654/4081 312/4080 3458/4072
f 2414/4061 2409/4060 4087/4043
f 4626/3809 4579/3810 4631/3802
f 100/3815 3168/3803 99/3805
f 3168/3803 4617/3798 3167/3804
f 4488/3814 4579/3810 4626/3809
f 100/3815 144/3808 3168/3803
f 4488/3814 4496/3812 4579/3810
f 4579/3810 4614/3806 4616/3801
f 4559/3813 4488/3814 4626/3809
f 4579/3810 4496/3812 4578/3811
f 3733/4041 3776/4094 3720/4046
f 4579/3810 4578/3811 4614/3806
f 4616/3801 4631/3802 4579/3810
f 144/3808 4626/3809 4631/3802
f 2977/4040 3004/4034 3023/4038
f 144/3808 4631/3802 3168/3803
f 4616/3801 4614/3806 93/3807
f 3168/3803 3167/3804 99/3805
f 4617/3798 4631/3802 4616/3801
f 4617/3798 4616/3801 4618/3799
f 4617/3798 4618/3799 4516/3800
f 3638/4100 4795/4104 328/4088
f 3004/4034 4131/4033 3023/4038
f 3780/4055 3898/4109 3909/4095
f 4874/4111 4577/4106 4647/4099
f 3023/4038 2427/4039 4087/4043
f 116/4058 3640/4068 3798/4074
f 289/4842 33/4841 286/4851
f 32/4970 61/4979 261/4971
f 2756/5251 2728/5252 548/5250
f 2401/4754 3736/4800 2433/4768
f 40/4836 361/4871 367/4837
f 2730/4855 2765/4857 2463/4954
f 611/5143 579/5074 609/5073
f 531/4972 557/4911 248/4923
f 2397/4739 2398/4741 2447/4743
f 300/4843 28/4852 40/4836
f 363/4854 3323/4826 342/4853
f 3014/5038 3007/5169 3013/5070
f 426/4982 4854/4913 249/4912
f 2433/4768 2434/4781 2431/4787
f 2319/5020 2350/5035 2308/5100
f 61/4979 32/4970 62/4974
f 3814/4766 2713/4791 2715/4783
f 31/4984 4443/4958 302/4957
f 2889/4726 2935/4691 572/4686
f 3332/4716 3338/4715 3418/4725
f 591/5179 613/5181 608/5182
f 2702/4948 4317/4887 2878/4886
f 2962/4707 3324/4704 2893/4705
f 306/4732 307/4731 4637/4814
f 3292/4729 2603/4727 3254/4717
f 577/4720 2921/4693 2911/4711
f 2989/5132 3124/5131 2984/5126
f 2786/5164 2661/5240 2949/5235
f 32/4970 259/4952 64/4883
f 2979/5069 2981/5068 3022/5040
f 31/4984 61/4979 62/4974
f 2636/5049 2946/5085 2666/5087
f 3254/4717 4155/4728 3292/4729
f 3254/4717 2852/4685 3319/4722
f 2752/4960 2753/4888 4555/4910
f 4558/4930 4478/4924 2696/4914
f 249/4912 557/4911 531/4972
f 2762/5206 2827/5041 2793/5043
f 2726/5245 558/5239 2668/5241
f 2805/5231 2775/5195 2804/5232
f 2245/5080 2983/5102 2249/5079
f 2666/5087 536/5140 537/5253
f 607/5197 615/5212 80/5213
f 4117/4700 3324/4704 2848/4701
f 4284/4687 3319/4722 2852/4685
f 3256/4703 577/4720 2911/4711
f 4652/4730 307/4731 306/4732
f 3319/4722 4117/4700 3254/4717
f 531/4972 248/4923 253/4986
f 3338/4715 4117/4700 2885/4702
f 537/5253 549/4929 2666/5087
f 2603/4727 2852/4685 3254/4717
f 2618/4940 2702/4948 261/4971
f 2728/5252 561/5249 548/5250
f 2765/4857 4670/4856 550/4866
f 2919/4709 2935/4691 2889/4726
f 4192/4710 3256/4703 2911/4711
f 2431/4787 3911/4776 2423/4769
f 68/4873 67/4966 560/4967
f 419/4956 283/4961 25/4955
f 2893/4705 2963/4690 3244/4706
f 588/5176 587/5187 2995/5142
f 3097/5033 3018/5032 3141/5046
f 3245/5207 3231/5199 3992/5201
f 291/4947 293/4903 290/4905
f 2667/5238 2668/5241 558/5239
f 2375/5001 2453/5000 2428/4810
f 257/4959 2753/4888 2752/4960
f 286/4851 265/4898 23/4968
f 2921/4693 2831/4723 2911/4711
f 540/4965 550/4866 530/4865
f 2251/5134 2325/5121 2250/5168
f 3628/4752 3917/4760 3632/4987
f 577/4720 4284/4687 576/4712
f 2892/4714 2848/4701 2962/4707
f 2848/4701 3324/4704 2962/4707
f 31/4984 302/4957 29/4904
f 210/4899 24/4980 64/4883
f 2890/4688 3256/4703 4192/4710
f 3338/4715 3254/4717 4117/4700
f 2837/4983 254/4896 2853/4976
f 3127/5039 2981/5068 2980/5052
f 27/4936 178/4920 4916/4918
f 2942/5185 2513/5157 2796/5155
f 2918/5230 2804/5232 2919/4709
f 2941/5098 2942/5185 2939/5173
f 550/4866 67/4966 258/4953
f 2683/4830 304/4859 2442/4821
f 4284/4687 572/4686 576/4712
f 2893/4705 3324/4704 2890/4688
f 2778/5236 2944/5217 2667/5238
f 244/4963 2772/4946 17/4909
f 2945/5153 2796/5155 2938/5061
f 572/4686 2935/4691 576/4712
f 2541/5023 2616/5058 2642/5057
f 2364/5193 2352/5135 2345/5122
f 2700/4928 2773/4867 1203/5003
f 265/4898 2752/4960 183/4977
f 3338/4715 2885/4702 3418/4725
f 2995/5142 3193/5188 2987/5175
f 4192/4710 2739/4695 2926/4689
f 2433/4768 2431/4787 2423/4769
f 2885/4702 2892/4714 3418/4725
f 3244/4706 2963/4690 4138/4718
f 302/4957 4443/4958 257/4959
f 17/4909 15/4890 16/4981
f 19/4944 15/4890 267/4889
f 292/4964 291/4947 294/4932
f 2363/5129 2960/5156 2328/5158
f 2831/4723 2921/4693 2920/4724
f 2922/4692 2920/4724 2921/4693
f 2922/4692 2935/4691 2919/4709
f 558/5239 544/5224 540/4965
f 286/4851 2752/4960 265/4898
f 591/5179 589/5177 3464/5147
f 2842/4696 2739/4695 4192/4710
f 2790/5042 2775/5195 2776/5243
f 2926/4689 2890/4688 4192/4710
f 64/4883 259/4952 66/4884
f 3250/5222 2440/5200 3231/5199
f 292/4964 34/4835 364/4934
f 294/4932 4207/4938 4681/4939
f 299/4941 2618/4940 261/4971
f 3007/5169 3034/5019 3008/5031
f 577/4720 576/4712 2921/4693
f 32/4970 64/4883 24/4980
f 4555/4910 17/4909 2772/4946
f 32/4970 261/4971 259/4952
f 2890/4688 2926/4689 2963/4690
f 2920/4724 2922/4692 2931/4708
f 2964/4995 2965/4994 2970/5145
f 2960/5156 2251/5134 2329/5167
f 2831/4723 2924/4721 2842/4696
f 2418/4757 2376/4740 2456/4755
f 2924/4721 2831/4723 2920/4724
f 4569/4894 4478/4924 2879/4926
f 4408/4861 3914/4848 4415/4891
f 3912/4831 4852/4862 305/4879
f 246/4935 23/4968 265/4898
f 2479/4767 2481/4881 2443/4988
f 17/4909 16/4981 63/4989
f 4408/4861 2611/4858 2609/4895
f 30/4933 61/4979 31/4984
f 280/4931 4633/4845 4821/4847
f 257/4959 4443/4958 267/4889
f 3219/5062 3185/5171 3220/5096
f 4569/4894 3750/4925 4408/4861
f 25/4955 27/4936 419/4956
f 2890/4688 2963/4690 2893/4705
f 3319/4722 577/4720 4117/4700
f 290/4905 4207/4938 291/4947
f 559/5115 2736/5183 2803/5116
f 589/5177 647/5148 3464/5147
f 23/4968 246/4935 26/4969
f 3024/5028 3014/5038 3022/5040
f 3122/5093 2976/5226 2948/5202
f 2608/4797 2692/4799 2568/4795
f 259/4952 2463/4954 258/4953
f 806/4844 304/4859 2611/4858
f 66/4884 259/4952 258/4953
f 2393/4878 2576/4951 2499/4882
f 2639/4991 147/4992 2630/4993
f 2965/4994 2964/4995 2959/4996
f 2947/5146 2949/5235 2355/5216
f 4207/4938 4317/4887 4681/4939
f 285/4818 4368/4792 2709/4820
f 3216/5162 3163/5163 3193/5188
f 3183/4997 3187/4998 3189/4999
f 2952/5225 2951/5227 2657/5233
f 2833/5151 2762/5206 2663/5228
f 4857/4950 557/4911 4854/4913
f 256/4949 2702/4948 2878/4886
f 2808/4927 2730/4855 4558/4930
f 558/5239 2665/5234 2667/5238
f 366/4870 4638/4906 361/4871
f 2782/5244 2785/5242 2736/5183
f 2254/5101 3140/5076 3116/5120
f 2948/5202 610/5204 3122/5093
f 3235/4785 3746/4801 3511/4813
f 3022/5040 2981/5068 3127/5039
f 2853/4976 183/4977 4857/4950
f 2837/4983 2853/4976 4854/4913
f 4690/5379 557/4911 4857/4950
f 4857/4950 183/4977 2670/5380
f 2853/4976 4857/4950 4854/4913
f 2670/5380 183/4977 4555/4910
f 2772/4946 4690/5379 2670/5380
f 4857/4950 2670/5380 4690/5379
f 2772/4946 2670/5380 4555/4910
f 557/4911 4690/5379 2772/4946
f 4670/4856 529/4864 550/4866
f 366/4870 28/4852 270/4943
f 4478/4924 256/4949 2878/4886
f 2247/5055 2257/5084 2315/5072
f 547/5117 68/4873 559/5115
f 362/4907 39/4833 361/4871
f 529/4864 549/4929 530/4865
f 2755/4694 2842/4696 2924/4721
f 2440/5200 3250/5222 3252/5220
f 4438/4819 4410/4829 3922/4823
f 3914/4848 4408/4861 3750/4925
f 2318/5103 2332/5136 2364/5193
f 577/4720 3256/4703 4117/4700
f 4317/4887 4207/4938 2720/4885
f 63/4989 244/4963 17/4909
f 2962/4707 3244/4706 4138/4718
f 4681/4939 2702/4948 2618/4940
f 2923/4719 2926/4689 2739/4695
f 2700/4928 4670/4856 2730/4855
f 1201/4942 529/4864 4670/4856
f 364/4934 293/4903 291/4947
f 3511/4813 345/4825 3523/4805
f 2923/4719 2963/4690 2926/4689
f 2756/5251 2776/5243 2698/5194
f 2934/5198 2937/5214 2943/5063
f 2453/5000 2375/5001 2377/5002
f 3013/5070 3020/5113 2978/5071
f 2929/4698 4138/4718 2963/4690
f 2944/5217 2949/5235 2667/5238
f 4821/4847 366/4870 280/4931
f 2878/4886 2879/4926 4478/4924
f 2301/5254 2361/5255 2369/5256
f 2367/5257 2361/5255 2301/5254
f 2367/5257 2267/5258 2361/5255
f 2361/5255 2267/5258 2518/5259
f 2518/5259 2267/5258 2354/5260
f 2518/5259 2369/5256 2361/5255
f 2278/5261 2367/5257 2301/5254
f 2317/5262 2354/5260 2267/5258
f 557/4911 2772/4946 248/4923
f 3088/5263 3041/5264 3562/5265
f 280/4931 270/4943 4916/4918
f 3922/4823 4410/4829 4415/4891
f 3613/5266 2208/5267 2216/5268
f 3504/4744 3217/4747 104/4746
f 2700/4928 1203/5003 4541/5004
f 2195/5269 2196/5270 2190/5271
f 3538/5272 2220/5273 3625/5274
f 2195/5269 2194/5275 2196/5270
f 4138/4718 2933/4697 2962/4707
f 3562/5265 3051/5276 3088/5263
f 3538/5272 2210/5277 2220/5273
f 2184/5278 2198/5279 2210/5277
f 2184/5278 2200/5280 2195/5269
f 3152/5281 3063/5282 3100/5283
f 2184/5278 2210/5277 2967/5284
f 2210/5277 2204/5285 2216/5268
f 2187/5286 2186/5287 3035/5288
f 2184/5278 2967/5284 2200/5280
f 2186/5287 2185/5289 2208/5267
f 2195/5269 2190/5271 2198/5279
f 2194/5275 2195/5269 2200/5280
f 3609/5290 3670/5291 2216/5268
f 2967/5284 2210/5277 2216/5268
f 2208/5267 2967/5284 2216/5268
f 3039/5292 3043/5293 3040/5294
f 3042/5295 3613/5266 3044/5296
f 2220/5273 2210/5277 2198/5279
f 3078/5297 3080/5298 3150/5299
f 3044/5296 3051/5276 3042/5295
f 3338/4715 3332/4716 3254/4717
f 3035/5288 2208/5267 3042/5295
f 2207/5300 3625/5274 2220/5273
f 2195/5269 2198/5279 2184/5278
f 3051/5276 3044/5296 3088/5263
f 2193/5301 2187/5286 3035/5288
f 3040/5294 3051/5276 3562/5265
f 3042/5295 3051/5276 3035/5288
f 3112/5302 3152/5281 3108/5303
f 3035/5288 3043/5293 3069/5304
f 3075/5305 3052/5306 3073/5307
f 3037/5030 3562/5265 3041/5264
f 3039/5292 3047/5014 3076/5308
f 4670/4856 4541/5004 1201/4942
f 1272/5309 3625/5274 3537/5310
f 3047/5014 3096/5013 3101/5311
f 3037/5030 3040/5294 3562/5265
f 2200/5280 2967/5284 2185/5289
f 3076/5308 3047/5014 3101/5311
f 3088/5263 3044/5296 3036/5312
f 3150/5299 3080/5298 3096/5013
f 2967/5284 2208/5267 2185/5289
f 3053/5313 3069/5304 3043/5293
f 3053/5313 3043/5293 3055/5314
f 2190/5271 2207/5300 2220/5273
f 3035/5288 3051/5276 3043/5293
f 3034/5019 3039/5292 3037/5030
f 3075/5305 3053/5313 3055/5314
f 3037/5030 3041/5264 3010/5215
f 2428/4810 2453/5000 2619/5005
f 3042/5295 2208/5267 3613/5266
f 3034/5019 3047/5014 3039/5292
f 3073/5307 3101/5311 3107/5315
f 3037/5030 3039/5292 3040/5294
f 3075/5305 3055/5314 3052/5306
f 3670/5291 3605/5316 3613/5266
f 3150/5299 3100/5283 3063/5282
f 3035/5288 3069/5304 2193/5301
f 3043/5293 3039/5292 3055/5314
f 3537/5310 3625/5274 2207/5300
f 3107/5315 3080/5298 3078/5297
f 3069/5304 3053/5313 2193/5301
f 3055/5314 3039/5292 3076/5308
f 2885/4702 2848/4701 2892/4714
f 2216/5268 2204/5285 3609/5290
f 3076/5308 3101/5311 3073/5307
f 3055/5314 3076/5308 3052/5306
f 3036/5312 3041/5264 3088/5263
f 3078/5297 3150/5299 3063/5282
f 3096/5013 3021/5317 3112/5302
f 2220/5273 2198/5279 2190/5271
f 3066/5318 3152/5281 3112/5302
f 3107/5315 3101/5311 3096/5013
f 3613/5266 2216/5268 3670/5291
f 3613/5266 3605/5316 3044/5296
f 3052/5306 3076/5308 3073/5307
f 19/4944 20/4945 15/4890
f 3044/5296 3605/5316 3579/5319
f 3152/5281 3100/5283 3108/5303
f 3656/4827 3746/4801 4635/4786
f 3150/5299 3096/5013 3112/5302
f 3579/5319 3036/5312 3044/5296
f 3150/5299 3112/5302 3108/5303
f 3036/5312 3010/5215 3041/5264
f 3107/5315 3078/5297 3073/5307
f 270/4943 280/4931 366/4870
f 2204/5285 2210/5277 3538/5272
f 3040/5294 3043/5293 3051/5276
f 3108/5303 3100/5283 3150/5299
f 2933/4697 2969/4699 2219/4713
f 2186/5287 2208/5267 3035/5288
f 3096/5013 3080/5298 3107/5315
f 266/4975 19/4944 267/4889
f 2683/4830 2684/4876 304/4859
f 2377/5002 2647/5006 2620/5007
f 2675/5008 1203/5003 2773/4867
f 1203/5003 1201/4942 4541/5004
f 2620/5007 2619/5005 2453/5000
f 2730/4855 2808/4927 2700/4928
f 2879/4926 2878/4886 2720/4885
f 2419/4777 2423/4769 2420/4775
f 307/4731 4661/4802 4658/4815
f 2696/4914 4478/4924 2706/4901
f 3/5009 2647/5006 4/5010
f 258/4953 2765/4857 550/4866
f 2620/5007 2647/5006 2538/5011
f 2630/4993 2619/5005 2620/5007
f 3027/5012 3096/5013 3047/5014
f 1201/4942 545/4916 529/4864
f 361/4871 40/4836 28/4852
f 293/4903 364/4934 360/4838
f 4681/4939 2618/4940 299/4941
f 2647/5006 2565/5015 2538/5011
f 2622/4863 2649/4978 2635/5016
f 1201/4942 2675/5008 545/4916
f 290/4905 2720/4885 4207/4938
f 2635/5016 2619/5005 2656/5017
f 2619/5005 2630/4993 2656/5017
f 3025/5018 3027/5012 3047/5014
f 3047/5014 3034/5019 3025/5018
f 178/4920 27/4936 214/4937
f 367/4837 39/4833 333/4839
f 2729/4915 549/4929 529/4864
f 246/4935 265/4898 282/4897
f 333/4839 364/4934 34/4835
f 29/4904 294/4932 30/4933
f 2319/5020 3017/5021 2242/5022
f 2565/5015 3/5009 2541/5023
f 2565/5015 2450/5024 2538/5011
f 2538/5011 2450/5024 2626/5025
f 2630/4993 2538/5011 2626/5025
f 2693/5026 2622/4863 2635/5016
f 545/4916 2675/5008 2693/5026
f 2635/5016 2656/5017 2676/5027
f 3027/5012 3024/5028 3033/5029
f 3037/5030 3008/5031 3034/5019
f 4916/4918 178/4920 4639/4900
f 280/4931 4916/4918 4633/4845
f 3024/5028 3027/5012 3025/5018
f 545/4916 2729/4915 529/4864
f 2696/4914 2808/4927 4558/4930
f 549/4929 2729/4915 2648/4917
f 3235/4785 3523/4805 3447/4892
f 3033/5029 3018/5032 3097/5033
f 3157/5034 2242/5022 3017/5021
f 2319/5020 2242/5022 2350/5035
f 2591/5036 2450/5024 2565/5015
f 2677/5037 2630/4993 2626/5025
f 3014/5038 3024/5028 3025/5018
f 3127/5039 3033/5029 3022/5040
f 2700/4928 2808/4927 2773/4867
f 4651/4751 3919/4880 3930/4762
f 2773/4867 2808/4927 2696/4914
f 2827/5041 2790/5042 2793/5043
f 3114/5044 3016/5045 3017/5021
f 3141/5046 3105/5047 3097/5033
f 2136/5334 2084/5329 2091/5373
f 2083/5328 2110/5338 2089/5374
f 3017/5021 3155/5048 3157/5034
f 2089/5374 2110/5338 2054/5375
f 2636/5049 2677/5037 2653/5050
f 2636/5049 2639/4991 2677/5037
f 2069/5376 2025/5323 2064/5325
f 2137/5320 3095/5321 2173/5322
f 2110/5338 2025/5323 1835/5377
f 533/5051 147/4992 2639/4991
f 2025/5323 2069/5376 1835/5377
f 2091/5373 2084/5329 2089/5374
f 2110/5338 1835/5377 2054/5375
f 3750/4925 2879/4926 2720/4885
f 533/5051 2676/5027 147/4992
f 2089/5374 2084/5329 2083/5328
f 1835/5377 2069/5376 1837/5378
f 3750/4925 4569/4894 2879/4926
f 3127/5039 2980/5052 3018/5032
f 2025/5323 2053/5324 2064/5325
f 2696/4914 2684/4876 2697/4868
f 3656/4827 4635/4786 4652/4730
f 2120/5326 2100/5327 2137/5320
f 2387/5352 1989/5353 2381/5354
f 3891/4733 3919/4880 4651/4751
f 4569/4894 2706/4901 4478/4924
f 243/4921 542/4922 248/4923
f 2706/4901 2684/4876 2696/4914
f 4638/4906 362/4907 361/4871
f 3155/5048 3017/5021 3016/5045
f 3165/5053 3157/5034 3155/5048
f 3165/5053 2255/5054 2350/5035
f 2630/4993 2677/5037 2639/4991
f 2247/5055 2259/5056 2350/5035
f 14/4985 243/4921 245/4874
f 2083/5328 2084/5329 2100/5327
f 2591/5036 2642/5057 2616/5058
f 4821/4847 4638/4906 366/4870
f 2640/5059 2677/5037 2627/5060
f 2639/4991 2636/5049 533/5051
f 2938/5061 3219/5062 2943/5063
f 3014/5038 2994/5064 3022/5040
f 293/4903 305/4879 290/4905
f 293/4903 360/4838 308/4869
f 177/4840 358/4834 344/4817
f 2683/4830 2442/4821 2448/4822
f 3547/4774 3911/4776 2687/4789
f 290/4905 309/4902 2720/4885
f 284/4919 4639/4900 178/4920
f 4660/4761 4168/4763 4651/4751
f 2121/5330 2085/5331 2052/5332
f 3891/4733 3614/4764 3919/4880
f 4916/4918 4639/4900 4633/4845
f 2729/4915 545/4916 2648/4917
f 3019/5065 3015/5066 3141/5046
f 3155/5048 3016/5045 3141/5046
f 549/4929 2648/4917 533/5051
f 3019/5065 2980/5052 2990/5067
f 2980/5052 2981/5068 2979/5069
f 2994/5064 3013/5070 2978/5071
f 2696/4914 2697/4868 2773/4867
f 557/4911 249/4912 4854/4913
f 2609/4895 2706/4901 4569/4894
f 2247/5055 2315/5072 2259/5056
f 2137/5320 2173/5322 2120/5326
f 609/5073 579/5074 791/5075
f 17/4909 4555/4910 2753/4888
f 362/4907 4638/4906 1320/4908
f 3015/5066 3140/5076 3141/5046
f 3155/5048 3141/5046 2246/5077
f 2298/5078 3165/5053 2246/5077
f 2249/5079 2247/5055 2255/5054
f 2245/5080 3165/5053 2298/5078
f 2259/5056 2316/5081 2262/5082
f 4638/4906 4821/4847 4189/4846
f 2244/5083 2315/5072 2257/5084
f 38/4832 360/4838 39/4833
f 290/4905 305/4879 309/4902
f 2946/5085 2640/5059 2651/5086
f 2100/5327 2104/5333 2137/5320
f 3165/5053 2350/5035 2242/5022
f 549/4929 533/5051 2666/5087
f 2979/5069 2990/5067 2980/5052
f 616/5088 4137/5089 578/5090
f 4674/4849 2683/4830 2614/4812
f 2259/5056 2315/5072 2316/5081
f 2972/5091 2966/5092 3122/5093
f 3191/5094 2936/5095 3220/5096
f 33/4841 300/4843 29/4904
f 2961/5097 2941/5098 2638/5099
f 305/4879 293/4903 308/4869
f 2259/5056 2308/5100 2350/5035
f 303/4807 2710/4806 2687/4789
f 2591/5036 2565/5015 2642/5057
f 308/4869 360/4838 342/4853
f 309/4902 4761/4877 2720/4885
f 2706/4901 2609/4895 2611/4858
f 4408/4861 4415/4891 4410/4829
f 4577/4804 3447/4892 3523/4805
f 2246/5077 3141/5046 3140/5076
f 3616/5381 3604/5382 3692/5383
f 2204/5285 3615/5384 3609/5290
f 3616/5381 3608/5385 3604/5382
f 2442/4821 304/4859 303/4807
f 3557/5386 3611/5387 3604/5382
f 3607/5388 3687/5389 3608/5385
f 3636/5390 3692/5383 3615/5384
f 2204/5285 3538/5272 3615/5384
f 3616/5381 3636/5390 3629/5391
f 3636/5390 3615/5384 3538/5272
f 3616/5381 3630/5392 3607/5388
f 2499/4882 2467/4748 2393/4878
f 3616/5381 3629/5391 3642/5393
f 3608/5385 3557/5386 3604/5382
f 3649/5394 3697/5395 3625/5274
f 3642/5393 3630/5392 3616/5381
f 3642/5393 3629/5391 3697/5395
f 3649/5394 3630/5392 3642/5393
f 3697/5395 3649/5394 3642/5393
f 3625/5274 3697/5395 3538/5272
f 65/4872 18/4990 210/4899
f 2246/5077 2254/5101 2298/5078
f 3694/5396 3630/5392 3649/5394
f 2541/5023 2642/5057 2565/5015
f 3609/5290 3692/5383 3604/5382
f 2249/5079 2983/5102 2247/5055
f 3611/5387 3609/5290 3604/5382
f 3694/5396 3649/5394 3626/5397
f 3649/5394 3625/5274 3626/5397
f 3557/5386 3608/5385 3687/5389
f 2316/5081 2318/5103 2262/5082
f 2315/5072 2244/5083 2316/5081
f 2544/5104 2564/5105 2651/5086
f 3628/4752 3632/4987 3640/4734
f 2666/5087 2946/5085 2664/5106
f 2978/5071 2985/5107 2993/5108
f 3626/5397 3625/5274 1272/5309
f 3012/5109 3001/5110 3028/5111
f 4639/4900 4632/4860 4633/4845
f 2393/4878 2387/5352 2576/4951
f 3028/5111 2985/5107 2978/5071
f 2387/5352 2381/5354 2576/4951
f 3460/5112 3020/5113 3008/5031
f 27/4936 4916/4918 270/4943
f 3636/5390 3538/5272 3629/5391
f 3697/5395 3629/5391 3538/5272
f 210/4899 64/4883 65/4872
f 16/4981 15/4890 20/4945
f 2136/5334 3095/5321 2104/5333
f 254/4896 282/4897 265/4898
f 4569/4894 4408/4861 2609/4895
f 2676/5027 2648/4917 2693/5026
f 2684/4876 2611/4858 304/4859
f 38/4832 363/4854 360/4838
f 345/4825 3323/4826 363/4854
f 1883/5335 2050/5336 2053/5324
f 3616/5381 3607/5388 3608/5385
f 2057/5337 2053/5324 2050/5336
f 3636/5390 3616/5381 3692/5383
f 342/4853 306/4732 308/4869
f 579/5074 578/5090 580/5114
f 2137/5320 2104/5333 3095/5321
f 3609/5290 3615/5384 3692/5383
f 342/4853 360/4838 363/4854
f 2121/5330 2052/5332 2110/5338
f 559/5115 2803/5116 547/5117
f 3573/5398 3460/5112 3010/5215
f 4137/5089 2972/5091 789/5118
f 3573/5398 3030/5399 3460/5112
f 3572/5400 3573/5398 3036/5312
f 3118/5119 3116/5120 3140/5076
f 2173/5322 3095/5321 2986/5339
f 2244/5083 2247/5055 2983/5102
f 2022/5340 2093/5341 2049/5342
f 3447/4892 3753/4893 3235/4785
f 3012/5109 3028/5111 3460/5112
f 3189/4999 3187/4998 2325/5121
f 2983/5102 2245/5080 2254/5101
f 3573/5398 3576/5401 3030/5399
f 3030/5399 3011/5402 3012/5109
f 3012/5109 3005/5403 3001/5110
f 3576/5401 3573/5398 3572/5400
f 2998/5161 2999/5404 589/5177
f 3579/5319 3563/5405 3572/5400
f 2316/5081 2244/5083 2318/5103
f 2345/5122 2585/5123 2544/5104
f 4415/4891 3914/4848 3922/4823
f 2651/5086 2564/5105 2660/5124
f 2946/5085 2660/5124 2664/5106
f 2083/5328 2100/5327 2085/5331
f 2650/5125 2666/5087 2664/5106
f 2753/4888 267/4889 15/4890
f 2985/5107 2984/5126 2993/5108
f 2022/5340 2051/5343 2093/5341
f 3005/5403 3012/5109 3011/5402
f 3028/5111 3001/5110 2985/5107
f 2720/4885 2878/4886 4317/4887
f 2999/5404 647/5148 589/5177
f 64/4883 66/4884 65/4872
f 3572/5400 3564/5406 3576/5401
f 3572/5400 3563/5405 3582/5407
f 2247/5055 2350/5035 2255/5054
f 2467/4748 2499/4882 2481/4881
f 1883/5335 2053/5324 2022/5340
f 2627/5060 2591/5036 2651/5086
f 2479/4767 2467/4748 2481/4881
f 3930/4762 3919/4880 3614/4764
f 2100/5327 2084/5329 2104/5333
f 2254/5101 2245/5080 2298/5078
f 2999/5404 3005/5403 647/5148
f 3912/4831 305/4879 308/4869
f 3001/5110 3005/5403 2999/5404
f 3722/5408 3564/5406 3582/5407
f 3607/5388 3707/5409 3702/5410
f 3716/5411 3576/5401 3564/5406
f 3712/5412 3575/5413 3716/5411
f 2412/4736 2393/4878 2467/4748
f 3118/5119 2990/5067 3002/5127
f 2733/4850 2697/4868 2688/4875
f 4852/4862 3914/4848 4761/4877
f 2325/5121 3116/5120 3189/4999
f 3563/5405 3722/5408 3582/5407
f 3011/5402 3575/5413 3005/5403
f 26/4969 28/4852 23/4968
f 2320/5128 2244/5083 2983/5102
f 2320/5128 2983/5102 2254/5101
f 3575/5413 3576/5401 3716/5411
f 3573/5398 3010/5215 3036/5312
f 3572/5400 3036/5312 3579/5319
f 2244/5083 2363/5129 2318/5103
f 3118/5119 3002/5127 3189/4999
f 3005/5403 3575/5413 3712/5412
f 2683/4830 2688/4875 2684/4876
f 65/4872 68/4873 245/4874
f 2345/5122 2961/5097 2585/5123
f 3712/5412 647/5148 3005/5403
f 3722/5408 3678/5414 3716/5411
f 3716/5411 3564/5406 3722/5408
f 2585/5123 2658/5130 2564/5105
f 358/4834 177/4840 38/4832
f 3114/5044 3105/5047 3016/5045
f 366/4870 361/4871 28/4852
f 2103/5344 2066/5345 2085/5331
f 177/4840 363/4854 38/4832
f 2064/5325 2057/5337 2062/5355
f 2650/5125 2664/5106 2660/5124
f 3639/5415 3630/5392 3694/5396
f 2066/5345 2052/5332 2085/5331
f 3712/5412 3713/5416 647/5148
f 2107/5346 2066/5345 2103/5344
f 3630/5392 3639/5415 3633/5417
f 1870/5356 2050/5336 1883/5335
f 2052/5332 2025/5323 2110/5338
f 3124/5131 3002/5127 2984/5126
f 2025/5323 2051/5343 2053/5324
f 2449/4796 2568/4795 2614/4812
f 3721/5418 3707/5409 3669/5419
f 2057/5337 2064/5325 2053/5324
f 3712/5412 3716/5411 3713/5416
f 2721/4750 2722/4749 3736/4800
f 3716/5411 3678/5414 3702/5410
f 2985/5107 2989/5132 2984/5126
f 3001/5110 2988/5133 2985/5107
f 2110/5338 2083/5328 2121/5330
f 3707/5409 3607/5388 3669/5419
f 3633/5417 3669/5419 3630/5392
f 306/4732 3912/4831 308/4869
f 3702/5410 3713/5416 3716/5411
f 3582/5407 3564/5406 3572/5400
f 3702/5410 3687/5389 3607/5388
f 3702/5410 3756/5420 3713/5416
f 651/5421 3713/5416 3756/5420
f 342/4853 4652/4730 306/4732
f 2103/5344 2120/5326 2107/5346
f 3011/5402 3576/5401 3575/5413
f 2733/4850 2773/4867 2697/4868
f 2451/4809 2608/4797 2568/4795
f 2085/5331 2100/5327 2103/5344
f 3669/5419 3633/5417 3721/5418
f 529/4864 530/4865 550/4866
f 3702/5410 3707/5409 3756/5420
f 2104/5333 2084/5329 2136/5334
f 1870/5356 2057/5337 2050/5336
f 19/4944 210/4899 20/4945
f 2052/5332 2051/5343 2025/5323
f 2697/4868 2684/4876 2688/4875
f 3678/5414 3722/5408 3563/5405
f 646/5149 3713/5416 651/5421
f 2120/5326 2103/5344 2100/5327
f 2030/5357 1884/5358 2029/5359
f 2093/5341 2051/5343 2052/5332
f 4761/4877 3750/4925 2720/4885
f 3576/5401 3011/5402 3030/5399
f 2057/5337 1870/5356 2030/5357
f 2733/4850 2621/4811 2622/4863
f 3460/5112 3030/5399 3012/5109
f 646/5149 647/5148 3713/5416
f 3669/5419 3607/5388 3630/5392
f 3116/5120 2325/5121 2254/5101
f 2244/5083 2320/5128 2363/5129
f 1883/5335 2022/5340 2049/5342
f 2254/5101 2251/5134 2320/5128
f 2345/5122 2352/5135 2961/5097
f 3702/5410 3678/5414 3687/5389
f 2352/5135 2332/5136 2771/5137
f 3002/5127 2990/5067 2979/5069
f 3001/5110 2999/5404 2998/5161
f 2363/5129 2332/5136 2318/5103
f 2659/5138 538/5139 2650/5125
f 2173/5322 2986/5339 2179/5347
f 3914/4848 4852/4862 3912/4831
f 2961/5097 2658/5130 2585/5123
f 4410/4829 2611/4858 4408/4861
f 2659/5138 2564/5105 2658/5130
f 4189/4846 4633/4845 4632/4860
f 2659/5138 2650/5125 2660/5124
f 2062/5355 2057/5337 2030/5357
f 2653/5050 2677/5037 2640/5059
f 303/4807 304/4859 806/4844
f 2650/5125 538/5139 536/5140
f 2093/5341 2066/5345 2107/5346
f 2627/5060 2626/5025 2591/5036
f 2051/5343 2022/5340 2053/5324
f 3210/5141 2995/5142 611/5143
f 2989/5132 2988/5133 2996/5144
f 2996/5144 2988/5133 3001/5110
f 2970/5145 2969/4699 2947/5146
f 2121/5330 2083/5328 2085/5331
f 426/4982 2837/4983 4854/4913
f 292/4964 29/4904 34/4835
f 2066/5345 2093/5341 2052/5332
f 806/4844 2611/4858 4410/4829
f 3464/5147 647/5148 646/5149
f 2730/4855 4670/4856 2765/4857
f 2985/5107 2988/5133 2989/5132
f 345/4825 363/4854 177/4840
f 4637/4814 3912/4831 306/4732
f 342/4853 4300/4828 4652/4730
f 2029/5359 2062/5355 2030/5357
f 2660/5124 2946/5085 2651/5086
f 2251/5134 2363/5129 2320/5128
f 67/4966 550/4866 560/4967
f 2352/5135 2771/5137 2961/5097
f 2363/5129 2567/5150 2332/5136
f 2638/5099 2658/5130 2961/5097
f 4652/4730 4300/4828 3656/4827
f 2659/5138 2658/5130 2638/5099
f 2931/4708 2833/5151 2920/4724
f 2996/5144 3001/5110 2997/5152
f 2463/4954 256/4949 4478/4924
f 289/4842 286/4851 28/4852
f 4674/4849 2621/4811 2733/4850
f 2722/4749 4001/4756 2434/4781
f 2994/5064 2978/5071 2993/5108
f 3912/4831 3922/4823 3914/4848
f 4633/4845 4189/4846 4821/4847
f 806/4844 4410/4829 285/4818
f 33/4841 289/4842 300/4843
f 16/4981 20/4945 18/4990
f 344/4817 345/4825 177/4840
f 2620/5007 2538/5011 2630/4993
f 4637/4814 4139/4824 3912/4831
f 3323/4826 3746/4801 4300/4828
f 3511/4813 3323/4826 345/4825
f 360/4838 333/4839 39/4833
f 2945/5153 2953/5154 2796/5155
f 2251/5134 2960/5156 2363/5129
f 2771/5137 2941/5098 2961/5097
f 24/4980 210/4899 266/4975
f 2567/5150 2513/5157 2771/5137
f 2567/5150 2363/5129 2328/5158
f 2638/5099 582/5159 538/5139
f 66/4884 258/4953 67/4966
f 32/4970 24/4980 62/4974
f 538/5139 2659/5138 2638/5099
f 30/4933 294/4932 299/4941
f 2997/5152 3000/5160 2996/5144
f 3001/5110 2998/5161 2997/5152
f 3165/5053 3155/5048 2246/5077
f 63/4989 18/4990 65/4872
f 3216/5162 3183/4997 3163/5163
f 2993/5108 2984/5126 2979/5069
f 34/4835 40/4836 367/4837
f 40/4836 34/4835 300/4843
f 38/4832 39/4833 358/4834
f 2994/5064 2993/5108 2979/5069
f 261/4971 2702/4948 256/4949
f 3922/4823 3912/4831 4139/4824
f 3810/4759 3570/4772 3917/4760
f 4189/4846 1320/4908 4638/4906
f 2448/4822 2614/4812 2683/4830
f 2377/5002 4/5010 2647/5006
f 2396/4738 2397/4739 2412/4736
f 2733/4850 2622/4863 2773/4867
f 2755/4694 2786/5164 2739/4695
f 799/5165 3317/5166 616/5088
f 2242/5022 3157/5034 3165/5053
f 65/4872 245/4874 63/4989
f 2329/5167 2251/5134 2250/5168
f 3008/5031 3020/5113 3007/5169
f 2947/5146 2969/4699 2923/4719
f 2252/5170 3187/4998 3185/5171
f 2635/5016 2676/5027 2693/5026
f 2974/5360 2219/4713 2973/5361
f 2219/4713 2974/5360 3260/5362
f 3231/5199 3258/5363 2974/5360
f 3231/5199 3238/5208 3258/5363
f 3260/5362 3326/5364 2933/4697
f 3255/5365 3258/5363 3238/5208
f 3326/5364 2962/4707 2933/4697
f 3257/5366 3255/5365 3995/5367
f 3257/5366 3995/5367 2383/5368
f 4129/5369 2892/4714 3326/5364
f 2252/5170 2250/5168 2325/5121
f 3250/5222 2974/5360 2973/5361
f 3994/5370 4130/5371 2383/5368
f 2329/5167 2333/5172 2960/5156
f 2771/5137 2513/5157 2941/5098
f 2442/4821 303/4807 2426/4788
f 2638/5099 2941/5098 2939/5173
f 2892/4714 3262/5372 3418/4725
f 3187/4998 3121/5174 3185/5171
f 2710/4806 303/4807 285/4818
f 3257/5366 3258/5363 3255/5365
f 2987/5175 3124/5131 3000/5160
f 588/5176 3000/5160 2997/5152
f 589/5177 590/5178 2998/5161
f 588/5176 2997/5152 2998/5161
f 591/5179 592/5180 613/5181
f 3231/5199 2974/5360 3250/5222
f 589/5177 591/5179 608/5182
f 3121/5174 3183/4997 3216/5162
f 4410/4829 4438/4819 285/4818
f 2448/4822 2442/4821 2449/4796
f 3116/5120 3118/5119 3189/4999
f 2621/4811 2608/4797 2649/4978
f 359/4803 345/4825 344/4817
f 4658/4815 4637/4814 307/4731
f 2401/4754 2423/4769 2419/4777
f 2736/5183 559/5115 2724/5184
f 3260/5362 2974/5360 3257/5366
f 4317/4887 2702/4948 4681/4939
f 2329/5167 2250/5168 3219/5062
f 3258/5363 3257/5366 2974/5360
f 2250/5168 2252/5170 3185/5171
f 2329/5167 3219/5062 2333/5172
f 2942/5185 2941/5098 2513/5157
f 2328/5158 2796/5155 2513/5157
f 2939/5173 582/5159 2638/5099
f 2987/5175 3000/5160 588/5176
f 588/5176 2998/5161 590/5178
f 2254/5101 2325/5121 2251/5134
f 612/5186 613/5181 592/5180
f 587/5187 590/5178 608/5182
f 4637/4814 4636/4808 4139/4824
f 3193/5188 3163/5163 2987/5175
f 2250/5168 3185/5171 3219/5062
f 3216/5162 3193/5188 3212/5189
f 3212/5189 3121/5174 3216/5162
f 2383/5368 4129/5369 3326/5364
f 2418/4757 2429/4784 2417/4782
f 2244/5083 2257/5084 2247/5055
f 2621/4811 4674/4849 2614/4812
f 3656/4827 4300/4828 3746/4801
f 2640/5059 2627/5060 2651/5086
f 3891/4733 3628/4752 3640/4734
f 147/4992 2676/5027 2656/5017
f 2383/5368 3260/5362 3257/5366
f 4130/5371 2892/4714 4129/5369
f 2693/5026 2675/5008 2622/4863
f 342/4853 3323/4826 4300/4828
f 294/4932 4681/4939 299/4941
f 3746/4801 3323/4826 3511/4813
f 39/4833 367/4837 361/4871
f 3192/5190 2936/5095 3191/5094
f 24/4980 266/4975 62/4974
f 3814/4766 3614/4764 104/4746
f 3326/5364 2892/4714 2962/4707
f 2796/5155 2328/5158 2338/5191
f 2347/5192 2333/5172 3219/5062
f 3523/4805 345/4825 359/4803
f 3185/5171 3191/5094 3220/5096
f 2332/5136 2352/5135 2364/5193
f 3922/4823 4139/4824 4368/4792
f 3191/5094 3121/5174 3192/5190
f 590/5178 587/5187 588/5176
f 2698/5194 2775/5195 2780/5196
f 2436/4765 104/4746 2708/4745
f 612/5186 607/5197 613/5181
f 3995/5367 3994/5370 2383/5368
f 608/5182 613/5181 587/5187
f 2934/5198 2943/5063 3219/5062
f 3210/5141 3212/5189 3193/5188
f 3922/4823 4368/4792 4438/4819
f 2447/4743 2461/4742 4001/4756
f 536/5140 2666/5087 2650/5125
f 2796/5155 2338/5191 2938/5061
f 3231/5199 2440/5200 3992/5201
f 2948/5202 581/5203 610/5204
f 2449/4796 2614/4812 2448/4822
f 607/5197 587/5187 613/5181
f 2773/4867 2622/4863 2675/5008
f 2853/4976 254/4896 265/4898
f 2995/5142 3210/5141 3193/5188
f 2426/4788 303/4807 2437/4794
f 3210/5141 3192/5190 3212/5189
f 2449/4796 2442/4821 2426/4788
f 2709/4820 2710/4806 285/4818
f 4541/5004 4670/4856 2700/4928
f 299/4941 61/4979 30/4933
f 3219/5062 2938/5061 2347/5192
f 65/4872 67/4966 68/4873
f 2979/5069 3022/5040 2994/5064
f 2219/4713 3260/5362 2933/4697
f 2749/5205 2762/5206 2833/5151
f 2987/5175 588/5176 2995/5142
f 270/4943 28/4852 27/4936
f 285/4818 4438/4819 4368/4792
f 3245/5207 3238/5208 3231/5199
f 357/4816 359/4803 344/4817
f 2953/5154 583/5209 2942/5185
f 4636/4808 4637/4814 4658/4815
f 611/5143 2995/5142 587/5187
f 2653/5050 2640/5059 2636/5049
f 607/5197 81/5210 587/5187
f 4652/4730 4635/4786 4661/4802
f 3192/5190 3210/5141 609/5073
f 3326/5364 3260/5362 2383/5368
f 3511/4813 3523/4805 3235/4785
f 2966/5092 2219/4713 2969/4699
f 619/5211 799/5165 615/5212
f 3784/4758 3917/4760 3628/4752
f 80/5213 615/5212 799/5165
f 2436/4765 3547/4774 3814/4766
f 2752/4960 286/4851 257/4959
f 29/4904 300/4843 34/4835
f 3018/5032 3019/5065 3141/5046
f 2614/4812 2568/4795 2692/4799
f 2621/4811 2692/4799 2686/4798
f 2852/4685 572/4686 4284/4687
f 2934/5198 2936/5095 2937/5214
f 791/5075 2936/5095 609/5073
f 2451/4809 2428/4810 2608/4797
f 587/5187 81/5210 611/5143
f 2249/5079 2255/5054 2245/5080
f 2693/5026 2648/4917 545/4916
f 799/5165 616/5088 80/5213
f 2651/5086 2616/5058 2544/5104
f 289/4842 28/4852 300/4843
f 3250/5222 2973/5361 2966/5092
f 2943/5063 583/5209 2945/5153
f 2892/4714 4130/5371 3262/5372
f 616/5088 611/5143 81/5210
f 3010/5215 3008/5031 3037/5030
f 3183/4997 3121/5174 3187/4998
f 2659/5138 2660/5124 2564/5105
f 4368/4792 4636/4808 2715/4783
f 2301/5254 2369/5256 2273/5422
f 1914/5423 3201/5424 2337/5425
f 2563/5426 2540/5427 3/5009
f 2644/5428 2540/5427 2563/5426
f 2605/5429 2563/5426 3/5009
f 2835/5430 2583/5431 2644/5428
f 2644/5428 2563/5426 2561/5432
f 2580/5433 2583/5431 2835/5430
f 2561/5432 2835/5430 2644/5428
f 2549/5434 2605/5429 2566/5435
f 2561/5432 2550/5436 2835/5430
f 2561/5432 2539/5437 2529/5438
f 244/4963 243/4921 248/4923
f 2937/5214 583/5209 2943/5063
f 2543/5439 2835/5430 2550/5436
f 2561/5432 2529/5438 2550/5436
f 2529/5438 2539/5437 2574/5440
f 2959/4996 2355/5216 2944/5217
f 616/5088 579/5074 611/5143
f 583/5209 582/5159 2942/5185
f 2989/5132 2996/5144 3124/5131
f 2539/5437 2566/5435 2574/5440
f 2566/5435 2537/5441 2517/5442
f 2535/5443 2550/5436 2529/5438
f 2574/5440 2548/5444 2529/5438
f 1884/5358 2023/5445 1977/5446
f 3317/5166 625/5218 616/5088
f 3000/5160 3124/5131 2996/5144
f 2563/5426 2605/5429 2549/5434
f 2517/5442 2574/5440 2566/5435
f 2537/5441 2558/5447 2517/5442
f 2543/5439 2535/5443 2346/5448
f 2505/5449 2510/5450 2524/5451
f 1884/5358 1870/5356 2023/5445
f 3317/5166 3247/5219 625/5218
f 1914/5423 2263/5452 1895/5453
f 2527/5454 2526/5455 2510/5450
f 578/5090 579/5074 616/5088
f 1873/5456 1899/5457 1879/5458
f 2517/5442 2519/5459 2574/5440
f 2535/5443 2356/5460 2346/5448
f 2519/5459 2535/5443 2548/5444
f 2510/5450 2505/5449 2511/5461
f 2505/5449 1911/5462 2511/5461
f 1870/5356 1978/5463 2023/5445
f 2558/5447 2506/5464 2517/5442
f 1899/5457 1908/5465 1879/5458
f 1879/5458 1876/5466 1873/5456
f 2566/5435 2539/5437 2549/5434
f 3002/5127 2979/5069 2984/5126
f 2030/5357 1870/5356 1884/5358
f 2506/5464 2558/5447 2526/5455
f 2016/5467 1891/5468 2041/5469
f 2346/5448 2356/5460 2518/5259
f 2520/5470 2535/5443 2519/5459
f 1978/5463 1870/5356 1890/5471
f 2511/5461 2370/5472 2510/5450
f 2563/5426 2549/5434 2561/5432
f 2511/5461 1911/5462 2366/5473
f 1911/5462 2291/5474 1896/5475
f 1870/5356 1883/5335 1890/5471
f 2045/5476 1888/5477 2016/5467
f 1978/5463 1880/5478 1887/5479
f 1876/5466 1887/5479 1873/5456
f 1899/5457 1873/5456 1872/5480
f 2527/5454 2510/5450 2370/5472
f 3201/5424 1914/5423 1895/5453
f 2370/5472 2507/5481 2527/5454
f 303/4807 2687/4789 2437/4794
f 2526/5455 2527/5454 2506/5464
f 2344/5482 2519/5459 2506/5464
f 2549/5434 2539/5437 2561/5432
f 2356/5460 2520/5470 2518/5259
f 2520/5470 2519/5459 2344/5482
f 2049/5342 2021/5483 1883/5335
f 2519/5459 2517/5442 2506/5464
f 1872/5480 2233/5484 2263/5452
f 1899/5457 1872/5480 2291/5474
f 1914/5423 2337/5425 2956/5485
f 1897/5486 2956/5485 1896/5475
f 2041/5469 1872/5480 1880/5478
f 2518/5259 2520/5470 2344/5482
f 2021/5483 2045/5476 2041/5469
f 2337/5425 2365/5487 2366/5473
f 2548/5444 2574/5440 2519/5459
f 2041/5469 2045/5476 2016/5467
f 2535/5443 2543/5439 2550/5436
f 2365/5487 3201/5424 2357/5488
f 2045/5476 2021/5483 2049/5342
f 4129/5369 2383/5368 4130/5371
f 1896/5475 2956/5485 2366/5473
f 1896/5475 2291/5474 1897/5486
f 2023/5445 1978/5463 1977/5446
f 2278/5261 2273/5422 2234/5489
f 1890/5471 2041/5469 1880/5478
f 2273/5422 2369/5256 1895/5453
f 2278/5261 2301/5254 2273/5422
f 1872/5480 1873/5456 1880/5478
f 2366/5473 2507/5481 2370/5472
f 1911/5462 1896/5475 2366/5473
f 2366/5473 2365/5487 2507/5481
f 2365/5487 2337/5425 3201/5424
f 2506/5464 2527/5454 2344/5482
f 1897/5486 1914/5423 2956/5485
f 1897/5486 1872/5480 2263/5452
f 1897/5486 2263/5452 1914/5423
f 2507/5481 2369/5256 2344/5482
f 2540/5427 2644/5428 2583/5431
f 2507/5481 2365/5487 2357/5488
f 3201/5424 1895/5453 2357/5488
f 1890/5471 1880/5478 1978/5463
f 1890/5471 1883/5335 2021/5483
f 2580/5433 2835/5430 2543/5439
f 2041/5469 1890/5471 2021/5483
f 2233/5484 1895/5453 2263/5452
f 2520/5470 2356/5460 2535/5443
f 2357/5488 2369/5256 2507/5481
f 2281/5490 2229/5491 2234/5489
f 1872/5480 1897/5486 2291/5474
f 2357/5488 1895/5453 2369/5256
f 2233/5484 2041/5469 1891/5468
f 2526/5455 2524/5451 2510/5450
f 1895/5453 2233/5484 2277/5492
f 2281/5490 2277/5492 1891/5468
f 2548/5444 2535/5443 2529/5438
f 1891/5468 2277/5492 2233/5484
f 1880/5478 1873/5456 1887/5479
f 2527/5454 2507/5481 2344/5482
f 1872/5480 2041/5469 2233/5484
f 2281/5490 1891/5468 2016/5467
f 2344/5482 2369/5256 2518/5259
f 2277/5492 2281/5490 2273/5422
f 2273/5422 2281/5490 2234/5489
f 2956/5485 2337/5425 2366/5473
f 2234/5489 2229/5491 2334/5493
f 1887/5479 1977/5446 1978/5463
f 3247/5219 3992/5201 2440/5200
f 2366/5473 2370/5472 2511/5461
f 2273/5422 1895/5453 2277/5492
f 2994/5064 3014/5038 3013/5070
f 789/5118 2972/5091 3122/5093
f 2431/4787 2426/4788 2437/4794
f 610/5204 580/5114 578/5090
f 580/5114 583/5209 2937/5214
f 616/5088 625/5218 4137/5089
f 3247/5219 2440/5200 3252/5220
f 2591/5036 2626/5025 2450/5024
f 2426/4788 2458/4793 2449/4796
f 2966/5092 2973/5361 2219/4713
f 2710/4806 3547/4774 2687/4789
f 539/5494 582/5159 581/5203
f 2952/5225 539/5494 581/5203
f 538/5139 582/5159 539/5494
f 582/5159 583/5209 586/5247
f 2952/5225 534/5495 539/5494
f 2657/5233 534/5495 2952/5225
f 539/5494 534/5495 538/5139
f 582/5159 586/5247 581/5203
f 538/5139 534/5495 536/5140
f 530/4865 558/5239 540/4965
f 2657/5233 2678/5237 534/5495
f 534/5495 2678/5237 537/5253
f 2678/5237 558/5239 530/4865
f 537/5253 2678/5237 530/4865
f 536/5140 534/5495 537/5253
f 549/4929 537/5253 530/4865
f 2931/4708 2672/5221 2749/5205
f 2934/5198 3220/5096 2936/5095
f 2853/4976 265/4898 183/4977
f 2614/4812 2692/4799 2621/4811
f 789/5118 610/5204 578/5090
f 18/4990 20/4945 210/4899
f 3250/5222 4137/5089 3252/5220
f 547/5117 2793/5043 565/5223
f 3122/5093 610/5204 789/5118
f 2935/4691 2921/4693 576/4712
f 806/4844 285/4818 303/4807
f 560/4967 540/4965 544/5224
f 2972/5091 4137/5089 3250/5222
f 2920/4724 2833/5151 2924/4721
f 2952/5225 581/5203 2948/5202
f 2976/5226 2951/5227 2948/5202
f 359/4803 4577/4804 3523/4805
f 2663/5228 2736/5183 2755/4694
f 2951/5227 2952/5225 2948/5202
f 2938/5061 2338/5191 2347/5192
f 3122/5093 2966/5092 2975/5229
f 2970/5145 2965/4994 2975/5229
f 2918/5230 2805/5231 2804/5232
f 2951/5227 2965/4994 2959/4996
f 3812/4770 3701/4790 3235/4785
f 2194/5275 2200/5280 2176/5496
f 2185/5289 2180/5497 2200/5280
f 2180/5497 2176/5496 2200/5280
f 2128/5498 2176/5496 2180/5497
f 2313/5499 2229/5491 2281/5490
f 2179/5347 2176/5496 2173/5322
f 2128/5498 2173/5322 2176/5496
f 2313/5499 2061/5500 2229/5491
f 2189/5501 2128/5498 2180/5497
f 2016/5467 1888/5477 2313/5499
f 2189/5501 2109/5502 2128/5498
f 1888/5477 2061/5500 2313/5499
f 2201/5503 2189/5501 2187/5286
f 2185/5289 2186/5287 2189/5501
f 2020/5504 2061/5500 1888/5477
f 2101/5505 3062/5506 2061/5500
f 2187/5286 3054/5507 2201/5503
f 2120/5326 2109/5502 2201/5503
f 2099/5508 2060/5509 2058/5510
f 2169/5511 2201/5503 3054/5507
f 2101/5505 2061/5500 2020/5504
f 2076/5512 2099/5508 2058/5510
f 3054/5507 2187/5286 2192/5513
f 2108/5514 2139/5515 2107/5346
f 3062/5506 2060/5509 3061/5516
f 2107/5346 2120/5326 2116/5517
f 2018/5518 2045/5476 2049/5342
f 2192/5513 2169/5511 3054/5507
f 2120/5326 2201/5503 2169/5511
f 2187/5286 2168/5519 2192/5513
f 2120/5326 2169/5511 2192/5513
f 3056/5520 3060/5521 3059/5522
f 3062/5506 2058/5510 2060/5509
f 2101/5505 2018/5518 2058/5510
f 2109/5502 2189/5501 2201/5503
f 3056/5520 3059/5522 2168/5519
f 2018/5518 2101/5505 2020/5504
f 2107/5346 2116/5517 3059/5522
f 2018/5518 2049/5342 2017/5523
f 2192/5513 2168/5519 2116/5517
f 2120/5326 2192/5513 2116/5517
f 2018/5518 2020/5504 2045/5476
f 3058/5524 3061/5516 2060/5509
f 3057/5525 3058/5524 2113/5526
f 3059/5522 2116/5517 2168/5519
f 2176/5496 2179/5347 2194/5275
f 2017/5523 2049/5342 2093/5341
f 3062/5506 2101/5505 2058/5510
f 2017/5523 2076/5512 2018/5518
f 3060/5521 3057/5525 2113/5526
f 3056/5520 3057/5525 3060/5521
f 2018/5518 2076/5512 2058/5510
f 2173/5322 2128/5498 2109/5502
f 2113/5526 2060/5509 2099/5508
f 2060/5509 2113/5526 3058/5524
f 2017/5523 2107/5346 2139/5515
f 2189/5501 2180/5497 2185/5289
f 2099/5508 3060/5521 2113/5526
f 2187/5286 2189/5501 2186/5287
f 2139/5515 2076/5512 2017/5523
f 2313/5499 2281/5490 2016/5467
f 2093/5341 2107/5346 2017/5523
f 2045/5476 2020/5504 1888/5477
f 2076/5512 2139/5515 2099/5508
f 2120/5326 2173/5322 2109/5502
f 2108/5514 3060/5521 2139/5515
f 2108/5514 2107/5346 3059/5522
f 3059/5522 3060/5521 2108/5514
f 2099/5508 2139/5515 3060/5521
f 3/5009 2540/5427 2541/5023
f 2546/5527 2616/5058 2541/5023
f 2551/5528 2540/5427 2583/5431
f 2551/5528 2583/5431 2580/5433
f 2546/5527 2554/5529 2616/5058
f 2546/5527 2540/5427 2551/5528
f 2580/5433 2543/5439 2579/5530
f 2551/5528 2580/5433 2579/5530
f 2551/5528 2345/5122 2554/5529
f 2348/5531 2346/5448 2514/5532
f 2348/5531 2514/5532 2353/5533
f 2562/5534 2353/5533 2514/5532
f 2562/5534 2318/5103 2353/5533
f 2354/5260 2950/5535 2562/5534
f 2544/5104 2616/5058 2554/5529
f 2950/5535 2262/5082 2562/5534
f 2317/5262 2327/5536 2262/5082
f 2267/5258 2327/5536 2317/5262
f 2551/5528 2579/5530 2348/5531
f 2261/5537 2259/5056 2327/5536
f 2339/5538 2267/5258 2367/5257
f 2551/5528 2348/5531 2345/5122
f 2327/5536 2259/5056 2262/5082
f 2304/5539 2261/5537 2327/5536
f 2339/5538 2367/5257 2278/5261
f 2579/5530 2346/5448 2348/5531
f 2304/5539 2310/5540 2261/5537
f 3132/5541 3112/5302 3128/5542
f 2339/5538 2278/5261 2304/5539
f 2310/5540 2286/5543 2319/5020
f 2310/5540 2304/5539 2288/5544
f 2310/5540 2319/5020 2308/5100
f 2543/5439 2346/5448 2579/5530
f 2261/5537 2308/5100 2259/5056
f 2294/5545 3066/5318 3106/5546
f 2282/5547 2304/5539 2278/5261
f 2240/5548 2288/5544 2282/5547
f 2237/5549 3017/5021 2319/5020
f 2544/5104 2554/5529 2345/5122
f 2353/5533 2318/5103 2364/5193
f 2310/5540 2239/5550 2274/5551
f 2345/5122 2348/5531 2353/5533
f 2950/5535 2354/5260 2317/5262
f 3128/5542 3105/5047 3129/5552
f 2310/5540 2274/5551 2286/5543
f 2262/5082 2318/5103 2562/5534
f 2289/5553 2240/5548 2282/5547
f 2237/5549 2286/5543 2241/5554
f 2286/5543 2237/5549 2319/5020
f 2239/5550 2264/5555 2274/5551
f 2282/5547 2288/5544 2304/5539
f 2518/5259 2514/5532 2346/5448
f 2264/5555 2240/5548 2289/5553
f 2546/5527 2541/5023 2540/5427
f 3021/5317 3096/5013 3033/5029
f 2264/5555 2239/5550 2288/5544
f 2237/5549 3115/5556 3114/5044
f 2274/5551 2264/5555 2241/5554
f 3027/5012 3033/5029 3096/5013
f 2514/5532 2354/5260 2562/5534
f 3114/5044 3129/5552 3105/5047
f 2310/5540 2308/5100 2261/5537
f 2241/5554 2286/5543 2274/5551
f 3105/5047 3128/5542 3097/5033
f 2364/5193 2345/5122 2353/5533
f 2241/5554 3115/5556 2237/5549
f 3097/5033 3021/5317 3033/5029
f 2288/5544 2240/5548 2264/5555
f 3115/5556 3129/5552 3114/5044
f 2241/5554 3106/5546 3115/5556
f 2264/5555 2294/5545 2241/5554
f 2339/5538 2304/5539 2327/5536
f 3128/5542 3129/5552 3132/5541
f 2282/5547 2278/5261 2289/5553
f 3152/5281 3066/5318 2238/5557
f 2551/5528 2554/5529 2546/5527
f 2288/5544 2239/5550 2310/5540
f 2289/5553 2238/5557 2294/5545
f 2518/5259 2354/5260 2514/5532
f 3129/5552 3106/5546 3132/5541
f 3128/5542 3112/5302 3021/5317
f 2294/5545 2264/5555 2289/5553
f 3114/5044 3017/5021 2237/5549
f 2267/5258 2339/5538 2327/5536
f 3021/5317 3097/5033 3128/5542
f 3129/5552 3115/5556 3106/5546
f 3066/5318 2294/5545 2238/5557
f 2317/5262 2262/5082 2950/5535
f 3132/5541 3066/5318 3112/5302
f 3106/5546 3066/5318 3132/5541
f 2241/5554 2294/5545 3106/5546
f 2657/5233 2951/5227 2959/4996
f 4192/4710 2911/4711 2842/4696
f 2931/4708 2922/4692 2919/4709
f 2966/5092 2969/4699 2970/5145
f 2964/4995 2355/5216 2959/4996
f 3750/4925 4761/4877 3914/4848
f 243/4921 244/4963 245/4874
f 2947/5146 2355/5216 2964/4995
f 2893/4705 3244/4706 2962/4707
f 4652/4730 4661/4802 307/4731
f 1989/5353 1996/5558 2381/5354
f 3746/4801 3701/4790 4635/4786
f 2923/4719 2969/4699 2929/4698
f 3748/4771 3235/4785 3753/4893
f 3701/4790 3746/4801 3235/4785
f 2944/5217 2665/5234 2657/5233
f 2666/5087 533/5051 2636/5049
f 3547/4774 2430/4778 3911/4776
f 4117/4700 3256/4703 3324/4704
f 210/4899 19/4944 266/4975
f 1996/5558 2003/5559 1912/5560
f 2291/5474 1904/5561 1899/5457
f 2291/5474 1911/5462 1982/5562
f 2949/5235 2944/5217 2355/5216
f 1908/5465 1904/5561 4777/5563
f 2778/5236 2665/5234 2944/5217
f 2013/5564 2000/5565 2002/5566
f 2665/5234 2678/5237 2657/5233
f 2401/4754 2721/4750 3736/4800
f 2003/5559 1911/5462 2505/5449
f 1899/5457 1904/5561 1908/5465
f 2291/5474 1982/5562 1904/5561
f 2949/5235 2947/5146 2923/4719
f 2833/5151 2931/4708 2749/5205
f 2003/5559 2013/5564 2005/5567
f 4660/4761 3812/4770 4168/4763
f 2959/4996 2944/5217 2657/5233
f 2608/4797 2686/4798 2692/4799
f 2004/5568 1982/5562 2005/5567
f 2013/5564 1996/5558 2000/5565
f 2005/5567 1911/5462 2003/5559
f 1982/5562 2004/5568 1985/5569
f 2003/5559 1996/5558 2013/5564
f 2004/5568 2013/5564 2002/5566
f 1912/5560 2381/5354 1996/5558
f 4777/5563 1904/5561 1982/5562
f 4117/4700 2848/4701 2885/4702
f 2004/5568 2005/5567 2013/5564
f 2002/5566 1985/5569 2004/5568
f 1985/5569 4777/5563 1982/5562
f 2933/4697 2929/4698 2969/4699
f 2568/4795 2449/4796 2458/4793
f 1982/5562 1911/5462 2005/5567
f 2665/5234 2778/5236 2667/5238
f 3165/5053 2245/5080 2255/5054
f 3252/5220 625/5218 3247/5219
f 3020/5113 3460/5112 2978/5071
f 2431/4787 2437/4794 2687/4789
f 2426/4788 2431/4787 2417/4782
f 2665/5234 558/5239 2678/5237
f 2429/4784 2418/4757 2456/4755
f 2739/4695 2949/5235 2923/4719
f 3317/5166 799/5165 619/5211
f 2426/4788 2432/4779 2458/4793
f 2585/5123 2564/5105 2544/5104
f 2949/5235 2661/5240 2667/5238
f 3911/4776 2420/4775 2423/4769
f 2739/4695 2786/5164 2949/5235
f 2804/5232 2775/5195 2790/5042
f 68/4873 14/4985 245/4874
f 2661/5240 2668/5241 2667/5238
f 2786/5164 2785/5242 2661/5240
f 2793/5043 2790/5042 2776/5243
f 2661/5240 2785/5242 2668/5241
f 4478/4924 4558/4930 2463/4954
f 2715/4783 2713/4791 4368/4792
f 2786/5164 2755/4694 2785/5242
f 4635/4786 3701/4790 3812/4770
f 2782/5244 2668/5241 2785/5242
f 2965/4994 2976/5226 2975/5229
f 2963/4690 2923/4719 2929/4698
f 33/4841 302/4957 286/4851
f 2726/5245 2668/5241 2782/5244
f 2804/5232 2790/5042 2919/4709
f 3028/5111 2978/5071 3460/5112
f 2672/5221 2931/4708 2919/4709
f 2924/4721 2833/5151 2663/5228
f 3185/5171 3121/5174 3191/5094
f 2432/4779 2479/4767 2468/5570
f 2505/5449 1920/5571 2003/5559
f 2460/5572 2432/4779 2468/5570
f 2531/5573 2505/5449 2524/5451
f 2499/4882 2464/5574 2481/4881
f 2392/5575 2499/4882 2576/4951
f 2443/4988 2481/4881 2464/5574
f 2458/4793 2432/4779 2460/5572
f 2531/5573 2524/5451 2509/5576
f 2392/5575 2464/5574 2499/4882
f 2480/5577 2460/5572 2443/4988
f 2400/5578 2443/4988 2464/5574
f 1920/5571 2509/5576 2491/5579
f 2503/5580 2509/5576 2524/5451
f 2460/5572 2470/5581 2458/4793
f 2400/5578 2464/5574 2488/5582
f 2384/5583 2385/5584 2392/5575
f 2488/5582 2464/5574 2392/5575
f 2460/5572 2480/5577 2470/5581
f 2443/4988 2400/5578 2480/5577
f 2501/5585 2385/5584 2491/5579
f 2503/5580 2526/5455 2558/5447
f 2509/5576 2503/5580 2495/5586
f 2491/5579 2384/5583 1920/5571
f 2488/5582 2392/5575 2385/5584
f 2488/5582 2386/5587 2400/5578
f 2484/5588 2470/5581 2480/5577
f 2484/5588 2568/4795 2470/5581
f 2501/5585 2491/5579 2495/5586
f 2503/5580 2558/5447 2495/5586
f 2484/5588 2386/5587 2462/5589
f 2491/5579 2385/5584 2384/5583
f 2454/5590 2428/4810 2451/4809
f 2496/5591 2495/5586 2492/5592
f 2495/5586 2537/5441 2492/5592
f 1920/5571 2392/5575 2576/4951
f 2451/4809 2469/5593 2454/5590
f 2522/5594 2486/5595 2389/5596
f 2568/4795 2458/4793 2470/5581
f 2504/5597 2386/5587 2389/5596
f 2428/4810 2454/5590 2375/5001
f 2737/5598 2575/5599 2604/5600
f 2469/5593 2484/5588 2462/5589
f 2503/5580 2524/5451 2526/5455
f 2783/5601 2737/5598 2602/5602
f 2568/4795 2484/5588 2451/4809
f 1912/5560 2003/5559 1920/5571
f 2604/5600 2602/5602 2737/5598
f 2492/5592 2486/5595 2496/5591
f 2375/5001 2454/5590 2374/5603
f 2783/5601 2504/5597 2389/5596
f 2495/5586 2558/5447 2537/5441
f 2462/5589 2386/5587 2504/5597
f 2602/5602 2469/5593 2462/5589
f 1912/5560 1920/5571 2576/4951
f 2605/5429 2581/5604 2566/5435
f 2377/5002 2604/5600 4/5010
f 2374/5603 2602/5602 2604/5600
f 2566/5435 2581/5604 2537/5441
f 2443/4988 2468/5570 2479/4767
f 2385/5584 2501/5585 2496/5591
f 2737/5598 2581/5604 2605/5429
f 2484/5588 2469/5593 2451/4809
f 2496/5591 2486/5595 2522/5594
f 2486/5595 2737/5598 2783/5601
f 1912/5560 2576/4951 2381/5354
f 2575/5599 2737/5598 2605/5429
f 2480/5577 2386/5587 2484/5588
f 2602/5602 2374/5603 2469/5593
f 2389/5596 2486/5595 2783/5601
f 2522/5594 2389/5596 2385/5584
f 2454/5590 2469/5593 2374/5603
f 2384/5583 2392/5575 1920/5571
f 2486/5595 2581/5604 2737/5598
f 2386/5587 2488/5582 2385/5584
f 2505/5449 2531/5573 1920/5571
f 3/5009 4/5010 2575/5599
f 2389/5596 2386/5587 2385/5584
f 2374/5603 2604/5600 2377/5002
f 2375/5001 2374/5603 2377/5002
f 2509/5576 1920/5571 2531/5573
f 2491/5579 2509/5576 2495/5586
f 3/5009 2575/5599 2605/5429
f 2443/4988 2460/5572 2468/5570
f 2602/5602 2462/5589 2504/5597
f 2522/5594 2385/5584 2496/5591
f 2581/5604 2492/5592 2537/5441
f 2400/5578 2386/5587 2480/5577
f 2602/5602 2504/5597 2783/5601
f 2581/5604 2486/5595 2492/5592
f 2496/5591 2501/5585 2495/5586
f 4/5010 2604/5600 2575/5599
f 2715/4783 4658/4815 3614/4764
f 4636/4808 4658/4815 2715/4783
f 4658/4815 3930/4762 3614/4764
f 4661/4802 4635/4786 4660/4761
f 4661/4802 4660/4761 3930/4762
f 3930/4762 4658/4815 4661/4802
f 256/4949 259/4952 261/4971
f 2431/4787 2687/4789 3911/4776
f 2736/5183 2785/5242 2755/4694
f 2924/4721 2663/5228 2755/4694
f 2429/4784 2426/4788 2417/4782
f 3013/5070 3007/5169 3020/5113
f 2434/4781 2417/4782 2431/4787
f 244/4963 63/4989 245/4874
f 2937/5214 791/5075 580/5114
f 4660/4761 4635/4786 3812/4770
f 2246/5077 3140/5076 2254/5101
f 2724/5184 2726/5245 2782/5244
f 66/4884 67/4966 65/4872
f 547/5117 542/4922 14/4985
f 2726/5245 544/5224 558/5239
f 2755/4694 2739/4695 2842/4696
f 2347/5192 2338/5191 2333/5172
f 2726/5245 2724/5184 544/5224
f 3235/4785 3748/4771 3812/4770
f 3210/5141 611/5143 609/5073
f 2943/5063 2945/5153 2938/5061
f 294/4932 29/4904 292/4964
f 4443/4958 62/4974 266/4975
f 246/4935 419/4956 26/4969
f 2919/4709 2790/5042 2672/5221
f 2935/4691 2922/4692 2921/4693
f 2424/4753 2708/4745 2721/4750
f 291/4947 4207/4938 294/4932
f 2827/5041 2749/5205 2672/5221
f 2782/5244 2736/5183 2724/5184
f 4137/5089 789/5118 578/5090
f 551/5246 544/5224 2724/5184
f 2713/4791 2709/4820 4368/4792
f 2713/4791 3685/4773 2709/4820
f 2710/4806 2709/4820 3685/4773
f 3685/4773 3547/4774 2710/4806
f 3611/5387 3670/5291 3609/5290
f 3563/5405 3556/5605 3643/5606
f 3605/5316 3670/5291 3556/5605
f 3563/5405 3579/5319 3556/5605
f 3563/5405 3643/5606 3678/5414
f 3605/5316 3556/5605 3579/5319
f 3611/5387 3556/5605 3670/5291
f 3678/5414 3643/5606 3687/5389
f 3611/5387 3557/5386 3687/5389
f 3687/5389 3643/5606 3611/5387
f 3611/5387 3643/5606 3556/5605
f 3152/5281 2238/5557 2236/5607
f 2334/5493 2236/5607 2289/5553
f 2334/5493 2278/5261 2234/5489
f 2305/5608 2334/5493 2229/5491
f 2061/5500 2305/5608 2229/5491
f 3075/5305 3073/5307 3074/5609
f 3078/5297 3098/5610 3082/5611
f 3074/5609 3073/5307 3082/5611
f 2334/5493 2305/5608 2236/5607
f 2112/5612 2193/5301 3053/5313
f 3197/5613 3152/5281 3164/5614
f 2236/5607 2305/5608 3164/5614
f 3062/5506 2305/5608 2061/5500
f 2305/5608 3062/5506 3164/5614
f 2289/5553 2278/5261 2334/5493
f 2193/5301 2112/5612 3056/5520
f 3075/5305 2112/5612 3053/5313
f 2238/5557 2289/5553 2236/5607
f 3057/5525 3081/5615 3058/5524
f 2168/5519 2187/5286 2193/5301
f 3062/5506 3197/5613 3164/5614
f 3098/5610 3081/5615 3082/5611
f 3056/5520 2168/5519 2193/5301
f 3082/5611 3081/5615 3057/5525
f 3082/5611 3057/5525 3074/5609
f 3082/5611 3073/5307 3078/5297
f 3152/5281 2236/5607 3164/5614
f 2112/5612 3057/5525 3056/5520
f 3061/5516 3197/5613 3062/5506
f 3098/5610 3078/5297 3063/5282
f 2112/5612 3075/5305 3074/5609
f 3074/5609 3057/5525 2112/5612
f 3058/5524 3098/5610 3061/5516
f 3058/5524 3081/5615 3098/5610
f 3063/5282 3152/5281 3197/5613
f 3098/5610 3063/5282 3061/5516
f 3197/5613 3061/5516 3063/5282
f 2434/4781 2405/4780 2417/4782
f 2456/4755 2432/4779 2429/4784
f 3547/4774 2436/4765 2430/4778
f 2419/4777 3911/4776 2430/4778
f 551/5246 560/4967 544/5224
f 14/4985 542/4922 243/4921
f 2790/5042 2827/5041 2672/5221
f 2736/5183 2663/5228 2762/5206
f 2749/5205 2827/5041 2762/5206
f 2722/4749 2434/4781 3736/4800
f 3192/5190 3121/5174 3212/5189
f 560/4967 551/5246 68/4873
f 2762/5206 2803/5116 2736/5183
f 4139/4824 4636/4808 4368/4792
f 551/5246 559/5115 68/4873
f 2939/5173 2942/5185 582/5159
f 2780/5196 2775/5195 2805/5231
f 586/5247 583/5209 610/5204
f 610/5204 581/5203 586/5247
f 3018/5032 3033/5029 3127/5039
f 3814/4766 2715/4783 3614/4764
f 2918/5230 2919/4709 2889/4726
f 3812/4770 3748/4771 3810/4759
f 2803/5116 2762/5206 2793/5043
f 2805/5231 2777/5248 2780/5196
f 2775/5195 2698/5194 2776/5243
f 2567/5150 2328/5158 2513/5157
f 2803/5116 2793/5043 547/5117
f 282/4897 419/4956 246/4935
f 364/4934 291/4947 292/4964
f 26/4969 27/4936 28/4852
f 2401/4754 2430/4778 2424/4753
f 3025/5018 3007/5169 3014/5038
f 2338/5191 2960/5156 2333/5172
f 2418/4757 2417/4782 2405/4780
f 2777/5248 2698/5194 2780/5196
f 3141/5046 3016/5045 3105/5047
f 2405/4780 2434/4781 4001/4756
f 2432/4779 2456/4755 2479/4767
f 81/5210 607/5197 80/5213
f 2397/4739 2396/4738 2376/4740
f 2419/4777 2430/4778 2401/4754
f 542/4922 547/5117 565/5223
f 2420/4775 3911/4776 2419/4777
f 2463/4954 4558/4930 2730/4855
f 2328/5158 2960/5156 2338/5191
f 2405/4780 4001/4756 2418/4757
f 3685/4773 3814/4766 3547/4774
f 2953/5154 2942/5185 2796/5155
f 3118/5119 3140/5076 3015/5066
f 3784/4758 4168/4763 3812/4770
f 3748/4771 3570/4772 3810/4759
f 2376/4740 2418/4757 2461/4742
f 3812/4770 3810/4759 3784/4758
f 2447/4743 4001/4756 2722/4749
f 248/4923 2772/4946 244/4963
f 2970/5145 2947/5146 2964/4995
f 3002/5127 3195/5616 3163/5163
f 2987/5175 3163/5163 3195/5616
f 3183/4997 3160/5617 3163/5163
f 3195/5616 3002/5127 3124/5131
f 3163/5163 3160/5617 3002/5127
f 3195/5616 3124/5131 2987/5175
f 3189/4999 3160/5617 3183/4997
f 3002/5127 3160/5617 3189/4999
f 4674/4849 2733/4850 2688/4875
f 2966/5092 2972/5091 3250/5222
f 580/5114 610/5204 583/5209
f 2433/4768 2423/4769 2401/4754
f 2648/4917 2676/5027 533/5051
f 299/4941 261/4971 61/4979
f 2467/4748 2479/4767 2456/4755
f 2436/4765 2708/4745 2424/4753
f 104/4746 2436/4765 3814/4766
f 2706/4901 2611/4858 2684/4876
f 258/4953 2463/4954 2765/4857
f 2429/4784 2432/4779 2426/4788
f 2413/4962 2447/4743 2721/4750
f 3614/4764 3891/4733 104/4746
f 2636/5049 2640/5059 2946/5085
f 2976/5226 2965/4994 2951/5227
f 3784/4758 3628/4752 4168/4763
f 3010/5215 3460/5112 3008/5031
f 257/4959 267/4889 2753/4888
f 2627/5060 2677/5037 2626/5025
f 147/4992 2656/5017 2630/4993
f 4168/4763 3628/4752 4651/4751
f 4660/4761 4651/4751 3930/4762
f 357/4816 344/4817 343/5348
f 3784/4758 3810/4759 3917/4760
f 3018/5032 2980/5052 3019/5065
f 3814/4766 3685/4773 2713/4791
f 4001/4756 2461/4742 2418/4757
f 2456/4755 2376/4740 2445/4737
f 1201/4942 1203/5003 2675/5008
f 286/4851 302/4957 257/4959
f 561/5249 253/4986 548/5250
f 2467/4748 2456/4755 2445/4737
f 3007/5169 3025/5018 3034/5019
f 2424/4753 2721/4750 2401/4754
f 2756/5251 565/5223 2776/5243
f 2686/4798 2608/4797 2621/4811
f 2651/5086 2591/5036 2616/5058
f 2688/4875 2683/4830 4674/4849
f 3891/4733 3504/4744 104/4746
f 39/4833 319/5349 358/4834
f 319/5349 352/5350 353/5351
f 4651/4751 3628/4752 3891/4733
f 183/4977 2752/4960 4555/4910
f 18/4990 63/4989 16/4981
f 542/4922 565/5223 548/5250
f 2937/5214 2936/5095 791/5075
f 253/4986 248/4923 542/4922
f 2398/4741 2376/4740 2461/4742
f 2635/5016 2649/4978 2619/5005
f 358/4834 319/5349 344/4817
f 319/5349 39/4833 362/4907
f 3019/5065 2990/5067 3118/5119
f 2376/4740 2396/4738 2445/4737
f 547/5117 14/4985 68/4873
f 2447/4743 2722/4749 2721/4750
f 4284/4687 577/4720 3319/4722
f 319/5349 353/5351 343/5348
f 2445/4737 2412/4736 2467/4748
f 2708/4745 104/4746 3217/4747
f 548/5250 253/4986 542/4922
f 3252/5220 4137/5089 625/5218
f 4138/4718 2929/4698 2933/4697
f 2793/5043 2776/5243 565/5223
f 2434/4781 2433/4768 3736/4800
f 3324/4704 3256/4703 2890/4688
f 2753/4888 15/4890 17/4909
f 344/4817 319/5349 343/5348
f 362/4907 1320/4908 352/5350
f 3254/4717 3332/4716 4155/4728
f 80/5213 616/5088 81/5210
f 2842/4696 2911/4711 2831/4723
f 3219/5062 3220/5096 2934/5198
f 565/5223 2756/5251 548/5250
f 352/5350 319/5349 362/4907
f 2377/5002 2620/5007 2453/5000
f 305/4879 4852/4862 309/4902
f 3024/5028 3022/5040 3033/5029
f 4136/4735 3504/4744 3891/4733
f 2428/4810 2649/4978 2608/4797
f 560/4967 550/4866 540/4965
f 580/5114 791/5075 579/5074
f 309/4902 4852/4862 4761/4877
f 286/4851 23/4968 28/4852
f 2649/4978 2428/4810 2619/5005
f 2325/5121 3187/4998 2252/5170
f 62/4974 4443/4958 31/4984
f 2953/5154 2945/5153 583/5209
f 2567/5150 2771/5137 2332/5136
f 267/4889 4443/4958 266/4975
f 3019/5065 3118/5119 3015/5066
f 2461/4742 2447/4743 2398/4741
f 2397/4739 2376/4740 2398/4741
f 2412/4736 2445/4737 2396/4738
f 3122/5093 2975/5229 2976/5226
f 2447/4743 2413/4962 2397/4739
f 282/4897 283/4961 419/4956
f 3891/4733 3640/4734 4136/4735
f 2649/4978 2622/4863 2621/4811
f 367/4837 333/4839 34/4835
f 31/4984 29/4904 30/4933
f 27/4936 25/4955 214/4937
f 4136/4735 3640/4734 118/4973
f 608/5182 590/5178 589/5177
f 284/4919 178/4920 214/4937
f 2975/5229 2966/5092 2970/5145
f 333/4839 360/4838 364/4934
f 26/4969 419/4956 27/4936
f 2936/5095 3192/5190 609/5073
f 3504/4744 4136/4735 118/4973
f 2463/4954 259/4952 256/4949
f 607/5197 612/5186 615/5212
f 551/5246 2724/5184 559/5115
f 29/4904 302/4957 33/4841
f 3/5009 2565/5015 2647/5006
f 2436/4765 2424/4753 2430/4778
