# https://github.com/mikedh/trimesh
v -0.02149681 0.00779456 -0.02562196 0.54509804 0.71372549 0.60000000
v -0.04655605 0.00779456 -0.02547638 0.54509804 0.71372549 0.60000000
v -0.04749183 0.01972116 -0.02498925 0.54509804 0.71372549 0.60000000
v 0.03748696 0.02072159 -0.02531400 0.54509804 0.71372549 0.60000000
v 0.03548734 0.01472415 -0.02549317 0.54509804 0.71372549 0.60000000
v 0.03548734 0.01372372 -0.02550438 0.54509804 0.71372549 0.60000000
v 0.01849553 0.00779456 -0.02556596 0.54509804 0.71372549 0.60000000
v -0.04753123 0.00779456 -0.02546518 0.54509804 0.71372549 0.60000000
v -0.04815180 0.00779456 -0.02540359 0.54509804 0.71372549 0.60000000
v -0.04848671 0.01672159 -0.02489406 0.54509804 0.71372549 0.60000000
v -0.04848671 0.01872074 -0.02476528 0.54509804 0.71372549 0.60000000
v -0.04848671 0.01972116 -0.02469809 0.54509804 0.71372549 0.60000000
v -0.04749183 0.02072159 -0.02489406 0.54509804 0.71372549 0.60000000
v -0.04648710 0.02172031 -0.02484927 0.54509804 0.71372549 0.60000000
v -0.03749375 0.02272074 -0.02483247 0.54509804 0.71372549 0.60000000
v 0.03748696 0.02172031 -0.02523001 0.54509804 0.71372549 0.60000000
v 0.04049131 0.02172031 -0.02516842 0.54509804 0.71372549 0.60000000
v 0.03849169 0.02072159 -0.02529160 0.54509804 0.71372549 0.60000000
v 0.04007760 0.01927900 -0.02535880 0.54509804 0.71372549 0.60000000
v 0.03988059 0.01927900 -0.02535880 0.54509804 0.71372549 0.60000000
v 0.04348581 0.01272329 -0.02543159 0.54509804 0.71372549 0.60000000
v 0.04249093 0.01272329 -0.02544279 0.54509804 0.71372549 0.60000000
v 0.04249093 0.01172457 -0.02545398 0.54509804 0.71372549 0.60000000
v 0.03548734 0.00779456 -0.02553237 0.54509804 0.71372549 0.60000000
v -0.04819120 0.00779456 -0.02539239 0.54509804 0.71372549 0.60000000
v -0.04865417 0.00779456 -0.02521882 0.54509804 0.71372549 0.60000000
v -0.04916639 0.01672159 -0.02455810 0.54509804 0.71372549 0.60000000
v -0.04899893 0.02028284 -0.02436213 0.54509804 0.71372549 0.60000000
v -0.04854581 0.02065842 -0.02456370 0.54509804 0.71372549 0.60000000
v -0.04829956 0.02172031 -0.02454690 0.54509804 0.71372549 0.60000000
v -0.04749183 0.02172031 -0.02478767 0.54509804 0.71372549 0.60000000
v -0.04648710 0.02272074 -0.02473168 0.54509804 0.71372549 0.60000000
v -0.03749375 0.02358459 -0.02456930 0.54509804 0.71372549 0.60000000
v -0.02049208 0.02372117 -0.02459730 0.54509804 0.71372549 0.60000000
v 0.03548734 0.02272074 -0.02512923 0.54509804 0.71372549 0.60000000
v 0.03649208 0.02272074 -0.02512363 0.54509804 0.71372549 0.60000000
v 0.03748696 0.02272074 -0.02511803 0.54509804 0.71372549 0.60000000
v 0.04049131 0.02272074 -0.02503964 0.54509804 0.71372549 0.60000000
v 0.04148619 0.02272074 -0.02500605 0.54509804 0.71372549 0.60000000
v 0.04249093 0.02272074 -0.02496685 0.54509804 0.71372549 0.60000000
v 0.04148619 0.02172031 -0.02511803 0.54509804 0.71372549 0.60000000
v 0.04049131 0.02072159 -0.02524681 0.54509804 0.71372549 0.60000000
v 0.04449055 0.01872074 -0.02517962 0.54509804 0.71372549 0.60000000
v 0.04448069 0.01477195 -0.02533640 0.54509804 0.71372549 0.60000000
v 0.04414578 0.01446977 -0.02535880 0.54509804 0.71372549 0.60000000
v 0.04348581 0.01372372 -0.02540359 0.54509804 0.71372549 0.60000000
v 0.04433294 0.01372372 -0.02536999 0.54509804 0.71372549 0.60000000
v 0.04483531 0.01372372 -0.02534760 0.54509804 0.71372549 0.60000000
v 0.04548543 0.00972371 -0.02540919 0.54509804 0.71372549 0.60000000
v 0.04348581 0.01172457 -0.02544279 0.54509804 0.71372549 0.60000000
v 0.04449055 0.00872499 -0.02543159 0.54509804 0.71372549 0.60000000
v 0.04449055 0.00779456 -0.02543159 0.54509804 0.71372549 0.60000000
v -0.04870342 0.00779456 -0.02518522 0.54509804 0.71372549 0.60000000
v -0.04920579 0.01572287 -0.02456930 0.54509804 0.71372549 0.60000000
v -0.04957025 0.01572287 -0.02385260 0.54509804 0.71372549 0.60000000
v -0.04951115 0.01672159 -0.02385260 0.54509804 0.71372549 0.60000000
v -0.04921564 0.01972116 -0.02385260 0.54509804 0.71372549 0.60000000
v -0.04909743 0.02065842 -0.02386940 0.54509804 0.71372549 0.60000000
v -0.04904818 0.02145569 -0.02355024 0.54509804 0.71372549 0.60000000
v -0.04891028 0.02094865 -0.02421655 0.54509804 0.71372549 0.60000000
v -0.04814195 0.02253807 -0.02445732 0.54509804 0.71372549 0.60000000
v -0.04758048 0.02281122 -0.02455810 0.54509804 0.71372549 0.60000000
v -0.04730467 0.02337119 -0.02444612 0.54509804 0.71372549 0.60000000
v -0.04648710 0.02343948 -0.02449091 0.54509804 0.71372549 0.60000000
v -0.04349260 0.02352825 -0.02450211 0.54509804 0.71372549 0.60000000
v -0.02049208 0.02426748 -0.02439573 0.54509804 0.71372549 0.60000000
v 0.03748696 0.02372117 -0.02481007 0.54509804 0.71372549 0.60000000
v 0.03849169 0.02372117 -0.02479327 0.54509804 0.71372549 0.60000000
v 0.04049131 0.02372117 -0.02475967 0.54509804 0.71372549 0.60000000
v 0.04249093 0.02372117 -0.02469249 0.54509804 0.71372549 0.60000000
v 0.04348581 0.02272074 -0.02489966 0.54509804 0.71372549 0.60000000
v 0.04348581 0.02172031 -0.02501164 0.54509804 0.71372549 0.60000000
v 0.04449055 0.01972116 -0.02511243 0.54509804 0.71372549 0.60000000
v 0.04548543 0.01872074 -0.02510683 0.54509804 0.71372549 0.60000000
v 0.04548543 0.01572287 -0.02524121 0.54509804 0.71372549 0.60000000
v 0.04548543 0.01472415 -0.02528040 0.54509804 0.71372549 0.60000000
v 0.04548543 0.01372372 -0.02530840 0.54509804 0.71372549 0.60000000
v 0.04608630 0.01041514 -0.02536439 0.54509804 0.71372549 0.60000000
v 0.04548543 0.00872499 -0.02540919 0.54509804 0.71372549 0.60000000
v 0.04617495 0.00972371 -0.02537559 0.54509804 0.71372549 0.60000000
v 0.04548543 0.00779456 -0.02539799 0.54509804 0.71372549 0.60000000
v -0.04928459 0.00779456 -0.02472048 0.54509804 0.71372549 0.60000000
v -0.04922549 0.01472415 -0.02458610 0.54509804 0.71372549 0.60000000
v -0.04970815 0.00779456 -0.02385260 0.54509804 0.71372549 0.60000000
v -0.04972786 0.00779456 -0.02377981 0.54509804 0.71372549 0.60000000
v -0.04991501 0.00779456 -0.02303511 0.54509804 0.71372549 0.60000000
v -0.05003322 0.00779456 -0.02253678 0.54509804 0.71372549 0.60000000
v -0.04974756 0.01572287 -0.02285033 0.54509804 0.71372549 0.60000000
v -0.04971800 0.01672159 -0.02285033 0.54509804 0.71372549 0.60000000
v -0.04963920 0.01772202 -0.02285033 0.54509804 0.71372549 0.60000000
v -0.04946190 0.01972116 -0.02285033 0.54509804 0.71372549 0.60000000
v -0.04931414 0.02072159 -0.02285033 0.54509804 0.71372549 0.60000000
v -0.04910728 0.02176129 -0.02286153 0.54509804 0.71372549 0.60000000
v -0.04895953 0.02212321 -0.02320309 0.54509804 0.71372549 0.60000000
v -0.04882163 0.02176129 -0.02386940 0.54509804 0.71372549 0.60000000
v -0.04797450 0.02320559 -0.02434533 0.54509804 0.71372549 0.60000000
v -0.04748198 0.02373824 -0.02384700 0.54509804 0.71372549 0.60000000
v -0.04698946 0.02422138 -0.02335427 0.54509804 0.71372549 0.60000000
v -0.04648710 0.02393969 -0.02389180 0.54509804 0.71372549 0.60000000
v -0.04349260 0.02402847 -0.02413816 0.54509804 0.71372549 0.60000000
v -0.04349260 0.02434089 -0.02363423 0.54509804 0.71372549 0.60000000
v -0.01949719 0.02453892 -0.02385260 0.54509804 0.71372549 0.60000000
v 0.04049131 0.02466184 -0.02385260 0.54509804 0.71372549 0.60000000
v 0.04049131 0.02432894 -0.02445732 0.54509804 0.71372549 0.60000000
v 0.04249093 0.02428455 -0.02441253 0.54509804 0.71372549 0.60000000
v 0.04348581 0.02424870 -0.02437893 0.54509804 0.71372549 0.60000000
v 0.04402758 0.02422821 -0.02435653 0.54509804 0.71372549 0.60000000
v 0.04348581 0.02372117 -0.02461969 0.54509804 0.71372549 0.60000000
v 0.04449055 0.02272074 -0.02478767 0.54509804 0.71372549 0.60000000
v 0.04449055 0.02172031 -0.02492206 0.54509804 0.71372549 0.60000000
v 0.04548543 0.01972116 -0.02503404 0.54509804 0.71372549 0.60000000
v 0.04848978 0.01672159 -0.02489406 0.54509804 0.71372549 0.60000000
v 0.04649016 0.01572287 -0.02515162 0.54509804 0.71372549 0.60000000
v 0.04649016 0.01472415 -0.02519641 0.54509804 0.71372549 0.60000000
v 0.04615525 0.00872499 -0.02536999 0.54509804 0.71372549 0.60000000
v 0.04667732 0.00972371 -0.02531960 0.54509804 0.71372549 0.60000000
v 0.04602719 0.00779456 -0.02536439 0.54509804 0.71372549 0.60000000
v -0.05011202 0.00779456 -0.02178088 0.54509804 0.71372549 0.60000000
v -0.04980666 0.01672159 -0.02185367 0.54509804 0.71372549 0.60000000
v -0.04976726 0.01772202 -0.02185367 0.54509804 0.71372549 0.60000000
v -0.04968845 0.01872074 -0.02185367 0.54509804 0.71372549 0.60000000
v -0.04957025 0.01972116 -0.02185367 0.54509804 0.71372549 0.60000000
v -0.04943234 0.02072159 -0.02185367 0.54509804 0.71372549 0.60000000
v -0.04924519 0.02172031 -0.02185367 0.54509804 0.71372549 0.60000000
v -0.04901863 0.02235198 -0.02253678 0.54509804 0.71372549 0.60000000
v -0.04885118 0.02269855 -0.02286153 0.54509804 0.71372549 0.60000000
v -0.04836851 0.02281122 -0.02394779 0.54509804 0.71372549 0.60000000
v -0.04817150 0.02343777 -0.02367902 0.54509804 0.71372549 0.60000000
v -0.04771839 0.02412919 -0.02285033 0.54509804 0.71372549 0.60000000
v -0.04795479 0.02421285 -0.02229041 0.54509804 0.71372549 0.60000000
v -0.04721602 0.02426235 -0.02285033 0.54509804 0.71372549 0.60000000
v -0.04648710 0.02449795 -0.02185367 0.54509804 0.71372549 0.60000000
v -0.04648710 0.02434430 -0.02285033 0.54509804 0.71372549 0.60000000
v -0.04448748 0.02447576 -0.02285033 0.54509804 0.71372549 0.60000000
v -0.04349260 0.02452356 -0.02285033 0.54509804 0.71372549 0.60000000
v -0.01849246 0.02480525 -0.02285033 0.54509804 0.71372549 0.60000000
v 0.04148619 0.02497255 -0.02285033 0.54509804 0.71372549 0.60000000
v 0.04249093 0.02497426 -0.02285033 0.54509804 0.71372549 0.60000000
v 0.04348581 0.02497255 -0.02285033 0.54509804 0.71372549 0.60000000
v 0.04148619 0.02465160 -0.02385260 0.54509804 0.71372549 0.60000000
v 0.04249093 0.02462258 -0.02385260 0.54509804 0.71372549 0.60000000
v 0.04348581 0.02458160 -0.02385260 0.54509804 0.71372549 0.60000000
v 0.04548543 0.02347191 -0.02445172 0.54509804 0.71372549 0.60000000
v 0.04441174 0.02375531 -0.02449091 0.54509804 0.71372549 0.60000000
v 0.04748504 0.02441771 -0.02358383 0.54509804 0.71372549 0.60000000
v 0.04748504 0.02372117 -0.02400378 0.54509804 0.71372549 0.60000000
v 0.04621435 0.02333022 -0.02439573 0.54509804 0.71372549 0.60000000
v 0.04548543 0.02272074 -0.02465329 0.54509804 0.71372549 0.60000000
v 0.04649016 0.02172031 -0.02467009 0.54509804 0.71372549 0.60000000
v 0.04548543 0.02172031 -0.02480447 0.54509804 0.71372549 0.60000000
v 0.04649016 0.02072159 -0.02479887 0.54509804 0.71372549 0.60000000
v 0.04649016 0.01972116 -0.02491086 0.54509804 0.71372549 0.60000000
v 0.04848978 0.01772202 -0.02482127 0.54509804 0.71372549 0.60000000
v 0.04940586 0.01672159 -0.02461410 0.54509804 0.71372549 0.60000000
v 0.04944526 0.01572287 -0.02463089 0.54509804 0.71372549 0.60000000
v 0.04848978 0.01472415 -0.02494445 0.54509804 0.71372549 0.60000000
v 0.04665762 0.00872499 -0.02531400 0.54509804 0.71372549 0.60000000
v 0.04657881 0.00779456 -0.02531400 0.54509804 0.71372549 0.60000000
v 0.04748504 0.00972371 -0.02520202 0.54509804 0.71372549 0.60000000
v 0.04748504 0.00872499 -0.02520762 0.54509804 0.71372549 0.60000000
v 0.04748504 0.00779456 -0.02520202 0.54509804 0.71372549 0.60000000
v -0.05015142 0.00779456 -0.02078422 0.54509804 0.71372549 0.60000000
v -0.04983621 0.01772202 -0.02085141 0.54509804 0.71372549 0.60000000
v -0.04974756 0.01872074 -0.02085141 0.54509804 0.71372549 0.60000000
v -0.04951115 0.02072159 -0.02085141 0.54509804 0.71372549 0.60000000
v -0.04933384 0.02172031 -0.02085141 0.54509804 0.71372549 0.60000000
v -0.04908758 0.02276683 -0.02081781 0.54509804 0.71372549 0.60000000
v -0.04905803 0.02250222 -0.02185367 0.54509804 0.71372549 0.60000000
v -0.04892998 0.02300243 -0.02185367 0.54509804 0.71372549 0.60000000
v -0.04833896 0.02362898 -0.02285033 0.54509804 0.71372549 0.60000000
v -0.04835866 0.02381677 -0.02191526 0.54509804 0.71372549 0.60000000
v -0.04802375 0.02424699 -0.02162410 0.54509804 0.71372549 0.60000000
v -0.04749183 0.02443649 -0.02085141 0.54509804 0.71372549 0.60000000
v -0.04757063 0.02432723 -0.02191526 0.54509804 0.71372549 0.60000000
v -0.04648710 0.02458331 -0.02085141 0.54509804 0.71372549 0.60000000
v -0.04549221 0.02466184 -0.02085141 0.54509804 0.71372549 0.60000000
v -0.04549221 0.02456965 -0.02185367 0.54509804 0.71372549 0.60000000
v -0.04448748 0.02460892 -0.02185367 0.54509804 0.71372549 0.60000000
v -0.04349260 0.02463111 -0.02185367 0.54509804 0.71372549 0.60000000
v -0.04149298 0.02465501 -0.02185367 0.54509804 0.71372549 0.60000000
v -0.04448748 0.02469599 -0.02085141 0.54509804 0.71372549 0.60000000
v -0.04149298 0.02472330 -0.02085141 0.54509804 0.71372549 0.60000000
v -0.01548811 0.02504597 -0.01885248 0.54509804 0.71372549 0.60000000
v 0.04249093 0.02506474 -0.02185367 0.54509804 0.71372549 0.60000000
v 0.04348581 0.02506133 -0.02185367 0.54509804 0.71372549 0.60000000
v 0.04449055 0.02501865 -0.02185367 0.54509804 0.71372549 0.60000000
v 0.04748504 0.02488549 -0.02185367 0.54509804 0.71372549 0.60000000
v 0.04449055 0.02491451 -0.02285033 0.54509804 0.71372549 0.60000000
v 0.04748504 0.02474037 -0.02285033 0.54509804 0.71372549 0.60000000
v 0.04819427 0.02432894 -0.02348305 0.54509804 0.71372549 0.60000000
v 0.04850948 0.02375019 -0.02367342 0.54509804 0.71372549 0.60000000
v 0.04848978 0.02272074 -0.02405977 0.54509804 0.71372549 0.60000000
v 0.04687432 0.02312876 -0.02432854 0.54509804 0.71372549 0.60000000
v 0.04651971 0.02276513 -0.02447411 0.54509804 0.71372549 0.60000000
v 0.04718953 0.02246295 -0.02440692 0.54509804 0.71372549 0.60000000
v 0.04882469 0.02108352 -0.02432854 0.54509804 0.71372549 0.60000000
v 0.04906110 0.02041600 -0.02437893 0.54509804 0.71372549 0.60000000
v 0.04932706 0.01772202 -0.02455810 0.54509804 0.71372549 0.60000000
v 0.04963242 0.01972116 -0.02407657 0.54509804 0.71372549 0.60000000
v 0.04982942 0.01772202 -0.02412696 0.54509804 0.71372549 0.60000000
v 0.04990822 0.01672159 -0.02413256 0.54509804 0.71372549 0.60000000
v 0.04937631 0.00972371 -0.02464209 0.54509804 0.71372549 0.60000000
v 0.04848978 0.00779456 -0.02503964 0.54509804 0.71372549 0.60000000
v 0.04848978 0.00872499 -0.02503964 0.54509804 0.71372549 0.60000000
v 0.04848978 0.00972371 -0.02502844 0.54509804 0.71372549 0.60000000
v 0.04842083 0.00779456 -0.02505084 0.54509804 0.71372549 0.60000000
v -0.05014157 0.00779456 -0.01985474 0.54509804 0.71372549 0.60000000
v -0.04984606 0.01772202 -0.01885248 0.54509804 0.71372549 0.60000000
v -0.04985591 0.01772202 -0.01985474 0.54509804 0.71372549 0.60000000
v -0.04977711 0.01872074 -0.01985474 0.54509804 0.71372549 0.60000000
v -0.04954070 0.02072159 -0.01985474 0.54509804 0.71372549 0.60000000
v -0.04914668 0.02272074 -0.01985474 0.54509804 0.71372549 0.60000000
v -0.04899893 0.02324486 -0.02045946 0.54509804 0.71372549 0.60000000
v -0.04936339 0.02172031 -0.01985474 0.54509804 0.71372549 0.60000000
v -0.04865417 0.02363581 -0.02081781 0.54509804 0.71372549 0.60000000
v -0.04808285 0.02428284 -0.02085141 0.54509804 0.71372549 0.60000000
v -0.04749183 0.02455258 -0.01785582 0.54509804 0.71372549 0.60000000
v -0.04648710 0.02469087 -0.01785582 0.54509804 0.71372549 0.60000000
v -0.04549221 0.02470623 -0.01985474 0.54509804 0.71372549 0.60000000
v -0.04448748 0.02474379 -0.01985474 0.54509804 0.71372549 0.60000000
v -0.04349260 0.02478988 -0.01885248 0.54509804 0.71372549 0.60000000
v -0.04248786 0.02481891 -0.01785582 0.54509804 0.71372549 0.60000000
v -0.04448748 0.02482574 -0.01485462 0.54509804 0.71372549 0.60000000
v -0.02849054 0.02503914 -0.00085653 0.54509804 0.71372549 0.60000000
v 0.03148811 0.02523547 0.00114240 0.54509804 0.71372549 0.60000000
v 0.04249093 0.02507157 -0.02085141 0.54509804 0.71372549 0.60000000
v 0.04649016 0.02498109 -0.01885248 0.54509804 0.71372549 0.60000000
v 0.04649016 0.02497085 -0.01985474 0.54509804 0.71372549 0.60000000
v 0.04748504 0.02491793 -0.02085141 0.54509804 0.71372549 0.60000000
v 0.03209883 0.02522864 0.00176391 0.54509804 0.71372549 0.60000000
v 0.04848978 0.02473013 -0.02085141 0.54509804 0.71372549 0.60000000
v 0.04848978 0.02464989 -0.02185367 0.54509804 0.71372549 0.60000000
v 0.04850948 0.02443649 -0.02281114 0.54509804 0.71372549 0.60000000
v 0.04885424 0.02410358 -0.02311350 0.54509804 0.71372549 0.60000000
v 0.04912020 0.02343777 -0.02351105 0.54509804 0.71372549 0.60000000
v 0.04924825 0.02272074 -0.02365103 0.54509804 0.71372549 0.60000000
v 0.04943541 0.02073866 -0.02402058 0.54509804 0.71372549 0.60000000
v 0.05004613 0.02072159 -0.02345505 0.54509804 0.71372549 0.60000000
v 0.05010523 0.01972116 -0.02357264 0.54509804 0.71372549 0.60000000
v 0.05010523 0.01872074 -0.02360624 0.54509804 0.71372549 0.60000000
v 0.04994763 0.01572287 -0.02405977 0.54509804 0.71372549 0.60000000
v 0.04934676 0.00779456 -0.02464769 0.54509804 0.71372549 0.60000000
v 0.04928765 0.00779456 -0.02467569 0.54509804 0.71372549 0.60000000
v -0.05008247 0.00779456 -0.01880209 0.54509804 0.71372549 0.60000000
v -0.04977711 0.01872074 -0.01885248 0.54509804 0.71372549 0.60000000
v -0.05001351 0.00872499 -0.01813018 0.54509804 0.71372549 0.60000000
v -0.05002336 0.00779456 -0.01795660 0.54509804 0.71372549 0.60000000
v -0.04974756 0.01772202 -0.01785582 0.54509804 0.71372549 0.60000000
v -0.04947175 0.01972116 -0.01585129 0.54509804 0.71372549 0.60000000
v -0.04970815 0.01872074 -0.01785582 0.54509804 0.71372549 0.60000000
v -0.04954070 0.02072159 -0.01885248 0.54509804 0.71372549 0.60000000
v -0.04937324 0.02172031 -0.01885248 0.54509804 0.71372549 0.60000000
v -0.04916639 0.02272074 -0.01885248 0.54509804 0.71372549 0.60000000
v -0.04900878 0.02326876 -0.01985474 0.54509804 0.71372549 0.60000000
v -0.04862462 0.02376897 -0.01985474 0.54509804 0.71372549 0.60000000
v -0.04813210 0.02430503 -0.01985474 0.54509804 0.71372549 0.60000000
v -0.04814195 0.02433918 -0.01785582 0.54509804 0.71372549 0.60000000
v -0.04802375 0.02425894 -0.01225658 0.54509804 0.71372549 0.60000000
v -0.04648710 0.02451161 -0.00885224 0.54509804 0.71372549 0.60000000
v -0.04648710 0.02467721 -0.01585129 0.54509804 0.71372549 0.60000000
v -0.04648710 0.02469599 -0.01685355 0.54509804 0.71372549 0.60000000
v -0.04549221 0.02477623 -0.01585129 0.54509804 0.71372549 0.60000000
v -0.04549221 0.02476940 -0.01685355 0.54509804 0.71372549 0.60000000
v -0.04549221 0.02475915 -0.01785582 0.54509804 0.71372549 0.60000000
v -0.04549221 0.02473696 -0.01885248 0.54509804 0.71372549 0.60000000
v -0.04448748 0.02477452 -0.01885248 0.54509804 0.71372549 0.60000000
v -0.04349260 0.02480866 -0.01785582 0.54509804 0.71372549 0.60000000
v -0.04448748 0.02481549 -0.01585129 0.54509804 0.71372549 0.60000000
v -0.04448748 0.02482574 -0.01385236 0.54509804 0.71372549 0.60000000
v -0.04048825 0.02490597 -0.00085653 0.54509804 0.71372549 0.60000000
v -0.03648901 0.02494865 -0.00485439 0.54509804 0.71372549 0.60000000
v -0.04048825 0.02489915 0.00014573 0.54509804 0.71372549 0.60000000
v -0.01649284 0.02494695 0.01913835 0.54509804 0.71372549 0.60000000
v 0.03148811 0.02523205 0.00181991 0.54509804 0.71372549 0.60000000
v 0.04748504 0.02490597 -0.01585129 0.54509804 0.71372549 0.60000000
v 0.04748504 0.02493329 -0.01885248 0.54509804 0.71372549 0.60000000
v 0.04748504 0.02493158 -0.01985474 0.54509804 0.71372549 0.60000000
v 0.03649208 0.02495890 0.01113704 0.54509804 0.71372549 0.60000000
v 0.02348964 0.02500841 0.01713382 0.54509804 0.71372549 0.60000000
v 0.04748504 0.02488890 -0.01485462 0.54509804 0.71372549 0.60000000
v 0.04848978 0.02470794 -0.01985474 0.54509804 0.71372549 0.60000000
v 0.04913005 0.02438869 -0.02085141 0.54509804 0.71372549 0.60000000
v 0.04909065 0.02431699 -0.02185367 0.54509804 0.71372549 0.60000000
v 0.04902170 0.02425211 -0.02244719 0.54509804 0.71372549 0.60000000
v 0.04923840 0.02375019 -0.02281114 0.54509804 0.71372549 0.60000000
v 0.04975062 0.02268318 -0.02279995 0.54509804 0.71372549 0.60000000
v 0.04998703 0.02122351 -0.02335427 0.54509804 0.71372549 0.60000000
v 0.05021358 0.02072159 -0.02285033 0.54509804 0.71372549 0.60000000
v 0.05029239 0.01972116 -0.02285033 0.54509804 0.71372549 0.60000000
v 0.05028254 0.01872074 -0.02285033 0.54509804 0.71372549 0.60000000
v 0.04999687 0.00801479 -0.02336547 0.54509804 0.71372549 0.60000000
v 0.04987867 0.00779456 -0.02376301 0.54509804 0.71372549 0.60000000
v -0.04956040 0.01972116 -0.01685355 0.54509804 0.71372549 0.60000000
v -0.04948160 0.02072159 -0.01685355 0.54509804 0.71372549 0.60000000
v -0.04952100 0.02072159 -0.01785582 0.54509804 0.71372549 0.60000000
v -0.04997411 0.00779456 -0.01749187 0.54509804 0.71372549 0.60000000
v -0.04958995 0.01572287 -0.01585129 0.54509804 0.71372549 0.60000000
v -0.04937324 0.01872074 -0.01485462 0.54509804 0.71372549 0.60000000
v -0.04932399 0.01972116 -0.01485462 0.54509804 0.71372549 0.60000000
v -0.04937324 0.02072159 -0.01585129 0.54509804 0.71372549 0.60000000
v -0.04936339 0.02172031 -0.01785582 0.54509804 0.71372549 0.60000000
v -0.04916639 0.02272074 -0.01785582 0.54509804 0.71372549 0.60000000
v -0.04901863 0.02328412 -0.01785582 0.54509804 0.71372549 0.60000000
v -0.04901863 0.02328241 -0.01885248 0.54509804 0.71372549 0.60000000
v -0.04863447 0.02378263 -0.01885248 0.54509804 0.71372549 0.60000000
v -0.04814195 0.02432040 -0.01885248 0.54509804 0.71372549 0.60000000
v -0.04864432 0.02378433 -0.01785582 0.54509804 0.71372549 0.60000000
v -0.04818135 0.02373653 -0.01189823 0.54509804 0.71372549 0.60000000
v -0.04803360 0.02331656 -0.01012887 0.54509804 0.71372549 0.60000000
v -0.04753123 0.02372117 -0.00885224 0.54509804 0.71372549 0.60000000
v -0.04712737 0.02433235 -0.00885224 0.54509804 0.71372549 0.60000000
v -0.04861477 0.02377068 -0.01685355 0.54509804 0.71372549 0.60000000
v -0.04901863 0.02327046 -0.01685355 0.54509804 0.71372549 0.60000000
v -0.04899893 0.02324486 -0.01624323 0.54509804 0.71372549 0.60000000
v -0.04448748 0.02459356 -0.00285546 0.54509804 0.71372549 0.60000000
v -0.04448748 0.02463453 -0.00385772 0.54509804 0.71372549 0.60000000
v -0.04448748 0.02467379 -0.00485439 0.54509804 0.71372549 0.60000000
v -0.04549221 0.02462599 -0.00785558 0.54509804 0.71372549 0.60000000
v -0.04549221 0.02474208 -0.01285570 0.54509804 0.71372549 0.60000000
v -0.04549221 0.02476086 -0.01385236 0.54509804 0.71372549 0.60000000
v -0.04549221 0.02477452 -0.01485462 0.54509804 0.71372549 0.60000000
v -0.04448748 0.02479330 -0.01785582 0.54509804 0.71372549 0.60000000
v -0.04149298 0.02487866 -0.00085653 0.54509804 0.71372549 0.60000000
v -0.04149298 0.02486159 0.00014573 0.54509804 0.71372549 0.60000000
v -0.03648901 0.02486842 0.00613692 0.54509804 0.71372549 0.60000000
v -0.01748773 0.02493500 0.01913835 0.54509804 0.71372549 0.60000000
v -0.01649284 0.02490597 0.02013501 0.54509804 0.71372549 0.60000000
v 0.01049706 0.02491793 0.02313620 0.54509804 0.71372549 0.60000000
v 0.01149194 0.02496061 0.02213394 0.54509804 0.71372549 0.60000000
v 0.02249476 0.02501353 0.01713382 0.54509804 0.71372549 0.60000000
v 0.03748696 0.02491280 0.01113704 0.54509804 0.71372549 0.60000000
v 0.03649208 0.02492305 0.01213930 0.54509804 0.71372549 0.60000000
v 0.01149194 0.02491963 0.02313620 0.54509804 0.71372549 0.60000000
v 0.02348964 0.02495890 0.01813609 0.54509804 0.71372549 0.60000000
v 0.04548543 0.02458502 -0.00485439 0.54509804 0.71372549 0.60000000
v 0.04649016 0.02459185 -0.00785558 0.54509804 0.71372549 0.60000000
v 0.04714028 0.02436308 -0.00785558 0.54509804 0.71372549 0.60000000
v 0.04836172 0.02456282 -0.01485462 0.54509804 0.71372549 0.60000000
v 0.04910050 0.02436308 -0.01985474 0.54509804 0.71372549 0.60000000
v 0.04950436 0.02372117 -0.02085141 0.54509804 0.71372549 0.60000000
v 0.04946496 0.02372117 -0.02185367 0.54509804 0.71372549 0.60000000
v 0.05001658 0.02232467 -0.02243599 0.54509804 0.71372549 0.60000000
v 0.05006583 0.02162129 -0.02279995 0.54509804 0.71372549 0.60000000
v 0.05021358 0.02172031 -0.02185367 0.54509804 0.71372549 0.60000000
v 0.05037119 0.02072159 -0.02185367 0.54509804 0.71372549 0.60000000
v 0.05042044 0.01972116 -0.02185367 0.54509804 0.71372549 0.60000000
v 0.05040074 0.01872074 -0.02185367 0.54509804 0.71372549 0.60000000
v 0.05000673 0.00779456 -0.02296792 0.54509804 0.71372549 0.60000000
v 0.04999687 0.00779456 -0.02305191 0.54509804 0.71372549 0.60000000
v 0.04990822 0.00779456 -0.02363983 0.54509804 0.71372549 0.60000000
v 0.05046969 0.01872074 -0.02085141 0.54509804 0.71372549 0.60000000
v -0.04923534 0.02172031 -0.01585129 0.54509804 0.71372549 0.60000000
v -0.04932399 0.02172031 -0.01685355 0.54509804 0.71372549 0.60000000
v -0.04990516 0.00779456 -0.01685355 0.54509804 0.71372549 0.60000000
v -0.04978696 0.00779456 -0.01585129 0.54509804 0.71372549 0.60000000
v -0.04966875 0.00779456 -0.01485462 0.54509804 0.71372549 0.60000000
v -0.04943234 0.01672159 -0.01485462 0.54509804 0.71372549 0.60000000
v -0.04924519 0.01772202 -0.01385236 0.54509804 0.71372549 0.60000000
v -0.04921564 0.01872074 -0.01385236 0.54509804 0.71372549 0.60000000
v -0.04894968 0.01972116 -0.01257574 0.54509804 0.71372549 0.60000000
v -0.04900878 0.02038527 -0.01323645 0.54509804 0.71372549 0.60000000
v -0.04892013 0.02071989 -0.01288369 0.54509804 0.71372549 0.60000000
v -0.04880192 0.02172031 -0.01285570 0.54509804 0.71372549 0.60000000
v -0.04881177 0.02272074 -0.01385236 0.54509804 0.71372549 0.60000000
v -0.04914668 0.02272074 -0.01685355 0.54509804 0.71372549 0.60000000
v -0.04811240 0.02343948 -0.01085677 0.54509804 0.71372549 0.60000000
v -0.04895953 0.02308950 -0.01557693 0.54509804 0.71372549 0.60000000
v -0.04866402 0.02272074 -0.01285570 0.54509804 0.71372549 0.60000000
v -0.04796465 0.02303316 -0.00946256 0.54509804 0.71372549 0.60000000
v -0.04702886 0.02332168 -0.00620940 0.54509804 0.71372549 0.60000000
v -0.04849656 0.02272074 -0.01185343 0.54509804 0.71372549 0.60000000
v -0.04702886 0.02425723 -0.00825872 0.54509804 0.71372549 0.60000000
v -0.04508835 0.02430503 -0.00213316 0.54509804 0.71372549 0.60000000
v -0.04517700 0.02435796 -0.00285546 0.54509804 0.71372549 0.60000000
v -0.04906788 0.02274123 -0.01588488 0.54509804 0.71372549 0.60000000
v -0.04349260 0.02463453 -0.00085653 0.54509804 0.71372549 0.60000000
v -0.04248786 0.02474720 0.00014573 0.54509804 0.71372549 0.60000000
v -0.04349260 0.02469428 -0.00185319 0.54509804 0.71372549 0.60000000
v -0.04349260 0.02474208 -0.00285546 0.54509804 0.71372549 0.60000000
v -0.04248786 0.02479159 -0.00085653 0.54509804 0.71372549 0.60000000
v -0.03848863 0.02468745 0.00713918 0.54509804 0.71372549 0.60000000
v -0.03749375 0.02478135 0.00713918 0.54509804 0.71372549 0.60000000
v -0.03749375 0.02482574 0.00613692 0.54509804 0.71372549 0.60000000
v -0.03648901 0.02483256 0.00713918 0.54509804 0.71372549 0.60000000
v -0.01748773 0.02488720 0.02013501 0.54509804 0.71372549 0.60000000
v -0.01449323 0.02464477 0.02413287 0.54509804 0.71372549 0.60000000
v -0.01249361 0.02474379 0.02313620 0.54509804 0.71372549 0.60000000
v 0.00149386 0.02449795 0.02613740 0.54509804 0.71372549 0.60000000
v -0.01148888 0.02466355 0.02413287 0.54509804 0.71372549 0.60000000
v 0.03548734 0.02472330 0.01513489 0.54509804 0.71372549 0.60000000
v 0.03748696 0.02471647 0.01213930 0.54509804 0.71372549 0.60000000
v 0.03849169 0.02472672 0.01013477 0.54509804 0.71372549 0.60000000
v 0.03449246 0.02471306 0.01613716 0.54509804 0.71372549 0.60000000
v 0.02348964 0.02484110 0.02013501 0.54509804 0.71372549 0.60000000
v 0.00949232 0.02464136 0.02513513 0.54509804 0.71372549 0.60000000
v 0.01249668 0.02461575 0.02513513 0.54509804 0.71372549 0.60000000
v 0.01349156 0.02459868 0.02513513 0.54509804 0.71372549 0.60000000
v 0.01249668 0.02488720 0.02313620 0.54509804 0.71372549 0.60000000
v 0.04549528 0.02442625 -0.00388012 0.54509804 0.71372549 0.60000000
v 0.04603705 0.02427431 -0.00423287 0.54509804 0.71372549 0.60000000
v 0.04613555 0.02433064 -0.00485439 0.54509804 0.71372549 0.60000000
v 0.04706148 0.02429138 -0.00712208 0.54509804 0.71372549 0.60000000
v 0.04892319 0.02407115 -0.01585129 0.54509804 0.71372549 0.60000000
v 0.04895274 0.02416504 -0.01685355 0.54509804 0.71372549 0.60000000
v 0.04944526 0.02372117 -0.01985474 0.54509804 0.71372549 0.60000000
v 0.04982942 0.02279927 -0.01985474 0.54509804 0.71372549 0.60000000
v 0.04985897 0.02284366 -0.02085141 0.54509804 0.71372549 0.60000000
v 0.04986883 0.02287439 -0.02185367 0.54509804 0.71372549 0.60000000
v 0.05003628 0.02237418 -0.02185367 0.54509804 0.71372549 0.60000000
v 0.05022344 0.02172031 -0.02085141 0.54509804 0.71372549 0.60000000
v 0.05041059 0.02072159 -0.02085141 0.54509804 0.71372549 0.60000000
v 0.05047954 0.01972116 -0.02085141 0.54509804 0.71372549 0.60000000
v 0.05002643 0.00779456 -0.02192646 0.54509804 0.71372549 0.60000000
v 0.05046969 0.01872074 -0.01985474 0.54509804 0.71372549 0.60000000
v 0.05004613 0.00779456 -0.01992193 0.54509804 0.71372549 0.60000000
v -0.04965890 0.00779456 -0.01478183 0.54509804 0.71372549 0.60000000
v -0.04950130 0.00872499 -0.01385236 0.54509804 0.71372549 0.60000000
v -0.04927474 0.01672159 -0.01385236 0.54509804 0.71372549 0.60000000
v -0.04898908 0.01809419 -0.01236296 0.54509804 0.71372549 0.60000000
v -0.04897923 0.01872074 -0.01241896 0.54509804 0.71372549 0.60000000
v -0.04888073 0.01872074 -0.01185343 0.54509804 0.71372549 0.60000000
v -0.04882163 0.01972116 -0.01185343 0.54509804 0.71372549 0.60000000
v -0.04873297 0.02072159 -0.01185343 0.54509804 0.71372549 0.60000000
v -0.04862462 0.02172031 -0.01185343 0.54509804 0.71372549 0.60000000
v -0.04829956 0.02272074 -0.01085677 0.54509804 0.71372549 0.60000000
v -0.04800405 0.02236735 -0.00929458 0.54509804 0.71372549 0.60000000
v -0.04786614 0.02270879 -0.00891943 0.54509804 0.71372549 0.60000000
v -0.04731452 0.02272074 -0.00685331 0.54509804 0.71372549 0.60000000
v -0.04593548 0.02416504 -0.00448484 0.54509804 0.71372549 0.60000000
v -0.04708797 0.02272074 -0.00602463 0.54509804 0.71372549 0.60000000
v -0.04694021 0.02272074 -0.00552629 0.54509804 0.71372549 0.60000000
v -0.04509820 0.02346338 -0.00111969 0.54509804 0.71372549 0.60000000
v -0.04524596 0.02376556 -0.00181960 0.54509804 0.71372549 0.60000000
v -0.04491104 0.02413090 -0.00146685 0.54509804 0.71372549 0.60000000
v -0.04412302 0.02431357 -0.00012303 0.54509804 0.71372549 0.60000000
v -0.04428062 0.02437845 -0.00085653 0.54509804 0.71372549 0.60000000
v -0.04354185 0.02445868 0.00018493 0.54509804 0.71372549 0.60000000
v -0.04329559 0.02439040 0.00114240 0.54509804 0.71372549 0.60000000
v -0.04248786 0.02464477 0.00114240 0.54509804 0.71372549 0.60000000
v -0.03849848 0.02446210 0.00815264 0.54509804 0.71372549 0.60000000
v -0.03407568 0.02425723 0.01369589 0.54509804 0.71372549 0.60000000
v -0.03749375 0.02467721 0.00813585 0.54509804 0.71372549 0.60000000
v -0.03949336 0.02460892 0.00613692 0.54509804 0.71372549 0.60000000
v -0.03952291 0.02442454 0.00713918 0.54509804 0.71372549 0.60000000
v -0.02949528 0.02457136 0.01613716 0.54509804 0.71372549 0.60000000
v -0.02749566 0.02454234 0.01813609 0.54509804 0.71372549 0.60000000
v -0.02949528 0.02464989 0.01513489 0.54509804 0.71372549 0.60000000
v -0.02349643 0.02468916 0.01913835 0.54509804 0.71372549 0.60000000
v -0.02249169 0.02474037 0.01913835 0.54509804 0.71372549 0.60000000
v -0.02249169 0.02465843 0.02013501 0.54509804 0.71372549 0.60000000
v -0.01849246 0.02475745 0.02113728 0.54509804 0.71372549 0.60000000
v -0.01949719 0.02470794 0.02113728 0.54509804 0.71372549 0.60000000
v -0.01548811 0.02459185 0.02413287 0.54509804 0.71372549 0.60000000
v -0.01348849 0.02450307 0.02513513 0.54509804 0.71372549 0.60000000
v -0.01249361 0.02451502 0.02513513 0.54509804 0.71372549 0.60000000
v -0.00549003 0.02432381 0.02691009 0.54509804 0.71372549 0.60000000
v 0.00249859 0.02433064 0.02679811 0.54509804 0.71372549 0.60000000
v 0.00449821 0.02446551 0.02613740 0.54509804 0.71372549 0.60000000
v -0.00449514 0.02432211 0.02692129 0.54509804 0.71372549 0.60000000
v 0.03552674 0.02448600 0.01614836 0.54509804 0.71372549 0.60000000
v 0.03715205 0.02436820 0.01391426 0.54509804 0.71372549 0.60000000
v 0.03851139 0.02450478 0.01109784 0.54509804 0.71372549 0.60000000
v 0.03628522 0.02444161 0.01513489 0.54509804 0.71372549 0.60000000
v 0.04313120 0.02432211 0.00192629 0.54509804 0.71372549 0.60000000
v 0.03449246 0.02444673 0.01704983 0.54509804 0.71372549 0.60000000
v 0.03522138 0.02437332 0.01693785 0.54509804 0.71372549 0.60000000
v 0.02348964 0.02469769 0.02113728 0.54509804 0.71372549 0.60000000
v 0.02249476 0.02475915 0.02113728 0.54509804 0.71372549 0.60000000
v 0.01249668 0.02440064 0.02599742 0.54509804 0.71372549 0.60000000
v 0.00852699 0.02440235 0.02621579 0.54509804 0.71372549 0.60000000
v 0.01349156 0.02439552 0.02593022 0.54509804 0.71372549 0.60000000
v 0.01449629 0.02451844 0.02513513 0.54509804 0.71372549 0.60000000
v 0.04611585 0.02372117 -0.00405369 0.54509804 0.71372549 0.60000000
v 0.04705163 0.02345314 -0.00618140 0.54509804 0.71372549 0.60000000
v 0.04692358 0.02412066 -0.00645577 0.54509804 0.71372549 0.60000000
v 0.04294404 0.02415651 0.00259260 0.54509804 0.71372549 0.60000000
v 0.04328880 0.02378092 0.00221185 0.54509804 0.71372549 0.60000000
v 0.04407683 0.02342070 0.00084004 0.54509804 0.71372549 0.60000000
v 0.04715998 0.02376043 -0.00681412 0.54509804 0.71372549 0.60000000
v 0.04801696 0.02328071 -0.00926099 0.54509804 0.71372549 0.60000000
v 0.04888379 0.02372970 -0.01475384 0.54509804 0.71372549 0.60000000
v 0.04911035 0.02357093 -0.01585129 0.54509804 0.71372549 0.60000000
v 0.04997718 0.02215053 -0.01851653 0.54509804 0.71372549 0.60000000
v 0.04981957 0.02264562 -0.01885248 0.54509804 0.71372549 0.60000000
v 0.04935661 0.02372117 -0.01885248 0.54509804 0.71372549 0.60000000
v 0.05000673 0.02226150 -0.01918843 0.54509804 0.71372549 0.60000000
v 0.05001658 0.02229906 -0.01985474 0.54509804 0.71372549 0.60000000
v 0.05002643 0.02234345 -0.02085141 0.54509804 0.71372549 0.60000000
v 0.05018404 0.02172031 -0.01985474 0.54509804 0.71372549 0.60000000
v 0.05038104 0.02072159 -0.01985474 0.54509804 0.71372549 0.60000000
v 0.05046969 0.01972116 -0.01985474 0.54509804 0.71372549 0.60000000
v 0.05041059 0.01872074 -0.01885248 0.54509804 0.71372549 0.60000000
v 0.04997718 0.00779456 -0.01772143 0.54509804 0.71372549 0.60000000
v 0.04999687 0.00779456 -0.01816377 0.54509804 0.71372549 0.60000000
v 0.05002643 0.00779456 -0.01885248 0.54509804 0.71372549 0.60000000
v -0.04951115 0.00779456 -0.01378517 0.54509804 0.71372549 0.60000000
v -0.04933384 0.00872499 -0.01285570 0.54509804 0.71372549 0.60000000
v -0.04867387 0.01872074 -0.01085677 0.54509804 0.71372549 0.60000000
v -0.04900878 0.00872499 -0.01127111 0.54509804 0.71372549 0.60000000
v -0.04861477 0.01972116 -0.01085677 0.54509804 0.71372549 0.60000000
v -0.04851626 0.02072159 -0.01085677 0.54509804 0.71372549 0.60000000
v -0.04828971 0.02072159 -0.00985451 0.54509804 0.71372549 0.60000000
v -0.04796465 0.02072159 -0.00847149 0.54509804 0.71372549 0.60000000
v -0.04781689 0.02072159 -0.00785558 0.54509804 0.71372549 0.60000000
v -0.04745243 0.02172031 -0.00685331 0.54509804 0.71372549 0.60000000
v -0.04713722 0.02170495 -0.00577826 0.54509804 0.71372549 0.60000000
v -0.04696976 0.02202932 -0.00539751 0.54509804 0.71372549 0.60000000
v -0.04553162 0.02272074 -0.00185319 0.54509804 0.71372549 0.60000000
v -0.04516715 0.02272074 -0.00094612 0.54509804 0.71372549 0.60000000
v -0.04495044 0.02272074 -0.00044779 0.54509804 0.71372549 0.60000000
v -0.04410332 0.02346508 0.00087923 0.54509804 0.71372549 0.60000000
v -0.04431017 0.02376726 0.00018493 0.54509804 0.71372549 0.60000000
v -0.04479284 0.02376556 -0.00081174 0.54509804 0.71372549 0.60000000
v -0.04391616 0.02413090 0.00054328 0.54509804 0.71372549 0.60000000
v -0.04313798 0.02430845 0.00184790 0.54509804 0.71372549 0.60000000
v -0.04043899 0.02435113 0.00605853 0.54509804 0.71372549 0.60000000
v -0.03921755 0.02434259 0.00782789 0.54509804 0.71372549 0.60000000
v -0.03505086 0.02424358 0.01269363 0.54509804 0.71372549 0.60000000
v -0.03599650 0.02322778 0.01263763 0.54509804 0.71372549 0.60000000
v -0.03478491 0.02372117 0.01341593 0.54509804 0.71372549 0.60000000
v -0.03428254 0.02372117 0.01387506 0.54509804 0.71372549 0.60000000
v -0.03301184 0.02423162 0.01465336 0.54509804 0.71372549 0.60000000
v -0.02814578 0.02431016 0.01875760 0.54509804 0.71372549 0.60000000
v -0.04102016 0.02424187 0.00567218 0.54509804 0.71372549 0.60000000
v -0.02649093 0.02459868 0.01813609 0.54509804 0.71372549 0.60000000
v -0.02740701 0.02435113 0.01911035 0.54509804 0.71372549 0.60000000
v -0.02249169 0.02454575 0.02113728 0.54509804 0.71372549 0.60000000
v -0.01548811 0.02439040 0.02498395 0.54509804 0.71372549 0.60000000
v -0.02049208 0.02454234 0.02213394 0.54509804 0.71372549 0.60000000
v -0.02149681 0.02446039 0.02213394 0.54509804 0.71372549 0.60000000
v -0.01453263 0.02440576 0.02521352 0.54509804 0.71372549 0.60000000
v -0.01348849 0.02431869 0.02588543 0.54509804 0.71372549 0.60000000
v -0.00748964 0.02416846 0.02737483 0.54509804 0.71372549 0.60000000
v 0.00349347 0.02431528 0.02679251 0.54509804 0.71372549 0.60000000
v -0.00449514 0.02411383 0.02742522 0.54509804 0.71372549 0.60000000
v -0.00748964 0.02379458 0.02813633 0.54509804 0.71372549 0.60000000
v 0.03608821 0.02432381 0.01582360 0.54509804 0.71372549 0.60000000
v 0.03904331 0.02428113 0.01073389 0.54509804 0.71372549 0.60000000
v 0.03814693 0.02436137 0.01213930 0.54509804 0.71372549 0.60000000
v 0.03610791 0.02339168 0.01795131 0.54509804 0.71372549 0.60000000
v 0.03556615 0.02354362 0.01822567 0.54509804 0.71372549 0.60000000
v 0.01816061 0.02425211 0.02469279 0.54509804 0.71372549 0.60000000
v 0.01883044 0.02418212 0.02455841 0.54509804 0.71372549 0.60000000
v 0.01449629 0.02433918 0.02581264 0.54509804 0.71372549 0.60000000
v 0.01849553 0.02436649 0.02418886 0.54509804 0.71372549 0.60000000
v 0.00822163 0.02425382 0.02666932 0.54509804 0.71372549 0.60000000
v 0.01249668 0.02410871 0.02650135 0.54509804 0.71372549 0.60000000
v 0.04663792 0.02272074 -0.00485439 0.54509804 0.71372549 0.60000000
v 0.04416548 0.02272074 0.00101922 0.54509804 0.71372549 0.60000000
v 0.04712058 0.02272074 -0.00603023 0.54509804 0.71372549 0.60000000
v 0.04739639 0.02272074 -0.00685331 0.54509804 0.71372549 0.60000000
v 0.04770175 0.02272074 -0.00785558 0.54509804 0.71372549 0.60000000
v 0.04791846 0.02272074 -0.00868426 0.54509804 0.71372549 0.60000000
v 0.04999687 0.01927387 -0.01633842 0.54509804 0.71372549 0.60000000
v 0.04996733 0.01993969 -0.01646161 0.54509804 0.71372549 0.60000000
v 0.05002643 0.02072159 -0.01716151 0.54509804 0.71372549 0.60000000
v 0.04999687 0.02124400 -0.01732949 0.54509804 0.71372549 0.60000000
v 0.04899215 0.02321583 -0.01435629 0.54509804 0.71372549 0.60000000
v 0.04904140 0.02340363 -0.01502260 0.54509804 0.71372549 0.60000000
v 0.04991808 0.02193542 -0.01785582 0.54509804 0.71372549 0.60000000
v 0.05003628 0.02143692 -0.01785582 0.54509804 0.71372549 0.60000000
v 0.05009538 0.02177836 -0.01885248 0.54509804 0.71372549 0.60000000
v 0.05029239 0.02072159 -0.01885248 0.54509804 0.71372549 0.60000000
v 0.05039089 0.01972116 -0.01885248 0.54509804 0.71372549 0.60000000
v 0.05028254 0.01872074 -0.01785582 0.54509804 0.71372549 0.60000000
v 0.04987867 0.00779456 -0.01685355 0.54509804 0.71372549 0.60000000
v 0.04988852 0.00779456 -0.01693194 0.54509804 0.71372549 0.60000000
v -0.04933384 0.00779456 -0.01278291 0.54509804 0.71372549 0.60000000
v -0.04914668 0.00779456 -0.01185343 0.54509804 0.71372549 0.60000000
v -0.04901863 0.00779456 -0.01122072 0.54509804 0.71372549 0.60000000
v -0.04843746 0.01872074 -0.00985451 0.54509804 0.71372549 0.60000000
v -0.04801390 0.01952142 -0.00825872 0.54509804 0.71372549 0.60000000
v -0.04890043 0.00872499 -0.01076718 0.54509804 0.71372549 0.60000000
v -0.04811240 0.01980140 -0.00876265 0.54509804 0.71372549 0.60000000
v -0.04790554 0.01980140 -0.00789477 0.54509804 0.71372549 0.60000000
v -0.04756078 0.02072159 -0.00685331 0.54509804 0.71372549 0.60000000
v -0.04699931 0.02136180 -0.00532472 0.54509804 0.71372549 0.60000000
v -0.04723572 0.02072159 -0.00585665 0.54509804 0.71372549 0.60000000
v -0.04562027 0.02172031 -0.00185319 0.54509804 0.71372549 0.60000000
v -0.04516715 0.02165885 -0.00077254 0.54509804 0.71372549 0.60000000
v -0.04498000 0.02195079 -0.00038059 0.54509804 0.71372549 0.60000000
v -0.04464508 0.02272074 0.00014573 0.54509804 0.71372549 0.60000000
v -0.04392601 0.02272074 0.00152875 0.54509804 0.71372549 0.60000000
v -0.04306903 0.02341046 0.00276058 0.54509804 0.71372549 0.60000000
v -0.04329559 0.02373483 0.00216706 0.54509804 0.71372549 0.60000000
v -0.04379796 0.02376726 0.00118159 0.54509804 0.71372549 0.60000000
v -0.03988737 0.02395847 0.00747514 0.54509804 0.71372549 0.60000000
v -0.03792716 0.02418041 0.00958605 0.54509804 0.71372549 0.60000000
v -0.03699138 0.02422480 0.01064430 0.54509804 0.71372549 0.60000000
v -0.03571084 0.02389360 0.01232408 0.54509804 0.71372549 0.60000000
v -0.03827192 0.02272074 0.00998919 0.54509804 0.71372549 0.60000000
v -0.03785821 0.02272074 0.01048753 0.54509804 0.71372549 0.60000000
v -0.03797641 0.01997383 0.01062191 0.54509804 0.71372549 0.60000000
v -0.03799611 0.01930802 0.01064430 0.54509804 0.71372549 0.60000000
v -0.03600635 0.02272074 0.01264883 0.54509804 0.71372549 0.60000000
v -0.03508041 0.02072159 0.01372389 0.54509804 0.71372549 0.60000000
v -0.03504102 0.02172031 0.01369029 0.54509804 0.71372549 0.60000000
v -0.03452880 0.02172031 0.01419422 0.54509804 0.71372549 0.60000000
v -0.03399688 0.02226150 0.01464776 0.54509804 0.71372549 0.60000000
v -0.03496221 0.02302975 0.01361750 0.54509804 0.71372549 0.60000000
v -0.03391808 0.02292731 0.01456377 0.54509804 0.71372549 0.60000000
v -0.03370137 0.02372117 0.01437900 0.54509804 0.71372549 0.60000000
v -0.03770060 0.02379628 0.01017397 0.54509804 0.71372549 0.60000000
v -0.03815372 0.02351289 0.00986041 0.54509804 0.71372549 0.60000000
v -0.03909935 0.02338485 0.00877416 0.54509804 0.71372549 0.60000000
v -0.03918800 0.02272074 0.00888054 0.54509804 0.71372549 0.60000000
v -0.03111073 0.02337460 0.01673628 0.54509804 0.71372549 0.60000000
v -0.03002720 0.02330802 0.01766015 0.54509804 0.71372549 0.60000000
v -0.02830339 0.02372117 0.01887518 0.54509804 0.71372549 0.60000000
v -0.02701299 0.02423162 0.01964788 0.54509804 0.71372549 0.60000000
v -0.02514143 0.02428284 0.02071173 0.54509804 0.71372549 0.60000000
v -0.03319900 0.02372117 0.01480454 0.54509804 0.71372549 0.60000000
v -0.04113837 0.02372117 0.00582896 0.54509804 0.71372549 0.60000000
v -0.02241289 0.02433918 0.02210594 0.54509804 0.71372549 0.60000000
v -0.01348849 0.02411383 0.02638376 0.54509804 0.71372549 0.60000000
v -0.02149681 0.02429821 0.02276106 0.54509804 0.71372549 0.60000000
v -0.01049399 0.02364434 0.02813633 0.54509804 0.71372549 0.60000000
v -0.00948926 0.02372629 0.02813633 0.54509804 0.71372549 0.60000000
v -0.00849438 0.02379116 0.02813633 0.54509804 0.71372549 0.60000000
v -0.00849438 0.02338143 0.02888662 0.54509804 0.71372549 0.60000000
v -0.00948926 0.02338314 0.02890902 0.54509804 0.71372549 0.60000000
v 0.03528049 0.02327388 0.01867361 0.54509804 0.71372549 0.60000000
v 0.03586166 0.02272074 0.01850563 0.54509804 0.71372549 0.60000000
v 0.03613747 0.02272074 0.01800730 0.54509804 0.71372549 0.60000000
v 0.04011700 0.02172031 0.00989401 0.54509804 0.71372549 0.60000000
v 0.04397833 0.02209761 0.00161833 0.54509804 0.71372549 0.60000000
v 0.04392908 0.02272074 0.00152315 0.54509804 0.71372549 0.60000000
v 0.01849553 0.02389530 0.02506794 0.54509804 0.71372549 0.60000000
v 0.01849553 0.02334217 0.02576225 0.54509804 0.71372549 0.60000000
v 0.01520551 0.02427260 0.02570626 0.54509804 0.71372549 0.60000000
v 0.01749079 0.02400798 0.02529191 0.54509804 0.71372549 0.60000000
v 0.01349156 0.02400969 0.02642856 0.54509804 0.71372549 0.60000000
v -0.00849438 0.02302804 0.02938495 0.54509804 0.71372549 0.60000000
v 0.01249668 0.02360849 0.02691569 0.54509804 0.71372549 0.60000000
v -0.00849438 0.02252783 0.02991688 0.54509804 0.71372549 0.60000000
v 0.04466785 0.02172031 0.00014573 0.54509804 0.71372549 0.60000000
v 0.04497321 0.02095548 -0.00040299 0.54509804 0.71372549 0.60000000
v 0.04419503 0.02174592 0.00122639 0.54509804 0.71372549 0.60000000
v 0.04715013 0.02172031 -0.00596303 0.54509804 0.71372549 0.60000000
v 0.04749490 0.02172031 -0.00685331 0.54509804 0.71372549 0.60000000
v 0.04499291 0.02028967 -0.00034140 0.54509804 0.71372549 0.60000000
v 0.04779040 0.02172031 -0.00785558 0.54509804 0.71372549 0.60000000
v 0.04900199 0.01772202 -0.01229577 0.54509804 0.71372549 0.60000000
v 0.04938616 0.01772202 -0.01385236 0.54509804 0.71372549 0.60000000
v 0.04999687 0.01901438 -0.01633842 0.54509804 0.71372549 0.60000000
v 0.05025299 0.01972116 -0.01785582 0.54509804 0.71372549 0.60000000
v 0.05006583 0.01965288 -0.01681996 0.54509804 0.71372549 0.60000000
v 0.05015448 0.02072159 -0.01785582 0.54509804 0.71372549 0.60000000
v 0.05007568 0.01869684 -0.01675837 0.54509804 0.71372549 0.60000000
v 0.04973092 0.00779456 -0.01585129 0.54509804 0.71372549 0.60000000
v -0.04891028 0.00779456 -0.01072239 0.54509804 0.71372549 0.60000000
v -0.04868372 0.00872499 -0.00985451 0.54509804 0.71372549 0.60000000
v -0.04819120 0.01872074 -0.00885224 0.54509804 0.71372549 0.60000000
v -0.04790554 0.01872074 -0.00769880 0.54509804 0.71372549 0.60000000
v -0.04761988 0.01972116 -0.00685331 0.54509804 0.71372549 0.60000000
v -0.04686141 0.01972116 -0.00469761 0.54509804 0.71372549 0.60000000
v -0.04683186 0.02072159 -0.00477600 0.54509804 0.71372549 0.60000000
v -0.04728497 0.01972116 -0.00585665 0.54509804 0.71372549 0.60000000
v -0.04704856 0.01972116 -0.00520154 0.54509804 0.71372549 0.60000000
v -0.04613249 0.02072159 -0.00298984 0.54509804 0.71372549 0.60000000
v -0.04593548 0.02072159 -0.00249151 0.54509804 0.71372549 0.60000000
v -0.04567937 0.02072159 -0.00185319 0.54509804 0.71372549 0.60000000
v -0.04573847 0.01972116 -0.00185319 0.54509804 0.71372549 0.60000000
v -0.04586653 0.01572287 -0.00165162 0.54509804 0.71372549 0.60000000
v -0.04484209 0.01872074 0.00030811 0.54509804 0.71372549 0.60000000
v -0.04441853 0.01872074 0.00114240 0.54509804 0.71372549 0.60000000
v -0.04434958 0.01972116 0.00114240 0.54509804 0.71372549 0.60000000
v -0.04423137 0.02172031 0.00109760 0.54509804 0.71372549 0.60000000
v -0.04396541 0.02172031 0.00159594 0.54509804 0.71372549 0.60000000
v -0.04365020 0.02172031 0.00214466 0.54509804 0.71372549 0.60000000
v -0.04357140 0.02272074 0.00214466 0.54509804 0.71372549 0.60000000
v -0.04199535 0.02323632 0.00465312 0.54509804 0.71372549 0.60000000
v -0.04000558 0.02329266 0.00766551 0.54509804 0.71372549 0.60000000
v -0.03924710 0.02172031 0.00893654 0.54509804 0.71372549 0.60000000
v -0.03977902 0.02072159 0.00836541 0.54509804 0.71372549 0.60000000
v -0.03849848 0.01672159 0.01013477 0.54509804 0.71372549 0.60000000
v -0.03768090 0.00779456 0.01137780 0.54509804 0.71372549 0.60000000
v -0.03722779 0.00779456 0.01190973 0.54509804 0.71372549 0.60000000
v -0.03675497 0.00779456 0.01244726 0.54509804 0.71372549 0.60000000
v -0.03629200 0.00779456 0.01296239 0.54509804 0.71372549 0.60000000
v -0.03892204 0.01872074 0.00954685 0.54509804 0.71372549 0.60000000
v -0.03894175 0.01772202 0.00958045 0.54509804 0.71372549 0.60000000
v -0.03455835 0.02072159 0.01422782 0.54509804 0.71372549 0.60000000
v -0.03580934 0.00779456 0.01346072 0.54509804 0.71372549 0.60000000
v -0.03402643 0.02172031 0.01467016 0.54509804 0.71372549 0.60000000
v -0.01605943 0.01851928 0.02967612 0.54509804 0.71372549 0.60000000
v -0.01643374 0.01879927 0.02934016 0.54509804 0.71372549 0.60000000
v -0.03969037 0.02272074 0.00823103 0.54509804 0.71372549 0.60000000
v -0.03974947 0.02172031 0.00832062 0.54509804 0.71372549 0.60000000
v -0.01598063 0.01918510 0.02963132 0.54509804 0.71372549 0.60000000
v -0.01585257 0.01972116 0.02953613 0.54509804 0.71372549 0.60000000
v -0.01515320 0.02041600 0.02973211 0.54509804 0.71372549 0.60000000
v -0.01548811 0.02073866 0.02932896 0.54509804 0.71372549 0.60000000
v -0.01483799 0.02108181 0.02955293 0.54509804 0.71372549 0.60000000
v -0.01495619 0.02220175 0.02861786 0.54509804 0.71372549 0.60000000
v -0.02202873 0.02423845 0.02265467 0.54509804 0.71372549 0.60000000
v -0.04124672 0.02272074 0.00599694 0.54509804 0.71372549 0.60000000
v -0.01348849 0.02374678 0.02713406 0.54509804 0.71372549 0.60000000
v -0.01148888 0.02327558 0.02872424 0.54509804 0.71372549 0.60000000
v -0.01049399 0.02334899 0.02884183 0.54509804 0.71372549 0.60000000
v -0.01416817 0.02329095 0.02773318 0.54509804 0.71372549 0.60000000
v -0.00948926 0.02304340 0.02940735 0.54509804 0.71372549 0.60000000
v 0.03535929 0.02272074 0.01876320 0.54509804 0.71372549 0.60000000
v 0.01901759 0.02323461 0.02565026 0.54509804 0.71372549 0.60000000
v 0.01851523 0.02269172 0.02630537 0.54509804 0.71372549 0.60000000
v 0.01820002 0.02233832 0.02671412 0.54509804 0.71372549 0.60000000
v 0.01885999 0.02211809 0.02658533 0.54509804 0.71372549 0.60000000
v 0.01921460 0.02145228 0.02673651 0.54509804 0.71372549 0.60000000
v 0.01988442 0.02101182 0.02657974 0.54509804 0.71372549 0.60000000
v 0.01952981 0.02069598 0.02683170 0.54509804 0.71372549 0.60000000
v 0.02005188 0.02034600 0.02666932 0.54509804 0.71372549 0.60000000
v 0.02401171 0.01306132 0.02564466 0.54509804 0.71372549 0.60000000
v 0.02397231 0.01239380 0.02562227 0.54509804 0.71372549 0.60000000
v 0.02449438 0.01072414 0.02514633 0.54509804 0.71372549 0.60000000
v 0.02449438 0.00972371 0.02506794 0.54509804 0.71372549 0.60000000
v 0.02505585 0.00972371 0.02468719 0.54509804 0.71372549 0.60000000
v 0.02501644 0.00909887 0.02465360 0.54509804 0.71372549 0.60000000
v 0.02494749 0.00843306 0.02460321 0.54509804 0.71372549 0.60000000
v 0.02565671 0.00779456 0.02391450 0.54509804 0.71372549 0.60000000
v 0.02603103 0.00806772 0.02366253 0.54509804 0.71372549 0.60000000
v 0.02599163 0.00779456 0.02364014 0.54509804 0.71372549 0.60000000
v 0.02646444 0.00779456 0.02323699 0.54509804 0.71372549 0.60000000
v 0.02706531 0.00779456 0.02271066 0.54509804 0.71372549 0.60000000
v 0.03237464 0.00779456 0.01789532 0.54509804 0.71372549 0.60000000
v 0.03283761 0.00779456 0.01746978 0.54509804 0.71372549 0.60000000
v 0.03286716 0.00779456 0.01743618 0.54509804 0.71372549 0.60000000
v 0.03324147 0.00779456 0.01697144 0.54509804 0.71372549 0.60000000
v 0.03410830 0.00779456 0.01579560 0.54509804 0.71372549 0.60000000
v 0.04115128 0.00779456 0.00585136 0.54509804 0.71372549 0.60000000
v 0.04163395 0.00779456 0.00509546 0.54509804 0.71372549 0.60000000
v 0.04195901 0.00779456 0.00451874 0.54509804 0.71372549 0.60000000
v 0.02693726 0.01900243 0.02360654 0.54509804 0.71372549 0.60000000
v 0.02656294 0.01869001 0.02384171 0.54509804 0.71372549 0.60000000
v 0.02649399 0.01772202 0.02400409 0.54509804 0.71372549 0.60000000
v 0.02574537 0.01672159 0.02451362 0.54509804 0.71372549 0.60000000
v 0.02649399 0.01672159 0.02411047 0.54509804 0.71372549 0.60000000
v 0.02582417 0.01572287 0.02454721 0.54509804 0.71372549 0.60000000
v 0.02401171 0.01347959 0.02564466 0.54509804 0.71372549 0.60000000
v 0.04220527 0.00779456 0.00405400 0.54509804 0.71372549 0.60000000
v 0.04011700 0.01972116 0.00987161 0.54509804 0.71372549 0.60000000
v 0.04014655 0.02072159 0.00993880 0.54509804 0.71372549 0.60000000
v 0.04380102 0.02072159 0.00223425 0.54509804 0.71372549 0.60000000
v 0.04400788 0.02143009 0.00168552 0.54509804 0.71372549 0.60000000
v 0.04380102 0.02174592 0.00207187 0.54509804 0.71372549 0.60000000
v 0.01749079 0.02350777 0.02594142 0.54509804 0.71372549 0.60000000
v 0.01749079 0.02297853 0.02643975 0.54509804 0.71372549 0.60000000
v 0.01349156 0.02350947 0.02683170 0.54509804 0.71372549 0.60000000
v 0.01649591 0.02311511 0.02655174 0.54509804 0.71372549 0.60000000
v 0.00949232 0.02265416 0.02797955 0.54509804 0.71372549 0.60000000
v 0.01049706 0.02259270 0.02791236 0.54509804 0.71372549 0.60000000
v 0.01149194 0.02249880 0.02782837 0.54509804 0.71372549 0.60000000
v -0.00948926 0.02254319 0.02993368 0.54509804 0.71372549 0.60000000
v -0.00948926 0.02189616 0.03043201 0.54509804 0.71372549 0.60000000
v -0.00849438 0.02186713 0.03042081 0.54509804 0.71372549 0.60000000
v 0.04479590 0.02066184 0.00005055 0.54509804 0.71372549 0.60000000
v 0.04430339 0.02072159 0.00114240 0.54509804 0.71372549 0.60000000
v 0.04499291 0.02007456 -0.00034140 0.54509804 0.71372549 0.60000000
v 0.04748504 0.02072159 -0.00685331 0.54509804 0.71372549 0.60000000
v 0.04339716 0.01972116 0.00313573 0.54509804 0.71372549 0.60000000
v 0.04778055 0.02072159 -0.00785558 0.54509804 0.71372549 0.60000000
v 0.04860798 0.01772202 -0.01085677 0.54509804 0.71372549 0.60000000
v 0.04887394 0.01772202 -0.01179744 0.54509804 0.71372549 0.60000000
v 0.04900199 0.01672159 -0.01229577 0.54509804 0.71372549 0.60000000
v 0.04938616 0.01572287 -0.01385236 0.54509804 0.71372549 0.60000000
v 0.04953391 0.00779456 -0.01485462 0.54509804 0.71372549 0.60000000
v -0.04870342 0.00779456 -0.00985451 0.54509804 0.71372549 0.60000000
v -0.04840791 0.00779456 -0.00877945 0.54509804 0.71372549 0.60000000
v -0.04798435 0.00972371 -0.00738524 0.54509804 0.71372549 0.60000000
v -0.04765929 0.01872074 -0.00685331 0.54509804 0.71372549 0.60000000
v -0.04868372 0.00779456 -0.00978171 0.54509804 0.71372549 0.60000000
v -0.04653635 0.01972116 -0.00385772 0.54509804 0.71372549 0.60000000
v -0.04638859 0.01472415 -0.00285546 0.54509804 0.71372549 0.60000000
v -0.04610293 0.01472415 -0.00209396 0.54509804 0.71372549 0.60000000
v -0.04732437 0.01872074 -0.00585665 0.54509804 0.71372549 0.60000000
v -0.04706827 0.01872074 -0.00514555 0.54509804 0.71372549 0.60000000
v -0.04596503 0.01972116 -0.00241872 0.54509804 0.71372549 0.60000000
v -0.04588623 0.01472415 -0.00159003 0.54509804 0.71372549 0.60000000
v -0.04485194 0.01772202 0.00034731 0.54509804 0.71372549 0.60000000
v -0.04553162 0.01472415 -0.00085653 0.54509804 0.71372549 0.60000000
v -0.04444808 0.01772202 0.00114240 0.54509804 0.71372549 0.60000000
v -0.04416242 0.01272329 0.00196549 0.54509804 0.71372549 0.60000000
v -0.04407377 0.01872074 0.00178071 0.54509804 0.71372549 0.60000000
v -0.04398511 0.02115522 0.00163513 0.54509804 0.71372549 0.60000000
v -0.04317739 0.02172031 0.00296215 0.54509804 0.71372549 0.60000000
v -0.04313798 0.02272074 0.00287816 0.54509804 0.71372549 0.60000000
v -0.04173924 0.02272074 0.00521304 0.54509804 0.71372549 0.60000000
v -0.04005483 0.02272074 0.00773270 0.54509804 0.71372549 0.60000000
v -0.04016319 0.02072159 0.00786708 0.54509804 0.71372549 0.60000000
v -0.04025184 0.01672159 0.00797347 0.54509804 0.71372549 0.60000000
v -0.03936531 0.01672159 0.00909892 0.54509804 0.71372549 0.60000000
v -0.03814387 0.00779456 0.01082908 0.54509804 0.71372549 0.60000000
v -0.03405598 0.02072159 0.01469815 0.54509804 0.71372549 0.60000000
v -0.03526757 0.00779456 0.01396465 0.54509804 0.71372549 0.60000000
v -0.01719222 0.01772202 0.02880823 0.54509804 0.71372549 0.60000000
v -0.01656180 0.01772202 0.02930657 0.54509804 0.71372549 0.60000000
v -0.01605943 0.01772202 0.02967612 0.54509804 0.71372549 0.60000000
v -0.01548811 0.01772202 0.02997847 0.54509804 0.71372549 0.60000000
v -0.01408936 0.01850392 0.03068398 0.54509804 0.71372549 0.60000000
v -0.01558661 0.01879927 0.02989448 0.54509804 0.71372549 0.60000000
v -0.04012378 0.02172031 0.00781669 0.54509804 0.71372549 0.60000000
v -0.01445383 0.01879073 0.03046561 0.54509804 0.71372549 0.60000000
v -0.01449323 0.01972116 0.03026964 0.54509804 0.71372549 0.60000000
v -0.01535021 0.01972116 0.02983849 0.54509804 0.71372549 0.60000000
v -0.01311418 0.02031357 0.03067838 0.54509804 0.71372549 0.60000000
v -0.01450308 0.02073866 0.02989448 0.54509804 0.71372549 0.60000000
v -0.01416817 0.02133619 0.02972091 0.54509804 0.71372549 0.60000000
v -0.01348849 0.02201395 0.02945215 0.54509804 0.71372549 0.60000000
v -0.01429622 0.02235198 0.02877464 0.54509804 0.71372549 0.60000000
v -0.01456218 0.02274976 0.02817552 0.54509804 0.71372549 0.60000000
v -0.04102016 0.02050478 0.00668564 0.54509804 0.71372549 0.60000000
v -0.01202079 0.02322437 0.02864026 0.54509804 0.71372549 0.60000000
v -0.01148888 0.02288463 0.02922258 0.54509804 0.71372549 0.60000000
v -0.01049399 0.02298707 0.02934016 0.54509804 0.71372549 0.60000000
v -0.01348849 0.02301097 0.02836589 0.54509804 0.71372549 0.60000000
v -0.01268077 0.02314413 0.02850587 0.54509804 0.71372549 0.60000000
v -0.01049399 0.02248685 0.02989448 0.54509804 0.71372549 0.60000000
v 0.02490809 0.01900413 0.02459761 0.54509804 0.71372549 0.60000000
v 0.02542031 0.01869171 0.02441283 0.54509804 0.71372549 0.60000000
v 0.01749079 0.02247832 0.02681490 0.54509804 0.71372549 0.60000000
v 0.01629890 0.02138399 0.02773318 0.54509804 0.71372549 0.60000000
v 0.01749079 0.02172031 0.02721805 0.54509804 0.71372549 0.60000000
v 0.01695887 0.02119108 0.02762679 0.54509804 0.71372549 0.60000000
v 0.01851523 0.02175958 0.02687090 0.54509804 0.71372549 0.60000000
v 0.01849553 0.02072159 0.02726844 0.54509804 0.71372549 0.60000000
v 0.01798331 0.02020601 0.02763239 0.54509804 0.71372549 0.60000000
v 0.01949041 0.01972116 0.02704447 0.54509804 0.71372549 0.60000000
v 0.02249476 0.01172457 0.02635017 0.54509804 0.71372549 0.60000000
v 0.02249476 0.01072414 0.02632777 0.54509804 0.71372549 0.60000000
v 0.02343054 0.01172457 0.02588543 0.54509804 0.71372549 0.60000000
v 0.02336159 0.01072414 0.02585743 0.54509804 0.71372549 0.60000000
v 0.02393291 0.01172457 0.02559427 0.54509804 0.71372549 0.60000000
v 0.02379500 0.00972371 0.02551588 0.54509804 0.71372549 0.60000000
v 0.02369650 0.00872499 0.02545989 0.54509804 0.71372549 0.60000000
v 0.02456333 0.00874889 0.02490556 0.54509804 0.71372549 0.60000000
v 0.02437617 0.00779456 0.02488877 0.54509804 0.71372549 0.60000000
v 0.02486869 0.00779456 0.02454161 0.54509804 0.71372549 0.60000000
v 0.02489824 0.00779456 0.02451922 0.54509804 0.71372549 0.60000000
v 0.02561731 0.01772202 0.02445203 0.54509804 0.71372549 0.60000000
v 0.02512480 0.01772202 0.02469839 0.54509804 0.71372549 0.60000000
v 0.02524300 0.01672159 0.02475998 0.54509804 0.71372549 0.60000000
v 0.02449438 0.01572287 0.02523032 0.54509804 0.71372549 0.60000000
v 0.02398216 0.01414711 0.02563346 0.54509804 0.71372549 0.60000000
v 0.02533165 0.01572287 0.02481038 0.54509804 0.71372549 0.60000000
v 0.02358815 0.01377664 0.02582384 0.54509804 0.71372549 0.60000000
v 0.02249476 0.01272329 0.02633897 0.54509804 0.71372549 0.60000000
v 0.04264853 0.00779456 0.00313573 0.54509804 0.71372549 0.60000000
v 0.04305240 0.01872074 0.00376844 0.54509804 0.71372549 0.60000000
v 0.04280614 0.01872074 0.00427237 0.54509804 0.71372549 0.60000000
v 0.04308195 0.01972116 0.00381883 0.54509804 0.71372549 0.60000000
v 0.01549117 0.02202249 0.02749801 0.54509804 0.71372549 0.60000000
v 0.01649591 0.02261489 0.02692129 0.54509804 0.71372549 0.60000000
v 0.00849744 0.02201395 0.02852827 0.54509804 0.71372549 0.60000000
v 0.00949232 0.02193030 0.02847788 0.54509804 0.71372549 0.60000000
v 0.01049706 0.02183982 0.02841068 0.54509804 0.71372549 0.60000000
v 0.01154119 0.02165032 0.02838269 0.54509804 0.71372549 0.60000000
v -0.01049399 0.02185689 0.03039282 0.54509804 0.71372549 0.60000000
v -0.01049399 0.02135667 0.03070638 0.54509804 0.71372549 0.60000000
v -0.00948926 0.02139594 0.03072317 0.54509804 0.71372549 0.60000000
v -0.00849438 0.02136863 0.03071197 0.54509804 0.71372549 0.60000000
v -0.00770635 0.02129692 0.03067278 0.54509804 0.71372549 0.60000000
v 0.04480576 0.01973311 0.00005055 0.54509804 0.71372549 0.60000000
v 0.04498306 0.01940874 -0.00036940 0.54509804 0.71372549 0.60000000
v 0.04515052 0.01973311 -0.00076694 0.54509804 0.71372549 0.60000000
v 0.04762295 0.00779456 -0.00885224 0.54509804 0.71372549 0.60000000
v 0.04789876 0.00779456 -0.00960814 0.54509804 0.71372549 0.60000000
v 0.04807606 0.00779456 -0.01010647 0.54509804 0.71372549 0.60000000
v 0.04893304 0.00779456 -0.01254214 0.54509804 0.71372549 0.60000000
v 0.04910050 0.00779456 -0.01310206 0.54509804 0.71372549 0.60000000
v 0.04552483 0.01872074 -0.00185319 0.54509804 0.71372549 0.60000000
v 0.04886409 0.01672159 -0.01179744 0.54509804 0.71372549 0.60000000
v 0.04900199 0.01593968 -0.01231817 0.54509804 0.71372549 0.60000000
v 0.04929751 0.00779456 -0.01385236 0.54509804 0.71372549 0.60000000
v -0.04814195 0.00779456 -0.00784998 0.54509804 0.71372549 0.60000000
v -0.04799420 0.00840404 -0.00734605 0.54509804 0.71372549 0.60000000
v -0.04780704 0.01072414 -0.00685331 0.54509804 0.71372549 0.60000000
v -0.04749183 0.01072414 -0.00585665 0.54509804 0.71372549 0.60000000
v -0.04715692 0.01172457 -0.00488238 0.54509804 0.71372549 0.60000000
v -0.04697961 0.01172457 -0.00438405 0.54509804 0.71372549 0.60000000
v -0.04678261 0.01172457 -0.00385772 0.54509804 0.71372549 0.60000000
v -0.04639844 0.01272329 -0.00285546 0.54509804 0.71372549 0.60000000
v -0.04639844 0.01172457 -0.00285546 0.54509804 0.71372549 0.60000000
v -0.04610293 0.01372372 -0.00209956 0.54509804 0.71372549 0.60000000
v -0.04588623 0.01372372 -0.00160123 0.54509804 0.71372549 0.60000000
v -0.04491104 0.01172457 0.00046489 0.54509804 0.71372549 0.60000000
v -0.04458598 0.01172457 0.00114240 0.54509804 0.71372549 0.60000000
v -0.04457613 0.01272329 0.00114240 0.54509804 0.71372549 0.60000000
v -0.04416242 0.01172457 0.00197109 0.54509804 0.71372549 0.60000000
v -0.04389646 0.01172457 0.00247502 0.54509804 0.71372549 0.60000000
v -0.04388661 0.01272329 0.00246382 0.54509804 0.71372549 0.60000000
v -0.04387676 0.01372372 0.00243022 0.54509804 0.71372549 0.60000000
v -0.04306903 0.01572287 0.00377964 0.54509804 0.71372549 0.60000000
v -0.04304933 0.01672159 0.00374044 0.54509804 0.71372549 0.60000000
v -0.04273412 0.01772202 0.00418838 0.54509804 0.71372549 0.60000000
v -0.04275382 0.01871391 0.00404840 0.54509804 0.71372549 0.60000000
v -0.04217265 0.01972116 0.00493868 0.54509804 0.71372549 0.60000000
v -0.04186729 0.01972116 0.00544261 0.54509804 0.71372549 0.60000000
v -0.04104971 0.01972116 0.00672484 0.54509804 0.71372549 0.60000000
v -0.04075421 0.01672159 0.00730716 0.54509804 0.71372549 0.60000000
v -0.04026169 0.01572287 0.00798467 0.54509804 0.71372549 0.60000000
v -0.03986768 0.01572287 0.00848860 0.54509804 0.71372549 0.60000000
v -0.04076405 0.01572287 0.00732956 0.54509804 0.71372549 0.60000000
v -0.03859698 0.00779456 0.01025236 0.54509804 0.71372549 0.60000000
v -0.03141609 0.01772202 0.01699944 0.54509804 0.71372549 0.60000000
v -0.03466670 0.00779456 0.01446299 0.54509804 0.71372549 0.60000000
v -0.01717252 0.01672159 0.02878584 0.54509804 0.71372549 0.60000000
v -0.01602003 0.01714327 0.02964812 0.54509804 0.71372549 0.60000000
v -0.01457203 0.01772202 0.03043201 0.54509804 0.71372549 0.60000000
v -0.01406966 0.01772202 0.03067278 0.54509804 0.71372549 0.60000000
v -0.01348849 0.01772202 0.03086875 0.54509804 0.71372549 0.60000000
v -0.01249361 0.01772202 0.03115431 0.54509804 0.71372549 0.60000000
v -0.01249361 0.01872074 0.03112632 0.54509804 0.71372549 0.60000000
v -0.01357715 0.01879073 0.03081276 0.54509804 0.71372549 0.60000000
v -0.01397116 0.01916973 0.03062798 0.54509804 0.71372549 0.60000000
v -0.01381356 0.01972116 0.03056640 0.54509804 0.71372549 0.60000000
v -0.01346879 0.02067550 0.03035922 0.54509804 0.71372549 0.60000000
v -0.01331119 0.01972116 0.03075117 0.54509804 0.71372549 0.60000000
v -0.01249361 0.01972116 0.03097514 0.54509804 0.71372549 0.60000000
v -0.01249361 0.02048258 0.03075117 0.54509804 0.71372549 0.60000000
v -0.01183364 0.02114327 0.03059999 0.54509804 0.71372549 0.60000000
v -0.01249361 0.02098280 0.03051040 0.54509804 0.71372549 0.60000000
v -0.01348849 0.02151374 0.02985529 0.54509804 0.71372549 0.60000000
v -0.01284822 0.02216419 0.02958093 0.54509804 0.71372549 0.60000000
v -0.01348849 0.02251075 0.02894821 0.54509804 0.71372549 0.60000000
v -0.01243451 0.02271391 0.02911059 0.54509804 0.71372549 0.60000000
v -0.01217840 0.02228540 0.02969851 0.54509804 0.71372549 0.60000000
v -0.01148888 0.02238442 0.02979370 0.54509804 0.71372549 0.60000000
v 0.02503614 0.01833832 0.02465360 0.54509804 0.71372549 0.60000000
v 0.01549117 0.02152227 0.02782837 0.54509804 0.71372549 0.60000000
v 0.01449629 0.02072159 0.02834910 0.54509804 0.71372549 0.60000000
v 0.01549117 0.02072159 0.02814753 0.54509804 0.71372549 0.60000000
v 0.01657471 0.02080354 0.02785636 0.54509804 0.71372549 0.60000000
v 0.01732334 0.02052355 0.02773318 0.54509804 0.71372549 0.60000000
v 0.01758930 0.02080354 0.02755400 0.54509804 0.71372549 0.60000000
v 0.01649591 0.01972116 0.02811953 0.54509804 0.71372549 0.60000000
v 0.01758930 0.01981165 0.02780597 0.54509804 0.71372549 0.60000000
v 0.01810151 0.01954020 0.02767719 0.54509804 0.71372549 0.60000000
v 0.01845612 0.01981165 0.02749241 0.54509804 0.71372549 0.60000000
v 0.01869253 0.01872074 0.02751481 0.54509804 0.71372549 0.60000000
v 0.02319413 0.01672159 0.02572305 0.54509804 0.71372549 0.60000000
v 0.02368665 0.01672159 0.02549908 0.54509804 0.71372549 0.60000000
v 0.02449438 0.01772202 0.02500635 0.54509804 0.71372549 0.60000000
v 0.02188404 0.01172457 0.02659653 0.54509804 0.71372549 0.60000000
v 0.02188404 0.01072414 0.02660213 0.54509804 0.71372549 0.60000000
v 0.02178553 0.00972371 0.02657414 0.54509804 0.71372549 0.60000000
v 0.02249476 0.00972371 0.02624938 0.54509804 0.71372549 0.60000000
v 0.02329264 0.00972371 0.02581824 0.54509804 0.71372549 0.60000000
v 0.02320398 0.00872499 0.02575665 0.54509804 0.71372549 0.60000000
v 0.02358815 0.00779456 0.02539270 0.54509804 0.71372549 0.60000000
v 0.02309563 0.00779456 0.02569506 0.54509804 0.71372549 0.60000000
v 0.02449438 0.01672159 0.02512393 0.54509804 0.71372549 0.60000000
v 0.02380485 0.01572287 0.02555508 0.54509804 0.71372549 0.60000000
v 0.02392306 0.01472415 0.02560547 0.54509804 0.71372549 0.60000000
v 0.02249476 0.01372372 0.02629418 0.54509804 0.71372549 0.60000000
v 0.02186434 0.01272329 0.02658533 0.54509804 0.71372549 0.60000000
v 0.04293419 0.00779456 0.00250861 0.54509804 0.71372549 0.60000000
v 0.01123583 0.02126961 0.02866265 0.54509804 0.71372549 0.60000000
v 0.01190565 0.02119278 0.02862346 0.54509804 0.71372549 0.60000000
v -0.01149873 0.02166227 0.03033683 0.54509804 0.71372549 0.60000000
v -0.01117367 0.02128839 0.03067278 0.54509804 0.71372549 0.60000000
v -0.01049399 0.02072159 0.03098074 0.54509804 0.71372549 0.60000000
v -0.00948926 0.02072159 0.03101433 0.54509804 0.71372549 0.60000000
v -0.00849438 0.02072159 0.03095834 0.54509804 0.71372549 0.60000000
v 0.01049706 0.02072159 0.02895941 0.54509804 0.71372549 0.60000000
v 0.04318045 0.00779456 0.00194869 0.54509804 0.71372549 0.60000000
v 0.04387982 0.00779456 0.00031371 0.54509804 0.71372549 0.60000000
v 0.04407683 0.00779456 -0.00015103 0.54509804 0.71372549 0.60000000
v 0.04480576 0.00779456 -0.00187559 0.54509804 0.71372549 0.60000000
v 0.04591884 0.00779456 -0.00452963 0.54509804 0.71372549 0.60000000
v 0.04612570 0.00779456 -0.00502796 0.54509804 0.71372549 0.60000000
v 0.04646061 0.00779456 -0.00585665 0.54509804 0.71372549 0.60000000
v 0.04682507 0.00779456 -0.00678612 0.54509804 0.71372549 0.60000000
v -0.04799420 0.00779456 -0.00734605 0.54509804 0.71372549 0.60000000
v -0.04749183 0.00972371 -0.00585665 0.54509804 0.71372549 0.60000000
v -0.04715692 0.01072414 -0.00488798 0.54509804 0.71372549 0.60000000
v -0.04697961 0.01072414 -0.00438965 0.54509804 0.71372549 0.60000000
v -0.04677276 0.01072414 -0.00385772 0.54509804 0.71372549 0.60000000
v -0.04694021 0.00779456 -0.00440645 0.54509804 0.71372549 0.60000000
v -0.04672351 0.00779456 -0.00385772 0.54509804 0.71372549 0.60000000
v -0.04605368 0.00779456 -0.00220595 0.54509804 0.71372549 0.60000000
v -0.04584683 0.00779456 -0.00170761 0.54509804 0.71372549 0.60000000
v -0.04549221 0.00972371 -0.00085653 0.54509804 0.71372549 0.60000000
v -0.04513760 0.01072414 -0.00004464 0.54509804 0.71372549 0.60000000
v -0.04490119 0.01072414 0.00045369 0.54509804 0.71372549 0.60000000
v -0.04456628 0.01072414 0.00114240 0.54509804 0.71372549 0.60000000
v -0.04415257 0.01072414 0.00195429 0.54509804 0.71372549 0.60000000
v -0.04388661 0.01072414 0.00245262 0.54509804 0.71372549 0.60000000
v -0.04350245 0.01072414 0.00313573 0.54509804 0.71372549 0.60000000
v -0.04310843 0.01172457 0.00383563 0.54509804 0.71372549 0.60000000
v -0.04350245 0.01272329 0.00313573 0.54509804 0.71372549 0.60000000
v -0.04348274 0.01372372 0.00313573 0.54509804 0.71372549 0.60000000
v -0.04307888 0.01472415 0.00379644 0.54509804 0.71372549 0.60000000
v -0.04277352 0.01572287 0.00427797 0.54509804 0.71372549 0.60000000
v -0.04275382 0.01672159 0.00423878 0.54509804 0.71372549 0.60000000
v -0.04220220 0.01872074 0.00499467 0.54509804 0.71372549 0.60000000
v -0.04189684 0.01872074 0.00549301 0.54509804 0.71372549 0.60000000
v -0.04192639 0.01772202 0.00553220 0.54509804 0.71372549 0.60000000
v -0.04194610 0.01672159 0.00556580 0.54509804 0.71372549 0.60000000
v -0.04160133 0.01572287 0.00613692 0.54509804 0.71372549 0.60000000
v -0.04110882 0.01672159 0.00680883 0.54509804 0.71372549 0.60000000
v -0.04112852 0.01572287 0.00683122 0.54509804 0.71372549 0.60000000
v -0.03900085 0.00779456 0.00973163 0.54509804 0.71372549 0.60000000
v -0.04028139 0.00779456 0.00802946 0.54509804 0.71372549 0.60000000
v -0.03990708 0.00779456 0.00852779 0.54509804 0.71372549 0.60000000
v -0.03944411 0.00779456 0.00914371 0.54509804 0.71372549 0.60000000
v -0.03186921 0.00779456 0.01654590 0.54509804 0.71372549 0.60000000
v -0.01710356 0.01594310 0.02872424 0.54509804 0.71372549 0.60000000
v -0.01640419 0.01677451 0.02932896 0.54509804 0.71372549 0.60000000
v -0.01589197 0.01647746 0.02958653 0.54509804 0.71372549 0.60000000
v -0.01553736 0.01677451 0.02982729 0.54509804 0.71372549 0.60000000
v -0.01400071 0.01720473 0.03063918 0.54509804 0.71372549 0.60000000
v -0.01249361 0.01672159 0.03106473 0.54509804 0.71372549 0.60000000
v -0.01148888 0.01672159 0.03128870 0.54509804 0.71372549 0.60000000
v -0.01148888 0.01772202 0.03135589 0.54509804 0.71372549 0.60000000
v -0.01148888 0.01872074 0.03132789 0.54509804 0.71372549 0.60000000
v -0.01148888 0.01972116 0.03117111 0.54509804 0.71372549 0.60000000
v -0.01149873 0.02077452 0.03082956 0.54509804 0.71372549 0.60000000
v -0.01250346 0.02178689 0.02997288 0.54509804 0.71372549 0.60000000
v 0.01249668 0.02106645 0.02857866 0.54509804 0.71372549 0.60000000
v 0.01358021 0.02071306 0.02851707 0.54509804 0.71372549 0.60000000
v 0.01397422 0.02019748 0.02862906 0.54509804 0.71372549 0.60000000
v 0.01549117 0.01972116 0.02835469 0.54509804 0.71372549 0.60000000
v 0.01420078 0.01953166 0.02868505 0.54509804 0.71372549 0.60000000
v 0.01549117 0.01872074 0.02847228 0.54509804 0.71372549 0.60000000
v 0.01649591 0.01872074 0.02822591 0.54509804 0.71372549 0.60000000
v 0.01749079 0.01872074 0.02793475 0.54509804 0.71372549 0.60000000
v 0.01819016 0.01872074 0.02771078 0.54509804 0.71372549 0.60000000
v 0.02136197 0.01272329 0.02676451 0.54509804 0.71372549 0.60000000
v 0.02139152 0.01172457 0.02677011 0.54509804 0.71372549 0.60000000
v 0.02049514 0.01172457 0.02705567 0.54509804 0.71372549 0.60000000
v 0.02049514 0.01072414 0.02702208 0.54509804 0.71372549 0.60000000
v 0.02128317 0.00972371 0.02671972 0.54509804 0.71372549 0.60000000
v 0.02049514 0.00872499 0.02684850 0.54509804 0.71372549 0.60000000
v 0.02110586 0.00872499 0.02666932 0.54509804 0.71372549 0.60000000
v 0.02100736 0.00819405 0.02664133 0.54509804 0.71372549 0.60000000
v 0.02160823 0.00872499 0.02650135 0.54509804 0.71372549 0.60000000
v 0.02249476 0.00872499 0.02612620 0.54509804 0.71372549 0.60000000
v 0.02249476 0.00779456 0.02598622 0.54509804 0.71372549 0.60000000
v 0.02180524 0.01372372 0.02656294 0.54509804 0.71372549 0.60000000
v 0.01154119 0.02080354 0.02880263 0.54509804 0.71372549 0.60000000
v 0.01249668 0.02056624 0.02874664 0.54509804 0.71372549 0.60000000
v -0.01049399 0.01972116 0.03128870 0.54509804 0.71372549 0.60000000
v -0.00948926 0.01972116 0.03132229 0.54509804 0.71372549 0.60000000
v -0.00849438 0.01972116 0.03126070 0.54509804 0.71372549 0.60000000
v 0.01049706 0.01972116 0.02925617 0.54509804 0.71372549 0.60000000
v -0.04798435 0.00779456 -0.00731805 0.54509804 0.71372549 0.60000000
v -0.04744258 0.00779456 -0.00578946 0.54509804 0.71372549 0.60000000
v -0.04712737 0.00779456 -0.00491038 0.54509804 0.71372549 0.60000000
v -0.04546266 0.00779456 -0.00085653 0.54509804 0.71372549 0.60000000
v -0.04512775 0.00972371 -0.00006704 0.54509804 0.71372549 0.60000000
v -0.04510805 0.00779456 -0.00012303 0.54509804 0.71372549 0.60000000
v -0.04483224 0.00779456 0.00043130 0.54509804 0.71372549 0.60000000
v -0.04410332 0.00779456 0.00185910 0.54509804 0.71372549 0.60000000
v -0.04380781 0.00779456 0.00241343 0.54509804 0.71372549 0.60000000
v -0.04337439 0.00779456 0.00318052 0.54509804 0.71372549 0.60000000
v -0.04273412 0.00779456 0.00430597 0.54509804 0.71372549 0.60000000
v -0.04308873 0.00972371 0.00379644 0.54509804 0.71372549 0.60000000
v -0.04309858 0.01072414 0.00382443 0.54509804 0.71372549 0.60000000
v -0.04280307 0.01172457 0.00433396 0.54509804 0.71372549 0.60000000
v -0.04280307 0.01272329 0.00432836 0.54509804 0.71372549 0.60000000
v -0.04309858 0.01272329 0.00383003 0.54509804 0.71372549 0.60000000
v -0.04278337 0.01472415 0.00429477 0.54509804 0.71372549 0.60000000
v -0.04228101 0.01472415 0.00512346 0.54509804 0.71372549 0.60000000
v -0.04197565 0.01472415 0.00562179 0.54509804 0.71372549 0.60000000
v -0.04196580 0.01572287 0.00559379 0.54509804 0.71372549 0.60000000
v -0.04223175 0.01772202 0.00502827 0.54509804 0.71372549 0.60000000
v -0.04078376 0.00779456 0.00732956 0.54509804 0.71372549 0.60000000
v -0.04162103 0.01472415 0.00613692 0.54509804 0.71372549 0.60000000
v -0.02853980 0.00779456 0.01898157 0.54509804 0.71372549 0.60000000
v -0.01695581 0.01527728 0.02861786 0.54509804 0.71372549 0.60000000
v -0.01657165 0.01565629 0.02895382 0.54509804 0.71372549 0.60000000
v -0.02778132 0.00779456 0.01953589 0.54509804 0.71372549 0.60000000
v -0.02731836 0.00779456 0.01984945 0.54509804 0.71372549 0.60000000
v -0.02605751 0.00779456 0.02067814 0.54509804 0.71372549 0.60000000
v -0.01523200 0.01590725 0.02975450 0.54509804 0.71372549 0.60000000
v -0.01439472 0.01681036 0.03038162 0.54509804 0.71372549 0.60000000
v -0.01383325 0.01653721 0.03057199 0.54509804 0.71372549 0.60000000
v -0.01349834 0.01681036 0.03074557 0.54509804 0.71372549 0.60000000
v -0.01148888 0.01572287 0.03112072 0.54509804 0.71372549 0.60000000
v -0.01316343 0.01600797 0.03069518 0.54509804 0.71372549 0.60000000
v -0.01253301 0.01569384 0.03082396 0.54509804 0.71372549 0.60000000
v -0.01049399 0.01572287 0.03128870 0.54509804 0.71372549 0.60000000
v -0.01049399 0.01672159 0.03142868 0.54509804 0.71372549 0.60000000
v -0.01049399 0.01772202 0.03147347 0.54509804 0.71372549 0.60000000
v -0.01049399 0.01872074 0.03143988 0.54509804 0.71372549 0.60000000
v 0.01330440 0.02037503 0.02868505 0.54509804 0.71372549 0.60000000
v 0.01249668 0.01972116 0.02898181 0.54509804 0.71372549 0.60000000
v 0.01358021 0.01980652 0.02876904 0.54509804 0.71372549 0.60000000
v 0.01451599 0.01980652 0.02856746 0.54509804 0.71372549 0.60000000
v 0.01438794 0.01872074 0.02871864 0.54509804 0.71372549 0.60000000
v 0.01489031 0.01872074 0.02861226 0.54509804 0.71372549 0.60000000
v 0.01249668 0.01872074 0.02909939 0.54509804 0.71372549 0.60000000
v 0.01349156 0.01872074 0.02890342 0.54509804 0.71372549 0.60000000
v 0.01549117 0.01772202 0.02850587 0.54509804 0.71372549 0.60000000
v 0.01649591 0.01772202 0.02824831 0.54509804 0.71372549 0.60000000
v 0.01749079 0.01772202 0.02795155 0.54509804 0.71372549 0.60000000
v 0.01823942 0.01772202 0.02771638 0.54509804 0.71372549 0.60000000
v 0.01949041 0.01172457 0.02735243 0.54509804 0.71372549 0.60000000
v 0.01949041 0.01072414 0.02730204 0.54509804 0.71372549 0.60000000
v 0.02049514 0.00972371 0.02694369 0.54509804 0.71372549 0.60000000
v 0.02050499 0.00779456 0.02673651 0.54509804 0.71372549 0.60000000
v 0.01949041 0.00872499 0.02711166 0.54509804 0.71372549 0.60000000
v 0.01955936 0.00779456 0.02698848 0.54509804 0.71372549 0.60000000
v 0.02090886 0.00779456 0.02660773 0.54509804 0.71372549 0.60000000
v 0.02138167 0.00779456 0.02643975 0.54509804 0.71372549 0.60000000
v 0.02140137 0.00780651 0.02643416 0.54509804 0.71372549 0.60000000
v 0.01149194 0.01972116 0.02912739 0.54509804 0.71372549 0.60000000
v -0.00948926 0.01872074 0.03147907 0.54509804 0.71372549 0.60000000
v -0.00849438 0.01872074 0.03145107 0.54509804 0.71372549 0.60000000
v -0.00748964 0.01872074 0.03136708 0.54509804 0.71372549 0.60000000
v 0.01049706 0.01872074 0.02937936 0.54509804 0.71372549 0.60000000
v -0.00748964 0.01772202 0.03151826 0.54509804 0.71372549 0.60000000
v -0.04224160 0.00779456 0.00511786 0.54509804 0.71372549 0.60000000
v -0.04279322 0.01072414 0.00432277 0.54509804 0.71372549 0.60000000
v -0.04195594 0.00779456 0.00558259 0.54509804 0.71372549 0.60000000
v -0.04197565 0.01372372 0.00562179 0.54509804 0.71372549 0.60000000
v -0.04230071 0.01372372 0.00511786 0.54509804 0.71372549 0.60000000
v -0.04109897 0.00779456 0.00687042 0.54509804 0.71372549 0.60000000
v -0.01624659 0.01472415 0.02876344 0.54509804 0.71372549 0.60000000
v -0.01497589 0.01524143 0.02962572 0.54509804 0.71372549 0.60000000
v -0.01553736 0.01563409 0.02949134 0.54509804 0.71372549 0.60000000
v -0.02549605 0.00779456 0.02100849 0.54509804 0.71372549 0.60000000
v -0.02543694 0.00779456 0.02104209 0.54509804 0.71372549 0.60000000
v -0.02463907 0.00779456 0.02149003 0.54509804 0.71372549 0.60000000
v -0.02219618 0.00779456 0.02282265 0.54509804 0.71372549 0.60000000
v -0.02148696 0.00779456 0.02319780 0.54509804 0.71372549 0.60000000
v -0.01458188 0.01563409 0.02996168 0.54509804 0.71372549 0.60000000
v -0.01349834 0.01569384 0.03047121 0.54509804 0.71372549 0.60000000
v -0.01222765 0.01498194 0.03071197 0.54509804 0.71372549 0.60000000
v -0.01152828 0.01467805 0.03081836 0.54509804 0.71372549 0.60000000
v -0.00753889 0.00779456 0.02985529 0.54509804 0.71372549 0.60000000
v -0.00649476 0.00779456 0.03010725 0.54509804 0.71372549 0.60000000
v -0.01049399 0.01472415 0.03107032 0.54509804 0.71372549 0.60000000
v -0.01289747 0.01534216 0.03059999 0.54509804 0.71372549 0.60000000
v -0.00948926 0.01472415 0.03122710 0.54509804 0.71372549 0.60000000
v -0.00948926 0.01572287 0.03141748 0.54509804 0.71372549 0.60000000
v -0.00948926 0.01672159 0.03153506 0.54509804 0.71372549 0.60000000
v -0.00948926 0.01772202 0.03154066 0.54509804 0.71372549 0.60000000
v 0.01149194 0.01872074 0.02925058 0.54509804 0.71372549 0.60000000
v 0.01493956 0.01772202 0.02862346 0.54509804 0.71372549 0.60000000
v 0.01049706 0.01772202 0.02940175 0.54509804 0.71372549 0.60000000
v 0.01149194 0.01772202 0.02925058 0.54509804 0.71372549 0.60000000
v 0.01249668 0.01772202 0.02908819 0.54509804 0.71372549 0.60000000
v 0.01349156 0.01772202 0.02890342 0.54509804 0.71372549 0.60000000
v 0.01443719 0.01772202 0.02872424 0.54509804 0.71372549 0.60000000
v 0.01649591 0.01672159 0.02823151 0.54509804 0.71372549 0.60000000
v 0.01485090 0.01672159 0.02860666 0.54509804 0.71372549 0.60000000
v 0.01549117 0.01372372 0.02836030 0.54509804 0.71372549 0.60000000
v 0.01649591 0.01472415 0.02818112 0.54509804 0.71372549 0.60000000
v 0.01824927 0.01272329 0.02770518 0.54509804 0.71372549 0.60000000
v 0.01875163 0.01272329 0.02757080 0.54509804 0.71372549 0.60000000
v 0.01870238 0.01172457 0.02756520 0.54509804 0.71372549 0.60000000
v 0.01845612 0.01065073 0.02755400 0.54509804 0.71372549 0.60000000
v 0.01949041 0.00972371 0.02720685 0.54509804 0.71372549 0.60000000
v 0.01949041 0.00779456 0.02700528 0.54509804 0.71372549 0.60000000
v 0.01849553 0.00972371 0.02745322 0.54509804 0.71372549 0.60000000
v 0.01849553 0.00872499 0.02735243 0.54509804 0.71372549 0.60000000
v 0.01703768 0.00815991 0.02764359 0.54509804 0.71372549 0.60000000
v -0.00849438 0.01772202 0.03155746 0.54509804 0.71372549 0.60000000
v 0.00882250 0.01772202 0.02962572 0.54509804 0.71372549 0.60000000
v 0.00949232 0.01772202 0.02954173 0.54509804 0.71372549 0.60000000
v -0.00649476 0.01672159 0.03145667 0.54509804 0.71372549 0.60000000
v -0.00748964 0.01672159 0.03155186 0.54509804 0.71372549 0.60000000
v -0.01602988 0.01418808 0.02865145 0.54509804 0.71372549 0.60000000
v -0.01474934 0.01472415 0.02951934 0.54509804 0.71372549 0.60000000
v -0.01425682 0.01472415 0.02976011 0.54509804 0.71372549 0.60000000
v -0.02076789 0.00779456 0.02355055 0.54509804 0.71372549 0.60000000
v -0.01402041 0.01419832 0.02964812 0.54509804 0.71372549 0.60000000
v -0.01348849 0.01472415 0.03010166 0.54509804 0.71372549 0.60000000
v -0.00774575 0.00779456 0.02979370 0.54509804 0.71372549 0.60000000
v -0.00948926 0.01372372 0.03100314 0.54509804 0.71372549 0.60000000
v -0.00642581 0.00779456 0.03011845 0.54509804 0.71372549 0.60000000
v -0.01253301 0.01467805 0.03049361 0.54509804 0.71372549 0.60000000
v -0.00849438 0.01372372 0.03114312 0.54509804 0.71372549 0.60000000
v -0.00849438 0.01472415 0.03132789 0.54509804 0.71372549 0.60000000
v -0.00849438 0.01572287 0.03149027 0.54509804 0.71372549 0.60000000
v -0.00849438 0.01672159 0.03157985 0.54509804 0.71372549 0.60000000
v 0.00896041 0.01672159 0.02963132 0.54509804 0.71372549 0.60000000
v 0.01349156 0.01672159 0.02888102 0.54509804 0.71372549 0.60000000
v 0.01349156 0.01572287 0.02884743 0.54509804 0.71372549 0.60000000
v 0.01409243 0.01372372 0.02865706 0.54509804 0.71372549 0.60000000
v 0.00896041 0.01572287 0.02963132 0.54509804 0.71372549 0.60000000
v 0.01249668 0.01672159 0.02907140 0.54509804 0.71372549 0.60000000
v 0.01441749 0.01272329 0.02855067 0.54509804 0.71372549 0.60000000
v 0.01549117 0.01272329 0.02832110 0.54509804 0.71372549 0.60000000
v 0.01649591 0.01272329 0.02810273 0.54509804 0.71372549 0.60000000
v 0.01749079 0.01272329 0.02788436 0.54509804 0.71372549 0.60000000
v 0.01820002 0.01172457 0.02768279 0.54509804 0.71372549 0.60000000
v 0.01810151 0.01093584 0.02766039 0.54509804 0.71372549 0.60000000
v 0.01797346 0.01027002 0.02763239 0.54509804 0.71372549 0.60000000
v 0.01742184 0.00779456 0.02749801 0.54509804 0.71372549 0.60000000
v 0.01786510 0.00972371 0.02760440 0.54509804 0.71372549 0.60000000
v 0.01765825 0.00872499 0.02755400 0.54509804 0.71372549 0.60000000
v 0.01649591 0.00872499 0.02781717 0.54509804 0.71372549 0.60000000
v 0.01549117 0.00872499 0.02802434 0.54509804 0.71372549 0.60000000
v 0.01549117 0.00779456 0.02791795 0.54509804 0.71372549 0.60000000
v 0.01649591 0.00779456 0.02771078 0.54509804 0.71372549 0.60000000
v 0.01715588 0.00872499 0.02767159 0.54509804 0.71372549 0.60000000
v 0.00845804 0.01672159 0.02969291 0.54509804 0.71372549 0.60000000
v -0.00649476 0.01572287 0.03143427 0.54509804 0.71372549 0.60000000
v -0.00549003 0.01572287 0.03132229 0.54509804 0.71372549 0.60000000
v 0.00749271 0.01472415 0.02982169 0.54509804 0.71372549 0.60000000
v 0.00845804 0.01572287 0.02970411 0.54509804 0.71372549 0.60000000
v -0.00748964 0.01572287 0.03148467 0.54509804 0.71372549 0.60000000
v -0.00814962 0.00800113 0.02970971 0.54509804 0.71372549 0.60000000
v -0.01948734 0.00779456 0.02417206 0.54509804 0.71372549 0.60000000
v -0.00853378 0.00779456 0.02944094 0.54509804 0.71372549 0.60000000
v -0.00836632 0.00779456 0.02951934 0.54509804 0.71372549 0.60000000
v -0.00549003 0.00779456 0.03022484 0.54509804 0.71372549 0.60000000
v -0.00748964 0.01372372 0.03121591 0.54509804 0.71372549 0.60000000
v -0.00542107 0.00779456 0.03023044 0.54509804 0.71372549 0.60000000
v -0.00748964 0.01472415 0.03137269 0.54509804 0.71372549 0.60000000
v 0.01249668 0.01572287 0.02904340 0.54509804 0.71372549 0.60000000
v 0.01249668 0.01472415 0.02900420 0.54509804 0.71372549 0.60000000
v 0.01403333 0.01305620 0.02864026 0.54509804 0.71372549 0.60000000
v 0.00838909 0.01472415 0.02969851 0.54509804 0.71372549 0.60000000
v 0.00889145 0.01472415 0.02962012 0.54509804 0.71372549 0.60000000
v 0.01149194 0.01572287 0.02921697 0.54509804 0.71372549 0.60000000
v 0.01394467 0.01239038 0.02862906 0.54509804 0.71372549 0.60000000
v 0.01449629 0.01172457 0.02847788 0.54509804 0.71372549 0.60000000
v 0.01549117 0.01172457 0.02827070 0.54509804 0.71372549 0.60000000
v 0.01649591 0.01172457 0.02805793 0.54509804 0.71372549 0.60000000
v 0.01749079 0.01172457 0.02783956 0.54509804 0.71372549 0.60000000
v 0.01649591 0.01072414 0.02798514 0.54509804 0.71372549 0.60000000
v 0.01649591 0.00972371 0.02790676 0.54509804 0.71372549 0.60000000
v 0.01549117 0.00972371 0.02811392 0.54509804 0.71372549 0.60000000
v 0.01449629 0.00972371 0.02830990 0.54509804 0.71372549 0.60000000
v 0.01449629 0.00872499 0.02821471 0.54509804 0.71372549 0.60000000
v 0.01449629 0.00779456 0.02810833 0.54509804 0.71372549 0.60000000
v -0.00649476 0.01472415 0.03135589 0.54509804 0.71372549 0.60000000
v -0.00549003 0.01472415 0.03128310 0.54509804 0.71372549 0.60000000
v 0.00449821 0.01072414 0.03004566 0.54509804 0.71372549 0.60000000
v 0.00549309 0.01172457 0.02997288 0.54509804 0.71372549 0.60000000
v 0.00649782 0.01272329 0.02988889 0.54509804 0.71372549 0.60000000
v 0.00749271 0.01372372 0.02979370 0.54509804 0.71372549 0.60000000
v -0.00449514 0.00779456 0.03028643 0.54509804 0.71372549 0.60000000
v -0.00349041 0.00779456 0.03033122 0.54509804 0.71372549 0.60000000
v -0.00249553 0.00779456 0.03037042 0.54509804 0.71372549 0.60000000
v -0.00149079 0.00779456 0.03037042 0.54509804 0.71372549 0.60000000
v -0.00649476 0.01372372 0.03122710 0.54509804 0.71372549 0.60000000
v 0.01049706 0.01472415 0.02935136 0.54509804 0.71372549 0.60000000
v 0.01249668 0.01272329 0.02890342 0.54509804 0.71372549 0.60000000
v 0.01357036 0.01272329 0.02871305 0.54509804 0.71372549 0.60000000
v 0.00825118 0.01372372 0.02967612 0.54509804 0.71372549 0.60000000
v 0.00949232 0.01272329 0.02942415 0.54509804 0.71372549 0.60000000
v 0.01049706 0.01172457 0.02919458 0.54509804 0.71372549 0.60000000
v 0.01249668 0.01172457 0.02884183 0.54509804 0.71372549 0.60000000
v 0.01382647 0.01172457 0.02860666 0.54509804 0.71372549 0.60000000
v 0.01449629 0.01072414 0.02839949 0.54509804 0.71372549 0.60000000
v 0.01549117 0.01072414 0.02819791 0.54509804 0.71372549 0.60000000
v 0.01349156 0.01062512 0.02857866 0.54509804 0.71372549 0.60000000
v 0.01287099 0.00972371 0.02861226 0.54509804 0.71372549 0.60000000
v 0.01216176 0.00890596 0.02866825 0.54509804 0.71372549 0.60000000
v 0.01249668 0.00863280 0.02857866 0.54509804 0.71372549 0.60000000
v 0.01198446 0.00824015 0.02863465 0.54509804 0.71372549 0.60000000
v 0.01182685 0.00779456 0.02860666 0.54509804 0.71372549 0.60000000
v -0.00049591 0.00779456 0.03032002 0.54509804 0.71372549 0.60000000
v 0.00049897 0.00779456 0.03026403 0.54509804 0.71372549 0.60000000
v 0.00149386 0.00872499 0.03026403 0.54509804 0.71372549 0.60000000
v 0.00249859 0.00972371 0.03020804 0.54509804 0.71372549 0.60000000
v 0.00349347 0.01072414 0.03015205 0.54509804 0.71372549 0.60000000
v 0.00249859 0.00872499 0.03015205 0.54509804 0.71372549 0.60000000
v 0.00449821 0.00972371 0.02996727 0.54509804 0.71372549 0.60000000
v 0.00549309 0.01072414 0.02991128 0.54509804 0.71372549 0.60000000
v 0.00649782 0.01172457 0.02983289 0.54509804 0.71372549 0.60000000
v 0.00759121 0.01262427 0.02972091 0.54509804 0.71372549 0.60000000
v 0.01049706 0.01272329 0.02925058 0.54509804 0.71372549 0.60000000
v 0.00799507 0.01222478 0.02963692 0.54509804 0.71372549 0.60000000
v 0.00811328 0.01289230 0.02965372 0.54509804 0.71372549 0.60000000
v 0.00849744 0.01172457 0.02952493 0.54509804 0.71372549 0.60000000
v 0.00949232 0.01172457 0.02936256 0.54509804 0.71372549 0.60000000
v 0.01049706 0.01072414 0.02911619 0.54509804 0.71372549 0.60000000
v 0.01149194 0.01072414 0.02894262 0.54509804 0.71372549 0.60000000
v 0.01314680 0.01089145 0.02866265 0.54509804 0.71372549 0.60000000
v 0.01298919 0.01022564 0.02863465 0.54509804 0.71372549 0.60000000
v 0.01149194 0.00972371 0.02885863 0.54509804 0.71372549 0.60000000
v 0.01159044 0.00863280 0.02874104 0.54509804 0.71372549 0.60000000
v 0.00856639 0.00779456 0.02917778 0.54509804 0.71372549 0.60000000
v 0.01140329 0.00779456 0.02868505 0.54509804 0.71372549 0.60000000
v 0.00149386 0.00779456 0.03018565 0.54509804 0.71372549 0.60000000
v 0.00156281 0.00779456 0.03018005 0.54509804 0.71372549 0.60000000
v 0.00249859 0.00779456 0.03006806 0.54509804 0.71372549 0.60000000
v 0.00581815 0.00779456 0.02960333 0.54509804 0.71372549 0.60000000
v 0.00615306 0.00895547 0.02965932 0.54509804 0.71372549 0.60000000
v 0.00649782 0.01072414 0.02976011 0.54509804 0.71372549 0.60000000
v 0.00788672 0.01172457 0.02962012 0.54509804 0.71372549 0.60000000
v 0.00849744 0.01072414 0.02944655 0.54509804 0.71372549 0.60000000
v 0.00949232 0.01072414 0.02928417 0.54509804 0.71372549 0.60000000
v 0.00849744 0.00872499 0.02927297 0.54509804 0.71372549 0.60000000
v 0.01049706 0.00972371 0.02902660 0.54509804 0.71372549 0.60000000
v 0.01049706 0.00872499 0.02893702 0.54509804 0.71372549 0.60000000
v 0.00849744 0.00779456 0.02918898 0.54509804 0.71372549 0.60000000
v 0.00649782 0.00779456 0.02950254 0.54509804 0.71372549 0.60000000
v 0.00749271 0.00779456 0.02935136 0.54509804 0.71372549 0.60000000
v 0.00682289 0.00954446 0.02960892 0.54509804 0.71372549 0.60000000
f 1 2 3
f 1 3 4
f 1 4 5
f 1 5 6
f 1 6 7
f 1 7 24
f 1 24 52
f 1 52 81
f 1 81 117
f 1 117 158
f 1 158 161
f 1 161 206
f 1 206 203
f 1 203 243
f 1 243 242
f 1 242 292
f 1 292 350
f 1 350 349
f 1 349 348
f 1 348 413
f 1 413 415
f 1 415 495
f 1 495 494
f 1 494 493
f 1 493 567
f 1 567 566
f 1 566 650
f 1 650 765
f 1 765 872
f 1 872 868
f 1 868 867
f 1 867 866
f 1 866 865
f 1 865 864
f 1 864 971
f 1 971 970
f 1 970 969
f 1 969 968
f 1 968 967
f 1 967 966
f 1 966 965
f 1 965 964
f 1 964 955
f 1 955 846
f 1 846 739
f 1 739 731
f 1 731 730
f 1 730 729
f 1 729 728
f 1 728 727
f 1 727 726
f 1 726 725
f 1 725 724
f 1 724 723
f 1 723 722
f 1 722 721
f 1 721 719
f 1 719 837
f 1 837 836
f 1 836 835
f 1 835 948
f 1 948 949
f 1 949 1037
f 1 1037 1104
f 1 1104 1103
f 1 1103 1100
f 1 1100 1102
f 1 1102 1154
f 1 1154 1190
f 1 1190 1196
f 1 1196 1195
f 1 1195 1228
f 1 1228 1255
f 1 1255 1278
f 1 1278 1277
f 1 1277 1291
f 1 1291 1293
f 1 1293 1292
f 1 1292 1282
f 1 1282 1281
f 1 1281 1280
f 1 1280 1279
f 1 1279 1257
f 1 1257 1256
f 1 1256 1238
f 1 1238 1237
f 1 1237 1236
f 1 1236 1235
f 1 1235 1210
f 1 1210 1208
f 1 1208 1171
f 1 1171 1131
f 1 1131 1130
f 1 1130 1169
f 1 1169 1207
f 1 1207 1206
f 1 1206 1205
f 1 1205 1166
f 1 1166 1125
f 1 1125 1124
f 1 1124 1123
f 1 1123 1122
f 1 1122 1121
f 1 1121 1073
f 1 1073 1072
f 1 1072 1071
f 1 1071 1068
f 1 1068 1005
f 1 1005 904
f 1 904 793
f 1 793 684
f 1 684 680
f 1 680 679
f 1 679 678
f 1 678 677
f 1 677 791
f 1 791 902
f 1 902 1001
f 1 1001 1004
f 1 1004 1003
f 1 1003 1002
f 1 1002 1066
f 1 1066 1117
f 1 1117 1114
f 1 1114 1112
f 1 1112 1055
f 1 1055 1054
f 1 1054 1053
f 1 1053 1052
f 1 1052 1051
f 1 1051 1050
f 1 1050 1048
f 1 1048 980
f 1 980 979
f 1 979 978
f 1 978 977
f 1 977 1047
f 1 1047 1046
f 1 1046 1045
f 1 1045 972
f 1 972 873
f 1 873 767
f 1 767 770
f 1 770 766
f 1 766 651
f 1 651 570
f 1 570 569
f 1 569 568
f 1 568 496
f 1 496 416
f 1 416 356
f 1 356 355
f 1 355 354
f 1 354 296
f 1 296 247
f 1 247 244
f 1 244 207
f 1 207 162
f 1 162 118
f 1 118 87
f 1 87 86
f 1 86 85
f 1 85 84
f 1 84 82
f 1 82 53
f 1 53 26
f 1 26 25
f 1 25 9
f 1 9 8
f 1 8 2
f 2 8 3
f 3 8 9
f 3 9 10
f 3 10 11
f 3 11 12
f 3 12 13
f 3 13 14
f 3 14 15
f 3 15 4
f 4 16 17
f 4 17 18
f 4 18 19
f 4 19 20
f 4 20 5
f 4 15 16
f 5 20 19
f 5 19 21
f 5 21 22
f 5 22 23
f 5 23 6
f 6 23 24
f 6 24 7
f 9 25 10
f 10 26 27
f 10 27 11
f 10 25 26
f 11 27 12
f 12 27 28
f 12 28 29
f 12 29 30
f 12 30 13
f 13 30 31
f 13 31 14
f 14 31 32
f 14 32 15
f 15 32 33
f 15 33 34
f 15 34 35
f 15 35 16
f 16 35 36
f 16 36 37
f 16 37 17
f 17 38 39
f 17 39 40
f 17 40 41
f 17 41 42
f 17 42 18
f 17 37 38
f 18 42 19
f 19 42 43
f 19 43 44
f 19 44 45
f 19 45 46
f 19 46 21
f 21 46 45
f 21 45 47
f 21 47 48
f 21 48 49
f 21 49 50
f 21 50 23
f 21 23 22
f 23 50 51
f 23 51 52
f 23 52 24
f 26 53 54
f 26 54 27
f 27 54 55
f 27 55 56
f 27 56 28
f 28 57 58
f 28 58 59
f 28 59 60
f 28 60 61
f 28 61 30
f 28 30 29
f 28 56 57
f 30 61 31
f 31 61 62
f 31 62 32
f 32 62 63
f 32 63 64
f 32 64 33
f 33 64 65
f 33 65 66
f 33 66 34
f 34 66 67
f 34 67 35
f 35 67 36
f 36 67 37
f 37 67 68
f 37 68 69
f 37 69 38
f 38 69 70
f 38 70 39
f 39 70 40
f 40 70 71
f 40 71 72
f 40 72 41
f 41 72 73
f 41 73 42
f 42 73 43
f 43 73 74
f 43 74 75
f 43 75 44
f 44 75 76
f 44 76 48
f 44 48 47
f 44 47 45
f 48 76 77
f 48 77 78
f 48 78 49
f 49 79 52
f 49 52 51
f 49 51 50
f 49 78 80
f 49 80 79
f 52 79 81
f 53 82 83
f 53 83 54
f 54 83 55
f 55 83 82
f 55 82 84
f 55 84 85
f 55 85 86
f 55 86 87
f 55 87 88
f 55 88 89
f 55 89 56
f 56 89 90
f 56 90 91
f 56 91 57
f 57 91 58
f 58 91 92
f 58 92 59
f 59 92 93
f 59 93 94
f 59 94 95
f 59 95 60
f 60 95 96
f 60 96 61
f 61 96 62
f 62 96 63
f 63 96 97
f 63 97 98
f 63 98 99
f 63 99 64
f 64 99 100
f 64 100 65
f 65 100 66
f 66 100 101
f 66 101 102
f 66 102 103
f 66 103 104
f 66 104 67
f 67 104 68
f 68 104 69
f 69 104 105
f 69 105 70
f 70 105 106
f 70 106 107
f 70 107 108
f 70 108 71
f 71 108 109
f 71 109 110
f 71 110 72
f 72 110 111
f 72 111 73
f 73 111 74
f 74 111 153
f 74 153 112
f 74 112 113
f 74 113 114
f 74 114 75
f 75 114 76
f 76 114 78
f 76 78 77
f 78 114 80
f 79 80 115
f 79 115 81
f 80 114 116
f 80 116 157
f 80 157 115
f 81 115 117
f 87 118 89
f 87 89 88
f 89 118 119
f 89 119 120
f 89 120 90
f 90 120 121
f 90 121 91
f 91 121 122
f 91 122 123
f 91 123 92
f 92 124 93
f 92 123 124
f 93 125 94
f 93 124 125
f 94 126 127
f 94 127 95
f 94 125 126
f 95 127 96
f 96 127 128
f 96 128 129
f 96 129 97
f 97 129 98
f 98 129 130
f 98 130 131
f 98 131 132
f 98 132 133
f 98 133 134
f 98 134 101
f 98 101 99
f 99 101 100
f 101 134 135
f 101 135 136
f 101 136 102
f 102 136 137
f 102 137 103
f 103 137 138
f 103 138 139
f 103 139 140
f 103 140 104
f 104 140 141
f 104 141 105
f 105 141 142
f 105 142 106
f 106 142 107
f 107 143 144
f 107 144 108
f 107 142 145
f 107 145 146
f 107 146 147
f 107 147 143
f 108 144 143
f 108 143 109
f 109 143 147
f 109 147 148
f 109 148 149
f 109 149 150
f 109 150 110
f 110 150 111
f 111 150 151
f 111 151 152
f 111 152 153
f 112 153 154
f 112 154 155
f 112 155 156
f 112 156 116
f 112 116 114
f 112 114 113
f 115 157 158
f 115 158 117
f 116 156 159
f 116 159 160
f 116 160 161
f 116 161 157
f 118 162 163
f 118 163 119
f 119 163 120
f 120 163 121
f 121 164 165
f 121 165 122
f 121 163 164
f 122 165 123
f 123 165 166
f 123 166 124
f 124 166 167
f 124 167 168
f 124 168 125
f 125 168 169
f 125 169 126
f 126 169 170
f 126 170 128
f 126 128 127
f 128 170 130
f 128 130 129
f 130 170 171
f 130 171 172
f 130 172 173
f 130 173 174
f 130 174 131
f 131 174 132
f 132 174 173
f 132 173 175
f 132 175 176
f 132 176 177
f 132 177 133
f 133 177 134
f 134 177 135
f 135 177 178
f 135 178 179
f 135 179 180
f 135 180 136
f 136 180 181
f 136 181 182
f 136 182 183
f 136 183 184
f 136 184 137
f 137 184 138
f 138 184 139
f 139 185 186
f 139 186 187
f 139 187 188
f 139 188 142
f 139 142 141
f 139 141 140
f 139 184 185
f 142 188 189
f 142 189 145
f 145 189 190
f 145 190 146
f 146 190 191
f 146 191 192
f 146 192 193
f 146 193 147
f 147 193 194
f 147 194 148
f 148 194 149
f 149 194 195
f 149 195 196
f 149 196 197
f 149 197 151
f 149 151 150
f 151 197 153
f 151 153 152
f 153 197 198
f 153 198 154
f 154 198 199
f 154 199 200
f 154 200 201
f 154 201 155
f 155 201 202
f 155 202 203
f 155 203 204
f 155 204 205
f 155 205 156
f 156 205 159
f 157 161 158
f 159 205 204
f 159 204 160
f 160 204 203
f 160 203 206
f 160 206 161
f 162 207 208
f 162 208 209
f 162 209 163
f 163 209 210
f 163 210 164
f 164 210 211
f 164 211 165
f 165 211 214
f 165 214 166
f 166 212 213
f 166 213 167
f 166 214 212
f 167 213 168
f 168 213 169
f 169 213 170
f 170 213 171
f 171 213 215
f 171 215 172
f 172 216 173
f 172 215 216
f 173 216 217
f 173 217 175
f 175 217 218
f 175 218 219
f 175 219 176
f 176 219 220
f 176 220 181
f 176 181 178
f 176 178 177
f 178 181 179
f 179 181 180
f 181 220 182
f 182 220 183
f 183 220 221
f 183 221 222
f 183 222 223
f 183 223 224
f 183 224 225
f 183 225 184
f 184 225 226
f 184 226 185
f 185 227 228
f 185 228 229
f 185 229 186
f 185 226 225
f 185 225 230
f 185 230 227
f 186 229 187
f 187 229 231
f 187 231 232
f 187 232 189
f 187 189 188
f 189 232 233
f 189 233 190
f 190 233 234
f 190 234 235
f 190 235 191
f 191 235 192
f 192 195 193
f 192 235 236
f 192 236 196
f 192 196 195
f 193 195 194
f 196 236 197
f 197 236 237
f 197 237 199
f 197 199 198
f 199 237 238
f 199 238 239
f 199 239 200
f 200 239 201
f 201 239 240
f 201 240 241
f 201 241 242
f 201 242 202
f 202 242 243
f 202 243 203
f 207 244 208
f 208 245 209
f 208 244 246
f 208 246 247
f 208 247 248
f 208 248 249
f 208 249 250
f 208 250 245
f 209 245 210
f 210 245 251
f 210 251 211
f 211 251 252
f 211 252 214
f 212 214 253
f 212 253 254
f 212 254 213
f 213 254 255
f 213 255 215
f 214 252 253
f 215 255 216
f 216 256 217
f 216 255 256
f 217 256 257
f 217 257 258
f 217 258 259
f 217 259 260
f 217 260 261
f 217 261 218
f 218 261 262
f 218 262 263
f 218 263 264
f 218 264 265
f 218 265 219
f 219 265 266
f 219 266 220
f 220 266 221
f 221 266 322
f 221 322 267
f 221 267 222
f 222 267 223
f 223 267 268
f 223 268 264
f 223 264 263
f 223 263 262
f 223 262 269
f 223 269 270
f 223 270 271
f 223 271 224
f 224 271 270
f 224 270 272
f 224 272 273
f 224 273 274
f 224 274 225
f 225 274 230
f 227 275 276
f 227 276 277
f 227 277 228
f 227 230 278
f 227 278 275
f 228 277 229
f 229 277 231
f 230 274 279
f 230 279 278
f 231 277 276
f 231 276 275
f 231 275 280
f 231 280 281
f 231 281 282
f 231 282 232
f 232 282 283
f 232 283 284
f 232 284 233
f 233 284 234
f 234 284 285
f 234 285 235
f 235 285 286
f 235 286 287
f 235 287 236
f 236 287 238
f 236 238 237
f 238 287 288
f 238 288 239
f 239 288 289
f 239 289 240
f 240 289 290
f 240 290 291
f 240 291 241
f 241 291 292
f 241 292 242
f 244 247 246
f 245 250 293
f 245 293 294
f 245 294 295
f 245 295 251
f 247 296 297
f 247 297 248
f 248 297 249
f 249 298 299
f 249 299 300
f 249 300 294
f 249 294 293
f 249 293 250
f 249 297 357
f 249 357 298
f 251 295 301
f 251 301 252
f 252 301 302
f 252 302 253
f 253 302 303
f 253 303 304
f 253 304 254
f 254 304 305
f 254 305 255
f 255 305 306
f 255 306 256
f 256 306 257
f 257 306 305
f 257 305 307
f 257 307 258
f 258 308 309
f 258 309 310
f 258 310 311
f 258 311 259
f 258 307 312
f 258 312 313
f 258 313 314
f 258 314 308
f 259 311 315
f 259 315 316
f 259 316 317
f 259 317 318
f 259 318 260
f 260 318 319
f 260 319 320
f 260 320 261
f 261 320 321
f 261 321 262
f 262 321 269
f 264 268 322
f 264 322 266
f 264 266 265
f 267 322 268
f 269 321 323
f 269 323 270
f 270 323 272
f 272 323 324
f 272 324 325
f 272 325 326
f 272 326 273
f 273 326 327
f 273 327 328
f 273 328 329
f 273 329 274
f 274 329 330
f 274 330 279
f 275 278 331
f 275 331 280
f 278 332 331
f 278 279 332
f 279 330 329
f 279 329 333
f 279 333 334
f 279 334 332
f 280 335 336
f 280 336 337
f 280 337 338
f 280 338 281
f 280 331 335
f 281 338 339
f 281 339 282
f 282 339 340
f 282 340 341
f 282 341 283
f 283 341 284
f 284 341 285
f 285 341 342
f 285 342 286
f 286 342 287
f 287 342 343
f 287 343 288
f 288 343 342
f 288 342 344
f 288 344 345
f 288 345 289
f 289 345 346
f 289 346 290
f 290 346 347
f 290 347 291
f 291 348 349
f 291 349 350
f 291 350 292
f 291 347 351
f 291 351 348
f 294 300 352
f 294 352 353
f 294 353 301
f 294 301 295
f 296 354 297
f 297 354 355
f 297 355 356
f 297 356 357
f 298 357 358
f 298 358 359
f 298 359 299
f 299 359 360
f 299 360 361
f 299 361 300
f 300 361 362
f 300 362 363
f 300 363 364
f 300 364 352
f 301 353 365
f 301 365 302
f 302 365 313
f 302 313 303
f 303 313 307
f 303 307 304
f 304 307 305
f 307 313 312
f 308 366 309
f 308 314 367
f 308 367 368
f 308 368 366
f 309 369 370
f 309 370 310
f 309 366 368
f 309 368 371
f 309 371 369
f 310 370 372
f 310 372 311
f 311 372 373
f 311 373 374
f 311 374 315
f 313 365 314
f 314 365 375
f 314 375 367
f 315 374 373
f 315 373 376
f 315 376 377
f 315 377 378
f 315 378 379
f 315 379 316
f 316 379 317
f 317 319 318
f 317 379 319
f 319 379 320
f 320 379 324
f 320 324 323
f 320 323 321
f 324 379 380
f 324 380 377
f 324 377 381
f 324 381 382
f 324 382 383
f 324 383 325
f 325 383 384
f 325 384 326
f 326 385 327
f 326 384 385
f 327 385 386
f 327 386 387
f 327 387 328
f 328 388 333
f 328 333 329
f 328 387 386
f 328 386 389
f 328 389 388
f 331 332 390
f 331 390 391
f 331 391 392
f 331 392 335
f 332 393 390
f 332 334 394
f 332 394 393
f 333 388 395
f 333 395 396
f 333 396 397
f 333 397 398
f 333 398 394
f 333 394 334
f 335 399 400
f 335 400 401
f 335 401 402
f 335 402 337
f 335 337 336
f 335 392 399
f 337 402 338
f 338 402 403
f 338 403 404
f 338 404 339
f 339 404 403
f 339 403 405
f 339 405 340
f 340 405 406
f 340 406 407
f 340 407 408
f 340 408 341
f 341 408 342
f 342 408 409
f 342 409 344
f 344 410 411
f 344 411 345
f 344 409 410
f 345 411 412
f 345 412 346
f 346 412 351
f 346 351 347
f 348 351 413
f 351 412 414
f 351 414 415
f 351 415 413
f 352 364 375
f 352 375 353
f 353 375 365
f 356 416 357
f 357 417 418
f 357 418 358
f 357 416 417
f 358 418 419
f 358 419 359
f 359 419 420
f 359 420 360
f 360 420 421
f 360 421 422
f 360 422 362
f 360 362 361
f 362 422 423
f 362 423 424
f 362 424 363
f 363 424 371
f 363 371 368
f 363 368 364
f 364 368 367
f 364 367 375
f 369 371 425
f 369 425 426
f 369 426 427
f 369 427 428
f 369 428 370
f 370 429 372
f 370 428 430
f 370 430 431
f 370 431 432
f 370 432 433
f 370 433 373
f 370 373 429
f 371 424 425
f 372 429 373
f 373 433 434
f 373 434 435
f 373 435 436
f 373 436 376
f 376 436 437
f 376 437 438
f 376 438 439
f 376 439 377
f 377 380 379
f 377 379 378
f 377 439 381
f 381 440 441
f 381 441 442
f 381 442 382
f 381 439 443
f 381 443 444
f 381 444 440
f 382 442 445
f 382 445 446
f 382 446 447
f 382 447 448
f 382 448 449
f 382 449 384
f 382 384 383
f 384 449 385
f 385 449 450
f 385 450 451
f 385 451 386
f 386 451 452
f 386 452 453
f 386 453 454
f 386 454 455
f 386 455 456
f 386 456 388
f 386 388 389
f 388 457 458
f 388 458 396
f 388 396 395
f 388 456 459
f 388 459 457
f 390 393 460
f 390 460 391
f 391 461 462
f 391 462 392
f 391 460 463
f 391 463 461
f 392 462 464
f 392 464 400
f 392 400 399
f 393 465 466
f 393 466 460
f 393 394 467
f 393 467 465
f 394 398 468
f 394 468 467
f 396 469 397
f 396 458 457
f 396 457 470
f 396 470 469
f 397 469 471
f 397 471 472
f 397 472 467
f 397 467 468
f 397 468 398
f 400 473 474
f 400 474 475
f 400 475 402
f 400 402 401
f 400 464 476
f 400 476 477
f 400 477 478
f 400 478 473
f 402 475 479
f 402 479 480
f 402 480 481
f 402 481 403
f 403 481 482
f 403 482 483
f 403 483 484
f 403 484 485
f 403 485 405
f 405 485 484
f 405 484 486
f 405 486 406
f 406 486 407
f 407 486 487
f 407 487 488
f 407 488 409
f 407 409 408
f 409 488 410
f 410 489 490
f 410 490 411
f 410 488 487
f 410 487 486
f 410 486 489
f 411 491 412
f 411 490 491
f 412 491 414
f 414 491 492
f 414 492 493
f 414 493 494
f 414 494 495
f 414 495 415
f 416 496 417
f 417 496 497
f 417 497 419
f 417 419 418
f 419 497 421
f 419 421 420
f 421 498 500
f 421 500 422
f 421 497 499
f 421 499 498
f 422 500 423
f 423 500 501
f 423 501 426
f 423 426 424
f 424 426 425
f 426 502 503
f 426 503 504
f 426 504 505
f 426 505 427
f 426 501 500
f 426 500 502
f 427 505 428
f 428 505 430
f 430 506 431
f 430 505 506
f 431 506 507
f 431 507 508
f 431 508 432
f 432 508 509
f 432 509 510
f 432 510 511
f 432 511 512
f 432 512 513
f 432 513 434
f 432 434 433
f 434 513 512
f 434 512 514
f 434 514 435
f 435 514 515
f 435 515 438
f 435 438 436
f 436 438 437
f 438 515 439
f 439 516 444
f 439 444 443
f 439 515 516
f 440 444 517
f 440 517 441
f 441 517 518
f 441 518 519
f 441 519 520
f 441 520 521
f 441 521 522
f 441 522 523
f 441 523 446
f 441 446 445
f 441 445 442
f 444 516 524
f 444 524 517
f 446 525 447
f 446 523 526
f 446 526 527
f 446 527 450
f 446 450 448
f 446 448 525
f 447 525 448
f 448 450 449
f 450 452 451
f 450 527 453
f 450 453 452
f 453 528 454
f 453 527 529
f 453 529 530
f 453 530 528
f 454 528 531
f 454 531 532
f 454 532 533
f 454 533 456
f 454 456 455
f 456 533 459
f 457 534 469
f 457 469 470
f 457 459 533
f 457 533 535
f 457 535 536
f 457 536 534
f 460 537 463
f 460 466 537
f 461 538 539
f 461 539 462
f 461 463 537
f 461 537 540
f 461 540 538
f 462 539 538
f 462 538 464
f 464 538 476
f 465 467 466
f 466 541 540
f 466 540 537
f 466 467 542
f 466 542 543
f 466 543 541
f 467 472 544
f 467 544 545
f 467 545 542
f 469 534 546
f 469 546 471
f 471 546 547
f 471 547 544
f 471 544 472
f 473 548 474
f 473 478 549
f 473 549 548
f 474 548 550
f 474 550 551
f 474 551 552
f 474 552 480
f 474 480 479
f 474 479 475
f 476 538 540
f 476 540 477
f 477 540 478
f 478 540 549
f 480 552 553
f 480 553 554
f 480 554 555
f 480 555 556
f 480 556 557
f 480 557 558
f 480 558 481
f 481 558 559
f 481 559 482
f 482 559 483
f 483 560 557
f 483 557 561
f 483 561 562
f 483 562 486
f 483 486 484
f 483 559 558
f 483 558 560
f 486 562 489
f 489 562 490
f 490 563 564
f 490 564 491
f 490 562 563
f 491 564 492
f 492 564 565
f 492 565 566
f 492 566 567
f 492 567 493
f 496 568 497
f 497 568 569
f 497 569 570
f 497 570 499
f 498 571 572
f 498 572 500
f 498 499 573
f 498 573 571
f 499 570 573
f 500 572 574
f 500 574 503
f 500 503 502
f 503 574 575
f 503 575 504
f 504 576 505
f 504 575 576
f 505 576 506
f 506 577 507
f 506 576 578
f 506 578 577
f 507 577 579
f 507 579 508
f 508 579 509
f 509 580 581
f 509 581 510
f 509 579 580
f 510 581 582
f 510 582 511
f 511 582 583
f 511 583 584
f 511 584 585
f 511 585 586
f 511 586 512
f 512 586 514
f 514 586 515
f 515 586 585
f 515 585 524
f 515 524 516
f 517 524 587
f 517 587 588
f 517 588 589
f 517 589 518
f 518 589 590
f 518 590 519
f 519 591 592
f 519 592 593
f 519 593 594
f 519 594 595
f 519 595 596
f 519 596 597
f 519 597 598
f 519 598 599
f 519 599 600
f 519 600 601
f 519 601 602
f 519 602 521
f 519 521 520
f 519 590 589
f 519 589 603
f 519 603 587
f 519 587 604
f 519 604 605
f 519 605 606
f 519 606 591
f 521 602 522
f 522 602 523
f 523 607 608
f 523 608 609
f 523 609 610
f 523 610 611
f 523 611 526
f 523 602 612
f 523 612 607
f 524 613 587
f 524 585 613
f 526 611 614
f 526 614 530
f 526 530 527
f 527 530 529
f 528 615 532
f 528 532 531
f 528 530 616
f 528 616 615
f 530 614 616
f 532 615 617
f 532 617 618
f 532 618 533
f 533 618 619
f 533 619 536
f 533 536 535
f 534 536 620
f 534 620 546
f 536 619 621
f 536 621 620
f 540 541 622
f 540 622 623
f 540 623 624
f 540 624 625
f 540 625 626
f 540 626 627
f 540 627 549
f 541 543 628
f 541 628 629
f 541 629 622
f 542 545 544
f 542 544 630
f 542 630 631
f 542 631 543
f 543 631 628
f 544 547 632
f 544 632 630
f 546 620 633
f 546 633 547
f 547 634 632
f 547 633 635
f 547 635 634
f 548 549 636
f 548 636 637
f 548 637 550
f 549 627 626
f 549 626 638
f 549 638 636
f 550 639 640
f 550 640 551
f 550 637 641
f 550 641 639
f 551 640 552
f 552 640 642
f 552 642 553
f 553 642 554
f 554 643 644
f 554 644 764
f 554 764 645
f 554 645 565
f 554 565 646
f 554 646 647
f 554 647 555
f 554 642 643
f 555 647 556
f 556 647 646
f 556 646 648
f 556 648 557
f 557 648 563
f 557 563 561
f 557 560 558
f 561 563 562
f 563 648 646
f 563 646 564
f 564 646 565
f 565 645 649
f 565 649 650
f 565 650 566
f 570 651 573
f 571 573 652
f 571 652 653
f 571 653 572
f 572 653 654
f 572 654 575
f 572 575 574
f 573 651 652
f 575 654 655
f 575 655 576
f 576 655 578
f 577 656 657
f 577 657 579
f 577 578 656
f 578 655 658
f 578 658 659
f 578 659 656
f 579 657 660
f 579 660 661
f 579 661 662
f 579 662 580
f 580 662 663
f 580 663 664
f 580 664 581
f 581 665 666
f 581 666 667
f 581 667 668
f 581 668 582
f 581 664 665
f 582 668 583
f 583 669 670
f 583 670 671
f 583 671 584
f 583 668 669
f 584 671 672
f 584 672 613
f 584 613 585
f 587 673 605
f 587 605 604
f 587 603 588
f 587 613 673
f 588 603 589
f 591 606 674
f 591 674 592
f 592 674 593
f 593 674 675
f 593 675 594
f 594 676 677
f 594 677 678
f 594 678 679
f 594 679 680
f 594 680 595
f 594 675 681
f 594 681 682
f 594 682 676
f 595 680 596
f 596 683 598
f 596 598 597
f 596 680 684
f 596 684 683
f 598 683 685
f 598 685 599
f 599 608 601
f 599 601 600
f 599 685 686
f 599 686 687
f 599 687 608
f 601 608 607
f 601 607 602
f 602 607 612
f 605 673 606
f 606 673 688
f 606 688 689
f 606 689 674
f 608 687 690
f 608 690 609
f 609 690 691
f 609 691 610
f 610 691 692
f 610 692 693
f 610 693 694
f 610 694 695
f 610 695 696
f 610 696 611
f 611 696 614
f 613 672 697
f 613 697 673
f 614 696 616
f 615 616 698
f 615 698 699
f 615 699 700
f 615 700 617
f 616 696 701
f 616 701 698
f 617 700 618
f 618 700 619
f 619 700 621
f 620 621 702
f 620 702 633
f 621 700 702
f 622 703 623
f 622 629 704
f 622 704 705
f 622 705 706
f 622 706 707
f 622 707 708
f 622 708 709
f 622 709 710
f 622 710 711
f 622 711 703
f 623 712 713
f 623 713 714
f 623 714 715
f 623 715 716
f 623 716 717
f 623 717 718
f 623 718 719
f 623 719 720
f 623 720 721
f 623 721 722
f 623 722 723
f 623 723 724
f 623 724 725
f 623 725 726
f 623 726 727
f 623 727 728
f 623 728 729
f 623 729 730
f 623 730 731
f 623 731 624
f 623 703 732
f 623 732 733
f 623 733 734
f 623 734 735
f 623 735 736
f 623 736 737
f 623 737 738
f 623 738 712
f 624 731 739
f 624 739 740
f 624 740 741
f 624 741 625
f 625 741 742
f 625 742 743
f 625 743 744
f 625 744 626
f 626 744 638
f 628 631 745
f 628 745 629
f 629 745 746
f 629 746 705
f 629 705 704
f 630 632 745
f 630 745 631
f 632 634 747
f 632 747 748
f 632 748 745
f 633 702 635
f 634 749 750
f 634 750 751
f 634 751 747
f 634 635 749
f 635 702 752
f 635 752 753
f 635 753 754
f 635 754 749
f 636 638 637
f 637 638 755
f 637 755 641
f 638 756 755
f 638 744 743
f 638 743 756
f 639 641 640
f 640 757 758
f 640 758 760
f 640 760 642
f 640 641 757
f 641 755 756
f 641 756 742
f 641 742 759
f 641 759 757
f 642 760 761
f 642 761 762
f 642 762 643
f 643 762 763
f 643 763 764
f 643 764 644
f 645 764 765
f 645 765 649
f 649 765 650
f 651 766 652
f 652 766 654
f 652 654 653
f 654 767 768
f 654 768 769
f 654 769 655
f 654 766 770
f 654 770 767
f 655 769 774
f 655 774 658
f 656 771 657
f 656 659 772
f 656 772 773
f 656 773 771
f 657 771 660
f 658 774 775
f 658 775 659
f 659 775 772
f 660 771 661
f 661 776 663
f 661 663 662
f 661 771 776
f 663 776 773
f 663 773 664
f 664 773 777
f 664 777 665
f 665 778 666
f 665 777 779
f 665 779 778
f 666 780 781
f 666 781 782
f 666 782 783
f 666 783 667
f 666 778 780
f 667 783 668
f 668 783 669
f 669 783 670
f 670 783 784
f 670 784 671
f 671 784 785
f 671 785 672
f 672 786 697
f 672 785 786
f 673 787 688
f 673 697 787
f 674 689 675
f 675 689 788
f 675 788 789
f 675 789 790
f 675 790 682
f 675 682 681
f 676 682 677
f 677 682 791
f 682 790 791
f 683 792 685
f 683 684 792
f 684 793 792
f 685 792 794
f 685 794 686
f 686 794 795
f 686 795 796
f 686 796 797
f 686 797 798
f 686 798 799
f 686 799 690
f 686 690 687
f 688 787 800
f 688 800 689
f 689 800 788
f 690 799 801
f 690 801 802
f 690 802 803
f 690 803 691
f 691 803 692
f 692 803 802
f 692 802 804
f 692 804 805
f 692 805 694
f 692 694 693
f 694 805 806
f 694 806 695
f 695 806 807
f 695 807 808
f 695 808 809
f 695 809 696
f 696 809 701
f 697 786 810
f 697 810 800
f 697 800 787
f 698 701 811
f 698 811 699
f 699 811 812
f 699 812 813
f 699 813 700
f 700 813 702
f 701 809 808
f 701 808 814
f 701 814 815
f 701 815 811
f 702 813 816
f 702 816 752
f 703 711 817
f 703 817 818
f 703 818 732
f 705 746 706
f 706 746 819
f 706 819 820
f 706 820 821
f 706 821 822
f 706 822 823
f 706 823 707
f 707 823 708
f 708 823 824
f 708 824 710
f 708 710 709
f 710 824 825
f 710 825 711
f 711 825 826
f 711 826 818
f 711 818 817
f 712 738 827
f 712 827 828
f 712 828 829
f 712 829 713
f 713 829 830
f 713 830 831
f 713 831 715
f 713 715 714
f 715 831 832
f 715 832 833
f 715 833 834
f 715 834 717
f 715 717 716
f 717 834 718
f 718 834 835
f 718 835 836
f 718 836 837
f 718 837 719
f 719 721 720
f 732 818 733
f 733 838 734
f 733 818 839
f 733 839 838
f 734 838 735
f 735 838 839
f 735 839 840
f 735 840 841
f 735 841 842
f 735 842 843
f 735 843 737
f 735 737 736
f 737 843 842
f 737 842 738
f 738 842 844
f 738 844 845
f 738 845 827
f 739 846 847
f 739 847 848
f 739 848 740
f 740 848 741
f 741 848 847
f 741 847 849
f 741 849 742
f 742 849 759
f 742 756 743
f 745 748 746
f 746 748 819
f 747 751 850
f 747 850 851
f 747 851 748
f 748 851 819
f 749 852 853
f 749 853 750
f 749 754 852
f 750 854 751
f 750 853 854
f 751 854 855
f 751 855 850
f 752 816 856
f 752 856 753
f 753 856 857
f 753 857 858
f 753 858 859
f 753 859 754
f 754 859 860
f 754 860 853
f 754 853 852
f 757 759 861
f 757 861 862
f 757 862 863
f 757 863 758
f 758 864 865
f 758 865 866
f 758 866 867
f 758 867 868
f 758 868 760
f 758 863 869
f 758 869 864
f 759 849 847
f 759 847 862
f 759 862 861
f 760 868 761
f 761 868 870
f 761 870 762
f 762 870 871
f 762 871 763
f 763 871 764
f 764 871 872
f 764 872 765
f 767 873 874
f 767 874 768
f 768 874 875
f 768 875 769
f 769 875 876
f 769 876 877
f 769 877 774
f 771 773 776
f 772 878 879
f 772 879 773
f 772 775 774
f 772 774 877
f 772 877 878
f 773 879 880
f 773 880 881
f 773 881 882
f 773 882 777
f 777 882 883
f 777 883 884
f 777 884 885
f 777 885 779
f 778 781 780
f 778 779 781
f 779 885 886
f 779 886 781
f 781 886 885
f 781 885 887
f 781 887 888
f 781 888 889
f 781 889 890
f 781 890 782
f 782 784 783
f 782 890 891
f 782 891 892
f 782 892 893
f 782 893 894
f 782 894 895
f 782 895 784
f 784 895 785
f 785 895 786
f 786 895 896
f 786 896 810
f 788 800 810
f 788 810 897
f 788 897 898
f 788 898 789
f 789 899 900
f 789 900 790
f 789 898 901
f 789 901 899
f 790 900 791
f 791 900 902
f 792 793 903
f 792 903 794
f 793 904 794
f 793 794 903
f 794 904 905
f 794 905 795
f 795 905 796
f 796 905 906
f 796 906 797
f 797 906 907
f 797 907 798
f 798 907 908
f 798 908 909
f 798 909 910
f 798 910 911
f 798 911 912
f 798 912 913
f 798 913 801
f 798 801 799
f 801 913 802
f 802 913 914
f 802 914 804
f 804 915 805
f 804 914 916
f 804 916 917
f 804 917 918
f 804 918 919
f 804 919 920
f 804 920 915
f 805 915 806
f 806 915 921
f 806 921 807
f 807 921 922
f 807 922 808
f 808 922 923
f 808 923 814
f 810 896 897
f 811 924 812
f 811 815 924
f 812 924 925
f 812 925 926
f 812 926 813
f 813 926 816
f 814 923 924
f 814 924 815
f 816 926 856
f 818 826 927
f 818 927 839
f 819 851 928
f 819 928 820
f 820 928 929
f 820 929 930
f 820 930 931
f 820 931 822
f 820 822 821
f 822 931 932
f 822 932 825
f 822 825 933
f 822 933 823
f 823 933 824
f 824 933 825
f 825 932 934
f 825 934 935
f 825 935 936
f 825 936 937
f 825 937 826
f 826 937 938
f 826 938 939
f 826 939 940
f 826 940 941
f 826 941 927
f 827 845 942
f 827 942 943
f 827 943 828
f 828 943 944
f 828 944 945
f 828 945 946
f 828 946 830
f 828 830 829
f 830 946 832
f 830 832 831
f 832 946 947
f 832 947 833
f 833 948 835
f 833 835 834
f 833 947 949
f 833 949 948
f 839 927 941
f 839 941 840
f 840 941 950
f 840 950 841
f 841 950 951
f 841 951 952
f 841 952 842
f 842 953 844
f 842 952 938
f 842 938 953
f 844 953 845
f 845 953 954
f 845 954 942
f 846 955 862
f 846 862 847
f 850 928 851
f 850 855 928
f 853 956 854
f 853 860 956
f 854 956 957
f 854 957 855
f 855 957 928
f 856 926 958
f 856 958 959
f 856 959 857
f 857 959 960
f 857 960 858
f 858 960 961
f 858 961 859
f 859 962 860
f 859 961 962
f 860 962 963
f 860 963 957
f 860 957 956
f 862 869 863
f 862 955 964
f 862 964 965
f 862 965 966
f 862 966 967
f 862 967 968
f 862 968 969
f 862 969 970
f 862 970 971
f 862 971 869
f 864 869 971
f 868 871 870
f 868 872 871
f 873 972 874
f 874 972 973
f 874 973 876
f 874 876 875
f 876 973 877
f 877 973 974
f 877 974 975
f 877 975 878
f 878 975 879
f 879 975 881
f 879 881 880
f 881 975 976
f 881 976 977
f 881 977 978
f 881 978 979
f 881 979 980
f 881 980 882
f 882 980 883
f 883 980 981
f 883 981 982
f 883 982 884
f 884 982 983
f 884 983 885
f 885 983 984
f 885 984 985
f 885 985 887
f 887 985 888
f 888 985 986
f 888 986 987
f 888 987 988
f 888 988 989
f 888 989 889
f 889 989 990
f 889 990 891
f 889 891 890
f 891 990 989
f 891 989 991
f 891 991 1061
f 891 1061 992
f 891 992 993
f 891 993 892
f 892 993 893
f 893 993 994
f 893 994 895
f 893 895 894
f 895 994 896
f 896 994 995
f 896 995 897
f 897 995 996
f 897 996 997
f 897 997 998
f 897 998 999
f 897 999 898
f 898 999 1000
f 898 1000 901
f 899 1001 902
f 899 902 900
f 899 901 1001
f 901 1000 1002
f 901 1002 1003
f 901 1003 1004
f 901 1004 1001
f 904 1005 1006
f 904 1006 905
f 905 1006 1007
f 905 1007 906
f 906 1008 1009
f 906 1009 1010
f 906 1010 907
f 906 1007 1006
f 906 1006 1008
f 907 1010 908
f 908 1010 909
f 909 1010 1011
f 909 1011 910
f 910 1011 1012
f 910 1012 1013
f 910 1013 1014
f 910 1014 911
f 911 917 916
f 911 916 912
f 911 1014 917
f 912 916 913
f 913 916 914
f 915 920 921
f 917 1014 1015
f 917 1015 918
f 918 1015 1016
f 918 1016 919
f 919 1016 959
f 919 959 958
f 919 958 1017
f 919 1017 920
f 920 1017 921
f 921 1017 922
f 922 1017 925
f 922 925 923
f 923 925 924
f 925 958 926
f 925 1017 958
f 928 957 1018
f 928 1018 929
f 929 1018 1019
f 929 1019 1020
f 929 1020 930
f 930 934 932
f 930 932 931
f 930 1020 934
f 934 1021 1022
f 934 1022 1023
f 934 1023 1024
f 934 1024 935
f 934 1020 1021
f 935 1025 936
f 935 1024 1025
f 936 1025 1026
f 936 1026 938
f 936 938 937
f 938 1026 953
f 938 952 951
f 938 951 939
f 939 951 940
f 940 951 950
f 940 950 941
f 942 954 1027
f 942 1027 1028
f 942 1028 943
f 943 1028 1029
f 943 1029 1030
f 943 1030 944
f 944 1031 1032
f 944 1032 1033
f 944 1033 1034
f 944 1034 1035
f 944 1035 1036
f 944 1036 945
f 944 1030 1031
f 945 1036 947
f 945 947 946
f 947 1036 949
f 949 1036 1037
f 953 1038 954
f 953 1026 1038
f 954 1038 1026
f 954 1026 1027
f 957 963 1039
f 957 1039 1040
f 957 1040 1018
f 959 1016 960
f 960 1016 1015
f 960 1015 1041
f 960 1041 1042
f 960 1042 961
f 961 1042 962
f 962 1042 1043
f 962 1043 963
f 963 1044 1039
f 963 1043 1044
f 972 1045 973
f 973 1045 1046
f 973 1046 975
f 973 975 974
f 975 1047 977
f 975 977 976
f 975 1046 1047
f 980 1048 981
f 981 1048 982
f 982 1048 1049
f 982 1049 983
f 983 1049 1048
f 983 1048 1050
f 983 1050 984
f 984 1050 1051
f 984 1051 985
f 985 1051 1052
f 985 1052 1053
f 985 1053 986
f 986 1053 987
f 987 1053 1054
f 987 1054 1055
f 987 1055 1056
f 987 1056 1057
f 987 1057 988
f 988 1057 1113
f 988 1113 1058
f 988 1058 1059
f 988 1059 1060
f 988 1060 989
f 989 1060 991
f 991 1060 1059
f 991 1059 1061
f 992 1061 1062
f 992 1062 1063
f 992 1063 1064
f 992 1064 997
f 992 997 996
f 992 996 993
f 993 996 1065
f 993 1065 994
f 994 1065 996
f 994 996 995
f 997 1064 998
f 998 1064 1063
f 998 1063 1000
f 998 1000 999
f 1000 1066 1002
f 1000 1063 1067
f 1000 1067 1066
f 1005 1068 1006
f 1006 1069 1070
f 1006 1070 1008
f 1006 1068 1071
f 1006 1071 1072
f 1006 1072 1073
f 1006 1073 1069
f 1008 1070 1074
f 1008 1074 1075
f 1008 1075 1009
f 1009 1075 1010
f 1010 1075 1076
f 1010 1076 1077
f 1010 1077 1011
f 1011 1078 1012
f 1011 1077 1079
f 1011 1079 1080
f 1011 1080 1078
f 1012 1078 1081
f 1012 1081 1082
f 1012 1082 1013
f 1013 1082 1083
f 1013 1083 1014
f 1014 1083 1084
f 1014 1084 1041
f 1014 1041 1015
f 1018 1040 1085
f 1018 1085 1019
f 1019 1085 1020
f 1020 1085 1086
f 1020 1086 1087
f 1020 1087 1022
f 1020 1022 1088
f 1020 1088 1021
f 1021 1088 1022
f 1022 1089 1090
f 1022 1090 1023
f 1022 1087 1091
f 1022 1091 1092
f 1022 1092 1089
f 1023 1093 1024
f 1023 1090 1093
f 1024 1093 1094
f 1024 1094 1025
f 1025 1095 1096
f 1025 1096 1026
f 1025 1094 1095
f 1026 1096 1027
f 1027 1096 1028
f 1028 1096 1029
f 1029 1096 1095
f 1029 1095 1094
f 1029 1094 1097
f 1029 1097 1030
f 1030 1097 1098
f 1030 1098 1099
f 1030 1099 1031
f 1031 1099 1032
f 1032 1100 1034
f 1032 1034 1033
f 1032 1099 1153
f 1032 1153 1101
f 1032 1101 1102
f 1032 1102 1100
f 1034 1103 1104
f 1034 1104 1035
f 1034 1100 1103
f 1035 1104 1105
f 1035 1105 1037
f 1035 1037 1036
f 1037 1105 1104
f 1039 1106 1040
f 1039 1044 1106
f 1040 1106 1085
f 1041 1084 1107
f 1041 1107 1042
f 1042 1107 1108
f 1042 1108 1043
f 1043 1108 1109
f 1043 1109 1044
f 1044 1110 1138
f 1044 1138 1106
f 1044 1109 1111
f 1044 1111 1110
f 1055 1057 1056
f 1055 1112 1057
f 1057 1112 1113
f 1058 1113 1114
f 1058 1114 1115
f 1058 1115 1116
f 1058 1116 1059
f 1059 1116 1063
f 1059 1063 1062
f 1059 1062 1061
f 1063 1116 1115
f 1063 1115 1067
f 1066 1067 1115
f 1066 1115 1117
f 1069 1118 1119
f 1069 1119 1120
f 1069 1120 1074
f 1069 1074 1070
f 1069 1073 1121
f 1069 1121 1122
f 1069 1122 1123
f 1069 1123 1124
f 1069 1124 1125
f 1069 1125 1118
f 1074 1119 1126
f 1074 1126 1127
f 1074 1127 1076
f 1074 1076 1075
f 1074 1120 1119
f 1076 1127 1079
f 1076 1079 1077
f 1078 1080 1128
f 1078 1128 1129
f 1078 1129 1130
f 1078 1130 1131
f 1078 1131 1132
f 1078 1132 1081
f 1079 1133 1080
f 1079 1127 1133
f 1080 1133 1128
f 1081 1132 1134
f 1081 1134 1135
f 1081 1135 1082
f 1082 1135 1136
f 1082 1136 1083
f 1083 1136 1137
f 1083 1137 1084
f 1084 1137 1107
f 1085 1106 1086
f 1086 1091 1087
f 1086 1106 1138
f 1086 1138 1091
f 1089 1139 1090
f 1089 1092 1139
f 1090 1139 1093
f 1091 1138 1140
f 1091 1140 1141
f 1091 1141 1142
f 1091 1142 1143
f 1091 1143 1144
f 1091 1144 1092
f 1092 1144 1139
f 1093 1145 1094
f 1093 1139 1146
f 1093 1146 1147
f 1093 1147 1148
f 1093 1148 1149
f 1093 1149 1145
f 1094 1145 1149
f 1094 1149 1150
f 1094 1150 1097
f 1097 1150 1151
f 1097 1151 1098
f 1098 1151 1152
f 1098 1152 1153
f 1098 1153 1099
f 1101 1154 1102
f 1101 1153 1152
f 1101 1152 1155
f 1101 1155 1156
f 1101 1156 1157
f 1101 1157 1154
f 1107 1137 1158
f 1107 1158 1108
f 1108 1158 1111
f 1108 1111 1109
f 1110 1159 1160
f 1110 1160 1138
f 1110 1111 1161
f 1110 1161 1159
f 1111 1158 1162
f 1111 1162 1161
f 1112 1114 1113
f 1114 1117 1115
f 1118 1163 1119
f 1118 1125 1163
f 1119 1164 1165
f 1119 1165 1126
f 1119 1163 1164
f 1125 1166 1167
f 1125 1167 1164
f 1125 1164 1163
f 1126 1165 1127
f 1127 1165 1168
f 1127 1168 1133
f 1128 1169 1130
f 1128 1130 1129
f 1128 1133 1169
f 1131 1170 1132
f 1131 1171 1170
f 1132 1170 1134
f 1133 1168 1172
f 1133 1172 1169
f 1134 1173 1135
f 1134 1170 1171
f 1134 1171 1173
f 1135 1173 1174
f 1135 1174 1175
f 1135 1175 1136
f 1136 1175 1176
f 1136 1176 1137
f 1137 1176 1158
f 1138 1160 1177
f 1138 1177 1140
f 1139 1144 1178
f 1139 1178 1179
f 1139 1179 1180
f 1139 1180 1146
f 1140 1181 1141
f 1140 1177 1181
f 1141 1181 1142
f 1142 1182 1143
f 1142 1181 1182
f 1143 1182 1144
f 1144 1182 1178
f 1146 1180 1147
f 1147 1180 1183
f 1147 1183 1184
f 1147 1184 1185
f 1147 1185 1148
f 1148 1185 1186
f 1148 1186 1149
f 1149 1186 1151
f 1149 1151 1150
f 1151 1186 1187
f 1151 1187 1188
f 1151 1188 1152
f 1152 1188 1189
f 1152 1189 1155
f 1154 1157 1190
f 1155 1189 1191
f 1155 1191 1192
f 1155 1192 1156
f 1156 1192 1157
f 1157 1193 1194
f 1157 1194 1195
f 1157 1195 1196
f 1157 1196 1190
f 1157 1192 1191
f 1157 1191 1197
f 1157 1197 1193
f 1158 1176 1162
f 1159 1198 1177
f 1159 1177 1160
f 1159 1161 1198
f 1161 1162 1199
f 1161 1199 1200
f 1161 1200 1201
f 1161 1201 1202
f 1161 1202 1198
f 1162 1176 1203
f 1162 1203 1199
f 1164 1167 1165
f 1165 1167 1204
f 1165 1204 1168
f 1166 1205 1167
f 1167 1205 1206
f 1167 1206 1207
f 1167 1207 1204
f 1168 1204 1172
f 1169 1204 1207
f 1169 1172 1204
f 1171 1208 1173
f 1173 1209 1174
f 1173 1208 1210
f 1173 1210 1209
f 1174 1209 1175
f 1175 1209 1211
f 1175 1211 1203
f 1175 1203 1176
f 1177 1198 1202
f 1177 1202 1181
f 1178 1182 1212
f 1178 1212 1179
f 1179 1212 1180
f 1180 1212 1213
f 1180 1213 1214
f 1180 1214 1183
f 1181 1202 1215
f 1181 1215 1216
f 1181 1216 1217
f 1181 1217 1182
f 1182 1217 1212
f 1183 1214 1218
f 1183 1218 1219
f 1183 1219 1220
f 1183 1220 1221
f 1183 1221 1184
f 1184 1221 1185
f 1185 1221 1222
f 1185 1222 1186
f 1186 1222 1187
f 1187 1222 1188
f 1188 1222 1221
f 1188 1221 1223
f 1188 1223 1224
f 1188 1224 1189
f 1189 1224 1193
f 1189 1193 1197
f 1189 1197 1191
f 1193 1224 1225
f 1193 1225 1194
f 1194 1225 1226
f 1194 1226 1227
f 1194 1227 1228
f 1194 1228 1195
f 1199 1203 1229
f 1199 1229 1230
f 1199 1230 1231
f 1199 1231 1232
f 1199 1232 1200
f 1200 1232 1233
f 1200 1233 1201
f 1201 1233 1234
f 1201 1234 1215
f 1201 1215 1202
f 1203 1211 1229
f 1209 1210 1235
f 1209 1235 1236
f 1209 1236 1237
f 1209 1237 1211
f 1211 1237 1238
f 1211 1238 1239
f 1211 1239 1229
f 1212 1217 1240
f 1212 1240 1213
f 1213 1240 1266
f 1213 1266 1241
f 1213 1241 1242
f 1213 1242 1218
f 1213 1218 1214
f 1215 1234 1243
f 1215 1243 1216
f 1216 1243 1244
f 1216 1244 1240
f 1216 1240 1217
f 1218 1242 1241
f 1218 1241 1245
f 1218 1245 1246
f 1218 1246 1247
f 1218 1247 1219
f 1219 1248 1249
f 1219 1249 1220
f 1219 1247 1248
f 1220 1249 1223
f 1220 1223 1221
f 1223 1249 1224
f 1224 1249 1225
f 1225 1249 1248
f 1225 1248 1226
f 1226 1248 1250
f 1226 1250 1251
f 1226 1251 1252
f 1226 1252 1227
f 1227 1252 1253
f 1227 1253 1254
f 1227 1254 1228
f 1228 1254 1255
f 1229 1239 1238
f 1229 1238 1256
f 1229 1256 1257
f 1229 1257 1230
f 1230 1257 1258
f 1230 1258 1259
f 1230 1259 1260
f 1230 1260 1231
f 1231 1260 1259
f 1231 1259 1258
f 1231 1258 1261
f 1231 1261 1262
f 1231 1262 1263
f 1231 1263 1232
f 1232 1263 1264
f 1232 1264 1233
f 1233 1264 1265
f 1233 1265 1234
f 1234 1265 1243
f 1240 1244 1266
f 1241 1266 1245
f 1243 1265 1267
f 1243 1267 1268
f 1243 1268 1244
f 1244 1268 1267
f 1244 1267 1269
f 1244 1269 1270
f 1244 1270 1245
f 1244 1245 1266
f 1245 1270 1287
f 1245 1287 1271
f 1245 1271 1272
f 1245 1272 1246
f 1246 1272 1247
f 1247 1272 1273
f 1247 1273 1250
f 1247 1250 1248
f 1250 1273 1274
f 1250 1274 1251
f 1251 1274 1252
f 1252 1274 1275
f 1252 1275 1276
f 1252 1276 1254
f 1252 1254 1253
f 1254 1276 1277
f 1254 1277 1278
f 1254 1278 1255
f 1257 1279 1258
f 1258 1279 1280
f 1258 1280 1261
f 1261 1280 1281
f 1261 1281 1262
f 1262 1282 1283
f 1262 1283 1263
f 1262 1281 1282
f 1263 1283 1284
f 1263 1284 1264
f 1264 1284 1285
f 1264 1285 1267
f 1264 1267 1265
f 1267 1285 1269
f 1269 1286 1287
f 1269 1287 1270
f 1269 1285 1284
f 1269 1284 1286
f 1271 1287 1288
f 1271 1288 1289
f 1271 1289 1275
f 1271 1275 1272
f 1272 1275 1273
f 1273 1275 1274
f 1275 1289 1290
f 1275 1290 1276
f 1276 1290 1277
f 1277 1288 1291
f 1277 1290 1288
f 1282 1292 1283
f 1283 1292 1293
f 1283 1293 1294
f 1283 1294 1284
f 1284 1294 1286
f 1286 1293 1288
f 1286 1288 1287
f 1286 1294 1293
f 1288 1293 1291
f 1288 1290 1289

