# https://github.com/mikedh/trimesh

o geometry_0
v -0.02149681 0.00779456 -0.02562196 0.54509804 0.71372549 0.60000000
v -0.04655605 0.00779456 -0.02547638 0.54509804 0.71372549 0.60000000
v -0.04749183 0.01972116 -0.02498925 0.54509804 0.71372549 0.60000000
v 0.03748696 0.02072159 -0.02531400 0.54509804 0.71372549 0.60000000
v 0.03548734 0.01472415 -0.02549317 0.54509804 0.71372549 0.60000000
v 0.03548734 0.01372372 -0.02550438 0.54509804 0.71372549 0.60000000
v 0.01849553 0.00779456 -0.02556596 0.54509804 0.71372549 0.60000000
v -0.04753123 0.00779456 -0.02546518 0.54509804 0.71372549 0.60000000
v -0.04815180 0.00779456 -0.02540359 0.54509804 0.71372549 0.60000000
v -0.04848671 0.01672159 -0.02489406 0.54509804 0.71372549 0.60000000
v -0.04848671 0.01872074 -0.02476528 0.54509804 0.71372549 0.60000000
v -0.04848671 0.01972116 -0.02469809 0.54509804 0.71372549 0.60000000
v -0.04749183 0.02072159 -0.02489406 0.54509804 0.71372549 0.60000000
v -0.04648710 0.02172031 -0.02484927 0.54509804 0.71372549 0.60000000
v -0.03749375 0.02272074 -0.02483247 0.54509804 0.71372549 0.60000000
v 0.03748696 0.02172031 -0.02523001 0.54509804 0.71372549 0.60000000
v 0.04049131 0.02172031 -0.02516842 0.54509804 0.71372549 0.60000000
v 0.03849169 0.02072159 -0.02529160 0.54509804 0.71372549 0.60000000
v 0.04007760 0.01927900 -0.02535880 0.54509804 0.71372549 0.60000000
v 0.03988059 0.01927900 -0.02535880 0.54509804 0.71372549 0.60000000
v 0.04348581 0.01272329 -0.02543159 0.54509804 0.71372549 0.60000000
v 0.04249093 0.01272329 -0.02544279 0.54509804 0.71372549 0.60000000
v 0.04249093 0.01172457 -0.02545398 0.54509804 0.71372549 0.60000000
v 0.03548734 0.00779456 -0.02553237 0.54509804 0.71372549 0.60000000
v -0.04819120 0.00779456 -0.02539239 0.54509804 0.71372549 0.60000000
v -0.04865417 0.00779456 -0.02521882 0.54509804 0.71372549 0.60000000
v -0.04916639 0.01672159 -0.02455810 0.54509804 0.71372549 0.60000000
v -0.04899893 0.02028284 -0.02436213 0.54509804 0.71372549 0.60000000
v -0.04854581 0.02065842 -0.02456370 0.54509804 0.71372549 0.60000000
v -0.04829956 0.02172031 -0.02454690 0.54509804 0.71372549 0.60000000
v -0.04749183 0.02172031 -0.02478767 0.54509804 0.71372549 0.60000000
v -0.04648710 0.02272074 -0.02473168 0.54509804 0.71372549 0.60000000
v -0.03749375 0.02358459 -0.02456930 0.54509804 0.71372549 0.60000000
v -0.02049208 0.02372117 -0.02459730 0.54509804 0.71372549 0.60000000
v 0.03548734 0.02272074 -0.02512923 0.54509804 0.71372549 0.60000000
v 0.03649208 0.02272074 -0.02512363 0.54509804 0.71372549 0.60000000
v 0.03748696 0.02272074 -0.02511803 0.54509804 0.71372549 0.60000000
v 0.04049131 0.02272074 -0.02503964 0.54509804 0.71372549 0.60000000
v 0.04148619 0.02272074 -0.02500605 0.54509804 0.71372549 0.60000000
v 0.04249093 0.02272074 -0.02496685 0.54509804 0.71372549 0.60000000
v 0.04148619 0.02172031 -0.02511803 0.54509804 0.71372549 0.60000000
v 0.04049131 0.02072159 -0.02524681 0.54509804 0.71372549 0.60000000
v 0.04449055 0.01872074 -0.02517962 0.54509804 0.71372549 0.60000000
v 0.04448069 0.01477195 -0.02533640 0.54509804 0.71372549 0.60000000
v 0.04414578 0.01446977 -0.02535880 0.54509804 0.71372549 0.60000000
v 0.04348581 0.01372372 -0.02540359 0.54509804 0.71372549 0.60000000
v 0.04433294 0.01372372 -0.02536999 0.54509804 0.71372549 0.60000000
v 0.04483531 0.01372372 -0.02534760 0.54509804 0.71372549 0.60000000
v 0.04548543 0.00972371 -0.02540919 0.54509804 0.71372549 0.60000000
v 0.04348581 0.01172457 -0.02544279 0.54509804 0.71372549 0.60000000
v 0.04449055 0.00872499 -0.02543159 0.54509804 0.71372549 0.60000000
v 0.04449055 0.00779456 -0.02543159 0.54509804 0.71372549 0.60000000
v -0.04870342 0.00779456 -0.02518522 0.54509804 0.71372549 0.60000000
v -0.04920579 0.01572287 -0.02456930 0.54509804 0.71372549 0.60000000
v -0.04957025 0.01572287 -0.02385260 0.54509804 0.71372549 0.60000000
v -0.04951115 0.01672159 -0.02385260 0.54509804 0.71372549 0.60000000
v -0.04921564 0.01972116 -0.02385260 0.54509804 0.71372549 0.60000000
v -0.04909743 0.02065842 -0.02386940 0.54509804 0.71372549 0.60000000
v -0.04904818 0.02145569 -0.02355024 0.54509804 0.71372549 0.60000000
v -0.04891028 0.02094865 -0.02421655 0.54509804 0.71372549 0.60000000
v -0.04814195 0.02253807 -0.02445732 0.54509804 0.71372549 0.60000000
v -0.04758048 0.02281122 -0.02455810 0.54509804 0.71372549 0.60000000
v -0.04730467 0.02337119 -0.02444612 0.54509804 0.71372549 0.60000000
v -0.04648710 0.02343948 -0.02449091 0.54509804 0.71372549 0.60000000
v -0.04349260 0.02352825 -0.02450211 0.54509804 0.71372549 0.60000000
v -0.02049208 0.02426748 -0.02439573 0.54509804 0.71372549 0.60000000
v 0.03748696 0.02372117 -0.02481007 0.54509804 0.71372549 0.60000000
v 0.03849169 0.02372117 -0.02479327 0.54509804 0.71372549 0.60000000
v 0.04049131 0.02372117 -0.02475967 0.54509804 0.71372549 0.60000000
v 0.04249093 0.02372117 -0.02469249 0.54509804 0.71372549 0.60000000
v 0.04348581 0.02272074 -0.02489966 0.54509804 0.71372549 0.60000000
v 0.04348581 0.02172031 -0.02501164 0.54509804 0.71372549 0.60000000
v 0.04449055 0.01972116 -0.02511243 0.54509804 0.71372549 0.60000000
v 0.04548543 0.01872074 -0.02510683 0.54509804 0.71372549 0.60000000
v 0.04548543 0.01572287 -0.02524121 0.54509804 0.71372549 0.60000000
v 0.04548543 0.01472415 -0.02528040 0.54509804 0.71372549 0.60000000
v 0.04548543 0.01372372 -0.02530840 0.54509804 0.71372549 0.60000000
v 0.04608630 0.01041514 -0.02536439 0.54509804 0.71372549 0.60000000
v 0.04548543 0.00872499 -0.02540919 0.54509804 0.71372549 0.60000000
v 0.04617495 0.00972371 -0.02537559 0.54509804 0.71372549 0.60000000
v 0.04548543 0.00779456 -0.02539799 0.54509804 0.71372549 0.60000000
v -0.04928459 0.00779456 -0.02472048 0.54509804 0.71372549 0.60000000
v -0.04922549 0.01472415 -0.02458610 0.54509804 0.71372549 0.60000000
v -0.04970815 0.00779456 -0.02385260 0.54509804 0.71372549 0.60000000
v -0.04972786 0.00779456 -0.02377981 0.54509804 0.71372549 0.60000000
v -0.04991501 0.00779456 -0.02303511 0.54509804 0.71372549 0.60000000
v -0.05003322 0.00779456 -0.02253678 0.54509804 0.71372549 0.60000000
v -0.04974756 0.01572287 -0.02285033 0.54509804 0.71372549 0.60000000
v -0.04971800 0.01672159 -0.02285033 0.54509804 0.71372549 0.60000000
v -0.04963920 0.01772202 -0.02285033 0.54509804 0.71372549 0.60000000
v -0.04946190 0.01972116 -0.02285033 0.54509804 0.71372549 0.60000000
v -0.04931414 0.02072159 -0.02285033 0.54509804 0.71372549 0.60000000
v -0.04910728 0.02176129 -0.02286153 0.54509804 0.71372549 0.60000000
v -0.04895953 0.02212321 -0.02320309 0.54509804 0.71372549 0.60000000
v -0.04882163 0.02176129 -0.02386940 0.54509804 0.71372549 0.60000000
v -0.04797450 0.02320559 -0.02434533 0.54509804 0.71372549 0.60000000
v -0.04748198 0.02373824 -0.02384700 0.54509804 0.71372549 0.60000000
v -0.04698946 0.02422138 -0.02335427 0.54509804 0.71372549 0.60000000
v -0.04648710 0.02393969 -0.02389180 0.54509804 0.71372549 0.60000000
v -0.04349260 0.02402847 -0.02413816 0.54509804 0.71372549 0.60000000
v -0.04349260 0.02434089 -0.02363423 0.54509804 0.71372549 0.60000000
v -0.01949719 0.02453892 -0.02385260 0.54509804 0.71372549 0.60000000
v 0.04049131 0.02466184 -0.02385260 0.54509804 0.71372549 0.60000000
v 0.04049131 0.02432894 -0.02445732 0.54509804 0.71372549 0.60000000
v 0.04249093 0.02428455 -0.02441253 0.54509804 0.71372549 0.60000000
v 0.04348581 0.02424870 -0.02437893 0.54509804 0.71372549 0.60000000
v 0.04402758 0.02422821 -0.02435653 0.54509804 0.71372549 0.60000000
v 0.04348581 0.02372117 -0.02461969 0.54509804 0.71372549 0.60000000
v 0.04449055 0.02272074 -0.02478767 0.54509804 0.71372549 0.60000000
v 0.04449055 0.02172031 -0.02492206 0.54509804 0.71372549 0.60000000
v 0.04548543 0.01972116 -0.02503404 0.54509804 0.71372549 0.60000000
v 0.04848978 0.01672159 -0.02489406 0.54509804 0.71372549 0.60000000
v 0.04649016 0.01572287 -0.02515162 0.54509804 0.71372549 0.60000000
v 0.04649016 0.01472415 -0.02519641 0.54509804 0.71372549 0.60000000
v 0.04615525 0.00872499 -0.02536999 0.54509804 0.71372549 0.60000000
v 0.04667732 0.00972371 -0.02531960 0.54509804 0.71372549 0.60000000
v 0.04602719 0.00779456 -0.02536439 0.54509804 0.71372549 0.60000000
v -0.05011202 0.00779456 -0.02178088 0.54509804 0.71372549 0.60000000
v -0.04980666 0.01672159 -0.02185367 0.54509804 0.71372549 0.60000000
v -0.04976726 0.01772202 -0.02185367 0.54509804 0.71372549 0.60000000
v -0.04968845 0.01872074 -0.02185367 0.54509804 0.71372549 0.60000000
v -0.04957025 0.01972116 -0.02185367 0.54509804 0.71372549 0.60000000
v -0.04943234 0.02072159 -0.02185367 0.54509804 0.71372549 0.60000000
v -0.04924519 0.02172031 -0.02185367 0.54509804 0.71372549 0.60000000
v -0.04901863 0.02235198 -0.02253678 0.54509804 0.71372549 0.60000000
v -0.04885118 0.02269855 -0.02286153 0.54509804 0.71372549 0.60000000
v -0.04836851 0.02281122 -0.02394779 0.54509804 0.71372549 0.60000000
v -0.04817150 0.02343777 -0.02367902 0.54509804 0.71372549 0.60000000
v -0.04771839 0.02412919 -0.02285033 0.54509804 0.71372549 0.60000000
v -0.04795479 0.02421285 -0.02229041 0.54509804 0.71372549 0.60000000
v -0.04721602 0.02426235 -0.02285033 0.54509804 0.71372549 0.60000000
v -0.04648710 0.02449795 -0.02185367 0.54509804 0.71372549 0.60000000
v -0.04648710 0.02434430 -0.02285033 0.54509804 0.71372549 0.60000000
v -0.04448748 0.02447576 -0.02285033 0.54509804 0.71372549 0.60000000
v -0.04349260 0.02452356 -0.02285033 0.54509804 0.71372549 0.60000000
v -0.01849246 0.02480525 -0.02285033 0.54509804 0.71372549 0.60000000
v 0.04148619 0.02497255 -0.02285033 0.54509804 0.71372549 0.60000000
v 0.04249093 0.02497426 -0.02285033 0.54509804 0.71372549 0.60000000
v 0.04348581 0.02497255 -0.02285033 0.54509804 0.71372549 0.60000000
v 0.04148619 0.02465160 -0.02385260 0.54509804 0.71372549 0.60000000
v 0.04249093 0.02462258 -0.02385260 0.54509804 0.71372549 0.60000000
v 0.04348581 0.02458160 -0.02385260 0.54509804 0.71372549 0.60000000
v 0.04548543 0.02347191 -0.02445172 0.54509804 0.71372549 0.60000000
v 0.04441174 0.02375531 -0.02449091 0.54509804 0.71372549 0.60000000
v 0.04748504 0.02441771 -0.02358383 0.54509804 0.71372549 0.60000000
v 0.04748504 0.02372117 -0.02400378 0.54509804 0.71372549 0.60000000
v 0.04621435 0.02333022 -0.02439573 0.54509804 0.71372549 0.60000000
v 0.04548543 0.02272074 -0.02465329 0.54509804 0.71372549 0.60000000
v 0.04649016 0.02172031 -0.02467009 0.54509804 0.71372549 0.60000000
v 0.04548543 0.02172031 -0.02480447 0.54509804 0.71372549 0.60000000
v 0.04649016 0.02072159 -0.02479887 0.54509804 0.71372549 0.60000000
v 0.04649016 0.01972116 -0.02491086 0.54509804 0.71372549 0.60000000
v 0.04848978 0.01772202 -0.02482127 0.54509804 0.71372549 0.60000000
v 0.04940586 0.01672159 -0.02461410 0.54509804 0.71372549 0.60000000
v 0.04944526 0.01572287 -0.02463089 0.54509804 0.71372549 0.60000000
v 0.04848978 0.01472415 -0.02494445 0.54509804 0.71372549 0.60000000
v 0.04665762 0.00872499 -0.02531400 0.54509804 0.71372549 0.60000000
v 0.04657881 0.00779456 -0.02531400 0.54509804 0.71372549 0.60000000
v 0.04748504 0.00972371 -0.02520202 0.54509804 0.71372549 0.60000000
v 0.04748504 0.00872499 -0.02520762 0.54509804 0.71372549 0.60000000
v 0.04748504 0.00779456 -0.02520202 0.54509804 0.71372549 0.60000000
v -0.05015142 0.00779456 -0.02078422 0.54509804 0.71372549 0.60000000
v -0.04983621 0.01772202 -0.02085141 0.54509804 0.71372549 0.60000000
v -0.04974756 0.01872074 -0.02085141 0.54509804 0.71372549 0.60000000
v -0.04951115 0.02072159 -0.02085141 0.54509804 0.71372549 0.60000000
v -0.04933384 0.02172031 -0.02085141 0.54509804 0.71372549 0.60000000
v -0.04908758 0.02276683 -0.02081781 0.54509804 0.71372549 0.60000000
v -0.04905803 0.02250222 -0.02185367 0.54509804 0.71372549 0.60000000
v -0.04892998 0.02300243 -0.02185367 0.54509804 0.71372549 0.60000000
v -0.04833896 0.02362898 -0.02285033 0.54509804 0.71372549 0.60000000
v -0.04835866 0.02381677 -0.02191526 0.54509804 0.71372549 0.60000000
v -0.04802375 0.02424699 -0.02162410 0.54509804 0.71372549 0.60000000
v -0.04749183 0.02443649 -0.02085141 0.54509804 0.71372549 0.60000000
v -0.04757063 0.02432723 -0.02191526 0.54509804 0.71372549 0.60000000
v -0.04648710 0.02458331 -0.02085141 0.54509804 0.71372549 0.60000000
v -0.04549221 0.02466184 -0.02085141 0.54509804 0.71372549 0.60000000
v -0.04549221 0.02456965 -0.02185367 0.54509804 0.71372549 0.60000000
v -0.04448748 0.02460892 -0.02185367 0.54509804 0.71372549 0.60000000
v -0.04349260 0.02463111 -0.02185367 0.54509804 0.71372549 0.60000000
v -0.04149298 0.02465501 -0.02185367 0.54509804 0.71372549 0.60000000
v -0.04448748 0.02469599 -0.02085141 0.54509804 0.71372549 0.60000000
v -0.04149298 0.02472330 -0.02085141 0.54509804 0.71372549 0.60000000
v -0.01548811 0.02504597 -0.01885248 0.54509804 0.71372549 0.60000000
v 0.04249093 0.02506474 -0.02185367 0.54509804 0.71372549 0.60000000
v 0.04348581 0.02506133 -0.02185367 0.54509804 0.71372549 0.60000000
v 0.04449055 0.02501865 -0.02185367 0.54509804 0.71372549 0.60000000
v 0.04748504 0.02488549 -0.02185367 0.54509804 0.71372549 0.60000000
v 0.04449055 0.02491451 -0.02285033 0.54509804 0.71372549 0.60000000
v 0.04748504 0.02474037 -0.02285033 0.54509804 0.71372549 0.60000000
v 0.04819427 0.02432894 -0.02348305 0.54509804 0.71372549 0.60000000
v 0.04850948 0.02375019 -0.02367342 0.54509804 0.71372549 0.60000000
v 0.04848978 0.02272074 -0.02405977 0.54509804 0.71372549 0.60000000
v 0.04687432 0.02312876 -0.02432854 0.54509804 0.71372549 0.60000000
v 0.04651971 0.02276513 -0.02447411 0.54509804 0.71372549 0.60000000
v 0.04718953 0.02246295 -0.02440692 0.54509804 0.71372549 0.60000000
v 0.04882469 0.02108352 -0.02432854 0.54509804 0.71372549 0.60000000
v 0.04906110 0.02041600 -0.02437893 0.54509804 0.71372549 0.60000000
v 0.04932706 0.01772202 -0.02455810 0.54509804 0.71372549 0.60000000
v 0.04963242 0.01972116 -0.02407657 0.54509804 0.71372549 0.60000000
v 0.04982942 0.01772202 -0.02412696 0.54509804 0.71372549 0.60000000
v 0.04990822 0.01672159 -0.02413256 0.54509804 0.71372549 0.60000000
v 0.04937631 0.00972371 -0.02464209 0.54509804 0.71372549 0.60000000
v 0.04848978 0.00779456 -0.02503964 0.54509804 0.71372549 0.60000000
v 0.04848978 0.00872499 -0.02503964 0.54509804 0.71372549 0.60000000
v 0.04848978 0.00972371 -0.02502844 0.54509804 0.71372549 0.60000000
v 0.04842083 0.00779456 -0.02505084 0.54509804 0.71372549 0.60000000
v -0.05014157 0.00779456 -0.01985474 0.54509804 0.71372549 0.60000000
v -0.04984606 0.01772202 -0.01885248 0.54509804 0.71372549 0.60000000
v -0.04985591 0.01772202 -0.01985474 0.54509804 0.71372549 0.60000000
v -0.04977711 0.01872074 -0.01985474 0.54509804 0.71372549 0.60000000
v -0.04954070 0.02072159 -0.01985474 0.54509804 0.71372549 0.60000000
v -0.04914668 0.02272074 -0.01985474 0.54509804 0.71372549 0.60000000
v -0.04899893 0.02324486 -0.02045946 0.54509804 0.71372549 0.60000000
v -0.04936339 0.02172031 -0.01985474 0.54509804 0.71372549 0.60000000
v -0.04865417 0.02363581 -0.02081781 0.54509804 0.71372549 0.60000000
v -0.04808285 0.02428284 -0.02085141 0.54509804 0.71372549 0.60000000
v -0.04749183 0.02455258 -0.01785582 0.54509804 0.71372549 0.60000000
v -0.04648710 0.02469087 -0.01785582 0.54509804 0.71372549 0.60000000
v -0.04549221 0.02470623 -0.01985474 0.54509804 0.71372549 0.60000000
v -0.04448748 0.02474379 -0.01985474 0.54509804 0.71372549 0.60000000
v -0.04349260 0.02478988 -0.01885248 0.54509804 0.71372549 0.60000000
v -0.04248786 0.02481891 -0.01785582 0.54509804 0.71372549 0.60000000
v -0.04448748 0.02482574 -0.01485462 0.54509804 0.71372549 0.60000000
v -0.02849054 0.02503914 -0.00085653 0.54509804 0.71372549 0.60000000
v 0.03148811 0.02523547 0.00114240 0.54509804 0.71372549 0.60000000
v 0.04249093 0.02507157 -0.02085141 0.54509804 0.71372549 0.60000000
v 0.04649016 0.02498109 -0.01885248 0.54509804 0.71372549 0.60000000
v 0.04649016 0.02497085 -0.01985474 0.54509804 0.71372549 0.60000000
v 0.04748504 0.02491793 -0.02085141 0.54509804 0.71372549 0.60000000
v 0.03209883 0.02522864 0.00176391 0.54509804 0.71372549 0.60000000
v 0.04848978 0.02473013 -0.02085141 0.54509804 0.71372549 0.60000000
v 0.04848978 0.02464989 -0.02185367 0.54509804 0.71372549 0.60000000
v 0.04850948 0.02443649 -0.02281114 0.54509804 0.71372549 0.60000000
v 0.04885424 0.02410358 -0.02311350 0.54509804 0.71372549 0.60000000
v 0.04912020 0.02343777 -0.02351105 0.54509804 0.71372549 0.60000000
v 0.04924825 0.02272074 -0.02365103 0.54509804 0.71372549 0.60000000
v 0.04943541 0.02073866 -0.02402058 0.54509804 0.71372549 0.60000000
v 0.05004613 0.02072159 -0.02345505 0.54509804 0.71372549 0.60000000
v 0.05010523 0.01972116 -0.02357264 0.54509804 0.71372549 0.60000000
v 0.05010523 0.01872074 -0.02360624 0.54509804 0.71372549 0.60000000
v 0.04994763 0.01572287 -0.02405977 0.54509804 0.71372549 0.60000000
v 0.04934676 0.00779456 -0.02464769 0.54509804 0.71372549 0.60000000
v 0.04928765 0.00779456 -0.02467569 0.54509804 0.71372549 0.60000000
v -0.05008247 0.00779456 -0.01880209 0.54509804 0.71372549 0.60000000
v -0.04977711 0.01872074 -0.01885248 0.54509804 0.71372549 0.60000000
v -0.05001351 0.00872499 -0.01813018 0.54509804 0.71372549 0.60000000
v -0.05002336 0.00779456 -0.01795660 0.54509804 0.71372549 0.60000000
v -0.04974756 0.01772202 -0.01785582 0.54509804 0.71372549 0.60000000
v -0.04947175 0.01972116 -0.01585129 0.54509804 0.71372549 0.60000000
v -0.04970815 0.01872074 -0.01785582 0.54509804 0.71372549 0.60000000
v -0.04954070 0.02072159 -0.01885248 0.54509804 0.71372549 0.60000000
v -0.04937324 0.02172031 -0.01885248 0.54509804 0.71372549 0.60000000
v -0.04916639 0.02272074 -0.01885248 0.54509804 0.71372549 0.60000000
v -0.04900878 0.02326876 -0.01985474 0.54509804 0.71372549 0.60000000
v -0.04862462 0.02376897 -0.01985474 0.54509804 0.71372549 0.60000000
v -0.04813210 0.02430503 -0.01985474 0.54509804 0.71372549 0.60000000
v -0.04814195 0.02433918 -0.01785582 0.54509804 0.71372549 0.60000000
v -0.04802375 0.02425894 -0.01225658 0.54509804 0.71372549 0.60000000
v -0.04648710 0.02451161 -0.00885224 0.54509804 0.71372549 0.60000000
v -0.04648710 0.02467721 -0.01585129 0.54509804 0.71372549 0.60000000
v -0.04648710 0.02469599 -0.01685355 0.54509804 0.71372549 0.60000000
v -0.04549221 0.02477623 -0.01585129 0.54509804 0.71372549 0.60000000
v -0.04549221 0.02476940 -0.01685355 0.54509804 0.71372549 0.60000000
v -0.04549221 0.02475915 -0.01785582 0.54509804 0.71372549 0.60000000
v -0.04549221 0.02473696 -0.01885248 0.54509804 0.71372549 0.60000000
v -0.04448748 0.02477452 -0.01885248 0.54509804 0.71372549 0.60000000
v -0.04349260 0.02480866 -0.01785582 0.54509804 0.71372549 0.60000000
v -0.04448748 0.02481549 -0.01585129 0.54509804 0.71372549 0.60000000
v -0.04448748 0.02482574 -0.01385236 0.54509804 0.71372549 0.60000000
v -0.04048825 0.02490597 -0.00085653 0.54509804 0.71372549 0.60000000
v -0.03648901 0.02494865 -0.00485439 0.54509804 0.71372549 0.60000000
v -0.04048825 0.02489915 0.00014573 0.54509804 0.71372549 0.60000000
v -0.01649284 0.02494695 0.01913835 0.54509804 0.71372549 0.60000000
v 0.03148811 0.02523205 0.00181991 0.54509804 0.71372549 0.60000000
v 0.04748504 0.02490597 -0.01585129 0.54509804 0.71372549 0.60000000
v 0.04748504 0.02493329 -0.01885248 0.54509804 0.71372549 0.60000000
v 0.04748504 0.02493158 -0.01985474 0.54509804 0.71372549 0.60000000
v 0.03649208 0.02495890 0.01113704 0.54509804 0.71372549 0.60000000
v 0.02348964 0.02500841 0.01713382 0.54509804 0.71372549 0.60000000
v 0.04748504 0.02488890 -0.01485462 0.54509804 0.71372549 0.60000000
v 0.04848978 0.02470794 -0.01985474 0.54509804 0.71372549 0.60000000
v 0.04913005 0.02438869 -0.02085141 0.54509804 0.71372549 0.60000000
v 0.04909065 0.02431699 -0.02185367 0.54509804 0.71372549 0.60000000
v 0.04902170 0.02425211 -0.02244719 0.54509804 0.71372549 0.60000000
v 0.04923840 0.02375019 -0.02281114 0.54509804 0.71372549 0.60000000
v 0.04975062 0.02268318 -0.02279995 0.54509804 0.71372549 0.60000000
v 0.04998703 0.02122351 -0.02335427 0.54509804 0.71372549 0.60000000
v 0.05021358 0.02072159 -0.02285033 0.54509804 0.71372549 0.60000000
v 0.05029239 0.01972116 -0.02285033 0.54509804 0.71372549 0.60000000
v 0.05028254 0.01872074 -0.02285033 0.54509804 0.71372549 0.60000000
v 0.04999687 0.00801479 -0.02336547 0.54509804 0.71372549 0.60000000
v 0.04987867 0.00779456 -0.02376301 0.54509804 0.71372549 0.60000000
v -0.04956040 0.01972116 -0.01685355 0.54509804 0.71372549 0.60000000
v -0.04948160 0.02072159 -0.01685355 0.54509804 0.71372549 0.60000000
v -0.04952100 0.02072159 -0.01785582 0.54509804 0.71372549 0.60000000
v -0.04997411 0.00779456 -0.01749187 0.54509804 0.71372549 0.60000000
v -0.04958995 0.01572287 -0.01585129 0.54509804 0.71372549 0.60000000
v -0.04937324 0.01872074 -0.01485462 0.54509804 0.71372549 0.60000000
v -0.04932399 0.01972116 -0.01485462 0.54509804 0.71372549 0.60000000
v -0.04937324 0.02072159 -0.01585129 0.54509804 0.71372549 0.60000000
v -0.04936339 0.02172031 -0.01785582 0.54509804 0.71372549 0.60000000
v -0.04916639 0.02272074 -0.01785582 0.54509804 0.71372549 0.60000000
v -0.04901863 0.02328412 -0.01785582 0.54509804 0.71372549 0.60000000
v -0.04901863 0.02328241 -0.01885248 0.54509804 0.71372549 0.60000000
v -0.04863447 0.02378263 -0.01885248 0.54509804 0.71372549 0.60000000
v -0.04814195 0.02432040 -0.01885248 0.54509804 0.71372549 0.60000000
v -0.04864432 0.02378433 -0.01785582 0.54509804 0.71372549 0.60000000
v -0.04818135 0.02373653 -0.01189823 0.54509804 0.71372549 0.60000000
v -0.04803360 0.02331656 -0.01012887 0.54509804 0.71372549 0.60000000
v -0.04753123 0.02372117 -0.00885224 0.54509804 0.71372549 0.60000000
v -0.04712737 0.02433235 -0.00885224 0.54509804 0.71372549 0.60000000
v -0.04861477 0.02377068 -0.01685355 0.54509804 0.71372549 0.60000000
v -0.04901863 0.02327046 -0.01685355 0.54509804 0.71372549 0.60000000
v -0.04899893 0.02324486 -0.01624323 0.54509804 0.71372549 0.60000000
v -0.04448748 0.02459356 -0.00285546 0.54509804 0.71372549 0.60000000
v -0.04448748 0.02463453 -0.00385772 0.54509804 0.71372549 0.60000000
v -0.04448748 0.02467379 -0.00485439 0.54509804 0.71372549 0.60000000
v -0.04549221 0.02462599 -0.00785558 0.54509804 0.71372549 0.60000000
v -0.04549221 0.02474208 -0.01285570 0.54509804 0.71372549 0.60000000
v -0.04549221 0.02476086 -0.01385236 0.54509804 0.71372549 0.60000000
v -0.04549221 0.02477452 -0.01485462 0.54509804 0.71372549 0.60000000
v -0.04448748 0.02479330 -0.01785582 0.54509804 0.71372549 0.60000000
v -0.04149298 0.02487866 -0.00085653 0.54509804 0.71372549 0.60000000
v -0.04149298 0.02486159 0.00014573 0.54509804 0.71372549 0.60000000
v -0.03648901 0.02486842 0.00613692 0.54509804 0.71372549 0.60000000
v -0.01748773 0.02493500 0.01913835 0.54509804 0.71372549 0.60000000
v -0.01649284 0.02490597 0.02013501 0.54509804 0.71372549 0.60000000
v 0.01049706 0.02491793 0.02313620 0.54509804 0.71372549 0.60000000
v 0.01149194 0.02496061 0.02213394 0.54509804 0.71372549 0.60000000
v 0.02249476 0.02501353 0.01713382 0.54509804 0.71372549 0.60000000
v 0.03748696 0.02491280 0.01113704 0.54509804 0.71372549 0.60000000
v 0.03649208 0.02492305 0.01213930 0.54509804 0.71372549 0.60000000
v 0.01149194 0.02491963 0.02313620 0.54509804 0.71372549 0.60000000
v 0.02348964 0.02495890 0.01813609 0.54509804 0.71372549 0.60000000
v 0.04548543 0.02458502 -0.00485439 0.54509804 0.71372549 0.60000000
v 0.04649016 0.02459185 -0.00785558 0.54509804 0.71372549 0.60000000
v 0.04714028 0.02436308 -0.00785558 0.54509804 0.71372549 0.60000000
v 0.04836172 0.02456282 -0.01485462 0.54509804 0.71372549 0.60000000
v 0.04910050 0.02436308 -0.01985474 0.54509804 0.71372549 0.60000000
v 0.04950436 0.02372117 -0.02085141 0.54509804 0.71372549 0.60000000
v 0.04946496 0.02372117 -0.02185367 0.54509804 0.71372549 0.60000000
v 0.05001658 0.02232467 -0.02243599 0.54509804 0.71372549 0.60000000
v 0.05006583 0.02162129 -0.02279995 0.54509804 0.71372549 0.60000000
v 0.05021358 0.02172031 -0.02185367 0.54509804 0.71372549 0.60000000
v 0.05037119 0.02072159 -0.02185367 0.54509804 0.71372549 0.60000000
v 0.05042044 0.01972116 -0.02185367 0.54509804 0.71372549 0.60000000
v 0.05040074 0.01872074 -0.02185367 0.54509804 0.71372549 0.60000000
v 0.05000673 0.00779456 -0.02296792 0.54509804 0.71372549 0.60000000
v 0.04999687 0.00779456 -0.02305191 0.54509804 0.71372549 0.60000000
v 0.04990822 0.00779456 -0.02363983 0.54509804 0.71372549 0.60000000
v 0.05046969 0.01872074 -0.02085141 0.54509804 0.71372549 0.60000000
v -0.04923534 0.02172031 -0.01585129 0.54509804 0.71372549 0.60000000
v -0.04932399 0.02172031 -0.01685355 0.54509804 0.71372549 0.60000000
v -0.04990516 0.00779456 -0.01685355 0.54509804 0.71372549 0.60000000
v -0.04978696 0.00779456 -0.01585129 0.54509804 0.71372549 0.60000000
v -0.04966875 0.00779456 -0.01485462 0.54509804 0.71372549 0.60000000
v -0.04943234 0.01672159 -0.01485462 0.54509804 0.71372549 0.60000000
v -0.04924519 0.01772202 -0.01385236 0.54509804 0.71372549 0.60000000
v -0.04921564 0.01872074 -0.01385236 0.54509804 0.71372549 0.60000000
v -0.04894968 0.01972116 -0.01257574 0.54509804 0.71372549 0.60000000
v -0.04900878 0.02038527 -0.01323645 0.54509804 0.71372549 0.60000000
v -0.04892013 0.02071989 -0.01288369 0.54509804 0.71372549 0.60000000
v -0.04880192 0.02172031 -0.01285570 0.54509804 0.71372549 0.60000000
v -0.04881177 0.02272074 -0.01385236 0.54509804 0.71372549 0.60000000
v -0.04914668 0.02272074 -0.01685355 0.54509804 0.71372549 0.60000000
v -0.04811240 0.02343948 -0.01085677 0.54509804 0.71372549 0.60000000
v -0.04895953 0.02308950 -0.01557693 0.54509804 0.71372549 0.60000000
v -0.04866402 0.02272074 -0.01285570 0.54509804 0.71372549 0.60000000
v -0.04796465 0.02303316 -0.00946256 0.54509804 0.71372549 0.60000000
v -0.04702886 0.02332168 -0.00620940 0.54509804 0.71372549 0.60000000
v -0.04849656 0.02272074 -0.01185343 0.54509804 0.71372549 0.60000000
v -0.04702886 0.02425723 -0.00825872 0.54509804 0.71372549 0.60000000
v -0.04508835 0.02430503 -0.00213316 0.54509804 0.71372549 0.60000000
v -0.04517700 0.02435796 -0.00285546 0.54509804 0.71372549 0.60000000
v -0.04906788 0.02274123 -0.01588488 0.54509804 0.71372549 0.60000000
v -0.04349260 0.02463453 -0.00085653 0.54509804 0.71372549 0.60000000
v -0.04248786 0.02474720 0.00014573 0.54509804 0.71372549 0.60000000
v -0.04349260 0.02469428 -0.00185319 0.54509804 0.71372549 0.60000000
v -0.04349260 0.02474208 -0.00285546 0.54509804 0.71372549 0.60000000
v -0.04248786 0.02479159 -0.00085653 0.54509804 0.71372549 0.60000000
v -0.03848863 0.02468745 0.00713918 0.54509804 0.71372549 0.60000000
v -0.03749375 0.02478135 0.00713918 0.54509804 0.71372549 0.60000000
v -0.03749375 0.02482574 0.00613692 0.54509804 0.71372549 0.60000000
v -0.03648901 0.02483256 0.00713918 0.54509804 0.71372549 0.60000000
v -0.01748773 0.02488720 0.02013501 0.54509804 0.71372549 0.60000000
v -0.01449323 0.02464477 0.02413287 0.54509804 0.71372549 0.60000000
v -0.01249361 0.02474379 0.02313620 0.54509804 0.71372549 0.60000000
v 0.00149386 0.02449795 0.02613740 0.54509804 0.71372549 0.60000000
v -0.01148888 0.02466355 0.02413287 0.54509804 0.71372549 0.60000000
v 0.03548734 0.02472330 0.01513489 0.54509804 0.71372549 0.60000000
v 0.03748696 0.02471647 0.01213930 0.54509804 0.71372549 0.60000000
v 0.03849169 0.02472672 0.01013477 0.54509804 0.71372549 0.60000000
v 0.03449246 0.02471306 0.01613716 0.54509804 0.71372549 0.60000000
v 0.02348964 0.02484110 0.02013501 0.54509804 0.71372549 0.60000000
v 0.00949232 0.02464136 0.02513513 0.54509804 0.71372549 0.60000000
v 0.01249668 0.02461575 0.02513513 0.54509804 0.71372549 0.60000000
v 0.01349156 0.02459868 0.02513513 0.54509804 0.71372549 0.60000000
v 0.01249668 0.02488720 0.02313620 0.54509804 0.71372549 0.60000000
v 0.04549528 0.02442625 -0.00388012 0.54509804 0.71372549 0.60000000
v 0.04603705 0.02427431 -0.00423287 0.54509804 0.71372549 0.60000000
v 0.04613555 0.02433064 -0.00485439 0.54509804 0.71372549 0.60000000
v 0.04706148 0.02429138 -0.00712208 0.54509804 0.71372549 0.60000000
v 0.04892319 0.02407115 -0.01585129 0.54509804 0.71372549 0.60000000
v 0.04895274 0.02416504 -0.01685355 0.54509804 0.71372549 0.60000000
v 0.04944526 0.02372117 -0.01985474 0.54509804 0.71372549 0.60000000
v 0.04982942 0.02279927 -0.01985474 0.54509804 0.71372549 0.60000000
v 0.04985897 0.02284366 -0.02085141 0.54509804 0.71372549 0.60000000
v 0.04986883 0.02287439 -0.02185367 0.54509804 0.71372549 0.60000000
v 0.05003628 0.02237418 -0.02185367 0.54509804 0.71372549 0.60000000
v 0.05022344 0.02172031 -0.02085141 0.54509804 0.71372549 0.60000000
v 0.05041059 0.02072159 -0.02085141 0.54509804 0.71372549 0.60000000
v 0.05047954 0.01972116 -0.02085141 0.54509804 0.71372549 0.60000000
v 0.05002643 0.00779456 -0.02192646 0.54509804 0.71372549 0.60000000
v 0.05046969 0.01872074 -0.01985474 0.54509804 0.71372549 0.60000000
v 0.05004613 0.00779456 -0.01992193 0.54509804 0.71372549 0.60000000
v -0.04965890 0.00779456 -0.01478183 0.54509804 0.71372549 0.60000000
v -0.04950130 0.00872499 -0.01385236 0.54509804 0.71372549 0.60000000
v -0.04927474 0.01672159 -0.01385236 0.54509804 0.71372549 0.60000000
v -0.04898908 0.01809419 -0.01236296 0.54509804 0.71372549 0.60000000
v -0.04897923 0.01872074 -0.01241896 0.54509804 0.71372549 0.60000000
v -0.04888073 0.01872074 -0.01185343 0.54509804 0.71372549 0.60000000
v -0.04882163 0.01972116 -0.01185343 0.54509804 0.71372549 0.60000000
v -0.04873297 0.02072159 -0.01185343 0.54509804 0.71372549 0.60000000
v -0.04862462 0.02172031 -0.01185343 0.54509804 0.71372549 0.60000000
v -0.04829956 0.02272074 -0.01085677 0.54509804 0.71372549 0.60000000
v -0.04800405 0.02236735 -0.00929458 0.54509804 0.71372549 0.60000000
v -0.04786614 0.02270879 -0.00891943 0.54509804 0.71372549 0.60000000
v -0.04731452 0.02272074 -0.00685331 0.54509804 0.71372549 0.60000000
v -0.04593548 0.02416504 -0.00448484 0.54509804 0.71372549 0.60000000
v -0.04708797 0.02272074 -0.00602463 0.54509804 0.71372549 0.60000000
v -0.04694021 0.02272074 -0.00552629 0.54509804 0.71372549 0.60000000
v -0.04509820 0.02346338 -0.00111969 0.54509804 0.71372549 0.60000000
v -0.04524596 0.02376556 -0.00181960 0.54509804 0.71372549 0.60000000
v -0.04491104 0.02413090 -0.00146685 0.54509804 0.71372549 0.60000000
v -0.04412302 0.02431357 -0.00012303 0.54509804 0.71372549 0.60000000
v -0.04428062 0.02437845 -0.00085653 0.54509804 0.71372549 0.60000000
v -0.04354185 0.02445868 0.00018493 0.54509804 0.71372549 0.60000000
v -0.04329559 0.02439040 0.00114240 0.54509804 0.71372549 0.60000000
v -0.04248786 0.02464477 0.00114240 0.54509804 0.71372549 0.60000000
v -0.03849848 0.02446210 0.00815264 0.54509804 0.71372549 0.60000000
v -0.03407568 0.02425723 0.01369589 0.54509804 0.71372549 0.60000000
v -0.03749375 0.02467721 0.00813585 0.54509804 0.71372549 0.60000000
v -0.03949336 0.02460892 0.00613692 0.54509804 0.71372549 0.60000000
v -0.03952291 0.02442454 0.00713918 0.54509804 0.71372549 0.60000000
v -0.02949528 0.02457136 0.01613716 0.54509804 0.71372549 0.60000000
v -0.02749566 0.02454234 0.01813609 0.54509804 0.71372549 0.60000000
v -0.02949528 0.02464989 0.01513489 0.54509804 0.71372549 0.60000000
v -0.02349643 0.02468916 0.01913835 0.54509804 0.71372549 0.60000000
v -0.02249169 0.02474037 0.01913835 0.54509804 0.71372549 0.60000000
v -0.02249169 0.02465843 0.02013501 0.54509804 0.71372549 0.60000000
v -0.01849246 0.02475745 0.02113728 0.54509804 0.71372549 0.60000000
v -0.01949719 0.02470794 0.02113728 0.54509804 0.71372549 0.60000000
v -0.01548811 0.02459185 0.02413287 0.54509804 0.71372549 0.60000000
v -0.01348849 0.02450307 0.02513513 0.54509804 0.71372549 0.60000000
v -0.01249361 0.02451502 0.02513513 0.54509804 0.71372549 0.60000000
v -0.00549003 0.02432381 0.02691009 0.54509804 0.71372549 0.60000000
v 0.00249859 0.02433064 0.02679811 0.54509804 0.71372549 0.60000000
v 0.00449821 0.02446551 0.02613740 0.54509804 0.71372549 0.60000000
v -0.00449514 0.02432211 0.02692129 0.54509804 0.71372549 0.60000000
v 0.03552674 0.02448600 0.01614836 0.54509804 0.71372549 0.60000000
v 0.03715205 0.02436820 0.01391426 0.54509804 0.71372549 0.60000000
v 0.03851139 0.02450478 0.01109784 0.54509804 0.71372549 0.60000000
v 0.03628522 0.02444161 0.01513489 0.54509804 0.71372549 0.60000000
v 0.04313120 0.02432211 0.00192629 0.54509804 0.71372549 0.60000000
v 0.03449246 0.02444673 0.01704983 0.54509804 0.71372549 0.60000000
v 0.03522138 0.02437332 0.01693785 0.54509804 0.71372549 0.60000000
v 0.02348964 0.02469769 0.02113728 0.54509804 0.71372549 0.60000000
v 0.02249476 0.02475915 0.02113728 0.54509804 0.71372549 0.60000000
v 0.01249668 0.02440064 0.02599742 0.54509804 0.71372549 0.60000000
v 0.00852699 0.02440235 0.02621579 0.54509804 0.71372549 0.60000000
v 0.01349156 0.02439552 0.02593022 0.54509804 0.71372549 0.60000000
v 0.01449629 0.02451844 0.02513513 0.54509804 0.71372549 0.60000000
v 0.04611585 0.02372117 -0.00405369 0.54509804 0.71372549 0.60000000
v 0.04705163 0.02345314 -0.00618140 0.54509804 0.71372549 0.60000000
v 0.04692358 0.02412066 -0.00645577 0.54509804 0.71372549 0.60000000
v 0.04294404 0.02415651 0.00259260 0.54509804 0.71372549 0.60000000
v 0.04328880 0.02378092 0.00221185 0.54509804 0.71372549 0.60000000
v 0.04407683 0.02342070 0.00084004 0.54509804 0.71372549 0.60000000
v 0.04715998 0.02376043 -0.00681412 0.54509804 0.71372549 0.60000000
v 0.04801696 0.02328071 -0.00926099 0.54509804 0.71372549 0.60000000
v 0.04888379 0.02372970 -0.01475384 0.54509804 0.71372549 0.60000000
v 0.04911035 0.02357093 -0.01585129 0.54509804 0.71372549 0.60000000
v 0.04997718 0.02215053 -0.01851653 0.54509804 0.71372549 0.60000000
v 0.04981957 0.02264562 -0.01885248 0.54509804 0.71372549 0.60000000
v 0.04935661 0.02372117 -0.01885248 0.54509804 0.71372549 0.60000000
v 0.05000673 0.02226150 -0.01918843 0.54509804 0.71372549 0.60000000
v 0.05001658 0.02229906 -0.01985474 0.54509804 0.71372549 0.60000000
v 0.05002643 0.02234345 -0.02085141 0.54509804 0.71372549 0.60000000
v 0.05018404 0.02172031 -0.01985474 0.54509804 0.71372549 0.60000000
v 0.05038104 0.02072159 -0.01985474 0.54509804 0.71372549 0.60000000
v 0.05046969 0.01972116 -0.01985474 0.54509804 0.71372549 0.60000000
v 0.05041059 0.01872074 -0.01885248 0.54509804 0.71372549 0.60000000
v 0.04997718 0.00779456 -0.01772143 0.54509804 0.71372549 0.60000000
v 0.04999687 0.00779456 -0.01816377 0.54509804 0.71372549 0.60000000
v 0.05002643 0.00779456 -0.01885248 0.54509804 0.71372549 0.60000000
v -0.04951115 0.00779456 -0.01378517 0.54509804 0.71372549 0.60000000
v -0.04933384 0.00872499 -0.01285570 0.54509804 0.71372549 0.60000000
v -0.04867387 0.01872074 -0.01085677 0.54509804 0.71372549 0.60000000
v -0.04900878 0.00872499 -0.01127111 0.54509804 0.71372549 0.60000000
v -0.04861477 0.01972116 -0.01085677 0.54509804 0.71372549 0.60000000
v -0.04851626 0.02072159 -0.01085677 0.54509804 0.71372549 0.60000000
v -0.04828971 0.02072159 -0.00985451 0.54509804 0.71372549 0.60000000
v -0.04796465 0.02072159 -0.00847149 0.54509804 0.71372549 0.60000000
v -0.04781689 0.02072159 -0.00785558 0.54509804 0.71372549 0.60000000
v -0.04745243 0.02172031 -0.00685331 0.54509804 0.71372549 0.60000000
v -0.04713722 0.02170495 -0.00577826 0.54509804 0.71372549 0.60000000
v -0.04696976 0.02202932 -0.00539751 0.54509804 0.71372549 0.60000000
v -0.04553162 0.02272074 -0.00185319 0.54509804 0.71372549 0.60000000
v -0.04516715 0.02272074 -0.00094612 0.54509804 0.71372549 0.60000000
v -0.04495044 0.02272074 -0.00044779 0.54509804 0.71372549 0.60000000
v -0.04410332 0.02346508 0.00087923 0.54509804 0.71372549 0.60000000
v -0.04431017 0.02376726 0.00018493 0.54509804 0.71372549 0.60000000
v -0.04479284 0.02376556 -0.00081174 0.54509804 0.71372549 0.60000000
v -0.04391616 0.02413090 0.00054328 0.54509804 0.71372549 0.60000000
v -0.04313798 0.02430845 0.00184790 0.54509804 0.71372549 0.60000000
v -0.04043899 0.02435113 0.00605853 0.54509804 0.71372549 0.60000000
v -0.03921755 0.02434259 0.00782789 0.54509804 0.71372549 0.60000000
v -0.03505086 0.02424358 0.01269363 0.54509804 0.71372549 0.60000000
v -0.03599650 0.02322778 0.01263763 0.54509804 0.71372549 0.60000000
v -0.03478491 0.02372117 0.01341593 0.54509804 0.71372549 0.60000000
v -0.03428254 0.02372117 0.01387506 0.54509804 0.71372549 0.60000000
v -0.03301184 0.02423162 0.01465336 0.54509804 0.71372549 0.60000000
v -0.02814578 0.02431016 0.01875760 0.54509804 0.71372549 0.60000000
v -0.04102016 0.02424187 0.00567218 0.54509804 0.71372549 0.60000000
v -0.02649093 0.02459868 0.01813609 0.54509804 0.71372549 0.60000000
v -0.02740701 0.02435113 0.01911035 0.54509804 0.71372549 0.60000000
v -0.02249169 0.02454575 0.02113728 0.54509804 0.71372549 0.60000000
v -0.01548811 0.02439040 0.02498395 0.54509804 0.71372549 0.60000000
v -0.02049208 0.02454234 0.02213394 0.54509804 0.71372549 0.60000000
v -0.02149681 0.02446039 0.02213394 0.54509804 0.71372549 0.60000000
v -0.01453263 0.02440576 0.02521352 0.54509804 0.71372549 0.60000000
v -0.01348849 0.02431869 0.02588543 0.54509804 0.71372549 0.60000000
v -0.00748964 0.02416846 0.02737483 0.54509804 0.71372549 0.60000000
v 0.00349347 0.02431528 0.02679251 0.54509804 0.71372549 0.60000000
v -0.00449514 0.02411383 0.02742522 0.54509804 0.71372549 0.60000000
v -0.00748964 0.02379458 0.02813633 0.54509804 0.71372549 0.60000000
v 0.03608821 0.02432381 0.01582360 0.54509804 0.71372549 0.60000000
v 0.03904331 0.02428113 0.01073389 0.54509804 0.71372549 0.60000000
v 0.03814693 0.02436137 0.01213930 0.54509804 0.71372549 0.60000000
v 0.03610791 0.02339168 0.01795131 0.54509804 0.71372549 0.60000000
v 0.03556615 0.02354362 0.01822567 0.54509804 0.71372549 0.60000000
v 0.01816061 0.02425211 0.02469279 0.54509804 0.71372549 0.60000000
v 0.01883044 0.02418212 0.02455841 0.54509804 0.71372549 0.60000000
v 0.01449629 0.02433918 0.02581264 0.54509804 0.71372549 0.60000000
v 0.01849553 0.02436649 0.02418886 0.54509804 0.71372549 0.60000000
v 0.00822163 0.02425382 0.02666932 0.54509804 0.71372549 0.60000000
v 0.01249668 0.02410871 0.02650135 0.54509804 0.71372549 0.60000000
v 0.04663792 0.02272074 -0.00485439 0.54509804 0.71372549 0.60000000
v 0.04416548 0.02272074 0.00101922 0.54509804 0.71372549 0.60000000
v 0.04712058 0.02272074 -0.00603023 0.54509804 0.71372549 0.60000000
v 0.04739639 0.02272074 -0.00685331 0.54509804 0.71372549 0.60000000
v 0.04770175 0.02272074 -0.00785558 0.54509804 0.71372549 0.60000000
v 0.04791846 0.02272074 -0.00868426 0.54509804 0.71372549 0.60000000
v 0.04999687 0.01927387 -0.01633842 0.54509804 0.71372549 0.60000000
v 0.04996733 0.01993969 -0.01646161 0.54509804 0.71372549 0.60000000
v 0.05002643 0.02072159 -0.01716151 0.54509804 0.71372549 0.60000000
v 0.04999687 0.02124400 -0.01732949 0.54509804 0.71372549 0.60000000
v 0.04899215 0.02321583 -0.01435629 0.54509804 0.71372549 0.60000000
v 0.04904140 0.02340363 -0.01502260 0.54509804 0.71372549 0.60000000
v 0.04991808 0.02193542 -0.01785582 0.54509804 0.71372549 0.60000000
v 0.05003628 0.02143692 -0.01785582 0.54509804 0.71372549 0.60000000
v 0.05009538 0.02177836 -0.01885248 0.54509804 0.71372549 0.60000000
v 0.05029239 0.02072159 -0.01885248 0.54509804 0.71372549 0.60000000
v 0.05039089 0.01972116 -0.01885248 0.54509804 0.71372549 0.60000000
v 0.05028254 0.01872074 -0.01785582 0.54509804 0.71372549 0.60000000
v 0.04987867 0.00779456 -0.01685355 0.54509804 0.71372549 0.60000000
v 0.04988852 0.00779456 -0.01693194 0.54509804 0.71372549 0.60000000
v -0.04933384 0.00779456 -0.01278291 0.54509804 0.71372549 0.60000000
v -0.04914668 0.00779456 -0.01185343 0.54509804 0.71372549 0.60000000
v -0.04901863 0.00779456 -0.01122072 0.54509804 0.71372549 0.60000000
v -0.04843746 0.01872074 -0.00985451 0.54509804 0.71372549 0.60000000
v -0.04801390 0.01952142 -0.00825872 0.54509804 0.71372549 0.60000000
v -0.04890043 0.00872499 -0.01076718 0.54509804 0.71372549 0.60000000
v -0.04811240 0.01980140 -0.00876265 0.54509804 0.71372549 0.60000000
v -0.04790554 0.01980140 -0.00789477 0.54509804 0.71372549 0.60000000
v -0.04756078 0.02072159 -0.00685331 0.54509804 0.71372549 0.60000000
v -0.04699931 0.02136180 -0.00532472 0.54509804 0.71372549 0.60000000
v -0.04723572 0.02072159 -0.00585665 0.54509804 0.71372549 0.60000000
v -0.04562027 0.02172031 -0.00185319 0.54509804 0.71372549 0.60000000
v -0.04516715 0.02165885 -0.00077254 0.54509804 0.71372549 0.60000000
v -0.04498000 0.02195079 -0.00038059 0.54509804 0.71372549 0.60000000
v -0.04464508 0.02272074 0.00014573 0.54509804 0.71372549 0.60000000
v -0.04392601 0.02272074 0.00152875 0.54509804 0.71372549 0.60000000
v -0.04306903 0.02341046 0.00276058 0.54509804 0.71372549 0.60000000
v -0.04329559 0.02373483 0.00216706 0.54509804 0.71372549 0.60000000
v -0.04379796 0.02376726 0.00118159 0.54509804 0.71372549 0.60000000
v -0.03988737 0.02395847 0.00747514 0.54509804 0.71372549 0.60000000
v -0.03792716 0.02418041 0.00958605 0.54509804 0.71372549 0.60000000
v -0.03699138 0.02422480 0.01064430 0.54509804 0.71372549 0.60000000
v -0.03571084 0.02389360 0.01232408 0.54509804 0.71372549 0.60000000
v -0.03827192 0.02272074 0.00998919 0.54509804 0.71372549 0.60000000
v -0.03785821 0.02272074 0.01048753 0.54509804 0.71372549 0.60000000
v -0.03797641 0.01997383 0.01062191 0.54509804 0.71372549 0.60000000
v -0.03799611 0.01930802 0.01064430 0.54509804 0.71372549 0.60000000
v -0.03600635 0.02272074 0.01264883 0.54509804 0.71372549 0.60000000
v -0.03508041 0.02072159 0.01372389 0.54509804 0.71372549 0.60000000
v -0.03504102 0.02172031 0.01369029 0.54509804 0.71372549 0.60000000
v -0.03452880 0.02172031 0.01419422 0.54509804 0.71372549 0.60000000
v -0.03399688 0.02226150 0.01464776 0.54509804 0.71372549 0.60000000
v -0.03496221 0.02302975 0.01361750 0.54509804 0.71372549 0.60000000
v -0.03391808 0.02292731 0.01456377 0.54509804 0.71372549 0.60000000
v -0.03370137 0.02372117 0.01437900 0.54509804 0.71372549 0.60000000
v -0.03770060 0.02379628 0.01017397 0.54509804 0.71372549 0.60000000
v -0.03815372 0.02351289 0.00986041 0.54509804 0.71372549 0.60000000
v -0.03909935 0.02338485 0.00877416 0.54509804 0.71372549 0.60000000
v -0.03918800 0.02272074 0.00888054 0.54509804 0.71372549 0.60000000
v -0.03111073 0.02337460 0.01673628 0.54509804 0.71372549 0.60000000
v -0.03002720 0.02330802 0.01766015 0.54509804 0.71372549 0.60000000
v -0.02830339 0.02372117 0.01887518 0.54509804 0.71372549 0.60000000
v -0.02701299 0.02423162 0.01964788 0.54509804 0.71372549 0.60000000
v -0.02514143 0.02428284 0.02071173 0.54509804 0.71372549 0.60000000
v -0.03319900 0.02372117 0.01480454 0.54509804 0.71372549 0.60000000
v -0.04113837 0.02372117 0.00582896 0.54509804 0.71372549 0.60000000
v -0.02241289 0.02433918 0.02210594 0.54509804 0.71372549 0.60000000
v -0.01348849 0.02411383 0.02638376 0.54509804 0.71372549 0.60000000
v -0.02149681 0.02429821 0.02276106 0.54509804 0.71372549 0.60000000
v -0.01049399 0.02364434 0.02813633 0.54509804 0.71372549 0.60000000
v -0.00948926 0.02372629 0.02813633 0.54509804 0.71372549 0.60000000
v -0.00849438 0.02379116 0.02813633 0.54509804 0.71372549 0.60000000
v -0.00849438 0.02338143 0.02888662 0.54509804 0.71372549 0.60000000
v -0.00948926 0.02338314 0.02890902 0.54509804 0.71372549 0.60000000
v 0.03528049 0.02327388 0.01867361 0.54509804 0.71372549 0.60000000
v 0.03586166 0.02272074 0.01850563 0.54509804 0.71372549 0.60000000
v 0.03613747 0.02272074 0.01800730 0.54509804 0.71372549 0.60000000
v 0.04011700 0.02172031 0.00989401 0.54509804 0.71372549 0.60000000
v 0.04397833 0.02209761 0.00161833 0.54509804 0.71372549 0.60000000
v 0.04392908 0.02272074 0.00152315 0.54509804 0.71372549 0.60000000
v 0.01849553 0.02389530 0.02506794 0.54509804 0.71372549 0.60000000
v 0.01849553 0.02334217 0.02576225 0.54509804 0.71372549 0.60000000
v 0.01520551 0.02427260 0.02570626 0.54509804 0.71372549 0.60000000
v 0.01749079 0.02400798 0.02529191 0.54509804 0.71372549 0.60000000
v 0.01349156 0.02400969 0.02642856 0.54509804 0.71372549 0.60000000
v -0.00849438 0.02302804 0.02938495 0.54509804 0.71372549 0.60000000
v 0.01249668 0.02360849 0.02691569 0.54509804 0.71372549 0.60000000
v -0.00849438 0.02252783 0.02991688 0.54509804 0.71372549 0.60000000
v 0.04466785 0.02172031 0.00014573 0.54509804 0.71372549 0.60000000
v 0.04497321 0.02095548 -0.00040299 0.54509804 0.71372549 0.60000000
v 0.04419503 0.02174592 0.00122639 0.54509804 0.71372549 0.60000000
v 0.04715013 0.02172031 -0.00596303 0.54509804 0.71372549 0.60000000
v 0.04749490 0.02172031 -0.00685331 0.54509804 0.71372549 0.60000000
v 0.04499291 0.02028967 -0.00034140 0.54509804 0.71372549 0.60000000
v 0.04779040 0.02172031 -0.00785558 0.54509804 0.71372549 0.60000000
v 0.04900199 0.01772202 -0.01229577 0.54509804 0.71372549 0.60000000
v 0.04938616 0.01772202 -0.01385236 0.54509804 0.71372549 0.60000000
v 0.04999687 0.01901438 -0.01633842 0.54509804 0.71372549 0.60000000
v 0.05025299 0.01972116 -0.01785582 0.54509804 0.71372549 0.60000000
v 0.05006583 0.01965288 -0.01681996 0.54509804 0.71372549 0.60000000
v 0.05015448 0.02072159 -0.01785582 0.54509804 0.71372549 0.60000000
v 0.05007568 0.01869684 -0.01675837 0.54509804 0.71372549 0.60000000
v 0.04973092 0.00779456 -0.01585129 0.54509804 0.71372549 0.60000000
v -0.04891028 0.00779456 -0.01072239 0.54509804 0.71372549 0.60000000
v -0.04868372 0.00872499 -0.00985451 0.54509804 0.71372549 0.60000000
v -0.04819120 0.01872074 -0.00885224 0.54509804 0.71372549 0.60000000
v -0.04790554 0.01872074 -0.00769880 0.54509804 0.71372549 0.60000000
v -0.04761988 0.01972116 -0.00685331 0.54509804 0.71372549 0.60000000
v -0.04686141 0.01972116 -0.00469761 0.54509804 0.71372549 0.60000000
v -0.04683186 0.02072159 -0.00477600 0.54509804 0.71372549 0.60000000
v -0.04728497 0.01972116 -0.00585665 0.54509804 0.71372549 0.60000000
v -0.04704856 0.01972116 -0.00520154 0.54509804 0.71372549 0.60000000
v -0.04613249 0.02072159 -0.00298984 0.54509804 0.71372549 0.60000000
v -0.04593548 0.02072159 -0.00249151 0.54509804 0.71372549 0.60000000
v -0.04567937 0.02072159 -0.00185319 0.54509804 0.71372549 0.60000000
v -0.04573847 0.01972116 -0.00185319 0.54509804 0.71372549 0.60000000
v -0.04586653 0.01572287 -0.00165162 0.54509804 0.71372549 0.60000000
v -0.04484209 0.01872074 0.00030811 0.54509804 0.71372549 0.60000000
v -0.04441853 0.01872074 0.00114240 0.54509804 0.71372549 0.60000000
v -0.04434958 0.01972116 0.00114240 0.54509804 0.71372549 0.60000000
v -0.04423137 0.02172031 0.00109760 0.54509804 0.71372549 0.60000000
v -0.04396541 0.02172031 0.00159594 0.54509804 0.71372549 0.60000000
v -0.04365020 0.02172031 0.00214466 0.54509804 0.71372549 0.60000000
v -0.04357140 0.02272074 0.00214466 0.54509804 0.71372549 0.60000000
v -0.04199535 0.02323632 0.00465312 0.54509804 0.71372549 0.60000000
v -0.04000558 0.02329266 0.00766551 0.54509804 0.71372549 0.60000000
v -0.03924710 0.02172031 0.00893654 0.54509804 0.71372549 0.60000000
v -0.03977902 0.02072159 0.00836541 0.54509804 0.71372549 0.60000000
v -0.03849848 0.01672159 0.01013477 0.54509804 0.71372549 0.60000000
v -0.03768090 0.00779456 0.01137780 0.54509804 0.71372549 0.60000000
v -0.03722779 0.00779456 0.01190973 0.54509804 0.71372549 0.60000000
v -0.03675497 0.00779456 0.01244726 0.54509804 0.71372549 0.60000000
v -0.03629200 0.00779456 0.01296239 0.54509804 0.71372549 0.60000000
v -0.03892204 0.01872074 0.00954685 0.54509804 0.71372549 0.60000000
v -0.03894175 0.01772202 0.00958045 0.54509804 0.71372549 0.60000000
v -0.03455835 0.02072159 0.01422782 0.54509804 0.71372549 0.60000000
v -0.03580934 0.00779456 0.01346072 0.54509804 0.71372549 0.60000000
v -0.03402643 0.02172031 0.01467016 0.54509804 0.71372549 0.60000000
v -0.01605943 0.01851928 0.02967612 0.54509804 0.71372549 0.60000000
v -0.01643374 0.01879927 0.02934016 0.54509804 0.71372549 0.60000000
v -0.03969037 0.02272074 0.00823103 0.54509804 0.71372549 0.60000000
v -0.03974947 0.02172031 0.00832062 0.54509804 0.71372549 0.60000000
v -0.01598063 0.01918510 0.02963132 0.54509804 0.71372549 0.60000000
v -0.01585257 0.01972116 0.02953613 0.54509804 0.71372549 0.60000000
v -0.01515320 0.02041600 0.02973211 0.54509804 0.71372549 0.60000000
v -0.01548811 0.02073866 0.02932896 0.54509804 0.71372549 0.60000000
v -0.01483799 0.02108181 0.02955293 0.54509804 0.71372549 0.60000000
v -0.01495619 0.02220175 0.02861786 0.54509804 0.71372549 0.60000000
v -0.02202873 0.02423845 0.02265467 0.54509804 0.71372549 0.60000000
v -0.04124672 0.02272074 0.00599694 0.54509804 0.71372549 0.60000000
v -0.01348849 0.02374678 0.02713406 0.54509804 0.71372549 0.60000000
v -0.01148888 0.02327558 0.02872424 0.54509804 0.71372549 0.60000000
v -0.01049399 0.02334899 0.02884183 0.54509804 0.71372549 0.60000000
v -0.01416817 0.02329095 0.02773318 0.54509804 0.71372549 0.60000000
v -0.00948926 0.02304340 0.02940735 0.54509804 0.71372549 0.60000000
v 0.03535929 0.02272074 0.01876320 0.54509804 0.71372549 0.60000000
v 0.01901759 0.02323461 0.02565026 0.54509804 0.71372549 0.60000000
v 0.01851523 0.02269172 0.02630537 0.54509804 0.71372549 0.60000000
v 0.01820002 0.02233832 0.02671412 0.54509804 0.71372549 0.60000000
v 0.01885999 0.02211809 0.02658533 0.54509804 0.71372549 0.60000000
v 0.01921460 0.02145228 0.02673651 0.54509804 0.71372549 0.60000000
v 0.01988442 0.02101182 0.02657974 0.54509804 0.71372549 0.60000000
v 0.01952981 0.02069598 0.02683170 0.54509804 0.71372549 0.60000000
v 0.02005188 0.02034600 0.02666932 0.54509804 0.71372549 0.60000000
v 0.02401171 0.01306132 0.02564466 0.54509804 0.71372549 0.60000000
v 0.02397231 0.01239380 0.02562227 0.54509804 0.71372549 0.60000000
v 0.02449438 0.01072414 0.02514633 0.54509804 0.71372549 0.60000000
v 0.02449438 0.00972371 0.02506794 0.54509804 0.71372549 0.60000000
v 0.02505585 0.00972371 0.02468719 0.54509804 0.71372549 0.60000000
v 0.02501644 0.00909887 0.02465360 0.54509804 0.71372549 0.60000000
v 0.02494749 0.00843306 0.02460321 0.54509804 0.71372549 0.60000000
v 0.02565671 0.00779456 0.02391450 0.54509804 0.71372549 0.60000000
v 0.02603103 0.00806772 0.02366253 0.54509804 0.71372549 0.60000000
v 0.02599163 0.00779456 0.02364014 0.54509804 0.71372549 0.60000000
v 0.02646444 0.00779456 0.02323699 0.54509804 0.71372549 0.60000000
v 0.02706531 0.00779456 0.02271066 0.54509804 0.71372549 0.60000000
v 0.03237464 0.00779456 0.01789532 0.54509804 0.71372549 0.60000000
v 0.03283761 0.00779456 0.01746978 0.54509804 0.71372549 0.60000000
v 0.03286716 0.00779456 0.01743618 0.54509804 0.71372549 0.60000000
v 0.03324147 0.00779456 0.01697144 0.54509804 0.71372549 0.60000000
v 0.03410830 0.00779456 0.01579560 0.54509804 0.71372549 0.60000000
v 0.04115128 0.00779456 0.00585136 0.54509804 0.71372549 0.60000000
v 0.04163395 0.00779456 0.00509546 0.54509804 0.71372549 0.60000000
v 0.04195901 0.00779456 0.00451874 0.54509804 0.71372549 0.60000000
v 0.02693726 0.01900243 0.02360654 0.54509804 0.71372549 0.60000000
v 0.02656294 0.01869001 0.02384171 0.54509804 0.71372549 0.60000000
v 0.02649399 0.01772202 0.02400409 0.54509804 0.71372549 0.60000000
v 0.02574537 0.01672159 0.02451362 0.54509804 0.71372549 0.60000000
v 0.02649399 0.01672159 0.02411047 0.54509804 0.71372549 0.60000000
v 0.02582417 0.01572287 0.02454721 0.54509804 0.71372549 0.60000000
v 0.02401171 0.01347959 0.02564466 0.54509804 0.71372549 0.60000000
v 0.04220527 0.00779456 0.00405400 0.54509804 0.71372549 0.60000000
v 0.04011700 0.01972116 0.00987161 0.54509804 0.71372549 0.60000000
v 0.04014655 0.02072159 0.00993880 0.54509804 0.71372549 0.60000000
v 0.04380102 0.02072159 0.00223425 0.54509804 0.71372549 0.60000000
v 0.04400788 0.02143009 0.00168552 0.54509804 0.71372549 0.60000000
v 0.04380102 0.02174592 0.00207187 0.54509804 0.71372549 0.60000000
v 0.01749079 0.02350777 0.02594142 0.54509804 0.71372549 0.60000000
v 0.01749079 0.02297853 0.02643975 0.54509804 0.71372549 0.60000000
v 0.01349156 0.02350947 0.02683170 0.54509804 0.71372549 0.60000000
v 0.01649591 0.02311511 0.02655174 0.54509804 0.71372549 0.60000000
v 0.00949232 0.02265416 0.02797955 0.54509804 0.71372549 0.60000000
v 0.01049706 0.02259270 0.02791236 0.54509804 0.71372549 0.60000000
v 0.01149194 0.02249880 0.02782837 0.54509804 0.71372549 0.60000000
v -0.00948926 0.02254319 0.02993368 0.54509804 0.71372549 0.60000000
v -0.00948926 0.02189616 0.03043201 0.54509804 0.71372549 0.60000000
v -0.00849438 0.02186713 0.03042081 0.54509804 0.71372549 0.60000000
v 0.04479590 0.02066184 0.00005055 0.54509804 0.71372549 0.60000000
v 0.04430339 0.02072159 0.00114240 0.54509804 0.71372549 0.60000000
v 0.04499291 0.02007456 -0.00034140 0.54509804 0.71372549 0.60000000
v 0.04748504 0.02072159 -0.00685331 0.54509804 0.71372549 0.60000000
v 0.04339716 0.01972116 0.00313573 0.54509804 0.71372549 0.60000000
v 0.04778055 0.02072159 -0.00785558 0.54509804 0.71372549 0.60000000
v 0.04860798 0.01772202 -0.01085677 0.54509804 0.71372549 0.60000000
v 0.04887394 0.01772202 -0.01179744 0.54509804 0.71372549 0.60000000
v 0.04900199 0.01672159 -0.01229577 0.54509804 0.71372549 0.60000000
v 0.04938616 0.01572287 -0.01385236 0.54509804 0.71372549 0.60000000
v 0.04953391 0.00779456 -0.01485462 0.54509804 0.71372549 0.60000000
v -0.04870342 0.00779456 -0.00985451 0.54509804 0.71372549 0.60000000
v -0.04840791 0.00779456 -0.00877945 0.54509804 0.71372549 0.60000000
v -0.04798435 0.00972371 -0.00738524 0.54509804 0.71372549 0.60000000
v -0.04765929 0.01872074 -0.00685331 0.54509804 0.71372549 0.60000000
v -0.04868372 0.00779456 -0.00978171 0.54509804 0.71372549 0.60000000
v -0.04653635 0.01972116 -0.00385772 0.54509804 0.71372549 0.60000000
v -0.04638859 0.01472415 -0.00285546 0.54509804 0.71372549 0.60000000
v -0.04610293 0.01472415 -0.00209396 0.54509804 0.71372549 0.60000000
v -0.04732437 0.01872074 -0.00585665 0.54509804 0.71372549 0.60000000
v -0.04706827 0.01872074 -0.00514555 0.54509804 0.71372549 0.60000000
v -0.04596503 0.01972116 -0.00241872 0.54509804 0.71372549 0.60000000
v -0.04588623 0.01472415 -0.00159003 0.54509804 0.71372549 0.60000000
v -0.04485194 0.01772202 0.00034731 0.54509804 0.71372549 0.60000000
v -0.04553162 0.01472415 -0.00085653 0.54509804 0.71372549 0.60000000
v -0.04444808 0.01772202 0.00114240 0.54509804 0.71372549 0.60000000
v -0.04416242 0.01272329 0.00196549 0.54509804 0.71372549 0.60000000
v -0.04407377 0.01872074 0.00178071 0.54509804 0.71372549 0.60000000
v -0.04398511 0.02115522 0.00163513 0.54509804 0.71372549 0.60000000
v -0.04317739 0.02172031 0.00296215 0.54509804 0.71372549 0.60000000
v -0.04313798 0.02272074 0.00287816 0.54509804 0.71372549 0.60000000
v -0.04173924 0.02272074 0.00521304 0.54509804 0.71372549 0.60000000
v -0.04005483 0.02272074 0.00773270 0.54509804 0.71372549 0.60000000
v -0.04016319 0.02072159 0.00786708 0.54509804 0.71372549 0.60000000
v -0.04025184 0.01672159 0.00797347 0.54509804 0.71372549 0.60000000
v -0.03936531 0.01672159 0.00909892 0.54509804 0.71372549 0.60000000
v -0.03814387 0.00779456 0.01082908 0.54509804 0.71372549 0.60000000
v -0.03405598 0.02072159 0.01469815 0.54509804 0.71372549 0.60000000
v -0.03526757 0.00779456 0.01396465 0.54509804 0.71372549 0.60000000
v -0.01719222 0.01772202 0.02880823 0.54509804 0.71372549 0.60000000
v -0.01656180 0.01772202 0.02930657 0.54509804 0.71372549 0.60000000
v -0.01605943 0.01772202 0.02967612 0.54509804 0.71372549 0.60000000
v -0.01548811 0.01772202 0.02997847 0.54509804 0.71372549 0.60000000
v -0.01408936 0.01850392 0.03068398 0.54509804 0.71372549 0.60000000
v -0.01558661 0.01879927 0.02989448 0.54509804 0.71372549 0.60000000
v -0.04012378 0.02172031 0.00781669 0.54509804 0.71372549 0.60000000
v -0.01445383 0.01879073 0.03046561 0.54509804 0.71372549 0.60000000
v -0.01449323 0.01972116 0.03026964 0.54509804 0.71372549 0.60000000
v -0.01535021 0.01972116 0.02983849 0.54509804 0.71372549 0.60000000
v -0.01311418 0.02031357 0.03067838 0.54509804 0.71372549 0.60000000
v -0.01450308 0.02073866 0.02989448 0.54509804 0.71372549 0.60000000
v -0.01416817 0.02133619 0.02972091 0.54509804 0.71372549 0.60000000
v -0.01348849 0.02201395 0.02945215 0.54509804 0.71372549 0.60000000
v -0.01429622 0.02235198 0.02877464 0.54509804 0.71372549 0.60000000
v -0.01456218 0.02274976 0.02817552 0.54509804 0.71372549 0.60000000
v -0.04102016 0.02050478 0.00668564 0.54509804 0.71372549 0.60000000
v -0.01202079 0.02322437 0.02864026 0.54509804 0.71372549 0.60000000
v -0.01148888 0.02288463 0.02922258 0.54509804 0.71372549 0.60000000
v -0.01049399 0.02298707 0.02934016 0.54509804 0.71372549 0.60000000
v -0.01348849 0.02301097 0.02836589 0.54509804 0.71372549 0.60000000
v -0.01268077 0.02314413 0.02850587 0.54509804 0.71372549 0.60000000
v -0.01049399 0.02248685 0.02989448 0.54509804 0.71372549 0.60000000
v 0.02490809 0.01900413 0.02459761 0.54509804 0.71372549 0.60000000
v 0.02542031 0.01869171 0.02441283 0.54509804 0.71372549 0.60000000
v 0.01749079 0.02247832 0.02681490 0.54509804 0.71372549 0.60000000
v 0.01629890 0.02138399 0.02773318 0.54509804 0.71372549 0.60000000
v 0.01749079 0.02172031 0.02721805 0.54509804 0.71372549 0.60000000
v 0.01695887 0.02119108 0.02762679 0.54509804 0.71372549 0.60000000
v 0.01851523 0.02175958 0.02687090 0.54509804 0.71372549 0.60000000
v 0.01849553 0.02072159 0.02726844 0.54509804 0.71372549 0.60000000
v 0.01798331 0.02020601 0.02763239 0.54509804 0.71372549 0.60000000
v 0.01949041 0.01972116 0.02704447 0.54509804 0.71372549 0.60000000
v 0.02249476 0.01172457 0.02635017 0.54509804 0.71372549 0.60000000
v 0.02249476 0.01072414 0.02632777 0.54509804 0.71372549 0.60000000
v 0.02343054 0.01172457 0.02588543 0.54509804 0.71372549 0.60000000
v 0.02336159 0.01072414 0.02585743 0.54509804 0.71372549 0.60000000
v 0.02393291 0.01172457 0.02559427 0.54509804 0.71372549 0.60000000
v 0.02379500 0.00972371 0.02551588 0.54509804 0.71372549 0.60000000
v 0.02369650 0.00872499 0.02545989 0.54509804 0.71372549 0.60000000
v 0.02456333 0.00874889 0.02490556 0.54509804 0.71372549 0.60000000
v 0.02437617 0.00779456 0.02488877 0.54509804 0.71372549 0.60000000
v 0.02486869 0.00779456 0.02454161 0.54509804 0.71372549 0.60000000
v 0.02489824 0.00779456 0.02451922 0.54509804 0.71372549 0.60000000
v 0.02561731 0.01772202 0.02445203 0.54509804 0.71372549 0.60000000
v 0.02512480 0.01772202 0.02469839 0.54509804 0.71372549 0.60000000
v 0.02524300 0.01672159 0.02475998 0.54509804 0.71372549 0.60000000
v 0.02449438 0.01572287 0.02523032 0.54509804 0.71372549 0.60000000
v 0.02398216 0.01414711 0.02563346 0.54509804 0.71372549 0.60000000
v 0.02533165 0.01572287 0.02481038 0.54509804 0.71372549 0.60000000
v 0.02358815 0.01377664 0.02582384 0.54509804 0.71372549 0.60000000
v 0.02249476 0.01272329 0.02633897 0.54509804 0.71372549 0.60000000
v 0.04264853 0.00779456 0.00313573 0.54509804 0.71372549 0.60000000
v 0.04305240 0.01872074 0.00376844 0.54509804 0.71372549 0.60000000
v 0.04280614 0.01872074 0.00427237 0.54509804 0.71372549 0.60000000
v 0.04308195 0.01972116 0.00381883 0.54509804 0.71372549 0.60000000
v 0.01549117 0.02202249 0.02749801 0.54509804 0.71372549 0.60000000
v 0.01649591 0.02261489 0.02692129 0.54509804 0.71372549 0.60000000
v 0.00849744 0.02201395 0.02852827 0.54509804 0.71372549 0.60000000
v 0.00949232 0.02193030 0.02847788 0.54509804 0.71372549 0.60000000
v 0.01049706 0.02183982 0.02841068 0.54509804 0.71372549 0.60000000
v 0.01154119 0.02165032 0.02838269 0.54509804 0.71372549 0.60000000
v -0.01049399 0.02185689 0.03039282 0.54509804 0.71372549 0.60000000
v -0.01049399 0.02135667 0.03070638 0.54509804 0.71372549 0.60000000
v -0.00948926 0.02139594 0.03072317 0.54509804 0.71372549 0.60000000
v -0.00849438 0.02136863 0.03071197 0.54509804 0.71372549 0.60000000
v -0.00770635 0.02129692 0.03067278 0.54509804 0.71372549 0.60000000
v 0.04480576 0.01973311 0.00005055 0.54509804 0.71372549 0.60000000
v 0.04498306 0.01940874 -0.00036940 0.54509804 0.71372549 0.60000000
v 0.04515052 0.01973311 -0.00076694 0.54509804 0.71372549 0.60000000
v 0.04762295 0.00779456 -0.00885224 0.54509804 0.71372549 0.60000000
v 0.04789876 0.00779456 -0.00960814 0.54509804 0.71372549 0.60000000
v 0.04807606 0.00779456 -0.01010647 0.54509804 0.71372549 0.60000000
v 0.04893304 0.00779456 -0.01254214 0.54509804 0.71372549 0.60000000
v 0.04910050 0.00779456 -0.01310206 0.54509804 0.71372549 0.60000000
v 0.04552483 0.01872074 -0.00185319 0.54509804 0.71372549 0.60000000
v 0.04886409 0.01672159 -0.01179744 0.54509804 0.71372549 0.60000000
v 0.04900199 0.01593968 -0.01231817 0.54509804 0.71372549 0.60000000
v 0.04929751 0.00779456 -0.01385236 0.54509804 0.71372549 0.60000000
v -0.04814195 0.00779456 -0.00784998 0.54509804 0.71372549 0.60000000
v -0.04799420 0.00840404 -0.00734605 0.54509804 0.71372549 0.60000000
v -0.04780704 0.01072414 -0.00685331 0.54509804 0.71372549 0.60000000
v -0.04749183 0.01072414 -0.00585665 0.54509804 0.71372549 0.60000000
v -0.04715692 0.01172457 -0.00488238 0.54509804 0.71372549 0.60000000
v -0.04697961 0.01172457 -0.00438405 0.54509804 0.71372549 0.60000000
v -0.04678261 0.01172457 -0.00385772 0.54509804 0.71372549 0.60000000
v -0.04639844 0.01272329 -0.00285546 0.54509804 0.71372549 0.60000000
v -0.04639844 0.01172457 -0.00285546 0.54509804 0.71372549 0.60000000
v -0.04610293 0.01372372 -0.00209956 0.54509804 0.71372549 0.60000000
v -0.04588623 0.01372372 -0.00160123 0.54509804 0.71372549 0.60000000
v -0.04491104 0.01172457 0.00046489 0.54509804 0.71372549 0.60000000
v -0.04458598 0.01172457 0.00114240 0.54509804 0.71372549 0.60000000
v -0.04457613 0.01272329 0.00114240 0.54509804 0.71372549 0.60000000
v -0.04416242 0.01172457 0.00197109 0.54509804 0.71372549 0.60000000
v -0.04389646 0.01172457 0.00247502 0.54509804 0.71372549 0.60000000
v -0.04388661 0.01272329 0.00246382 0.54509804 0.71372549 0.60000000
v -0.04387676 0.01372372 0.00243022 0.54509804 0.71372549 0.60000000
v -0.04306903 0.01572287 0.00377964 0.54509804 0.71372549 0.60000000
v -0.04304933 0.01672159 0.00374044 0.54509804 0.71372549 0.60000000
v -0.04273412 0.01772202 0.00418838 0.54509804 0.71372549 0.60000000
v -0.04275382 0.01871391 0.00404840 0.54509804 0.71372549 0.60000000
v -0.04217265 0.01972116 0.00493868 0.54509804 0.71372549 0.60000000
v -0.04186729 0.01972116 0.00544261 0.54509804 0.71372549 0.60000000
v -0.04104971 0.01972116 0.00672484 0.54509804 0.71372549 0.60000000
v -0.04075421 0.01672159 0.00730716 0.54509804 0.71372549 0.60000000
v -0.04026169 0.01572287 0.00798467 0.54509804 0.71372549 0.60000000
v -0.03986768 0.01572287 0.00848860 0.54509804 0.71372549 0.60000000
v -0.04076405 0.01572287 0.00732956 0.54509804 0.71372549 0.60000000
v -0.03859698 0.00779456 0.01025236 0.54509804 0.71372549 0.60000000
v -0.03141609 0.01772202 0.01699944 0.54509804 0.71372549 0.60000000
v -0.03466670 0.00779456 0.01446299 0.54509804 0.71372549 0.60000000
v -0.01717252 0.01672159 0.02878584 0.54509804 0.71372549 0.60000000
v -0.01602003 0.01714327 0.02964812 0.54509804 0.71372549 0.60000000
v -0.01457203 0.01772202 0.03043201 0.54509804 0.71372549 0.60000000
v -0.01406966 0.01772202 0.03067278 0.54509804 0.71372549 0.60000000
v -0.01348849 0.01772202 0.03086875 0.54509804 0.71372549 0.60000000
v -0.01249361 0.01772202 0.03115431 0.54509804 0.71372549 0.60000000
v -0.01249361 0.01872074 0.03112632 0.54509804 0.71372549 0.60000000
v -0.01357715 0.01879073 0.03081276 0.54509804 0.71372549 0.60000000
v -0.01397116 0.01916973 0.03062798 0.54509804 0.71372549 0.60000000
v -0.01381356 0.01972116 0.03056640 0.54509804 0.71372549 0.60000000
v -0.01346879 0.02067550 0.03035922 0.54509804 0.71372549 0.60000000
v -0.01331119 0.01972116 0.03075117 0.54509804 0.71372549 0.60000000
v -0.01249361 0.01972116 0.03097514 0.54509804 0.71372549 0.60000000
v -0.01249361 0.02048258 0.03075117 0.54509804 0.71372549 0.60000000
v -0.01183364 0.02114327 0.03059999 0.54509804 0.71372549 0.60000000
v -0.01249361 0.02098280 0.03051040 0.54509804 0.71372549 0.60000000
v -0.01348849 0.02151374 0.02985529 0.54509804 0.71372549 0.60000000
v -0.01284822 0.02216419 0.02958093 0.54509804 0.71372549 0.60000000
v -0.01348849 0.02251075 0.02894821 0.54509804 0.71372549 0.60000000
v -0.01243451 0.02271391 0.02911059 0.54509804 0.71372549 0.60000000
v -0.01217840 0.02228540 0.02969851 0.54509804 0.71372549 0.60000000
v -0.01148888 0.02238442 0.02979370 0.54509804 0.71372549 0.60000000
v 0.02503614 0.01833832 0.02465360 0.54509804 0.71372549 0.60000000
v 0.01549117 0.02152227 0.02782837 0.54509804 0.71372549 0.60000000
v 0.01449629 0.02072159 0.02834910 0.54509804 0.71372549 0.60000000
v 0.01549117 0.02072159 0.02814753 0.54509804 0.71372549 0.60000000
v 0.01657471 0.02080354 0.02785636 0.54509804 0.71372549 0.60000000
v 0.01732334 0.02052355 0.02773318 0.54509804 0.71372549 0.60000000
v 0.01758930 0.02080354 0.02755400 0.54509804 0.71372549 0.60000000
v 0.01649591 0.01972116 0.02811953 0.54509804 0.71372549 0.60000000
v 0.01758930 0.01981165 0.02780597 0.54509804 0.71372549 0.60000000
v 0.01810151 0.01954020 0.02767719 0.54509804 0.71372549 0.60000000
v 0.01845612 0.01981165 0.02749241 0.54509804 0.71372549 0.60000000
v 0.01869253 0.01872074 0.02751481 0.54509804 0.71372549 0.60000000
v 0.02319413 0.01672159 0.02572305 0.54509804 0.71372549 0.60000000
v 0.02368665 0.01672159 0.02549908 0.54509804 0.71372549 0.60000000
v 0.02449438 0.01772202 0.02500635 0.54509804 0.71372549 0.60000000
v 0.02188404 0.01172457 0.02659653 0.54509804 0.71372549 0.60000000
v 0.02188404 0.01072414 0.02660213 0.54509804 0.71372549 0.60000000
v 0.02178553 0.00972371 0.02657414 0.54509804 0.71372549 0.60000000
v 0.02249476 0.00972371 0.02624938 0.54509804 0.71372549 0.60000000
v 0.02329264 0.00972371 0.02581824 0.54509804 0.71372549 0.60000000
v 0.02320398 0.00872499 0.02575665 0.54509804 0.71372549 0.60000000
v 0.02358815 0.00779456 0.02539270 0.54509804 0.71372549 0.60000000
v 0.02309563 0.00779456 0.02569506 0.54509804 0.71372549 0.60000000
v 0.02449438 0.01672159 0.02512393 0.54509804 0.71372549 0.60000000
v 0.02380485 0.01572287 0.02555508 0.54509804 0.71372549 0.60000000
v 0.02392306 0.01472415 0.02560547 0.54509804 0.71372549 0.60000000
v 0.02249476 0.01372372 0.02629418 0.54509804 0.71372549 0.60000000
v 0.02186434 0.01272329 0.02658533 0.54509804 0.71372549 0.60000000
v 0.04293419 0.00779456 0.00250861 0.54509804 0.71372549 0.60000000
v 0.01123583 0.02126961 0.02866265 0.54509804 0.71372549 0.60000000
v 0.01190565 0.02119278 0.02862346 0.54509804 0.71372549 0.60000000
v -0.01149873 0.02166227 0.03033683 0.54509804 0.71372549 0.60000000
v -0.01117367 0.02128839 0.03067278 0.54509804 0.71372549 0.60000000
v -0.01049399 0.02072159 0.03098074 0.54509804 0.71372549 0.60000000
v -0.00948926 0.02072159 0.03101433 0.54509804 0.71372549 0.60000000
v -0.00849438 0.02072159 0.03095834 0.54509804 0.71372549 0.60000000
v 0.01049706 0.02072159 0.02895941 0.54509804 0.71372549 0.60000000
v 0.04318045 0.00779456 0.00194869 0.54509804 0.71372549 0.60000000
v 0.04387982 0.00779456 0.00031371 0.54509804 0.71372549 0.60000000
v 0.04407683 0.00779456 -0.00015103 0.54509804 0.71372549 0.60000000
v 0.04480576 0.00779456 -0.00187559 0.54509804 0.71372549 0.60000000
v 0.04591884 0.00779456 -0.00452963 0.54509804 0.71372549 0.60000000
v 0.04612570 0.00779456 -0.00502796 0.54509804 0.71372549 0.60000000
v 0.04646061 0.00779456 -0.00585665 0.54509804 0.71372549 0.60000000
v 0.04682507 0.00779456 -0.00678612 0.54509804 0.71372549 0.60000000
v -0.04799420 0.00779456 -0.00734605 0.54509804 0.71372549 0.60000000
v -0.04749183 0.00972371 -0.00585665 0.54509804 0.71372549 0.60000000
v -0.04715692 0.01072414 -0.00488798 0.54509804 0.71372549 0.60000000
v -0.04697961 0.01072414 -0.00438965 0.54509804 0.71372549 0.60000000
v -0.04677276 0.01072414 -0.00385772 0.54509804 0.71372549 0.60000000
v -0.04694021 0.00779456 -0.00440645 0.54509804 0.71372549 0.60000000
v -0.04672351 0.00779456 -0.00385772 0.54509804 0.71372549 0.60000000
v -0.04605368 0.00779456 -0.00220595 0.54509804 0.71372549 0.60000000
v -0.04584683 0.00779456 -0.00170761 0.54509804 0.71372549 0.60000000
v -0.04549221 0.00972371 -0.00085653 0.54509804 0.71372549 0.60000000
v -0.04513760 0.01072414 -0.00004464 0.54509804 0.71372549 0.60000000
v -0.04490119 0.01072414 0.00045369 0.54509804 0.71372549 0.60000000
v -0.04456628 0.01072414 0.00114240 0.54509804 0.71372549 0.60000000
v -0.04415257 0.01072414 0.00195429 0.54509804 0.71372549 0.60000000
v -0.04388661 0.01072414 0.00245262 0.54509804 0.71372549 0.60000000
v -0.04350245 0.01072414 0.00313573 0.54509804 0.71372549 0.60000000
v -0.04310843 0.01172457 0.00383563 0.54509804 0.71372549 0.60000000
v -0.04350245 0.01272329 0.00313573 0.54509804 0.71372549 0.60000000
v -0.04348274 0.01372372 0.00313573 0.54509804 0.71372549 0.60000000
v -0.04307888 0.01472415 0.00379644 0.54509804 0.71372549 0.60000000
v -0.04277352 0.01572287 0.00427797 0.54509804 0.71372549 0.60000000
v -0.04275382 0.01672159 0.00423878 0.54509804 0.71372549 0.60000000
v -0.04220220 0.01872074 0.00499467 0.54509804 0.71372549 0.60000000
v -0.04189684 0.01872074 0.00549301 0.54509804 0.71372549 0.60000000
v -0.04192639 0.01772202 0.00553220 0.54509804 0.71372549 0.60000000
v -0.04194610 0.01672159 0.00556580 0.54509804 0.71372549 0.60000000
v -0.04160133 0.01572287 0.00613692 0.54509804 0.71372549 0.60000000
v -0.04110882 0.01672159 0.00680883 0.54509804 0.71372549 0.60000000
v -0.04112852 0.01572287 0.00683122 0.54509804 0.71372549 0.60000000
v -0.03900085 0.00779456 0.00973163 0.54509804 0.71372549 0.60000000
v -0.04028139 0.00779456 0.00802946 0.54509804 0.71372549 0.60000000
v -0.03990708 0.00779456 0.00852779 0.54509804 0.71372549 0.60000000
v -0.03944411 0.00779456 0.00914371 0.54509804 0.71372549 0.60000000
v -0.03186921 0.00779456 0.01654590 0.54509804 0.71372549 0.60000000
v -0.01710356 0.01594310 0.02872424 0.54509804 0.71372549 0.60000000
v -0.01640419 0.01677451 0.02932896 0.54509804 0.71372549 0.60000000
v -0.01589197 0.01647746 0.02958653 0.54509804 0.71372549 0.60000000
v -0.01553736 0.01677451 0.02982729 0.54509804 0.71372549 0.60000000
v -0.01400071 0.01720473 0.03063918 0.54509804 0.71372549 0.60000000
v -0.01249361 0.01672159 0.03106473 0.54509804 0.71372549 0.60000000
v -0.01148888 0.01672159 0.03128870 0.54509804 0.71372549 0.60000000
v -0.01148888 0.01772202 0.03135589 0.54509804 0.71372549 0.60000000
v -0.01148888 0.01872074 0.03132789 0.54509804 0.71372549 0.60000000
v -0.01148888 0.01972116 0.03117111 0.54509804 0.71372549 0.60000000
v -0.01149873 0.02077452 0.03082956 0.54509804 0.71372549 0.60000000
v -0.01250346 0.02178689 0.02997288 0.54509804 0.71372549 0.60000000
v 0.01249668 0.02106645 0.02857866 0.54509804 0.71372549 0.60000000
v 0.01358021 0.02071306 0.02851707 0.54509804 0.71372549 0.60000000
v 0.01397422 0.02019748 0.02862906 0.54509804 0.71372549 0.60000000
v 0.01549117 0.01972116 0.02835469 0.54509804 0.71372549 0.60000000
v 0.01420078 0.01953166 0.02868505 0.54509804 0.71372549 0.60000000
v 0.01549117 0.01872074 0.02847228 0.54509804 0.71372549 0.60000000
v 0.01649591 0.01872074 0.02822591 0.54509804 0.71372549 0.60000000
v 0.01749079 0.01872074 0.02793475 0.54509804 0.71372549 0.60000000
v 0.01819016 0.01872074 0.02771078 0.54509804 0.71372549 0.60000000
v 0.02136197 0.01272329 0.02676451 0.54509804 0.71372549 0.60000000
v 0.02139152 0.01172457 0.02677011 0.54509804 0.71372549 0.60000000
v 0.02049514 0.01172457 0.02705567 0.54509804 0.71372549 0.60000000
v 0.02049514 0.01072414 0.02702208 0.54509804 0.71372549 0.60000000
v 0.02128317 0.00972371 0.02671972 0.54509804 0.71372549 0.60000000
v 0.02049514 0.00872499 0.02684850 0.54509804 0.71372549 0.60000000
v 0.02110586 0.00872499 0.02666932 0.54509804 0.71372549 0.60000000
v 0.02100736 0.00819405 0.02664133 0.54509804 0.71372549 0.60000000
v 0.02160823 0.00872499 0.02650135 0.54509804 0.71372549 0.60000000
v 0.02249476 0.00872499 0.02612620 0.54509804 0.71372549 0.60000000
v 0.02249476 0.00779456 0.02598622 0.54509804 0.71372549 0.60000000
v 0.02180524 0.01372372 0.02656294 0.54509804 0.71372549 0.60000000
v 0.01154119 0.02080354 0.02880263 0.54509804 0.71372549 0.60000000
v 0.01249668 0.02056624 0.02874664 0.54509804 0.71372549 0.60000000
v -0.01049399 0.01972116 0.03128870 0.54509804 0.71372549 0.60000000
v -0.00948926 0.01972116 0.03132229 0.54509804 0.71372549 0.60000000
v -0.00849438 0.01972116 0.03126070 0.54509804 0.71372549 0.60000000
v 0.01049706 0.01972116 0.02925617 0.54509804 0.71372549 0.60000000
v -0.04798435 0.00779456 -0.00731805 0.54509804 0.71372549 0.60000000
v -0.04744258 0.00779456 -0.00578946 0.54509804 0.71372549 0.60000000
v -0.04712737 0.00779456 -0.00491038 0.54509804 0.71372549 0.60000000
v -0.04546266 0.00779456 -0.00085653 0.54509804 0.71372549 0.60000000
v -0.04512775 0.00972371 -0.00006704 0.54509804 0.71372549 0.60000000
v -0.04510805 0.00779456 -0.00012303 0.54509804 0.71372549 0.60000000
v -0.04483224 0.00779456 0.00043130 0.54509804 0.71372549 0.60000000
v -0.04410332 0.00779456 0.00185910 0.54509804 0.71372549 0.60000000
v -0.04380781 0.00779456 0.00241343 0.54509804 0.71372549 0.60000000
v -0.04337439 0.00779456 0.00318052 0.54509804 0.71372549 0.60000000
v -0.04273412 0.00779456 0.00430597 0.54509804 0.71372549 0.60000000
v -0.04308873 0.00972371 0.00379644 0.54509804 0.71372549 0.60000000
v -0.04309858 0.01072414 0.00382443 0.54509804 0.71372549 0.60000000
v -0.04280307 0.01172457 0.00433396 0.54509804 0.71372549 0.60000000
v -0.04280307 0.01272329 0.00432836 0.54509804 0.71372549 0.60000000
v -0.04309858 0.01272329 0.00383003 0.54509804 0.71372549 0.60000000
v -0.04278337 0.01472415 0.00429477 0.54509804 0.71372549 0.60000000
v -0.04228101 0.01472415 0.00512346 0.54509804 0.71372549 0.60000000
v -0.04197565 0.01472415 0.00562179 0.54509804 0.71372549 0.60000000
v -0.04196580 0.01572287 0.00559379 0.54509804 0.71372549 0.60000000
v -0.04223175 0.01772202 0.00502827 0.54509804 0.71372549 0.60000000
v -0.04078376 0.00779456 0.00732956 0.54509804 0.71372549 0.60000000
v -0.04162103 0.01472415 0.00613692 0.54509804 0.71372549 0.60000000
v -0.02853980 0.00779456 0.01898157 0.54509804 0.71372549 0.60000000
v -0.01695581 0.01527728 0.02861786 0.54509804 0.71372549 0.60000000
v -0.01657165 0.01565629 0.02895382 0.54509804 0.71372549 0.60000000
v -0.02778132 0.00779456 0.01953589 0.54509804 0.71372549 0.60000000
v -0.02731836 0.00779456 0.01984945 0.54509804 0.71372549 0.60000000
v -0.02605751 0.00779456 0.02067814 0.54509804 0.71372549 0.60000000
v -0.01523200 0.01590725 0.02975450 0.54509804 0.71372549 0.60000000
v -0.01439472 0.01681036 0.03038162 0.54509804 0.71372549 0.60000000
v -0.01383325 0.01653721 0.03057199 0.54509804 0.71372549 0.60000000
v -0.01349834 0.01681036 0.03074557 0.54509804 0.71372549 0.60000000
v -0.01148888 0.01572287 0.03112072 0.54509804 0.71372549 0.60000000
v -0.01316343 0.01600797 0.03069518 0.54509804 0.71372549 0.60000000
v -0.01253301 0.01569384 0.03082396 0.54509804 0.71372549 0.60000000
v -0.01049399 0.01572287 0.03128870 0.54509804 0.71372549 0.60000000
v -0.01049399 0.01672159 0.03142868 0.54509804 0.71372549 0.60000000
v -0.01049399 0.01772202 0.03147347 0.54509804 0.71372549 0.60000000
v -0.01049399 0.01872074 0.03143988 0.54509804 0.71372549 0.60000000
v 0.01330440 0.02037503 0.02868505 0.54509804 0.71372549 0.60000000
v 0.01249668 0.01972116 0.02898181 0.54509804 0.71372549 0.60000000
v 0.01358021 0.01980652 0.02876904 0.54509804 0.71372549 0.60000000
v 0.01451599 0.01980652 0.02856746 0.54509804 0.71372549 0.60000000
v 0.01438794 0.01872074 0.02871864 0.54509804 0.71372549 0.60000000
v 0.01489031 0.01872074 0.02861226 0.54509804 0.71372549 0.60000000
v 0.01249668 0.01872074 0.02909939 0.54509804 0.71372549 0.60000000
v 0.01349156 0.01872074 0.02890342 0.54509804 0.71372549 0.60000000
v 0.01549117 0.01772202 0.02850587 0.54509804 0.71372549 0.60000000
v 0.01649591 0.01772202 0.02824831 0.54509804 0.71372549 0.60000000
v 0.01749079 0.01772202 0.02795155 0.54509804 0.71372549 0.60000000
v 0.01823942 0.01772202 0.02771638 0.54509804 0.71372549 0.60000000
v 0.01949041 0.01172457 0.02735243 0.54509804 0.71372549 0.60000000
v 0.01949041 0.01072414 0.02730204 0.54509804 0.71372549 0.60000000
v 0.02049514 0.00972371 0.02694369 0.54509804 0.71372549 0.60000000
v 0.02050499 0.00779456 0.02673651 0.54509804 0.71372549 0.60000000
v 0.01949041 0.00872499 0.02711166 0.54509804 0.71372549 0.60000000
v 0.01955936 0.00779456 0.02698848 0.54509804 0.71372549 0.60000000
v 0.02090886 0.00779456 0.02660773 0.54509804 0.71372549 0.60000000
v 0.02138167 0.00779456 0.02643975 0.54509804 0.71372549 0.60000000
v 0.02140137 0.00780651 0.02643416 0.54509804 0.71372549 0.60000000
v 0.01149194 0.01972116 0.02912739 0.54509804 0.71372549 0.60000000
v -0.00948926 0.01872074 0.03147907 0.54509804 0.71372549 0.60000000
v -0.00849438 0.01872074 0.03145107 0.54509804 0.71372549 0.60000000
v -0.00748964 0.01872074 0.03136708 0.54509804 0.71372549 0.60000000
v 0.01049706 0.01872074 0.02937936 0.54509804 0.71372549 0.60000000
v -0.00748964 0.01772202 0.03151826 0.54509804 0.71372549 0.60000000
v -0.04224160 0.00779456 0.00511786 0.54509804 0.71372549 0.60000000
v -0.04279322 0.01072414 0.00432277 0.54509804 0.71372549 0.60000000
v -0.04195594 0.00779456 0.00558259 0.54509804 0.71372549 0.60000000
v -0.04197565 0.01372372 0.00562179 0.54509804 0.71372549 0.60000000
v -0.04230071 0.01372372 0.00511786 0.54509804 0.71372549 0.60000000
v -0.04109897 0.00779456 0.00687042 0.54509804 0.71372549 0.60000000
v -0.01624659 0.01472415 0.02876344 0.54509804 0.71372549 0.60000000
v -0.01497589 0.01524143 0.02962572 0.54509804 0.71372549 0.60000000
v -0.01553736 0.01563409 0.02949134 0.54509804 0.71372549 0.60000000
v -0.02549605 0.00779456 0.02100849 0.54509804 0.71372549 0.60000000
v -0.02543694 0.00779456 0.02104209 0.54509804 0.71372549 0.60000000
v -0.02463907 0.00779456 0.02149003 0.54509804 0.71372549 0.60000000
v -0.02219618 0.00779456 0.02282265 0.54509804 0.71372549 0.60000000
v -0.02148696 0.00779456 0.02319780 0.54509804 0.71372549 0.60000000
v -0.01458188 0.01563409 0.02996168 0.54509804 0.71372549 0.60000000
v -0.01349834 0.01569384 0.03047121 0.54509804 0.71372549 0.60000000
v -0.01222765 0.01498194 0.03071197 0.54509804 0.71372549 0.60000000
v -0.01152828 0.01467805 0.03081836 0.54509804 0.71372549 0.60000000
v -0.00753889 0.00779456 0.02985529 0.54509804 0.71372549 0.60000000
v -0.00649476 0.00779456 0.03010725 0.54509804 0.71372549 0.60000000
v -0.01049399 0.01472415 0.03107032 0.54509804 0.71372549 0.60000000
v -0.01289747 0.01534216 0.03059999 0.54509804 0.71372549 0.60000000
v -0.00948926 0.01472415 0.03122710 0.54509804 0.71372549 0.60000000
v -0.00948926 0.01572287 0.03141748 0.54509804 0.71372549 0.60000000
v -0.00948926 0.01672159 0.03153506 0.54509804 0.71372549 0.60000000
v -0.00948926 0.01772202 0.03154066 0.54509804 0.71372549 0.60000000
v 0.01149194 0.01872074 0.02925058 0.54509804 0.71372549 0.60000000
v 0.01493956 0.01772202 0.02862346 0.54509804 0.71372549 0.60000000
v 0.01049706 0.01772202 0.02940175 0.54509804 0.71372549 0.60000000
v 0.01149194 0.01772202 0.02925058 0.54509804 0.71372549 0.60000000
v 0.01249668 0.01772202 0.02908819 0.54509804 0.71372549 0.60000000
v 0.01349156 0.01772202 0.02890342 0.54509804 0.71372549 0.60000000
v 0.01443719 0.01772202 0.02872424 0.54509804 0.71372549 0.60000000
v 0.01649591 0.01672159 0.02823151 0.54509804 0.71372549 0.60000000
v 0.01485090 0.01672159 0.02860666 0.54509804 0.71372549 0.60000000
v 0.01549117 0.01372372 0.02836030 0.54509804 0.71372549 0.60000000
v 0.01649591 0.01472415 0.02818112 0.54509804 0.71372549 0.60000000
v 0.01824927 0.01272329 0.02770518 0.54509804 0.71372549 0.60000000
v 0.01875163 0.01272329 0.02757080 0.54509804 0.71372549 0.60000000
v 0.01870238 0.01172457 0.02756520 0.54509804 0.71372549 0.60000000
v 0.01845612 0.01065073 0.02755400 0.54509804 0.71372549 0.60000000
v 0.01949041 0.00972371 0.02720685 0.54509804 0.71372549 0.60000000
v 0.01949041 0.00779456 0.02700528 0.54509804 0.71372549 0.60000000
v 0.01849553 0.00972371 0.02745322 0.54509804 0.71372549 0.60000000
v 0.01849553 0.00872499 0.02735243 0.54509804 0.71372549 0.60000000
v 0.01703768 0.00815991 0.02764359 0.54509804 0.71372549 0.60000000
v -0.00849438 0.01772202 0.03155746 0.54509804 0.71372549 0.60000000
v 0.00882250 0.01772202 0.02962572 0.54509804 0.71372549 0.60000000
v 0.00949232 0.01772202 0.02954173 0.54509804 0.71372549 0.60000000
v -0.00649476 0.01672159 0.03145667 0.54509804 0.71372549 0.60000000
v -0.00748964 0.01672159 0.03155186 0.54509804 0.71372549 0.60000000
v -0.01602988 0.01418808 0.02865145 0.54509804 0.71372549 0.60000000
v -0.01474934 0.01472415 0.02951934 0.54509804 0.71372549 0.60000000
v -0.01425682 0.01472415 0.02976011 0.54509804 0.71372549 0.60000000
v -0.02076789 0.00779456 0.02355055 0.54509804 0.71372549 0.60000000
v -0.01402041 0.01419832 0.02964812 0.54509804 0.71372549 0.60000000
v -0.01348849 0.01472415 0.03010166 0.54509804 0.71372549 0.60000000
v -0.00774575 0.00779456 0.02979370 0.54509804 0.71372549 0.60000000
v -0.00948926 0.01372372 0.03100314 0.54509804 0.71372549 0.60000000
v -0.00642581 0.00779456 0.03011845 0.54509804 0.71372549 0.60000000
v -0.01253301 0.01467805 0.03049361 0.54509804 0.71372549 0.60000000
v -0.00849438 0.01372372 0.03114312 0.54509804 0.71372549 0.60000000
v -0.00849438 0.01472415 0.03132789 0.54509804 0.71372549 0.60000000
v -0.00849438 0.01572287 0.03149027 0.54509804 0.71372549 0.60000000
v -0.00849438 0.01672159 0.03157985 0.54509804 0.71372549 0.60000000
v 0.00896041 0.01672159 0.02963132 0.54509804 0.71372549 0.60000000
v 0.01349156 0.01672159 0.02888102 0.54509804 0.71372549 0.60000000
v 0.01349156 0.01572287 0.02884743 0.54509804 0.71372549 0.60000000
v 0.01409243 0.01372372 0.02865706 0.54509804 0.71372549 0.60000000
v 0.00896041 0.01572287 0.02963132 0.54509804 0.71372549 0.60000000
v 0.01249668 0.01672159 0.02907140 0.54509804 0.71372549 0.60000000
v 0.01441749 0.01272329 0.02855067 0.54509804 0.71372549 0.60000000
v 0.01549117 0.01272329 0.02832110 0.54509804 0.71372549 0.60000000
v 0.01649591 0.01272329 0.02810273 0.54509804 0.71372549 0.60000000
v 0.01749079 0.01272329 0.02788436 0.54509804 0.71372549 0.60000000
v 0.01820002 0.01172457 0.02768279 0.54509804 0.71372549 0.60000000
v 0.01810151 0.01093584 0.02766039 0.54509804 0.71372549 0.60000000
v 0.01797346 0.01027002 0.02763239 0.54509804 0.71372549 0.60000000
v 0.01742184 0.00779456 0.02749801 0.54509804 0.71372549 0.60000000
v 0.01786510 0.00972371 0.02760440 0.54509804 0.71372549 0.60000000
v 0.01765825 0.00872499 0.02755400 0.54509804 0.71372549 0.60000000
v 0.01649591 0.00872499 0.02781717 0.54509804 0.71372549 0.60000000
v 0.01549117 0.00872499 0.02802434 0.54509804 0.71372549 0.60000000
v 0.01549117 0.00779456 0.02791795 0.54509804 0.71372549 0.60000000
v 0.01649591 0.00779456 0.02771078 0.54509804 0.71372549 0.60000000
v 0.01715588 0.00872499 0.02767159 0.54509804 0.71372549 0.60000000
v 0.00845804 0.01672159 0.02969291 0.54509804 0.71372549 0.60000000
v -0.00649476 0.01572287 0.03143427 0.54509804 0.71372549 0.60000000
v -0.00549003 0.01572287 0.03132229 0.54509804 0.71372549 0.60000000
v 0.00749271 0.01472415 0.02982169 0.54509804 0.71372549 0.60000000
v 0.00845804 0.01572287 0.02970411 0.54509804 0.71372549 0.60000000
v -0.00748964 0.01572287 0.03148467 0.54509804 0.71372549 0.60000000
v -0.00814962 0.00800113 0.02970971 0.54509804 0.71372549 0.60000000
v -0.01948734 0.00779456 0.02417206 0.54509804 0.71372549 0.60000000
v -0.00853378 0.00779456 0.02944094 0.54509804 0.71372549 0.60000000
v -0.00836632 0.00779456 0.02951934 0.54509804 0.71372549 0.60000000
v -0.00549003 0.00779456 0.03022484 0.54509804 0.71372549 0.60000000
v -0.00748964 0.01372372 0.03121591 0.54509804 0.71372549 0.60000000
v -0.00542107 0.00779456 0.03023044 0.54509804 0.71372549 0.60000000
v -0.00748964 0.01472415 0.03137269 0.54509804 0.71372549 0.60000000
v 0.01249668 0.01572287 0.02904340 0.54509804 0.71372549 0.60000000
v 0.01249668 0.01472415 0.02900420 0.54509804 0.71372549 0.60000000
v 0.01403333 0.01305620 0.02864026 0.54509804 0.71372549 0.60000000
v 0.00838909 0.01472415 0.02969851 0.54509804 0.71372549 0.60000000
v 0.00889145 0.01472415 0.02962012 0.54509804 0.71372549 0.60000000
v 0.01149194 0.01572287 0.02921697 0.54509804 0.71372549 0.60000000
v 0.01394467 0.01239038 0.02862906 0.54509804 0.71372549 0.60000000
v 0.01449629 0.01172457 0.02847788 0.54509804 0.71372549 0.60000000
v 0.01549117 0.01172457 0.02827070 0.54509804 0.71372549 0.60000000
v 0.01649591 0.01172457 0.02805793 0.54509804 0.71372549 0.60000000
v 0.01749079 0.01172457 0.02783956 0.54509804 0.71372549 0.60000000
v 0.01649591 0.01072414 0.02798514 0.54509804 0.71372549 0.60000000
v 0.01649591 0.00972371 0.02790676 0.54509804 0.71372549 0.60000000
v 0.01549117 0.00972371 0.02811392 0.54509804 0.71372549 0.60000000
v 0.01449629 0.00972371 0.02830990 0.54509804 0.71372549 0.60000000
v 0.01449629 0.00872499 0.02821471 0.54509804 0.71372549 0.60000000
v 0.01449629 0.00779456 0.02810833 0.54509804 0.71372549 0.60000000
v -0.00649476 0.01472415 0.03135589 0.54509804 0.71372549 0.60000000
v -0.00549003 0.01472415 0.03128310 0.54509804 0.71372549 0.60000000
v 0.00449821 0.01072414 0.03004566 0.54509804 0.71372549 0.60000000
v 0.00549309 0.01172457 0.02997288 0.54509804 0.71372549 0.60000000
v 0.00649782 0.01272329 0.02988889 0.54509804 0.71372549 0.60000000
v 0.00749271 0.01372372 0.02979370 0.54509804 0.71372549 0.60000000
v -0.00449514 0.00779456 0.03028643 0.54509804 0.71372549 0.60000000
v -0.00349041 0.00779456 0.03033122 0.54509804 0.71372549 0.60000000
v -0.00249553 0.00779456 0.03037042 0.54509804 0.71372549 0.60000000
v -0.00149079 0.00779456 0.03037042 0.54509804 0.71372549 0.60000000
v -0.00649476 0.01372372 0.03122710 0.54509804 0.71372549 0.60000000
v 0.01049706 0.01472415 0.02935136 0.54509804 0.71372549 0.60000000
v 0.01249668 0.01272329 0.02890342 0.54509804 0.71372549 0.60000000
v 0.01357036 0.01272329 0.02871305 0.54509804 0.71372549 0.60000000
v 0.00825118 0.01372372 0.02967612 0.54509804 0.71372549 0.60000000
v 0.00949232 0.01272329 0.02942415 0.54509804 0.71372549 0.60000000
v 0.01049706 0.01172457 0.02919458 0.54509804 0.71372549 0.60000000
v 0.01249668 0.01172457 0.02884183 0.54509804 0.71372549 0.60000000
v 0.01382647 0.01172457 0.02860666 0.54509804 0.71372549 0.60000000
v 0.01449629 0.01072414 0.02839949 0.54509804 0.71372549 0.60000000
v 0.01549117 0.01072414 0.02819791 0.54509804 0.71372549 0.60000000
v 0.01349156 0.01062512 0.02857866 0.54509804 0.71372549 0.60000000
v 0.01287099 0.00972371 0.02861226 0.54509804 0.71372549 0.60000000
v 0.01216176 0.00890596 0.02866825 0.54509804 0.71372549 0.60000000
v 0.01249668 0.00863280 0.02857866 0.54509804 0.71372549 0.60000000
v 0.01198446 0.00824015 0.02863465 0.54509804 0.71372549 0.60000000
v 0.01182685 0.00779456 0.02860666 0.54509804 0.71372549 0.60000000
v -0.00049591 0.00779456 0.03032002 0.54509804 0.71372549 0.60000000
v 0.00049897 0.00779456 0.03026403 0.54509804 0.71372549 0.60000000
v 0.00149386 0.00872499 0.03026403 0.54509804 0.71372549 0.60000000
v 0.00249859 0.00972371 0.03020804 0.54509804 0.71372549 0.60000000
v 0.00349347 0.01072414 0.03015205 0.54509804 0.71372549 0.60000000
v 0.00249859 0.00872499 0.03015205 0.54509804 0.71372549 0.60000000
v 0.00449821 0.00972371 0.02996727 0.54509804 0.71372549 0.60000000
v 0.00549309 0.01072414 0.02991128 0.54509804 0.71372549 0.60000000
v 0.00649782 0.01172457 0.02983289 0.54509804 0.71372549 0.60000000
v 0.00759121 0.01262427 0.02972091 0.54509804 0.71372549 0.60000000
v 0.01049706 0.01272329 0.02925058 0.54509804 0.71372549 0.60000000
v 0.00799507 0.01222478 0.02963692 0.54509804 0.71372549 0.60000000
v 0.00811328 0.01289230 0.02965372 0.54509804 0.71372549 0.60000000
v 0.00849744 0.01172457 0.02952493 0.54509804 0.71372549 0.60000000
v 0.00949232 0.01172457 0.02936256 0.54509804 0.71372549 0.60000000
v 0.01049706 0.01072414 0.02911619 0.54509804 0.71372549 0.60000000
v 0.01149194 0.01072414 0.02894262 0.54509804 0.71372549 0.60000000
v 0.01314680 0.01089145 0.02866265 0.54509804 0.71372549 0.60000000
v 0.01298919 0.01022564 0.02863465 0.54509804 0.71372549 0.60000000
v 0.01149194 0.00972371 0.02885863 0.54509804 0.71372549 0.60000000
v 0.01159044 0.00863280 0.02874104 0.54509804 0.71372549 0.60000000
v 0.00856639 0.00779456 0.02917778 0.54509804 0.71372549 0.60000000
v 0.01140329 0.00779456 0.02868505 0.54509804 0.71372549 0.60000000
v 0.00149386 0.00779456 0.03018565 0.54509804 0.71372549 0.60000000
v 0.00156281 0.00779456 0.03018005 0.54509804 0.71372549 0.60000000
v 0.00249859 0.00779456 0.03006806 0.54509804 0.71372549 0.60000000
v 0.00581815 0.00779456 0.02960333 0.54509804 0.71372549 0.60000000
v 0.00615306 0.00895547 0.02965932 0.54509804 0.71372549 0.60000000
v 0.00649782 0.01072414 0.02976011 0.54509804 0.71372549 0.60000000
v 0.00788672 0.01172457 0.02962012 0.54509804 0.71372549 0.60000000
v 0.00849744 0.01072414 0.02944655 0.54509804 0.71372549 0.60000000
v 0.00949232 0.01072414 0.02928417 0.54509804 0.71372549 0.60000000
v 0.00849744 0.00872499 0.02927297 0.54509804 0.71372549 0.60000000
v 0.01049706 0.00972371 0.02902660 0.54509804 0.71372549 0.60000000
v 0.01049706 0.00872499 0.02893702 0.54509804 0.71372549 0.60000000
v 0.00849744 0.00779456 0.02918898 0.54509804 0.71372549 0.60000000
v 0.00649782 0.00779456 0.02950254 0.54509804 0.71372549 0.60000000
v 0.00749271 0.00779456 0.02935136 0.54509804 0.71372549 0.60000000
v 0.00682289 0.00954446 0.02960892 0.54509804 0.71372549 0.60000000
f 1 2 3
f 1 3 4
f 1 4 5
f 1 5 6
f 1 6 7
f 1 7 24
f 1 24 52
f 1 52 81
f 1 81 117
f 1 117 158
f 1 158 161
f 1 161 206
f 1 206 203
f 1 203 243
f 1 243 242
f 1 242 292
f 1 292 350
f 1 350 349
f 1 349 348
f 1 348 413
f 1 413 415
f 1 415 495
f 1 495 494
f 1 494 493
f 1 493 567
f 1 567 566
f 1 566 650
f 1 650 765
f 1 765 872
f 1 872 868
f 1 868 867
f 1 867 866
f 1 866 865
f 1 865 864
f 1 864 971
f 1 971 970
f 1 970 969
f 1 969 968
f 1 968 967
f 1 967 966
f 1 966 965
f 1 965 964
f 1 964 955
f 1 955 846
f 1 846 739
f 1 739 731
f 1 731 730
f 1 730 729
f 1 729 728
f 1 728 727
f 1 727 726
f 1 726 725
f 1 725 724
f 1 724 723
f 1 723 722
f 1 722 721
f 1 721 719
f 1 719 837
f 1 837 836
f 1 836 835
f 1 835 948
f 1 948 949
f 1 949 1037
f 1 1037 1104
f 1 1104 1103
f 1 1103 1100
f 1 1100 1102
f 1 1102 1154
f 1 1154 1190
f 1 1190 1196
f 1 1196 1195
f 1 1195 1228
f 1 1228 1255
f 1 1255 1278
f 1 1278 1277
f 1 1277 1291
f 1 1291 1293
f 1 1293 1292
f 1 1292 1282
f 1 1282 1281
f 1 1281 1280
f 1 1280 1279
f 1 1279 1257
f 1 1257 1256
f 1 1256 1238
f 1 1238 1237
f 1 1237 1236
f 1 1236 1235
f 1 1235 1210
f 1 1210 1208
f 1 1208 1171
f 1 1171 1131
f 1 1131 1130
f 1 1130 1169
f 1 1169 1207
f 1 1207 1206
f 1 1206 1205
f 1 1205 1166
f 1 1166 1125
f 1 1125 1124
f 1 1124 1123
f 1 1123 1122
f 1 1122 1121
f 1 1121 1073
f 1 1073 1072
f 1 1072 1071
f 1 1071 1068
f 1 1068 1005
f 1 1005 904
f 1 904 793
f 1 793 684
f 1 684 680
f 1 680 679
f 1 679 678
f 1 678 677
f 1 677 791
f 1 791 902
f 1 902 1001
f 1 1001 1004
f 1 1004 1003
f 1 1003 1002
f 1 1002 1066
f 1 1066 1117
f 1 1117 1114
f 1 1114 1112
f 1 1112 1055
f 1 1055 1054
f 1 1054 1053
f 1 1053 1052
f 1 1052 1051
f 1 1051 1050
f 1 1050 1048
f 1 1048 980
f 1 980 979
f 1 979 978
f 1 978 977
f 1 977 1047
f 1 1047 1046
f 1 1046 1045
f 1 1045 972
f 1 972 873
f 1 873 767
f 1 767 770
f 1 770 766
f 1 766 651
f 1 651 570
f 1 570 569
f 1 569 568
f 1 568 496
f 1 496 416
f 1 416 356
f 1 356 355
f 1 355 354
f 1 354 296
f 1 296 247
f 1 247 244
f 1 244 207
f 1 207 162
f 1 162 118
f 1 118 87
f 1 87 86
f 1 86 85
f 1 85 84
f 1 84 82
f 1 82 53
f 1 53 26
f 1 26 25
f 1 25 9
f 1 9 8
f 1 8 2
f 2 8 3
f 3 8 9
f 3 9 10
f 3 10 11
f 3 11 12
f 3 12 13
f 3 13 14
f 3 14 15
f 3 15 4
f 4 16 17
f 4 17 18
f 4 18 19
f 4 19 20
f 4 20 5
f 4 15 16
f 5 20 19
f 5 19 21
f 5 21 22
f 5 22 23
f 5 23 6
f 6 23 24
f 6 24 7
f 9 25 10
f 10 26 27
f 10 27 11
f 10 25 26
f 11 27 12
f 12 27 28
f 12 28 29
f 12 29 30
f 12 30 13
f 13 30 31
f 13 31 14
f 14 31 32
f 14 32 15
f 15 32 33
f 15 33 34
f 15 34 35
f 15 35 16
f 16 35 36
f 16 36 37
f 16 37 17
f 17 38 39
f 17 39 40
f 17 40 41
f 17 41 42
f 17 42 18
f 17 37 38
f 18 42 19
f 19 42 43
f 19 43 44
f 19 44 45
f 19 45 46
f 19 46 21
f 21 46 45
f 21 45 47
f 21 47 48
f 21 48 49
f 21 49 50
f 21 50 23
f 21 23 22
f 23 50 51
f 23 51 52
f 23 52 24
f 26 53 54
f 26 54 27
f 27 54 55
f 27 55 56
f 27 56 28
f 28 57 58
f 28 58 59
f 28 59 60
f 28 60 61
f 28 61 30
f 28 30 29
f 28 56 57
f 30 61 31
f 31 61 62
f 31 62 32
f 32 62 63
f 32 63 64
f 32 64 33
f 33 64 65
f 33 65 66
f 33 66 34
f 34 66 67
f 34 67 35
f 35 67 36
f 36 67 37
f 37 67 68
f 37 68 69
f 37 69 38
f 38 69 70
f 38 70 39
f 39 70 40
f 40 70 71
f 40 71 72
f 40 72 41
f 41 72 73
f 41 73 42
f 42 73 43
f 43 73 74
f 43 74 75
f 43 75 44
f 44 75 76
f 44 76 48
f 44 48 47
f 44 47 45
f 48 76 77
f 48 77 78
f 48 78 49
f 49 79 52
f 49 52 51
f 49 51 50
f 49 78 80
f 49 80 79
f 52 79 81
f 53 82 83
f 53 83 54
f 54 83 55
f 55 83 82
f 55 82 84
f 55 84 85
f 55 85 86
f 55 86 87
f 55 87 88
f 55 88 89
f 55 89 56
f 56 89 90
f 56 90 91
f 56 91 57
f 57 91 58
f 58 91 92
f 58 92 59
f 59 92 93
f 59 93 94
f 59 94 95
f 59 95 60
f 60 95 96
f 60 96 61
f 61 96 62
f 62 96 63
f 63 96 97
f 63 97 98
f 63 98 99
f 63 99 64
f 64 99 100
f 64 100 65
f 65 100 66
f 66 100 101
f 66 101 102
f 66 102 103
f 66 103 104
f 66 104 67
f 67 104 68
f 68 104 69
f 69 104 105
f 69 105 70
f 70 105 106
f 70 106 107
f 70 107 108
f 70 108 71
f 71 108 109
f 71 109 110
f 71 110 72
f 72 110 111
f 72 111 73
f 73 111 74
f 74 111 153
f 74 153 112
f 74 112 113
f 74 113 114
f 74 114 75
f 75 114 76
f 76 114 78
f 76 78 77
f 78 114 80
f 79 80 115
f 79 115 81
f 80 114 116
f 80 116 157
f 80 157 115
f 81 115 117
f 87 118 89
f 87 89 88
f 89 118 119
f 89 119 120
f 89 120 90
f 90 120 121
f 90 121 91
f 91 121 122
f 91 122 123
f 91 123 92
f 92 124 93
f 92 123 124
f 93 125 94
f 93 124 125
f 94 126 127
f 94 127 95
f 94 125 126
f 95 127 96
f 96 127 128
f 96 128 129
f 96 129 97
f 97 129 98
f 98 129 130
f 98 130 131
f 98 131 132
f 98 132 133
f 98 133 134
f 98 134 101
f 98 101 99
f 99 101 100
f 101 134 135
f 101 135 136
f 101 136 102
f 102 136 137
f 102 137 103
f 103 137 138
f 103 138 139
f 103 139 140
f 103 140 104
f 104 140 141
f 104 141 105
f 105 141 142
f 105 142 106
f 106 142 107
f 107 143 144
f 107 144 108
f 107 142 145
f 107 145 146
f 107 146 147
f 107 147 143
f 108 144 143
f 108 143 109
f 109 143 147
f 109 147 148
f 109 148 149
f 109 149 150
f 109 150 110
f 110 150 111
f 111 150 151
f 111 151 152
f 111 152 153
f 112 153 154
f 112 154 155
f 112 155 156
f 112 156 116
f 112 116 114
f 112 114 113
f 115 157 158
f 115 158 117
f 116 156 159
f 116 159 160
f 116 160 161
f 116 161 157
f 118 162 163
f 118 163 119
f 119 163 120
f 120 163 121
f 121 164 165
f 121 165 122
f 121 163 164
f 122 165 123
f 123 165 166
f 123 166 124
f 124 166 167
f 124 167 168
f 124 168 125
f 125 168 169
f 125 169 126
f 126 169 170
f 126 170 128
f 126 128 127
f 128 170 130
f 128 130 129
f 130 170 171
f 130 171 172
f 130 172 173
f 130 173 174
f 130 174 131
f 131 174 132
f 132 174 173
f 132 173 175
f 132 175 176
f 132 176 177
f 132 177 133
f 133 177 134
f 134 177 135
f 135 177 178
f 135 178 179
f 135 179 180
f 135 180 136
f 136 180 181
f 136 181 182
f 136 182 183
f 136 183 184
f 136 184 137
f 137 184 138
f 138 184 139
f 139 185 186
f 139 186 187
f 139 187 188
f 139 188 142
f 139 142 141
f 139 141 140
f 139 184 185
f 142 188 189
f 142 189 145
f 145 189 190
f 145 190 146
f 146 190 191
f 146 191 192
f 146 192 193
f 146 193 147
f 147 193 194
f 147 194 148
f 148 194 149
f 149 194 195
f 149 195 196
f 149 196 197
f 149 197 151
f 149 151 150
f 151 197 153
f 151 153 152
f 153 197 198
f 153 198 154
f 154 198 199
f 154 199 200
f 154 200 201
f 154 201 155
f 155 201 202
f 155 202 203
f 155 203 204
f 155 204 205
f 155 205 156
f 156 205 159
f 157 161 158
f 159 205 204
f 159 204 160
f 160 204 203
f 160 203 206
f 160 206 161
f 162 207 208
f 162 208 209
f 162 209 163
f 163 209 210
f 163 210 164
f 164 210 211
f 164 211 165
f 165 211 214
f 165 214 166
f 166 212 213
f 166 213 167
f 166 214 212
f 167 213 168
f 168 213 169
f 169 213 170
f 170 213 171
f 171 213 215
f 171 215 172
f 172 216 173
f 172 215 216
f 173 216 217
f 173 217 175
f 175 217 218
f 175 218 219
f 175 219 176
f 176 219 220
f 176 220 181
f 176 181 178
f 176 178 177
f 178 181 179
f 179 181 180
f 181 220 182
f 182 220 183
f 183 220 221
f 183 221 222
f 183 222 223
f 183 223 224
f 183 224 225
f 183 225 184
f 184 225 226
f 184 226 185
f 185 227 228
f 185 228 229
f 185 229 186
f 185 226 225
f 185 225 230
f 185 230 227
f 186 229 187
f 187 229 231
f 187 231 232
f 187 232 189
f 187 189 188
f 189 232 233
f 189 233 190
f 190 233 234
f 190 234 235
f 190 235 191
f 191 235 192
f 192 195 193
f 192 235 236
f 192 236 196
f 192 196 195
f 193 195 194
f 196 236 197
f 197 236 237
f 197 237 199
f 197 199 198
f 199 237 238
f 199 238 239
f 199 239 200
f 200 239 201
f 201 239 240
f 201 240 241
f 201 241 242
f 201 242 202
f 202 242 243
f 202 243 203
f 207 244 208
f 208 245 209
f 208 244 246
f 208 246 247
f 208 247 248
f 208 248 249
f 208 249 250
f 208 250 245
f 209 245 210
f 210 245 251
f 210 251 211
f 211 251 252
f 211 252 214
f 212 214 253
f 212 253 254
f 212 254 213
f 213 254 255
f 213 255 215
f 214 252 253
f 215 255 216
f 216 256 217
f 216 255 256
f 217 256 257
f 217 257 258
f 217 258 259
f 217 259 260
f 217 260 261
f 217 261 218
f 218 261 262
f 218 262 263
f 218 263 264
f 218 264 265
f 218 265 219
f 219 265 266
f 219 266 220
f 220 266 221
f 221 266 322
f 221 322 267
f 221 267 222
f 222 267 223
f 223 267 268
f 223 268 264
f 223 264 263
f 223 263 262
f 223 262 269
f 223 269 270
f 223 270 271
f 223 271 224
f 224 271 270
f 224 270 272
f 224 272 273
f 224 273 274
f 224 274 225
f 225 274 230
f 227 275 276
f 227 276 277
f 227 277 228
f 227 230 278
f 227 278 275
f 228 277 229
f 229 277 231
f 230 274 279
f 230 279 278
f 231 277 276
f 231 276 275
f 231 275 280
f 231 280 281
f 231 281 282
f 231 282 232
f 232 282 283
f 232 283 284
f 232 284 233
f 233 284 234
f 234 284 285
f 234 285 235
f 235 285 286
f 235 286 287
f 235 287 236
f 236 287 238
f 236 238 237
f 238 287 288
f 238 288 239
f 239 288 289
f 239 289 240
f 240 289 290
f 240 290 291
f 240 291 241
f 241 291 292
f 241 292 242
f 244 247 246
f 245 250 293
f 245 293 294
f 245 294 295
f 245 295 251
f 247 296 297
f 247 297 248
f 248 297 249
f 249 298 299
f 249 299 300
f 249 300 294
f 249 294 293
f 249 293 250
f 249 297 357
f 249 357 298
f 251 295 301
f 251 301 252
f 252 301 302
f 252 302 253
f 253 302 303
f 253 303 304
f 253 304 254
f 254 304 305
f 254 305 255
f 255 305 306
f 255 306 256
f 256 306 257
f 257 306 305
f 257 305 307
f 257 307 258
f 258 308 309
f 258 309 310
f 258 310 311
f 258 311 259
f 258 307 312
f 258 312 313
f 258 313 314
f 258 314 308
f 259 311 315
f 259 315 316
f 259 316 317
f 259 317 318
f 259 318 260
f 260 318 319
f 260 319 320
f 260 320 261
f 261 320 321
f 261 321 262
f 262 321 269
f 264 268 322
f 264 322 266
f 264 266 265
f 267 322 268
f 269 321 323
f 269 323 270
f 270 323 272
f 272 323 324
f 272 324 325
f 272 325 326
f 272 326 273
f 273 326 327
f 273 327 328
f 273 328 329
f 273 329 274
f 274 329 330
f 274 330 279
f 275 278 331
f 275 331 280
f 278 332 331
f 278 279 332
f 279 330 329
f 279 329 333
f 279 333 334
f 279 334 332
f 280 335 336
f 280 336 337
f 280 337 338
f 280 338 281
f 280 331 335
f 281 338 339
f 281 339 282
f 282 339 340
f 282 340 341
f 282 341 283
f 283 341 284
f 284 341 285
f 285 341 342
f 285 342 286
f 286 342 287
f 287 342 343
f 287 343 288
f 288 343 342
f 288 342 344
f 288 344 345
f 288 345 289
f 289 345 346
f 289 346 290
f 290 346 347
f 290 347 291
f 291 348 349
f 291 349 350
f 291 350 292
f 291 347 351
f 291 351 348
f 294 300 352
f 294 352 353
f 294 353 301
f 294 301 295
f 296 354 297
f 297 354 355
f 297 355 356
f 297 356 357
f 298 357 358
f 298 358 359
f 298 359 299
f 299 359 360
f 299 360 361
f 299 361 300
f 300 361 362
f 300 362 363
f 300 363 364
f 300 364 352
f 301 353 365
f 301 365 302
f 302 365 313
f 302 313 303
f 303 313 307
f 303 307 304
f 304 307 305
f 307 313 312
f 308 366 309
f 308 314 367
f 308 367 368
f 308 368 366
f 309 369 370
f 309 370 310
f 309 366 368
f 309 368 371
f 309 371 369
f 310 370 372
f 310 372 311
f 311 372 373
f 311 373 374
f 311 374 315
f 313 365 314
f 314 365 375
f 314 375 367
f 315 374 373
f 315 373 376
f 315 376 377
f 315 377 378
f 315 378 379
f 315 379 316
f 316 379 317
f 317 319 318
f 317 379 319
f 319 379 320
f 320 379 324
f 320 324 323
f 320 323 321
f 324 379 380
f 324 380 377
f 324 377 381
f 324 381 382
f 324 382 383
f 324 383 325
f 325 383 384
f 325 384 326
f 326 385 327
f 326 384 385
f 327 385 386
f 327 386 387
f 327 387 328
f 328 388 333
f 328 333 329
f 328 387 386
f 328 386 389
f 328 389 388
f 331 332 390
f 331 390 391
f 331 391 392
f 331 392 335
f 332 393 390
f 332 334 394
f 332 394 393
f 333 388 395
f 333 395 396
f 333 396 397
f 333 397 398
f 333 398 394
f 333 394 334
f 335 399 400
f 335 400 401
f 335 401 402
f 335 402 337
f 335 337 336
f 335 392 399
f 337 402 338
f 338 402 403
f 338 403 404
f 338 404 339
f 339 404 403
f 339 403 405
f 339 405 340
f 340 405 406
f 340 406 407
f 340 407 408
f 340 408 341
f 341 408 342
f 342 408 409
f 342 409 344
f 344 410 411
f 344 411 345
f 344 409 410
f 345 411 412
f 345 412 346
f 346 412 351
f 346 351 347
f 348 351 413
f 351 412 414
f 351 414 415
f 351 415 413
f 352 364 375
f 352 375 353
f 353 375 365
f 356 416 357
f 357 417 418
f 357 418 358
f 357 416 417
f 358 418 419
f 358 419 359
f 359 419 420
f 359 420 360
f 360 420 421
f 360 421 422
f 360 422 362
f 360 362 361
f 362 422 423
f 362 423 424
f 362 424 363
f 363 424 371
f 363 371 368
f 363 368 364
f 364 368 367
f 364 367 375
f 369 371 425
f 369 425 426
f 369 426 427
f 369 427 428
f 369 428 370
f 370 429 372
f 370 428 430
f 370 430 431
f 370 431 432
f 370 432 433
f 370 433 373
f 370 373 429
f 371 424 425
f 372 429 373
f 373 433 434
f 373 434 435
f 373 435 436
f 373 436 376
f 376 436 437
f 376 437 438
f 376 438 439
f 376 439 377
f 377 380 379
f 377 379 378
f 377 439 381
f 381 440 441
f 381 441 442
f 381 442 382
f 381 439 443
f 381 443 444
f 381 444 440
f 382 442 445
f 382 445 446
f 382 446 447
f 382 447 448
f 382 448 449
f 382 449 384
f 382 384 383
f 384 449 385
f 385 449 450
f 385 450 451
f 385 451 386
f 386 451 452
f 386 452 453
f 386 453 454
f 386 454 455
f 386 455 456
f 386 456 388
f 386 388 389
f 388 457 458
f 388 458 396
f 388 396 395
f 388 456 459
f 388 459 457
f 390 393 460
f 390 460 391
f 391 461 462
f 391 462 392
f 391 460 463
f 391 463 461
f 392 462 464
f 392 464 400
f 392 400 399
f 393 465 466
f 393 466 460
f 393 394 467
f 393 467 465
f 394 398 468
f 394 468 467
f 396 469 397
f 396 458 457
f 396 457 470
f 396 470 469
f 397 469 471
f 397 471 472
f 397 472 467
f 397 467 468
f 397 468 398
f 400 473 474
f 400 474 475
f 400 475 402
f 400 402 401
f 400 464 476
f 400 476 477
f 400 477 478
f 400 478 473
f 402 475 479
f 402 479 480
f 402 480 481
f 402 481 403
f 403 481 482
f 403 482 483
f 403 483 484
f 403 484 485
f 403 485 405
f 405 485 484
f 405 484 486
f 405 486 406
f 406 486 407
f 407 486 487
f 407 487 488
f 407 488 409
f 407 409 408
f 409 488 410
f 410 489 490
f 410 490 411
f 410 488 487
f 410 487 486
f 410 486 489
f 411 491 412
f 411 490 491
f 412 491 414
f 414 491 492
f 414 492 493
f 414 493 494
f 414 494 495
f 414 495 415
f 416 496 417
f 417 496 497
f 417 497 419
f 417 419 418
f 419 497 421
f 419 421 420
f 421 498 500
f 421 500 422
f 421 497 499
f 421 499 498
f 422 500 423
f 423 500 501
f 423 501 426
f 423 426 424
f 424 426 425
f 426 502 503
f 426 503 504
f 426 504 505
f 426 505 427
f 426 501 500
f 426 500 502
f 427 505 428
f 428 505 430
f 430 506 431
f 430 505 506
f 431 506 507
f 431 507 508
f 431 508 432
f 432 508 509
f 432 509 510
f 432 510 511
f 432 511 512
f 432 512 513
f 432 513 434
f 432 434 433
f 434 513 512
f 434 512 514
f 434 514 435
f 435 514 515
f 435 515 438
f 435 438 436
f 436 438 437
f 438 515 439
f 439 516 444
f 439 444 443
f 439 515 516
f 440 444 517
f 440 517 441
f 441 517 518
f 441 518 519
f 441 519 520
f 441 520 521
f 441 521 522
f 441 522 523
f 441 523 446
f 441 446 445
f 441 445 442
f 444 516 524
f 444 524 517
f 446 525 447
f 446 523 526
f 446 526 527
f 446 527 450
f 446 450 448
f 446 448 525
f 447 525 448
f 448 450 449
f 450 452 451
f 450 527 453
f 450 453 452
f 453 528 454
f 453 527 529
f 453 529 530
f 453 530 528
f 454 528 531
f 454 531 532
f 454 532 533
f 454 533 456
f 454 456 455
f 456 533 459
f 457 534 469
f 457 469 470
f 457 459 533
f 457 533 535
f 457 535 536
f 457 536 534
f 460 537 463
f 460 466 537
f 461 538 539
f 461 539 462
f 461 463 537
f 461 537 540
f 461 540 538
f 462 539 538
f 462 538 464
f 464 538 476
f 465 467 466
f 466 541 540
f 466 540 537
f 466 467 542
f 466 542 543
f 466 543 541
f 467 472 544
f 467 544 545
f 467 545 542
f 469 534 546
f 469 546 471
f 471 546 547
f 471 547 544
f 471 544 472
f 473 548 474
f 473 478 549
f 473 549 548
f 474 548 550
f 474 550 551
f 474 551 552
f 474 552 480
f 474 480 479
f 474 479 475
f 476 538 540
f 476 540 477
f 477 540 478
f 478 540 549
f 480 552 553
f 480 553 554
f 480 554 555
f 480 555 556
f 480 556 557
f 480 557 558
f 480 558 481
f 481 558 559
f 481 559 482
f 482 559 483
f 483 560 557
f 483 557 561
f 483 561 562
f 483 562 486
f 483 486 484
f 483 559 558
f 483 558 560
f 486 562 489
f 489 562 490
f 490 563 564
f 490 564 491
f 490 562 563
f 491 564 492
f 492 564 565
f 492 565 566
f 492 566 567
f 492 567 493
f 496 568 497
f 497 568 569
f 497 569 570
f 497 570 499
f 498 571 572
f 498 572 500
f 498 499 573
f 498 573 571
f 499 570 573
f 500 572 574
f 500 574 503
f 500 503 502
f 503 574 575
f 503 575 504
f 504 576 505
f 504 575 576
f 505 576 506
f 506 577 507
f 506 576 578
f 506 578 577
f 507 577 579
f 507 579 508
f 508 579 509
f 509 580 581
f 509 581 510
f 509 579 580
f 510 581 582
f 510 582 511
f 511 582 583
f 511 583 584
f 511 584 585
f 511 585 586
f 511 586 512
f 512 586 514
f 514 586 515
f 515 586 585
f 515 585 524
f 515 524 516
f 517 524 587
f 517 587 588
f 517 588 589
f 517 589 518
f 518 589 590
f 518 590 519
f 519 591 592
f 519 592 593
f 519 593 594
f 519 594 595
f 519 595 596
f 519 596 597
f 519 597 598
f 519 598 599
f 519 599 600
f 519 600 601
f 519 601 602
f 519 602 521
f 519 521 520
f 519 590 589
f 519 589 603
f 519 603 587
f 519 587 604
f 519 604 605
f 519 605 606
f 519 606 591
f 521 602 522
f 522 602 523
f 523 607 608
f 523 608 609
f 523 609 610
f 523 610 611
f 523 611 526
f 523 602 612
f 523 612 607
f 524 613 587
f 524 585 613
f 526 611 614
f 526 614 530
f 526 530 527
f 527 530 529
f 528 615 532
f 528 532 531
f 528 530 616
f 528 616 615
f 530 614 616
f 532 615 617
f 532 617 618
f 532 618 533
f 533 618 619
f 533 619 536
f 533 536 535
f 534 536 620
f 534 620 546
f 536 619 621
f 536 621 620
f 540 541 622
f 540 622 623
f 540 623 624
f 540 624 625
f 540 625 626
f 540 626 627
f 540 627 549
f 541 543 628
f 541 628 629
f 541 629 622
f 542 545 544
f 542 544 630
f 542 630 631
f 542 631 543
f 543 631 628
f 544 547 632
f 544 632 630
f 546 620 633
f 546 633 547
f 547 634 632
f 547 633 635
f 547 635 634
f 548 549 636
f 548 636 637
f 548 637 550
f 549 627 626
f 549 626 638
f 549 638 636
f 550 639 640
f 550 640 551
f 550 637 641
f 550 641 639
f 551 640 552
f 552 640 642
f 552 642 553
f 553 642 554
f 554 643 644
f 554 644 764
f 554 764 645
f 554 645 565
f 554 565 646
f 554 646 647
f 554 647 555
f 554 642 643
f 555 647 556
f 556 647 646
f 556 646 648
f 556 648 557
f 557 648 563
f 557 563 561
f 557 560 558
f 561 563 562
f 563 648 646
f 563 646 564
f 564 646 565
f 565 645 649
f 565 649 650
f 565 650 566
f 570 651 573
f 571 573 652
f 571 652 653
f 571 653 572
f 572 653 654
f 572 654 575
f 572 575 574
f 573 651 652
f 575 654 655
f 575 655 576
f 576 655 578
f 577 656 657
f 577 657 579
f 577 578 656
f 578 655 658
f 578 658 659
f 578 659 656
f 579 657 660
f 579 660 661
f 579 661 662
f 579 662 580
f 580 662 663
f 580 663 664
f 580 664 581
f 581 665 666
f 581 666 667
f 581 667 668
f 581 668 582
f 581 664 665
f 582 668 583
f 583 669 670
f 583 670 671
f 583 671 584
f 583 668 669
f 584 671 672
f 584 672 613
f 584 613 585
f 587 673 605
f 587 605 604
f 587 603 588
f 587 613 673
f 588 603 589
f 591 606 674
f 591 674 592
f 592 674 593
f 593 674 675
f 593 675 594
f 594 676 677
f 594 677 678
f 594 678 679
f 594 679 680
f 594 680 595
f 594 675 681
f 594 681 682
f 594 682 676
f 595 680 596
f 596 683 598
f 596 598 597
f 596 680 684
f 596 684 683
f 598 683 685
f 598 685 599
f 599 608 601
f 599 601 600
f 599 685 686
f 599 686 687
f 599 687 608
f 601 608 607
f 601 607 602
f 602 607 612
f 605 673 606
f 606 673 688
f 606 688 689
f 606 689 674
f 608 687 690
f 608 690 609
f 609 690 691
f 609 691 610
f 610 691 692
f 610 692 693
f 610 693 694
f 610 694 695
f 610 695 696
f 610 696 611
f 611 696 614
f 613 672 697
f 613 697 673
f 614 696 616
f 615 616 698
f 615 698 699
f 615 699 700
f 615 700 617
f 616 696 701
f 616 701 698
f 617 700 618
f 618 700 619
f 619 700 621
f 620 621 702
f 620 702 633
f 621 700 702
f 622 703 623
f 622 629 704
f 622 704 705
f 622 705 706
f 622 706 707
f 622 707 708
f 622 708 709
f 622 709 710
f 622 710 711
f 622 711 703
f 623 712 713
f 623 713 714
f 623 714 715
f 623 715 716
f 623 716 717
f 623 717 718
f 623 718 719
f 623 719 720
f 623 720 721
f 623 721 722
f 623 722 723
f 623 723 724
f 623 724 725
f 623 725 726
f 623 726 727
f 623 727 728
f 623 728 729
f 623 729 730
f 623 730 731
f 623 731 624
f 623 703 732
f 623 732 733
f 623 733 734
f 623 734 735
f 623 735 736
f 623 736 737
f 623 737 738
f 623 738 712
f 624 731 739
f 624 739 740
f 624 740 741
f 624 741 625
f 625 741 742
f 625 742 743
f 625 743 744
f 625 744 626
f 626 744 638
f 628 631 745
f 628 745 629
f 629 745 746
f 629 746 705
f 629 705 704
f 630 632 745
f 630 745 631
f 632 634 747
f 632 747 748
f 632 748 745
f 633 702 635
f 634 749 750
f 634 750 751
f 634 751 747
f 634 635 749
f 635 702 752
f 635 752 753
f 635 753 754
f 635 754 749
f 636 638 637
f 637 638 755
f 637 755 641
f 638 756 755
f 638 744 743
f 638 743 756
f 639 641 640
f 640 757 758
f 640 758 760
f 640 760 642
f 640 641 757
f 641 755 756
f 641 756 742
f 641 742 759
f 641 759 757
f 642 760 761
f 642 761 762
f 642 762 643
f 643 762 763
f 643 763 764
f 643 764 644
f 645 764 765
f 645 765 649
f 649 765 650
f 651 766 652
f 652 766 654
f 652 654 653
f 654 767 768
f 654 768 769
f 654 769 655
f 654 766 770
f 654 770 767
f 655 769 774
f 655 774 658
f 656 771 657
f 656 659 772
f 656 772 773
f 656 773 771
f 657 771 660
f 658 774 775
f 658 775 659
f 659 775 772
f 660 771 661
f 661 776 663
f 661 663 662
f 661 771 776
f 663 776 773
f 663 773 664
f 664 773 777
f 664 777 665
f 665 778 666
f 665 777 779
f 665 779 778
f 666 780 781
f 666 781 782
f 666 782 783
f 666 783 667
f 666 778 780
f 667 783 668
f 668 783 669
f 669 783 670
f 670 783 784
f 670 784 671
f 671 784 785
f 671 785 672
f 672 786 697
f 672 785 786
f 673 787 688
f 673 697 787
f 674 689 675
f 675 689 788
f 675 788 789
f 675 789 790
f 675 790 682
f 675 682 681
f 676 682 677
f 677 682 791
f 682 790 791
f 683 792 685
f 683 684 792
f 684 793 792
f 685 792 794
f 685 794 686
f 686 794 795
f 686 795 796
f 686 796 797
f 686 797 798
f 686 798 799
f 686 799 690
f 686 690 687
f 688 787 800
f 688 800 689
f 689 800 788
f 690 799 801
f 690 801 802
f 690 802 803
f 690 803 691
f 691 803 692
f 692 803 802
f 692 802 804
f 692 804 805
f 692 805 694
f 692 694 693
f 694 805 806
f 694 806 695
f 695 806 807
f 695 807 808
f 695 808 809
f 695 809 696
f 696 809 701
f 697 786 810
f 697 810 800
f 697 800 787
f 698 701 811
f 698 811 699
f 699 811 812
f 699 812 813
f 699 813 700
f 700 813 702
f 701 809 808
f 701 808 814
f 701 814 815
f 701 815 811
f 702 813 816
f 702 816 752
f 703 711 817
f 703 817 818
f 703 818 732
f 705 746 706
f 706 746 819
f 706 819 820
f 706 820 821
f 706 821 822
f 706 822 823
f 706 823 707
f 707 823 708
f 708 823 824
f 708 824 710
f 708 710 709
f 710 824 825
f 710 825 711
f 711 825 826
f 711 826 818
f 711 818 817
f 712 738 827
f 712 827 828
f 712 828 829
f 712 829 713
f 713 829 830
f 713 830 831
f 713 831 715
f 713 715 714
f 715 831 832
f 715 832 833
f 715 833 834
f 715 834 717
f 715 717 716
f 717 834 718
f 718 834 835
f 718 835 836
f 718 836 837
f 718 837 719
f 719 721 720
f 732 818 733
f 733 838 734
f 733 818 839
f 733 839 838
f 734 838 735
f 735 838 839
f 735 839 840
f 735 840 841
f 735 841 842
f 735 842 843
f 735 843 737
f 735 737 736
f 737 843 842
f 737 842 738
f 738 842 844
f 738 844 845
f 738 845 827
f 739 846 847
f 739 847 848
f 739 848 740
f 740 848 741
f 741 848 847
f 741 847 849
f 741 849 742
f 742 849 759
f 742 756 743
f 745 748 746
f 746 748 819
f 747 751 850
f 747 850 851
f 747 851 748
f 748 851 819
f 749 852 853
f 749 853 750
f 749 754 852
f 750 854 751
f 750 853 854
f 751 854 855
f 751 855 850
f 752 816 856
f 752 856 753
f 753 856 857
f 753 857 858
f 753 858 859
f 753 859 754
f 754 859 860
f 754 860 853
f 754 853 852
f 757 759 861
f 757 861 862
f 757 862 863
f 757 863 758
f 758 864 865
f 758 865 866
f 758 866 867
f 758 867 868
f 758 868 760
f 758 863 869
f 758 869 864
f 759 849 847
f 759 847 862
f 759 862 861
f 760 868 761
f 761 868 870
f 761 870 762
f 762 870 871
f 762 871 763
f 763 871 764
f 764 871 872
f 764 872 765
f 767 873 874
f 767 874 768
f 768 874 875
f 768 875 769
f 769 875 876
f 769 876 877
f 769 877 774
f 771 773 776
f 772 878 879
f 772 879 773
f 772 775 774
f 772 774 877
f 772 877 878
f 773 879 880
f 773 880 881
f 773 881 882
f 773 882 777
f 777 882 883
f 777 883 884
f 777 884 885
f 777 885 779
f 778 781 780
f 778 779 781
f 779 885 886
f 779 886 781
f 781 886 885
f 781 885 887
f 781 887 888
f 781 888 889
f 781 889 890
f 781 890 782
f 782 784 783
f 782 890 891
f 782 891 892
f 782 892 893
f 782 893 894
f 782 894 895
f 782 895 784
f 784 895 785
f 785 895 786
f 786 895 896
f 786 896 810
f 788 800 810
f 788 810 897
f 788 897 898
f 788 898 789
f 789 899 900
f 789 900 790
f 789 898 901
f 789 901 899
f 790 900 791
f 791 900 902
f 792 793 903
f 792 903 794
f 793 904 794
f 793 794 903
f 794 904 905
f 794 905 795
f 795 905 796
f 796 905 906
f 796 906 797
f 797 906 907
f 797 907 798
f 798 907 908
f 798 908 909
f 798 909 910
f 798 910 911
f 798 911 912
f 798 912 913
f 798 913 801
f 798 801 799
f 801 913 802
f 802 913 914
f 802 914 804
f 804 915 805
f 804 914 916
f 804 916 917
f 804 917 918
f 804 918 919
f 804 919 920
f 804 920 915
f 805 915 806
f 806 915 921
f 806 921 807
f 807 921 922
f 807 922 808
f 808 922 923
f 808 923 814
f 810 896 897
f 811 924 812
f 811 815 924
f 812 924 925
f 812 925 926
f 812 926 813
f 813 926 816
f 814 923 924
f 814 924 815
f 816 926 856
f 818 826 927
f 818 927 839
f 819 851 928
f 819 928 820
f 820 928 929
f 820 929 930
f 820 930 931
f 820 931 822
f 820 822 821
f 822 931 932
f 822 932 825
f 822 825 933
f 822 933 823
f 823 933 824
f 824 933 825
f 825 932 934
f 825 934 935
f 825 935 936
f 825 936 937
f 825 937 826
f 826 937 938
f 826 938 939
f 826 939 940
f 826 940 941
f 826 941 927
f 827 845 942
f 827 942 943
f 827 943 828
f 828 943 944
f 828 944 945
f 828 945 946
f 828 946 830
f 828 830 829
f 830 946 832
f 830 832 831
f 832 946 947
f 832 947 833
f 833 948 835
f 833 835 834
f 833 947 949
f 833 949 948
f 839 927 941
f 839 941 840
f 840 941 950
f 840 950 841
f 841 950 951
f 841 951 952
f 841 952 842
f 842 953 844
f 842 952 938
f 842 938 953
f 844 953 845
f 845 953 954
f 845 954 942
f 846 955 862
f 846 862 847
f 850 928 851
f 850 855 928
f 853 956 854
f 853 860 956
f 854 956 957
f 854 957 855
f 855 957 928
f 856 926 958
f 856 958 959
f 856 959 857
f 857 959 960
f 857 960 858
f 858 960 961
f 858 961 859
f 859 962 860
f 859 961 962
f 860 962 963
f 860 963 957
f 860 957 956
f 862 869 863
f 862 955 964
f 862 964 965
f 862 965 966
f 862 966 967
f 862 967 968
f 862 968 969
f 862 969 970
f 862 970 971
f 862 971 869
f 864 869 971
f 868 871 870
f 868 872 871
f 873 972 874
f 874 972 973
f 874 973 876
f 874 876 875
f 876 973 877
f 877 973 974
f 877 974 975
f 877 975 878
f 878 975 879
f 879 975 881
f 879 881 880
f 881 975 976
f 881 976 977
f 881 977 978
f 881 978 979
f 881 979 980
f 881 980 882
f 882 980 883
f 883 980 981
f 883 981 982
f 883 982 884
f 884 982 983
f 884 983 885
f 885 983 984
f 885 984 985
f 885 985 887
f 887 985 888
f 888 985 986
f 888 986 987
f 888 987 988
f 888 988 989
f 888 989 889
f 889 989 990
f 889 990 891
f 889 891 890
f 891 990 989
f 891 989 991
f 891 991 1061
f 891 1061 992
f 891 992 993
f 891 993 892
f 892 993 893
f 893 993 994
f 893 994 895
f 893 895 894
f 895 994 896
f 896 994 995
f 896 995 897
f 897 995 996
f 897 996 997
f 897 997 998
f 897 998 999
f 897 999 898
f 898 999 1000
f 898 1000 901
f 899 1001 902
f 899 902 900
f 899 901 1001
f 901 1000 1002
f 901 1002 1003
f 901 1003 1004
f 901 1004 1001
f 904 1005 1006
f 904 1006 905
f 905 1006 1007
f 905 1007 906
f 906 1008 1009
f 906 1009 1010
f 906 1010 907
f 906 1007 1006
f 906 1006 1008
f 907 1010 908
f 908 1010 909
f 909 1010 1011
f 909 1011 910
f 910 1011 1012
f 910 1012 1013
f 910 1013 1014
f 910 1014 911
f 911 917 916
f 911 916 912
f 911 1014 917
f 912 916 913
f 913 916 914
f 915 920 921
f 917 1014 1015
f 917 1015 918
f 918 1015 1016
f 918 1016 919
f 919 1016 959
f 919 959 958
f 919 958 1017
f 919 1017 920
f 920 1017 921
f 921 1017 922
f 922 1017 925
f 922 925 923
f 923 925 924
f 925 958 926
f 925 1017 958
f 928 957 1018
f 928 1018 929
f 929 1018 1019
f 929 1019 1020
f 929 1020 930
f 930 934 932
f 930 932 931
f 930 1020 934
f 934 1021 1022
f 934 1022 1023
f 934 1023 1024
f 934 1024 935
f 934 1020 1021
f 935 1025 936
f 935 1024 1025
f 936 1025 1026
f 936 1026 938
f 936 938 937
f 938 1026 953
f 938 952 951
f 938 951 939
f 939 951 940
f 940 951 950
f 940 950 941
f 942 954 1027
f 942 1027 1028
f 942 1028 943
f 943 1028 1029
f 943 1029 1030
f 943 1030 944
f 944 1031 1032
f 944 1032 1033
f 944 1033 1034
f 944 1034 1035
f 944 1035 1036
f 944 1036 945
f 944 1030 1031
f 945 1036 947
f 945 947 946
f 947 1036 949
f 949 1036 1037
f 953 1038 954
f 953 1026 1038
f 954 1038 1026
f 954 1026 1027
f 957 963 1039
f 957 1039 1040
f 957 1040 1018
f 959 1016 960
f 960 1016 1015
f 960 1015 1041
f 960 1041 1042
f 960 1042 961
f 961 1042 962
f 962 1042 1043
f 962 1043 963
f 963 1044 1039
f 963 1043 1044
f 972 1045 973
f 973 1045 1046
f 973 1046 975
f 973 975 974
f 975 1047 977
f 975 977 976
f 975 1046 1047
f 980 1048 981
f 981 1048 982
f 982 1048 1049
f 982 1049 983
f 983 1049 1048
f 983 1048 1050
f 983 1050 984
f 984 1050 1051
f 984 1051 985
f 985 1051 1052
f 985 1052 1053
f 985 1053 986
f 986 1053 987
f 987 1053 1054
f 987 1054 1055
f 987 1055 1056
f 987 1056 1057
f 987 1057 988
f 988 1057 1113
f 988 1113 1058
f 988 1058 1059
f 988 1059 1060
f 988 1060 989
f 989 1060 991
f 991 1060 1059
f 991 1059 1061
f 992 1061 1062
f 992 1062 1063
f 992 1063 1064
f 992 1064 997
f 992 997 996
f 992 996 993
f 993 996 1065
f 993 1065 994
f 994 1065 996
f 994 996 995
f 997 1064 998
f 998 1064 1063
f 998 1063 1000
f 998 1000 999
f 1000 1066 1002
f 1000 1063 1067
f 1000 1067 1066
f 1005 1068 1006
f 1006 1069 1070
f 1006 1070 1008
f 1006 1068 1071
f 1006 1071 1072
f 1006 1072 1073
f 1006 1073 1069
f 1008 1070 1074
f 1008 1074 1075
f 1008 1075 1009
f 1009 1075 1010
f 1010 1075 1076
f 1010 1076 1077
f 1010 1077 1011
f 1011 1078 1012
f 1011 1077 1079
f 1011 1079 1080
f 1011 1080 1078
f 1012 1078 1081
f 1012 1081 1082
f 1012 1082 1013
f 1013 1082 1083
f 1013 1083 1014
f 1014 1083 1084
f 1014 1084 1041
f 1014 1041 1015
f 1018 1040 1085
f 1018 1085 1019
f 1019 1085 1020
f 1020 1085 1086
f 1020 1086 1087
f 1020 1087 1022
f 1020 1022 1088
f 1020 1088 1021
f 1021 1088 1022
f 1022 1089 1090
f 1022 1090 1023
f 1022 1087 1091
f 1022 1091 1092
f 1022 1092 1089
f 1023 1093 1024
f 1023 1090 1093
f 1024 1093 1094
f 1024 1094 1025
f 1025 1095 1096
f 1025 1096 1026
f 1025 1094 1095
f 1026 1096 1027
f 1027 1096 1028
f 1028 1096 1029
f 1029 1096 1095
f 1029 1095 1094
f 1029 1094 1097
f 1029 1097 1030
f 1030 1097 1098
f 1030 1098 1099
f 1030 1099 1031
f 1031 1099 1032
f 1032 1100 1034
f 1032 1034 1033
f 1032 1099 1153
f 1032 1153 1101
f 1032 1101 1102
f 1032 1102 1100
f 1034 1103 1104
f 1034 1104 1035
f 1034 1100 1103
f 1035 1104 1105
f 1035 1105 1037
f 1035 1037 1036
f 1037 1105 1104
f 1039 1106 1040
f 1039 1044 1106
f 1040 1106 1085
f 1041 1084 1107
f 1041 1107 1042
f 1042 1107 1108
f 1042 1108 1043
f 1043 1108 1109
f 1043 1109 1044
f 1044 1110 1138
f 1044 1138 1106
f 1044 1109 1111
f 1044 1111 1110
f 1055 1057 1056
f 1055 1112 1057
f 1057 1112 1113
f 1058 1113 1114
f 1058 1114 1115
f 1058 1115 1116
f 1058 1116 1059
f 1059 1116 1063
f 1059 1063 1062
f 1059 1062 1061
f 1063 1116 1115
f 1063 1115 1067
f 1066 1067 1115
f 1066 1115 1117
f 1069 1118 1119
f 1069 1119 1120
f 1069 1120 1074
f 1069 1074 1070
f 1069 1073 1121
f 1069 1121 1122
f 1069 1122 1123
f 1069 1123 1124
f 1069 1124 1125
f 1069 1125 1118
f 1074 1119 1126
f 1074 1126 1127
f 1074 1127 1076
f 1074 1076 1075
f 1074 1120 1119
f 1076 1127 1079
f 1076 1079 1077
f 1078 1080 1128
f 1078 1128 1129
f 1078 1129 1130
f 1078 1130 1131
f 1078 1131 1132
f 1078 1132 1081
f 1079 1133 1080
f 1079 1127 1133
f 1080 1133 1128
f 1081 1132 1134
f 1081 1134 1135
f 1081 1135 1082
f 1082 1135 1136
f 1082 1136 1083
f 1083 1136 1137
f 1083 1137 1084
f 1084 1137 1107
f 1085 1106 1086
f 1086 1091 1087
f 1086 1106 1138
f 1086 1138 1091
f 1089 1139 1090
f 1089 1092 1139
f 1090 1139 1093
f 1091 1138 1140
f 1091 1140 1141
f 1091 1141 1142
f 1091 1142 1143
f 1091 1143 1144
f 1091 1144 1092
f 1092 1144 1139
f 1093 1145 1094
f 1093 1139 1146
f 1093 1146 1147
f 1093 1147 1148
f 1093 1148 1149
f 1093 1149 1145
f 1094 1145 1149
f 1094 1149 1150
f 1094 1150 1097
f 1097 1150 1151
f 1097 1151 1098
f 1098 1151 1152
f 1098 1152 1153
f 1098 1153 1099
f 1101 1154 1102
f 1101 1153 1152
f 1101 1152 1155
f 1101 1155 1156
f 1101 1156 1157
f 1101 1157 1154
f 1107 1137 1158
f 1107 1158 1108
f 1108 1158 1111
f 1108 1111 1109
f 1110 1159 1160
f 1110 1160 1138
f 1110 1111 1161
f 1110 1161 1159
f 1111 1158 1162
f 1111 1162 1161
f 1112 1114 1113
f 1114 1117 1115
f 1118 1163 1119
f 1118 1125 1163
f 1119 1164 1165
f 1119 1165 1126
f 1119 1163 1164
f 1125 1166 1167
f 1125 1167 1164
f 1125 1164 1163
f 1126 1165 1127
f 1127 1165 1168
f 1127 1168 1133
f 1128 1169 1130
f 1128 1130 1129
f 1128 1133 1169
f 1131 1170 1132
f 1131 1171 1170
f 1132 1170 1134
f 1133 1168 1172
f 1133 1172 1169
f 1134 1173 1135
f 1134 1170 1171
f 1134 1171 1173
f 1135 1173 1174
f 1135 1174 1175
f 1135 1175 1136
f 1136 1175 1176
f 1136 1176 1137
f 1137 1176 1158
f 1138 1160 1177
f 1138 1177 1140
f 1139 1144 1178
f 1139 1178 1179
f 1139 1179 1180
f 1139 1180 1146
f 1140 1181 1141
f 1140 1177 1181
f 1141 1181 1142
f 1142 1182 1143
f 1142 1181 1182
f 1143 1182 1144
f 1144 1182 1178
f 1146 1180 1147
f 1147 1180 1183
f 1147 1183 1184
f 1147 1184 1185
f 1147 1185 1148
f 1148 1185 1186
f 1148 1186 1149
f 1149 1186 1151
f 1149 1151 1150
f 1151 1186 1187
f 1151 1187 1188
f 1151 1188 1152
f 1152 1188 1189
f 1152 1189 1155
f 1154 1157 1190
f 1155 1189 1191
f 1155 1191 1192
f 1155 1192 1156
f 1156 1192 1157
f 1157 1193 1194
f 1157 1194 1195
f 1157 1195 1196
f 1157 1196 1190
f 1157 1192 1191
f 1157 1191 1197
f 1157 1197 1193
f 1158 1176 1162
f 1159 1198 1177
f 1159 1177 1160
f 1159 1161 1198
f 1161 1162 1199
f 1161 1199 1200
f 1161 1200 1201
f 1161 1201 1202
f 1161 1202 1198
f 1162 1176 1203
f 1162 1203 1199
f 1164 1167 1165
f 1165 1167 1204
f 1165 1204 1168
f 1166 1205 1167
f 1167 1205 1206
f 1167 1206 1207
f 1167 1207 1204
f 1168 1204 1172
f 1169 1204 1207
f 1169 1172 1204
f 1171 1208 1173
f 1173 1209 1174
f 1173 1208 1210
f 1173 1210 1209
f 1174 1209 1175
f 1175 1209 1211
f 1175 1211 1203
f 1175 1203 1176
f 1177 1198 1202
f 1177 1202 1181
f 1178 1182 1212
f 1178 1212 1179
f 1179 1212 1180
f 1180 1212 1213
f 1180 1213 1214
f 1180 1214 1183
f 1181 1202 1215
f 1181 1215 1216
f 1181 1216 1217
f 1181 1217 1182
f 1182 1217 1212
f 1183 1214 1218
f 1183 1218 1219
f 1183 1219 1220
f 1183 1220 1221
f 1183 1221 1184
f 1184 1221 1185
f 1185 1221 1222
f 1185 1222 1186
f 1186 1222 1187
f 1187 1222 1188
f 1188 1222 1221
f 1188 1221 1223
f 1188 1223 1224
f 1188 1224 1189
f 1189 1224 1193
f 1189 1193 1197
f 1189 1197 1191
f 1193 1224 1225
f 1193 1225 1194
f 1194 1225 1226
f 1194 1226 1227
f 1194 1227 1228
f 1194 1228 1195
f 1199 1203 1229
f 1199 1229 1230
f 1199 1230 1231
f 1199 1231 1232
f 1199 1232 1200
f 1200 1232 1233
f 1200 1233 1201
f 1201 1233 1234
f 1201 1234 1215
f 1201 1215 1202
f 1203 1211 1229
f 1209 1210 1235
f 1209 1235 1236
f 1209 1236 1237
f 1209 1237 1211
f 1211 1237 1238
f 1211 1238 1239
f 1211 1239 1229
f 1212 1217 1240
f 1212 1240 1213
f 1213 1240 1266
f 1213 1266 1241
f 1213 1241 1242
f 1213 1242 1218
f 1213 1218 1214
f 1215 1234 1243
f 1215 1243 1216
f 1216 1243 1244
f 1216 1244 1240
f 1216 1240 1217
f 1218 1242 1241
f 1218 1241 1245
f 1218 1245 1246
f 1218 1246 1247
f 1218 1247 1219
f 1219 1248 1249
f 1219 1249 1220
f 1219 1247 1248
f 1220 1249 1223
f 1220 1223 1221
f 1223 1249 1224
f 1224 1249 1225
f 1225 1249 1248
f 1225 1248 1226
f 1226 1248 1250
f 1226 1250 1251
f 1226 1251 1252
f 1226 1252 1227
f 1227 1252 1253
f 1227 1253 1254
f 1227 1254 1228
f 1228 1254 1255
f 1229 1239 1238
f 1229 1238 1256
f 1229 1256 1257
f 1229 1257 1230
f 1230 1257 1258
f 1230 1258 1259
f 1230 1259 1260
f 1230 1260 1231
f 1231 1260 1259
f 1231 1259 1258
f 1231 1258 1261
f 1231 1261 1262
f 1231 1262 1263
f 1231 1263 1232
f 1232 1263 1264
f 1232 1264 1233
f 1233 1264 1265
f 1233 1265 1234
f 1234 1265 1243
f 1240 1244 1266
f 1241 1266 1245
f 1243 1265 1267
f 1243 1267 1268
f 1243 1268 1244
f 1244 1268 1267
f 1244 1267 1269
f 1244 1269 1270
f 1244 1270 1245
f 1244 1245 1266
f 1245 1270 1287
f 1245 1287 1271
f 1245 1271 1272
f 1245 1272 1246
f 1246 1272 1247
f 1247 1272 1273
f 1247 1273 1250
f 1247 1250 1248
f 1250 1273 1274
f 1250 1274 1251
f 1251 1274 1252
f 1252 1274 1275
f 1252 1275 1276
f 1252 1276 1254
f 1252 1254 1253
f 1254 1276 1277
f 1254 1277 1278
f 1254 1278 1255
f 1257 1279 1258
f 1258 1279 1280
f 1258 1280 1261
f 1261 1280 1281
f 1261 1281 1262
f 1262 1282 1283
f 1262 1283 1263
f 1262 1281 1282
f 1263 1283 1284
f 1263 1284 1264
f 1264 1284 1285
f 1264 1285 1267
f 1264 1267 1265
f 1267 1285 1269
f 1269 1286 1287
f 1269 1287 1270
f 1269 1285 1284
f 1269 1284 1286
f 1271 1287 1288
f 1271 1288 1289
f 1271 1289 1275
f 1271 1275 1272
f 1272 1275 1273
f 1273 1275 1274
f 1275 1289 1290
f 1275 1290 1276
f 1276 1290 1277
f 1277 1288 1291
f 1277 1290 1288
f 1282 1292 1283
f 1283 1292 1293
f 1283 1293 1294
f 1283 1294 1284
f 1284 1294 1286
f 1286 1293 1288
f 1286 1288 1287
f 1286 1294 1293
f 1288 1293 1291
f 1288 1290 1289

o geometry_1
v -0.04448755 -0.02127144 -0.02630613 0.54117647 0.42352941 0.64313725
v -0.04349091 -0.02227064 -0.02628949 0.54117647 0.42352941 0.64313725
v -0.04448755 -0.02227064 -0.02628949 0.54117647 0.42352941 0.64313725
v -0.04548419 -0.02127144 -0.02625065 0.54117647 0.42352941 0.64313725
v -0.04748734 0.00672194 -0.02550718 0.54117647 0.42352941 0.64313725
v -0.02348903 -0.00227718 -0.02609530 0.54117647 0.42352941 0.64313725
v -0.02348903 -0.00327638 -0.02610640 0.54117647 0.42352941 0.64313725
v 0.04649286 -0.01227231 -0.02602317 0.54117647 0.42352941 0.64313725
v 0.04248657 -0.01727147 -0.02600652 0.54117647 0.42352941 0.64313725
v 0.04248657 -0.01827067 -0.02599543 0.54117647 0.42352941 0.64313725
v -0.04448755 -0.02326983 -0.02617297 0.54117647 0.42352941 0.64313725
v 0.04148993 -0.02027225 -0.02596214 0.54117647 0.42352941 0.64313725
v 0.04248657 -0.02127144 -0.02592330 0.54117647 0.42352941 0.64313725
v 0.04049329 -0.02227064 -0.02587337 0.54117647 0.42352941 0.64313725
v 0.03849014 -0.02326983 -0.02580679 0.54117647 0.42352941 0.64313725
v -0.04548419 -0.02227064 -0.02622291 0.54117647 0.42352941 0.64313725
v -0.04649070 -0.02127144 -0.02613414 0.54117647 0.42352941 0.64313725
v -0.04649070 -0.02027225 -0.02612859 0.54117647 0.42352941 0.64313725
v -0.04649070 -0.01926986 -0.02611194 0.54117647 0.42352941 0.64313725
v -0.04823728 0.00672194 -0.02542396 0.54117647 0.42352941 0.64313725
v -0.04815834 0.00779456 -0.02540176 0.54117647 0.42352941 0.64313725
v -0.04752681 0.00779456 -0.02546280 0.54117647 0.42352941 0.64313725
v -0.04748734 0.00772114 -0.02546835 0.54117647 0.42352941 0.64313725
v -0.04649070 0.00779456 -0.02547944 0.54117647 0.42352941 0.64313725
v -0.02249239 0.00472356 -0.02584563 0.54117647 0.42352941 0.64313725
v -0.02149575 0.00472356 -0.02585117 0.54117647 0.42352941 0.64313725
v 0.02349120 0.00472356 -0.02570692 0.54117647 0.42352941 0.64313725
v 0.02349120 0.00372117 -0.02573466 0.54117647 0.42352941 0.64313725
v 0.03549035 0.00772114 -0.02553492 0.54117647 0.42352941 0.64313725
v 0.04349308 0.00779456 -0.02544615 0.54117647 0.42352941 0.64313725
v 0.04442064 0.00779456 -0.02543506 0.54117647 0.42352941 0.64313725
v 0.04448972 0.00772114 -0.02543506 0.54117647 0.42352941 0.64313725
v 0.04548636 0.00779456 -0.02539622 0.54117647 0.42352941 0.64313725
v 0.04607842 0.00779456 -0.02536293 0.54117647 0.42352941 0.64313725
v 0.04657181 0.00779456 -0.02531300 0.54117647 0.42352941 0.64313725
v 0.04748951 -0.01227231 -0.02591776 0.54117647 0.42352941 0.64313725
v 0.04748951 -0.01327151 -0.02590111 0.54117647 0.42352941 0.64313725
v 0.04448972 -0.02127144 -0.02584563 0.54117647 0.42352941 0.64313725
v 0.04349308 -0.02127144 -0.02590111 0.54117647 0.42352941 0.64313725
v 0.04248657 -0.02027225 -0.02595659 0.54117647 0.42352941 0.64313725
v -0.04448755 -0.02408068 -0.02571247 0.54117647 0.42352941 0.64313725
v -0.04548419 -0.02402641 -0.02565144 0.54117647 0.42352941 0.64313725
v -0.04548419 -0.02326983 -0.02607311 0.54117647 0.42352941 0.64313725
v 0.03948678 -0.02399768 -0.02555157 0.54117647 0.42352941 0.64313725
v 0.04349308 -0.02227064 -0.02584563 0.54117647 0.42352941 0.64313725
v 0.04248657 -0.02227064 -0.02585672 0.54117647 0.42352941 0.64313725
v 0.03948678 -0.02326983 -0.02580124 0.54117647 0.42352941 0.64313725
v -0.04649070 -0.02227064 -0.02610085 0.54117647 0.42352941 0.64313725
v -0.04748734 -0.02227064 -0.02597323 0.54117647 0.42352941 0.64313725
v -0.04748734 -0.02127144 -0.02600098 0.54117647 0.42352941 0.64313725
v -0.04748734 -0.02027225 -0.02600098 0.54117647 0.42352941 0.64313725
v -0.04748734 -0.01827067 -0.02597323 0.54117647 0.42352941 0.64313725
v -0.04848397 -0.01427070 -0.02578459 0.54117647 0.42352941 0.64313725
v -0.04900696 0.00227825 -0.02536847 0.54117647 0.42352941 0.64313725
v -0.04874054 0.00672194 -0.02524642 0.54117647 0.42352941 0.64313725
v -0.04865173 0.00779456 -0.02521867 0.54117647 0.42352941 0.64313725
v -0.02157469 0.00779456 -0.02561815 0.54117647 0.42352941 0.64313725
v -0.02149575 0.00772114 -0.02562924 0.54117647 0.42352941 0.64313725
v -0.02149575 0.00672194 -0.02573466 0.54117647 0.42352941 0.64313725
v -0.02149575 0.00572275 -0.02580679 0.54117647 0.42352941 0.64313725
v 0.03549035 0.00779456 -0.02552938 0.54117647 0.42352941 0.64313725
v 0.01848827 0.00772114 -0.02557376 0.54117647 0.42352941 0.64313725
v 0.04743030 0.00779456 -0.02521312 0.54117647 0.42352941 0.64313725
v 0.04848614 0.00779456 -0.02503558 0.54117647 0.42352941 0.64313725
v 0.04848614 -0.01327151 -0.02570692 0.54117647 0.42352941 0.64313725
v 0.04848614 -0.01427070 -0.02569028 0.54117647 0.42352941 0.64313725
v 0.04801249 -0.02281014 -0.02535738 0.54117647 0.42352941 0.64313725
v 0.04548636 -0.02127144 -0.02575685 0.54117647 0.42352941 0.64313725
v 0.04448972 -0.02227064 -0.02580124 0.54117647 0.42352941 0.64313725
v -0.04448755 -0.02446695 -0.02485249 0.54117647 0.42352941 0.64313725
v -0.04548419 -0.02440629 -0.02485249 0.54117647 0.42352941 0.64313725
v -0.04748734 -0.02426264 -0.02485249 0.54117647 0.42352941 0.64313725
v -0.04148776 -0.02412218 -0.02566253 0.54117647 0.42352941 0.64313725
v -0.04148776 -0.02456272 -0.02485249 0.54117647 0.42352941 0.64313725
v -0.04748734 -0.02391468 -0.02550164 0.54117647 0.42352941 0.64313725
v -0.04748734 -0.02326983 -0.02580124 0.54117647 0.42352941 0.64313725
v 0.04148993 -0.02398810 -0.02551273 0.54117647 0.42352941 0.64313725
v 0.04605868 -0.02477341 -0.02436424 0.54117647 0.42352941 0.64313725
v 0.04548636 -0.02477660 -0.02436979 0.54117647 0.42352941 0.64313725
v 0.04148993 -0.02326983 -0.02575130 0.54117647 0.42352941 0.64313725
v 0.04448972 -0.02326983 -0.02565144 0.54117647 0.42352941 0.64313725
v -0.04848397 -0.02227064 -0.02577905 0.54117647 0.42352941 0.64313725
v -0.04848397 -0.02127144 -0.02582898 0.54117647 0.42352941 0.64313725
v -0.04848397 -0.01727147 -0.02580679 0.54117647 0.42352941 0.64313725
v -0.04942141 -0.01627228 -0.02554602 0.54117647 0.42352941 0.64313725
v -0.04928326 0.00779456 -0.02471933 0.54117647 0.42352941 0.64313725
v -0.04991479 -0.01627228 -0.02527971 0.54117647 0.42352941 0.64313725
v -0.04871093 0.00779456 -0.02518538 0.54117647 0.42352941 0.64313725
v -0.04866159 0.00772114 -0.02521867 0.54117647 0.42352941 0.64313725
v -0.02149575 0.00779456 -0.02561815 0.54117647 0.42352941 0.64313725
v 0.01848827 0.00779456 -0.02556821 0.54117647 0.42352941 0.64313725
v 0.04902887 -0.00827554 -0.02539067 0.54117647 0.42352941 0.64313725
v 0.04928543 0.00779456 -0.02467495 0.54117647 0.42352941 0.64313725
v 0.04905847 -0.00927154 -0.02541286 0.54117647 0.42352941 0.64313725
v 0.04916702 -0.01427070 -0.02547944 0.54117647 0.42352941 0.64313725
v 0.04893019 -0.01827067 -0.02533518 0.54117647 0.42352941 0.64313725
v 0.04848614 -0.01527309 -0.02563479 0.54117647 0.42352941 0.64313725
v 0.04912755 -0.01527309 -0.02544060 0.54117647 0.42352941 0.64313725
v 0.04852561 -0.02227064 -0.02519648 0.54117647 0.42352941 0.64313725
v 0.04839734 -0.02319321 -0.02508552 0.54117647 0.42352941 0.64313725
v 0.04748951 -0.02351245 -0.02530190 0.54117647 0.42352941 0.64313725
v 0.04692704 -0.02372314 -0.02534628 0.54117647 0.42352941 0.64313725
v 0.04548636 -0.02326983 -0.02557376 0.54117647 0.42352941 0.64313725
v 0.04548636 -0.02227064 -0.02570137 0.54117647 0.42352941 0.64313725
v -0.04748734 -0.02455952 -0.02385380 0.54117647 0.42352941 0.64313725
v -0.04848397 -0.02450845 -0.02385380 0.54117647 0.42352941 0.64313725
v -0.04848397 -0.02413495 -0.02485249 0.54117647 0.42352941 0.64313725
v -0.04148776 -0.02464891 -0.02385380 0.54117647 0.42352941 0.64313725
v -0.04548419 -0.02470956 -0.02285512 0.54117647 0.42352941 0.64313725
v -0.04748734 -0.02469041 -0.02285512 0.54117647 0.42352941 0.64313725
v 0.04490416 -0.02477660 -0.02436424 0.54117647 0.42352941 0.64313725
v -0.04848397 -0.02382210 -0.02540731 0.54117647 0.42352941 0.64313725
v -0.04898723 -0.02377102 -0.02535183 0.54117647 0.42352941 0.64313725
v -0.04848397 -0.02326983 -0.02559595 0.54117647 0.42352941 0.64313725
v 0.04448972 -0.02392425 -0.02545170 0.54117647 0.42352941 0.64313725
v 0.04548636 -0.02439672 -0.02486913 0.54117647 0.42352941 0.64313725
v 0.04748951 -0.02425306 -0.02480255 0.54117647 0.42352941 0.64313725
v 0.04748951 -0.02475426 -0.02409238 0.54117647 0.42352941 0.64313725
v 0.04806183 -0.02477660 -0.02358194 0.54117647 0.42352941 0.64313725
v 0.04748951 -0.02477980 -0.02359304 0.54117647 0.42352941 0.64313725
v 0.04548636 -0.02478618 -0.02385380 0.54117647 0.42352941 0.64313725
v 0.04626591 -0.02382848 -0.02537957 0.54117647 0.42352941 0.64313725
v 0.04548636 -0.02389552 -0.02542396 0.54117647 0.42352941 0.64313725
v -0.04909577 -0.02326983 -0.02540731 0.54117647 0.42352941 0.64313725
v -0.04926353 -0.02227064 -0.02550164 0.54117647 0.42352941 0.64313725
v -0.04930300 -0.02127144 -0.02554602 0.54117647 0.42352941 0.64313725
v -0.04943128 -0.01727147 -0.02554047 0.54117647 0.42352941 0.64313725
v -0.04993453 -0.01727147 -0.02528525 0.54117647 0.42352941 0.64313725
v -0.04990493 0.00072359 -0.02407019 0.54117647 0.42352941 0.64313725
v -0.04970757 0.00779456 -0.02385380 0.54117647 0.42352941 0.64313725
v -0.05016149 -0.01627228 -0.02478036 0.54117647 0.42352941 0.64313725
v 0.04934464 0.00779456 -0.02464720 0.54117647 0.42352941 0.64313725
v 0.04966040 -0.01427070 -0.02485249 0.54117647 0.42352941 0.64313725
v 0.04962093 -0.01527309 -0.02485249 0.54117647 0.42352941 0.64313725
v 0.04937424 -0.02127144 -0.02472488 0.54117647 0.42352941 0.64313725
v 0.04932490 -0.02227064 -0.02469714 0.54117647 0.42352941 0.64313725
v 0.04918675 -0.02326983 -0.02456398 0.54117647 0.42352941 0.64313725
v 0.04905847 -0.02387956 -0.02441418 0.54117647 0.42352941 0.64313725
v 0.04848614 -0.02409983 -0.02460282 0.54117647 0.42352941 0.64313725
v -0.04848397 -0.02466806 -0.02285512 0.54117647 0.42352941 0.64313725
v -0.04949048 -0.02428179 -0.02285512 0.54117647 0.42352941 0.64313725
v -0.04950035 -0.02404875 -0.02376503 0.54117647 0.42352941 0.64313725
v -0.04912538 -0.02390510 -0.02485249 0.54117647 0.42352941 0.64313725
v -0.04548419 -0.02479256 -0.02166224 0.54117647 0.42352941 0.64313725
v -0.04548419 -0.02475745 -0.02216713 0.54117647 0.42352941 0.64313725
v -0.04802019 -0.02477660 -0.02154018 0.54117647 0.42352941 0.64313725
v -0.04548419 -0.02481491 -0.02085220 0.54117647 0.42352941 0.64313725
v -0.04983585 -0.02357629 -0.02403690 0.54117647 0.42352941 0.64313725
v -0.05006281 -0.02290910 -0.02450850 0.54117647 0.42352941 0.64313725
v -0.04975691 -0.02227064 -0.02511326 0.54117647 0.42352941 0.64313725
v 0.04842694 -0.02461060 -0.02388710 0.54117647 0.42352941 0.64313725
v 0.04861442 -0.02472552 -0.02285512 0.54117647 0.42352941 0.64313725
v 0.04862429 -0.02473829 -0.02185088 0.54117647 0.42352941 0.64313725
v 0.04811117 -0.02477660 -0.02285512 0.54117647 0.42352941 0.64313725
v 0.04748951 -0.02478618 -0.02285512 0.54117647 0.42352941 0.64313725
v 0.04049329 -0.02478937 -0.02285512 0.54117647 0.42352941 0.64313725
v -0.04548419 -0.02481810 -0.01985351 0.54117647 0.42352941 0.64313725
v -0.04448755 -0.02481491 -0.02085220 0.54117647 0.42352941 0.64313725
v -0.05011214 -0.02227064 -0.02461391 0.54117647 0.42352941 0.64313725
v -0.05015162 -0.01727147 -0.02478591 0.54117647 0.42352941 0.64313725
v -0.04974704 0.00672194 -0.02385380 0.54117647 0.42352941 0.64313725
v -0.05004307 0.00072359 -0.02357084 0.54117647 0.42352941 0.64313725
v -0.04972731 0.00779456 -0.02378168 0.54117647 0.42352941 0.64313725
v -0.05038845 -0.01627228 -0.02385380 0.54117647 0.42352941 0.64313725
v 0.04982815 0.00779456 -0.02384271 0.54117647 0.42352941 0.64313725
v 0.04987749 0.00779456 -0.02375948 0.54117647 0.42352941 0.64313725
v 0.04997617 -0.01427070 -0.02430321 0.54117647 0.42352941 0.64313725
v 0.04997617 -0.01527309 -0.02428102 0.54117647 0.42352941 0.64313725
v 0.04994657 -0.01827067 -0.02418115 0.54117647 0.42352941 0.64313725
v 0.04992683 -0.01926986 -0.02413676 0.54117647 0.42352941 0.64313725
v 0.04989723 -0.02027225 -0.02407019 0.54117647 0.42352941 0.64313725
v 0.04976895 -0.02227064 -0.02385380 0.54117647 0.42352941 0.64313725
v 0.04952225 -0.02326983 -0.02385380 0.54117647 0.42352941 0.64313725
v 0.04916702 -0.02407429 -0.02385380 0.54117647 0.42352941 0.64313725
v -0.04894776 -0.02476702 -0.01985351 0.54117647 0.42352941 0.64313725
v -0.05005294 -0.02387956 -0.02185088 0.54117647 0.42352941 0.64313725
v -0.05003320 -0.02385083 -0.02285512 0.54117647 0.42352941 0.64313725
v -0.04999374 -0.02378060 -0.02337110 0.54117647 0.42352941 0.64313725
v -0.04901683 -0.02478618 -0.01865509 0.54117647 0.42352941 0.64313725
v -0.04824715 -0.02478298 -0.02085220 0.54117647 0.42352941 0.64313725
v -0.04748734 -0.02481491 -0.01885483 0.54117647 0.42352941 0.64313725
v -0.05013188 -0.02325387 -0.02376503 0.54117647 0.42352941 0.64313725
v -0.05032924 -0.02227064 -0.02385380 0.54117647 0.42352941 0.64313725
v 0.04924596 -0.02422433 -0.02285512 0.54117647 0.42352941 0.64313725
v 0.04857495 -0.02469041 -0.02085220 0.54117647 0.42352941 0.64313725
v 0.04799276 -0.02477022 -0.01735125 0.54117647 0.42352941 0.64313725
v 0.04813091 -0.02477660 -0.02185088 0.54117647 0.42352941 0.64313725
v 0.04924596 -0.02423710 -0.02185088 0.54117647 0.42352941 0.64313725
v 0.04922623 -0.02419241 -0.02085220 0.54117647 0.42352941 0.64313725
v 0.04801249 -0.02477660 -0.01985351 0.54117647 0.42352941 0.64313725
v 0.04748951 -0.02478298 -0.02085220 0.54117647 0.42352941 0.64313725
v 0.04548636 -0.02478618 -0.02185088 0.54117647 0.42352941 0.64313725
v 0.03048742 -0.02479256 -0.02185088 0.54117647 0.42352941 0.64313725
v -0.02048924 -0.02479576 -0.01385585 0.54117647 0.42352941 0.64313725
v -0.04248440 -0.02480852 -0.01585322 0.54117647 0.42352941 0.64313725
v -0.04349091 -0.02478937 -0.00685395 0.54117647 0.42352941 0.64313725
v -0.04649070 -0.02480533 -0.01385585 0.54117647 0.42352941 0.64313725
v -0.04748734 -0.02481171 -0.01685191 0.54117647 0.42352941 0.64313725
v -0.05003320 0.00779456 -0.02253887 0.54117647 0.42352941 0.64313725
v -0.04991479 0.00772114 -0.02304931 0.54117647 0.42352941 0.64313725
v -0.04991479 0.00779456 -0.02303266 0.54117647 0.42352941 0.64313725
v -0.05046739 -0.01827067 -0.02285512 0.54117647 0.42352941 0.64313725
v -0.05046739 -0.01727147 -0.02285512 0.54117647 0.42352941 0.64313725
v -0.05013188 0.00672194 -0.02185088 0.54117647 0.42352941 0.64313725
v -0.05011214 0.00772114 -0.02185088 0.54117647 0.42352941 0.64313725
v 0.04990709 0.00779456 -0.02363742 0.54117647 0.42352941 0.64313725
v 0.04998604 0.00734445 -0.02327679 0.54117647 0.42352941 0.64313725
v 0.05021299 -0.01227231 -0.02285512 0.54117647 0.42352941 0.64313725
v 0.05006498 -0.01727147 -0.02369291 0.54117647 0.42352941 0.64313725
v 0.05005511 -0.01926986 -0.02363742 0.54117647 0.42352941 0.64313725
v 0.05004524 -0.02027225 -0.02357084 0.54117647 0.42352941 0.64313725
v 0.04988736 -0.02130336 -0.02382051 0.54117647 0.42352941 0.64313725
v 0.04966040 -0.02326983 -0.02285512 0.54117647 0.42352941 0.64313725
v 0.05001565 -0.02099371 -0.02347098 0.54117647 0.42352941 0.64313725
v 0.04997617 -0.02165771 -0.02318801 0.54117647 0.42352941 0.64313725
v 0.04990709 -0.02222275 -0.02285512 0.54117647 0.42352941 0.64313725
v -0.05002334 -0.02382848 -0.02085220 0.54117647 0.42352941 0.64313725
v -0.05019109 -0.02326983 -0.02185088 0.54117647 0.42352941 0.64313725
v -0.05023056 -0.02326983 -0.02285512 0.54117647 0.42352941 0.64313725
v -0.04901683 -0.02478618 -0.01816684 0.54117647 0.42352941 0.64313725
v -0.04857278 -0.02479895 -0.01893250 0.54117647 0.42352941 0.64313725
v -0.05037858 -0.02227064 -0.02285512 0.54117647 0.42352941 0.64313725
v -0.05044765 -0.01926986 -0.02285512 0.54117647 0.42352941 0.64313725
v 0.04917689 -0.02402641 -0.01885483 0.54117647 0.42352941 0.64313725
v 0.04739083 -0.02477341 -0.01695178 0.54117647 0.42352941 0.64313725
v 0.04912755 -0.02394341 -0.01785059 0.54117647 0.42352941 0.64313725
v 0.04700599 -0.02379018 -0.00827431 0.54117647 0.42352941 0.64313725
v 0.04628564 -0.02398491 -0.00685395 0.54117647 0.42352941 0.64313725
v 0.04548636 -0.02443822 -0.00685395 0.54117647 0.42352941 0.64313725
v 0.04448972 -0.02464891 -0.00585527 0.54117647 0.42352941 0.64313725
v 0.04448972 -0.02471595 -0.00685395 0.54117647 0.42352941 0.64313725
v 0.04448972 -0.02474787 -0.00785264 0.54117647 0.42352941 0.64313725
v 0.04448972 -0.02475745 -0.00885687 0.54117647 0.42352941 0.64313725
v 0.04966040 -0.02326983 -0.02185088 0.54117647 0.42352941 0.64313725
v 0.04964067 -0.02326983 -0.02085220 0.54117647 0.42352941 0.64313725
v 0.04958146 -0.02326983 -0.01985351 0.54117647 0.42352941 0.64313725
v 0.04920649 -0.02410302 -0.01985351 0.54117647 0.42352941 0.64313725
v 0.04548636 -0.02476702 -0.01285162 0.54117647 0.42352941 0.64313725
v 0.04448972 -0.02477022 -0.01385585 0.54117647 0.42352941 0.64313725
v -0.02648882 -0.02473829 0.01413509 0.54117647 0.42352941 0.64313725
v 0.00049940 -0.02471914 0.01813538 0.54117647 0.42352941 0.64313725
v -0.04049112 -0.02477980 -0.00285366 0.54117647 0.42352941 0.64313725
v -0.04748734 -0.02480533 -0.01385585 0.54117647 0.42352941 0.64313725
v -0.03848797 -0.02476383 0.00413713 0.54117647 0.42352941 0.64313725
v -0.05011214 0.00779456 -0.02178431 0.54117647 0.42352941 0.64313725
v -0.05050686 -0.01827067 -0.02185088 0.54117647 0.42352941 0.64313725
v -0.05015162 0.00772114 -0.02085220 0.54117647 0.42352941 0.64313725
v 0.05000578 0.00779456 -0.02304931 0.54117647 0.42352941 0.64313725
v 0.05030180 -0.01227231 -0.02185088 0.54117647 0.42352941 0.64313725
v 0.05018340 -0.01827067 -0.02285512 0.54117647 0.42352941 0.64313725
v 0.05017353 -0.01926986 -0.02285512 0.54117647 0.42352941 0.64313725
v 0.05013405 -0.02027225 -0.02285512 0.54117647 0.42352941 0.64313725
v 0.05000578 -0.02185563 -0.02252222 0.54117647 0.42352941 0.64313725
v 0.04990709 -0.02236640 -0.02185088 0.54117647 0.42352941 0.64313725
v 0.05004524 -0.02130336 -0.02285512 0.54117647 0.42352941 0.64313725
v -0.05000361 -0.02379337 -0.02019750 0.54117647 0.42352941 0.64313725
v -0.05013188 -0.02326983 -0.02085220 0.54117647 0.42352941 0.64313725
v -0.04808927 -0.02478618 -0.01385585 0.54117647 0.42352941 0.64313725
v -0.04803993 -0.02478298 -0.01316787 0.54117647 0.42352941 0.64313725
v -0.04869120 -0.02470318 -0.01485454 0.54117647 0.42352941 0.64313725
v -0.04923392 -0.02420518 -0.01485454 0.54117647 0.42352941 0.64313725
v -0.04929313 -0.02423072 -0.01585322 0.54117647 0.42352941 0.64313725
v -0.05028977 -0.02127144 -0.01985351 0.54117647 0.42352941 0.64313725
v -0.05037858 -0.02027225 -0.01985351 0.54117647 0.42352941 0.64313725
v -0.05048712 -0.01926986 -0.02085220 0.54117647 0.42352941 0.64313725
v -0.05048712 -0.01926986 -0.02185088 0.54117647 0.42352941 0.64313725
v -0.05019109 -0.02227064 -0.01985351 0.54117647 0.42352941 0.64313725
v -0.05023056 -0.02127144 -0.01885483 0.54117647 0.42352941 0.64313725
v 0.04950252 -0.02326983 -0.01885483 0.54117647 0.42352941 0.64313725
v 0.04548636 -0.02476383 -0.01185293 0.54117647 0.42352941 0.64313725
v 0.04938411 -0.02326983 -0.01785059 0.54117647 0.42352941 0.64313725
v 0.04904860 -0.02385402 -0.01715151 0.54117647 0.42352941 0.64313725
v 0.04699612 -0.02277821 -0.00634352 0.54117647 0.42352941 0.64313725
v 0.04690731 -0.02363695 -0.00760852 0.54117647 0.42352941 0.64313725
v 0.04589093 -0.02367206 -0.00461801 0.54117647 0.42352941 0.64313725
v 0.04600934 -0.02379018 -0.00528380 0.54117647 0.42352941 0.64313725
v 0.04610802 -0.02386998 -0.00585527 0.54117647 0.42352941 0.64313725
v 0.04552583 -0.02402641 -0.00491207 0.54117647 0.42352941 0.64313725
v 0.04548636 -0.02425945 -0.00585527 0.54117647 0.42352941 0.64313725
v 0.04448972 -0.02452760 -0.00485658 0.54117647 0.42352941 0.64313725
v 0.04349308 -0.02454037 -0.00285366 0.54117647 0.42352941 0.64313725
v 0.04349308 -0.02465210 -0.00385790 0.54117647 0.42352941 0.64313725
v 0.04349308 -0.02471275 -0.00485658 0.54117647 0.42352941 0.64313725
v 0.04248657 -0.02474787 -0.00385790 0.54117647 0.42352941 0.64313725
v 0.04349308 -0.02474787 -0.00585527 0.54117647 0.42352941 0.64313725
v 0.04349308 -0.02475426 -0.00685395 0.54117647 0.42352941 0.64313725
v 0.04990709 -0.02219721 -0.02079117 0.54117647 0.42352941 0.64313725
v 0.04983802 -0.02227064 -0.01985351 0.54117647 0.42352941 0.64313725
v 0.04248657 -0.02475106 -0.00485658 0.54117647 0.42352941 0.64313725
v 0.03749350 -0.02473829 0.00213976 0.54117647 0.42352941 0.64313725
v 0.01848827 -0.02470956 0.01913406 0.54117647 0.42352941 0.64313725
v 0.01349520 -0.02470956 0.02013830 0.54117647 0.42352941 0.64313725
v -0.00249052 -0.02470956 0.02313435 0.54117647 0.42352941 0.64313725
v -0.00549030 -0.02470637 0.02513727 0.54117647 0.42352941 0.64313725
v -0.01448967 -0.02471595 0.02213567 0.54117647 0.42352941 0.64313725
v -0.02849197 -0.02473829 0.01413509 0.54117647 0.42352941 0.64313725
v -0.04099437 -0.02477022 0.00064728 0.54117647 0.42352941 0.64313725
v -0.03548818 -0.02474149 0.00813743 0.54117647 0.42352941 0.64313725
v -0.03649469 -0.02474149 0.00713874 0.54117647 0.42352941 0.64313725
v -0.03948461 -0.02476383 0.00313845 0.54117647 0.42352941 0.64313725
v -0.05014175 0.00779456 -0.02085220 0.54117647 0.42352941 0.64313725
v -0.05049699 -0.01827067 -0.02085220 0.54117647 0.42352941 0.64313725
v -0.05014175 0.00772114 -0.01985351 0.54117647 0.42352941 0.64313725
v -0.05014175 0.00779456 -0.02078007 0.54117647 0.42352941 0.64313725
v 0.05002550 0.00779456 -0.02192856 0.54117647 0.42352941 0.64313725
v 0.05029194 -0.01227231 -0.02085220 0.54117647 0.42352941 0.64313725
v 0.05026234 -0.01827067 -0.02085220 0.54117647 0.42352941 0.64313725
v 0.05024260 -0.01827067 -0.02185088 0.54117647 0.42352941 0.64313725
v 0.05007485 0.00672194 -0.01985351 0.54117647 0.42352941 0.64313725
v 0.05023273 -0.01926986 -0.02185088 0.54117647 0.42352941 0.64313725
v 0.05018340 -0.02027225 -0.02185088 0.54117647 0.42352941 0.64313725
v 0.05000578 -0.02186521 -0.02185088 0.54117647 0.42352941 0.64313725
v 0.05008472 -0.02127144 -0.02185088 0.54117647 0.42352941 0.64313725
v 0.04999591 -0.02181413 -0.02108522 0.54117647 0.42352941 0.64313725
v 0.04998604 -0.02175987 -0.02041943 0.54117647 0.42352941 0.64313725
v -0.04997400 -0.02368164 -0.01953171 0.54117647 0.42352941 0.64313725
v -0.05003320 -0.02300168 -0.01885483 0.54117647 0.42352941 0.64313725
v -0.04763535 -0.02475106 -0.01185293 0.54117647 0.42352941 0.64313725
v -0.04829649 -0.02417006 -0.01085425 0.54117647 0.42352941 0.64313725
v -0.04858265 -0.02460102 -0.01385585 0.54117647 0.42352941 0.64313725
v -0.04915498 -0.02409983 -0.01385585 0.54117647 0.42352941 0.64313725
v -0.05042792 -0.01926986 -0.01985351 0.54117647 0.42352941 0.64313725
v -0.05029963 -0.02027225 -0.01885483 0.54117647 0.42352941 0.64313725
v -0.05012201 -0.02227064 -0.01885483 0.54117647 0.42352941 0.64313725
v -0.05004307 -0.02228660 -0.01784504 0.54117647 0.42352941 0.64313725
v -0.05001347 -0.02196417 -0.01712377 0.54117647 0.42352941 0.64313725
v -0.05014175 -0.02127144 -0.01785059 0.54117647 0.42352941 0.64313725
v 0.04972948 -0.02227064 -0.01885483 0.54117647 0.42352941 0.64313725
v 0.04961107 -0.02227064 -0.01785059 0.54117647 0.42352941 0.64313725
v 0.04948278 -0.02227064 -0.01685191 0.54117647 0.42352941 0.64313725
v 0.04917689 -0.02331452 -0.01682971 0.54117647 0.42352941 0.64313725
v 0.04751911 -0.02227064 -0.00785264 0.54117647 0.42352941 0.64313725
v 0.04727241 -0.02227064 -0.00685395 0.54117647 0.42352941 0.64313725
v 0.04691718 -0.02244302 -0.00567772 0.54117647 0.42352941 0.64313725
v 0.04613763 -0.02300487 -0.00402435 0.54117647 0.42352941 0.64313725
v 0.04624617 -0.02331133 -0.00491207 0.54117647 0.42352941 0.64313725
v 0.04577252 -0.02331133 -0.00375803 0.54117647 0.42352941 0.64313725
v 0.04305890 -0.02382848 0.00078599 0.54117647 0.42352941 0.64313725
v 0.04506204 -0.02383168 -0.00323649 0.54117647 0.42352941 0.64313725
v 0.04521006 -0.02394021 -0.00385790 0.54117647 0.42352941 0.64313725
v 0.04448972 -0.02433606 -0.00385790 0.54117647 0.42352941 0.64313725
v 0.04349308 -0.02432648 -0.00185498 0.54117647 0.42352941 0.64313725
v 0.04248657 -0.02431052 0.00014239 0.54117647 0.42352941 0.64313725
v 0.04248657 -0.02449887 -0.00085629 0.54117647 0.42352941 0.64313725
v 0.04148993 -0.02457549 0.00014239 0.54117647 0.42352941 0.64313725
v 0.04248657 -0.02469679 -0.00285366 0.54117647 0.42352941 0.64313725
v 0.03849014 -0.02472233 0.00213976 0.54117647 0.42352941 0.64313725
v 0.03849014 -0.02473829 0.00114663 0.54117647 0.42352941 0.64313725
v 0.04996630 -0.02165771 -0.01985351 0.54117647 0.42352941 0.64313725
v 0.05002550 -0.02093306 -0.01885483 0.54117647 0.42352941 0.64313725
v 0.04991696 -0.02143425 -0.01885483 0.54117647 0.42352941 0.64313725
v 0.01949477 -0.02470637 0.02013830 0.54117647 0.42352941 0.64313725
v 0.01248869 -0.02470318 0.02313435 0.54117647 0.42352941 0.64313725
v 0.00749562 -0.02470318 0.02413304 0.54117647 0.42352941 0.64313725
v -0.00949660 -0.02470637 0.02513727 0.54117647 0.42352941 0.64313725
v 0.00849226 -0.02469999 0.02513727 0.54117647 0.42352941 0.64313725
v 0.00049940 -0.02469999 0.02613596 0.54117647 0.42352941 0.64313725
v -0.01349303 -0.02471275 0.02313435 0.54117647 0.42352941 0.64313725
v -0.02749533 -0.02473510 0.01513377 0.54117647 0.42352941 0.64313725
v -0.03948461 -0.02469041 0.00413713 0.54117647 0.42352941 0.64313725
v -0.04049112 -0.02471914 0.00213976 0.54117647 0.42352941 0.64313725
v -0.03449154 -0.02468083 0.01013480 0.54117647 0.42352941 0.64313725
v -0.02849197 -0.02471275 0.01513377 0.54117647 0.42352941 0.64313725
v -0.03749133 -0.02473510 0.00614005 0.54117647 0.42352941 0.64313725
v -0.03848797 -0.02472872 0.00513582 0.54117647 0.42352941 0.64313725
v -0.05043778 -0.01827067 -0.01985351 0.54117647 0.42352941 0.64313725
v -0.05042792 -0.01727147 -0.01985351 0.54117647 0.42352941 0.64313725
v -0.05011214 0.00672194 -0.01885483 0.54117647 0.42352941 0.64313725
v -0.05009242 0.00772114 -0.01885483 0.54117647 0.42352941 0.64313725
v -0.05013188 0.00779456 -0.01978139 0.54117647 0.42352941 0.64313725
v 0.05004524 0.00779456 -0.01992564 0.54117647 0.42352941 0.64313725
v 0.05027220 -0.01227231 -0.01985351 0.54117647 0.42352941 0.64313725
v 0.05006498 0.00672194 -0.01885483 0.54117647 0.42352941 0.64313725
v 0.05024260 -0.01926986 -0.02085220 0.54117647 0.42352941 0.64313725
v 0.05023273 -0.01827067 -0.01985351 0.54117647 0.42352941 0.64313725
v 0.05004524 0.00779456 -0.01985351 0.54117647 0.42352941 0.64313725
v 0.05018340 -0.02027225 -0.02085220 0.54117647 0.42352941 0.64313725
v 0.05005511 -0.02136402 -0.02079117 0.54117647 0.42352941 0.64313725
v 0.05005511 -0.02115652 -0.01985351 0.54117647 0.42352941 0.64313725
v -0.04968784 -0.02326983 -0.01585322 0.54117647 0.42352941 0.64313725
v -0.05000361 -0.02283567 -0.01817794 0.54117647 0.42352941 0.64313725
v -0.04548419 -0.02445737 -0.00585527 0.54117647 0.42352941 0.64313725
v -0.04049112 -0.02459145 0.00313845 0.54117647 0.42352941 0.64313725
v -0.04809913 -0.02394660 -0.00985556 0.54117647 0.42352941 0.64313725
v -0.04899710 -0.02379975 -0.01230234 0.54117647 0.42352941 0.64313725
v -0.04905630 -0.02392745 -0.01285162 0.54117647 0.42352941 0.64313725
v -0.04628347 -0.02401683 -0.00585527 0.54117647 0.42352941 0.64313725
v -0.04706302 -0.02385721 -0.00715356 0.54117647 0.42352941 0.64313725
v -0.04956943 -0.02326983 -0.01485454 0.54117647 0.42352941 0.64313725
v -0.05021082 -0.02027225 -0.01785059 0.54117647 0.42352941 0.64313725
v -0.05033911 -0.01926986 -0.01885483 0.54117647 0.42352941 0.64313725
v -0.05035884 -0.01827067 -0.01885483 0.54117647 0.42352941 0.64313725
v -0.04997400 -0.02263137 -0.01750660 0.54117647 0.42352941 0.64313725
v -0.04994440 -0.02228660 -0.01681862 0.54117647 0.42352941 0.64313725
v -0.04984572 -0.02227064 -0.01585322 0.54117647 0.42352941 0.64313725
v -0.04997400 -0.02165133 -0.01645798 0.54117647 0.42352941 0.64313725
v -0.05004307 -0.02130017 -0.01681862 0.54117647 0.42352941 0.64313725
v 0.04970974 -0.02127144 -0.01685191 0.54117647 0.42352941 0.64313725
v 0.04999591 -0.02079259 -0.01830555 0.54117647 0.42352941 0.64313725
v 0.04952225 -0.02127144 -0.01585322 0.54117647 0.42352941 0.64313725
v 0.04928543 -0.02227064 -0.01585322 0.54117647 0.42352941 0.64313725
v 0.04800263 -0.02180775 -0.00929519 0.54117647 0.42352941 0.64313725
v 0.04705533 -0.02217487 -0.00594959 0.54117647 0.42352941 0.64313725
v 0.04750924 -0.02127144 -0.00685395 0.54117647 0.42352941 0.64313725
v 0.04698625 -0.02177583 -0.00535038 0.54117647 0.42352941 0.64313725
v 0.04677903 -0.02217487 -0.00495090 0.54117647 0.42352941 0.64313725
v 0.04628564 -0.02236960 -0.00375803 0.54117647 0.42352941 0.64313725
v 0.04598961 -0.02276864 -0.00335856 0.54117647 0.42352941 0.64313725
v 0.04500284 -0.02279098 -0.00132235 0.54117647 0.42352941 0.64313725
v 0.04285167 -0.02363056 0.00145178 0.54117647 0.42352941 0.64313725
v 0.04218067 -0.02388275 0.00184571 0.54117647 0.42352941 0.64313725
v 0.04250630 -0.02400087 0.00112998 0.54117647 0.42352941 0.64313725
v 0.04320691 -0.02394660 0.00014239 0.54117647 0.42352941 0.64313725
v 0.04451932 -0.02405833 -0.00288141 0.54117647 0.42352941 0.64313725
v 0.04148993 -0.02438395 0.00114663 0.54117647 0.42352941 0.64313725
v 0.04049329 -0.02441587 0.00213976 0.54117647 0.42352941 0.64313725
v 0.03948678 -0.02463295 0.00213976 0.54117647 0.42352941 0.64313725
v 0.04148993 -0.02465529 -0.00085629 0.54117647 0.42352941 0.64313725
v 0.03948678 -0.02469999 0.00114663 0.54117647 0.42352941 0.64313725
v 0.02448784 -0.02455952 0.01713669 0.54117647 0.42352941 0.64313725
v 0.02049141 -0.02463295 0.02013830 0.54117647 0.42352941 0.64313725
v 0.05015379 -0.02027225 -0.01985351 0.54117647 0.42352941 0.64313725
v 0.05008472 -0.02027225 -0.01885483 0.54117647 0.42352941 0.64313725
v 0.01848827 -0.02469679 0.02113698 0.54117647 0.42352941 0.64313725
v -0.01049324 -0.02469679 0.02513727 0.54117647 0.42352941 0.64313725
v -0.01249639 -0.02470637 0.02413304 0.54117647 0.42352941 0.64313725
v -0.01448967 -0.02470956 0.02313435 0.54117647 0.42352941 0.64313725
v -0.00149388 -0.02469999 0.02613596 0.54117647 0.42352941 0.64313725
v -0.00749345 -0.02468083 0.02613596 0.54117647 0.42352941 0.64313725
v 0.00948890 -0.02468722 0.02513727 0.54117647 0.42352941 0.64313725
v 0.00549247 -0.02467445 0.02613596 0.54117647 0.42352941 0.64313725
v 0.00249268 -0.02469360 0.02613596 0.54117647 0.42352941 0.64313725
v -0.00049724 -0.02423391 0.02710136 0.54117647 0.42352941 0.64313725
v -0.01949260 -0.02471914 0.02013830 0.54117647 0.42352941 0.64313725
v -0.03749133 -0.02463295 0.00713874 0.54117647 0.42352941 0.64313725
v -0.03848797 -0.02457549 0.00614005 0.54117647 0.42352941 0.64313725
v -0.02948861 -0.02463295 0.01513377 0.54117647 0.42352941 0.64313725
v -0.03449154 -0.02446695 0.01113903 0.54117647 0.42352941 0.64313725
v -0.03548818 -0.02446375 0.01013480 0.54117647 0.42352941 0.64313725
v -0.03548818 -0.02467125 0.00913611 0.54117647 0.42352941 0.64313725
v -0.02048924 -0.02469679 0.02013830 0.54117647 0.42352941 0.64313725
v -0.02749533 -0.02468402 0.01613801 0.54117647 0.42352941 0.64313725
v -0.02849197 -0.02460741 0.01613801 0.54117647 0.42352941 0.64313725
v -0.03649469 -0.02465849 0.00813743 0.54117647 0.42352941 0.64313725
v -0.05035884 -0.01727147 -0.01885483 0.54117647 0.42352941 0.64313725
v -0.05005294 0.00572275 -0.01785059 0.54117647 0.42352941 0.64313725
v -0.05003320 0.00672833 -0.01777847 0.54117647 0.42352941 0.64313725
v -0.05002334 0.00779456 -0.01795601 0.54117647 0.42352941 0.64313725
v -0.05008255 0.00779456 -0.01879934 0.54117647 0.42352941 0.64313725
v 0.05021299 -0.01227231 -0.01885483 0.54117647 0.42352941 0.64313725
v 0.05001565 0.00672194 -0.01798930 0.54117647 0.42352941 0.64313725
v 0.05002550 0.00779456 -0.01885483 0.54117647 0.42352941 0.64313725
v 0.04997617 0.00779456 -0.01766195 0.54117647 0.42352941 0.64313725
v 0.05021299 -0.01926986 -0.01985351 0.54117647 0.42352941 0.64313725
v 0.05017353 -0.01827067 -0.01885483 0.54117647 0.42352941 0.64313725
v -0.03948461 -0.02446375 0.00513582 0.54117647 0.42352941 0.64313725
v -0.04056019 -0.02419879 0.00418707 0.54117647 0.42352941 0.64313725
v -0.04134961 -0.02409664 0.00313845 0.54117647 0.42352941 0.64313725
v -0.04800046 -0.02378379 -0.00933402 0.54117647 0.42352941 0.64313725
v -0.04891815 -0.02344860 -0.01163655 0.54117647 0.42352941 0.64313725
v -0.04904643 -0.02317725 -0.01192506 0.54117647 0.42352941 0.64313725
v -0.04921419 -0.02326983 -0.01285162 0.54117647 0.42352941 0.64313725
v -0.04941154 -0.02326983 -0.01385585 0.54117647 0.42352941 0.64313725
v -0.04610586 -0.02388275 -0.00516174 0.54117647 0.42352941 0.64313725
v -0.04692488 -0.02365929 -0.00648777 0.54117647 0.42352941 0.64313725
v -0.04970757 -0.02227064 -0.01485454 0.54117647 0.42352941 0.64313725
v -0.05024043 -0.01926986 -0.01785059 0.54117647 0.42352941 0.64313725
v -0.05000361 -0.02098413 -0.01623605 0.54117647 0.42352941 0.64313725
v -0.05010229 -0.02027225 -0.01685191 0.54117647 0.42352941 0.64313725
v -0.05026017 -0.01827067 -0.01785059 0.54117647 0.42352941 0.64313725
v -0.04993453 -0.02130017 -0.01588096 0.54117647 0.42352941 0.64313725
v 0.04985776 -0.02027225 -0.01685191 0.54117647 0.42352941 0.64313725
v 0.04970974 -0.02027225 -0.01585322 0.54117647 0.42352941 0.64313725
v 0.04996630 -0.02027225 -0.01759537 0.54117647 0.42352941 0.64313725
v 0.05001565 -0.02027225 -0.01809472 0.54117647 0.42352941 0.64313725
v 0.04952225 -0.02027225 -0.01485454 0.54117647 0.42352941 0.64313725
v 0.04805196 -0.02127144 -0.00911209 0.54117647 0.42352941 0.64313725
v 0.04775593 -0.02127144 -0.00785264 0.54117647 0.42352941 0.64313725
v 0.04757831 -0.02027225 -0.00685395 0.54117647 0.42352941 0.64313725
v 0.04732175 -0.02027225 -0.00585527 0.54117647 0.42352941 0.64313725
v 0.04709480 -0.02027225 -0.00502858 0.54117647 0.42352941 0.64313725
v 0.04723294 -0.02127144 -0.00585527 0.54117647 0.42352941 0.64313725
v 0.04942358 -0.01926986 -0.01385585 0.54117647 0.42352941 0.64313725
v 0.04703559 -0.02127144 -0.00520612 0.54117647 0.42352941 0.64313725
v 0.04687770 -0.02127144 -0.00470678 0.54117647 0.42352941 0.64313725
v 0.04658168 -0.02127144 -0.00385790 0.54117647 0.42352941 0.64313725
v 0.04609816 -0.02210463 -0.00313108 0.54117647 0.42352941 0.64313725
v 0.04509165 -0.02227064 -0.00116145 0.54117647 0.42352941 0.64313725
v 0.04482522 -0.02227064 -0.00066210 0.54117647 0.42352941 0.64313725
v 0.04396673 -0.02272075 0.00061399 0.54117647 0.42352941 0.64313725
v 0.04328585 -0.02328579 0.00112998 0.54117647 0.42352941 0.64313725
v 0.04310824 -0.02296337 0.00181242 0.54117647 0.42352941 0.64313725
v 0.04098668 -0.02276225 0.00463093 0.54117647 0.42352941 0.64313725
v 0.04003937 -0.02281971 0.00569619 0.54117647 0.42352941 0.64313725
v 0.03900326 -0.02377741 0.00565181 0.54117647 0.42352941 0.64313725
v 0.04150966 -0.02403918 0.00216196 0.54117647 0.42352941 0.64313725
v 0.03948678 -0.02443822 0.00313845 0.54117647 0.42352941 0.64313725
v 0.02549435 -0.02443502 0.01713669 0.54117647 0.42352941 0.64313725
v 0.01949477 -0.02460102 0.02113698 0.54117647 0.42352941 0.64313725
v 0.05004524 -0.01933371 -0.01777292 0.54117647 0.42352941 0.64313725
v 0.05014392 -0.01926986 -0.01885483 0.54117647 0.42352941 0.64313725
v -0.00849009 -0.02466487 0.02613596 0.54117647 0.42352941 0.64313725
v -0.01349303 -0.02466806 0.02413304 0.54117647 0.42352941 0.64313725
v -0.00149388 -0.02423391 0.02708471 0.54117647 0.42352941 0.64313725
v 0.01049541 -0.02453398 0.02513727 0.54117647 0.42352941 0.64313725
v 0.00749562 -0.02457229 0.02613596 0.54117647 0.42352941 0.64313725
v 0.00649898 -0.02465529 0.02613596 0.54117647 0.42352941 0.64313725
v 0.00249268 -0.02422752 0.02703478 0.54117647 0.42352941 0.64313725
v 0.00149604 -0.02423072 0.02706252 0.54117647 0.42352941 0.64313725
v 0.00049940 -0.02423391 0.02707916 0.54117647 0.42352941 0.64313725
v -0.00049724 -0.02326983 0.02755077 0.54117647 0.42352941 0.64313725
v -0.00149388 -0.02326983 0.02753967 0.54117647 0.42352941 0.64313725
v -0.03649469 -0.02441906 0.00913611 0.54117647 0.42352941 0.64313725
v -0.03749133 -0.02434564 0.00813743 0.54117647 0.42352941 0.64313725
v -0.03049511 -0.02439033 0.01513377 0.54117647 0.42352941 0.64313725
v -0.03447181 -0.02403918 0.01212107 0.54117647 0.42352941 0.64313725
v -0.03546845 -0.02405833 0.01110574 0.54117647 0.42352941 0.64313725
v -0.02149575 -0.02462656 0.02013830 0.54117647 0.42352941 0.64313725
v -0.02249239 -0.02448929 0.02013830 0.54117647 0.42352941 0.64313725
v -0.02749533 -0.02449887 0.01713669 0.54117647 0.42352941 0.64313725
v -0.02948861 -0.02436479 0.01613801 0.54117647 0.42352941 0.64313725
v -0.05026017 -0.01727147 -0.01785059 0.54117647 0.42352941 0.64313725
v -0.05000361 0.00572275 -0.01726248 0.54117647 0.42352941 0.64313725
v -0.05006281 0.00472356 -0.01785059 0.54117647 0.42352941 0.64313725
v -0.04999374 0.00640271 -0.01731241 0.54117647 0.42352941 0.64313725
v -0.04998387 0.00706672 -0.01739009 0.54117647 0.42352941 0.64313725
v -0.04997400 0.00779456 -0.01748996 0.54117647 0.42352941 0.64313725
v 0.05009459 -0.01227231 -0.01785059 0.54117647 0.42352941 0.64313725
v 0.05002550 -0.01727147 -0.01715151 0.54117647 0.42352941 0.64313725
v 0.05009459 -0.01727147 -0.01785059 0.54117647 0.42352941 0.64313725
v 0.04997617 0.00672194 -0.01748996 0.54117647 0.42352941 0.64313725
v 0.04997617 0.00772114 -0.01763976 0.54117647 0.42352941 0.64313725
v 0.04987749 0.00779456 -0.01685191 0.54117647 0.42352941 0.64313725
v 0.04988736 0.00772114 -0.01685191 0.54117647 0.42352941 0.64313725
v 0.05008472 -0.01827067 -0.01785059 0.54117647 0.42352941 0.64313725
v -0.03854718 -0.02417006 0.00718313 0.54117647 0.42352941 0.64313725
v -0.03949448 -0.02408068 0.00610122 0.54117647 0.42352941 0.64313725
v -0.04113252 -0.02392106 0.00388746 0.54117647 0.42352941 0.64313725
v -0.04024442 -0.02400087 0.00513582 0.54117647 0.42352941 0.64313725
v -0.04199101 -0.02376783 0.00263356 0.54117647 0.42352941 0.64313725
v -0.04837543 -0.02326983 -0.00985556 0.54117647 0.42352941 0.64313725
v -0.04708276 -0.02299210 -0.00611049 0.54117647 0.42352941 0.64313725
v -0.04898723 -0.02278141 -0.01134249 0.54117647 0.42352941 0.64313725
v -0.04878001 -0.02317725 -0.01094857 0.54117647 0.42352941 0.64313725
v -0.04935233 -0.02227064 -0.01285162 0.54117647 0.42352941 0.64313725
v -0.04953982 -0.02227064 -0.01385585 0.54117647 0.42352941 0.64313725
v -0.04305673 -0.02286441 0.00175693 0.54117647 0.42352941 0.64313725
v -0.04630321 -0.02329217 -0.00483994 0.54117647 0.42352941 0.64313725
v -0.04679659 -0.02330494 -0.00581088 0.54117647 0.42352941 0.64313725
v -0.04977665 -0.02127144 -0.01485454 0.54117647 0.42352941 0.64313725
v -0.04994440 -0.02027225 -0.01565348 0.54117647 0.42352941 0.64313725
v -0.05001347 -0.02027225 -0.01615283 0.54117647 0.42352941 0.64313725
v -0.05012201 -0.01926986 -0.01685191 0.54117647 0.42352941 0.64313725
v -0.05013188 -0.01827067 -0.01685191 0.54117647 0.42352941 0.64313725
v 0.04998604 -0.01970721 -0.01738454 0.54117647 0.42352941 0.64313725
v 0.04978868 -0.01926986 -0.01585322 0.54117647 0.42352941 0.64313725
v 0.04963080 -0.01926986 -0.01485454 0.54117647 0.42352941 0.64313725
v 0.04929530 -0.02027225 -0.01385585 0.54117647 0.42352941 0.64313725
v 0.04919662 -0.01827067 -0.01285162 0.54117647 0.42352941 0.64313725
v 0.04920649 -0.01727147 -0.01285162 0.54117647 0.42352941 0.64313725
v 0.04908807 0.00779456 -0.01304581 0.54117647 0.42352941 0.64313725
v 0.04708493 -0.01926986 -0.00505632 0.54117647 0.42352941 0.64313725
v 0.04693691 -0.02027225 -0.00452924 0.54117647 0.42352941 0.64313725
v 0.04893019 0.00779456 -0.01254091 0.54117647 0.42352941 0.64313725
v 0.04944331 -0.01727147 -0.01385585 0.54117647 0.42352941 0.64313725
v 0.04616723 -0.02123313 -0.00282037 0.54117647 0.42352941 0.64313725
v 0.04669022 -0.02027225 -0.00385790 0.54117647 0.42352941 0.64313725
v 0.04600934 -0.02087559 -0.00230439 0.54117647 0.42352941 0.64313725
v 0.04594027 -0.02154279 -0.00246529 0.54117647 0.42352941 0.64313725
v 0.04493376 -0.02153960 -0.00046237 0.54117647 0.42352941 0.64313725
v 0.04431210 -0.02234087 0.00022562 0.54117647 0.42352941 0.64313725
v 0.04408514 -0.02205356 0.00080818 0.54117647 0.42352941 0.64313725
v 0.04378911 -0.02234087 0.00114108 0.54117647 0.42352941 0.64313725
v 0.04302929 -0.02185883 0.00270014 0.54117647 0.42352941 0.64313725
v 0.04322665 -0.02222594 0.00213976 0.54117647 0.42352941 0.64313725
v 0.04286154 -0.02252602 0.00247266 0.54117647 0.42352941 0.64313725
v 0.04096694 -0.02172475 0.00561297 0.54117647 0.42352941 0.64313725
v 0.04003937 -0.02184606 0.00671152 0.54117647 0.42352941 0.64313725
v 0.03974334 -0.02251325 0.00636753 0.54117647 0.42352941 0.64313725
v 0.03907234 -0.02284525 0.00672262 0.54117647 0.42352941 0.64313725
v 0.03936837 -0.02316448 0.00600690 0.54117647 0.42352941 0.64313725
v 0.02773432 -0.02359864 0.01743075 0.54117647 0.42352941 0.64313725
v 0.02808956 -0.02382848 0.01676496 0.54117647 0.42352941 0.64313725
v 0.02649099 -0.02419879 0.01713669 0.54117647 0.42352941 0.64313725
v 0.02448784 -0.02437437 0.01813538 0.54117647 0.42352941 0.64313725
v 0.02148805 -0.02444460 0.02013830 0.54117647 0.42352941 0.64313725
v 0.02049141 -0.02435202 0.02113698 0.54117647 0.42352941 0.64313725
v 0.01949477 -0.02413495 0.02195258 0.54117647 0.42352941 0.64313725
v 0.05000578 -0.01904002 -0.01725693 0.54117647 0.42352941 0.64313725
v -0.00849009 -0.02419879 0.02688497 0.54117647 0.42352941 0.64313725
v -0.00949660 -0.02447333 0.02613596 0.54117647 0.42352941 0.64313725
v -0.01148988 -0.02461379 0.02513727 0.54117647 0.42352941 0.64313725
v -0.00749345 -0.02421475 0.02691272 0.54117647 0.42352941 0.64313725
v -0.02245292 -0.02403279 0.02117027 0.54117647 0.42352941 0.64313725
v -0.02149575 -0.02427860 0.02113698 0.54117647 0.42352941 0.64313725
v 0.00941983 -0.02415729 0.02616370 0.54117647 0.42352941 0.64313725
v 0.00849226 -0.02440629 0.02613596 0.54117647 0.42352941 0.64313725
v 0.00749562 -0.02410622 0.02680175 0.54117647 0.42352941 0.64313725
v 0.00649898 -0.02418922 0.02689052 0.54117647 0.42352941 0.64313725
v 0.00549247 -0.02421156 0.02692381 0.54117647 0.42352941 0.64313725
v 0.00149604 -0.02326983 0.02747309 0.54117647 0.42352941 0.64313725
v -0.00149388 -0.01327151 0.02876583 0.54117647 0.42352941 0.64313725
v -0.00249052 -0.01227231 0.02889344 0.54117647 0.42352941 0.64313725
v -0.00249052 -0.01327151 0.02877138 0.54117647 0.42352941 0.64313725
v 0.00149604 -0.01527309 0.02847178 0.54117647 0.42352941 0.64313725
v 0.00049940 -0.01395786 0.02866042 0.54117647 0.42352941 0.64313725
v -0.00049724 -0.01327151 0.02875473 0.54117647 0.42352941 0.64313725
v -0.00349702 -0.01227231 0.02887125 0.54117647 0.42352941 0.64313725
v -0.00449366 -0.02326983 0.02737322 0.54117647 0.42352941 0.64313725
v -0.03645522 -0.02401045 0.01007931 0.54117647 0.42352941 0.64313725
v -0.03743213 -0.02395618 0.00904734 0.54117647 0.42352941 0.64313725
v -0.03820181 -0.02393702 0.00813743 0.54117647 0.42352941 0.64313725
v -0.03244892 -0.02400087 0.01410735 0.54117647 0.42352941 0.64313725
v -0.03412644 -0.02387637 0.01277022 0.54117647 0.42352941 0.64313725
v -0.03512308 -0.02388595 0.01177153 0.54117647 0.42352941 0.64313725
v -0.03609012 -0.02385721 0.01075065 0.54117647 0.42352941 0.64313725
v -0.02743612 -0.02403598 0.01812428 0.54117647 0.42352941 0.64313725
v -0.02852157 -0.02416687 0.01718663 0.54117647 0.42352941 0.64313725
v -0.02348903 -0.02390191 0.02082073 0.54117647 0.42352941 0.64313725
v -0.02948861 -0.02395937 0.01684263 0.54117647 0.42352941 0.64313725
v -0.03040631 -0.02396895 0.01607698 0.54117647 0.42352941 0.64313725
v -0.03143255 -0.02398491 0.01508939 0.54117647 0.42352941 0.64313725
v -0.05013188 -0.01727147 -0.01685191 0.54117647 0.42352941 0.64313725
v -0.04994440 0.00572275 -0.01676314 0.54117647 0.42352941 0.64313725
v -0.04994440 0.00672833 -0.01692958 0.54117647 0.42352941 0.64313725
v -0.04990493 0.00779456 -0.01685191 0.54117647 0.42352941 0.64313725
v 0.04989723 0.00672194 -0.01685191 0.54117647 0.42352941 0.64313725
v 0.04980842 -0.01827067 -0.01585322 0.54117647 0.42352941 0.64313725
v 0.05001565 -0.01827067 -0.01717371 0.54117647 0.42352941 0.64313725
v 0.04973935 0.00672194 -0.01585322 0.54117647 0.42352941 0.64313725
v 0.04964067 -0.01827067 -0.01485454 0.54117647 0.42352941 0.64313725
v 0.04972948 0.00779456 -0.01585322 0.54117647 0.42352941 0.64313725
v -0.03915898 -0.02392745 0.00688352 0.54117647 0.42352941 0.64313725
v -0.04005694 -0.02384125 0.00574613 0.54117647 0.42352941 0.64313725
v -0.04093517 -0.02369122 0.00455325 0.54117647 0.42352941 0.64313725
v -0.04147789 -0.02324429 0.00410939 0.54117647 0.42352941 0.64313725
v -0.04757614 -0.02227064 -0.00685395 0.54117647 0.42352941 0.64313725
v -0.04695448 -0.02256752 -0.00544470 0.54117647 0.42352941 0.64313725
v -0.04860239 -0.02227064 -0.00985556 0.54117647 0.42352941 0.64313725
v -0.04887868 -0.02227064 -0.01076547 0.54117647 0.42352941 0.64313725
v -0.04900696 -0.02227064 -0.01126482 0.54117647 0.42352941 0.64313725
v -0.04914511 -0.02227064 -0.01185293 0.54117647 0.42352941 0.64313725
v -0.04806953 -0.02204079 -0.00812450 0.54117647 0.42352941 0.64313725
v -0.04942141 -0.02127144 -0.01285162 0.54117647 0.42352941 0.64313725
v -0.04960890 -0.02127144 -0.01385585 0.54117647 0.42352941 0.64313725
v -0.04200088 -0.02279737 0.00366553 0.54117647 0.42352941 0.64313725
v -0.04285937 -0.02248133 0.00241718 0.54117647 0.42352941 0.64313725
v -0.04316527 -0.02219721 0.00210647 0.54117647 0.42352941 0.64313725
v -0.04405337 -0.02191310 0.00076380 0.54117647 0.42352941 0.64313725
v -0.04610586 -0.02297294 -0.00416860 0.54117647 0.42352941 0.64313725
v -0.04981612 -0.02027225 -0.01485454 0.54117647 0.42352941 0.64313725
v -0.04995427 -0.01926986 -0.01560910 0.54117647 0.42352941 0.64313725
v -0.04984572 -0.01926986 -0.01485454 0.54117647 0.42352941 0.64313725
v -0.05002334 -0.01926986 -0.01610844 0.54117647 0.42352941 0.64313725
v -0.04996413 -0.01727147 -0.01555916 0.54117647 0.42352941 0.64313725
v 0.04993670 -0.01933371 -0.01689629 0.54117647 0.42352941 0.64313725
v 0.04931503 0.00779456 -0.01392243 0.54117647 0.42352941 0.64313725
v 0.04930517 0.00672194 -0.01385585 0.54117647 0.42352941 0.64313725
v 0.04692704 -0.01926986 -0.00455698 0.54117647 0.42352941 0.64313725
v 0.04667048 -0.01926986 -0.00385790 0.54117647 0.42352941 0.64313725
v 0.04869337 0.00779456 -0.01185293 0.54117647 0.42352941 0.64313725
v 0.04953212 0.00779456 -0.01485454 0.54117647 0.42352941 0.64313725
v 0.04627577 -0.01926986 -0.00285366 0.54117647 0.42352941 0.64313725
v 0.04628564 -0.02027225 -0.00285366 0.54117647 0.42352941 0.64313725
v 0.04602908 -0.02027225 -0.00225445 0.54117647 0.42352941 0.64313725
v 0.04580212 -0.02027225 -0.00175511 0.54117647 0.42352941 0.64313725
v 0.04536794 -0.02027225 -0.00085629 0.54117647 0.42352941 0.64313725
v 0.04501271 -0.02087240 -0.00031256 0.54117647 0.42352941 0.64313725
v 0.04574292 -0.02123313 -0.00192711 0.54117647 0.42352941 0.64313725
v 0.04519032 -0.02122994 -0.00082300 0.54117647 0.42352941 0.64313725
v 0.04398646 -0.02073513 0.00163487 0.54117647 0.42352941 0.64313725
v 0.04419368 -0.02127144 0.00100792 0.54117647 0.42352941 0.64313725
v 0.04390752 -0.02127144 0.00150726 0.54117647 0.42352941 0.64313725
v 0.04354242 -0.02127144 0.00213976 0.54117647 0.42352941 0.64313725
v 0.04311810 -0.02127144 0.00283330 0.54117647 0.42352941 0.64313725
v 0.04278260 -0.02127144 0.00333264 0.54117647 0.42352941 0.64313725
v 0.04223001 -0.02118844 0.00415378 0.54117647 0.42352941 0.64313725
v 0.04187477 -0.02146617 0.00449777 0.54117647 0.42352941 0.64313725
v 0.03904273 -0.02084367 0.00869225 0.54117647 0.42352941 0.64313725
v 0.03909207 -0.02187160 0.00773795 0.54117647 0.42352941 0.64313725
v 0.03874670 -0.02253879 0.00738841 0.54117647 0.42352941 0.64313725
v 0.02714226 -0.02291229 0.01878452 0.54117647 0.42352941 0.64313725
v 0.02644165 -0.02308148 0.01912297 0.54117647 0.42352941 0.64313725
v 0.02707318 -0.02380294 0.01769152 0.54117647 0.42352941 0.64313725
v 0.02743829 -0.02391468 0.01711450 0.54117647 0.42352941 0.64313725
v 0.02649099 -0.02391148 0.01789126 0.54117647 0.42352941 0.64313725
v 0.02554369 -0.02406472 0.01820751 0.54117647 0.42352941 0.64313725
v 0.02143871 -0.02401045 0.02114253 0.54117647 0.42352941 0.64313725
v 0.02107361 -0.02380614 0.02166962 0.54117647 0.42352941 0.64313725
v 0.02049141 -0.02393383 0.02177503 0.54117647 0.42352941 0.64313725
v 0.02349120 -0.02392425 0.01992746 0.54117647 0.42352941 0.64313725
v 0.02228734 -0.02388595 0.02081518 0.54117647 0.42352941 0.64313725
v 0.01049541 -0.02407110 0.02582526 0.54117647 0.42352941 0.64313725
v -0.00849009 -0.02326983 0.02709026 0.54117647 0.42352941 0.64313725
v -0.00949660 -0.02400406 0.02675736 0.54117647 0.42352941 0.64313725
v -0.01148988 -0.02414452 0.02584745 0.54117647 0.42352941 0.64313725
v -0.00549030 -0.02326983 0.02731774 0.54117647 0.42352941 0.64313725
v -0.01349303 -0.02419879 0.02494863 0.54117647 0.42352941 0.64313725
v -0.02209768 -0.02380933 0.02168071 0.54117647 0.42352941 0.64313725
v 0.00903499 -0.02381252 0.02665195 0.54117647 0.42352941 0.64313725
v 0.00849226 -0.02394021 0.02670743 0.54117647 0.42352941 0.64313725
v 0.00649898 -0.02326983 0.02720677 0.54117647 0.42352941 0.64313725
v 0.00549247 -0.02326983 0.02726225 0.54117647 0.42352941 0.64313725
v 0.00249268 -0.01527309 0.02842739 0.54117647 0.42352941 0.64313725
v -0.00149388 -0.01227231 0.02887680 0.54117647 0.42352941 0.64313725
v -0.00249052 -0.01127312 0.02898776 0.54117647 0.42352941 0.64313725
v -0.00349702 -0.01127312 0.02897666 0.54117647 0.42352941 0.64313725
v 0.00150591 -0.01423559 0.02859384 0.54117647 0.42352941 0.64313725
v 0.00118028 -0.01387805 0.02864377 0.54117647 0.42352941 0.64313725
v 0.00049940 -0.01327151 0.02872699 0.54117647 0.42352941 0.64313725
v -0.00458247 -0.01234893 0.02873809 0.54117647 0.42352941 0.64313725
v -0.03705715 -0.02383168 0.00970758 0.54117647 0.42352941 0.64313725
v -0.03800445 -0.02378379 0.00865341 0.54117647 0.42352941 0.64313725
v -0.03377120 -0.02344860 0.01343601 0.54117647 0.42352941 0.64313725
v -0.03478758 -0.02344541 0.01243732 0.54117647 0.42352941 0.64313725
v -0.03579408 -0.02347414 0.01141644 0.54117647 0.42352941 0.64313725
v -0.03311006 -0.02385721 0.01375226 0.54117647 0.42352941 0.64313725
v -0.03172858 -0.02345498 0.01538899 0.54117647 0.42352941 0.64313725
v -0.03274495 -0.02345498 0.01441805 0.54117647 0.42352941 0.64313725
v -0.03200488 -0.02278779 0.01564421 0.54117647 0.42352941 0.64313725
v -0.03676112 -0.02347733 0.01037892 0.54117647 0.42352941 0.64313725
v -0.02706115 -0.02381252 0.01868465 0.54117647 0.42352941 0.64313725
v -0.02820580 -0.02392745 0.01778584 0.54117647 0.42352941 0.64313725
v -0.02402189 -0.02378379 0.02065429 0.54117647 0.42352941 0.64313725
v -0.02276869 -0.02363375 0.02153091 0.54117647 0.42352941 0.64313725
v -0.03002146 -0.02379656 0.01665954 0.54117647 0.42352941 0.64313725
v -0.03106744 -0.02382529 0.01570524 0.54117647 0.42352941 0.64313725
v -0.04982598 0.00572275 -0.01585322 0.54117647 0.42352941 0.64313725
v -0.04981612 0.00672194 -0.01585322 0.54117647 0.42352941 0.64313725
v -0.04978651 0.00779456 -0.01578109 0.54117647 0.42352941 0.64313725
v -0.03892215 -0.02368164 0.00754931 0.54117647 0.42352941 0.64313725
v -0.03982998 -0.02352202 0.00641192 0.54117647 0.42352941 0.64313725
v -0.04076742 -0.02332410 0.00519130 0.54117647 0.42352941 0.64313725
v -0.04115226 -0.02302402 0.00489170 0.54117647 0.42352941 0.64313725
v -0.04774390 -0.02127144 -0.00685395 0.54117647 0.42352941 0.64313725
v -0.04717157 -0.02224829 -0.00581088 0.54117647 0.42352941 0.64313725
v -0.04467503 -0.02119483 0.00005917 0.54117647 0.42352941 0.64313725
v -0.04500067 -0.02081175 -0.00032921 0.54117647 0.42352941 0.64313725
v -0.04701369 -0.02190033 -0.00530599 0.54117647 0.42352941 0.64313725
v -0.04811887 -0.02127144 -0.00795806 0.54117647 0.42352941 0.64313725
v -0.04840503 -0.02127144 -0.00885687 0.54117647 0.42352941 0.64313725
v -0.04870107 -0.02127144 -0.00985556 0.54117647 0.42352941 0.64313725
v -0.04904643 -0.02127144 -0.01113721 0.54117647 0.42352941 0.64313725
v -0.04921419 -0.02127144 -0.01185293 0.54117647 0.42352941 0.64313725
v -0.04795112 -0.02127144 -0.00745871 0.54117647 0.42352941 0.64313725
v -0.04946088 -0.02027225 -0.01285162 0.54117647 0.42352941 0.64313725
v -0.04964837 -0.02027225 -0.01385585 0.54117647 0.42352941 0.64313725
v -0.04182326 -0.02227064 0.00435907 0.54117647 0.42352941 0.64313725
v -0.04211929 -0.02227064 0.00385972 0.54117647 0.42352941 0.64313725
v -0.04093517 -0.02263137 0.00555749 0.54117647 0.42352941 0.64313725
v -0.04300739 -0.02181413 0.00266685 0.54117647 0.42352941 0.64313725
v -0.04417178 -0.02127144 0.00095244 0.54117647 0.42352941 0.64313725
v -0.04985559 -0.01827067 -0.01485454 0.54117647 0.42352941 0.64313725
v -0.04967797 -0.01926986 -0.01385585 0.54117647 0.42352941 0.64313725
v -0.04985559 -0.01727147 -0.01485454 0.54117647 0.42352941 0.64313725
v -0.04952995 0.00772114 -0.01385585 0.54117647 0.42352941 0.64313725
v 0.04790395 0.00779456 -0.00961144 0.54117647 0.42352941 0.64313725
v 0.04646326 0.00779456 -0.00585527 0.54117647 0.42352941 0.64313725
v 0.04763752 0.00779456 -0.00890681 0.54117647 0.42352941 0.64313725
v 0.04726255 0.00779456 -0.00792477 0.54117647 0.42352941 0.64313725
v 0.04703559 0.00779456 -0.00733110 0.54117647 0.42352941 0.64313725
v 0.04612776 0.00779456 -0.00502858 0.54117647 0.42352941 0.64313725
v 0.04602908 -0.01926986 -0.00226000 0.54117647 0.42352941 0.64313725
v 0.04581199 -0.01926986 -0.00176066 0.54117647 0.42352941 0.64313725
v 0.04539755 -0.01926986 -0.00085629 0.54117647 0.42352941 0.64313725
v 0.04508178 -0.01926986 -0.00017941 0.54117647 0.42352941 0.64313725
v 0.04505218 -0.02027225 -0.00022934 0.54117647 0.42352941 0.64313725
v 0.04403580 -0.02006794 0.00172919 0.54117647 0.42352941 0.64313725
v 0.04377924 -0.02034886 0.00208983 0.54117647 0.42352941 0.64313725
v 0.04323652 -0.02027225 0.00300529 0.54117647 0.42352941 0.64313725
v 0.04290101 -0.02027225 0.00350463 0.54117647 0.42352941 0.64313725
v 0.04200305 -0.02079898 0.00465312 0.54117647 0.42352941 0.64313725
v 0.03875657 -0.02151087 0.00840374 0.54117647 0.42352941 0.64313725
v 0.03965453 -0.02024032 0.00805975 0.54117647 0.42352941 0.64313725
v 0.03911181 -0.02027225 0.00878657 0.54117647 0.42352941 0.64313725
v 0.03584559 -0.01926986 0.01248171 0.54117647 0.42352941 0.64313725
v 0.03534234 -0.01926986 0.01299215 0.54117647 0.42352941 0.64313725
v 0.03196757 -0.01869205 0.01661516 0.54117647 0.42352941 0.64313725
v 0.03183929 -0.01926986 0.01648755 0.54117647 0.42352941 0.64313725
v 0.03114855 -0.01998813 0.01677051 0.54117647 0.42352941 0.64313725
v 0.02733961 -0.02227064 0.01896762 0.54117647 0.42352941 0.64313725
v 0.02677715 -0.02227064 0.01946696 0.54117647 0.42352941 0.64313725
v 0.02608641 -0.02283887 0.01969444 0.54117647 0.42352941 0.64313725
v 0.02554369 -0.02354437 0.01913961 0.54117647 0.42352941 0.64313725
v 0.02649099 -0.02360502 0.01839060 0.54117647 0.42352941 0.64313725
v 0.02476414 -0.02368483 0.01947806 0.54117647 0.42352941 0.64313725
v 0.02295834 -0.02375506 0.02060990 0.54117647 0.42352941 0.64313725
v 0.02418194 -0.02291229 0.02073196 0.54117647 0.42352941 0.64313725
v 0.02174461 -0.02358587 0.02148652 0.54117647 0.42352941 0.64313725
v 0.02214919 -0.02291867 0.02170845 0.54117647 0.42352941 0.64313725
v -0.00949660 -0.02326983 0.02685168 0.54117647 0.42352941 0.64313725
v -0.00449366 -0.01127312 0.02886015 0.54117647 0.42352941 0.64313725
v -0.00649681 0.00772114 0.03010296 0.54117647 0.42352941 0.64313725
v -0.01001959 -0.02380933 0.02664640 0.54117647 0.42352941 0.64313725
v -0.01217075 -0.02396895 0.02570874 0.54117647 0.42352941 0.64313725
v -0.01426271 -0.02403279 0.02478219 0.54117647 0.42352941 0.64313725
v 0.00914353 -0.02326983 0.02669633 0.54117647 0.42352941 0.64313725
v 0.00849226 -0.02326983 0.02685168 0.54117647 0.42352941 0.64313725
v 0.00749562 -0.02326983 0.02704033 0.54117647 0.42352941 0.64313725
v 0.02248469 -0.02223871 0.02181387 0.54117647 0.42352941 0.64313725
v 0.02148805 -0.02227064 0.02220225 0.54117647 0.42352941 0.64313725
v 0.02090586 -0.02162898 0.02260727 0.54117647 0.42352941 0.64313725
v 0.02145845 -0.02128421 0.02247966 0.54117647 0.42352941 0.64313725
v 0.02178409 -0.02027225 0.02255734 0.54117647 0.42352941 0.64313725
v 0.02194197 -0.01964975 0.02261837 0.54117647 0.42352941 0.64313725
v 0.00349919 -0.01327151 0.02847733 0.54117647 0.42352941 0.64313725
v 0.00349919 -0.01527309 0.02832197 0.54117647 0.42352941 0.64313725
v 0.00749562 -0.02227064 0.02711800 0.54117647 0.42352941 0.64313725
v 0.00249268 -0.01427070 0.02851616 0.54117647 0.42352941 0.64313725
v 0.00184142 -0.01363543 0.02862713 0.54117647 0.42352941 0.64313725
v -0.00149388 -0.01027393 0.02904325 0.54117647 0.42352941 0.64313725
v -0.00149388 0.00779456 0.03036928 0.54117647 0.42352941 0.64313725
v -0.00249052 0.00779456 0.03037482 0.54117647 0.42352941 0.64313725
v -0.00349702 0.00779456 0.03033044 0.54117647 0.42352941 0.64313725
v -0.00449366 0.00779456 0.03028605 0.54117647 0.42352941 0.64313725
v -0.00542123 0.00779456 0.03023057 0.54117647 0.42352941 0.64313725
v -0.00549030 0.00779456 0.03022502 0.54117647 0.42352941 0.64313725
v -0.00642774 0.00779456 0.03011960 0.54117647 0.42352941 0.64313725
v 0.00150591 -0.01329066 0.02867151 0.54117647 0.42352941 0.64313725
v 0.00049940 -0.01127312 0.02887680 0.54117647 0.42352941 0.64313725
v -0.00049724 -0.01027393 0.02900441 0.54117647 0.42352941 0.64313725
v -0.03817220 -0.02326983 0.00886425 0.54117647 0.42352941 0.64313725
v -0.03869519 -0.02331771 0.00815407 0.54117647 0.42352941 0.64313725
v -0.03701768 -0.02281014 0.01066743 0.54117647 0.42352941 0.64313725
v -0.03602104 -0.02281014 0.01166057 0.54117647 0.42352941 0.64313725
v -0.03072207 -0.02326983 0.01640432 0.54117647 0.42352941 0.64313725
v -0.03093916 -0.02261860 0.01659296 0.54117647 0.42352941 0.64313725
v -0.03210356 -0.02227064 0.01573853 0.54117647 0.42352941 0.64313725
v -0.03260681 -0.02227064 0.01526693 0.54117647 0.42352941 0.64313725
v -0.03312980 -0.02227064 0.01476759 0.54117647 0.42352941 0.64313725
v -0.03363305 -0.02227064 0.01427934 0.54117647 0.42352941 0.64313725
v -0.03414617 -0.02227064 0.01378000 0.54117647 0.42352941 0.64313725
v -0.03564607 -0.02227064 0.01229862 0.54117647 0.42352941 0.64313725
v -0.02349890 -0.02328898 0.02132008 0.54117647 0.42352941 0.64313725
v -0.02317326 -0.02296656 0.02174174 0.54117647 0.42352941 0.64313725
v -0.02727824 -0.02326983 0.01883446 0.54117647 0.42352941 0.64313725
v -0.02887681 -0.02362418 0.01755281 0.54117647 0.42352941 0.64313725
v -0.02245292 -0.02328898 0.02186935 0.54117647 0.42352941 0.64313725
v -0.03021882 -0.02326983 0.01679825 0.54117647 0.42352941 0.64313725
v -0.04965824 0.00779456 -0.01478241 0.54117647 0.42352941 0.64313725
v -0.04966810 0.00779456 -0.01485454 0.54117647 0.42352941 0.64313725
v -0.03912937 -0.02301444 0.00782672 0.54117647 0.42352941 0.64313725
v -0.03948461 -0.02326983 0.00712764 0.54117647 0.42352941 0.64313725
v -0.04003720 -0.02285802 0.00670043 0.54117647 0.42352941 0.64313725
v -0.04022469 -0.02322194 0.00610122 0.54117647 0.42352941 0.64313725
v -0.04733932 -0.02127144 -0.00585527 0.54117647 0.42352941 0.64313725
v -0.04715183 -0.01926986 -0.00495090 0.54117647 0.42352941 0.64313725
v -0.04749720 -0.01926986 -0.00585527 0.54117647 0.42352941 0.64313725
v -0.04780310 -0.02027225 -0.00685395 0.54117647 0.42352941 0.64313725
v -0.04396456 -0.02065852 0.00160158 0.54117647 0.42352941 0.64313725
v -0.04479345 -0.02027225 0.00027555 0.54117647 0.42352941 0.64313725
v -0.04505001 -0.02027225 -0.00022379 0.54117647 0.42352941 0.64313725
v -0.04532630 -0.02027225 -0.00085629 0.54117647 0.42352941 0.64313725
v -0.04845437 -0.02027225 -0.00885687 0.54117647 0.42352941 0.64313725
v -0.04798072 -0.02027225 -0.00738659 0.54117647 0.42352941 0.64313725
v -0.04874054 -0.02027225 -0.00985556 0.54117647 0.42352941 0.64313725
v -0.04893789 -0.02027225 -0.01056019 0.54117647 0.42352941 0.64313725
v -0.04906617 -0.02027225 -0.01105953 0.54117647 0.42352941 0.64313725
v -0.04925366 -0.02027225 -0.01185293 0.54117647 0.42352941 0.64313725
v -0.04949048 -0.01926986 -0.01285162 0.54117647 0.42352941 0.64313725
v -0.04195154 -0.02159067 0.00456990 0.54117647 0.42352941 0.64313725
v -0.04130027 -0.02228660 0.00519130 0.54117647 0.42352941 0.64313725
v -0.04068847 -0.02228660 0.00609567 0.54117647 0.42352941 0.64313725
v -0.04105358 -0.02196417 0.00573503 0.54117647 0.42352941 0.64313725
v -0.04015562 -0.02227064 0.00687242 0.54117647 0.42352941 0.64313725
v -0.04280017 -0.02127144 0.00331045 0.54117647 0.42352941 0.64313725
v -0.04969771 -0.01727147 -0.01385585 0.54117647 0.42352941 0.64313725
v -0.04951022 -0.01827067 -0.01285162 0.54117647 0.42352941 0.64313725
v -0.04951022 0.00779456 -0.01378372 0.54117647 0.42352941 0.64313725
v -0.04952009 -0.01727147 -0.01285162 0.54117647 0.42352941 0.64313725
v -0.04933260 0.00779456 -0.01278504 0.54117647 0.42352941 0.64313725
v 0.04480548 0.00779456 -0.00187717 0.54117647 0.42352941 0.64313725
v 0.04355228 0.00779456 0.00108560 0.54117647 0.42352941 0.64313725
v 0.04317731 0.00779456 0.00195112 0.54117647 0.42352941 0.64313725
v 0.04295035 0.00779456 0.00246711 0.54117647 0.42352941 0.64313725
v 0.04264445 0.00779456 0.00313845 0.54117647 0.42352941 0.64313725
v 0.04438117 -0.01827067 0.00114663 0.54117647 0.42352941 0.64313725
v 0.04482522 -0.01926986 0.00031994 0.54117647 0.42352941 0.64313725
v 0.04223988 0.00779456 0.00399288 0.54117647 0.42352941 0.64313725
v 0.04439104 -0.01926986 0.00114663 0.54117647 0.42352941 0.64313725
v 0.04405554 -0.01926986 0.00176803 0.54117647 0.42352941 0.64313725
v 0.04377924 -0.01926986 0.00226183 0.54117647 0.42352941 0.64313725
v 0.04327599 -0.01926986 0.00308297 0.54117647 0.42352941 0.64313725
v 0.04295035 -0.01926986 0.00358786 0.54117647 0.42352941 0.64313725
v 0.04245696 -0.02027225 0.00413713 0.54117647 0.42352941 0.64313725
v 0.04126297 -0.01926986 0.00604019 0.54117647 0.42352941 0.64313725
v 0.04091760 -0.01926986 0.00653953 0.54117647 0.42352941 0.64313725
v 0.04001964 -0.01988598 0.00767692 0.54117647 0.42352941 0.64313725
v 0.03920062 -0.01926986 0.00889754 0.54117647 0.42352941 0.64313725
v 0.03878617 -0.01926986 0.00939688 0.54117647 0.42352941 0.64313725
v 0.03828292 -0.01926986 0.00994061 0.54117647 0.42352941 0.64313725
v 0.03594427 -0.01855798 0.01258158 0.54117647 0.42352941 0.64313725
v 0.03204652 -0.01802486 0.01669283 0.54117647 0.42352941 0.64313725
v 0.03100054 -0.01781097 0.01764713 0.54117647 0.42352941 0.64313725
v 0.03091173 -0.01847817 0.01757500 0.54117647 0.42352941 0.64313725
v 0.03134591 -0.01926986 0.01693696 0.54117647 0.42352941 0.64313725
v 0.02694490 -0.02168325 0.01960012 0.54117647 0.42352941 0.64313725
v 0.02627390 -0.02227064 0.01981095 0.54117647 0.42352941 0.64313725
v 0.02544501 -0.02225148 0.02033249 0.54117647 0.42352941 0.64313725
v 0.02484308 -0.02257071 0.02055996 0.54117647 0.42352941 0.64313725
v 0.02282020 -0.02255156 0.02155310 0.54117647 0.42352941 0.64313725
v -0.00754279 0.00779456 0.02985329 0.54117647 0.42352941 0.64313725
v -0.01349303 -0.01627228 0.02639118 0.54117647 0.42352941 0.64313725
v -0.01349303 -0.01727147 0.02630796 0.54117647 0.42352941 0.64313725
v -0.00649681 0.00779456 0.03010851 0.54117647 0.42352941 0.64313725
v -0.01504226 -0.01890275 0.02565326 0.54117647 0.42352941 0.64313725
v -0.01542710 -0.01925071 0.02545907 0.54117647 0.42352941 0.64313725
v -0.01849596 -0.02127144 0.02402207 0.54117647 0.42352941 0.64313725
v -0.01911763 -0.02192267 0.02368918 0.54117647 0.42352941 0.64313725
v -0.02105170 -0.02282929 0.02265720 0.54117647 0.42352941 0.64313725
v 0.02207025 -0.01898255 0.02266830 0.54117647 0.42352941 0.64313725
v 0.02090586 0.00779456 0.02660756 0.54117647 0.42352941 0.64313725
v 0.02052102 0.00779456 0.02672962 0.54117647 0.42352941 0.64313725
v 0.02050128 0.00779456 0.02673517 0.54117647 0.42352941 0.64313725
v 0.01949477 0.00779456 0.02700704 0.54117647 0.42352941 0.64313725
v 0.00849226 -0.02227064 0.02692936 0.54117647 0.42352941 0.64313725
v 0.01743242 0.00779456 0.02749528 0.54117647 0.42352941 0.64313725
v 0.01690943 0.00779456 0.02761734 0.54117647 0.42352941 0.64313725
v 0.01649498 0.00779456 0.02771166 0.54117647 0.42352941 0.64313725
v 0.01548848 0.00779456 0.02791695 0.54117647 0.42352941 0.64313725
v 0.02308662 -0.02188437 0.02167516 0.54117647 0.42352941 0.64313725
v 0.02249456 -0.02127144 0.02207464 0.54117647 0.42352941 0.64313725
v 0.02249456 -0.02027225 0.02228547 0.54117647 0.42352941 0.64313725
v 0.02244522 -0.01929859 0.02247966 0.54117647 0.42352941 0.64313725
v 0.00341038 -0.01220208 0.02856609 0.54117647 0.42352941 0.64313725
v 0.00279858 -0.01248939 0.02861603 0.54117647 0.42352941 0.64313725
v 0.00956784 0.00779456 0.02900441 0.54117647 0.42352941 0.64313725
v 0.00856133 0.00779456 0.02917640 0.54117647 0.42352941 0.64313725
v 0.00749562 0.00779456 0.02935394 0.54117647 0.42352941 0.64313725
v 0.01456091 0.00779456 0.02809449 0.54117647 0.42352941 0.64313725
v 0.01349520 0.00779456 0.02829423 0.54117647 0.42352941 0.64313725
v 0.01182755 0.00779456 0.02860493 0.54117647 0.42352941 0.64313725
v 0.01140324 0.00779456 0.02868261 0.54117647 0.42352941 0.64313725
v 0.01049541 0.00779456 0.02884351 0.54117647 0.42352941 0.64313725
v 0.00212758 -0.01296824 0.02864932 0.54117647 0.42352941 0.64313725
v 0.00156512 0.00779456 0.03018064 0.54117647 0.42352941 0.64313725
v 0.00149604 0.00779456 0.03018618 0.54117647 0.42352941 0.64313725
v 0.00049940 0.00779456 0.03026386 0.54117647 0.42352941 0.64313725
v -0.00049724 0.00779456 0.03031934 0.54117647 0.42352941 0.64313725
v -0.03795511 -0.02268564 0.00959107 0.54117647 0.42352941 0.64313725
v -0.03614932 -0.02227064 0.01179927 0.54117647 0.42352941 0.64313725
v -0.03665257 -0.02227064 0.01129438 0.54117647 0.42352941 0.64313725
v -0.03712622 -0.02227064 0.01079504 0.54117647 0.42352941 0.64313725
v -0.03809326 -0.02201844 0.00976306 0.54117647 0.42352941 0.64313725
v -0.02912350 -0.02295698 0.01772481 0.54117647 0.42352941 0.64313725
v -0.02796898 -0.02271437 0.01861808 0.54117647 0.42352941 0.64313725
v -0.02929125 -0.02227064 0.01784132 0.54117647 0.42352941 0.64313725
v -0.02978464 -0.02227064 0.01749733 0.54117647 0.42352941 0.64313725
v -0.03055432 -0.02228021 0.01695360 0.54117647 0.42352941 0.64313725
v -0.03105757 -0.02195460 0.01668174 0.54117647 0.42352941 0.64313725
v -0.03143255 -0.02228021 0.01629336 0.54117647 0.42352941 0.64313725
v -0.03226144 -0.02127144 0.01587169 0.54117647 0.42352941 0.64313725
v -0.03276469 -0.02127144 0.01543338 0.54117647 0.42352941 0.64313725
v -0.03331728 -0.02127144 0.01493404 0.54117647 0.42352941 0.64313725
v -0.03381067 -0.02127144 0.01447353 0.54117647 0.42352941 0.64313725
v -0.03434353 -0.02127144 0.01397419 0.54117647 0.42352941 0.64313725
v -0.03484678 -0.02127144 0.01349704 0.54117647 0.42352941 0.64313725
v -0.03535990 -0.02127144 0.01299770 0.54117647 0.42352941 0.64313725
v -0.02173258 -0.02227064 0.02254069 0.54117647 0.42352941 0.64313725
v -0.02249239 -0.02227064 0.02222444 0.54117647 0.42352941 0.64313725
v -0.02331141 -0.02227064 0.02181387 0.54117647 0.42352941 0.64313725
v -0.02381467 -0.02227064 0.02152536 0.54117647 0.42352941 0.64313725
v -0.02498893 -0.02275587 0.02063209 0.54117647 0.42352941 0.64313725
v -0.03888268 -0.02253560 0.00849806 0.54117647 0.42352941 0.64313725
v -0.03926752 -0.02222914 0.00815407 0.54117647 0.42352941 0.64313725
v -0.04600718 -0.01985086 -0.00232103 0.54117647 0.42352941 0.64313725
v -0.04582956 -0.01926986 -0.00174956 0.54117647 0.42352941 0.64313725
v -0.04711236 -0.02027225 -0.00507851 0.54117647 0.42352941 0.64313725
v -0.04607625 -0.01827067 -0.00216013 0.54117647 0.42352941 0.64313725
v -0.04697421 -0.01856755 -0.00439053 0.54117647 0.42352941 0.64313725
v -0.04699395 -0.01790036 -0.00433505 0.54117647 0.42352941 0.64313725
v -0.04714196 -0.01824832 -0.00477336 0.54117647 0.42352941 0.64313725
v -0.04755641 -0.01727147 -0.00585527 0.54117647 0.42352941 0.64313725
v -0.04786231 -0.01727147 -0.00673744 0.54117647 0.42352941 0.64313725
v -0.04786231 -0.01935286 -0.00693718 0.54117647 0.42352941 0.64313725
v -0.04720117 -0.01727147 -0.00485658 0.54117647 0.42352941 0.64313725
v -0.04799059 -0.01974232 -0.00735885 0.54117647 0.42352941 0.64313725
v -0.04375733 -0.02030417 0.00208428 0.54117647 0.42352941 0.64313725
v -0.04403363 -0.01999132 0.00172364 0.54117647 0.42352941 0.64313725
v -0.04426059 -0.02030417 0.00121875 0.54117647 0.42352941 0.64313725
v -0.04291858 -0.02027225 0.00352128 0.54117647 0.42352941 0.64313725
v -0.04321461 -0.02027225 0.00302194 0.54117647 0.42352941 0.64313725
v -0.04486252 -0.01926986 0.00039206 0.54117647 0.42352941 0.64313725
v -0.04444808 -0.01926986 0.00114663 0.54117647 0.42352941 0.64313725
v -0.04510921 -0.01926986 -0.00010728 0.54117647 0.42352941 0.64313725
v -0.04544472 -0.01926986 -0.00085629 0.54117647 0.42352941 0.64313725
v -0.04819781 -0.01827067 -0.00785264 0.54117647 0.42352941 0.64313725
v -0.04851358 -0.01827067 -0.00885687 0.54117647 0.42352941 0.64313725
v -0.04878001 -0.01926986 -0.00985556 0.54117647 0.42352941 0.64313725
v -0.04907604 -0.01926986 -0.01101515 0.54117647 0.42352941 0.64313725
v -0.04929313 -0.01827067 -0.01185293 0.54117647 0.42352941 0.64313725
v -0.03992866 -0.02153002 0.00755486 0.54117647 0.42352941 0.64313725
v -0.04080689 -0.02127144 0.00636753 0.54117647 0.42352941 0.64313725
v -0.04169498 -0.02126186 0.00506924 0.54117647 0.42352941 0.64313725
v -0.04209956 -0.02027225 0.00480293 0.54117647 0.42352941 0.64313725
v -0.04253374 -0.02027225 0.00413713 0.54117647 0.42352941 0.64313725
v -0.03903070 -0.02186840 0.00869225 0.54117647 0.42352941 0.64313725
v -0.04930300 -0.01727147 -0.01185293 0.54117647 0.42352941 0.64313725
v -0.04889842 0.00779456 -0.01065451 0.54117647 0.42352941 0.64313725
v -0.04901683 0.00772114 -0.01121488 0.54117647 0.42352941 0.64313725
v -0.04914511 0.00779456 -0.01185293 0.54117647 0.42352941 0.64313725
v 0.04196358 0.00779456 0.00451996 0.54117647 0.42352941 0.64313725
v 0.04404567 -0.01827067 0.00175139 0.54117647 0.42352941 0.64313725
v 0.04326612 -0.01827067 0.00309961 0.54117647 0.42352941 0.64313725
v 0.04296022 -0.01827067 0.00359895 0.54117647 0.42352941 0.64313725
v 0.04376937 -0.01827067 0.00224518 0.54117647 0.42352941 0.64313725
v 0.04160834 0.00779456 0.00513582 0.54117647 0.42352941 0.64313725
v 0.04182543 -0.01727147 0.00537994 0.54117647 0.42352941 0.64313725
v 0.04126297 -0.01722359 0.00623437 0.54117647 0.42352941 0.64313725
v 0.04180570 -0.01827067 0.00536330 0.54117647 0.42352941 0.64313725
v 0.04131231 -0.01827067 0.00610122 0.54117647 0.42352941 0.64313725
v 0.04096694 -0.01827067 0.00660056 0.54117647 0.42352941 0.64313725
v 0.04049329 -0.01926986 0.00713874 0.54117647 0.42352941 0.64313725
v 0.04005911 -0.01926986 0.00773795 0.54117647 0.42352941 0.64313725
v 0.03969400 -0.01926986 0.00823729 0.54117647 0.42352941 0.64313725
v 0.03924009 -0.01827067 0.00895302 0.54117647 0.42352941 0.64313725
v 0.03974334 -0.01827067 0.00829832 0.54117647 0.42352941 0.64313725
v 0.03833226 -0.01827067 0.01001274 0.54117647 0.42352941 0.64313725
v 0.03601334 -0.01789398 0.01266480 0.54117647 0.42352941 0.64313725
v 0.03882564 -0.01827067 0.00945236 0.54117647 0.42352941 0.64313725
v 0.03261885 -0.01727147 0.01624897 0.54117647 0.42352941 0.64313725
v 0.03211559 -0.01727147 0.01675941 0.54117647 0.42352941 0.64313725
v 0.03157287 -0.01727147 0.01725875 0.54117647 0.42352941 0.64313725
v 0.03106961 -0.01727147 0.01770262 0.54117647 0.42352941 0.64313725
v 0.03000390 -0.01683413 0.01865137 0.54117647 0.42352941 0.64313725
v 0.02991509 -0.01750132 0.01857924 0.54117647 0.42352941 0.64313725
v 0.02980654 -0.01827067 0.01849047 0.54117647 0.42352941 0.64313725
v 0.02795141 -0.01962421 0.01960012 0.54117647 0.42352941 0.64313725
v 0.02779353 -0.02027225 0.01947251 0.54117647 0.42352941 0.64313725
v 0.02711265 -0.02101925 0.01972218 0.54117647 0.42352941 0.64313725
v 0.02656006 -0.02131933 0.01997185 0.54117647 0.42352941 0.64313725
v 0.02507991 -0.02190352 0.02068757 0.54117647 0.42352941 0.64313725
v 0.02450758 -0.02225148 0.02085402 0.54117647 0.42352941 0.64313725
v 0.02345173 -0.02223871 0.02137556 0.54117647 0.42352941 0.64313725
v -0.00775001 0.00779456 0.02979226 0.54117647 0.42352941 0.64313725
v -0.01512120 -0.01827067 0.02568100 0.54117647 0.42352941 0.64313725
v -0.01561459 -0.01827067 0.02549236 0.54117647 0.42352941 0.64313725
v -0.01849596 -0.02027225 0.02414968 0.54117647 0.42352941 0.64313725
v -0.01924591 -0.02127144 0.02374466 0.54117647 0.42352941 0.64313725
v 0.02219853 -0.01827067 0.02271269 0.54117647 0.42352941 0.64313725
v 0.02138938 0.00779456 0.02643556 0.54117647 0.42352941 0.64313725
v 0.02448784 -0.02127144 0.02117582 0.54117647 0.42352941 0.64313725
v 0.02375763 -0.02127144 0.02153091 0.54117647 0.42352941 0.64313725
v 0.02325437 -0.02127144 0.02175284 0.54117647 0.42352941 0.64313725
v 0.02392538 -0.02060106 0.02160304 0.54117647 0.42352941 0.64313725
v 0.02355041 -0.02026906 0.02183051 0.54117647 0.42352941 0.64313725
v 0.02349120 -0.01926986 0.02203580 0.54117647 0.42352941 0.64313725
v 0.02269192 -0.01827067 0.02251850 0.54117647 0.42352941 0.64313725
v 0.02349120 -0.01827067 0.02218560 0.54117647 0.42352941 0.64313725
v 0.00256176 0.00779456 0.03005858 0.54117647 0.42352941 0.64313725
v 0.00302554 -0.01182220 0.02863822 0.54117647 0.42352941 0.64313725
v 0.00649898 0.00772114 0.02949820 0.54117647 0.42352941 0.64313725
v 0.00576877 0.00772114 0.02960362 0.54117647 0.42352941 0.64313725
v 0.00656805 0.00779456 0.02949266 0.54117647 0.42352941 0.64313725
v -0.03684006 -0.02127144 0.01147747 0.54117647 0.42352941 0.64313725
v -0.03585329 -0.02127144 0.01249835 0.54117647 0.42352941 0.64313725
v -0.03633681 -0.02127144 0.01199901 0.54117647 0.42352941 0.64313725
v -0.03729398 -0.02127144 0.01097813 0.54117647 0.42352941 0.64313725
v -0.03779723 -0.02127144 0.01040111 0.54117647 0.42352941 0.64313725
v -0.02846236 -0.02233767 0.01839060 0.54117647 0.42352941 0.64313725
v -0.02874853 -0.02127144 0.01846827 0.54117647 0.42352941 0.64313725
v -0.02992279 -0.02153321 0.01759165 0.54117647 0.42352941 0.64313725
v -0.02810713 -0.02204717 0.01871240 0.54117647 0.42352941 0.64313725
v -0.03114639 -0.02127144 0.01674831 0.54117647 0.42352941 0.64313725
v -0.03163977 -0.02127144 0.01637103 0.54117647 0.42352941 0.64313725
v -0.03040631 -0.02122675 0.01729759 0.54117647 0.42352941 0.64313725
v -0.03235025 -0.02027225 0.01592717 0.54117647 0.42352941 0.64313725
v -0.03285350 -0.02027225 0.01551660 0.54117647 0.42352941 0.64313725
v -0.03341596 -0.02027225 0.01501726 0.54117647 0.42352941 0.64313725
v -0.03391922 -0.02027225 0.01456785 0.54117647 0.42352941 0.64313725
v -0.03595197 -0.02052444 0.01259267 0.54117647 0.42352941 0.64313725
v -0.02192006 -0.02127144 0.02260727 0.54117647 0.42352941 0.64313725
v -0.02249239 -0.02127144 0.02232431 0.54117647 0.42352941 0.64313725
v -0.02339035 -0.02127144 0.02185271 0.54117647 0.42352941 0.64313725
v -0.02389361 -0.02127144 0.02158084 0.54117647 0.42352941 0.64313725
v -0.02449554 -0.02127144 0.02121466 0.54117647 0.42352941 0.64313725
v -0.02521588 -0.02127144 0.02077080 0.54117647 0.42352941 0.64313725
v -0.02704141 -0.02093306 0.01966670 0.54117647 0.42352941 0.64313725
v -0.02694273 -0.02160025 0.01960012 0.54117647 0.42352941 0.64313725
v -0.02510734 -0.02208867 0.02070977 0.54117647 0.42352941 0.64313725
v -0.02824527 -0.02127144 0.01880672 0.54117647 0.42352941 0.64313725
v -0.04609599 -0.01727147 -0.00209910 0.54117647 0.42352941 0.64313725
v -0.04642162 -0.01727147 -0.00285366 0.54117647 0.42352941 0.64313725
v -0.04636241 -0.01827067 -0.00285366 0.54117647 0.42352941 0.64313725
v -0.04585916 -0.01827067 -0.00166079 0.54117647 0.42352941 0.64313725
v -0.04680646 -0.01727147 -0.00380796 0.54117647 0.42352941 0.64313725
v -0.04700382 -0.01727147 -0.00430731 0.54117647 0.42352941 0.64313725
v -0.04787218 -0.01627228 -0.00672080 0.54117647 0.42352941 0.64313725
v -0.04701369 -0.01627228 -0.00429066 0.54117647 0.42352941 0.64313725
v -0.04803006 -0.01727147 -0.00723678 0.54117647 0.42352941 0.64313725
v -0.04408297 -0.01926986 0.00180132 0.54117647 0.42352941 0.64313725
v -0.04297779 -0.01962740 0.00362115 0.54117647 0.42352941 0.64313725
v -0.04489212 -0.01827067 0.00043645 0.54117647 0.42352941 0.64313725
v -0.04452702 -0.01827067 0.00114663 0.54117647 0.42352941 0.64313725
v -0.04412244 -0.01827067 0.00187900 0.54117647 0.42352941 0.64313725
v -0.04512895 -0.01827067 -0.00006289 0.54117647 0.42352941 0.64313725
v -0.04550392 -0.01827067 -0.00085629 0.54117647 0.42352941 0.64313725
v -0.04852345 -0.01727147 -0.00885687 0.54117647 0.42352941 0.64313725
v -0.04879974 -0.01727147 -0.00985556 0.54117647 0.42352941 0.64313725
v -0.04895762 -0.01827067 -0.01049361 0.54117647 0.42352941 0.64313725
v -0.04000760 -0.02086283 0.00767137 0.54117647 0.42352941 0.64313725
v -0.04052072 -0.02027225 0.00713874 0.54117647 0.42352941 0.64313725
v -0.04025429 -0.02122675 0.00718867 0.54117647 0.42352941 0.64313725
v -0.04176406 -0.02027225 0.00530227 0.54117647 0.42352941 0.64313725
v -0.04092530 -0.02027225 0.00654508 0.54117647 0.42352941 0.64313725
v -0.04098451 -0.01974871 0.00663385 0.54117647 0.42352941 0.64313725
v -0.03821168 -0.02127144 0.00990177 0.54117647 0.42352941 0.64313725
v -0.03870506 -0.02127144 0.00928591 0.54117647 0.42352941 0.64313725
v -0.03909977 -0.02127144 0.00878657 0.54117647 0.42352941 0.64313725
v -0.04908591 -0.01727147 -0.01097631 0.54117647 0.42352941 0.64313725
v -0.04908591 -0.01627228 -0.01097631 0.54117647 0.42352941 0.64313725
v -0.04870107 0.00779456 -0.00985556 0.54117647 0.42352941 0.64313725
v -0.04901683 0.00779456 -0.01122043 0.54117647 0.42352941 0.64313725
v 0.04296022 -0.01727147 0.00358231 0.54117647 0.42352941 0.64313725
v 0.04261485 -0.01727147 0.00413713 0.54117647 0.42352941 0.64313725
v 0.04182543 -0.01627228 0.00536885 0.54117647 0.42352941 0.64313725
v 0.04115442 0.00779456 0.00585155 0.54117647 0.42352941 0.64313725
v 0.04098668 -0.01527309 0.00662830 0.54117647 0.42352941 0.64313725
v 0.04072024 -0.01624355 0.00703887 0.54117647 0.42352941 0.64313725
v 0.04098668 -0.01752686 0.00662830 0.54117647 0.42352941 0.64313725
v 0.04013805 -0.01727147 0.00783782 0.54117647 0.42352941 0.64313725
v 0.03926969 -0.01727147 0.00897521 0.54117647 0.42352941 0.64313725
v 0.03977294 -0.01727147 0.00833716 0.54117647 0.42352941 0.64313725
v 0.03603308 -0.01727147 0.01268699 0.54117647 0.42352941 0.64313725
v 0.03327011 -0.01427070 0.01592717 0.54117647 0.42352941 0.64313725
v 0.03322078 -0.01527309 0.01588279 0.54117647 0.42352941 0.64313725
v 0.03274712 -0.01527309 0.01638213 0.54117647 0.42352941 0.64313725
v 0.03268792 -0.01627228 0.01632110 0.54117647 0.42352941 0.64313725
v 0.03884538 -0.01727147 0.00947455 0.54117647 0.42352941 0.64313725
v 0.03835199 -0.01727147 0.01004603 0.54117647 0.42352941 0.64313725
v 0.03651660 -0.01727147 0.01213772 0.54117647 0.42352941 0.64313725
v 0.03218467 -0.01627228 0.01683154 0.54117647 0.42352941 0.64313725
v 0.03166168 -0.01627228 0.01733088 0.54117647 0.42352941 0.64313725
v 0.03116829 -0.01627228 0.01779139 0.54117647 0.42352941 0.64313725
v 0.03057623 -0.01627228 0.01829073 0.54117647 0.42352941 0.64313725
v 0.03007297 -0.01627228 0.01870685 0.54117647 0.42352941 0.64313725
v 0.02877043 -0.01727147 0.01947251 0.54117647 0.42352941 0.64313725
v 0.02954998 -0.01720763 0.01891213 0.54117647 0.42352941 0.64313725
v 0.02930329 -0.01827067 0.01887330 0.54117647 0.42352941 0.64313725
v 0.02804022 -0.01895702 0.01967224 0.54117647 0.42352941 0.64313725
v 0.02756657 -0.01928263 0.01990527 0.54117647 0.42352941 0.64313725
v 0.02592853 -0.02056913 0.02059880 0.54117647 0.42352941 0.64313725
v 0.02730014 -0.02027225 0.01983314 0.54117647 0.42352941 0.64313725
v 0.02575091 -0.02127144 0.02048784 0.54117647 0.42352941 0.64313725
v 0.02525752 -0.02127144 0.02078189 0.54117647 0.42352941 0.64313725
v -0.00837168 0.00779456 0.02952039 0.54117647 0.42352941 0.64313725
v -0.01995639 -0.01926986 0.02362260 0.54117647 0.42352941 0.64313725
v -0.01649282 -0.01727147 0.02517056 0.54117647 0.42352941 0.64313725
v -0.01567379 -0.01727147 0.02551455 0.54117647 0.42352941 0.64313725
v -0.01649282 -0.01827067 0.02512618 0.54117647 0.42352941 0.64313725
v -0.01937419 -0.02027225 0.02378905 0.54117647 0.42352941 0.64313725
v -0.01986758 -0.02027225 0.02358376 0.54117647 0.42352941 0.64313725
v 0.02249456 0.00779456 0.02598616 0.54117647 0.42352941 0.64313725
v 0.02555356 -0.02024990 0.02085957 0.54117647 0.42352941 0.64313725
v 0.02442863 -0.02026906 0.02142549 0.54117647 0.42352941 0.64313725
v 0.02405366 -0.01993386 0.02166407 0.54117647 0.42352941 0.64313725
v 0.02486281 -0.01827067 0.02157530 0.54117647 0.42352941 0.64313725
v 0.02496149 -0.01768328 0.02162523 0.54117647 0.42352941 0.64313725
v 0.02435956 -0.01827067 0.02180277 0.54117647 0.42352941 0.64313725
v 0.02457665 -0.01731936 0.02184161 0.54117647 0.42352941 0.64313725
v 0.00528525 0.00779456 0.02967575 0.54117647 0.42352941 0.64313725
v -0.03693874 -0.02055317 0.01158289 0.54117647 0.42352941 0.64313725
v -0.03790578 -0.02027225 0.01053427 0.54117647 0.42352941 0.64313725
v -0.03701768 -0.01988598 0.01166611 0.54117647 0.42352941 0.64313725
v -0.02884720 -0.02027225 0.01854040 0.54117647 0.42352941 0.64313725
v -0.03001160 -0.02086602 0.01765268 0.54117647 0.42352941 0.64313725
v -0.02954781 -0.02122675 0.01791345 0.54117647 0.42352941 0.64313725
v -0.02835382 -0.02027225 0.01887884 0.54117647 0.42352941 0.64313725
v -0.03122533 -0.02027225 0.01680935 0.54117647 0.42352941 0.64313725
v -0.03171871 -0.02027225 0.01642652 0.54117647 0.42352941 0.64313725
v -0.03238972 -0.01926986 0.01595491 0.54117647 0.42352941 0.64313725
v -0.03289297 -0.01926986 0.01555544 0.54117647 0.42352941 0.64313725
v -0.03396855 -0.01943905 0.01461224 0.54117647 0.42352941 0.64313725
v -0.03503427 -0.01906555 0.01367458 0.54117647 0.42352941 0.64313725
v -0.03541911 -0.01934648 0.01327511 0.54117647 0.42352941 0.64313725
v -0.03600131 -0.01985725 0.01265370 0.54117647 0.42352941 0.64313725
v -0.03556713 -0.02022436 0.01300879 0.54117647 0.42352941 0.64313725
v -0.02196940 -0.02056275 0.02262392 0.54117647 0.42352941 0.64313725
v -0.02048924 -0.02027225 0.02331190 0.54117647 0.42352941 0.64313725
v -0.02048924 -0.01926986 0.02337848 0.54117647 0.42352941 0.64313725
v -0.02157469 -0.02024671 0.02282365 0.54117647 0.42352941 0.64313725
v -0.02200887 -0.01989556 0.02264056 0.54117647 0.42352941 0.64313725
v -0.02240358 -0.02024671 0.02241863 0.54117647 0.42352941 0.64313725
v -0.02342983 -0.02027225 0.02187490 0.54117647 0.42352941 0.64313725
v -0.02449554 -0.01926986 0.02131453 0.54117647 0.42352941 0.64313725
v -0.02449554 -0.02027225 0.02127569 0.54117647 0.42352941 0.64313725
v -0.02583755 -0.01926986 0.02054332 0.54117647 0.42352941 0.64313725
v -0.02578821 -0.02027225 0.02051558 0.54117647 0.42352941 0.64313725
v -0.02710062 -0.02027225 0.01970553 0.54117647 0.42352941 0.64313725
v -0.04611572 -0.01627228 -0.00207136 0.54117647 0.42352941 0.64313725
v -0.04587890 -0.01727147 -0.00159976 0.54117647 0.42352941 0.64313725
v -0.04644136 -0.01627228 -0.00285366 0.54117647 0.42352941 0.64313725
v -0.04681633 -0.01627228 -0.00379132 0.54117647 0.42352941 0.64313725
v -0.04799059 0.00779456 -0.00734775 0.54117647 0.42352941 0.64313725
v -0.04803006 -0.01627228 -0.00722014 0.54117647 0.42352941 0.64313725
v -0.04722091 -0.01527309 -0.00485658 0.54117647 0.42352941 0.64313725
v -0.04722091 -0.01427070 -0.00485658 0.54117647 0.42352941 0.64313725
v -0.04701369 -0.01327151 -0.00429066 0.54117647 0.42352941 0.64313725
v -0.04822741 -0.01627228 -0.00785264 0.54117647 0.42352941 0.64313725
v -0.04184300 -0.01926986 0.00541878 0.54117647 0.42352941 0.64313725
v -0.04216863 -0.01926986 0.00491944 0.54117647 0.42352941 0.64313725
v -0.04146802 -0.01827067 0.00614005 0.54117647 0.42352941 0.64313725
v -0.04111278 -0.01727147 0.00682249 0.54117647 0.42352941 0.64313725
v -0.04273109 -0.01928582 0.00404836 0.54117647 0.42352941 0.64313725
v -0.04193181 -0.01727147 0.00554639 0.54117647 0.42352941 0.64313725
v -0.04224757 -0.01727147 0.00504705 0.54117647 0.42352941 0.64313725
v -0.04302713 -0.01827067 0.00369882 0.54117647 0.42352941 0.64313725
v -0.04386588 -0.01727147 0.00242827 0.54117647 0.42352941 0.64313725
v -0.04382641 -0.01827067 0.00237279 0.54117647 0.42352941 0.64313725
v -0.04457636 -0.01727147 0.00114663 0.54117647 0.42352941 0.64313725
v -0.04491186 -0.01727147 0.00047529 0.54117647 0.42352941 0.64313725
v -0.04415204 -0.01727147 0.00193448 0.54117647 0.42352941 0.64313725
v -0.04554339 -0.01727147 -0.00085629 0.54117647 0.42352941 0.64313725
v -0.04812874 0.00779456 -0.00780271 0.54117647 0.42352941 0.64313725
v -0.04843464 0.00672194 -0.00885687 0.54117647 0.42352941 0.64313725
v -0.04879974 -0.01627228 -0.00985556 0.54117647 0.42352941 0.64313725
v -0.04007668 -0.02027225 0.00776014 0.54117647 0.42352941 0.64313725
v -0.04017535 -0.01926986 0.00788775 0.54117647 0.42352941 0.64313725
v -0.04073781 -0.01935925 0.00707216 0.54117647 0.42352941 0.64313725
v -0.04102398 -0.01908152 0.00669488 0.54117647 0.42352941 0.64313725
v -0.03831035 -0.02027225 0.01003493 0.54117647 0.42352941 0.64313725
v -0.03881361 -0.02027225 0.00941352 0.54117647 0.42352941 0.64313725
v -0.03920832 -0.02027225 0.00891418 0.54117647 0.42352941 0.64313725
v -0.03970170 -0.02027225 0.00825949 0.54117647 0.42352941 0.64313725
v -0.04895762 -0.01527309 -0.01048806 0.54117647 0.42352941 0.64313725
v -0.04868133 0.00779456 -0.00978343 0.54117647 0.42352941 0.64313725
v 0.03410887 0.00779456 0.01579402 0.54117647 0.42352941 0.64313725
v 0.03997030 0.00472356 0.00761034 0.54117647 0.42352941 0.64313725
v 0.04014792 -0.01527309 0.00786556 0.54117647 0.42352941 0.64313725
v 0.04064130 -0.01527309 0.00713874 0.54117647 0.42352941 0.64313725
v 0.04014792 -0.01627228 0.00786556 0.54117647 0.42352941 0.64313725
v 0.03978281 -0.01627228 0.00836490 0.54117647 0.42352941 0.64313725
v 0.03286554 0.00779456 0.01743630 0.54117647 0.42352941 0.64313725
v 0.03376350 -0.01427070 0.01538344 0.54117647 0.42352941 0.64313725
v 0.03283593 0.00779456 0.01746959 0.54117647 0.42352941 0.64313725
v 0.03281620 -0.01327151 0.01645426 0.54117647 0.42352941 0.64313725
v 0.03278660 -0.01427070 0.01642652 0.54117647 0.42352941 0.64313725
v 0.03228334 -0.01427070 0.01693696 0.54117647 0.42352941 0.64313725
v 0.03224387 -0.01527309 0.01688702 0.54117647 0.42352941 0.64313725
v 0.03173075 -0.01527309 0.01738636 0.54117647 0.42352941 0.64313725
v 0.03122750 -0.01527309 0.01785796 0.54117647 0.42352941 0.64313725
v 0.03066503 -0.01527309 0.01835731 0.54117647 0.42352941 0.64313725
v 0.03016178 -0.01527309 0.01876788 0.54117647 0.42352941 0.64313725
v 0.02949078 -0.01627228 0.01912852 0.54117647 0.42352941 0.64313725
v 0.02888884 -0.01627228 0.01956128 0.54117647 0.42352941 0.64313725
v 0.02826718 -0.01727147 0.01983314 0.54117647 0.42352941 0.64313725
v 0.02740869 -0.01723317 0.02036578 0.54117647 0.42352941 0.64313725
v 0.02680676 -0.01827067 0.02053222 0.54117647 0.42352941 0.64313725
v 0.02663900 -0.01926986 0.02044345 0.54117647 0.42352941 0.64313725
v 0.02603707 -0.01990194 0.02065983 0.54117647 0.42352941 0.64313725
v -0.01875252 0.00779456 0.02452697 0.54117647 0.42352941 0.64313725
v -0.02203848 -0.01827067 0.02266275 0.54117647 0.42352941 0.64313725
v -0.02149575 -0.01827067 0.02292352 0.54117647 0.42352941 0.64313725
v -0.01998599 -0.01827067 0.02363370 0.54117647 0.42352941 0.64313725
v 0.02506017 -0.01701928 0.02166962 0.54117647 0.42352941 0.64313725
v 0.02309649 0.00779456 0.02569210 0.54117647 0.42352941 0.64313725
v 0.02549435 -0.01827067 0.02124240 0.54117647 0.42352941 0.64313725
v 0.02467533 -0.01926986 0.02148652 0.54117647 0.42352941 0.64313725
v 0.02543514 -0.01731936 0.02143104 0.54117647 0.42352941 0.64313725
v 0.02655020 -0.01723317 0.02085402 0.54117647 0.42352941 0.64313725
v -0.03796498 -0.01961463 0.01060640 0.54117647 0.42352941 0.64313725
v -0.03654403 -0.01926986 0.01220430 0.54117647 0.42352941 0.64313725
v -0.03705715 -0.01926986 0.01170495 0.54117647 0.42352941 0.64313725
v -0.03802419 -0.01894744 0.01067298 0.54117647 0.42352941 0.64313725
v -0.02889654 -0.01926986 0.01856814 0.54117647 0.42352941 0.64313725
v -0.02948861 -0.02027225 0.01808544 0.54117647 0.42352941 0.64313725
v -0.03005107 -0.02027225 0.01768042 0.54117647 0.42352941 0.64313725
v -0.03055432 -0.02027225 0.01730869 0.54117647 0.42352941 0.64313725
v -0.02715982 -0.01926986 0.01974437 0.54117647 0.42352941 0.64313725
v -0.02766308 -0.01926986 0.01941148 0.54117647 0.42352941 0.64313725
v -0.03126480 -0.01926986 0.01684263 0.54117647 0.42352941 0.64313725
v -0.03010041 -0.01926986 0.01771371 0.54117647 0.42352941 0.64313725
v -0.03013988 -0.01827067 0.01774700 0.54117647 0.42352941 0.64313725
v -0.03175818 -0.01926986 0.01645426 0.54117647 0.42352941 0.64313725
v -0.03241932 -0.01827067 0.01597711 0.54117647 0.42352941 0.64313725
v -0.03293244 -0.01727147 0.01558873 0.54117647 0.42352941 0.64313725
v -0.03349490 -0.01827067 0.01507829 0.54117647 0.42352941 0.64313725
v -0.03398829 -0.01877186 0.01463443 0.54117647 0.42352941 0.64313725
v -0.03357384 -0.01917090 0.01497287 0.54117647 0.42352941 0.64313725
v -0.03450141 -0.01827067 0.01420721 0.54117647 0.42352941 0.64313725
v -0.03506387 -0.01827067 0.01370232 0.54117647 0.42352941 0.64313725
v -0.03556713 -0.01827067 0.01323627 0.54117647 0.42352941 0.64313725
v -0.03609012 -0.01827067 0.01273693 0.54117647 0.42352941 0.64313725
v -0.02149575 -0.01926986 0.02290688 0.54117647 0.42352941 0.64313725
v -0.02201874 -0.01926986 0.02265166 0.54117647 0.42352941 0.64313725
v -0.02252199 -0.01926986 0.02239089 0.54117647 0.42352941 0.64313725
v -0.02345943 -0.01926986 0.02189155 0.54117647 0.42352941 0.64313725
v -0.02398242 -0.01827067 0.02163078 0.54117647 0.42352941 0.64313725
v -0.02449554 -0.01827067 0.02134227 0.54117647 0.42352941 0.64313725
v -0.02586715 -0.01827067 0.02056551 0.54117647 0.42352941 0.64313725
v -0.02648882 -0.01827067 0.02019933 0.54117647 0.42352941 0.64313725
v -0.02648882 -0.01926986 0.02015494 0.54117647 0.42352941 0.64313725
v -0.04589863 -0.01627228 -0.00157202 0.54117647 0.42352941 0.64313725
v -0.04590850 -0.01527309 -0.00154982 0.54117647 0.42352941 0.64313725
v -0.04611572 -0.01527309 -0.00204917 0.54117647 0.42352941 0.64313725
v -0.04644136 -0.01427070 -0.00285366 0.54117647 0.42352941 0.64313725
v -0.04681633 -0.01427070 -0.00379132 0.54117647 0.42352941 0.64313725
v -0.04779324 0.00779456 -0.00677628 0.54117647 0.42352941 0.64313725
v -0.04701369 -0.01227231 -0.00430176 0.54117647 0.42352941 0.64313725
v -0.04746760 0.00779456 -0.00585527 0.54117647 0.42352941 0.64313725
v -0.04073781 -0.01827067 0.00725525 0.54117647 0.42352941 0.64313725
v -0.04078715 -0.01727147 0.00732183 0.54117647 0.42352941 0.64313725
v -0.04082662 -0.01627228 0.00738286 0.54117647 0.42352941 0.64313725
v -0.04196141 -0.01627228 0.00559633 0.54117647 0.42352941 0.64313725
v -0.04227718 -0.01627228 0.00509698 0.54117647 0.42352941 0.64313725
v -0.04275083 -0.01727147 0.00424810 0.54117647 0.42352941 0.64313725
v -0.04343170 -0.01727147 0.00313845 0.54117647 0.42352941 0.64313725
v -0.04308633 -0.01627228 0.00379314 0.54117647 0.42352941 0.64313725
v -0.04348104 -0.01627228 0.00313845 0.54117647 0.42352941 0.64313725
v -0.04388562 -0.01627228 0.00245047 0.54117647 0.42352941 0.64313725
v -0.04416191 -0.01627228 0.00195667 0.54117647 0.42352941 0.64313725
v -0.04458622 -0.01627228 0.00114663 0.54117647 0.42352941 0.64313725
v -0.04491186 -0.01627228 0.00049193 0.54117647 0.42352941 0.64313725
v -0.04516842 -0.01527309 -0.00000741 0.54117647 0.42352941 0.64313725
v -0.04515855 -0.01627228 -0.00000741 0.54117647 0.42352941 0.64313725
v -0.04558286 -0.01527309 -0.00085629 0.54117647 0.42352941 0.64313725
v -0.04840503 0.00779456 -0.00877920 0.54117647 0.42352941 0.64313725
v -0.03979051 -0.01926986 0.00838710 0.54117647 0.42352941 0.64313725
v -0.03987932 -0.01827067 0.00849806 0.54117647 0.42352941 0.64313725
v -0.04024442 -0.01827067 0.00799872 0.54117647 0.42352941 0.64313725
v -0.03833996 -0.01927625 0.01021802 0.54117647 0.42352941 0.64313725
v -0.03890241 -0.01926986 0.00952449 0.54117647 0.42352941 0.64313725
v -0.03929712 -0.01926986 0.00902515 0.54117647 0.42352941 0.64313725
v 0.03324051 0.00779456 0.01697025 0.54117647 0.42352941 0.64313725
v 0.03978281 -0.01527309 0.00836490 0.54117647 0.42352941 0.64313725
v 0.03234255 0.00779456 0.01793009 0.54117647 0.42352941 0.64313725
v 0.03178009 -0.01427070 0.01743630 0.54117647 0.42352941 0.64313725
v 0.03127684 -0.01427070 0.01788016 0.54117647 0.42352941 0.64313725
v 0.02634297 0.00779456 0.02334519 0.54117647 0.42352941 0.64313725
v 0.02599760 0.00779456 0.02363925 0.54117647 0.42352941 0.64313725
v 0.02949078 -0.01527309 0.01924503 0.54117647 0.42352941 0.64313725
v 0.02490228 0.00779456 0.02452142 0.54117647 0.42352941 0.64313725
v 0.02487268 0.00779456 0.02454361 0.54117647 0.42352941 0.64313725
v 0.02441877 0.00779456 0.02485431 0.54117647 0.42352941 0.64313725
v 0.02435956 0.00772114 0.02488760 0.54117647 0.42352941 0.64313725
v 0.02838559 -0.01627228 0.01989417 0.54117647 0.42352941 0.64313725
v 0.02702385 -0.01687563 0.02065429 0.54117647 0.42352941 0.64313725
v -0.02022282 0.00779456 0.02381679 0.54117647 0.42352941 0.64313725
v -0.02254173 -0.01827067 0.02240198 0.54117647 0.42352941 0.64313725
v -0.02079514 0.00779456 0.02353938 0.54117647 0.42352941 0.64313725
v -0.02143654 0.00779456 0.02322313 0.54117647 0.42352941 0.64313725
v 0.02312610 0.00779456 0.02567545 0.54117647 0.42352941 0.64313725
v -0.03902083 -0.01792590 0.00966874 0.54117647 0.42352941 0.64313725
v -0.03659337 -0.01827067 0.01224868 0.54117647 0.42352941 0.64313725
v -0.03709662 -0.01827067 0.01174934 0.54117647 0.42352941 0.64313725
v -0.03816234 -0.01627228 0.01081723 0.54117647 0.42352941 0.64313725
v -0.03811300 -0.01727147 0.01076730 0.54117647 0.42352941 0.64313725
v -0.03906030 -0.01727147 0.00971868 0.54117647 0.42352941 0.64313725
v -0.02893602 -0.01827067 0.01859588 0.54117647 0.42352941 0.64313725
v -0.02719930 -0.01827067 0.01977211 0.54117647 0.42352941 0.64313725
v -0.03064313 -0.01827067 0.01736972 0.54117647 0.42352941 0.64313725
v -0.03178779 -0.01827067 0.01647645 0.54117647 0.42352941 0.64313725
v -0.02948861 -0.01727147 0.01824079 0.54117647 0.42352941 0.64313725
v -0.03015961 -0.01727147 0.01776364 0.54117647 0.42352941 0.64313725
v -0.03492572 0.00472356 0.01458450 0.54117647 0.42352941 0.64313725
v -0.03399816 -0.01827067 0.01464553 0.54117647 0.42352941 0.64313725
v -0.03508361 -0.01727147 0.01371897 0.54117647 0.42352941 0.64313725
v -0.03611972 -0.01727147 0.01275912 0.54117647 0.42352941 0.64313725
v -0.03662297 -0.01727147 0.01228752 0.54117647 0.42352941 0.64313725
v -0.02347916 -0.01827067 0.02190264 0.54117647 0.42352941 0.64313725
v -0.02399229 -0.01772478 0.02163633 0.54117647 0.42352941 0.64313725
v -0.02538363 -0.01727147 0.02085957 0.54117647 0.42352941 0.64313725
v -0.02588689 -0.01727147 0.02057106 0.54117647 0.42352941 0.64313725
v -0.02589676 -0.01627228 0.02057661 0.54117647 0.42352941 0.64313725
v -0.02648882 -0.01727147 0.02021042 0.54117647 0.42352941 0.64313725
v -0.02720916 -0.01727147 0.01977766 0.54117647 0.42352941 0.64313725
v -0.04590850 -0.01427070 -0.00155537 0.54117647 0.42352941 0.64313725
v -0.04696435 0.00572275 -0.00442382 0.54117647 0.42352941 0.64313725
v -0.04603678 0.00779456 -0.00217123 0.54117647 0.42352941 0.64313725
v -0.04714196 0.00672194 -0.00493426 0.54117647 0.42352941 0.64313725
v -0.04695448 0.00779456 -0.00444601 0.54117647 0.42352941 0.64313725
v -0.04028390 -0.01727147 0.00808194 0.54117647 0.42352941 0.64313725
v -0.03994840 -0.01727147 0.00858129 0.54117647 0.42352941 0.64313725
v -0.04032337 -0.01627228 0.00812078 0.54117647 0.42352941 0.64313725
v -0.04084636 -0.01527309 0.00742170 0.54117647 0.42352941 0.64313725
v -0.04117199 -0.01527309 0.00692236 0.54117647 0.42352941 0.64313725
v -0.04198114 -0.01551251 0.00562407 0.54117647 0.42352941 0.64313725
v -0.04278043 -0.01627228 0.00429249 0.54117647 0.42352941 0.64313725
v -0.04310607 -0.01527309 0.00382643 0.54117647 0.42352941 0.64313725
v -0.04350078 -0.01527309 0.00313845 0.54117647 0.42352941 0.64313725
v -0.04341197 0.00672194 0.00313845 0.54117647 0.42352941 0.64313725
v -0.04380667 0.00779456 0.00240608 0.54117647 0.42352941 0.64313725
v -0.04408297 0.00779456 0.00189564 0.54117647 0.42352941 0.64313725
v -0.04446781 0.00779456 0.00114663 0.54117647 0.42352941 0.64313725
v -0.04510921 0.00779456 -0.00012392 0.54117647 0.42352941 0.64313725
v -0.04546445 0.00779456 -0.00085629 0.54117647 0.42352941 0.64313725
v -0.03952408 -0.01727147 0.00913611 0.54117647 0.42352941 0.64313725
v 0.02710279 0.00779456 0.02267385 0.54117647 0.42352941 0.64313725
v 0.02436943 0.00779456 0.02488760 0.54117647 0.42352941 0.64313725
v 0.02358988 0.00779456 0.02539249 0.54117647 0.42352941 0.64313725
v 0.02757644 -0.01627228 0.02039352 0.54117647 0.42352941 0.64313725
v -0.02219636 0.00779456 0.02282365 0.54117647 0.42352941 0.64313725
v -0.02400215 -0.01705759 0.02164187 0.54117647 0.42352941 0.64313725
v -0.03713609 -0.01727147 0.01178818 0.54117647 0.42352941 0.64313725
v -0.03766895 -0.01627228 0.01131657 0.54117647 0.42352941 0.64313725
v -0.03597170 0.00472356 0.01361910 0.54117647 0.42352941 0.64313725
v -0.03645522 0.00472356 0.01311976 0.54117647 0.42352941 0.64313725
v -0.03694861 0.00472356 0.01259822 0.54117647 0.42352941 0.64313725
v -0.03865572 -0.01627228 0.01025686 0.54117647 0.42352941 0.64313725
v -0.03908990 -0.01627228 0.00975752 0.54117647 0.42352941 0.64313725
v -0.02895575 -0.01727147 0.01861253 0.54117647 0.42352941 0.64313725
v -0.02771242 -0.01727147 0.01945031 0.54117647 0.42352941 0.64313725
v -0.03066287 -0.01727147 0.01738082 0.54117647 0.42352941 0.64313725
v -0.03130427 -0.01727147 0.01688147 0.54117647 0.42352941 0.64313725
v -0.03149175 0.00272198 0.01714779 0.54117647 0.42352941 0.64313725
v -0.03210356 0.00272198 0.01672057 0.54117647 0.42352941 0.64313725
v -0.03377120 0.00372117 0.01546667 0.54117647 0.42352941 0.64313725
v -0.03443234 0.00472356 0.01496733 0.54117647 0.42352941 0.64313725
v -0.03493559 0.00572275 0.01459004 0.54117647 0.42352941 0.64313725
v -0.03598157 0.00572275 0.01363020 0.54117647 0.42352941 0.64313725
v -0.03546845 0.00472356 0.01408515 0.54117647 0.42352941 0.64313725
v -0.03716569 -0.01627228 0.01181037 0.54117647 0.42352941 0.64313725
v -0.02539350 -0.01627228 0.02087067 0.54117647 0.42352941 0.64313725
v -0.02605464 0.00772114 0.02067648 0.54117647 0.42352941 0.64313725
v -0.02549218 0.00772114 0.02101492 0.54117647 0.42352941 0.64313725
v -0.02772229 -0.01527309 0.01946141 0.54117647 0.42352941 0.64313725
v -0.03087009 0.00272198 0.01756391 0.54117647 0.42352941 0.64313725
v -0.04581969 0.00779456 -0.00164969 0.54117647 0.42352941 0.64313725
v -0.04631308 0.00779456 -0.00285366 0.54117647 0.42352941 0.64313725
v -0.04672752 0.00672194 -0.00385790 0.54117647 0.42352941 0.64313725
v -0.04671765 0.00779456 -0.00385790 0.54117647 0.42352941 0.64313725
v -0.03997800 -0.01627228 0.00862012 0.54117647 0.42352941 0.64313725
v -0.04118186 -0.01427070 0.00692236 0.54117647 0.42352941 0.64313725
v -0.04168511 -0.01427070 0.00615670 0.54117647 0.42352941 0.64313725
v -0.04034310 -0.01527309 0.00812078 0.54117647 0.42352941 0.64313725
v -0.04001747 0.00372117 0.00867006 0.54117647 0.42352941 0.64313725
v -0.04200088 -0.01427070 0.00565736 0.54117647 0.42352941 0.64313725
v -0.04223771 -0.01521563 0.00523014 0.54117647 0.42352941 0.64313725
v -0.04281003 -0.01427070 0.00433132 0.54117647 0.42352941 0.64313725
v -0.04310607 -0.01427070 0.00383198 0.54117647 0.42352941 0.64313725
v -0.04306660 0.00572275 0.00376540 0.54117647 0.42352941 0.64313725
v -0.04340210 0.00779456 0.00313845 0.54117647 0.42352941 0.64313725
v -0.03958329 -0.01627228 0.00913611 0.54117647 0.42352941 0.64313725
v -0.02464356 0.00779456 0.02149207 0.54117647 0.42352941 0.64313725
v -0.03695847 0.00572275 0.01259822 0.54117647 0.42352941 0.64313725
v -0.03738279 0.00472356 0.01209888 0.54117647 0.42352941 0.64313725
v -0.03787617 0.00472356 0.01149967 0.54117647 0.42352941 0.64313725
v -0.03827088 0.00372117 0.01099478 0.54117647 0.42352941 0.64313725
v -0.03149175 0.00372117 0.01715889 0.54117647 0.42352941 0.64313725
v -0.03260681 0.00372117 0.01634329 0.54117647 0.42352941 0.64313725
v -0.03210356 0.00472356 0.01672057 0.54117647 0.42352941 0.64313725
v -0.03260681 0.00472356 0.01634329 0.54117647 0.42352941 0.64313725
v -0.03443234 0.00572275 0.01496733 0.54117647 0.42352941 0.64313725
v -0.03437313 0.00672194 0.01492849 0.54117647 0.42352941 0.64313725
v -0.03487638 0.00672194 0.01454566 0.54117647 0.42352941 0.64313725
v -0.03543884 0.00672194 0.01404632 0.54117647 0.42352941 0.64313725
v -0.03594210 0.00672194 0.01359136 0.54117647 0.42352941 0.64313725
v -0.03087009 0.00372117 0.01756946 0.54117647 0.42352941 0.64313725
v -0.02605464 0.00779456 0.02067648 0.54117647 0.42352941 0.64313725
v -0.02549218 0.00779456 0.02100937 0.54117647 0.42352941 0.64313725
v -0.03877414 0.00472356 0.01035118 0.54117647 0.42352941 0.64313725
v -0.03914911 0.00472356 0.00985184 0.54117647 0.42352941 0.64313725
v -0.04037271 0.00372117 0.00813743 0.54117647 0.42352941 0.64313725
v -0.04037271 0.00472356 0.00813743 0.54117647 0.42352941 0.64313725
v -0.04200088 -0.01327151 0.00565736 0.54117647 0.42352941 0.64313725
v -0.04084636 0.00372117 0.00741615 0.54117647 0.42352941 0.64313725
v -0.03965236 0.00472356 0.00916940 0.54117647 0.42352941 0.64313725
v -0.04001747 0.00472356 0.00867006 0.54117647 0.42352941 0.64313725
v -0.04277056 0.00672194 0.00426474 0.54117647 0.42352941 0.64313725
v -0.04164564 0.00372117 0.00614005 0.54117647 0.42352941 0.64313725
v -0.04226731 0.00672194 0.00509698 0.54117647 0.42352941 0.64313725
v -0.04305673 0.00779456 0.00374876 0.54117647 0.42352941 0.64313725
v -0.03640588 0.00672194 0.01309202 0.54117647 0.42352941 0.64313725
v -0.03690914 0.00672194 0.01253719 0.54117647 0.42352941 0.64313725
v -0.03732358 0.00672194 0.01203785 0.54117647 0.42352941 0.64313725
v -0.03736305 0.00572275 0.01209888 0.54117647 0.42352941 0.64313725
v -0.03786631 0.00572275 0.01147747 0.54117647 0.42352941 0.64313725
v -0.03827088 0.00472356 0.01100032 0.54117647 0.42352941 0.64313725
v -0.03149175 0.00472356 0.01713669 0.54117647 0.42352941 0.64313725
v -0.02731771 0.00779456 0.01984979 0.54117647 0.42352941 0.64313725
v -0.02778149 0.00779456 0.01953909 0.54117647 0.42352941 0.64313725
v -0.03206408 0.00572275 0.01669283 0.54117647 0.42352941 0.64313725
v -0.03256734 0.00572275 0.01633774 0.54117647 0.42352941 0.64313725
v -0.03325808 0.00572275 0.01583840 0.54117647 0.42352941 0.64313725
v -0.03376133 0.00572275 0.01546667 0.54117647 0.42352941 0.64313725
v -0.03472837 0.00772114 0.01443469 0.54117647 0.42352941 0.64313725
v -0.03369226 0.00672194 0.01542783 0.54117647 0.42352941 0.64313725
v -0.03183712 0.00779456 0.01657632 0.54117647 0.42352941 0.64313725
v -0.03532043 0.00772114 0.01393535 0.54117647 0.42352941 0.64313725
v -0.03582368 0.00772114 0.01347485 0.54117647 0.42352941 0.64313725
v -0.03629734 0.00772114 0.01297550 0.54117647 0.42352941 0.64313725
v -0.02655789 0.00779456 0.02034913 0.54117647 0.42352941 0.64313725
v -0.03875440 0.00572275 0.01034008 0.54117647 0.42352941 0.64313725
v -0.03913924 0.00572275 0.00984074 0.54117647 0.42352941 0.64313725
v -0.03826101 0.00572275 0.01097813 0.54117647 0.42352941 0.64313725
v -0.04084636 0.00472356 0.00741060 0.54117647 0.42352941 0.64313725
v -0.04027403 0.00579617 0.00823729 0.54117647 0.42352941 0.64313725
v -0.04195154 0.00779456 0.00558523 0.54117647 0.42352941 0.64313725
v -0.04116212 0.00372117 0.00691681 0.54117647 0.42352941 0.64313725
v -0.03998787 0.00617925 0.00863677 0.54117647 0.42352941 0.64313725
v -0.03971157 0.00579617 0.00904734 0.54117647 0.42352941 0.64313725
v -0.04226731 0.00779456 0.00508589 0.54117647 0.42352941 0.64313725
v -0.04273109 0.00779456 0.00430913 0.54117647 0.42352941 0.64313725
v -0.04196141 0.00672194 0.00559633 0.54117647 0.42352941 0.64313725
v -0.04116212 0.00472356 0.00691126 0.54117647 0.42352941 0.64313725
v -0.03680059 0.00772114 0.01242623 0.54117647 0.42352941 0.64313725
v -0.03723477 0.00772114 0.01192688 0.54117647 0.42352941 0.64313725
v -0.03773803 0.00772114 0.01133877 0.54117647 0.42352941 0.64313725
v -0.03815247 0.00772114 0.01083942 0.54117647 0.42352941 0.64313725
v -0.03822154 0.00672194 0.01092820 0.54117647 0.42352941 0.64313725
v -0.03872480 0.00672194 0.01029570 0.54117647 0.42352941 0.64313725
v -0.03470863 0.00779456 0.01442914 0.54117647 0.42352941 0.64313725
v -0.03531056 0.00779456 0.01392425 0.54117647 0.42352941 0.64313725
v -0.03581382 0.00779456 0.01345820 0.54117647 0.42352941 0.64313725
v -0.03625786 0.00779456 0.01299770 0.54117647 0.42352941 0.64313725
v -0.03910964 0.00672194 0.00979635 0.54117647 0.42352941 0.64313725
v -0.04112265 0.00779456 0.00683359 0.54117647 0.42352941 0.64313725
v -0.04155683 0.00779456 0.00618444 0.54117647 0.42352941 0.64313725
v -0.04158644 0.00779456 0.00614005 0.54117647 0.42352941 0.64313725
v -0.03996813 0.00672194 0.00860903 0.54117647 0.42352941 0.64313725
v -0.04074768 0.00779456 0.00737732 0.54117647 0.42352941 0.64313725
v -0.03675125 0.00779456 0.01244842 0.54117647 0.42352941 0.64313725
v -0.03679072 0.00779456 0.01240403 0.54117647 0.42352941 0.64313725
v -0.03722490 0.00779456 0.01191024 0.54117647 0.42352941 0.64313725
v -0.03767882 0.00779456 0.01137761 0.54117647 0.42352941 0.64313725
v -0.03814260 0.00779456 0.01082833 0.54117647 0.42352941 0.64313725
v -0.03859652 0.00779456 0.01025131 0.54117647 0.42352941 0.64313725
v -0.03904056 0.00772114 0.00970203 0.54117647 0.42352941 0.64313725
v -0.04028390 0.00779456 0.00802646 0.54117647 0.42352941 0.64313725
v -0.03900109 0.00779456 0.00972977 0.54117647 0.42352941 0.64313725
v -0.03903070 0.00779456 0.00969094 0.54117647 0.42352941 0.64313725
v -0.03944514 0.00779456 0.00914166 0.54117647 0.42352941 0.64313725
v -0.03990892 0.00779456 0.00852580 0.54117647 0.42352941 0.64313725
f 1295 1296 1297
f 1295 1297 1298
f 1295 1298 1299
f 1295 1299 1300
f 1295 1300 1301
f 1295 1301 1302
f 1295 1302 1303
f 1295 1303 1304
f 1295 1304 1296
f 1296 1305 1297
f 1296 1304 1306
f 1296 1306 1307
f 1296 1307 1308
f 1296 1308 1309
f 1296 1309 1305
f 1297 1310 1298
f 1297 1305 1310
f 1298 1310 1311
f 1298 1311 1312
f 1298 1312 1313
f 1298 1313 1299
f 1299 1314 1315
f 1299 1315 1316
f 1299 1316 1317
f 1299 1317 1318
f 1299 1318 1300
f 1299 1313 1314
f 1300 1318 1319
f 1300 1319 1320
f 1300 1320 1321
f 1300 1321 1322
f 1300 1322 1302
f 1300 1302 1301
f 1302 1322 1321
f 1302 1321 1323
f 1302 1323 1324
f 1302 1324 1325
f 1302 1325 1326
f 1302 1326 1327
f 1302 1327 1328
f 1302 1328 1329
f 1302 1329 1330
f 1302 1330 1331
f 1302 1331 1332
f 1302 1332 1333
f 1302 1333 1334
f 1302 1334 1304
f 1302 1304 1303
f 1304 1334 1306
f 1305 1335 1336
f 1305 1336 1337
f 1305 1337 1310
f 1305 1309 1338
f 1305 1338 1335
f 1306 1334 1307
f 1307 1334 1333
f 1307 1333 1339
f 1307 1339 1340
f 1307 1340 1308
f 1308 1340 1341
f 1308 1341 1309
f 1309 1341 1338
f 1310 1337 1342
f 1310 1342 1311
f 1311 1342 1343
f 1311 1343 1344
f 1311 1344 1345
f 1311 1345 1312
f 1312 1345 1346
f 1312 1346 1313
f 1313 1346 1347
f 1313 1347 1314
f 1314 1347 1348
f 1314 1348 1315
f 1315 1348 1349
f 1315 1349 1350
f 1315 1350 1382
f 1315 1382 1380
f 1315 1380 1424
f 1315 1424 1457
f 1315 1457 1495
f 1315 1495 1493
f 1315 1493 1539
f 1315 1539 1595
f 1315 1595 1598
f 1315 1598 1664
f 1315 1664 1743
f 1315 1743 1742
f 1315 1742 1821
f 1315 1821 1920
f 1315 1920 2024
f 1315 2024 2135
f 1315 2135 2134
f 1315 2134 2163
f 1315 2163 2165
f 1315 2165 2295
f 1315 2295 2407
f 1315 2407 2293
f 1315 2293 2406
f 1315 2406 2520
f 1315 2520 2611
f 1315 2611 2508
f 1315 2508 2488
f 1315 2488 2592
f 1315 2592 2594
f 1315 2594 2665
f 1315 2665 2715
f 1315 2715 2713
f 1315 2713 2663
f 1315 2663 2712
f 1315 2712 2680
f 1315 2680 2679
f 1315 2679 2678
f 1315 2678 2677
f 1315 2677 2676
f 1315 2676 2726
f 1315 2726 2756
f 1315 2756 2787
f 1315 2787 2786
f 1315 2786 2782
f 1315 2782 2803
f 1315 2803 2802
f 1315 2802 2801
f 1315 2801 2805
f 1315 2805 2813
f 1315 2813 2817
f 1315 2817 2816
f 1315 2816 2815
f 1315 2815 2814
f 1315 2814 2811
f 1315 2811 2810
f 1315 2810 2809
f 1315 2809 2808
f 1315 2808 2807
f 1315 2807 2806
f 1315 2806 2799
f 1315 2799 2798
f 1315 2798 2797
f 1315 2797 2796
f 1315 2796 2772
f 1315 2772 2765
f 1315 2765 2764
f 1315 2764 2776
f 1315 2776 2743
f 1315 2743 2744
f 1315 2744 2728
f 1315 2728 2686
f 1315 2686 2635
f 1315 2635 2634
f 1315 2634 2632
f 1315 2632 2545
f 1315 2545 2440
f 1315 2440 2329
f 1315 2329 2196
f 1315 2196 2199
f 1315 2199 2112
f 1315 2112 2111
f 1315 2111 2110
f 1315 2110 2109
f 1315 2109 2108
f 1315 2108 2107
f 1315 2107 2106
f 1315 2106 2233
f 1315 2233 2232
f 1315 2232 2231
f 1315 2231 2230
f 1315 2230 2344
f 1315 2344 2455
f 1315 2455 2348
f 1315 2348 2223
f 1315 2223 2222
f 1315 2222 2221
f 1315 2221 2228
f 1315 2228 2227
f 1315 2227 2226
f 1315 2226 2225
f 1315 2225 2224
f 1315 2224 2214
f 1315 2214 2213
f 1315 2213 2212
f 1315 2212 2211
f 1315 2211 2209
f 1315 2209 2208
f 1315 2208 2207
f 1315 2207 2206
f 1315 2206 2335
f 1315 2335 2447
f 1315 2447 2550
f 1315 2550 2636
f 1315 2636 2684
f 1315 2684 2683
f 1315 2683 2628
f 1315 2628 2627
f 1315 2627 2626
f 1315 2626 2624
f 1315 2624 2623
f 1315 2623 2682
f 1315 2682 2620
f 1315 2620 2529
f 1315 2529 2527
f 1315 2527 2618
f 1315 2618 2521
f 1315 2521 2411
f 1315 2411 2301
f 1315 2301 2296
f 1315 2296 2173
f 1315 2173 2170
f 1315 2170 2169
f 1315 2169 2168
f 1315 2168 2167
f 1315 2167 2166
f 1315 2166 2056
f 1315 2056 2052
f 1315 2052 2055
f 1315 2055 2054
f 1315 2054 2053
f 1315 2053 2051
f 1315 2051 1955
f 1315 1955 1858
f 1315 1858 1855
f 1315 1855 1951
f 1315 1951 1956
f 1315 1956 1926
f 1315 1926 1827
f 1315 1827 1747
f 1315 1747 1746
f 1315 1746 1670
f 1315 1670 1665
f 1315 1665 1599
f 1315 1599 1542
f 1315 1542 1500
f 1315 1500 1460
f 1315 1460 1459
f 1315 1459 1426
f 1315 1426 1387
f 1315 1387 1358
f 1315 1358 1357
f 1315 1357 1329
f 1315 1329 1328
f 1315 1328 1327
f 1315 1327 1325
f 1315 1325 1324
f 1315 1324 1355
f 1315 1355 1385
f 1315 1385 1384
f 1315 1384 1351
f 1315 1351 1318
f 1315 1318 1316
f 1316 1318 1317
f 1318 1351 1352
f 1318 1352 1353
f 1318 1353 1354
f 1318 1354 1319
f 1319 1354 1320
f 1320 1354 1321
f 1321 1354 1323
f 1323 1355 1324
f 1323 1354 1356
f 1323 1356 1385
f 1323 1385 1355
f 1325 1327 1326
f 1329 1357 1330
f 1330 1357 1358
f 1330 1358 1359
f 1330 1359 1360
f 1330 1360 1331
f 1331 1360 1361
f 1331 1361 1362
f 1331 1362 1332
f 1332 1362 1363
f 1332 1363 1333
f 1333 1363 1339
f 1335 1364 1365
f 1335 1365 1366
f 1335 1366 1336
f 1335 1338 1367
f 1335 1367 1368
f 1335 1368 1364
f 1336 1366 1369
f 1336 1369 1337
f 1337 1369 1370
f 1337 1370 1343
f 1337 1343 1342
f 1338 1341 1371
f 1338 1371 1372
f 1338 1372 1373
f 1338 1373 1367
f 1339 1374 1341
f 1339 1341 1340
f 1339 1363 1375
f 1339 1375 1374
f 1341 1374 1371
f 1343 1370 1376
f 1343 1376 1377
f 1343 1377 1344
f 1344 1377 1345
f 1345 1377 1378
f 1345 1378 1347
f 1345 1347 1346
f 1347 1378 1379
f 1347 1379 1348
f 1348 1380 1349
f 1348 1379 1381
f 1348 1381 1380
f 1349 1382 1383
f 1349 1383 1350
f 1349 1380 1382
f 1350 1383 1382
f 1351 1384 1352
f 1352 1384 1385
f 1352 1385 1353
f 1353 1385 1356
f 1353 1356 1354
f 1358 1386 1359
f 1358 1387 1386
f 1359 1386 1388
f 1359 1388 1389
f 1359 1389 1360
f 1360 1390 1391
f 1360 1391 1361
f 1360 1389 1392
f 1360 1392 1390
f 1361 1391 1390
f 1361 1390 1393
f 1361 1393 1394
f 1361 1394 1395
f 1361 1395 1396
f 1361 1396 1397
f 1361 1397 1398
f 1361 1398 1362
f 1362 1398 1363
f 1363 1398 1397
f 1363 1397 1375
f 1364 1399 1400
f 1364 1400 1365
f 1364 1368 1399
f 1365 1400 1366
f 1366 1400 1401
f 1366 1401 1369
f 1367 1373 1368
f 1368 1402 1403
f 1368 1403 1404
f 1368 1404 1399
f 1368 1373 1405
f 1368 1405 1402
f 1369 1401 1406
f 1369 1406 1370
f 1370 1406 1407
f 1370 1407 1408
f 1370 1408 1376
f 1371 1374 1409
f 1371 1409 1410
f 1371 1410 1372
f 1372 1410 1411
f 1372 1411 1412
f 1372 1412 1413
f 1372 1413 1414
f 1372 1414 1373
f 1373 1414 1415
f 1373 1415 1405
f 1374 1375 1409
f 1375 1397 1416
f 1375 1416 1417
f 1375 1417 1409
f 1376 1408 1407
f 1376 1407 1418
f 1376 1418 1419
f 1376 1419 1420
f 1376 1420 1377
f 1377 1420 1421
f 1377 1421 1379
f 1377 1379 1378
f 1379 1421 1422
f 1379 1422 1381
f 1380 1381 1423
f 1380 1423 1424
f 1381 1422 1425
f 1381 1425 1423
f 1386 1387 1426
f 1386 1426 1388
f 1388 1426 1389
f 1389 1426 1427
f 1389 1427 1428
f 1389 1428 1429
f 1389 1429 1430
f 1389 1430 1392
f 1390 1392 1430
f 1390 1430 1393
f 1393 1430 1394
f 1394 1430 1431
f 1394 1431 1432
f 1394 1432 1433
f 1394 1433 1395
f 1395 1433 1396
f 1396 1433 1411
f 1396 1411 1416
f 1396 1416 1397
f 1399 1404 1434
f 1399 1434 1400
f 1400 1434 1435
f 1400 1435 1436
f 1400 1436 1437
f 1400 1437 1407
f 1400 1407 1401
f 1401 1407 1406
f 1402 1438 1439
f 1402 1439 1403
f 1402 1405 1438
f 1403 1439 1404
f 1404 1439 1438
f 1404 1438 1440
f 1404 1440 1434
f 1405 1415 1441
f 1405 1441 1438
f 1407 1437 1442
f 1407 1442 1443
f 1407 1443 1444
f 1407 1444 1418
f 1409 1417 1410
f 1410 1417 1411
f 1411 1417 1416
f 1411 1433 1412
f 1412 1433 1445
f 1412 1445 1413
f 1413 1445 1446
f 1413 1446 1447
f 1413 1447 1448
f 1413 1448 1449
f 1413 1449 1414
f 1414 1449 1415
f 1415 1449 1450
f 1415 1450 1451
f 1415 1451 1452
f 1415 1452 1441
f 1418 1444 1419
f 1419 1444 1420
f 1420 1444 1422
f 1420 1422 1421
f 1422 1444 1453
f 1422 1453 1454
f 1422 1454 1425
f 1423 1455 1424
f 1423 1425 1456
f 1423 1456 1455
f 1424 1455 1457
f 1425 1454 1458
f 1425 1458 1456
f 1426 1459 1427
f 1427 1459 1460
f 1427 1460 1461
f 1427 1461 1462
f 1427 1462 1463
f 1427 1463 1428
f 1428 1463 1464
f 1428 1464 1429
f 1429 1464 1430
f 1430 1464 1465
f 1430 1465 1466
f 1430 1466 1431
f 1431 1466 1467
f 1431 1467 1432
f 1432 1445 1433
f 1432 1467 1468
f 1432 1468 1445
f 1434 1440 1469
f 1434 1469 1435
f 1435 1470 1471
f 1435 1471 1472
f 1435 1472 1436
f 1435 1469 1473
f 1435 1473 1470
f 1436 1472 1437
f 1437 1472 1442
f 1438 1441 1440
f 1440 1474 1469
f 1440 1441 1474
f 1441 1452 1451
f 1441 1451 1475
f 1441 1475 1474
f 1442 1472 1443
f 1443 1472 1476
f 1443 1476 1477
f 1443 1477 1453
f 1443 1453 1444
f 1445 1468 1446
f 1446 1468 1478
f 1446 1478 1447
f 1447 1479 1480
f 1447 1480 1481
f 1447 1481 1448
f 1447 1478 1482
f 1447 1482 1483
f 1447 1483 1479
f 1448 1481 1449
f 1449 1481 1484
f 1449 1484 1485
f 1449 1485 1486
f 1449 1486 1450
f 1450 1486 1487
f 1450 1487 1451
f 1451 1488 1489
f 1451 1489 1536
f 1451 1536 1490
f 1451 1490 1491
f 1451 1491 1492
f 1451 1492 1475
f 1451 1487 1488
f 1453 1477 1454
f 1454 1477 1458
f 1455 1456 1457
f 1456 1458 1493
f 1456 1493 1494
f 1456 1494 1457
f 1457 1494 1495
f 1458 1477 1496
f 1458 1496 1497
f 1458 1497 1498
f 1458 1498 1499
f 1458 1499 1493
f 1460 1500 1461
f 1461 1500 1501
f 1461 1501 1502
f 1461 1502 1503
f 1461 1503 1462
f 1462 1503 1504
f 1462 1504 1463
f 1463 1504 1505
f 1463 1505 1464
f 1464 1505 1465
f 1465 1505 1506
f 1465 1506 1466
f 1466 1507 1467
f 1466 1506 1508
f 1466 1508 1509
f 1466 1509 1510
f 1466 1510 1507
f 1467 1478 1468
f 1467 1507 1478
f 1469 1474 1473
f 1470 1511 1512
f 1470 1512 1513
f 1470 1513 1471
f 1470 1473 1514
f 1470 1514 1511
f 1471 1513 1476
f 1471 1476 1472
f 1473 1474 1515
f 1473 1515 1514
f 1474 1475 1515
f 1475 1492 1515
f 1476 1513 1477
f 1477 1513 1516
f 1477 1516 1517
f 1477 1517 1496
f 1478 1507 1482
f 1479 1483 1518
f 1479 1518 1480
f 1480 1519 1485
f 1480 1485 1484
f 1480 1484 1481
f 1480 1518 1520
f 1480 1520 1521
f 1480 1521 1522
f 1480 1522 1523
f 1480 1523 1524
f 1480 1524 1525
f 1480 1525 1526
f 1480 1526 1527
f 1480 1527 1519
f 1482 1507 1528
f 1482 1528 1529
f 1482 1529 1483
f 1483 1529 1530
f 1483 1530 1531
f 1483 1531 1518
f 1485 1519 1532
f 1485 1532 1533
f 1485 1533 1486
f 1486 1533 1487
f 1487 1533 1488
f 1488 1534 1489
f 1488 1533 1535
f 1488 1535 1534
f 1489 1534 1536
f 1490 1537 1491
f 1490 1536 1538
f 1490 1538 1537
f 1491 1537 1492
f 1492 1537 1515
f 1493 1499 1539
f 1493 1495 1494
f 1496 1517 1560
f 1496 1560 1540
f 1496 1540 1497
f 1497 1540 1541
f 1497 1541 1498
f 1498 1541 1499
f 1499 1541 1539
f 1500 1542 1501
f 1501 1542 1502
f 1502 1543 1544
f 1502 1544 1503
f 1502 1542 1543
f 1503 1544 1504
f 1504 1544 1545
f 1504 1545 1505
f 1505 1545 1546
f 1505 1546 1508
f 1505 1508 1506
f 1507 1510 1547
f 1507 1547 1548
f 1507 1548 1528
f 1508 1546 1549
f 1508 1549 1509
f 1509 1549 1547
f 1509 1547 1510
f 1511 1550 1512
f 1511 1514 1550
f 1512 1516 1513
f 1512 1550 1551
f 1512 1551 1516
f 1514 1552 1553
f 1514 1553 1554
f 1514 1554 1555
f 1514 1555 1556
f 1514 1556 1550
f 1514 1515 1537
f 1514 1537 1552
f 1516 1557 1558
f 1516 1558 1559
f 1516 1559 1560
f 1516 1560 1517
f 1516 1551 1561
f 1516 1561 1562
f 1516 1562 1557
f 1518 1531 1530
f 1518 1530 1563
f 1518 1563 1520
f 1519 1527 1564
f 1519 1564 1532
f 1520 1563 1565
f 1520 1565 1566
f 1520 1566 1521
f 1521 1566 1567
f 1521 1567 1568
f 1521 1568 1569
f 1521 1569 1570
f 1521 1570 1571
f 1521 1571 1522
f 1522 1571 1572
f 1522 1572 1573
f 1522 1573 1523
f 1523 1573 1574
f 1523 1574 1524
f 1524 1574 1575
f 1524 1575 1576
f 1524 1576 1525
f 1525 1576 1577
f 1525 1577 1578
f 1525 1578 1579
f 1525 1579 1526
f 1526 1579 1527
f 1527 1579 1578
f 1527 1578 1580
f 1527 1580 1564
f 1528 1548 1529
f 1529 1548 1581
f 1529 1581 1582
f 1529 1582 1530
f 1530 1582 1563
f 1532 1564 1580
f 1532 1580 1583
f 1532 1583 1533
f 1533 1583 1584
f 1533 1584 1585
f 1533 1585 1586
f 1533 1586 1535
f 1534 1535 1587
f 1534 1587 1588
f 1534 1588 1589
f 1534 1589 1590
f 1534 1590 1538
f 1534 1538 1536
f 1535 1586 1587
f 1537 1553 1552
f 1537 1538 1591
f 1537 1591 1553
f 1538 1592 1593
f 1538 1593 1594
f 1538 1594 1591
f 1538 1590 1592
f 1539 1541 1595
f 1540 1560 1559
f 1540 1559 1596
f 1540 1596 1597
f 1540 1597 1541
f 1541 1597 1664
f 1541 1664 1598
f 1541 1598 1595
f 1542 1599 1543
f 1543 1600 1601
f 1543 1601 1602
f 1543 1602 1544
f 1543 1599 1603
f 1543 1603 1667
f 1543 1667 1600
f 1544 1602 1604
f 1544 1604 1545
f 1545 1604 1546
f 1546 1604 1605
f 1546 1605 1549
f 1547 1606 1548
f 1547 1549 1605
f 1547 1605 1607
f 1547 1607 1606
f 1548 1606 1608
f 1548 1608 1609
f 1548 1609 1581
f 1550 1610 1611
f 1550 1611 1551
f 1550 1556 1555
f 1550 1555 1610
f 1551 1611 1561
f 1553 1612 1613
f 1553 1613 1614
f 1553 1614 1554
f 1553 1591 1612
f 1554 1614 1615
f 1554 1615 1555
f 1555 1615 1610
f 1557 1562 1558
f 1558 1616 1559
f 1558 1562 1617
f 1558 1617 1616
f 1559 1616 1660
f 1559 1660 1596
f 1561 1611 1618
f 1561 1618 1562
f 1562 1618 1619
f 1562 1619 1620
f 1562 1620 1621
f 1562 1621 1684
f 1562 1684 1617
f 1563 1582 1622
f 1563 1622 1623
f 1563 1623 1565
f 1565 1623 1692
f 1565 1692 1624
f 1565 1624 1625
f 1565 1625 1566
f 1566 1625 1567
f 1567 1626 1627
f 1567 1627 1628
f 1567 1628 1629
f 1567 1629 1630
f 1567 1630 1568
f 1567 1625 1626
f 1568 1630 1569
f 1569 1630 1629
f 1569 1629 1631
f 1569 1631 1632
f 1569 1632 1633
f 1569 1633 1634
f 1569 1634 1570
f 1570 1634 1572
f 1570 1572 1571
f 1572 1634 1635
f 1572 1635 1573
f 1573 1635 1574
f 1574 1635 1575
f 1575 1636 1637
f 1575 1637 1638
f 1575 1638 1639
f 1575 1639 1576
f 1575 1635 1636
f 1576 1639 1640
f 1576 1640 1577
f 1577 1640 1578
f 1578 1583 1580
f 1578 1640 1641
f 1578 1641 1642
f 1578 1642 1584
f 1578 1584 1583
f 1581 1609 1582
f 1582 1609 1643
f 1582 1643 1644
f 1582 1644 1645
f 1582 1645 1622
f 1584 1642 1641
f 1584 1641 1646
f 1584 1646 1585
f 1585 1646 1647
f 1585 1647 1586
f 1586 1647 1648
f 1586 1648 1588
f 1586 1588 1587
f 1588 1649 1589
f 1588 1648 1650
f 1588 1650 1651
f 1588 1651 1722
f 1588 1722 1649
f 1589 1649 1652
f 1589 1652 1653
f 1589 1653 1590
f 1590 1653 1592
f 1591 1594 1654
f 1591 1654 1655
f 1591 1655 1612
f 1592 1656 1593
f 1592 1653 1657
f 1592 1657 1656
f 1593 1658 1594
f 1593 1656 1658
f 1594 1658 1659
f 1594 1659 1654
f 1596 1660 1661
f 1596 1661 1662
f 1596 1662 1597
f 1597 1662 1663
f 1597 1663 1664
f 1599 1665 1603
f 1600 1666 1601
f 1600 1667 1666
f 1601 1668 1604
f 1601 1604 1602
f 1601 1666 1669
f 1601 1669 1748
f 1601 1748 1668
f 1603 1665 1670
f 1603 1670 1667
f 1604 1668 1605
f 1605 1671 1607
f 1605 1668 1671
f 1606 1607 1672
f 1606 1672 1608
f 1607 1671 1672
f 1608 1672 1609
f 1609 1672 1673
f 1609 1673 1643
f 1610 1674 1675
f 1610 1675 1611
f 1610 1615 1674
f 1611 1675 1618
f 1612 1676 1613
f 1612 1655 1677
f 1612 1677 1676
f 1613 1678 1679
f 1613 1679 1680
f 1613 1680 1615
f 1613 1615 1614
f 1613 1676 1681
f 1613 1681 1682
f 1613 1682 1678
f 1615 1680 1683
f 1615 1683 1674
f 1616 1617 1684
f 1616 1684 1685
f 1616 1685 1686
f 1616 1686 1660
f 1618 1675 1619
f 1619 1675 1687
f 1619 1687 1620
f 1620 1687 1688
f 1620 1688 1689
f 1620 1689 1690
f 1620 1690 1691
f 1620 1691 1621
f 1621 1691 1684
f 1622 1645 1623
f 1623 1645 1693
f 1623 1693 1692
f 1624 1694 1695
f 1624 1695 1625
f 1624 1692 1694
f 1625 1695 1696
f 1625 1696 1626
f 1626 1696 1627
f 1627 1697 1628
f 1627 1696 1698
f 1627 1698 1697
f 1628 1697 1699
f 1628 1699 1700
f 1628 1700 1629
f 1629 1700 1701
f 1629 1701 1702
f 1629 1702 1703
f 1629 1703 1631
f 1631 1703 1632
f 1632 1704 1705
f 1632 1705 1706
f 1632 1706 1637
f 1632 1637 1707
f 1632 1707 1633
f 1632 1703 1704
f 1633 1707 1634
f 1634 1707 1708
f 1634 1708 1635
f 1635 1708 1707
f 1635 1707 1636
f 1636 1707 1637
f 1637 1706 1709
f 1637 1709 1639
f 1637 1639 1638
f 1639 1709 1710
f 1639 1710 1711
f 1639 1711 1712
f 1639 1712 1640
f 1640 1712 1713
f 1640 1713 1641
f 1641 1713 1711
f 1641 1711 1714
f 1641 1714 1715
f 1641 1715 1646
f 1643 1673 1644
f 1644 1673 1716
f 1644 1716 1717
f 1644 1717 1693
f 1644 1693 1645
f 1646 1715 1718
f 1646 1718 1650
f 1646 1650 1647
f 1647 1650 1648
f 1649 1719 1720
f 1649 1720 1721
f 1649 1721 1652
f 1649 1722 1723
f 1649 1723 1719
f 1650 1718 1724
f 1650 1724 1725
f 1650 1725 1726
f 1650 1726 1651
f 1651 1726 1727
f 1651 1727 1722
f 1652 1721 1728
f 1652 1728 1653
f 1653 1728 1735
f 1653 1735 1657
f 1654 1677 1655
f 1654 1659 1729
f 1654 1729 1730
f 1654 1730 1677
f 1656 1731 1732
f 1656 1732 1733
f 1656 1733 1734
f 1656 1734 1659
f 1656 1659 1658
f 1656 1657 1731
f 1657 1735 1736
f 1657 1736 1737
f 1657 1737 1731
f 1659 1734 1738
f 1659 1738 1729
f 1660 1686 1739
f 1660 1739 1661
f 1661 1739 1662
f 1662 1740 1741
f 1662 1741 1663
f 1662 1739 1740
f 1663 1741 1742
f 1663 1742 1743
f 1663 1743 1664
f 1666 1744 1749
f 1666 1749 1669
f 1666 1667 1745
f 1666 1745 1744
f 1667 1670 1746
f 1667 1746 1747
f 1667 1747 1745
f 1668 1748 1716
f 1668 1716 1671
f 1669 1749 1748
f 1671 1716 1673
f 1671 1673 1672
f 1674 1683 1689
f 1674 1689 1687
f 1674 1687 1675
f 1676 1677 1681
f 1677 1730 1750
f 1677 1750 1751
f 1677 1751 1752
f 1677 1752 1681
f 1678 1753 1679
f 1678 1682 1753
f 1679 1754 1755
f 1679 1755 1756
f 1679 1756 1757
f 1679 1757 1680
f 1679 1753 1754
f 1680 1757 1683
f 1681 1758 1682
f 1681 1752 1758
f 1682 1758 1759
f 1682 1759 1753
f 1683 1760 1689
f 1683 1757 1760
f 1684 1761 1685
f 1684 1691 1762
f 1684 1762 1763
f 1684 1763 1761
f 1685 1761 1764
f 1685 1764 1686
f 1686 1764 1816
f 1686 1816 1739
f 1687 1689 1688
f 1689 1760 1765
f 1689 1765 1690
f 1690 1765 1762
f 1690 1762 1691
f 1692 1766 1767
f 1692 1767 1770
f 1692 1770 1694
f 1692 1693 1766
f 1693 1768 1766
f 1693 1717 1769
f 1693 1769 1768
f 1694 1770 1696
f 1694 1696 1695
f 1696 1771 1772
f 1696 1772 1698
f 1696 1770 1771
f 1697 1698 1699
f 1698 1773 1774
f 1698 1774 1775
f 1698 1775 1776
f 1698 1776 1699
f 1698 1772 1777
f 1698 1777 1773
f 1699 1776 1778
f 1699 1778 1779
f 1699 1779 1700
f 1700 1780 1701
f 1700 1779 1780
f 1701 1780 1781
f 1701 1781 1702
f 1702 1781 1703
f 1703 1781 1782
f 1703 1782 1783
f 1703 1783 1784
f 1703 1784 1785
f 1703 1785 1704
f 1704 1785 1786
f 1704 1786 1787
f 1704 1787 1788
f 1704 1788 1789
f 1704 1789 1705
f 1705 1790 1706
f 1705 1789 1790
f 1706 1790 1709
f 1709 1790 1710
f 1710 1789 1791
f 1710 1791 1711
f 1710 1790 1789
f 1711 1713 1712
f 1711 1791 1792
f 1711 1792 1714
f 1714 1792 1715
f 1715 1793 1718
f 1715 1792 1793
f 1716 1748 1795
f 1716 1795 1717
f 1717 1794 1769
f 1717 1795 1794
f 1718 1793 1724
f 1719 1723 1796
f 1719 1796 1797
f 1719 1797 1720
f 1720 1797 1721
f 1721 1797 1735
f 1721 1735 1728
f 1722 1727 1723
f 1723 1727 1798
f 1723 1798 1796
f 1724 1799 1800
f 1724 1800 1801
f 1724 1801 1725
f 1724 1793 1799
f 1725 1801 1802
f 1725 1802 1803
f 1725 1803 1804
f 1725 1804 1727
f 1725 1727 1726
f 1727 1805 1806
f 1727 1806 1798
f 1727 1804 1803
f 1727 1803 1805
f 1729 1738 1733
f 1729 1733 1807
f 1729 1807 1730
f 1730 1807 1808
f 1730 1808 1750
f 1731 1809 1732
f 1731 1737 1809
f 1732 1810 1811
f 1732 1811 1733
f 1732 1809 1810
f 1733 1811 1807
f 1733 1738 1734
f 1735 1812 1736
f 1735 1797 1812
f 1736 1812 1737
f 1737 1812 1813
f 1737 1813 1814
f 1737 1814 1815
f 1737 1815 1809
f 1739 1816 1817
f 1739 1817 1818
f 1739 1818 1740
f 1740 1818 1817
f 1740 1817 1741
f 1741 1817 1819
f 1741 1819 1742
f 1742 1819 1820
f 1742 1820 1821
f 1744 1822 1823
f 1744 1823 1824
f 1744 1824 1749
f 1744 1745 1825
f 1744 1825 1822
f 1745 1747 1826
f 1745 1826 1825
f 1747 1827 1828
f 1747 1828 1826
f 1748 1749 1795
f 1749 1824 1829
f 1749 1829 1795
f 1750 1830 1831
f 1750 1831 1751
f 1750 1808 1830
f 1751 1832 1752
f 1751 1831 1833
f 1751 1833 1832
f 1752 1832 1834
f 1752 1834 1758
f 1753 1835 1754
f 1753 1759 1836
f 1753 1836 1835
f 1754 1837 1755
f 1754 1835 1838
f 1754 1838 1837
f 1755 1757 1756
f 1755 1837 1757
f 1757 1837 1839
f 1757 1839 1840
f 1757 1840 1760
f 1758 1834 1841
f 1758 1841 1842
f 1758 1842 1843
f 1758 1843 1759
f 1759 1843 1836
f 1760 1844 1765
f 1760 1840 1939
f 1760 1939 1844
f 1761 1763 1764
f 1762 1765 1844
f 1762 1844 1845
f 1762 1845 1846
f 1762 1846 1763
f 1763 1847 1764
f 1763 1846 1847
f 1764 1847 1848
f 1764 1848 1917
f 1764 1917 1816
f 1766 1768 1849
f 1766 1849 1767
f 1767 1849 1850
f 1767 1850 1851
f 1767 1851 1770
f 1768 1769 1849
f 1769 1794 1849
f 1770 1777 1852
f 1770 1852 1771
f 1770 1851 1777
f 1771 1852 1772
f 1772 1852 1777
f 1773 1777 1774
f 1774 1777 1853
f 1774 1853 1854
f 1774 1854 1855
f 1774 1855 1775
f 1775 1856 1953
f 1775 1953 1857
f 1775 1857 1779
f 1775 1779 1778
f 1775 1778 1776
f 1775 1855 1858
f 1775 1858 1856
f 1777 1851 1925
f 1777 1925 1859
f 1777 1859 1854
f 1777 1854 1853
f 1779 1857 1780
f 1780 1860 1781
f 1780 1857 1861
f 1780 1861 1862
f 1780 1862 1860
f 1781 1860 1863
f 1781 1863 1782
f 1782 1864 1783
f 1782 1863 1864
f 1783 1865 1784
f 1783 1864 1866
f 1783 1866 1865
f 1784 1866 1867
f 1784 1867 1868
f 1784 1868 1869
f 1784 1869 1786
f 1784 1786 1785
f 1784 1865 1866
f 1786 1869 1868
f 1786 1868 1870
f 1786 1870 1871
f 1786 1871 1872
f 1786 1872 1787
f 1787 1872 1873
f 1787 1873 1788
f 1788 1873 1874
f 1788 1874 1875
f 1788 1875 1789
f 1789 1875 1874
f 1789 1874 1876
f 1789 1876 1877
f 1789 1877 1791
f 1791 1877 1878
f 1791 1878 1792
f 1792 1878 1879
f 1792 1879 1793
f 1793 1879 1880
f 1793 1880 1881
f 1793 1881 1882
f 1793 1882 1799
f 1794 1795 1829
f 1794 1829 1883
f 1794 1883 1849
f 1796 1884 1885
f 1796 1885 1886
f 1796 1886 1797
f 1796 1798 1887
f 1796 1887 1884
f 1797 1886 1888
f 1797 1888 1889
f 1797 1889 1813
f 1797 1813 1812
f 1798 1806 1887
f 1799 1890 1891
f 1799 1891 1800
f 1799 1882 1890
f 1800 1891 1892
f 1800 1892 1893
f 1800 1893 1801
f 1801 1893 1894
f 1801 1894 1802
f 1802 1894 1895
f 1802 1895 1805
f 1802 1805 1803
f 1805 1896 1897
f 1805 1897 1898
f 1805 1898 1806
f 1805 1895 1899
f 1805 1899 1900
f 1805 1900 1901
f 1805 1901 1896
f 1806 1898 1902
f 1806 1902 1903
f 1806 1903 1884
f 1806 1884 1887
f 1807 1904 1808
f 1807 1811 1904
f 1808 1905 1906
f 1808 1906 1830
f 1808 1904 1905
f 1809 1815 1810
f 1810 1815 1907
f 1810 1907 1908
f 1810 1908 1811
f 1811 1908 1909
f 1811 1909 1910
f 1811 1910 1904
f 1813 1889 1888
f 1813 1888 1814
f 1814 1911 1912
f 1814 1912 1815
f 1814 1888 1913
f 1814 1913 1911
f 1815 1914 1915
f 1815 1915 1916
f 1815 1916 1907
f 1815 1912 1914
f 1816 1917 1918
f 1816 1918 1817
f 1817 1918 1919
f 1817 1919 1819
f 1819 1919 1820
f 1820 1919 1821
f 1821 1919 1920
f 1822 1825 1921
f 1822 1921 1823
f 1823 1922 1923
f 1823 1923 1829
f 1823 1829 1824
f 1823 1921 1924
f 1823 1924 1925
f 1823 1925 1922
f 1825 1826 1828
f 1825 1828 1921
f 1827 1926 1828
f 1828 1926 1921
f 1829 1923 1883
f 1830 1927 1831
f 1830 1906 1927
f 1831 1928 1833
f 1831 1927 1928
f 1832 1833 1928
f 1832 1928 1929
f 1832 1929 1834
f 1834 1929 1930
f 1834 1930 1841
f 1835 1836 1931
f 1835 1931 1838
f 1836 1843 1932
f 1836 1932 1931
f 1837 1838 1933
f 1837 1933 1934
f 1837 1934 1935
f 1837 1935 1936
f 1837 1936 1839
f 1838 1931 1937
f 1838 1937 1933
f 1839 1936 2038
f 1839 2038 1938
f 1839 1938 1939
f 1839 1939 1840
f 1841 1940 1941
f 1841 1941 1942
f 1841 1942 1943
f 1841 1943 1842
f 1841 1930 1940
f 1842 1944 1932
f 1842 1932 1843
f 1842 1943 1944
f 1844 1939 2041
f 1844 2041 1945
f 1844 1945 1845
f 1845 1946 1948
f 1845 1948 1846
f 1845 1945 1947
f 1845 1947 1946
f 1846 1948 1847
f 1847 1948 1848
f 1848 1948 1949
f 1848 1949 1917
f 1849 1883 1950
f 1849 1950 1850
f 1850 1922 1851
f 1850 1950 1883
f 1850 1883 1923
f 1850 1923 1922
f 1851 1922 1925
f 1854 1859 1951
f 1854 1951 1952
f 1854 1952 1855
f 1855 1952 1951
f 1856 1858 1953
f 1857 1953 1954
f 1857 1954 1861
f 1858 1955 1953
f 1859 1956 1951
f 1859 1925 1924
f 1859 1924 1956
f 1860 1862 1863
f 1861 1954 1957
f 1861 1957 1958
f 1861 1958 1862
f 1862 1959 1960
f 1862 1960 1961
f 1862 1961 1962
f 1862 1962 1963
f 1862 1963 1863
f 1862 1958 1959
f 1863 1963 1964
f 1863 1964 1864
f 1864 1964 1962
f 1864 1962 1965
f 1864 1965 1966
f 1864 1966 1866
f 1866 1966 1967
f 1866 1967 1968
f 1866 1968 1868
f 1866 1868 1867
f 1868 1968 1969
f 1868 1969 1970
f 1868 1970 1971
f 1868 1971 1972
f 1868 1972 1871
f 1868 1871 1870
f 1871 1973 1872
f 1871 1972 1971
f 1871 1971 1973
f 1872 1973 1974
f 1872 1974 1873
f 1873 1974 1874
f 1874 1974 1975
f 1874 1975 1976
f 1874 1976 1876
f 1876 1976 1977
f 1876 1977 1978
f 1876 1978 1877
f 1877 1978 1979
f 1877 1979 1878
f 1878 1979 1980
f 1878 1980 1981
f 1878 1981 1879
f 1879 1981 1881
f 1879 1881 1880
f 1881 1982 1983
f 1881 1983 1984
f 1881 1984 1882
f 1881 1981 1980
f 1881 1980 1985
f 1881 1985 1986
f 1881 1986 1982
f 1882 1984 1987
f 1882 1987 1890
f 1884 1988 1989
f 1884 1989 1990
f 1884 1990 1885
f 1884 1903 1991
f 1884 1991 1988
f 1885 1990 1886
f 1886 1990 1992
f 1886 1992 1888
f 1888 1993 1913
f 1888 1992 1993
f 1890 1994 1995
f 1890 1995 1891
f 1890 1987 1994
f 1891 1995 1892
f 1892 1995 1996
f 1892 1996 1893
f 1893 1996 1997
f 1893 1997 1895
f 1893 1895 1894
f 1895 1997 1998
f 1895 1998 1899
f 1896 1901 1897
f 1897 1901 1999
f 1897 1999 2000
f 1897 2000 2001
f 1897 2001 1902
f 1897 1902 1898
f 1899 1998 2002
f 1899 2002 1900
f 1900 2002 2003
f 1900 2003 2004
f 1900 2004 1901
f 1901 2004 1999
f 1902 1991 1903
f 1902 2001 2005
f 1902 2005 1988
f 1902 1988 1991
f 1904 2006 1905
f 1904 1910 2006
f 1905 2007 1906
f 1905 2006 2007
f 1906 2007 1927
f 1907 1916 1908
f 1908 2008 2009
f 1908 2009 2010
f 1908 2010 1909
f 1908 1916 1915
f 1908 1915 2011
f 1908 2011 2012
f 1908 2012 2013
f 1908 2013 2014
f 1908 2014 2008
f 1909 2010 2015
f 1909 2015 1910
f 1910 2015 2006
f 1911 2016 2017
f 1911 2017 1912
f 1911 1913 2018
f 1911 2018 2016
f 1912 2017 1914
f 1913 1993 2019
f 1913 2019 2018
f 1914 2020 1915
f 1914 2017 2020
f 1915 2020 2021
f 1915 2021 2011
f 1917 1949 1918
f 1918 1949 2022
f 1918 2022 2023
f 1918 2023 2024
f 1918 2024 1919
f 1919 2024 1920
f 1921 1926 1924
f 1924 1926 1956
f 1927 2007 2025
f 1927 2025 1928
f 1928 2025 2026
f 1928 2026 2027
f 1928 2027 1929
f 1929 2027 2028
f 1929 2028 1930
f 1930 2028 1940
f 1931 2029 1937
f 1931 1932 2030
f 1931 2030 2029
f 1932 2031 2032
f 1932 2032 2033
f 1932 2033 2030
f 1932 1944 1943
f 1932 1943 2031
f 1933 1937 2034
f 1933 2034 2035
f 1933 2035 1934
f 1934 2035 2036
f 1934 2036 2037
f 1934 2037 1935
f 1935 2037 1936
f 1936 2037 2038
f 1937 2029 2039
f 1937 2039 2034
f 1938 2038 2153
f 1938 2153 2040
f 1938 2040 2041
f 1938 2041 1939
f 1940 2042 2043
f 1940 2043 1942
f 1940 1942 1941
f 1940 2028 2044
f 1940 2044 2042
f 1942 2043 2045
f 1942 2045 1943
f 1943 2045 2046
f 1943 2046 2031
f 1945 2041 2048
f 1945 2048 1947
f 1946 1949 1948
f 1946 1947 2047
f 1946 2047 1949
f 1947 2048 2161
f 1947 2161 2047
f 1949 2047 2049
f 1949 2049 2050
f 1949 2050 2022
f 1953 1955 2051
f 1953 2051 1954
f 1954 2052 1957
f 1954 2051 2053
f 1954 2053 2054
f 1954 2054 2055
f 1954 2055 2052
f 1957 2052 2056
f 1957 2056 2057
f 1957 2057 1958
f 1958 2057 1959
f 1959 2057 2058
f 1959 2058 1960
f 1960 2058 2059
f 1960 2059 2060
f 1960 2060 1961
f 1961 2060 2061
f 1961 2061 1962
f 1962 1964 1963
f 1962 2061 2062
f 1962 2062 1965
f 1965 2062 2063
f 1965 2063 2064
f 1965 2064 1969
f 1965 1969 1968
f 1965 1968 1967
f 1965 1967 1966
f 1969 2064 2065
f 1969 2065 1970
f 1970 2065 2066
f 1970 2066 1971
f 1971 2066 1973
f 1973 2067 1974
f 1973 2066 2068
f 1973 2068 2069
f 1973 2069 2070
f 1973 2070 2071
f 1973 2071 2072
f 1973 2072 2073
f 1973 2073 2074
f 1973 2074 1976
f 1973 1976 2067
f 1974 2067 1976
f 1974 1976 1975
f 1976 2075 2076
f 1976 2076 2077
f 1976 2077 1977
f 1976 2074 2075
f 1977 2077 2078
f 1977 2078 2079
f 1977 2079 1978
f 1978 1980 1979
f 1978 2079 2080
f 1978 2080 2081
f 1978 2081 1980
f 1980 2081 1985
f 1982 1986 2081
f 1982 2081 1983
f 1983 2081 2077
f 1983 2077 2082
f 1983 2082 2083
f 1983 2083 2084
f 1983 2084 1994
f 1983 1994 1987
f 1983 1987 1984
f 1985 2081 1986
f 1988 2085 1989
f 1988 2005 2086
f 1988 2086 2087
f 1988 2087 2085
f 1989 2085 2088
f 1989 2088 2089
f 1989 2089 1990
f 1990 2089 2090
f 1990 2090 1992
f 1992 2090 1993
f 1993 2090 2089
f 1993 2089 2019
f 1994 2091 2092
f 1994 2092 2093
f 1994 2093 1996
f 1994 1996 1995
f 1994 2084 2094
f 1994 2094 2095
f 1994 2095 2096
f 1994 2096 2097
f 1994 2097 2098
f 1994 2098 2099
f 1994 2099 2091
f 1996 2100 2101
f 1996 2101 1998
f 1996 1998 1997
f 1996 2093 2102
f 1996 2102 2100
f 1998 2103 2104
f 1998 2104 2002
f 1998 2101 2103
f 1999 2105 2000
f 1999 2004 2105
f 2000 2105 2106
f 2000 2106 2107
f 2000 2107 2001
f 2001 2107 2108
f 2001 2108 2109
f 2001 2109 2110
f 2001 2110 2111
f 2001 2111 2112
f 2001 2112 2086
f 2001 2086 2005
f 2002 2104 2003
f 2003 2104 2004
f 2004 2104 2113
f 2004 2113 2114
f 2004 2114 2115
f 2004 2115 2105
f 2006 2015 2007
f 2007 2116 2117
f 2007 2117 2025
f 2007 2015 2118
f 2007 2118 2116
f 2008 2014 2009
f 2009 2014 2119
f 2009 2119 2010
f 2010 2119 2118
f 2010 2118 2015
f 2011 2021 2012
f 2012 2021 2014
f 2012 2014 2013
f 2014 2021 2020
f 2014 2020 2120
f 2014 2120 2121
f 2014 2121 2122
f 2014 2122 2123
f 2014 2123 2124
f 2014 2124 2125
f 2014 2125 2126
f 2014 2126 2127
f 2014 2127 2119
f 2016 2018 2128
f 2016 2128 2129
f 2016 2129 2130
f 2016 2130 2131
f 2016 2131 2020
f 2016 2020 2017
f 2018 2019 2128
f 2019 2132 2129
f 2019 2129 2128
f 2019 2089 2132
f 2020 2133 2120
f 2020 2131 2133
f 2022 2050 2134
f 2022 2134 2023
f 2023 2134 2135
f 2023 2135 2024
f 2025 2117 2136
f 2025 2136 2137
f 2025 2137 2026
f 2026 2138 2139
f 2026 2139 2027
f 2026 2137 2138
f 2027 2139 2028
f 2028 2139 2138
f 2028 2138 2044
f 2029 2030 2140
f 2029 2140 2141
f 2029 2141 2142
f 2029 2142 2143
f 2029 2143 2039
f 2030 2033 2140
f 2031 2046 2032
f 2032 2046 2144
f 2032 2144 2145
f 2032 2145 2146
f 2032 2146 2033
f 2033 2146 2147
f 2033 2147 2140
f 2034 2148 2035
f 2034 2039 2143
f 2034 2143 2149
f 2034 2149 2148
f 2035 2148 2036
f 2036 2150 2151
f 2036 2151 2037
f 2036 2148 2150
f 2037 2152 2153
f 2037 2153 2038
f 2037 2151 2152
f 2040 2154 2048
f 2040 2048 2041
f 2040 2153 2154
f 2042 2155 2045
f 2042 2045 2043
f 2042 2044 2156
f 2042 2156 2155
f 2044 2157 2158
f 2044 2158 2156
f 2044 2138 2159
f 2044 2159 2157
f 2045 2155 2160
f 2045 2160 2046
f 2046 2160 2144
f 2047 2161 2049
f 2048 2154 2162
f 2048 2162 2164
f 2048 2164 2161
f 2049 2161 2050
f 2050 2163 2134
f 2050 2161 2164
f 2050 2164 2165
f 2050 2165 2163
f 2056 2166 2057
f 2057 2166 2167
f 2057 2167 2168
f 2057 2168 2058
f 2058 2168 2169
f 2058 2169 2170
f 2058 2170 2059
f 2059 2170 2060
f 2060 2171 2172
f 2060 2172 2061
f 2060 2170 2173
f 2060 2173 2171
f 2061 2172 2174
f 2061 2174 2062
f 2062 2175 2176
f 2062 2176 2064
f 2062 2064 2063
f 2062 2174 2175
f 2064 2177 2178
f 2064 2178 2065
f 2064 2176 2177
f 2065 2179 2066
f 2065 2178 2180
f 2065 2180 2181
f 2065 2181 2179
f 2066 2179 2182
f 2066 2182 2068
f 2068 2182 2069
f 2069 2183 2184
f 2069 2184 2185
f 2069 2185 2070
f 2069 2182 2183
f 2070 2186 2072
f 2070 2072 2071
f 2070 2185 2186
f 2072 2187 2188
f 2072 2188 2189
f 2072 2189 2190
f 2072 2190 2073
f 2072 2186 2187
f 2073 2190 2074
f 2074 2190 2191
f 2074 2191 2076
f 2074 2076 2075
f 2076 2191 2192
f 2076 2192 2077
f 2077 2081 2078
f 2077 2192 2193
f 2077 2193 2194
f 2077 2194 2082
f 2078 2081 2080
f 2078 2080 2079
f 2082 2194 2195
f 2082 2195 2084
f 2082 2084 2083
f 2084 2195 2094
f 2085 2087 2196
f 2085 2196 2197
f 2085 2197 2198
f 2085 2198 2088
f 2086 2112 2087
f 2087 2112 2199
f 2087 2199 2196
f 2088 2198 2200
f 2088 2200 2201
f 2088 2201 2202
f 2088 2202 2203
f 2088 2203 2204
f 2088 2204 2129
f 2088 2129 2089
f 2089 2129 2132
f 2091 2099 2205
f 2091 2205 2206
f 2091 2206 2207
f 2091 2207 2208
f 2091 2208 2209
f 2091 2209 2092
f 2092 2210 2102
f 2092 2102 2093
f 2092 2209 2211
f 2092 2211 2212
f 2092 2212 2213
f 2092 2213 2214
f 2092 2214 2210
f 2094 2195 2215
f 2094 2215 2095
f 2095 2215 2096
f 2096 2215 2216
f 2096 2216 2097
f 2097 2216 2217
f 2097 2217 2098
f 2098 2217 2099
f 2099 2217 2218
f 2099 2218 2205
f 2100 2219 2220
f 2100 2220 2103
f 2100 2103 2101
f 2100 2102 2221
f 2100 2221 2222
f 2100 2222 2223
f 2100 2223 2219
f 2102 2210 2224
f 2102 2224 2225
f 2102 2225 2226
f 2102 2226 2227
f 2102 2227 2228
f 2102 2228 2221
f 2103 2220 2229
f 2103 2229 2104
f 2104 2229 2230
f 2104 2230 2231
f 2104 2231 2232
f 2104 2232 2114
f 2104 2114 2113
f 2105 2115 2106
f 2106 2115 2233
f 2114 2232 2233
f 2114 2233 2115
f 2116 2118 2234
f 2116 2234 2117
f 2117 2234 2136
f 2118 2119 2235
f 2118 2235 2236
f 2118 2236 2237
f 2118 2237 2238
f 2118 2238 2234
f 2119 2127 2235
f 2120 2133 2121
f 2121 2133 2239
f 2121 2239 2240
f 2121 2240 2241
f 2121 2241 2242
f 2121 2242 2243
f 2121 2243 2244
f 2121 2244 2245
f 2121 2245 2122
f 2122 2245 2246
f 2122 2246 2247
f 2122 2247 2248
f 2122 2248 2249
f 2122 2249 2250
f 2122 2250 2123
f 2123 2250 2251
f 2123 2251 2124
f 2124 2251 2125
f 2125 2251 2252
f 2125 2252 2126
f 2126 2252 2127
f 2127 2252 2235
f 2129 2204 2253
f 2129 2253 2254
f 2129 2254 2255
f 2129 2255 2256
f 2129 2256 2257
f 2129 2257 2130
f 2130 2257 2239
f 2130 2239 2131
f 2131 2239 2133
f 2136 2234 2258
f 2136 2258 2138
f 2136 2138 2137
f 2138 2258 2259
f 2138 2259 2159
f 2140 2147 2260
f 2140 2260 2261
f 2140 2261 2262
f 2140 2262 2141
f 2141 2262 2261
f 2141 2261 2263
f 2141 2263 2264
f 2141 2264 2265
f 2141 2265 2266
f 2141 2266 2142
f 2142 2267 2268
f 2142 2268 2269
f 2142 2269 2143
f 2142 2266 2270
f 2142 2270 2267
f 2143 2269 2271
f 2143 2271 2149
f 2144 2272 2273
f 2144 2273 2274
f 2144 2274 2145
f 2144 2160 2275
f 2144 2275 2276
f 2144 2276 2272
f 2145 2277 2146
f 2145 2274 2273
f 2145 2273 2278
f 2145 2278 2277
f 2146 2277 2279
f 2146 2279 2280
f 2146 2280 2147
f 2147 2280 2260
f 2148 2149 2271
f 2148 2271 2281
f 2148 2281 2282
f 2148 2282 2283
f 2148 2283 2150
f 2150 2283 2151
f 2151 2283 2152
f 2152 2284 2153
f 2152 2283 2284
f 2153 2284 2285
f 2153 2285 2162
f 2153 2162 2154
f 2155 2156 2158
f 2155 2158 2286
f 2155 2286 2287
f 2155 2287 2288
f 2155 2288 2289
f 2155 2289 2290
f 2155 2290 2275
f 2155 2275 2160
f 2157 2159 2158
f 2158 2159 2291
f 2158 2291 2286
f 2159 2259 2291
f 2162 2285 2292
f 2162 2292 2164
f 2164 2292 2293
f 2164 2293 2294
f 2164 2294 2295
f 2164 2295 2165
f 2171 2174 2172
f 2171 2173 2296
f 2171 2296 2297
f 2171 2297 2175
f 2171 2175 2174
f 2175 2297 2300
f 2175 2300 2176
f 2176 2298 2299
f 2176 2299 2177
f 2176 2300 2296
f 2176 2296 2301
f 2176 2301 2298
f 2177 2299 2178
f 2178 2299 2302
f 2178 2302 2303
f 2178 2303 2304
f 2178 2304 2305
f 2178 2305 2180
f 2179 2181 2182
f 2180 2305 2306
f 2180 2306 2181
f 2181 2306 2307
f 2181 2307 2182
f 2182 2307 2308
f 2182 2308 2309
f 2182 2309 2183
f 2183 2310 2314
f 2183 2314 2184
f 2183 2309 2311
f 2183 2311 2310
f 2184 2312 2313
f 2184 2313 2185
f 2184 2314 2312
f 2185 2313 2186
f 2186 2313 2187
f 2187 2315 2316
f 2187 2316 2317
f 2187 2317 2318
f 2187 2318 2188
f 2187 2313 2315
f 2188 2318 2319
f 2188 2319 2320
f 2188 2320 2189
f 2189 2320 2321
f 2189 2321 2322
f 2189 2322 2190
f 2190 2322 2323
f 2190 2323 2191
f 2191 2323 2322
f 2191 2322 2324
f 2191 2324 2325
f 2191 2325 2192
f 2192 2325 2326
f 2192 2326 2193
f 2193 2326 2194
f 2194 2326 2327
f 2194 2327 2328
f 2194 2328 2195
f 2195 2328 2215
f 2196 2329 2197
f 2197 2329 2330
f 2197 2330 2198
f 2198 2330 2200
f 2200 2330 2331
f 2200 2331 2332
f 2200 2332 2333
f 2200 2333 2201
f 2201 2333 2202
f 2202 2333 2203
f 2203 2333 2254
f 2203 2254 2253
f 2203 2253 2204
f 2205 2218 2334
f 2205 2334 2335
f 2205 2335 2206
f 2210 2214 2224
f 2215 2328 2327
f 2215 2327 2326
f 2215 2326 2336
f 2215 2336 2337
f 2215 2337 2338
f 2215 2338 2216
f 2216 2338 2217
f 2217 2338 2339
f 2217 2339 2340
f 2217 2340 2341
f 2217 2341 2218
f 2218 2342 2334
f 2218 2341 2343
f 2218 2343 2342
f 2219 2344 2230
f 2219 2230 2345
f 2219 2345 2220
f 2219 2223 2346
f 2219 2346 2347
f 2219 2347 2344
f 2220 2345 2230
f 2220 2230 2229
f 2223 2348 2346
f 2234 2238 2291
f 2234 2291 2258
f 2235 2252 2236
f 2236 2349 2237
f 2236 2252 2350
f 2236 2350 2351
f 2236 2351 2349
f 2237 2352 2353
f 2237 2353 2238
f 2237 2349 2352
f 2238 2353 2291
f 2239 2257 2240
f 2240 2257 2354
f 2240 2354 2241
f 2241 2355 2356
f 2241 2356 2242
f 2241 2354 2357
f 2241 2357 2355
f 2242 2356 2243
f 2243 2356 2244
f 2244 2358 2359
f 2244 2359 2246
f 2244 2246 2245
f 2244 2356 2360
f 2244 2360 2358
f 2246 2359 2361
f 2246 2361 2362
f 2246 2362 2247
f 2247 2362 2363
f 2247 2363 2364
f 2247 2364 2248
f 2248 2364 2249
f 2249 2364 2250
f 2250 2364 2365
f 2250 2365 2251
f 2251 2365 2252
f 2252 2365 2350
f 2254 2333 2366
f 2254 2366 2367
f 2254 2367 2255
f 2255 2367 2368
f 2255 2368 2369
f 2255 2369 2256
f 2256 2369 2370
f 2256 2370 2371
f 2256 2371 2372
f 2256 2372 2373
f 2256 2373 2374
f 2256 2374 2257
f 2257 2374 2373
f 2257 2373 2375
f 2257 2375 2357
f 2257 2357 2354
f 2258 2291 2259
f 2260 2280 2261
f 2261 2280 2263
f 2263 2376 2377
f 2263 2377 2378
f 2263 2378 2264
f 2263 2280 2379
f 2263 2379 2485
f 2263 2485 2376
f 2264 2378 2265
f 2265 2380 2381
f 2265 2381 2266
f 2265 2378 2377
f 2265 2377 2380
f 2266 2381 2270
f 2267 2382 2268
f 2267 2270 2383
f 2267 2383 2382
f 2268 2382 2384
f 2268 2384 2269
f 2269 2384 2271
f 2270 2381 2383
f 2271 2384 2281
f 2272 2276 2273
f 2273 2385 2278
f 2273 2276 2386
f 2273 2386 2385
f 2275 2386 2276
f 2275 2290 2386
f 2277 2387 2279
f 2277 2278 2388
f 2277 2388 2387
f 2278 2385 2389
f 2278 2389 2388
f 2279 2390 2391
f 2279 2391 2280
f 2279 2387 2390
f 2280 2391 2379
f 2281 2384 2282
f 2282 2384 2392
f 2282 2392 2393
f 2282 2393 2283
f 2283 2393 2394
f 2283 2394 2284
f 2284 2394 2285
f 2285 2394 2292
f 2286 2291 2395
f 2286 2395 2396
f 2286 2396 2397
f 2286 2397 2287
f 2287 2397 2396
f 2287 2396 2288
f 2288 2398 2289
f 2288 2396 2399
f 2288 2399 2398
f 2289 2386 2290
f 2289 2398 2400
f 2289 2400 2386
f 2291 2353 2401
f 2291 2401 2402
f 2291 2402 2403
f 2291 2403 2395
f 2292 2394 2404
f 2292 2404 2405
f 2292 2405 2293
f 2293 2407 2294
f 2293 2405 2406
f 2294 2407 2295
f 2296 2300 2297
f 2298 2408 2299
f 2298 2301 2408
f 2299 2408 2409
f 2299 2409 2302
f 2301 2410 2409
f 2301 2409 2408
f 2301 2411 2410
f 2302 2409 2410
f 2302 2410 2303
f 2303 2412 2413
f 2303 2413 2414
f 2303 2414 2305
f 2303 2305 2304
f 2303 2410 2412
f 2305 2414 2306
f 2306 2414 2415
f 2306 2415 2311
f 2306 2311 2307
f 2307 2311 2308
f 2308 2311 2309
f 2310 2416 2314
f 2310 2311 2417
f 2310 2417 2416
f 2311 2415 2417
f 2312 2314 2418
f 2312 2418 2313
f 2313 2418 2419
f 2313 2419 2420
f 2313 2420 2421
f 2313 2421 2422
f 2313 2422 2315
f 2314 2416 2423
f 2314 2423 2424
f 2314 2424 2425
f 2314 2425 2418
f 2315 2422 2426
f 2315 2426 2316
f 2316 2426 2427
f 2316 2427 2428
f 2316 2428 2317
f 2317 2428 2318
f 2318 2428 2429
f 2318 2429 2430
f 2318 2430 2319
f 2319 2431 2432
f 2319 2432 2320
f 2319 2430 2431
f 2320 2433 2321
f 2320 2432 2322
f 2320 2322 2433
f 2321 2433 2322
f 2322 2434 2435
f 2322 2435 2436
f 2322 2436 2437
f 2322 2437 2324
f 2322 2432 2434
f 2324 2437 2436
f 2324 2436 2325
f 2325 2436 2438
f 2325 2438 2326
f 2326 2439 2336
f 2326 2438 2439
f 2329 2440 2441
f 2329 2441 2442
f 2329 2442 2443
f 2329 2443 2331
f 2329 2331 2330
f 2331 2443 2444
f 2331 2444 2441
f 2331 2441 2445
f 2331 2445 2332
f 2332 2445 2333
f 2333 2445 2446
f 2333 2446 2366
f 2334 2342 2335
f 2335 2342 2447
f 2336 2439 2436
f 2336 2436 2448
f 2336 2448 2449
f 2336 2449 2339
f 2336 2339 2337
f 2337 2339 2338
f 2339 2449 2450
f 2339 2450 2341
f 2339 2341 2340
f 2341 2450 2451
f 2341 2451 2452
f 2341 2452 2453
f 2341 2453 2343
f 2342 2343 2447
f 2343 2453 2452
f 2343 2452 2454
f 2343 2454 2447
f 2344 2347 2455
f 2346 2348 2347
f 2347 2348 2455
f 2349 2351 2456
f 2349 2456 2352
f 2350 2365 2456
f 2350 2456 2351
f 2352 2456 2353
f 2353 2457 2401
f 2353 2456 2458
f 2353 2458 2457
f 2355 2459 2460
f 2355 2460 2461
f 2355 2461 2356
f 2355 2357 2375
f 2355 2375 2372
f 2355 2372 2462
f 2355 2462 2459
f 2356 2461 2460
f 2356 2460 2360
f 2358 2463 2359
f 2358 2360 2460
f 2358 2460 2463
f 2359 2464 2361
f 2359 2463 2464
f 2361 2464 2568
f 2361 2568 2465
f 2361 2465 2466
f 2361 2466 2362
f 2362 2466 2467
f 2362 2467 2363
f 2363 2467 2364
f 2364 2467 2468
f 2364 2468 2469
f 2364 2469 2470
f 2364 2470 2471
f 2364 2471 2365
f 2365 2471 2470
f 2365 2470 2458
f 2365 2458 2456
f 2366 2472 2367
f 2366 2446 2473
f 2366 2473 2441
f 2366 2441 2474
f 2366 2474 2475
f 2366 2475 2472
f 2367 2472 2476
f 2367 2476 2477
f 2367 2477 2368
f 2368 2477 2478
f 2368 2478 2369
f 2369 2478 2479
f 2369 2479 2480
f 2369 2480 2481
f 2369 2481 2482
f 2369 2482 2370
f 2370 2482 2371
f 2371 2482 2483
f 2371 2483 2372
f 2372 2483 2462
f 2372 2375 2373
f 2376 2484 2377
f 2376 2485 2587
f 2376 2587 2484
f 2377 2484 2486
f 2377 2486 2380
f 2379 2391 2485
f 2380 2487 2383
f 2380 2383 2381
f 2380 2486 2487
f 2382 2488 2489
f 2382 2489 2384
f 2382 2383 2490
f 2382 2490 2491
f 2382 2491 2488
f 2383 2487 2591
f 2383 2591 2492
f 2383 2492 2491
f 2383 2491 2490
f 2384 2489 2493
f 2384 2493 2392
f 2385 2386 2389
f 2386 2400 2494
f 2386 2494 2495
f 2386 2495 2496
f 2386 2496 2497
f 2386 2497 2498
f 2386 2498 2499
f 2386 2499 2500
f 2386 2500 2501
f 2386 2501 2502
f 2386 2502 2503
f 2386 2503 2389
f 2387 2388 2504
f 2387 2504 2505
f 2387 2505 2507
f 2387 2507 2390
f 2388 2389 2506
f 2388 2506 2504
f 2389 2503 2502
f 2389 2502 2506
f 2390 2507 2391
f 2391 2507 2485
f 2392 2493 2508
f 2392 2508 2509
f 2392 2509 2510
f 2392 2510 2393
f 2393 2510 2405
f 2393 2405 2404
f 2393 2404 2394
f 2395 2403 2511
f 2395 2511 2396
f 2396 2400 2399
f 2396 2511 2400
f 2398 2399 2400
f 2400 2511 2512
f 2400 2512 2513
f 2400 2513 2514
f 2400 2514 2494
f 2401 2457 2515
f 2401 2515 2516
f 2401 2516 2402
f 2402 2516 2517
f 2402 2517 2403
f 2403 2517 2518
f 2403 2518 2511
f 2405 2510 2519
f 2405 2519 2406
f 2406 2510 2509
f 2406 2509 2520
f 2406 2519 2510
f 2410 2411 2412
f 2411 2521 2522
f 2411 2522 2523
f 2411 2523 2524
f 2411 2524 2412
f 2412 2524 2413
f 2413 2525 2414
f 2413 2524 2523
f 2413 2523 2525
f 2414 2525 2415
f 2415 2525 2526
f 2415 2526 2417
f 2416 2417 2526
f 2416 2526 2527
f 2416 2527 2423
f 2418 2425 2527
f 2418 2527 2528
f 2418 2528 2419
f 2419 2528 2529
f 2419 2529 2530
f 2419 2530 2531
f 2419 2531 2421
f 2419 2421 2420
f 2421 2531 2532
f 2421 2532 2533
f 2421 2533 2426
f 2421 2426 2422
f 2423 2527 2424
f 2424 2527 2425
f 2426 2533 2534
f 2426 2534 2427
f 2427 2534 2535
f 2427 2535 2428
f 2428 2535 2536
f 2428 2536 2429
f 2429 2536 2430
f 2430 2536 2537
f 2430 2537 2538
f 2430 2538 2431
f 2431 2538 2539
f 2431 2539 2540
f 2431 2540 2434
f 2431 2434 2432
f 2434 2540 2435
f 2435 2540 2541
f 2435 2541 2542
f 2435 2542 2543
f 2435 2543 2436
f 2436 2544 2448
f 2436 2439 2438
f 2436 2543 2542
f 2436 2542 2544
f 2440 2545 2546
f 2440 2546 2547
f 2440 2547 2548
f 2440 2548 2441
f 2441 2473 2446
f 2441 2446 2445
f 2441 2444 2442
f 2441 2548 2474
f 2442 2444 2443
f 2447 2454 2549
f 2447 2549 2550
f 2448 2544 2551
f 2448 2551 2451
f 2448 2451 2552
f 2448 2552 2449
f 2449 2552 2450
f 2450 2552 2451
f 2451 2551 2452
f 2452 2553 2549
f 2452 2549 2454
f 2452 2551 2554
f 2452 2554 2553
f 2457 2555 2515
f 2457 2458 2555
f 2458 2470 2556
f 2458 2556 2557
f 2458 2557 2558
f 2458 2558 2555
f 2459 2559 2560
f 2459 2560 2460
f 2459 2462 2559
f 2460 2560 2561
f 2460 2561 2562
f 2460 2562 2463
f 2462 2483 2563
f 2462 2563 2564
f 2462 2564 2559
f 2463 2565 2464
f 2463 2562 2566
f 2463 2566 2567
f 2463 2567 2565
f 2464 2565 2568
f 2465 2569 2466
f 2465 2568 2646
f 2465 2646 2569
f 2466 2569 2570
f 2466 2570 2571
f 2466 2571 2572
f 2466 2572 2573
f 2466 2573 2467
f 2467 2573 2572
f 2467 2572 2574
f 2467 2574 2575
f 2467 2575 2468
f 2468 2575 2576
f 2468 2576 2577
f 2468 2577 2556
f 2468 2556 2469
f 2469 2556 2470
f 2472 2475 2476
f 2474 2578 2476
f 2474 2476 2475
f 2474 2548 2578
f 2476 2579 2580
f 2476 2580 2478
f 2476 2478 2477
f 2476 2578 2579
f 2478 2580 2581
f 2478 2581 2479
f 2479 2581 2582
f 2479 2582 2583
f 2479 2583 2584
f 2479 2584 2480
f 2480 2584 2481
f 2481 2584 2585
f 2481 2585 2586
f 2481 2586 2482
f 2482 2586 2563
f 2482 2563 2483
f 2484 2587 2588
f 2484 2588 2486
f 2485 2507 2587
f 2486 2588 2589
f 2486 2589 2590
f 2486 2590 2591
f 2486 2591 2487
f 2488 2491 2592
f 2488 2508 2493
f 2488 2493 2489
f 2491 2492 2593
f 2491 2593 2594
f 2491 2594 2592
f 2492 2591 2590
f 2492 2590 2593
f 2494 2514 2595
f 2494 2595 2496
f 2494 2496 2495
f 2496 2595 2596
f 2496 2596 2497
f 2497 2596 2597
f 2497 2597 2499
f 2497 2499 2498
f 2499 2598 2599
f 2499 2599 2500
f 2499 2597 2598
f 2500 2599 2600
f 2500 2600 2501
f 2501 2600 2601
f 2501 2601 2502
f 2502 2601 2602
f 2502 2602 2603
f 2502 2603 2604
f 2502 2604 2506
f 2504 2506 2605
f 2504 2605 2606
f 2504 2606 2505
f 2505 2606 2607
f 2505 2607 2608
f 2505 2608 2609
f 2505 2609 2610
f 2505 2610 2507
f 2506 2604 2605
f 2507 2610 2588
f 2507 2588 2587
f 2508 2611 2509
f 2509 2611 2520
f 2511 2518 2512
f 2512 2518 2517
f 2512 2517 2612
f 2512 2612 2613
f 2512 2613 2614
f 2512 2614 2513
f 2513 2614 2514
f 2514 2614 2595
f 2515 2555 2615
f 2515 2615 2516
f 2516 2616 2617
f 2516 2617 2517
f 2516 2615 2616
f 2517 2617 2613
f 2517 2613 2612
f 2521 2618 2619
f 2521 2619 2523
f 2521 2523 2522
f 2523 2619 2526
f 2523 2526 2525
f 2526 2618 2527
f 2526 2619 2618
f 2527 2529 2528
f 2529 2620 2621
f 2529 2621 2532
f 2529 2532 2530
f 2530 2532 2531
f 2532 2621 2533
f 2533 2621 2534
f 2534 2621 2535
f 2535 2621 2536
f 2536 2621 2622
f 2536 2622 2623
f 2536 2623 2624
f 2536 2624 2537
f 2537 2625 2539
f 2537 2539 2538
f 2537 2624 2626
f 2537 2626 2627
f 2537 2627 2625
f 2539 2625 2628
f 2539 2628 2629
f 2539 2629 2630
f 2539 2630 2540
f 2540 2630 2631
f 2540 2631 2541
f 2541 2631 2542
f 2542 2631 2554
f 2542 2554 2551
f 2542 2551 2544
f 2545 2632 2546
f 2546 2633 2580
f 2546 2580 2579
f 2546 2579 2578
f 2546 2578 2547
f 2546 2632 2634
f 2546 2634 2635
f 2546 2635 2633
f 2547 2578 2548
f 2549 2553 2631
f 2549 2631 2550
f 2550 2631 2636
f 2553 2554 2631
f 2555 2558 2637
f 2555 2637 2615
f 2556 2577 2638
f 2556 2638 2557
f 2557 2638 2639
f 2557 2639 2640
f 2557 2640 2641
f 2557 2641 2558
f 2558 2641 2642
f 2558 2642 2637
f 2559 2564 2643
f 2559 2643 2567
f 2559 2567 2566
f 2559 2566 2560
f 2560 2566 2561
f 2561 2566 2562
f 2563 2586 2644
f 2563 2644 2564
f 2564 2644 2643
f 2565 2567 2645
f 2565 2645 2646
f 2565 2646 2568
f 2567 2643 2647
f 2567 2647 2648
f 2567 2648 2645
f 2569 2649 2570
f 2569 2646 2649
f 2570 2649 2571
f 2571 2649 2650
f 2571 2650 2572
f 2572 2650 2574
f 2574 2649 2651
f 2574 2651 2575
f 2574 2650 2649
f 2575 2651 2576
f 2576 2652 2653
f 2576 2653 2577
f 2576 2651 2652
f 2577 2653 2638
f 2580 2633 2654
f 2580 2654 2581
f 2581 2654 2582
f 2582 2655 2583
f 2582 2654 2655
f 2583 2655 2656
f 2583 2656 2584
f 2584 2657 2585
f 2584 2656 2657
f 2585 2657 2658
f 2585 2658 2659
f 2585 2659 2660
f 2585 2660 2644
f 2585 2644 2586
f 2588 2610 2661
f 2588 2661 2589
f 2589 2661 2590
f 2590 2662 2593
f 2590 2661 2663
f 2590 2663 2662
f 2593 2662 2594
f 2594 2662 2664
f 2594 2664 2665
f 2595 2666 2596
f 2595 2614 2666
f 2596 2666 2597
f 2597 2666 2667
f 2597 2667 2668
f 2597 2668 2669
f 2597 2669 2670
f 2597 2670 2598
f 2598 2670 2599
f 2599 2670 2671
f 2599 2671 2672
f 2599 2672 2600
f 2600 2672 2601
f 2601 2672 2602
f 2602 2672 2673
f 2602 2673 2603
f 2603 2673 2604
f 2604 2673 2674
f 2604 2674 2605
f 2605 2674 2675
f 2605 2675 2676
f 2605 2676 2677
f 2605 2677 2606
f 2606 2608 2607
f 2606 2677 2678
f 2606 2678 2608
f 2608 2679 2610
f 2608 2610 2609
f 2608 2678 2679
f 2610 2679 2680
f 2610 2680 2661
f 2613 2667 2614
f 2613 2617 2637
f 2613 2637 2681
f 2613 2681 2667
f 2614 2667 2666
f 2615 2637 2616
f 2616 2637 2617
f 2620 2682 2621
f 2621 2682 2623
f 2621 2623 2622
f 2625 2627 2628
f 2628 2683 2629
f 2629 2683 2684
f 2629 2684 2630
f 2630 2684 2685
f 2630 2685 2631
f 2631 2685 2636
f 2633 2635 2686
f 2633 2686 2687
f 2633 2687 2654
f 2636 2685 2684
f 2637 2642 2681
f 2638 2653 2688
f 2638 2688 2639
f 2639 2688 2640
f 2640 2688 2689
f 2640 2689 2690
f 2640 2690 2691
f 2640 2691 2692
f 2640 2692 2693
f 2640 2693 2642
f 2640 2642 2641
f 2642 2693 2694
f 2642 2694 2681
f 2643 2695 2647
f 2643 2644 2695
f 2644 2660 2696
f 2644 2696 2695
f 2645 2697 2698
f 2645 2698 2646
f 2645 2648 2697
f 2646 2698 2649
f 2647 2695 2699
f 2647 2699 2700
f 2647 2700 2648
f 2648 2700 2697
f 2649 2701 2702
f 2649 2702 2703
f 2649 2703 2704
f 2649 2704 2705
f 2649 2705 2651
f 2649 2698 2701
f 2651 2705 2690
f 2651 2690 2652
f 2652 2690 2653
f 2653 2690 2706
f 2653 2706 2688
f 2654 2687 2655
f 2655 2687 2707
f 2655 2707 2656
f 2656 2707 2657
f 2657 2707 2658
f 2658 2708 2660
f 2658 2660 2659
f 2658 2707 2709
f 2658 2709 2708
f 2660 2710 2696
f 2660 2708 2711
f 2660 2711 2710
f 2661 2680 2712
f 2661 2712 2663
f 2662 2665 2664
f 2662 2663 2713
f 2662 2713 2714
f 2662 2714 2665
f 2665 2714 2715
f 2667 2716 2668
f 2667 2681 2716
f 2668 2716 2669
f 2669 2717 2718
f 2669 2718 2670
f 2669 2716 2719
f 2669 2719 2720
f 2669 2720 2717
f 2670 2718 2721
f 2670 2721 2671
f 2671 2721 2722
f 2671 2722 2672
f 2672 2722 2673
f 2673 2722 2721
f 2673 2721 2723
f 2673 2723 2724
f 2673 2724 2674
f 2674 2724 2725
f 2674 2725 2675
f 2675 2726 2676
f 2675 2725 2726
f 2681 2727 2716
f 2681 2694 2727
f 2686 2728 2687
f 2687 2728 2707
f 2688 2706 2689
f 2689 2706 2690
f 2690 2704 2691
f 2690 2705 2704
f 2691 2704 2729
f 2691 2729 2692
f 2692 2729 2730
f 2692 2730 2694
f 2692 2694 2693
f 2694 2730 2731
f 2694 2731 2732
f 2694 2732 2727
f 2695 2696 2699
f 2696 2710 2711
f 2696 2711 2699
f 2697 2700 2701
f 2697 2701 2698
f 2699 2711 2733
f 2699 2733 2700
f 2700 2734 2701
f 2700 2733 2735
f 2700 2735 2736
f 2700 2736 2734
f 2701 2734 2736
f 2701 2736 2703
f 2701 2703 2702
f 2703 2736 2735
f 2703 2735 2737
f 2703 2737 2738
f 2703 2738 2739
f 2703 2739 2740
f 2703 2740 2741
f 2703 2741 2704
f 2704 2741 2729
f 2707 2728 2709
f 2708 2742 2711
f 2708 2709 2743
f 2708 2743 2742
f 2709 2728 2744
f 2709 2744 2743
f 2711 2742 2733
f 2713 2715 2714
f 2716 2727 2745
f 2716 2745 2746
f 2716 2746 2720
f 2716 2720 2719
f 2717 2720 2747
f 2717 2747 2748
f 2717 2748 2718
f 2718 2749 2721
f 2718 2748 2750
f 2718 2750 2749
f 2720 2746 2751
f 2720 2751 2752
f 2720 2752 2748
f 2720 2748 2747
f 2721 2749 2723
f 2723 2753 2724
f 2723 2749 2754
f 2723 2754 2755
f 2723 2755 2753
f 2724 2753 2725
f 2725 2753 2756
f 2725 2756 2726
f 2727 2732 2745
f 2729 2741 2757
f 2729 2757 2758
f 2729 2758 2759
f 2729 2759 2760
f 2729 2760 2731
f 2729 2731 2730
f 2731 2760 2761
f 2731 2761 2779
f 2731 2779 2762
f 2731 2762 2732
f 2732 2762 2745
f 2733 2763 2735
f 2733 2742 2764
f 2733 2764 2763
f 2735 2763 2765
f 2735 2765 2766
f 2735 2766 2767
f 2735 2767 2768
f 2735 2768 2769
f 2735 2769 2737
f 2737 2769 2738
f 2738 2770 2739
f 2738 2769 2768
f 2738 2768 2771
f 2738 2771 2772
f 2738 2772 2770
f 2739 2770 2773
f 2739 2773 2740
f 2740 2773 2741
f 2741 2774 2775
f 2741 2775 2757
f 2741 2773 2774
f 2742 2743 2776
f 2742 2776 2764
f 2745 2777 2778
f 2745 2778 2746
f 2745 2762 2779
f 2745 2779 2777
f 2746 2778 2751
f 2748 2780 2750
f 2748 2752 2781
f 2748 2781 2782
f 2748 2782 2780
f 2749 2750 2783
f 2749 2783 2754
f 2750 2780 2789
f 2750 2789 2783
f 2751 2778 2752
f 2752 2784 2781
f 2752 2778 2785
f 2752 2785 2784
f 2753 2755 2786
f 2753 2786 2787
f 2753 2787 2756
f 2754 2788 2755
f 2754 2783 2789
f 2754 2789 2788
f 2755 2788 2786
f 2757 2775 2790
f 2757 2790 2758
f 2758 2790 2791
f 2758 2791 2792
f 2758 2792 2793
f 2758 2793 2759
f 2759 2793 2794
f 2759 2794 2761
f 2759 2761 2760
f 2761 2794 2795
f 2761 2795 2779
f 2763 2764 2765
f 2765 2772 2771
f 2765 2771 2767
f 2765 2767 2766
f 2767 2771 2768
f 2770 2796 2797
f 2770 2797 2773
f 2770 2772 2796
f 2773 2797 2774
f 2774 2798 2799
f 2774 2799 2775
f 2774 2797 2798
f 2775 2799 2790
f 2777 2795 2800
f 2777 2800 2778
f 2777 2779 2795
f 2778 2800 2784
f 2778 2784 2785
f 2780 2782 2786
f 2780 2786 2789
f 2781 2784 2801
f 2781 2801 2802
f 2781 2802 2803
f 2781 2803 2782
f 2784 2800 2804
f 2784 2804 2805
f 2784 2805 2801
f 2786 2788 2789
f 2790 2799 2806
f 2790 2806 2807
f 2790 2807 2808
f 2790 2808 2791
f 2791 2808 2792
f 2792 2808 2809
f 2792 2809 2810
f 2792 2810 2793
f 2793 2810 2811
f 2793 2811 2812
f 2793 2812 2795
f 2793 2795 2794
f 2795 2812 2800
f 2800 2812 2813
f 2800 2813 2804
f 2804 2813 2805
f 2811 2814 2812
f 2812 2814 2815
f 2812 2815 2816
f 2812 2816 2817
f 2812 2817 2813

