# https://github.com/mikedh/trimesh
v 0.00076497 0.01040991 0.00997631 0.56470588 0.92549020 0.07058824
v 0.00211842 0.01047361 0.00997631 0.56470588 0.92549020 0.07058824
v -0.00076074 0.01044707 0.00997631 0.56470588 0.92549020 0.07058824
v 0.00381147 0.01510791 -0.00657247 0.56470588 0.92549020 0.07058824
v 0.00505664 0.01513976 -0.00647586 0.56470588 0.92549020 0.07058824
v 0.00228576 0.01048423 0.00997631 0.56470588 0.92549020 0.07058824
v -0.00228645 0.01062225 0.00997631 0.56470588 0.92549020 0.07058824
v 0.00132112 0.01521408 -0.00622013 0.56470588 0.92549020 0.07058824
v 0.00228576 0.01516100 -0.00637925 0.56470588 0.92549020 0.07058824
v 0.00381147 0.01534679 -0.00733399 0.56470588 0.92549020 0.07058824
v 0.01143509 0.01148753 0.00997631 0.56470588 0.92549020 0.07058824
v 0.00381147 0.01060632 0.00997631 0.56470588 0.92549020 0.07058824
v 0.00338821 0.01056917 0.00997631 0.56470588 0.92549020 0.07058824
v 0.00533718 0.01774622 -0.01448884 0.56470588 0.92549020 0.07058824
v 0.00649376 0.01821868 -0.01548336 0.56470588 0.92549020 0.07058824
v 0.00751254 0.01833016 -0.01516511 0.56470588 0.92549020 0.07058824
v -0.00381215 0.01088237 0.00997631 0.56470588 0.92549020 0.07058824
v 0.00228576 0.01542111 -0.00714645 0.56470588 0.92549020 0.07058824
v 0.00030234 0.01531494 -0.00591893 0.56470588 0.92549020 0.07058824
v -0.00076074 0.01584579 -0.00686799 0.56470588 0.92549020 0.07058824
v 0.00076497 0.01609529 -0.00839102 0.56470588 0.92549020 0.07058824
v 0.00277300 0.01823991 -0.01539811 0.56470588 0.92549020 0.07058824
v 0.00381147 0.01815498 -0.01562543 0.56470588 0.92549020 0.07058824
v 0.00381147 0.01775684 -0.01448884 0.56470588 0.92549020 0.07058824
v 0.00533718 0.01813905 -0.01568794 0.56470588 0.92549020 0.07058824
v 0.01252277 0.01197591 0.00997631 0.56470588 0.92549020 0.07058824
v 0.00838367 0.01888224 -0.01601755 0.56470588 0.92549020 0.07058824
v 0.00990938 0.01889816 -0.01448884 0.56470588 0.92549020 0.07058824
v 0.01096753 0.01968382 -0.01563111 0.56470588 0.92549020 0.07058824
v 0.00533718 0.01843102 -0.01644946 0.56470588 0.92549020 0.07058824
v 0.00685796 0.01908927 -0.01754059 0.56470588 0.92549020 0.07058824
v 0.00694655 0.01850003 -0.01600051 0.56470588 0.92549020 0.07058824
v -0.00494413 0.01120618 0.00997631 0.56470588 0.92549020 0.07058824
v -0.00381215 0.01610060 -0.00533927 0.56470588 0.92549020 0.07058824
v -0.00228645 0.01619084 -0.00686799 0.56470588 0.92549020 0.07058824
v -0.00153344 0.01525124 -0.00458912 0.56470588 0.92549020 0.07058824
v -0.00076074 0.01542111 -0.00558932 0.56470588 0.92549020 0.07058824
v -0.00083456 0.01645626 -0.00849900 0.56470588 0.92549020 0.07058824
v 0.00076497 0.02392529 -0.02973622 0.56470588 0.92549020 0.07058824
v 0.00228576 0.02368641 -0.02973622 0.56470588 0.92549020 0.07058824
v 0.00381147 0.02363863 -0.02973622 0.56470588 0.92549020 0.07058824
v 0.01325610 0.01241121 0.00997631 0.56470588 0.92549020 0.07058824
v 0.01198631 0.01993332 -0.01491506 0.56470588 0.92549020 0.07058824
v 0.01307892 0.02089415 -0.01610848 0.56470588 0.92549020 0.07058824
v 0.01366459 0.02138784 -0.01668246 0.56470588 0.92549020 0.07058824
v 0.00767496 0.02134006 -0.02290530 0.56470588 0.92549020 0.07058824
v 0.00842305 0.01950333 -0.01760878 0.56470588 0.92549020 0.07058824
v 0.00895458 0.01988023 -0.01816003 0.56470588 0.92549020 0.07058824
v 0.00952549 0.01968912 -0.01714846 0.56470588 0.92549020 0.07058824
v 0.00998321 0.01946617 -0.01609143 0.56470588 0.92549020 0.07058824
v 0.01053935 0.01987492 -0.01664836 0.56470588 0.92549020 0.07058824
v 0.01143509 0.02061280 -0.01754059 0.56470588 0.92549020 0.07058824
v 0.01227177 0.02131883 -0.01838735 0.56470588 0.92549020 0.07058824
v 0.01259168 0.02115426 -0.01754059 0.56470588 0.92549020 0.07058824
v 0.01145970 0.02008726 -0.01609143 0.56470588 0.92549020 0.07058824
v 0.00685796 0.02127636 -0.02304738 0.56470588 0.92549020 0.07058824
v 0.00533718 0.02424380 -0.03088986 0.56470588 0.92549020 0.07058824
v -0.00523451 0.01129112 0.00997631 0.56470588 0.92549020 0.07058824
v -0.00533294 0.01604751 -0.00381624 0.56470588 0.92549020 0.07058824
v -0.00372357 0.01658367 -0.00679979 0.56470588 0.92549020 0.07058824
v -0.00316250 0.01673761 -0.00772043 0.56470588 0.92549020 0.07058824
v -0.00228645 0.01661552 -0.00802163 0.56470588 0.92549020 0.07058824
v -0.00060817 0.02422256 -0.02970212 0.56470588 0.92549020 0.07058824
v 0.00000212 0.02440305 -0.03049774 0.56470588 0.92549020 0.07058824
v 0.00076497 0.02431812 -0.03066254 0.56470588 0.92549020 0.07058824
v 0.00228576 0.02418009 -0.03094101 0.56470588 0.92549020 0.07058824
v 0.00381147 0.02415886 -0.03102057 0.56470588 0.92549020 0.07058824
v 0.01332500 0.01245367 0.00997631 0.56470588 0.92549020 0.07058824
v 0.01522968 0.02136660 -0.01368754 0.56470588 0.92549020 0.07058824
v 0.01335453 0.02154709 -0.01754059 0.56470588 0.92549020 0.07058824
v 0.01383685 0.02279989 -0.01999563 0.56470588 0.92549020 0.07058824
v 0.01409770 0.02260879 -0.01905794 0.56470588 0.92549020 0.07058824
v 0.01529858 0.02436058 -0.02146183 0.56470588 0.92549020 0.07058824
v 0.00932371 0.02434997 -0.02911678 0.56470588 0.92549020 0.07058824
v 0.00868881 0.02149401 -0.02251886 0.56470588 0.92549020 0.07058824
v 0.00646915 0.02432873 -0.03069096 0.56470588 0.92549020 0.07058824
v 0.00748793 0.02442959 -0.03042386 0.56470588 0.92549020 0.07058824
v 0.00838367 0.02454107 -0.03016813 0.56470588 0.92549020 0.07058824
v 0.00930402 0.02129228 -0.02150161 0.56470588 0.92549020 0.07058824
v 0.00998321 0.02003418 -0.01760878 0.56470588 0.92549020 0.07058824
v 0.00990938 0.02057033 -0.01905794 0.56470588 0.92549020 0.07058824
v 0.00985032 0.02112241 -0.02052983 0.56470588 0.92549020 0.07058824
v 0.01081496 0.02128698 -0.01998426 0.56470588 0.92549020 0.07058824
v 0.01136619 0.02113303 -0.01896701 0.56470588 0.92549020 0.07058824
v 0.01285252 0.02185498 -0.01896701 0.56470588 0.92549020 0.07058824
v 0.01081496 0.02432342 -0.02765626 0.56470588 0.92549020 0.07058824
v 0.00533718 0.02456230 -0.03165138 0.56470588 0.92549020 0.07058824
v -0.00529357 0.01131235 0.00997631 0.56470588 0.92549020 0.07058824
v -0.00935885 0.01670045 -0.00174764 0.56470588 0.92549020 0.07058824
v -0.00785774 0.01668984 -0.00327636 0.56470588 0.92549020 0.07058824
v -0.00682912 0.01652528 -0.00379919 0.56470588 0.92549020 0.07058824
v -0.00473250 0.01672169 -0.00624855 0.56470588 0.92549020 0.07058824
v -0.00169093 0.02432873 -0.02916793 0.56470588 0.92549020 0.07058824
v -0.00101666 0.02453045 -0.03018517 0.56470588 0.92549020 0.07058824
v -0.00060817 0.02492859 -0.03110582 0.56470588 0.92549020 0.07058824
v 0.00076497 0.02877193 -0.03847662 0.56470588 0.92549020 0.07058824
v 0.00076497 0.02472156 -0.03142975 0.56470588 0.92549020 0.07058824
v 0.00228576 0.02456230 -0.03170253 0.56470588 0.92549020 0.07058824
v 0.00381147 0.02451984 -0.03178209 0.56470588 0.92549020 0.07058824
v 0.01455049 0.01321810 0.00997631 0.56470588 0.92549020 0.07058824
v 0.01664219 0.02299100 -0.01493779 0.56470588 0.92549020 0.07058824
v 0.01685382 0.02281051 -0.01392054 0.56470588 0.92549020 0.07058824
v 0.01705068 0.02264595 -0.01296580 0.56470588 0.92549020 0.07058824
v 0.01707037 0.01499113 0.00990811 0.56470588 0.92549020 0.07058824
v 0.01594824 0.01414708 0.00997631 0.56470588 0.92549020 0.07058824
v 0.01136619 0.02484365 -0.02818477 0.56470588 0.92549020 0.07058824
v 0.01375810 0.02590535 -0.02750282 0.56470588 0.92549020 0.07058824
v 0.01448651 0.02475872 -0.02369523 0.56470588 0.92549020 0.07058824
v 0.01499836 0.02456761 -0.02247908 0.56470588 0.92549020 0.07058824
v 0.01539701 0.02578856 -0.02469544 0.56470588 0.92549020 0.07058824
v 0.01674554 0.02443490 -0.01823959 0.56470588 0.92549020 0.07058824
v 0.01694733 0.02421195 -0.01722234 0.56470588 0.92549020 0.07058824
v 0.01034248 0.02451984 -0.02867351 0.56470588 0.92549020 0.07058824
v 0.00986509 0.02477995 -0.02966803 0.56470588 0.92549020 0.07058824
v 0.00693179 0.02465255 -0.03122516 0.56470588 0.92549020 0.07058824
v 0.00838367 0.02506130 -0.03125925 0.56470588 0.92549020 0.07058824
v 0.01059841 0.02290606 -0.02432036 0.56470588 0.92549020 0.07058824
v 0.01145478 0.02554968 -0.02971349 0.56470588 0.92549020 0.07058824
v 0.00533718 0.02514093 -0.03278797 0.56470588 0.92549020 0.07058824
v 0.00697608 0.02549660 -0.03292436 0.56470588 0.92549020 0.07058824
v -0.00674053 0.01185382 0.00997631 0.56470588 0.92549020 0.07058824
v -0.01037270 0.01689156 -0.00119639 0.56470588 0.92549020 0.07058824
v -0.00887160 0.01688094 -0.00276489 0.56470588 0.92549020 0.07058824
v -0.00837452 0.01708266 -0.00379919 0.56470588 0.92549020 0.07058824
v -0.00630251 0.01670576 -0.00476529 0.56470588 0.92549020 0.07058824
v -0.00223231 0.02474279 -0.02970212 0.56470588 0.92549020 0.07058824
v -0.00351686 0.02570894 -0.03079325 0.56470588 0.92549020 0.07058824
v -0.00219294 0.02553906 -0.03128767 0.56470588 0.92549020 0.07058824
v -0.00333968 0.02732271 -0.03377681 0.56470588 0.92549020 0.07058824
v -0.00016030 0.02890995 -0.03823225 0.56470588 0.92549020 0.07058824
v 0.00076497 0.02924969 -0.03923813 0.56470588 0.92549020 0.07058824
v 0.00228576 0.02905858 -0.03951660 0.56470588 0.92549020 0.07058824
v 0.00228576 0.02860736 -0.03875508 0.56470588 0.92549020 0.07058824
v 0.00228576 0.02515685 -0.03278797 0.56470588 0.92549020 0.07058824
v 0.00381147 0.02503476 -0.03278797 0.56470588 0.92549020 0.07058824
v 0.01719341 0.02396245 -0.01601755 0.56470588 0.92549020 0.07058824
v 0.01780862 0.02333605 -0.01296580 0.56470588 0.92549020 0.07058824
v 0.01811868 0.02303877 -0.01144277 0.56470588 0.92549020 0.07058824
v 0.01828109 0.02289544 -0.01062443 0.56470588 0.92549020 0.07058824
v 0.02007749 0.01807535 0.00838508 0.56470588 0.92549020 0.07058824
v 0.01871912 0.01641380 0.00990811 0.56470588 0.92549020 0.07058824
v 0.01708021 0.01498051 0.00997631 0.56470588 0.92549020 0.07058824
v 0.01197155 0.02604868 -0.03020791 0.56470588 0.92549020 0.07058824
v 0.01515585 0.02751913 -0.02883832 0.56470588 0.92549020 0.07058824
v 0.01478673 0.02625040 -0.02668447 0.56470588 0.92549020 0.07058824
v 0.01510663 0.02602744 -0.02571268 0.56470588 0.92549020 0.07058824
v 0.01455541 0.02543289 -0.02518985 0.56470588 0.92549020 0.07058824
v 0.01241450 0.02729086 -0.03232765 0.56470588 0.92549020 0.07058824
v 0.01293619 0.02708914 -0.03116833 0.56470588 0.92549020 0.07058824
v 0.01380240 0.02739703 -0.03060003 0.56470588 0.92549020 0.07058824
v 0.01409278 0.02719000 -0.02973622 0.56470588 0.92549020 0.07058824
v 0.01547084 0.02728024 -0.02782106 0.56470588 0.92549020 0.07058824
v 0.01650930 0.02771023 -0.02668447 0.56470588 0.92549020 0.07058824
v 0.01858131 0.02409516 -0.01296580 0.56470588 0.92549020 0.07058824
v 0.01095769 0.02577795 -0.03077620 0.56470588 0.92549020 0.07058824
v 0.00987985 0.02557622 -0.03127630 0.56470588 0.92549020 0.07058824
v 0.00756668 0.02593720 -0.03352676 0.56470588 0.92549020 0.07058824
v 0.00838367 0.02568239 -0.03250382 0.56470588 0.92549020 0.07058824
v 0.00934831 0.02584695 -0.03217989 0.56470588 0.92549020 0.07058824
v 0.00381147 0.02568239 -0.03396435 0.56470588 0.92549020 0.07058824
v 0.00533718 0.02574609 -0.03386773 0.56470588 0.92549020 0.07058824
v 0.00623292 0.02742888 -0.03663534 0.56470588 0.92549020 0.07058824
v 0.00654790 0.02583634 -0.03370293 0.56470588 0.92549020 0.07058824
v -0.00839420 0.01258639 0.00997631 0.56470588 0.92549020 0.07058824
v -0.01080089 0.01672169 -0.00017914 0.56470588 0.92549020 0.07058824
v -0.01155390 0.01784709 -0.00240118 0.56470588 0.92549020 0.07058824
v -0.00988546 0.01709328 -0.00227047 0.56470588 0.92549020 0.07058824
v -0.01005280 0.01780993 -0.00395263 0.56470588 0.92549020 0.07058824
v -0.00453564 0.02594782 -0.03045228 0.56470588 0.92549020 0.07058824
v -0.00394504 0.02811898 -0.03441898 0.56470588 0.92549020 0.07058824
v -0.00294595 0.02903735 -0.03652168 0.56470588 0.92549020 0.07058824
v -0.00192717 0.02878785 -0.03688539 0.56470588 0.92549020 0.07058824
v -0.00117416 0.02913290 -0.03790264 0.56470588 0.92549020 0.07058824
v -0.00435354 0.02758283 -0.03331080 0.56470588 0.92549020 0.07058824
v -0.00047036 0.03026892 -0.03995418 0.56470588 0.92549020 0.07058824
v 0.00080927 0.03006189 -0.04044292 0.56470588 0.92549020 0.07058824
v 0.00135065 0.03042286 -0.04127263 0.56470588 0.92549020 0.07058824
v 0.00228576 0.02962128 -0.04040882 0.56470588 0.92549020 0.07058824
v 0.00340297 0.02900019 -0.03961321 0.56470588 0.92549020 0.07058824
v 0.00381147 0.03018929 -0.04164202 0.56470588 0.92549020 0.07058824
v 0.01887169 0.02380319 -0.01144277 0.56470588 0.92549020 0.07058824
v 0.01944260 0.02325642 -0.00839102 0.56470588 0.92549020 0.07058824
v 0.02139649 0.02283174 -0.00166808 0.56470588 0.92549020 0.07058824
v 0.02140633 0.02129228 0.00286692 0.56470588 0.92549020 0.07058824
v 0.02084035 0.01885039 0.00838508 0.56470588 0.92549020 0.07058824
v 0.02031865 0.01783647 0.00990811 0.56470588 0.92549020 0.07058824
v 0.01947705 0.01707205 0.00990811 0.56470588 0.92549020 0.07058824
v 0.01945737 0.01703489 0.00997631 0.56470588 0.92549020 0.07058824
v 0.01674554 0.02901081 -0.02892356 0.56470588 0.92549020 0.07058824
v 0.01611065 0.02812960 -0.02837231 0.56470588 0.92549020 0.07058824
v 0.01485563 0.02777924 -0.02973622 0.56470588 0.92549020 0.07058824
v 0.01572184 0.02854366 -0.02973622 0.56470588 0.92549020 0.07058824
v 0.01195186 0.02757752 -0.03334490 0.56470588 0.92549020 0.07058824
v 0.01229638 0.02889402 -0.03522028 0.56470588 0.92549020 0.07058824
v 0.01218318 0.03051841 -0.03810154 0.56470588 0.92549020 0.07058824
v 0.01697194 0.02873477 -0.02790631 0.56470588 0.92549020 0.07058824
v 0.01721802 0.02846934 -0.02668447 0.56470588 0.92549020 0.07058824
v 0.01963454 0.02464193 -0.01144277 0.56470588 0.92549020 0.07058824
v 0.01978711 0.02445083 -0.01057328 0.56470588 0.92549020 0.07058824
v 0.01036709 0.02605399 -0.03179345 0.56470588 0.92549020 0.07058824
v 0.01144001 0.02706260 -0.03281638 0.56470588 0.92549020 0.07058824
v 0.00982571 0.02716346 -0.03427691 0.56470588 0.92549020 0.07058824
v 0.00838367 0.02607522 -0.03326534 0.56470588 0.92549020 0.07058824
v 0.00724677 0.02751382 -0.03648190 0.56470588 0.92549020 0.07058824
v 0.00812775 0.02880378 -0.03843115 0.56470588 0.92549020 0.07058824
v 0.00853624 0.02843749 -0.03751051 0.56470588 0.92549020 0.07058824
v 0.00914653 0.02897895 -0.03812427 0.56470588 0.92549020 0.07058824
v 0.00838367 0.02664323 -0.03431100 0.56470588 0.92549020 0.07058824
v 0.00925480 0.02740765 -0.03515776 0.56470588 0.92549020 0.07058824
v 0.00533718 0.02736518 -0.03674900 0.56470588 0.92549020 0.07058824
v 0.00387053 0.02861798 -0.03901650 0.56470588 0.92549020 0.07058824
v 0.00441683 0.02896834 -0.03966436 0.56470588 0.92549020 0.07058824
v 0.00464815 0.02896834 -0.03966436 0.56470588 0.92549020 0.07058824
v 0.00685796 0.02866576 -0.03867552 0.56470588 0.92549020 0.07058824
v 0.00678906 0.02784825 -0.03723204 0.56470588 0.92549020 0.07058824
v -0.00978703 0.01325525 0.00997631 0.56470588 0.92549020 0.07058824
v -0.01299102 0.01798511 -0.00070198 0.56470588 0.92549020 0.07058824
v -0.01136195 0.01716760 -0.00071903 0.56470588 0.92549020 0.07058824
v -0.01140625 0.01404091 0.00997631 0.56470588 0.92549020 0.07058824
v -0.01289258 0.01476817 0.00997631 0.56470588 0.92549020 0.07058824
v -0.01249885 0.01814436 -0.00196359 0.56470588 0.92549020 0.07058824
v -0.01213957 0.01833016 -0.00298084 0.56470588 0.92549020 0.07058824
v -0.01112079 0.01810189 -0.00353777 0.56470588 0.92549020 0.07058824
v -0.01063847 0.02442428 -0.01825664 0.56470588 0.92549020 0.07058824
v -0.00627298 0.02732802 -0.03072506 0.56470588 0.92549020 0.07058824
v -0.01299102 0.01857435 -0.00240118 0.56470588 0.92549020 0.07058824
v -0.01398027 0.01963073 -0.00340138 0.56470588 0.92549020 0.07058824
v -0.00455532 0.02899488 -0.03505547 0.56470588 0.92549020 0.07058824
v -0.00353654 0.02866045 -0.03550443 0.56470588 0.92549020 0.07058824
v -0.00148914 0.03052372 -0.03962457 0.56470588 0.92549020 0.07058824
v -0.00581526 0.02763591 -0.03174231 0.56470588 0.92549020 0.07058824
v -0.00499335 0.02859675 -0.03403822 0.56470588 0.92549020 0.07058824
v 0.00033187 0.03066174 -0.04097144 0.56470588 0.92549020 0.07058824
v 0.00076989 0.03126691 -0.04193185 0.56470588 0.92549020 0.07058824
v 0.00120792 0.03187208 -0.04286386 0.56470588 0.92549020 0.07058824
v 0.00228576 0.03168097 -0.04309118 0.56470588 0.92549020 0.07058824
v 0.00228576 0.03092186 -0.04219895 0.56470588 0.92549020 0.07058824
v 0.00228576 0.03030607 -0.04143744 0.56470588 0.92549020 0.07058824
v 0.00387053 0.02935055 -0.04026675 0.56470588 0.92549020 0.07058824
v 0.00381147 0.03073075 -0.04240354 0.56470588 0.92549020 0.07058824
v 0.00533718 0.03068829 -0.04243195 0.56470588 0.92549020 0.07058824
v 0.00533718 0.03019460 -0.04166475 0.56470588 0.92549020 0.07058824
v 0.01995445 0.02423849 -0.00955603 0.56470588 0.92549020 0.07058824
v 0.02146540 0.02423849 -0.00496988 0.56470588 0.92549020 0.07058824
v 0.02254324 0.02326704 0.00075854 0.56470588 0.92549020 0.07058824
v 0.02273518 0.02303347 0.00195765 0.56470588 0.92549020 0.07058824
v 0.02289267 0.02285298 0.00297490 0.56470588 0.92549020 0.07058824
v 0.02207076 0.02215757 0.00241229 0.56470588 0.92549020 0.07058824
v 0.02108151 0.01861150 0.00990811 0.56470588 0.92549020 0.07058824
v 0.02032358 0.01783116 0.00997631 0.56470588 0.92549020 0.07058824
v 0.01811376 0.03078914 -0.02854280 0.56470588 0.92549020 0.07058824
v 0.01754285 0.02973276 -0.02822455 0.56470588 0.92549020 0.07058824
v 0.01798087 0.02943548 -0.02668447 0.56470588 0.92549020 0.07058824
v 0.01539701 0.02883563 -0.03070801 0.56470588 0.92549020 0.07058824
v 0.01375318 0.03199417 -0.03817542 0.56470588 0.92549020 0.07058824
v 0.01411246 0.03283291 -0.03876645 0.56470588 0.92549020 0.07058824
v 0.01519522 0.03361856 -0.03802766 0.56470588 0.92549020 0.07058824
v 0.01552005 0.03470149 -0.03888579 0.56470588 0.92549020 0.07058824
v 0.01706545 0.03008312 -0.02973622 0.56470588 0.92549020 0.07058824
v 0.01093308 0.02734395 -0.03374839 0.56470588 0.92549020 0.07058824
v 0.01081004 0.02890995 -0.03672058 0.56470588 0.92549020 0.07058824
v 0.01069684 0.03049187 -0.03967004 0.56470588 0.92549020 0.07058824
v 0.01182390 0.03075729 -0.03888579 0.56470588 0.92549020 0.07058824
v 0.01239481 0.03184553 -0.03991440 0.56470588 0.92549020 0.07058824
v 0.01292635 0.03160134 -0.03876645 0.56470588 0.92549020 0.07058824
v 0.01818758 0.02912759 -0.02559903 0.56470588 0.92549020 0.07058824
v 0.01974282 0.02909043 -0.02110380 0.56470588 0.92549020 0.07058824
v 0.02136204 0.02591066 -0.00918664 0.56470588 0.92549020 0.07058824
v 0.02091417 0.02497636 -0.00839102 0.56470588 0.92549020 0.07058824
v 0.02116517 0.02464724 -0.00686799 0.56470588 0.92549020 0.07058824
v 0.02130790 0.02445614 -0.00598713 0.56470588 0.92549020 0.07058824
v 0.00990938 0.02913290 -0.03783444 0.56470588 0.92549020 0.07058824
v 0.00990938 0.02871884 -0.03707292 0.56470588 0.92549020 0.07058824
v 0.00685796 0.02910105 -0.03943703 0.56470588 0.92549020 0.07058824
v 0.00787182 0.03042817 -0.04130105 0.56470588 0.92549020 0.07058824
v 0.00838367 0.03008843 -0.04047701 0.56470588 0.92549020 0.07058824
v 0.00853624 0.02922315 -0.03891989 0.56470588 0.92549020 0.07058824
v 0.00889060 0.03058742 -0.04103395 0.56470588 0.92549020 0.07058824
v 0.00990938 0.03032731 -0.03994282 0.56470588 0.92549020 0.07058824
v 0.00990938 0.02972214 -0.03888579 0.56470588 0.92549020 0.07058824
v 0.00522890 0.02936648 -0.04026675 0.56470588 0.92549020 0.07058824
v -0.01439861 0.01555382 0.00997631 0.56470588 0.92549020 0.07058824
v -0.01380309 0.01825584 -0.00015641 0.56470588 0.92549020 0.07058824
v -0.01351763 0.01842040 -0.00117366 0.56470588 0.92549020 0.07058824
v -0.01197716 0.02455700 -0.01644946 0.56470588 0.92549020 0.07058824
v -0.01499905 0.02002356 -0.00261713 0.56470588 0.92549020 0.07058824
v -0.00780361 0.02877724 -0.03075915 0.56470588 0.92549020 0.07058824
v -0.00685865 0.02820392 -0.03125357 0.56470588 0.92549020 0.07058824
v -0.01393597 0.02573017 -0.01559133 0.56470588 0.92549020 0.07058824
v -0.01448720 0.01945555 -0.00217955 0.56470588 0.92549020 0.07058824
v -0.00456517 0.03051311 -0.03658987 0.56470588 0.92549020 0.07058824
v -0.00306407 0.03048656 -0.03814132 0.56470588 0.92549020 0.07058824
v -0.00643047 0.02864983 -0.03242994 0.56470588 0.92549020 0.07058824
v -0.00600721 0.02907982 -0.03344720 0.56470588 0.92549020 0.07058824
v -0.00151375 0.03203664 -0.04116466 0.56470588 0.92549020 0.07058824
v 0.00018914 0.03214281 -0.04259108 0.56470588 0.92549020 0.07058824
v -0.00076074 0.03482889 -0.04447214 0.56470588 0.92549020 0.07058824
v 0.00077974 0.03280106 -0.04346057 0.56470588 0.92549020 0.07058824
v 0.00082403 0.03427151 -0.04474492 0.56470588 0.92549020 0.07058824
v 0.00228576 0.03247193 -0.04385269 0.56470588 0.92549020 0.07058824
v 0.00381147 0.03219058 -0.04408002 0.56470588 0.92549020 0.07058824
v 0.00381147 0.03149517 -0.04331850 0.56470588 0.92549020 0.07058824
v 0.00533718 0.03145270 -0.04338669 0.56470588 0.92549020 0.07058824
v 0.00685796 0.03080507 -0.04224442 0.56470588 0.92549020 0.07058824
v 0.00685796 0.03031138 -0.04148290 0.56470588 0.92549020 0.07058824
v 0.00685796 0.03156949 -0.04325030 0.56470588 0.92549020 0.07058824
v 0.00685796 0.02967437 -0.04040882 0.56470588 0.92549020 0.07058824
v 0.02316336 0.02403146 0.00075854 0.56470588 0.92549020 0.07058824
v 0.02326671 0.02358024 0.00239524 0.56470588 0.92549020 0.07058824
v 0.02290743 0.02130290 0.00901589 0.56470588 0.92549020 0.07058824
v 0.02245465 0.02042700 0.00990811 0.56470588 0.92549020 0.07058824
v 0.02169179 0.01937593 0.00990811 0.56470588 0.92549020 0.07058824
v 0.02108643 0.01860620 0.00997631 0.56470588 0.92549020 0.07058824
v 0.01784799 0.03128283 -0.02975327 0.56470588 0.92549020 0.07058824
v 0.01842874 0.03180306 -0.02925317 0.56470588 0.92549020 0.07058824
v 0.01861084 0.03128283 -0.02810521 0.56470588 0.92549020 0.07058824
v 0.01833031 0.03045471 -0.02752555 0.56470588 0.92549020 0.07058824
v 0.01850257 0.03019991 -0.02668447 0.56470588 0.92549020 0.07058824
v 0.01341359 0.03234984 -0.03919267 0.56470588 0.92549020 0.07058824
v 0.01388115 0.03336906 -0.03990304 0.56470588 0.92549020 0.07058824
v 0.01494422 0.03393707 -0.03888579 0.56470588 0.92549020 0.07058824
v 0.01529366 0.03501469 -0.03972119 0.56470588 0.92549020 0.07058824
v 0.01658313 0.03543406 -0.03770373 0.56470588 0.92549020 0.07058824
v 0.00990938 0.03081038 -0.04070434 0.56470588 0.92549020 0.07058824
v 0.00984540 0.03161727 -0.04192617 0.56470588 0.92549020 0.07058824
v 0.01095277 0.03184553 -0.04141471 0.56470588 0.92549020 0.07058824
v 0.01133174 0.03133592 -0.04030084 0.56470588 0.92549020 0.07058824
v 0.01196663 0.03218527 -0.04093165 0.56470588 0.92549020 0.07058824
v 0.01298048 0.03277982 -0.04042018 0.56470588 0.92549020 0.07058824
v 0.01956072 0.03094309 -0.02516144 0.56470588 0.92549020 0.07058824
v 0.01873388 0.02967967 -0.02511598 0.56470588 0.92549020 0.07058824
v 0.01991016 0.03035385 -0.02313830 0.56470588 0.92549020 0.07058824
v 0.01956564 0.02933462 -0.02210969 0.56470588 0.92549020 0.07058824
v 0.02008734 0.03009374 -0.02210969 0.56470588 0.92549020 0.07058824
v 0.02027928 0.02965313 -0.02059234 0.56470588 0.92549020 0.07058824
v 0.02138173 0.02740234 -0.01230658 0.56470588 0.92549020 0.07058824
v 0.02151461 0.02719531 -0.01144277 0.56470588 0.92549020 0.07058824
v 0.02399020 0.02526833 0.00076991 0.56470588 0.92549020 0.07058824
v 0.00838367 0.03096433 -0.04185798 0.56470588 0.92549020 0.07058824
v 0.00929418 0.03195170 -0.04278430 0.56470588 0.92549020 0.07058824
v -0.01450688 0.01561753 0.00997631 0.56470588 0.92549020 0.07058824
v -0.01437892 0.01882915 -0.00070198 0.56470588 0.92549020 0.07058824
v -0.01568315 0.01635540 0.00997631 0.56470588 0.92549020 0.07058824
v -0.01477757 0.01861150 0.00075854 0.56470588 0.92549020 0.07058824
v -0.01528450 0.01979530 -0.00159988 0.56470588 0.92549020 0.07058824
v -0.01594400 0.02065527 -0.00213977 0.56470588 0.92549020 0.07058824
v -0.01551090 0.02110649 -0.00381624 0.56470588 0.92549020 0.07058824
v -0.00923580 0.03038039 -0.03062276 0.56470588 0.92549020 0.07058824
v -0.00744433 0.02919660 -0.03177640 0.56470588 0.92549020 0.07058824
v -0.01500889 0.02621855 -0.01448884 0.56470588 0.92549020 0.07058824
v -0.01522544 0.02595313 -0.01369322 0.56470588 0.92549020 0.07058824
v -0.00642063 0.03009905 -0.03394161 0.56470588 0.92549020 0.07058824
v -0.00307391 0.03657538 -0.04425050 0.56470588 0.92549020 0.07058824
v -0.00152851 0.03507308 -0.04422777 0.56470588 0.92549020 0.07058824
v -0.00693248 0.02964782 -0.03287322 0.56470588 0.92549020 0.07058824
v -0.00071644 0.03589059 -0.04525639 0.56470588 0.92549020 0.07058824
v 0.00076497 0.03541283 -0.04559168 0.56470588 0.92549020 0.07058824
v 0.00228576 0.03323635 -0.04445509 0.56470588 0.92549020 0.07058824
v 0.00381147 0.03295500 -0.04465399 0.56470588 0.92549020 0.07058824
v 0.00533718 0.03210565 -0.04414821 0.56470588 0.92549020 0.07058824
v 0.00838367 0.03178183 -0.04298320 0.56470588 0.92549020 0.07058824
v 0.00685796 0.03223305 -0.04401182 0.56470588 0.92549020 0.07058824
v 0.02411324 0.02499229 0.00228726 0.56470588 0.92549020 0.07058824
v 0.02298126 0.02119142 0.00990811 0.56470588 0.92549020 0.07058824
v 0.02245957 0.02042169 0.00997631 0.56470588 0.92549020 0.07058824
v 0.02169671 0.01937062 0.00997631 0.56470588 0.92549020 0.07058824
v 0.01967392 0.03237638 -0.02707091 0.56470588 0.92549020 0.07058824
v 0.01987078 0.03194639 -0.02605366 0.56470588 0.92549020 0.07058824
v 0.01928511 0.03136777 -0.02661059 0.56470588 0.92549020 0.07058824
v 0.01356616 0.03377782 -0.04092029 0.56470588 0.92549020 0.07058824
v 0.01552990 0.03584281 -0.04006784 0.56470588 0.92549020 0.07058824
v 0.01659297 0.03698944 -0.03929496 0.56470588 0.92549020 0.07058824
v 0.01627306 0.03590121 -0.03882896 0.56470588 0.92549020 0.07058824
v 0.01393036 0.03479173 -0.04140334 0.56470588 0.92549020 0.07058824
v 0.01500820 0.03584281 -0.04082936 0.56470588 0.92549020 0.07058824
v 0.01684397 0.03645329 -0.03827771 0.56470588 0.92549020 0.07058824
v 0.01701131 0.03590121 -0.03726046 0.56470588 0.92549020 0.07058824
v 0.01030803 0.03227552 -0.04243195 0.56470588 0.92549020 0.07058824
v 0.01148431 0.03273736 -0.04198868 0.56470588 0.92549020 0.07058824
v 0.01255230 0.03320450 -0.04154541 0.56470588 0.92549020 0.07058824
v 0.02109627 0.03098025 -0.02058665 0.56470588 0.92549020 0.07058824
v 0.02125869 0.03066174 -0.01940460 0.56470588 0.92549020 0.07058824
v 0.02434948 0.02606460 0.00026981 0.56470588 0.92549020 0.07058824
v 0.02443315 0.02584695 0.00128706 0.56470588 0.92549020 0.07058824
v 0.00838367 0.03252502 -0.04374472 0.56470588 0.92549020 0.07058824
v 0.00923019 0.03350178 -0.04426755 0.56470588 0.92549020 0.07058824
v 0.00977157 0.03288599 -0.04337533 0.56470588 0.92549020 0.07058824
v -0.01547645 0.01963604 -0.00076449 0.56470588 0.92549020 0.07058824
v -0.01573729 0.01639256 0.00997631 0.56470588 0.92549020 0.07058824
v -0.01579143 0.01937593 0.00075854 0.56470588 0.92549020 0.07058824
v -0.01623930 0.02033676 -0.00076449 0.56470588 0.92549020 0.07058824
v -0.01682990 0.02128698 -0.00165671 0.56470588 0.92549020 0.07058824
v -0.01659858 0.02156302 -0.00267396 0.56470588 0.92549020 0.07058824
v -0.00447658 0.03830594 -0.04394362 0.56470588 0.92549020 0.07058824
v -0.00783314 0.03021583 -0.03230492 0.56470588 0.92549020 0.07058824
v -0.01535340 0.02730679 -0.01542084 0.56470588 0.92549020 0.07058824
v -0.01221832 0.03351239 -0.02901449 0.56470588 0.92549020 0.07058824
v -0.01557980 0.02698297 -0.01448884 0.56470588 0.92549020 0.07058824
v -0.01547152 0.02568239 -0.01267597 0.56470588 0.92549020 0.07058824
v -0.01603751 0.02666977 -0.01299990 0.56470588 0.92549020 0.07058824
v -0.00337413 0.03736635 -0.04450055 0.56470588 0.92549020 0.07058824
v -0.00221754 0.03741412 -0.04527912 0.56470588 0.92549020 0.07058824
v -0.00213880 0.03597553 -0.04446646 0.56470588 0.92549020 0.07058824
v -0.00119876 0.03693636 -0.04561442 0.56470588 0.92549020 0.07058824
v -0.00017998 0.03643736 -0.04580763 0.56470588 0.92549020 0.07058824
v 0.00374749 0.03915530 -0.04808082 0.56470588 0.92549020 0.07058824
v 0.00516984 0.03853952 -0.04808082 0.56470588 0.92549020 0.07058824
v 0.00228576 0.03517926 -0.04572239 0.56470588 0.92549020 0.07058824
v 0.00369827 0.03440422 -0.04547802 0.56470588 0.92549020 0.07058824
v 0.00525351 0.03851829 -0.04808082 0.56470588 0.92549020 0.07058824
v 0.00533718 0.03414410 -0.04547802 0.56470588 0.92549020 0.07058824
v 0.00533718 0.03286476 -0.04471082 0.56470588 0.92549020 0.07058824
v 0.00685796 0.03299216 -0.04464831 0.56470588 0.92549020 0.07058824
v 0.00838367 0.03328944 -0.04443804 0.56470588 0.92549020 0.07058824
v 0.02351772 0.02211510 0.00997631 0.56470588 0.92549020 0.07058824
v 0.02298618 0.02118612 0.00997631 0.56470588 0.92549020 0.07058824
v 0.02005288 0.03284353 -0.02661059 0.56470588 0.92549020 0.07058824
v 0.01829586 0.03660723 -0.03507252 0.56470588 0.92549020 0.07058824
v 0.01973298 0.03686735 -0.03176504 0.56470588 0.92549020 0.07058824
v 0.02049583 0.03279044 -0.02516144 0.56470588 0.92549020 0.07058824
v 0.02136204 0.03199948 -0.02138227 0.56470588 0.92549020 0.07058824
v 0.02149000 0.03174467 -0.02058665 0.56470588 0.92549020 0.07058824
v 0.01300017 0.03426620 -0.04198300 0.56470588 0.92549020 0.07058824
v 0.01603190 0.03732388 -0.04044292 0.56470588 0.92549020 0.07058824
v 0.01682429 0.03799805 -0.03973255 0.56470588 0.92549020 0.07058824
v 0.01522968 0.03663908 -0.04114761 0.56470588 0.92549020 0.07058824
v 0.01418137 0.03592775 -0.04192049 0.56470588 0.92549020 0.07058824
v 0.01243910 0.03475458 -0.04293205 0.56470588 0.92549020 0.07058824
v 0.01345296 0.03548184 -0.04241491 0.56470588 0.92549020 0.07058824
v 0.01378763 0.03649576 -0.04277294 0.56470588 0.92549020 0.07058824
v 0.01701131 0.03744597 -0.03882896 0.56470588 0.92549020 0.07058824
v 0.01100199 0.03328944 -0.04294342 0.56470588 0.92549020 0.07058824
v 0.01201584 0.03374066 -0.04256266 0.56470588 0.92549020 0.07058824
v 0.02448728 0.02716876 -0.00076449 0.56470588 0.92549020 0.07058824
v 0.02460540 0.02661668 0.00076991 0.56470588 0.92549020 0.07058824
v 0.02190834 0.03279044 -0.02058665 0.56470588 0.92549020 0.07058824
v 0.02226270 0.03279044 -0.01905794 0.56470588 0.92549020 0.07058824
v 0.02479243 0.02669100 0.00228726 0.56470588 0.92549020 0.07058824
v 0.02447252 0.02575671 0.00228726 0.56470588 0.92549020 0.07058824
v 0.02446267 0.02422787 0.00997631 0.56470588 0.92549020 0.07058824
v 0.02417230 0.02346345 0.00997631 0.56470588 0.92549020 0.07058824
v 0.01087894 0.03486605 -0.04438689 0.56470588 0.92549020 0.07058824
v 0.01024897 0.03385213 -0.04396067 0.56470588 0.92549020 0.07058824
v 0.00967806 0.03908098 -0.04808082 0.56470588 0.92549020 0.07058824
v 0.00977157 0.03914468 -0.04808082 0.56470588 0.92549020 0.07058824
v -0.01654936 0.02004479 0.00075854 0.56470588 0.92549020 0.07058824
v -0.01761244 0.01786301 0.00997631 0.56470588 0.92549020 0.07058824
v -0.01715965 0.01800103 0.00838508 0.56470588 0.92549020 0.07058824
v -0.01814890 0.01844163 0.00952735 0.56470588 0.92549020 0.07058824
v -0.01672162 0.01988023 0.00167350 0.56470588 0.92549020 0.07058824
v -0.01720394 0.02208856 -0.00221933 0.56470588 0.92549020 0.07058824
v -0.01698739 0.02110118 -0.00076449 0.56470588 0.92549020 0.07058824
v -0.01781422 0.02222127 -0.00073607 0.56470588 0.92549020 0.07058824
v -0.00472758 0.03931986 -0.04440394 0.56470588 0.92549020 0.07058824
v -0.01681513 0.02738111 -0.01231226 0.56470588 0.92549020 0.07058824
v -0.01660350 0.02779517 -0.01332383 0.56470588 0.92549020 0.07058824
v -0.01634265 0.02826762 -0.01445474 0.56470588 0.92549020 0.07058824
v -0.01684958 0.02880908 -0.01392054 0.56470588 0.92549020 0.07058824
v -0.01699231 0.02983893 -0.01445474 0.56470588 0.92549020 0.07058824
v -0.01235612 0.03431397 -0.02929863 0.56470588 0.92549020 0.07058824
v -0.01212481 0.03526950 -0.03038408 0.56470588 0.92549020 0.07058824
v -0.01648538 0.02637780 -0.01144277 0.56470588 0.92549020 0.07058824
v -0.00390567 0.03884210 -0.04478470 0.56470588 0.92549020 0.07058824
v -0.00166632 0.03794497 -0.04580763 0.56470588 0.92549020 0.07058824
v 0.00243341 0.04031786 -0.04808082 0.56470588 0.92549020 0.07058824
v 0.00685796 0.03847582 -0.04808082 0.56470588 0.92549020 0.07058824
v 0.00838367 0.03862976 -0.04808082 0.56470588 0.92549020 0.07058824
v 0.00957471 0.03904383 -0.04808082 0.56470588 0.92549020 0.07058824
v 0.02056473 0.03431397 -0.02668447 0.56470588 0.92549020 0.07058824
v 0.02109627 0.03436175 -0.02513302 0.56470588 0.92549020 0.07058824
v 0.01761175 0.03736635 -0.03736275 0.56470588 0.92549020 0.07058824
v 0.01827617 0.03819447 -0.03653872 0.56470588 0.92549020 0.07058824
v 0.01877326 0.03721771 -0.03445876 0.56470588 0.92549020 0.07058824
v 0.01952627 0.03737165 -0.03276524 0.56470588 0.92549020 0.07058824
v 0.01990523 0.03787596 -0.03224241 0.56470588 0.92549020 0.07058824
v 0.02008241 0.03737165 -0.03125925 0.56470588 0.92549020 0.07058824
v 0.02111596 0.03733980 -0.02823024 0.56470588 0.92549020 0.07058824
v 0.02127837 0.03681426 -0.02721867 0.56470588 0.92549020 0.07058824
v 0.01651915 0.03888457 -0.04079526 0.56470588 0.92549020 0.07058824
v 0.01672093 0.03987195 -0.04108510 0.56470588 0.92549020 0.07058824
v 0.01697686 0.03888457 -0.04002806 0.56470588 0.92549020 0.07058824
v 0.01751824 0.03888457 -0.03888579 0.56470588 0.92549020 0.07058824
v 0.01485071 0.03723363 -0.04195459 0.56470588 0.92549020 0.07058824
v 0.01547576 0.03765300 -0.04146017 0.56470588 0.92549020 0.07058824
v 0.01189280 0.03548184 -0.04394931 0.56470588 0.92549020 0.07058824
v 0.01227669 0.03649576 -0.04429028 0.56470588 0.92549020 0.07058824
v 0.01286729 0.03599145 -0.04335828 0.56470588 0.92549020 0.07058824
v 0.01505250 0.03857668 -0.04247742 0.56470588 0.92549020 0.07058824
v 0.01102659 0.04048773 -0.04808082 0.56470588 0.92549020 0.07058824
v 0.01810884 0.03877309 -0.03742527 0.56470588 0.92549020 0.07058824
v 0.02429534 0.03084754 -0.00686799 0.56470588 0.92549020 0.07058824
v 0.02442822 0.03192516 -0.00777726 0.56470588 0.92549020 0.07058824
v 0.02451681 0.03161196 -0.00686799 0.56470588 0.92549020 0.07058824
v 0.02499914 0.02821454 0.00075854 0.56470588 0.92549020 0.07058824
v 0.02238082 0.03431397 -0.02058665 0.56470588 0.92549020 0.07058824
v 0.02127345 0.03532258 -0.02562176 0.56470588 0.92549020 0.07058824
v 0.02143094 0.03633650 -0.02620142 0.56470588 0.92549020 0.07058824
v 0.02272041 0.03432990 -0.01910909 0.56470588 0.92549020 0.07058824
v 0.02512709 0.02821454 0.00228726 0.56470588 0.92549020 0.07058824
v 0.02631813 0.03126691 0.00990811 0.56470588 0.92549020 0.07058824
v 0.02630829 0.03121382 0.00997631 0.56470588 0.92549020 0.07058824
v 0.02477274 0.02516747 0.00997631 0.56470588 0.92549020 0.07058824
v 0.02475797 0.02511970 0.00997631 0.56470588 0.92549020 0.07058824
v 0.01049013 0.03980824 -0.04808082 0.56470588 0.92549020 0.07058824
v -0.01874934 0.01898310 0.00997631 0.56470588 0.92549020 0.07058824
v -0.01876410 0.01899902 0.00997631 0.56470588 0.92549020 0.07058824
v -0.01861645 0.01942370 0.00838508 0.56470588 0.92549020 0.07058824
v -0.01842943 0.01965727 0.00719166 0.56470588 0.92549020 0.07058824
v -0.01827194 0.01986431 0.00617441 0.56470588 0.92549020 0.07058824
v -0.01822272 0.02304408 -0.00122481 0.56470588 0.92549020 0.07058824
v -0.01961062 0.02015627 0.00990811 0.56470588 0.92549020 0.07058824
v -0.01230691 0.03628342 -0.03065118 0.56470588 0.92549020 0.07058824
v -0.00566761 0.04049304 -0.04338101 0.56470588 0.92549020 0.07058824
v -0.00579066 0.04193694 -0.04379018 0.56470588 0.92549020 0.07058824
v -0.00491460 0.04041341 -0.04452897 0.56470588 0.92549020 0.07058824
v -0.01741065 0.02821454 -0.01144277 0.56470588 0.92549020 0.07058824
v -0.01699231 0.02826762 -0.01287488 0.56470588 0.92549020 0.07058824
v -0.01842943 0.02406331 -0.00199201 0.56470588 0.92549020 0.07058824
v -0.01751400 0.02974338 -0.01296580 0.56470588 0.92549020 0.07058824
v -0.01739589 0.03126691 -0.01448884 0.56470588 0.92549020 0.07058824
v -0.01255791 0.03580035 -0.02982147 0.56470588 0.92549020 0.07058824
v 0.00161149 0.04193694 -0.04808082 0.56470588 0.92549020 0.07058824
v 0.00232021 0.04043464 -0.04808082 0.56470588 0.92549020 0.07058824
v 0.01843859 0.03920839 -0.03695926 0.56470588 0.92549020 0.07058824
v 0.01970837 0.03857668 -0.03325966 0.56470588 0.92549020 0.07058824
v 0.01999875 0.03900667 -0.03276524 0.56470588 0.92549020 0.07058824
v 0.02051060 0.03888457 -0.03125925 0.56470588 0.92549020 0.07058824
v 0.02127345 0.03844927 -0.02875875 0.56470588 0.92549020 0.07058824
v 0.02144571 0.03782818 -0.02774150 0.56470588 0.92549020 0.07058824
v 0.01683413 0.04088586 -0.04126127 0.56470588 0.92549020 0.07058824
v 0.01714419 0.04039218 -0.04051111 0.56470588 0.92549020 0.07058824
v 0.01566770 0.03900667 -0.04195459 0.56470588 0.92549020 0.07058824
v 0.01526905 0.03959059 -0.04272179 0.56470588 0.92549020 0.07058824
v 0.01146462 0.04193694 -0.04808082 0.56470588 0.92549020 0.07058824
v 0.01798579 0.04046118 -0.03878349 0.56470588 0.92549020 0.07058824
v 0.01823680 0.03998342 -0.03797651 0.56470588 0.92549020 0.07058824
v 0.02453158 0.03281698 -0.00832851 0.56470588 0.92549020 0.07058824
v 0.02432979 0.03232860 -0.00879451 0.56470588 0.92549020 0.07058824
v 0.02476781 0.03279044 -0.00686799 0.56470588 0.92549020 0.07058824
v 0.02619509 0.03279044 0.00533333 0.56470588 0.92549020 0.07058824
v 0.02635751 0.03279044 0.00686204 0.56470588 0.92549020 0.07058824
v 0.02620493 0.03126691 0.00838508 0.56470588 0.92549020 0.07058824
v 0.02284345 0.03526419 -0.01965465 0.56470588 0.92549020 0.07058824
v 0.02159828 0.03733980 -0.02670152 0.56470588 0.92549020 0.07058824
v 0.02200677 0.03736635 -0.02516144 0.56470588 0.92549020 0.07058824
v 0.02645594 0.03279044 0.00838508 0.56470588 0.92549020 0.07058824
v 0.02651008 0.03272674 0.00997631 0.56470588 0.92549020 0.07058824
v 0.02631813 0.03126691 0.00997631 0.56470588 0.92549020 0.07058824
v -0.01962047 0.02014565 0.00997631 0.56470588 0.92549020 0.07058824
v -0.01855739 0.02358555 -0.00073607 0.56470588 0.92549020 0.07058824
v -0.01992069 0.02118081 0.00878857 0.56470588 0.92549020 0.07058824
v -0.01998467 0.02250262 0.00686204 0.56470588 0.92549020 0.07058824
v -0.02004373 0.02085699 0.00997631 0.56470588 0.92549020 0.07058824
v -0.02006342 0.02092069 0.00990811 0.56470588 0.92549020 0.07058824
v -0.01300578 0.03736635 -0.02973622 0.56470588 0.92549020 0.07058824
v -0.01244471 0.03736635 -0.03088418 0.56470588 0.92549020 0.07058824
v -0.00625329 0.04193694 -0.04302866 0.56470588 0.92549020 0.07058824
v -0.00573652 0.04346048 -0.04390384 0.56470588 0.92549020 0.07058824
v -0.00503272 0.04193694 -0.04450055 0.56470588 0.92549020 0.07058824
v -0.00636649 0.04346048 -0.04314232 0.56470588 0.92549020 0.07058824
v 0.00126698 0.04907153 -0.04808082 0.56470588 0.92549020 0.07058824
v -0.01791758 0.02974338 -0.01144277 0.56470588 0.92549020 0.07058824
v -0.02248978 0.02835786 0.00997631 0.56470588 0.92549020 0.07058824
v -0.02137749 0.02890995 0.00447520 0.56470588 0.92549020 0.07058824
v -0.01800125 0.03138370 -0.01284078 0.56470588 0.92549020 0.07058824
v -0.01771087 0.03279044 -0.01448884 0.56470588 0.92549020 0.07058824
v -0.01375879 0.03947912 -0.02904858 0.56470588 0.92549020 0.07058824
v 0.01983633 0.03959590 -0.03358359 0.56470588 0.92549020 0.07058824
v 0.02138665 0.03946319 -0.02908836 0.56470588 0.92549020 0.07058824
v 0.02107659 0.03892704 -0.02965098 0.56470588 0.92549020 0.07058824
v 0.02153922 0.03892704 -0.02823024 0.56470588 0.92549020 0.07058824
v 0.02195756 0.03888457 -0.02668447 0.56470588 0.92549020 0.07058824
v 0.01685382 0.04193694 -0.04128968 0.56470588 0.92549020 0.07058824
v 0.01738043 0.04193694 -0.04040882 0.56470588 0.92549020 0.07058824
v 0.01806454 0.04193694 -0.03906765 0.56470588 0.92549020 0.07058824
v 0.01147446 0.04197941 -0.04808082 0.56470588 0.92549020 0.07058824
v 0.01158766 0.04350294 -0.04808082 0.56470588 0.92549020 0.07058824
v 0.01167133 0.04502647 -0.04808082 0.56470588 0.92549020 0.07058824
v 0.01832539 0.04100265 -0.03820383 0.56470588 0.92549020 0.07058824
v 0.02479735 0.03431397 -0.00839102 0.56470588 0.92549020 0.07058824
v 0.02444299 0.03334783 -0.00935144 0.56470588 0.92549020 0.07058824
v 0.02443315 0.03802460 -0.01419332 0.56470588 0.92549020 0.07058824
v 0.02637719 0.03431397 0.00533333 0.56470588 0.92549020 0.07058824
v 0.02653469 0.03431397 0.00686204 0.56470588 0.92549020 0.07058824
v 0.02231684 0.03888457 -0.02516144 0.56470588 0.92549020 0.07058824
v 0.02665773 0.03431397 0.00990811 0.56470588 0.92549020 0.07058824
v 0.02651500 0.03279044 0.00990811 0.56470588 0.92549020 0.07058824
v 0.02665281 0.03425027 0.00997631 0.56470588 0.92549020 0.07058824
v -0.02009787 0.02096847 0.00997631 0.56470588 0.92549020 0.07058824
v -0.02014216 0.02201955 0.00832256 0.56470588 0.92549020 0.07058824
v -0.02052113 0.02211510 0.00990811 0.56470588 0.92549020 0.07058824
v -0.02006833 0.02090477 0.00997631 0.56470588 0.92549020 0.07058824
v -0.01337490 0.03893765 -0.02962825 0.56470588 0.92549020 0.07058824
v -0.01257268 0.03888457 -0.03112855 0.56470588 0.92549020 0.07058824
v -0.01343396 0.04041341 -0.02996922 0.56470588 0.92549020 0.07058824
v -0.00559871 0.04498401 -0.04380723 0.56470588 0.92549020 0.07058824
v -0.00483586 0.04498401 -0.04437553 0.56470588 0.92549020 0.07058824
v -0.00497858 0.04346048 -0.04442667 0.56470588 0.92549020 0.07058824
v -0.00636157 0.04498401 -0.04304572 0.56470588 0.92549020 0.07058824
v 0.00135557 0.05041988 -0.04808082 0.56470588 0.92549020 0.07058824
v 0.00129159 0.04955991 -0.04808082 0.56470588 0.92549020 0.07058824
v -0.01347826 0.04193694 -0.03007720 0.56470588 0.92549020 0.07058824
v -0.00703091 0.04346048 -0.04193754 0.56470588 0.92549020 0.07058824
v -0.00756737 0.04498401 -0.04107372 0.56470588 0.92549020 0.07058824
v -0.00707028 0.04498401 -0.04193754 0.56470588 0.92549020 0.07058824
v -0.01821288 0.03086346 -0.01144277 0.56470588 0.92549020 0.07058824
v -0.01831131 0.03197294 -0.01224407 0.56470588 0.92549020 0.07058824
v -0.02181060 0.02974338 0.00533333 0.56470588 0.92549020 0.07058824
v -0.02139718 0.03035916 0.00284987 0.56470588 0.92549020 0.07058824
v -0.02053097 0.02211510 0.00997631 0.56470588 0.92549020 0.07058824
v -0.02256361 0.02866045 0.00997631 0.56470588 0.92549020 0.07058824
v -0.02215511 0.02974338 0.00686204 0.56470588 0.92549020 0.07058824
v -0.01790774 0.03431397 -0.01448884 0.56470588 0.92549020 0.07058824
v -0.01383754 0.04041341 -0.02920771 0.56470588 0.92549020 0.07058824
v -0.01813905 0.03279044 -0.01318176 0.56470588 0.92549020 0.07058824
v 0.02022022 0.04041341 -0.03278797 0.56470588 0.92549020 0.07058824
v 0.02077144 0.04041341 -0.03125925 0.56470588 0.92549020 0.07058824
v 0.02118978 0.04041341 -0.03002037 0.56470588 0.92549020 0.07058824
v 0.02143587 0.04041341 -0.02925885 0.56470588 0.92549020 0.07058824
v 0.02172624 0.04041341 -0.02821319 0.56470588 0.92549020 0.07058824
v 0.02211505 0.04041341 -0.02668447 0.56470588 0.92549020 0.07058824
v 0.01681937 0.04307827 -0.04123853 0.56470588 0.92549020 0.07058824
v 0.01163195 0.04651285 -0.04808082 0.56470588 0.92549020 0.07058824
v 0.01718849 0.04354010 -0.04054521 0.56470588 0.92549020 0.07058824
v 0.01802025 0.04346048 -0.03907901 0.56470588 0.92549020 0.07058824
v 0.01837953 0.04346048 -0.03831749 0.56470588 0.92549020 0.07058824
v 0.01836476 0.04193694 -0.03830045 0.56470588 0.92549020 0.07058824
v 0.02090433 0.04193694 -0.03125925 0.56470588 0.92549020 0.07058824
v 0.02489578 0.03736635 -0.00991405 0.56470588 0.92549020 0.07058824
v 0.02437901 0.03888457 -0.01510260 0.56470588 0.92549020 0.07058824
v 0.02484164 0.03888457 -0.01144277 0.56470588 0.92549020 0.07058824
v 0.02631321 0.03888457 0.00228726 0.56470588 0.92549020 0.07058824
v 0.02656914 0.03584281 0.00686204 0.56470588 0.92549020 0.07058824
v 0.02670202 0.03584281 0.00990811 0.56470588 0.92549020 0.07058824
v 0.02246449 0.04041341 -0.02516144 0.56470588 0.92549020 0.07058824
v 0.02277455 0.04028070 -0.02360999 0.56470588 0.92549020 0.07058824
v 0.02670202 0.03577911 0.00997631 0.56470588 0.92549020 0.07058824
v 0.02665773 0.03431397 0.00997631 0.56470588 0.92549020 0.07058824
v -0.01389660 0.04193694 -0.02931568 0.56470588 0.92549020 0.07058824
v -0.00544122 0.04651285 -0.04364811 0.56470588 0.92549020 0.07058824
v -0.00459470 0.04734628 -0.04423913 0.56470588 0.92549020 0.07058824
v -0.00624837 0.04651285 -0.04288659 0.56470588 0.92549020 0.07058824
v -0.00687342 0.04651285 -0.04193754 0.56470588 0.92549020 0.07058824
v 0.00156228 0.05108875 -0.04808082 0.56470588 0.92549020 0.07058824
v -0.00797586 0.04498401 -0.04031221 0.56470588 0.92549020 0.07058824
v -0.00748370 0.04651285 -0.04090324 0.56470588 0.92549020 0.07058824
v -0.02134304 0.03512086 -0.00150896 0.56470588 0.92549020 0.07058824
v -0.01835561 0.03279044 -0.01242024 0.56470588 0.92549020 0.07058824
v -0.02220433 0.03279044 0.00381029 0.56470588 0.92549020 0.07058824
v -0.02213542 0.03431397 0.00228726 0.56470588 0.92549020 0.07058824
v -0.02183521 0.03126691 0.00381029 0.56470588 0.92549020 0.07058824
v -0.02282446 0.02974338 0.00997631 0.56470588 0.92549020 0.07058824
v -0.01821780 0.03431397 -0.01340908 0.56470588 0.92549020 0.07058824
v 0.02125869 0.04193694 -0.03017949 0.56470588 0.92549020 0.07058824
v 0.02146540 0.04193694 -0.02941229 0.56470588 0.92549020 0.07058824
v 0.02177546 0.04193694 -0.02821319 0.56470588 0.92549020 0.07058824
v 0.02214951 0.04193694 -0.02668447 0.56470588 0.92549020 0.07058824
v 0.01675046 0.04409749 -0.04114761 0.56470588 0.92549020 0.07058824
v 0.01162703 0.04655532 -0.04808082 0.56470588 0.92549020 0.07058824
v 0.01717864 0.04498401 -0.04023833 0.56470588 0.92549020 0.07058824
v 0.01801040 0.04511141 -0.03879486 0.56470588 0.92549020 0.07058824
v 0.01834507 0.04468673 -0.03822088 0.56470588 0.92549020 0.07058824
v 0.02087972 0.04346048 -0.03125925 0.56470588 0.92549020 0.07058824
v 0.02291728 0.04070007 -0.02308716 0.56470588 0.92549020 0.07058824
v 0.02440854 0.04103450 -0.01529582 0.56470588 0.92549020 0.07058824
v 0.02468415 0.04193694 -0.01296580 0.56470588 0.92549020 0.07058824
v 0.02608682 0.04498401 0.00075854 0.56470588 0.92549020 0.07058824
v 0.02619017 0.04498401 0.00228726 0.56470588 0.92549020 0.07058824
v 0.02640180 0.03888457 0.00381029 0.56470588 0.92549020 0.07058824
v 0.02597362 0.04498401 -0.00043488 0.56470588 0.92549020 0.07058824
v 0.02661343 0.03882087 0.00997631 0.56470588 0.92549020 0.07058824
v 0.02670202 0.03584281 0.00997631 0.56470588 0.92549020 0.07058824
v 0.02248910 0.04193694 -0.02516144 0.56470588 0.92549020 0.07058824
v -0.01386215 0.04346048 -0.02923044 0.56470588 0.92549020 0.07058824
v -0.01795695 0.03584281 -0.01448884 0.56470588 0.92549020 0.07058824
v -0.02059003 0.03888457 -0.00533927 0.56470588 0.92549020 0.07058824
v -0.02056542 0.04041341 -0.00533927 0.56470588 0.92549020 0.07058824
v -0.00614501 0.04738875 -0.04276725 0.56470588 0.92549020 0.07058824
v -0.00440767 0.04836551 -0.04410843 0.56470588 0.92549020 0.07058824
v -0.00046052 0.05232563 -0.04606905 0.56470588 0.92549020 0.07058824
v 0.00171485 0.05144442 -0.04808082 0.56470588 0.92549020 0.07058824
v -0.00143992 0.05108875 -0.04568261 0.56470588 0.92549020 0.07058824
v -0.01379324 0.04449032 -0.02909405 0.56470588 0.92549020 0.07058824
v -0.00787251 0.04651285 -0.04014172 0.56470588 0.92549020 0.07058824
v -0.00772978 0.04753739 -0.03986894 0.56470588 0.92549020 0.07058824
v -0.02154975 0.03571541 -0.00090656 0.56470588 0.92549020 0.07058824
v -0.02139226 0.03614009 -0.00169081 0.56470588 0.92549020 0.07058824
v -0.02297703 0.03164912 0.00870332 0.56470588 0.92549020 0.07058824
v -0.02251439 0.03279044 0.00533333 0.56470588 0.92549020 0.07058824
v -0.02247010 0.03431397 0.00381029 0.56470588 0.92549020 0.07058824
v -0.02193364 0.03584281 0.00075854 0.56470588 0.92549020 0.07058824
v -0.02345443 0.03279044 0.00997631 0.56470588 0.92549020 0.07058824
v -0.02344458 0.03279044 0.00990811 0.56470588 0.92549020 0.07058824
v -0.02052605 0.03736635 -0.00533927 0.56470588 0.92549020 0.07058824
v 0.02124392 0.04346048 -0.03009993 0.56470588 0.92549020 0.07058824
v 0.02144078 0.04346048 -0.02933841 0.56470588 0.92549020 0.07058824
v 0.02172624 0.04346048 -0.02821319 0.56470588 0.92549020 0.07058824
v 0.02208060 0.04346048 -0.02668447 0.56470588 0.92549020 0.07058824
v 0.01706545 0.04651285 -0.03999397 0.56470588 0.92549020 0.07058824
v 0.01135634 0.04803638 -0.04808082 0.56470588 0.92549020 0.07058824
v 0.01773479 0.04651285 -0.03888579 0.56470588 0.92549020 0.07058824
v 0.01829094 0.04570065 -0.03810722 0.56470588 0.92549020 0.07058824
v 0.02069762 0.04498401 -0.03125925 0.56470588 0.92549020 0.07058824
v 0.02276471 0.04193694 -0.02387709 0.56470588 0.92549020 0.07058824
v 0.02292220 0.04193694 -0.02311557 0.56470588 0.92549020 0.07058824
v 0.02440854 0.04141140 -0.01529582 0.56470588 0.92549020 0.07058824
v 0.02449220 0.04192632 -0.01460818 0.56470588 0.92549020 0.07058824
v 0.02464478 0.04346048 -0.01296580 0.56470588 0.92549020 0.07058824
v 0.02594901 0.04592361 -0.00029849 0.56470588 0.92549020 0.07058824
v 0.02598838 0.04608286 0.00075854 0.56470588 0.92549020 0.07058824
v 0.02604252 0.04621026 0.00228726 0.56470588 0.92549020 0.07058824
v 0.02622955 0.04498401 0.00381029 0.56470588 0.92549020 0.07058824
v 0.02619509 0.04498401 0.00997631 0.56470588 0.92549020 0.07058824
v -0.02044238 0.04193694 -0.00533927 0.56470588 0.92549020 0.07058824
v -0.02094439 0.03888457 -0.00381624 0.56470588 0.92549020 0.07058824
v -0.02095915 0.04041341 -0.00381624 0.56470588 0.92549020 0.07058824
v -0.00487031 0.04955991 -0.04306276 0.56470588 0.92549020 0.07058824
v -0.00297548 0.05159306 -0.04411411 0.56470588 0.92549020 0.07058824
v -0.00642555 0.04795144 -0.04191481 0.56470588 0.92549020 0.07058824
v -0.00591862 0.04840267 -0.04240922 0.56470588 0.92549020 0.07058824
v -0.00194685 0.05261228 -0.04469377 0.56470588 0.92549020 0.07058824
v 0.00127682 0.05204959 -0.04746706 0.56470588 0.92549020 0.07058824
v -0.00088378 0.05274500 -0.04550076 0.56470588 0.92549020 0.07058824
v 0.00246786 0.05215045 -0.04808082 0.56470588 0.92549020 0.07058824
v -0.01383262 0.04610940 -0.02777560 0.56470588 0.92549020 0.07058824
v -0.01365544 0.04550424 -0.02879285 0.56470588 0.92549020 0.07058824
v -0.01993545 0.04346048 -0.00645882 0.56470588 0.92549020 0.07058824
v -0.01986655 0.04433637 -0.00624855 0.56470588 0.92549020 0.07058824
v -0.00751323 0.04855130 -0.03941430 0.56470588 0.92549020 0.07058824
v -0.00724746 0.04804169 -0.04039177 0.56470588 0.92549020 0.07058824
v -0.01349302 0.04657655 -0.02825865 0.56470588 0.92549020 0.07058824
v -0.01294672 0.04803638 -0.02821319 0.56470588 0.92549020 0.07058824
v -0.02162850 0.03736635 -0.00076449 0.56470588 0.92549020 0.07058824
v -0.02276047 0.03431397 0.00539584 0.56470588 0.92549020 0.07058824
v -0.02289828 0.03481828 0.00594141 0.56470588 0.92549020 0.07058824
v -0.02256361 0.03584281 0.00381029 0.56470588 0.92549020 0.07058824
v -0.02194840 0.03736635 0.00075854 0.56470588 0.92549020 0.07058824
v -0.02345935 0.03285414 0.00997631 0.56470588 0.92549020 0.07058824
v -0.02356270 0.03431397 0.00990811 0.56470588 0.92549020 0.07058824
v 0.02139157 0.04449032 -0.02913383 0.56470588 0.92549020 0.07058824
v 0.02189850 0.04498401 -0.02668447 0.56470588 0.92549020 0.07058824
v 0.02239066 0.04346048 -0.02516144 0.56470588 0.92549020 0.07058824
v 0.02289267 0.04286593 -0.02297918 0.56470588 0.92549020 0.07058824
v 0.01690796 0.04771256 -0.03980075 0.56470588 0.92549020 0.07058824
v 0.01090847 0.04914585 -0.04808082 0.56470588 0.92549020 0.07058824
v 0.01673570 0.04873179 -0.03960184 0.56470588 0.92549020 0.07058824
v 0.01722294 0.04814786 -0.03901082 0.56470588 0.92549020 0.07058824
v 0.01820727 0.04651285 -0.03787422 0.56470588 0.92549020 0.07058824
v 0.01847304 0.04651285 -0.03710702 0.56470588 0.92549020 0.07058824
v 0.01982157 0.04571658 -0.03353812 0.56470588 0.92549020 0.07058824
v 0.02041708 0.04651285 -0.03125925 0.56470588 0.92549020 0.07058824
v 0.02116026 0.04499462 -0.02967939 0.56470588 0.92549020 0.07058824
v 0.02438885 0.04242532 -0.01519353 0.56470588 0.92549020 0.07058824
v 0.02448236 0.04346048 -0.01423310 0.56470588 0.92549020 0.07058824
v 0.02452174 0.04501055 -0.01302263 0.56470588 0.92549020 0.07058824
v 0.02471368 0.04498401 -0.01144277 0.56470588 0.92549020 0.07058824
v 0.02445775 0.04602978 -0.01254527 0.56470588 0.92549020 0.07058824
v 0.02581613 0.04646507 -0.00079290 0.56470588 0.92549020 0.07058824
v 0.02583581 0.04684728 0.00075854 0.56470588 0.92549020 0.07058824
v 0.02606221 0.04629520 0.00381029 0.56470588 0.92549020 0.07058824
v 0.02603760 0.04606163 0.00990811 0.56470588 0.92549020 0.07058824
v 0.02603760 0.04605632 0.00997631 0.56470588 0.92549020 0.07058824
v -0.02083119 0.04193694 -0.00381624 0.56470588 0.92549020 0.07058824
v -0.02023075 0.04346048 -0.00533927 0.56470588 0.92549020 0.07058824
v -0.02123969 0.04041341 -0.00244096 0.56470588 0.92549020 0.07058824
v -0.02135781 0.04122561 -0.00158852 0.56470588 0.92549020 0.07058824
v -0.00463899 0.05043050 -0.04278998 0.56470588 0.92549020 0.07058824
v -0.00622868 0.04903968 -0.04139197 0.56470588 0.92549020 0.07058824
v -0.00165155 0.05349880 -0.04438689 0.56470588 0.92549020 0.07058824
v 0.00249247 0.05217168 -0.04808082 0.56470588 0.92549020 0.07058824
v 0.00008086 0.05334485 -0.04571671 0.56470588 0.92549020 0.07058824
v -0.01847372 0.04799391 -0.00837397 0.56470588 0.92549020 0.07058824
v -0.01821780 0.04847167 -0.00887407 0.56470588 0.92549020 0.07058824
v -0.01836053 0.04892820 -0.00785682 0.56470588 0.92549020 0.07058824
v -0.02053589 0.04346048 -0.00381624 0.56470588 0.92549020 0.07058824
v -0.02066878 0.04803638 0.00228726 0.56470588 0.92549020 0.07058824
v -0.01883301 0.04803638 -0.00686799 0.56470588 0.92549020 0.07058824
v -0.00924073 0.04897067 -0.03527142 0.56470588 0.92549020 0.07058824
v -0.01220355 0.05033495 -0.02745735 0.56470588 0.92549020 0.07058824
v -0.00774947 0.04901845 -0.03839705 0.56470588 0.92549020 0.07058824
v -0.00647476 0.04955460 -0.04037473 0.56470588 0.92549020 0.07058824
v -0.01237581 0.04941127 -0.02806543 0.56470588 0.92549020 0.07058824
v -0.02279493 0.03584281 0.00507759 0.56470588 0.92549020 0.07058824
v -0.02356762 0.03431397 0.00997631 0.56470588 0.92549020 0.07058824
v -0.02356762 0.03437767 0.00997631 0.56470588 0.92549020 0.07058824
v -0.02351348 0.03584281 0.00997631 0.56470588 0.92549020 0.07058824
v -0.02289828 0.03679303 0.00590731 0.56470588 0.92549020 0.07058824
v -0.02291305 0.03584281 0.00583911 0.56470588 0.92549020 0.07058824
v 0.02130790 0.04550424 -0.02879853 0.56470588 0.92549020 0.07058824
v 0.02152938 0.04499462 -0.02825865 0.56470588 0.92549020 0.07058824
v 0.02190834 0.04651285 -0.02516144 0.56470588 0.92549020 0.07058824
v 0.02220856 0.04498401 -0.02516144 0.56470588 0.92549020 0.07058824
v 0.02142602 0.04604039 -0.02778128 0.56470588 0.92549020 0.07058824
v 0.02443807 0.04451686 -0.01394896 0.56470588 0.92549020 0.07058824
v 0.02416738 0.04346048 -0.01601755 0.56470588 0.92549020 0.07058824
v 0.01040155 0.04988373 -0.04808082 0.56470588 0.92549020 0.07058824
v 0.01676523 0.05183194 -0.03657850 0.56470588 0.92549020 0.07058824
v 0.01655360 0.05122677 -0.03750483 0.56470588 0.92549020 0.07058824
v 0.01676523 0.05030841 -0.03810722 0.56470588 0.92549020 0.07058824
v 0.01699162 0.04928918 -0.03858459 0.56470588 0.92549020 0.07058824
v 0.01734106 0.04970324 -0.03750483 0.56470588 0.92549020 0.07058824
v 0.01704576 0.05081802 -0.03709565 0.56470588 0.92549020 0.07058824
v 0.01824172 0.04857253 -0.03644780 0.56470588 0.92549020 0.07058824
v 0.01802025 0.04805230 -0.03732297 0.56470588 0.92549020 0.07058824
v 0.01835984 0.04755331 -0.03678878 0.56470588 0.92549020 0.07058824
v 0.01855178 0.04805230 -0.03590223 0.56470588 0.92549020 0.07058824
v 0.01999875 0.04651285 -0.03253792 0.56470588 0.92549020 0.07058824
v 0.02084035 0.04651285 -0.02973622 0.56470588 0.92549020 0.07058824
v 0.01988555 0.04747899 -0.03221399 0.56470588 0.92549020 0.07058824
v 0.02435440 0.04346048 -0.01499462 0.56470588 0.92549020 0.07058824
v 0.02436917 0.04553078 -0.01356252 0.56470588 0.92549020 0.07058824
v 0.02426581 0.04652347 -0.01302263 0.56470588 0.92549020 0.07058824
v 0.02434948 0.04704369 -0.01182353 0.56470588 0.92549020 0.07058824
v 0.02451189 0.04652347 -0.01136321 0.56470588 0.92549020 0.07058824
v 0.02522061 0.04803638 -0.00076449 0.56470588 0.92549020 0.07058824
v 0.02441346 0.04731443 -0.01080628 0.56470588 0.92549020 0.07058824
v 0.02585550 0.04705962 0.00381029 0.56470588 0.92549020 0.07058824
v 0.02605236 0.04625804 0.00533333 0.56470588 0.92549020 0.07058824
v 0.02584565 0.04702246 0.00533333 0.56470588 0.92549020 0.07058824
v 0.02573246 0.04682074 0.00990811 0.56470588 0.92549020 0.07058824
v 0.02572754 0.04682074 0.00997631 0.56470588 0.92549020 0.07058824
v -0.02115110 0.04181485 -0.00217386 0.56470588 0.92549020 0.07058824
v -0.02134796 0.04270136 -0.00000865 0.56470588 0.92549020 0.07058824
v -0.02126429 0.04224483 -0.00102591 0.56470588 0.92549020 0.07058824
v -0.02203699 0.04193694 0.00381029 0.56470588 0.92549020 0.07058824
v -0.00594323 0.05005360 -0.04085777 0.56470588 0.92549020 0.07058824
v -0.00482601 0.05099851 -0.04178409 0.56470588 0.92549020 0.07058824
v -0.00429940 0.05144442 -0.04219327 0.56470588 0.92549020 0.07058824
v -0.00187795 0.05367929 -0.04346057 0.56470588 0.92549020 0.07058824
v -0.00112494 0.05466136 -0.04193754 0.56470588 0.92549020 0.07058824
v -0.00012092 0.05496394 -0.04282408 0.56470588 0.92549020 0.07058824
v -0.00076074 0.05369522 -0.04469946 0.56470588 0.92549020 0.07058824
v -0.00457501 0.05185317 -0.04117602 0.56470588 0.92549020 0.07058824
v -0.01071230 0.05341386 -0.02600252 0.56470588 0.92549020 0.07058824
v 0.00109964 0.05348818 -0.04589856 0.56470588 0.92549020 0.07058824
v 0.00385084 0.05248488 -0.04808082 0.56470588 0.92549020 0.07058824
v 0.00076497 0.05511788 -0.04300593 0.56470588 0.92549020 0.07058824
v 0.00066162 0.05384916 -0.04512000 0.56470588 0.92549020 0.07058824
v -0.02027997 0.04955991 0.00228726 0.56470588 0.92549020 0.07058824
v -0.01983210 0.05034026 0.00147460 0.56470588 0.92549020 0.07058824
v -0.01837037 0.05043050 -0.00485622 0.56470588 0.92549020 0.07058824
v -0.01822272 0.05019693 -0.00587347 0.56470588 0.92549020 0.07058824
v -0.01792742 0.04948559 -0.00837397 0.56470588 0.92549020 0.07058824
v -0.02095423 0.04803638 0.00381029 0.56470588 0.92549020 0.07058824
v -0.02059003 0.04955991 0.00381029 0.56470588 0.92549020 0.07058824
v -0.00760182 0.05182132 -0.03503274 0.56470588 0.92549020 0.07058824
v -0.00770025 0.05044112 -0.03676036 0.56470588 0.92549020 0.07058824
v -0.00896019 0.04998990 -0.03467472 0.56470588 0.92549020 0.07058824
v -0.00720317 0.04953868 -0.03889715 0.56470588 0.92549020 0.07058824
v -0.02333138 0.03736635 0.00997631 0.56470588 0.92549020 0.07058824
v -0.02332646 0.03736635 0.00990811 0.56470588 0.92549020 0.07058824
v -0.02224370 0.04193694 0.00533333 0.56470588 0.92549020 0.07058824
v -0.02314436 0.03736635 0.00838508 0.56470588 0.92549020 0.07058824
v 0.02155399 0.04653408 -0.02668447 0.56470588 0.92549020 0.07058824
v 0.02128821 0.04705431 -0.02719594 0.56470588 0.92549020 0.07058824
v 0.02140633 0.04743121 -0.02617869 0.56470588 0.92549020 0.07058824
v 0.02152938 0.04773910 -0.02516144 0.56470588 0.92549020 0.07058824
v 0.02167702 0.04816378 -0.02374070 0.56470588 0.92549020 0.07058824
v 0.02427565 0.04501055 -0.01447179 0.56470588 0.92549020 0.07058824
v 0.02118486 0.04653408 -0.02825865 0.56470588 0.92549020 0.07058824
v 0.01038678 0.04990496 -0.04808082 0.56470588 0.92549020 0.07058824
v 0.01570707 0.05256982 -0.03729456 0.56470588 0.92549020 0.07058824
v 0.01535272 0.05347757 -0.03674331 0.56470588 0.92549020 0.07058824
v 0.01640103 0.05262290 -0.03597611 0.56470588 0.92549020 0.07058824
v 0.01697686 0.05211860 -0.03556126 0.56470588 0.92549020 0.07058824
v 0.01733122 0.05122677 -0.03597611 0.56470588 0.92549020 0.07058824
v 0.01809407 0.04962892 -0.03590223 0.56470588 0.92549020 0.07058824
v 0.01842382 0.04916709 -0.03543623 0.56470588 0.92549020 0.07058824
v 0.02000859 0.04800453 -0.03117401 0.56470588 0.92549020 0.07058824
v 0.02036295 0.04803638 -0.02973622 0.56470588 0.92549020 0.07058824
v 0.01972313 0.04849291 -0.03162297 0.56470588 0.92549020 0.07058824
v 0.02380318 0.04803638 -0.01296580 0.56470588 0.92549020 0.07058824
v 0.02408863 0.04790897 -0.01136321 0.56470588 0.92549020 0.07058824
v 0.02413784 0.04946436 -0.00392990 0.56470588 0.92549020 0.07058824
v 0.02412800 0.04977225 -0.00229320 0.56470588 0.92549020 0.07058824
v 0.02287791 0.05338201 0.00605506 0.56470588 0.92549020 0.07058824
v 0.02289759 0.05340855 0.00686204 0.56470588 0.92549020 0.07058824
v 0.02289759 0.05340855 0.00783951 0.56470588 0.92549020 0.07058824
v 0.02309446 0.05272376 0.00997631 0.56470588 0.92549020 0.07058824
v -0.02129383 0.04845044 0.00652675 0.56470588 0.92549020 0.07058824
v -0.02120524 0.04798329 0.00538448 0.56470588 0.92549020 0.07058824
v -0.02162357 0.04803638 0.00838508 0.56470588 0.92549020 0.07058824
v -0.00618931 0.05045174 -0.03984053 0.56470588 0.92549020 0.07058824
v -0.00531326 0.05608403 -0.02984988 0.56470588 0.92549020 0.07058824
v -0.00453564 0.05640254 -0.03043523 0.56470588 0.92549020 0.07058824
v -0.00808414 0.05525590 -0.02668447 0.56470588 0.92549020 0.07058824
v -0.00685373 0.05608403 -0.02679813 0.56470588 0.92549020 0.07058824
v -0.00036208 0.05511788 -0.04193754 0.56470588 0.92549020 0.07058824
v 0.00076497 0.05564873 -0.04193754 0.56470588 0.92549020 0.07058824
v 0.00265980 0.05651401 -0.04136356 0.56470588 0.92549020 0.07058824
v -0.01850818 0.05063222 -0.00381624 0.56470588 0.92549020 0.07058824
v -0.01824733 0.05179478 -0.00133847 0.56470588 0.92549020 0.07058824
v -0.01837037 0.05192218 -0.00032122 0.56470588 0.92549020 0.07058824
v -0.01076151 0.05954515 0.00270212 0.56470588 0.92549020 0.07058824
v -0.00792665 0.06128633 -0.00076449 0.56470588 0.92549020 0.07058824
v -0.00705552 0.06204544 -0.00076449 0.56470588 0.92549020 0.07058824
v -0.00619915 0.06258691 -0.00169649 0.56470588 0.92549020 0.07058824
v 0.00533718 0.05256451 -0.04808082 0.56470588 0.92549020 0.07058824
v 0.00381147 0.05657241 -0.04143744 0.56470588 0.92549020 0.07058824
v -0.01992561 0.05049951 0.00228726 0.56470588 0.92549020 0.07058824
v -0.02085088 0.04955991 0.00533333 0.56470588 0.92549020 0.07058824
v -0.02130859 0.05018101 0.00947052 0.56470588 0.92549020 0.07058824
v -0.02008802 0.05077024 0.00381029 0.56470588 0.92549020 0.07058824
v -0.02183521 0.04803638 0.00997631 0.56470588 0.92549020 0.07058824
v 0.02132759 0.04875302 -0.02432036 0.56470588 0.92549020 0.07058824
v 0.02144571 0.04902906 -0.02330311 0.56470588 0.92549020 0.07058824
v 0.01985110 0.04885919 -0.03061140 0.56470588 0.92549020 0.07058824
v 0.00962393 0.05081802 -0.04808082 0.56470588 0.92549020 0.07058824
v 0.01359569 0.05485246 -0.03645916 0.56470588 0.92549020 0.07058824
v 0.01446682 0.05450210 -0.03590792 0.56470588 0.92549020 0.07058824
v 0.01500328 0.05472506 -0.03431100 0.56470588 0.92549020 0.07058824
v 0.01555450 0.05367929 -0.03583404 0.56470588 0.92549020 0.07058824
v 0.00868881 0.05155590 -0.04808082 0.56470588 0.92549020 0.07058824
v 0.00865928 0.05157713 -0.04808082 0.56470588 0.92549020 0.07058824
v 0.01658805 0.05315375 -0.03431100 0.56470588 0.92549020 0.07058824
v 0.01717372 0.05239463 -0.03431100 0.56470588 0.92549020 0.07058824
v 0.01797595 0.05101444 -0.03432805 0.56470588 0.92549020 0.07058824
v 0.01824664 0.05018631 -0.03485089 0.56470588 0.92549020 0.07058824
v 0.02318305 0.04930511 -0.01296580 0.56470588 0.92549020 0.07058824
v 0.02304524 0.04908746 -0.01448884 0.56470588 0.92549020 0.07058824
v 0.02328640 0.04945374 -0.01144277 0.56470588 0.92549020 0.07058824
v 0.02331101 0.05098258 -0.00381624 0.56470588 0.92549020 0.07058824
v 0.02027436 0.05537800 0.00075854 0.56470588 0.92549020 0.07058824
v 0.01943276 0.05604687 -0.00076449 0.56470588 0.92549020 0.07058824
v 0.01950658 0.05613711 0.00075854 0.56470588 0.92549020 0.07058824
v 0.02139157 0.05493740 0.00722007 0.56470588 0.92549020 0.07058824
v 0.02279916 0.05174700 -0.00381624 0.56470588 0.92549020 0.07058824
v 0.01868467 0.05385978 -0.02363272 0.56470588 0.92549020 0.07058824
v 0.01802517 0.05461889 -0.02363272 0.56470588 0.92549020 0.07058824
v 0.02142602 0.05496394 0.00838508 0.56470588 0.92549020 0.07058824
v 0.02141618 0.05495332 0.00997631 0.56470588 0.92549020 0.07058824
v 0.02144078 0.05492678 0.00997631 0.56470588 0.92549020 0.07058824
v 0.02229715 0.05398718 0.00997631 0.56470588 0.92549020 0.07058824
v 0.02238574 0.05387039 0.00997631 0.56470588 0.92549020 0.07058824
v 0.02283361 0.05330238 0.00962396 0.56470588 0.92549020 0.07058824
v 0.02304524 0.05281932 0.00997631 0.56470588 0.92549020 0.07058824
v -0.02142671 0.04910869 0.00838508 0.56470588 0.92549020 0.07058824
v -0.00634680 0.05657241 -0.02637191 0.56470588 0.92549020 0.07058824
v -0.00479156 0.05656179 -0.02941798 0.56470588 0.92549020 0.07058824
v -0.00394012 0.05688560 -0.02984988 0.56470588 0.92549020 0.07058824
v -0.00381215 0.05740584 -0.02821319 0.56470588 0.92549020 0.07058824
v -0.00275892 0.05785706 -0.02821319 0.56470588 0.92549020 0.07058824
v -0.00064262 0.05916294 -0.02664469 0.56470588 0.92549020 0.07058824
v -0.00005694 0.05949737 -0.02611049 0.56470588 0.92549020 0.07058824
v 0.00076497 0.05942836 -0.02712206 0.56470588 0.92549020 0.07058824
v 0.00272871 0.05950268 -0.02755396 0.56470588 0.92549020 0.07058824
v -0.01868535 0.05088703 -0.00229320 0.56470588 0.92549020 0.07058824
v -0.01972382 0.05172577 0.00495257 0.56470588 0.92549020 0.07058824
v -0.01984686 0.05187441 0.00596982 0.56470588 0.92549020 0.07058824
v -0.01992069 0.05195404 0.00686204 0.56470588 0.92549020 0.07058824
v -0.02004373 0.05206551 0.00838508 0.56470588 0.92549020 0.07058824
v -0.02013724 0.05214514 0.00990811 0.56470588 0.92549020 0.07058824
v -0.02014216 0.05214514 0.00997631 0.56470588 0.92549020 0.07058824
v -0.01080089 0.05956638 0.00381029 0.56470588 0.92549020 0.07058824
v -0.00465868 0.06409982 0.00115635 0.56470588 0.92549020 0.07058824
v -0.00636649 0.06277270 0.00075854 0.56470588 0.92549020 0.07058824
v -0.00629266 0.06267716 -0.00076449 0.56470588 0.92549020 0.07058824
v -0.00451595 0.06402550 0.00013910 0.56470588 0.92549020 0.07058824
v 0.00537655 0.05256451 -0.04808082 0.56470588 0.92549020 0.07058824
v 0.00484993 0.05652994 -0.04132946 0.56470588 0.92549020 0.07058824
v 0.00381147 0.05973095 -0.02668447 0.56470588 0.92549020 0.07058824
v 0.00533718 0.06006538 -0.02516144 0.56470588 0.92549020 0.07058824
v -0.02123477 0.04987311 0.00838508 0.56470588 0.92549020 0.07058824
v -0.02069339 0.05108875 0.00838508 0.56470588 0.92549020 0.07058824
v -0.02044730 0.05108875 0.00686204 0.56470588 0.92549020 0.07058824
v -0.02152022 0.04962892 0.00997631 0.56470588 0.92549020 0.07058824
v -0.02133812 0.05027655 0.00997631 0.56470588 0.92549020 0.07058824
v -0.02016185 0.05116307 0.00541289 0.56470588 0.92549020 0.07058824
v 0.01985110 0.05038803 -0.02757670 0.56470588 0.92549020 0.07058824
v 0.02110612 0.04954399 -0.02374070 0.56470588 0.92549020 0.07058824
v 0.01835984 0.05046235 -0.03383364 0.56470588 0.92549020 0.07058824
v 0.01176976 0.05627513 -0.03461789 0.56470588 0.92549020 0.07058824
v 0.01223732 0.05643970 -0.03360063 0.56470588 0.92549020 0.07058824
v 0.01283284 0.05597255 -0.03419166 0.56470588 0.92549020 0.07058824
v 0.01394513 0.05502764 -0.03544191 0.56470588 0.92549020 0.07058824
v 0.00863960 0.05158775 -0.04808082 0.56470588 0.92549020 0.07058824
v 0.00789643 0.05197527 -0.04808082 0.56470588 0.92549020 0.07058824
v 0.01424043 0.05521344 -0.03431100 0.56470588 0.92549020 0.07058824
v 0.01520999 0.05486839 -0.03344720 0.56470588 0.92549020 0.07058824
v 0.01582519 0.05396595 -0.03431100 0.56470588 0.92549020 0.07058824
v 0.01673078 0.05332362 -0.03340173 0.56470588 0.92549020 0.07058824
v 0.01810391 0.05145503 -0.03278797 0.56470588 0.92549020 0.07058824
v 0.01818758 0.05320153 -0.02821319 0.56470588 0.92549020 0.07058824
v 0.01865514 0.05243710 -0.02821319 0.56470588 0.92549020 0.07058824
v 0.01959025 0.05134887 -0.02668447 0.56470588 0.92549020 0.07058824
v 0.01944260 0.05097197 -0.02813363 0.56470588 0.92549020 0.07058824
v 0.02270565 0.05006953 -0.01296580 0.56470588 0.92549020 0.07058824
v 0.01991508 0.05200712 -0.02333721 0.56470588 0.92549020 0.07058824
v 0.01951642 0.05255389 -0.02376343 0.56470588 0.92549020 0.07058824
v 0.02025467 0.05122677 -0.02376343 0.56470588 0.92549020 0.07058824
v 0.02321258 0.05082864 -0.00533927 0.56470588 0.92549020 0.07058824
v 0.01847796 0.05659364 -0.00381624 0.56470588 0.92549020 0.07058824
v 0.01866990 0.05674758 -0.00076449 0.56470588 0.92549020 0.07058824
v 0.01874865 0.05680067 0.00075854 0.56470588 0.92549020 0.07058824
v 0.01879787 0.05683783 0.00228726 0.56470588 0.92549020 0.07058824
v 0.01856655 0.05372176 -0.02516144 0.56470588 0.92549020 0.07058824
v 0.01788244 0.05448618 -0.02516144 0.56470588 0.92549020 0.07058824
v 0.01726231 0.05530368 -0.02363272 0.56470588 0.92549020 0.07058824
v 0.01883724 0.05686437 0.00381029 0.56470588 0.92549020 0.07058824
v 0.01966899 0.05630168 0.00686204 0.56470588 0.92549020 0.07058824
v 0.02058442 0.05561157 0.00838508 0.56470588 0.92549020 0.07058824
v 0.01961978 0.05627513 0.00990811 0.56470588 0.92549020 0.07058824
v 0.01961486 0.05626982 0.00997631 0.56470588 0.92549020 0.07058824
v 0.01966899 0.05631229 0.00838508 0.56470588 0.92549020 0.07058824
v -0.00546583 0.05694400 -0.02679813 0.56470588 0.92549020 0.07058824
v -0.00383184 0.05776150 -0.02681518 0.56470588 0.92549020 0.07058824
v -0.00350209 0.06420599 -0.00049171 0.56470588 0.92549020 0.07058824
v -0.00172046 0.06411044 -0.00320816 0.56470588 0.92549020 0.07058824
v -0.00076074 0.06420599 -0.00345821 0.56470588 0.92549020 0.07058824
v 0.00076497 0.06426970 -0.00361734 0.56470588 0.92549020 0.07058824
v -0.02096900 0.05096666 0.00997631 0.56470588 0.92549020 0.07058824
v -0.01255791 0.05819149 0.00997631 0.56470588 0.92549020 0.07058824
v -0.01255791 0.05819680 0.00990811 0.56470588 0.92549020 0.07058824
v -0.01253330 0.05822335 0.00838508 0.56470588 0.92549020 0.07058824
v -0.00465868 0.06409982 0.00165077 0.56470588 0.92549020 0.07058824
v -0.00393027 0.06429624 0.00069035 0.56470588 0.92549020 0.07058824
v -0.00523451 0.06362737 0.00069035 0.56470588 0.92549020 0.07058824
v 0.00685796 0.05232032 -0.04808082 0.56470588 0.92549020 0.07058824
v 0.01063778 0.05794199 -0.03045228 0.56470588 0.92549020 0.07058824
v 0.01143509 0.05698116 -0.03278797 0.56470588 0.92549020 0.07058824
v 0.01133174 0.05656710 -0.03419166 0.56470588 0.92549020 0.07058824
v 0.00685796 0.05994329 -0.02516144 0.56470588 0.92549020 0.07058824
v 0.00838367 0.05909393 -0.02821319 0.56470588 0.92549020 0.07058824
v 0.00228576 0.06422723 -0.00352641 0.56470588 0.92549020 0.07058824
v -0.02096900 0.05096135 0.00994789 0.56470588 0.92549020 0.07058824
v 0.01252769 0.05657241 -0.03278797 0.56470588 0.92549020 0.07058824
v 0.01329055 0.05621674 -0.03278797 0.56470588 0.92549020 0.07058824
v 0.01361538 0.05637069 -0.03177640 0.56470588 0.92549020 0.07058824
v 0.01438807 0.05598847 -0.03126494 0.56470588 0.92549020 0.07058824
v 0.01475228 0.05611588 -0.02973622 0.56470588 0.92549020 0.07058824
v 0.01537240 0.05500640 -0.03243563 0.56470588 0.92549020 0.07058824
v 0.01630259 0.05442778 -0.03125925 0.56470588 0.92549020 0.07058824
v 0.01605159 0.05417828 -0.03291868 0.56470588 0.92549020 0.07058824
v 0.01686858 0.05349349 -0.03238448 0.56470588 0.92549020 0.07058824
v 0.01842382 0.05353065 -0.02638896 0.56470588 0.92549020 0.07058824
v 0.01828601 0.05335547 -0.02740621 0.56470588 0.92549020 0.07058824
v 0.01879787 0.05275561 -0.02680950 0.56470588 0.92549020 0.07058824
v 0.01924574 0.05261228 -0.02516144 0.56470588 0.92549020 0.07058824
v 0.01973790 0.05167268 -0.02516144 0.56470588 0.92549020 0.07058824
v 0.01741488 0.05747485 -0.00395831 0.56470588 0.92549020 0.07058824
v 0.01677015 0.05794730 -0.00456071 0.56470588 0.92549020 0.07058824
v 0.01682921 0.05798977 -0.00354346 0.56470588 0.92549020 0.07058824
v 0.01774956 0.05755978 0.00075854 0.56470588 0.92549020 0.07058824
v 0.01769542 0.05750670 -0.00076449 0.56470588 0.92549020 0.07058824
v 0.01778401 0.05760225 0.00228726 0.56470588 0.92549020 0.07058824
v 0.01682429 0.05494271 -0.02762216 0.56470588 0.92549020 0.07058824
v 0.01711959 0.05516035 -0.02516144 0.56470588 0.92549020 0.07058824
v 0.01498851 0.05628044 -0.02821319 0.56470588 0.92549020 0.07058824
v 0.01625830 0.05606810 -0.02363272 0.56470588 0.92549020 0.07058824
v 0.01779877 0.05762879 0.00381029 0.56470588 0.92549020 0.07058824
v 0.01887169 0.05686968 0.00533333 0.56470588 0.92549020 0.07058824
v 0.01890614 0.05685906 0.00686204 0.56470588 0.92549020 0.07058824
v 0.01885693 0.05682721 0.00990811 0.56470588 0.92549020 0.07058824
v 0.01888646 0.05680067 0.00997631 0.56470588 0.92549020 0.07058824
v 0.01890614 0.05683783 0.00838508 0.56470588 0.92549020 0.07058824
v -0.00228645 0.06464129 0.00075854 0.56470588 0.92549020 0.07058824
v 0.00076497 0.06447673 -0.00229320 0.56470588 0.92549020 0.07058824
v 0.00228576 0.06444488 -0.00229320 0.56470588 0.92549020 0.07058824
v -0.01143578 0.05886036 0.00997631 0.56470588 0.92549020 0.07058824
v -0.00370880 0.06422192 0.00220770 0.56470588 0.92549020 0.07058824
v -0.01047114 0.05935405 0.00997631 0.56470588 0.92549020 0.07058824
v -0.01038255 0.05939120 0.00997631 0.56470588 0.92549020 0.07058824
v -0.00965414 0.05967786 0.00997631 0.56470588 0.92549020 0.07058824
v -0.00838436 0.06013439 0.00997631 0.56470588 0.92549020 0.07058824
v 0.01304939 0.05673697 -0.03126494 0.56470588 0.92549020 0.07058824
v 0.01143509 0.05741645 -0.03125925 0.56470588 0.92549020 0.07058824
v 0.00990938 0.05871172 -0.02821319 0.56470588 0.92549020 0.07058824
v 0.01088879 0.05804816 -0.02943502 0.56470588 0.92549020 0.07058824
v 0.00796533 0.05955046 -0.02628666 0.56470588 0.92549020 0.07058824
v 0.00381147 0.06412637 -0.00325931 0.56470588 0.92549020 0.07058824
v 0.00459401 0.06405205 -0.00306609 0.56470588 0.92549020 0.07058824
v 0.00494837 0.06412106 -0.00229320 0.56470588 0.92549020 0.07058824
v 0.00843781 0.05936997 -0.02675267 0.56470588 0.92549020 0.07058824
v 0.01381224 0.05647154 -0.03075915 0.56470588 0.92549020 0.07058824
v 0.01575629 0.05535146 -0.02973622 0.56470588 0.92549020 0.07058824
v 0.01667664 0.05480468 -0.02863941 0.56470588 0.92549020 0.07058824
v 0.01651915 0.05465074 -0.02973622 0.56470588 0.92549020 0.07058824
v 0.01721802 0.05388632 -0.02973622 0.56470588 0.92549020 0.07058824
v 0.01593347 0.05841976 -0.00533927 0.56470588 0.92549020 0.07058824
v 0.01615987 0.05841445 -0.00395831 0.56470588 0.92549020 0.07058824
v 0.01687843 0.05802162 -0.00229320 0.56470588 0.92549020 0.07058824
v 0.01698670 0.05808532 0.00075854 0.56470588 0.92549020 0.07058824
v 0.01702115 0.05810125 0.00228726 0.56470588 0.92549020 0.07058824
v 0.01610573 0.05542047 -0.02816204 0.56470588 0.92549020 0.07058824
v 0.01112503 0.05819680 -0.02821319 0.56470588 0.92549020 0.07058824
v 0.01129728 0.05833482 -0.02668447 0.56470588 0.92549020 0.07058824
v 0.01143509 0.05886567 -0.02210969 0.56470588 0.92549020 0.07058824
v 0.01517062 0.05638661 -0.02668447 0.56470588 0.92549020 0.07058824
v 0.01398942 0.05655117 -0.02973622 0.56470588 0.92549020 0.07058824
v 0.01549544 0.05657771 -0.02363272 0.56470588 0.92549020 0.07058824
v 0.01780369 0.05763410 0.00533333 0.56470588 0.92549020 0.07058824
v 0.01036709 0.06237988 0.00228726 0.56470588 0.92549020 0.07058824
v 0.01761667 0.05758633 0.00990811 0.56470588 0.92549020 0.07058824
v 0.01760683 0.05758633 0.00997631 0.56470588 0.92549020 0.07058824
v 0.01880279 0.05685375 0.00997631 0.56470588 0.92549020 0.07058824
v 0.01233575 0.06110584 0.00533333 0.56470588 0.92549020 0.07058824
v 0.01232099 0.06107930 0.00639036 0.56470588 0.92549020 0.07058824
v -0.00076074 0.06458820 0.00075854 0.56470588 0.92549020 0.07058824
v -0.00228645 0.06443426 0.00228726 0.56470588 0.92549020 0.07058824
v 0.00381147 0.06428031 -0.00076449 0.56470588 0.92549020 0.07058824
v 0.00527320 0.06414760 -0.00076449 0.56470588 0.92549020 0.07058824
v 0.00381147 0.06428562 -0.00229320 0.56470588 0.92549020 0.07058824
v -0.00312805 0.06407859 0.00309992 0.56470588 0.92549020 0.07058824
v -0.00685865 0.06059623 0.00997631 0.56470588 0.92549020 0.07058824
v 0.00990938 0.05899307 -0.02668447 0.56470588 0.92549020 0.07058824
v 0.00603605 0.06404143 -0.00076449 0.56470588 0.92549020 0.07058824
v 0.00571122 0.06390341 -0.00229320 0.56470588 0.92549020 0.07058824
v 0.01486055 0.05926380 -0.00381624 0.56470588 0.92549020 0.07058824
v 0.01601222 0.05859493 -0.00229320 0.56470588 0.92549020 0.07058824
v 0.00957471 0.06276209 0.00075854 0.56470588 0.92549020 0.07058824
v 0.01469322 0.05918418 -0.00533927 0.56470588 0.92549020 0.07058824
v 0.00960424 0.06271962 0.00228726 0.56470588 0.92549020 0.07058824
v 0.01395497 0.05965132 0.00990811 0.56470588 0.92549020 0.07058824
v 0.01397466 0.05963009 0.00997631 0.56470588 0.92549020 0.07058824
v 0.00940245 0.06261345 0.00321927 0.56470588 0.92549020 0.07058824
v 0.01073130 0.06102091 0.00921479 0.56470588 0.92549020 0.07058824
v 0.01296080 0.06008662 0.00990811 0.56470588 0.92549020 0.07058824
v -0.00063770 0.06429093 0.00242365 0.56470588 0.92549020 0.07058824
v 0.00502711 0.06408921 0.00009364 0.56470588 0.92549020 0.07058824
v -0.00228645 0.06411575 0.00318517 0.56470588 0.92549020 0.07058824
v 0.00076497 0.06181187 0.00997631 0.56470588 0.92549020 0.07058824
v 0.00222178 0.06178533 0.00997631 0.56470588 0.92549020 0.07058824
v -0.00106588 0.06411044 0.00317949 0.56470588 0.92549020 0.07058824
v -0.00580542 0.06088820 0.00997631 0.56470588 0.92549020 0.07058824
v -0.00568238 0.06092005 0.00997631 0.56470588 0.92549020 0.07058824
v -0.00497366 0.06109523 0.00997631 0.56470588 0.92549020 0.07058824
v -0.00381215 0.06135003 0.00997631 0.56470588 0.92549020 0.07058824
v -0.00228645 0.06159953 0.00997631 0.56470588 0.92549020 0.07058824
v -0.00082472 0.06172694 0.00997631 0.56470588 0.92549020 0.07058824
v -0.00076074 0.06173225 0.00997631 0.56470588 0.92549020 0.07058824
v 0.00685796 0.06374416 -0.00076449 0.56470588 0.92549020 0.07058824
v 0.00685796 0.06363799 0.00075854 0.56470588 0.92549020 0.07058824
v 0.00838367 0.06326108 0.00075854 0.56470588 0.92549020 0.07058824
v 0.01296080 0.06007069 0.00997631 0.56470588 0.92549020 0.07058824
v 0.00374749 0.06162608 0.00997631 0.56470588 0.92549020 0.07058824
v 0.00990938 0.06082450 0.00997631 0.56470588 0.92549020 0.07058824
v 0.01116932 0.06063870 0.00997631 0.56470588 0.92549020 0.07058824
v 0.01133174 0.06060685 0.00997631 0.56470588 0.92549020 0.07058824
v 0.01289682 0.06009192 0.00997631 0.56470588 0.92549020 0.07058824
v 0.00228576 0.06178002 0.00997631 0.56470588 0.92549020 0.07058824
f 1 2 6
f 1 6 13
f 1 13 12
f 1 12 11
f 1 11 26
f 1 26 42
f 1 42 68
f 1 68 100
f 1 100 105
f 1 105 142
f 1 142 188
f 1 188 250
f 1 250 313
f 1 313 366
f 1 366 365
f 1 365 416
f 1 416 415
f 1 415 441
f 1 441 440
f 1 440 503
f 1 503 502
f 1 502 501
f 1 501 548
f 1 548 547
f 1 547 588
f 1 588 638
f 1 638 637
f 1 637 672
f 1 672 671
f 1 671 713
f 1 713 762
f 1 762 821
f 1 821 879
f 1 879 936
f 1 936 934
f 1 934 933
f 1 933 932
f 1 932 931
f 1 931 1003
f 1 1003 1054
f 1 1054 1095
f 1 1095 1094
f 1 1094 1114
f 1 1114 1134
f 1 1134 1139
f 1 1139 1138
f 1 1138 1137
f 1 1137 1136
f 1 1136 1135
f 1 1135 1140
f 1 1140 1122
f 1 1122 1121
f 1 1121 1130
f 1 1130 1129
f 1 1129 1128
f 1 1128 1127
f 1 1127 1126
f 1 1126 1125
f 1 1125 1124
f 1 1124 1104
f 1 1104 1064
f 1 1064 1063
f 1 1063 1062
f 1 1062 1061
f 1 1061 1059
f 1 1059 1012
f 1 1012 953
f 1 953 1011
f 1 1011 967
f 1 967 966
f 1 966 904
f 1 904 850
f 1 850 786
f 1 786 785
f 1 785 784
f 1 784 738
f 1 738 692
f 1 692 652
f 1 652 611
f 1 611 563
f 1 563 610
f 1 610 589
f 1 589 592
f 1 592 553
f 1 553 549
f 1 549 506
f 1 506 505
f 1 505 447
f 1 447 389
f 1 389 343
f 1 343 341
f 1 341 282
f 1 282 220
f 1 220 219
f 1 219 216
f 1 216 164
f 1 164 121
f 1 121 88
f 1 88 58
f 1 58 33
f 1 33 17
f 1 17 7
f 1 7 3
f 1 3 4
f 1 4 5
f 1 5 2
f 2 5 6
f 3 7 8
f 3 8 9
f 3 9 4
f 4 9 10
f 4 10 5
f 5 11 12
f 5 12 13
f 5 13 6
f 5 10 14
f 5 14 15
f 5 15 16
f 5 16 11
f 7 17 8
f 8 18 9
f 8 17 19
f 8 19 20
f 8 20 21
f 8 21 22
f 8 22 23
f 8 23 24
f 8 24 18
f 9 18 24
f 9 24 10
f 10 24 25
f 10 25 14
f 11 16 27
f 11 27 28
f 11 28 29
f 11 29 26
f 14 25 15
f 15 25 30
f 15 30 31
f 15 31 32
f 15 32 16
f 16 32 27
f 17 33 34
f 17 34 35
f 17 35 36
f 17 36 20
f 17 20 37
f 17 37 19
f 19 37 20
f 20 35 38
f 20 38 22
f 20 22 21
f 20 36 35
f 22 39 23
f 22 38 39
f 23 30 25
f 23 25 24
f 23 39 40
f 23 40 41
f 23 41 30
f 26 29 43
f 26 43 44
f 26 44 45
f 26 45 42
f 27 32 46
f 27 46 47
f 27 47 48
f 27 48 49
f 27 49 50
f 27 50 28
f 28 50 29
f 29 50 51
f 29 51 52
f 29 52 53
f 29 53 54
f 29 54 55
f 29 55 43
f 30 56 46
f 30 46 31
f 30 41 57
f 30 57 56
f 31 46 32
f 33 58 34
f 34 59 60
f 34 60 61
f 34 61 35
f 34 58 59
f 35 61 62
f 35 62 38
f 38 62 63
f 38 63 39
f 39 63 64
f 39 64 65
f 39 65 66
f 39 66 40
f 40 66 67
f 40 67 41
f 41 67 57
f 42 45 69
f 42 69 68
f 43 55 54
f 43 54 44
f 44 54 45
f 45 54 70
f 45 70 71
f 45 71 72
f 45 72 73
f 45 73 69
f 46 74 75
f 46 75 47
f 46 56 76
f 46 76 77
f 46 77 78
f 46 78 74
f 47 75 48
f 48 75 79
f 48 79 49
f 49 80 51
f 49 51 50
f 49 79 80
f 51 80 81
f 51 81 82
f 51 82 83
f 51 83 84
f 51 84 52
f 52 84 53
f 53 85 70
f 53 70 54
f 53 84 86
f 53 86 85
f 56 57 76
f 57 67 87
f 57 87 76
f 58 88 89
f 58 89 90
f 58 90 91
f 58 91 59
f 59 91 60
f 60 91 92
f 60 92 61
f 61 92 93
f 61 93 63
f 61 63 62
f 63 93 94
f 63 94 64
f 64 95 96
f 64 96 97
f 64 97 65
f 64 94 95
f 65 97 98
f 65 98 66
f 66 98 99
f 66 99 67
f 67 99 87
f 68 69 100
f 69 73 101
f 69 101 102
f 69 102 103
f 69 103 104
f 69 104 105
f 69 105 100
f 70 85 71
f 71 85 86
f 71 86 106
f 71 106 107
f 71 107 108
f 71 108 109
f 71 109 73
f 71 73 72
f 73 109 110
f 73 110 111
f 73 111 112
f 73 112 101
f 74 113 79
f 74 79 75
f 74 78 114
f 74 114 113
f 76 87 115
f 76 115 77
f 77 115 78
f 78 115 116
f 78 116 114
f 79 113 82
f 79 82 81
f 79 81 80
f 82 113 117
f 82 117 83
f 83 117 86
f 83 86 84
f 86 117 113
f 86 113 118
f 86 118 106
f 87 99 119
f 87 119 120
f 87 120 115
f 88 121 122
f 88 122 89
f 89 122 123
f 89 123 90
f 90 123 124
f 90 124 93
f 90 93 91
f 91 93 125
f 91 125 92
f 92 125 93
f 93 126 94
f 93 124 126
f 94 126 127
f 94 127 128
f 94 128 129
f 94 129 95
f 95 129 130
f 95 130 96
f 96 131 132
f 96 132 133
f 96 133 134
f 96 134 97
f 96 130 131
f 97 134 98
f 98 134 135
f 98 135 99
f 99 135 119
f 101 112 136
f 101 136 137
f 101 137 138
f 101 138 102
f 102 138 103
f 103 138 139
f 103 139 104
f 104 139 140
f 104 140 141
f 104 141 142
f 104 142 105
f 106 118 143
f 106 143 107
f 107 144 145
f 107 145 146
f 107 146 147
f 107 147 109
f 107 109 108
f 107 143 148
f 107 148 149
f 107 149 150
f 107 150 151
f 107 151 144
f 109 147 146
f 109 146 110
f 110 146 152
f 110 152 153
f 110 153 111
f 111 153 112
f 112 153 154
f 112 154 136
f 113 114 155
f 113 155 118
f 114 116 156
f 114 156 155
f 115 120 157
f 115 157 116
f 116 157 158
f 116 158 159
f 116 159 156
f 118 155 143
f 119 135 160
f 119 160 161
f 119 161 162
f 119 162 163
f 119 163 120
f 120 163 157
f 121 164 165
f 121 165 122
f 122 165 166
f 122 166 167
f 122 167 123
f 123 167 124
f 124 167 168
f 124 168 169
f 124 169 126
f 126 169 127
f 127 169 129
f 127 129 128
f 129 170 171
f 129 171 172
f 129 172 173
f 129 173 130
f 129 169 174
f 129 174 170
f 130 173 175
f 130 175 176
f 130 176 177
f 130 177 131
f 131 177 178
f 131 178 132
f 132 179 133
f 132 178 180
f 132 180 179
f 133 179 160
f 133 160 134
f 134 160 135
f 136 154 137
f 137 154 138
f 138 181 139
f 138 154 181
f 139 181 182
f 139 182 183
f 139 183 140
f 140 184 185
f 140 185 249
f 140 249 186
f 140 186 187
f 140 187 141
f 140 183 184
f 141 187 188
f 141 188 142
f 143 155 148
f 144 189 190
f 144 190 152
f 144 152 146
f 144 146 145
f 144 151 150
f 144 150 191
f 144 191 192
f 144 192 189
f 148 155 193
f 148 193 194
f 148 194 150
f 148 150 149
f 150 194 195
f 150 195 191
f 152 190 153
f 153 190 196
f 153 196 197
f 153 197 154
f 154 198 199
f 154 199 181
f 154 197 198
f 155 156 200
f 155 200 201
f 155 201 193
f 156 159 202
f 156 202 200
f 157 203 158
f 157 163 204
f 157 204 205
f 157 205 206
f 157 206 207
f 157 207 208
f 157 208 203
f 158 203 159
f 159 203 209
f 159 209 202
f 160 210 161
f 160 179 211
f 160 211 212
f 160 212 213
f 160 213 210
f 161 210 162
f 162 210 214
f 162 214 163
f 163 214 215
f 163 215 204
f 164 216 165
f 165 217 218
f 165 218 166
f 165 216 219
f 165 219 220
f 165 220 217
f 166 221 222
f 166 222 223
f 166 223 168
f 166 168 167
f 166 218 221
f 168 223 169
f 169 224 225
f 169 225 174
f 169 223 222
f 169 222 226
f 169 226 227
f 169 227 224
f 170 228 229
f 170 229 171
f 170 174 228
f 171 173 172
f 171 229 228
f 171 228 230
f 171 230 173
f 173 230 175
f 174 225 231
f 174 231 232
f 174 232 228
f 175 230 233
f 175 233 177
f 175 177 176
f 177 233 234
f 177 234 235
f 177 235 236
f 177 236 237
f 177 237 238
f 177 238 178
f 178 238 180
f 179 239 211
f 179 180 239
f 180 238 240
f 180 240 241
f 180 241 242
f 180 242 212
f 180 212 239
f 181 199 243
f 181 243 182
f 182 243 183
f 183 243 244
f 183 244 245
f 183 245 246
f 183 246 247
f 183 247 248
f 183 248 184
f 184 248 247
f 184 247 185
f 185 247 249
f 186 249 313
f 186 313 250
f 186 250 188
f 186 188 187
f 189 251 252
f 189 252 253
f 189 253 196
f 189 196 190
f 189 192 254
f 189 254 255
f 189 255 256
f 189 256 257
f 189 257 258
f 189 258 259
f 189 259 251
f 191 195 254
f 191 254 192
f 193 201 260
f 193 260 261
f 193 261 262
f 193 262 194
f 194 262 195
f 195 262 263
f 195 263 264
f 195 264 265
f 195 265 254
f 196 253 266
f 196 266 197
f 197 266 198
f 198 266 267
f 198 267 199
f 199 268 269
f 199 269 270
f 199 270 271
f 199 271 243
f 199 267 268
f 200 202 260
f 200 260 201
f 202 209 272
f 202 272 273
f 202 273 260
f 203 208 207
f 203 207 209
f 204 215 214
f 204 214 205
f 205 214 274
f 205 274 275
f 205 275 276
f 205 276 277
f 205 277 207
f 205 207 206
f 207 272 209
f 207 277 278
f 207 278 279
f 207 279 280
f 207 280 272
f 210 213 281
f 210 281 274
f 210 274 214
f 211 239 212
f 212 242 213
f 213 242 281
f 217 220 282
f 217 282 283
f 217 283 284
f 217 284 221
f 217 221 218
f 221 226 222
f 221 284 226
f 224 285 225
f 224 227 286
f 224 286 285
f 225 287 288
f 225 288 231
f 225 285 289
f 225 289 287
f 226 284 290
f 226 290 227
f 227 290 286
f 228 291 292
f 228 292 230
f 228 232 293
f 228 293 294
f 228 294 291
f 230 295 296
f 230 296 233
f 230 292 295
f 231 288 293
f 231 293 232
f 233 296 234
f 234 296 235
f 235 296 297
f 235 297 298
f 235 298 299
f 235 299 300
f 235 300 236
f 236 300 301
f 236 301 302
f 236 302 237
f 237 302 240
f 237 240 238
f 240 302 303
f 240 303 241
f 241 304 305
f 241 305 242
f 241 303 306
f 241 306 304
f 242 305 307
f 242 307 274
f 242 274 281
f 243 271 244
f 244 271 308
f 244 308 245
f 245 308 246
f 246 308 247
f 247 308 309
f 247 309 310
f 247 310 311
f 247 311 312
f 247 312 249
f 249 312 366
f 249 366 313
f 251 259 314
f 251 314 315
f 251 315 316
f 251 316 317
f 251 317 252
f 252 317 253
f 253 318 266
f 253 317 318
f 254 265 255
f 255 265 264
f 255 264 319
f 255 319 320
f 255 320 256
f 256 320 257
f 257 320 321
f 257 321 322
f 257 322 258
f 258 322 323
f 258 323 314
f 258 314 259
f 260 273 272
f 260 272 261
f 261 272 262
f 262 280 279
f 262 279 324
f 262 324 325
f 262 325 326
f 262 326 327
f 262 327 263
f 262 272 280
f 263 327 328
f 263 328 264
f 264 329 319
f 264 328 329
f 266 318 330
f 266 330 331
f 266 331 332
f 266 332 333
f 266 333 267
f 267 333 334
f 267 334 335
f 267 335 336
f 267 336 268
f 268 336 337
f 268 337 338
f 268 338 308
f 268 308 271
f 268 271 270
f 268 270 269
f 274 307 275
f 275 305 304
f 275 304 339
f 275 339 278
f 275 278 276
f 275 307 305
f 276 278 277
f 278 339 340
f 278 340 324
f 278 324 279
f 282 341 283
f 283 342 284
f 283 341 343
f 283 343 344
f 283 344 342
f 284 342 290
f 285 286 289
f 286 290 345
f 286 345 346
f 286 346 347
f 286 347 289
f 287 348 349
f 287 349 293
f 287 293 288
f 287 289 350
f 287 350 348
f 289 351 350
f 289 347 351
f 290 342 345
f 291 294 352
f 291 352 353
f 291 353 292
f 292 353 354
f 292 354 295
f 293 349 294
f 294 349 355
f 294 355 352
f 295 354 296
f 296 354 297
f 297 354 356
f 297 356 357
f 297 357 299
f 297 299 298
f 299 357 358
f 299 358 300
f 300 358 301
f 301 358 359
f 301 359 360
f 301 360 302
f 302 360 303
f 303 360 306
f 304 306 361
f 304 361 339
f 306 360 362
f 306 362 361
f 308 338 309
f 309 338 363
f 309 363 364
f 309 364 310
f 310 364 311
f 311 364 416
f 311 416 365
f 311 365 366
f 311 366 312
f 314 323 315
f 315 367 368
f 315 368 316
f 315 323 367
f 316 368 369
f 316 369 317
f 317 369 318
f 318 369 368
f 318 368 330
f 319 329 320
f 320 322 321
f 320 329 370
f 320 370 322
f 322 371 372
f 322 372 373
f 322 373 323
f 322 370 374
f 322 374 375
f 322 375 371
f 323 373 376
f 323 376 377
f 323 377 367
f 324 340 325
f 325 340 326
f 326 340 378
f 326 378 379
f 326 379 328
f 326 328 327
f 328 379 380
f 328 380 329
f 329 380 370
f 330 368 332
f 330 332 331
f 332 334 333
f 332 368 381
f 332 381 334
f 334 381 335
f 335 381 382
f 335 382 383
f 335 383 337
f 335 337 336
f 337 383 338
f 338 383 384
f 338 384 363
f 339 361 340
f 340 361 385
f 340 385 386
f 340 386 387
f 340 387 378
f 342 344 388
f 342 388 345
f 343 389 344
f 344 389 390
f 344 390 388
f 345 388 391
f 345 391 346
f 346 391 392
f 346 392 393
f 346 393 347
f 347 393 351
f 348 394 353
f 348 353 395
f 348 395 349
f 348 350 396
f 348 396 397
f 348 397 394
f 349 395 355
f 350 351 396
f 351 398 396
f 351 393 399
f 351 399 400
f 351 400 398
f 352 355 395
f 352 395 353
f 353 394 401
f 353 401 402
f 353 402 403
f 353 403 354
f 354 403 356
f 356 404 405
f 356 405 357
f 356 403 404
f 357 405 406
f 357 406 407
f 357 407 408
f 357 408 359
f 357 359 358
f 359 408 409
f 359 409 410
f 359 410 411
f 359 411 412
f 359 412 360
f 360 412 413
f 360 413 362
f 361 362 385
f 362 413 414
f 362 414 385
f 363 384 415
f 363 415 364
f 364 415 416
f 367 417 368
f 367 377 376
f 367 376 418
f 367 418 419
f 367 419 417
f 368 417 420
f 368 420 421
f 368 421 422
f 368 422 381
f 370 380 423
f 370 423 374
f 371 424 425
f 371 425 372
f 371 375 426
f 371 426 424
f 372 376 373
f 372 425 376
f 374 427 426
f 374 426 375
f 374 423 428
f 374 428 429
f 374 429 430
f 374 430 427
f 376 425 431
f 376 431 418
f 378 387 432
f 378 432 379
f 379 432 433
f 379 433 380
f 380 433 423
f 381 422 383
f 381 383 382
f 383 434 435
f 383 435 384
f 383 422 436
f 383 436 437
f 383 437 434
f 384 435 438
f 384 438 439
f 384 439 440
f 384 440 441
f 384 441 415
f 385 414 386
f 386 442 443
f 386 443 387
f 386 414 444
f 386 444 445
f 386 445 442
f 387 443 432
f 388 390 446
f 388 446 391
f 389 447 448
f 389 448 390
f 390 448 449
f 390 449 450
f 390 450 446
f 391 446 392
f 392 451 399
f 392 399 393
f 392 446 452
f 392 452 453
f 392 453 451
f 394 454 401
f 394 397 454
f 396 398 455
f 396 455 456
f 396 456 457
f 396 457 397
f 397 457 458
f 397 458 459
f 397 459 460
f 397 460 461
f 397 461 454
f 398 400 455
f 399 451 462
f 399 462 400
f 400 462 455
f 401 463 402
f 401 454 463
f 402 463 464
f 402 464 404
f 402 404 403
f 404 464 405
f 405 464 465
f 405 465 406
f 406 465 523
f 406 523 522
f 406 522 561
f 406 561 601
f 406 601 600
f 406 600 644
f 406 644 681
f 406 681 724
f 406 724 770
f 406 770 836
f 406 836 898
f 406 898 959
f 406 959 1018
f 406 1018 977
f 406 977 976
f 406 976 914
f 406 914 913
f 406 913 908
f 406 908 861
f 406 861 796
f 406 796 745
f 406 745 700
f 406 700 659
f 406 659 623
f 406 623 578
f 406 578 577
f 406 577 576
f 406 576 534
f 406 534 489
f 406 489 504
f 406 504 445
f 406 445 444
f 406 444 468
f 406 468 467
f 406 467 466
f 406 466 410
f 406 410 407
f 407 410 408
f 408 410 409
f 410 466 411
f 411 466 412
f 412 466 467
f 412 467 413
f 413 467 468
f 413 468 444
f 413 444 414
f 417 469 470
f 417 470 420
f 417 419 469
f 418 431 471
f 418 471 472
f 418 472 473
f 418 473 474
f 418 474 419
f 419 474 475
f 419 475 476
f 419 476 477
f 419 477 478
f 419 478 469
f 420 470 436
f 420 436 421
f 421 436 422
f 423 433 428
f 424 426 479
f 424 479 425
f 425 479 480
f 425 480 481
f 425 481 482
f 425 482 431
f 426 427 430
f 426 430 483
f 426 483 484
f 426 484 479
f 428 433 485
f 428 485 486
f 428 486 487
f 428 487 429
f 429 487 430
f 430 488 483
f 430 487 486
f 430 486 489
f 430 489 488
f 431 482 490
f 431 490 472
f 431 472 471
f 432 443 442
f 432 442 433
f 433 442 485
f 434 491 492
f 434 492 493
f 434 493 494
f 434 494 435
f 434 437 491
f 435 494 438
f 436 495 437
f 436 470 496
f 436 496 497
f 436 497 495
f 437 495 498
f 437 498 492
f 437 492 491
f 438 494 499
f 438 499 500
f 438 500 501
f 438 501 502
f 438 502 503
f 438 503 440
f 438 440 439
f 442 445 504
f 442 504 485
f 446 450 452
f 447 505 449
f 447 449 448
f 449 505 506
f 449 506 507
f 449 507 508
f 449 508 509
f 449 509 452
f 449 452 450
f 451 453 510
f 451 510 462
f 452 509 453
f 453 509 511
f 453 511 510
f 454 461 512
f 454 512 513
f 454 513 514
f 454 514 515
f 454 515 463
f 455 516 517
f 455 517 458
f 455 458 456
f 455 462 510
f 455 510 518
f 455 518 516
f 456 458 457
f 458 517 519
f 458 519 459
f 459 519 520
f 459 520 460
f 460 520 521
f 460 521 512
f 460 512 461
f 463 515 464
f 464 515 522
f 464 522 523
f 464 523 465
f 469 478 470
f 470 478 496
f 472 490 475
f 472 475 474
f 472 474 473
f 475 490 524
f 475 524 525
f 475 525 526
f 475 526 527
f 475 527 528
f 475 528 529
f 475 529 476
f 476 529 477
f 477 529 478
f 478 529 497
f 478 497 496
f 479 484 480
f 480 530 531
f 480 531 481
f 480 484 532
f 480 532 533
f 480 533 534
f 480 534 530
f 481 531 535
f 481 535 482
f 482 535 536
f 482 536 490
f 483 488 484
f 484 488 532
f 485 504 489
f 485 489 486
f 488 533 532
f 488 489 533
f 489 534 533
f 490 536 524
f 492 537 493
f 492 498 538
f 492 538 537
f 493 537 539
f 493 539 494
f 494 540 541
f 494 541 542
f 494 542 499
f 494 539 540
f 495 543 498
f 495 497 544
f 495 544 545
f 495 545 543
f 497 529 544
f 498 543 538
f 499 542 500
f 500 542 541
f 500 541 546
f 500 546 547
f 500 547 548
f 500 548 501
f 506 549 511
f 506 511 507
f 507 511 508
f 508 511 509
f 510 550 518
f 510 511 551
f 510 551 552
f 510 552 550
f 511 549 553
f 511 553 554
f 511 554 551
f 512 521 555
f 512 555 556
f 512 556 513
f 513 557 514
f 513 556 557
f 514 558 559
f 514 559 515
f 514 557 560
f 514 560 558
f 515 559 561
f 515 561 522
f 516 562 519
f 516 519 517
f 516 518 562
f 518 550 552
f 518 552 563
f 518 563 564
f 518 564 562
f 519 562 565
f 519 565 520
f 520 566 567
f 520 567 555
f 520 555 521
f 520 565 566
f 524 536 568
f 524 568 525
f 525 568 526
f 526 568 527
f 527 568 569
f 527 569 570
f 527 570 528
f 528 570 569
f 528 569 571
f 528 571 529
f 529 571 572
f 529 572 545
f 529 545 544
f 530 573 574
f 530 574 575
f 530 575 531
f 530 534 576
f 530 576 577
f 530 577 578
f 530 578 573
f 531 575 535
f 535 575 579
f 535 579 536
f 536 579 568
f 537 580 539
f 537 538 543
f 537 543 581
f 537 581 582
f 537 582 580
f 539 580 540
f 540 580 583
f 540 583 541
f 541 584 546
f 541 583 584
f 543 545 585
f 543 585 582
f 543 582 581
f 545 572 585
f 546 586 587
f 546 587 547
f 546 584 586
f 547 587 586
f 547 586 588
f 551 554 589
f 551 589 590
f 551 590 552
f 552 590 591
f 552 591 563
f 553 592 554
f 554 592 589
f 555 567 593
f 555 593 556
f 556 594 557
f 556 593 594
f 557 594 595
f 557 595 560
f 558 596 597
f 558 597 598
f 558 598 559
f 558 560 599
f 558 599 596
f 559 598 600
f 559 600 601
f 559 601 561
f 560 595 602
f 560 602 603
f 560 603 604
f 560 604 605
f 560 605 599
f 562 606 607
f 562 607 565
f 562 564 608
f 562 608 609
f 562 609 606
f 563 591 610
f 563 611 612
f 563 612 608
f 563 608 564
f 565 607 566
f 566 613 614
f 566 614 567
f 566 607 615
f 566 615 613
f 567 614 593
f 568 616 617
f 568 617 569
f 568 579 616
f 569 617 618
f 569 618 619
f 569 619 620
f 569 620 572
f 569 572 571
f 572 621 585
f 572 620 621
f 573 622 574
f 573 578 623
f 573 623 622
f 574 624 625
f 574 625 575
f 574 622 624
f 575 625 626
f 575 626 627
f 575 627 579
f 579 628 617
f 579 617 616
f 579 627 628
f 580 629 583
f 580 582 629
f 582 585 630
f 582 630 631
f 582 631 629
f 583 632 584
f 583 629 631
f 583 631 632
f 584 632 633
f 584 633 634
f 584 634 586
f 585 621 635
f 585 635 636
f 585 636 630
f 586 634 637
f 586 637 638
f 586 638 588
f 589 610 591
f 589 591 590
f 593 614 594
f 594 614 595
f 595 614 639
f 595 639 602
f 596 640 641
f 596 641 597
f 596 599 642
f 596 642 640
f 597 641 600
f 597 600 598
f 599 605 643
f 599 643 642
f 600 641 644
f 602 639 603
f 603 639 604
f 604 645 646
f 604 646 605
f 604 639 645
f 605 646 643
f 606 609 607
f 607 647 648
f 607 648 615
f 607 609 649
f 607 649 650
f 607 650 647
f 608 649 651
f 608 651 609
f 608 612 649
f 609 651 649
f 611 652 612
f 612 652 649
f 613 615 653
f 613 653 639
f 613 639 614
f 615 648 653
f 617 628 618
f 618 628 654
f 618 654 619
f 619 654 620
f 620 654 655
f 620 655 656
f 620 656 621
f 621 657 635
f 621 656 657
f 622 658 624
f 622 623 659
f 622 659 658
f 624 660 661
f 624 661 625
f 624 658 660
f 625 661 662
f 625 662 626
f 626 662 663
f 626 663 628
f 626 628 627
f 628 663 654
f 630 636 664
f 630 664 665
f 630 665 631
f 631 666 632
f 631 665 666
f 632 667 668
f 632 668 669
f 632 669 633
f 632 666 670
f 632 670 667
f 633 669 634
f 634 671 672
f 634 672 637
f 634 669 668
f 634 668 671
f 635 673 664
f 635 664 636
f 635 657 673
f 639 674 645
f 639 653 675
f 639 675 676
f 639 676 677
f 639 677 674
f 640 642 678
f 640 678 641
f 641 679 644
f 641 678 679
f 642 643 678
f 643 646 678
f 644 680 681
f 644 679 682
f 644 682 680
f 645 674 646
f 646 674 683
f 646 683 684
f 646 684 685
f 646 685 678
f 647 686 687
f 647 687 648
f 647 650 686
f 648 687 653
f 649 652 688
f 649 688 689
f 649 689 690
f 649 690 650
f 650 690 691
f 650 691 686
f 652 692 693
f 652 693 688
f 653 687 694
f 653 694 676
f 653 676 675
f 654 663 695
f 654 695 655
f 655 695 656
f 656 695 696
f 656 696 697
f 656 697 657
f 657 698 673
f 657 697 698
f 658 699 660
f 658 659 700
f 658 700 699
f 660 699 701
f 660 701 661
f 661 701 702
f 661 702 662
f 662 702 663
f 663 702 703
f 663 703 695
f 664 673 704
f 664 704 705
f 664 705 665
f 665 705 706
f 665 706 707
f 665 707 666
f 666 708 670
f 666 707 708
f 667 670 709
f 667 709 668
f 668 709 710
f 668 710 711
f 668 711 712
f 668 712 671
f 670 708 709
f 671 712 713
f 673 698 704
f 674 677 714
f 674 714 683
f 676 694 687
f 676 687 715
f 676 715 716
f 676 716 677
f 677 716 714
f 678 717 718
f 678 718 679
f 678 685 719
f 678 719 720
f 678 720 717
f 679 718 721
f 679 721 682
f 680 722 681
f 680 682 721
f 680 721 723
f 680 723 722
f 681 722 724
f 683 725 726
f 683 726 685
f 683 685 684
f 683 714 727
f 683 727 728
f 683 728 725
f 685 729 730
f 685 730 719
f 685 726 731
f 685 731 732
f 685 732 729
f 686 691 687
f 687 691 733
f 687 733 715
f 688 693 689
f 689 693 690
f 690 734 735
f 690 735 736
f 690 736 691
f 690 693 734
f 691 736 737
f 691 737 733
f 692 738 739
f 692 739 693
f 693 739 735
f 693 735 734
f 695 703 740
f 695 740 696
f 696 740 697
f 697 740 698
f 698 741 792
f 698 792 742
f 698 742 743
f 698 743 704
f 698 740 741
f 699 744 701
f 699 700 744
f 700 745 746
f 700 746 744
f 701 744 747
f 701 747 748
f 701 748 702
f 702 748 749
f 702 749 750
f 702 750 703
f 703 750 751
f 703 751 752
f 703 752 740
f 704 743 705
f 705 743 753
f 705 753 706
f 706 753 707
f 707 753 754
f 707 754 708
f 708 754 755
f 708 755 756
f 708 756 709
f 709 756 755
f 709 755 757
f 709 757 758
f 709 758 710
f 710 759 711
f 710 758 759
f 711 759 760
f 711 760 712
f 712 760 713
f 713 761 762
f 713 760 761
f 714 716 763
f 714 763 764
f 714 764 727
f 715 733 716
f 716 733 737
f 716 737 765
f 716 765 766
f 716 766 763
f 717 720 767
f 717 767 718
f 718 767 721
f 719 768 720
f 719 730 768
f 720 768 767
f 721 767 769
f 721 769 723
f 722 770 724
f 722 723 771
f 722 771 770
f 723 769 771
f 725 732 731
f 725 731 726
f 725 728 772
f 725 772 773
f 725 773 774
f 725 774 732
f 727 764 728
f 728 764 775
f 728 775 776
f 728 776 777
f 728 777 772
f 729 778 779
f 729 779 780
f 729 780 781
f 729 781 768
f 729 768 730
f 729 732 778
f 732 779 782
f 732 782 778
f 732 774 779
f 735 783 736
f 735 739 783
f 736 783 737
f 737 783 765
f 738 784 739
f 739 784 785
f 739 785 786
f 739 786 787
f 739 787 788
f 739 788 783
f 740 789 790
f 740 790 741
f 740 752 789
f 741 791 792
f 741 790 789
f 741 789 793
f 741 793 791
f 742 792 743
f 743 792 794
f 743 794 795
f 743 795 753
f 744 746 747
f 745 796 797
f 745 797 798
f 745 798 799
f 745 799 746
f 746 800 801
f 746 801 747
f 746 799 802
f 746 802 800
f 747 801 803
f 747 803 804
f 747 804 748
f 748 804 803
f 748 803 805
f 748 805 749
f 749 805 806
f 749 806 807
f 749 807 750
f 750 807 751
f 751 808 789
f 751 789 752
f 751 807 806
f 751 806 809
f 751 809 808
f 753 795 810
f 753 810 754
f 754 810 794
f 754 794 755
f 755 794 811
f 755 811 757
f 757 811 812
f 757 812 813
f 757 813 814
f 757 814 758
f 758 815 759
f 758 814 813
f 758 813 816
f 758 816 815
f 759 817 760
f 759 815 817
f 760 817 819
f 760 819 818
f 760 818 761
f 761 818 819
f 761 819 762
f 762 819 820
f 762 820 821
f 763 775 764
f 763 766 822
f 763 822 775
f 765 783 766
f 766 823 824
f 766 824 822
f 766 783 787
f 766 787 825
f 766 825 823
f 767 768 826
f 767 826 827
f 767 827 828
f 767 828 769
f 768 781 826
f 769 829 830
f 769 830 831
f 769 831 832
f 769 832 771
f 769 828 833
f 769 833 834
f 769 834 829
f 770 835 836
f 770 771 835
f 771 832 837
f 771 837 838
f 771 838 835
f 772 777 774
f 772 774 773
f 774 777 839
f 774 839 840
f 774 840 841
f 774 841 842
f 774 842 843
f 774 843 779
f 775 822 844
f 775 844 776
f 776 844 845
f 776 845 777
f 777 845 839
f 778 782 779
f 779 834 846
f 779 846 847
f 779 847 848
f 779 848 780
f 779 843 842
f 779 842 841
f 779 841 834
f 780 848 847
f 780 847 849
f 780 849 781
f 781 849 826
f 783 788 787
f 786 850 851
f 786 851 852
f 786 852 853
f 786 853 787
f 787 853 852
f 787 852 825
f 789 808 793
f 791 811 792
f 791 793 854
f 791 854 855
f 791 855 856
f 791 856 857
f 791 857 858
f 791 858 813
f 791 813 812
f 791 812 811
f 792 811 859
f 792 859 794
f 793 808 860
f 793 860 854
f 794 810 795
f 794 859 811
f 796 861 797
f 797 802 799
f 797 799 798
f 797 861 862
f 797 862 863
f 797 863 864
f 797 864 865
f 797 865 866
f 797 866 802
f 800 802 801
f 801 802 867
f 801 867 803
f 802 866 867
f 803 867 868
f 803 868 806
f 803 806 805
f 806 868 809
f 808 809 869
f 808 869 870
f 808 870 855
f 808 855 860
f 809 871 869
f 809 868 871
f 813 858 872
f 813 872 816
f 815 816 873
f 815 873 874
f 815 874 875
f 815 875 876
f 815 876 877
f 815 877 817
f 816 872 873
f 817 877 878
f 817 878 819
f 819 878 820
f 820 878 879
f 820 879 821
f 822 824 844
f 823 825 880
f 823 880 881
f 823 881 844
f 823 844 824
f 825 852 882
f 825 882 880
f 826 833 827
f 826 849 847
f 826 847 883
f 826 883 833
f 827 833 828
f 829 884 885
f 829 885 830
f 829 834 886
f 829 886 887
f 829 887 884
f 830 888 831
f 830 885 888
f 831 888 889
f 831 889 890
f 831 890 837
f 831 837 832
f 833 883 846
f 833 846 834
f 834 841 891
f 834 891 892
f 834 892 893
f 834 893 894
f 834 894 895
f 834 895 896
f 834 896 897
f 834 897 886
f 835 838 890
f 835 890 836
f 836 890 899
f 836 899 898
f 837 890 838
f 839 845 840
f 840 845 900
f 840 900 891
f 840 891 841
f 844 881 880
f 844 880 901
f 844 901 845
f 845 901 902
f 845 902 903
f 845 903 900
f 846 883 847
f 850 904 851
f 851 904 852
f 852 904 882
f 854 860 855
f 855 870 856
f 856 870 857
f 857 905 906
f 857 906 858
f 857 870 907
f 857 907 905
f 858 906 872
f 861 908 863
f 861 863 862
f 863 909 910
f 863 910 911
f 863 911 912
f 863 912 864
f 863 908 913
f 863 913 914
f 863 914 909
f 864 912 915
f 864 915 865
f 865 915 916
f 865 916 917
f 865 917 866
f 866 917 918
f 866 918 867
f 867 918 868
f 868 918 871
f 869 871 870
f 870 871 907
f 871 918 907
f 872 919 873
f 872 906 920
f 872 920 919
f 873 919 921
f 873 921 874
f 874 922 875
f 874 921 922
f 875 922 876
f 876 923 924
f 876 924 925
f 876 925 926
f 876 926 877
f 876 922 927
f 876 927 928
f 876 928 929
f 876 929 923
f 877 926 930
f 877 930 878
f 878 930 931
f 878 931 932
f 878 932 933
f 878 933 934
f 878 934 935
f 878 935 879
f 879 935 936
f 880 882 937
f 880 937 901
f 882 904 937
f 884 887 938
f 884 938 885
f 885 938 939
f 885 939 940
f 885 940 888
f 886 938 887
f 886 897 938
f 888 940 889
f 889 940 941
f 889 941 942
f 889 942 943
f 889 943 890
f 890 943 944
f 890 944 945
f 890 945 946
f 890 946 899
f 891 900 947
f 891 947 892
f 892 947 948
f 892 948 949
f 892 949 893
f 893 949 894
f 894 949 950
f 894 950 951
f 894 951 952
f 894 952 953
f 894 953 954
f 894 954 955
f 894 955 956
f 894 956 957
f 894 957 896
f 894 896 895
f 896 957 897
f 897 957 955
f 897 955 958
f 897 958 938
f 898 899 959
f 899 960 959
f 899 946 961
f 899 961 962
f 899 962 960
f 900 903 947
f 901 937 963
f 901 963 902
f 902 964 965
f 902 965 903
f 902 963 966
f 902 966 967
f 902 967 964
f 903 965 968
f 903 968 949
f 903 949 948
f 903 948 947
f 904 966 937
f 905 907 906
f 906 907 969
f 906 969 970
f 906 970 920
f 907 918 971
f 907 971 969
f 909 972 973
f 909 973 974
f 909 974 975
f 909 975 910
f 909 914 976
f 909 976 977
f 909 977 960
f 909 960 972
f 910 975 911
f 911 975 978
f 911 978 979
f 911 979 912
f 912 979 980
f 912 980 915
f 915 980 981
f 915 981 916
f 916 982 917
f 916 981 983
f 916 983 984
f 916 984 982
f 917 971 918
f 917 982 985
f 917 985 986
f 917 986 971
f 919 987 921
f 919 920 988
f 919 988 989
f 919 989 987
f 920 970 990
f 920 990 988
f 921 987 991
f 921 991 922
f 922 991 927
f 923 929 924
f 924 992 993
f 924 993 925
f 924 929 992
f 925 994 926
f 925 993 994
f 926 994 995
f 926 995 930
f 927 991 987
f 927 987 928
f 928 996 929
f 928 987 996
f 929 996 997
f 929 997 998
f 929 998 992
f 930 995 999
f 930 999 1000
f 930 1000 1001
f 930 1001 931
f 931 1002 1003
f 931 1001 1004
f 931 1004 1002
f 934 936 935
f 937 966 963
f 938 1005 939
f 938 958 1005
f 939 1005 940
f 940 1005 941
f 941 1005 1006
f 941 1006 942
f 942 1006 943
f 943 1006 958
f 943 958 944
f 944 958 1007
f 944 1007 1008
f 944 1008 945
f 945 1008 1009
f 945 1009 946
f 946 1009 1010
f 946 1010 961
f 949 968 965
f 949 965 964
f 949 964 950
f 950 964 951
f 951 964 1011
f 951 1011 952
f 952 1011 953
f 953 1012 1013
f 953 1013 1014
f 953 1014 954
f 954 1015 955
f 954 1014 1013
f 954 1013 1015
f 955 1015 1016
f 955 1016 958
f 955 957 1017
f 955 1017 956
f 956 1017 957
f 958 1016 1007
f 958 1006 1005
f 959 960 1018
f 960 1019 1020
f 960 1020 1021
f 960 1021 972
f 960 977 1018
f 960 962 1022
f 960 1022 1023
f 960 1023 1019
f 961 1010 962
f 962 1010 1024
f 962 1024 1022
f 964 967 1025
f 964 1025 1011
f 967 1011 1025
f 969 986 985
f 969 985 970
f 969 971 986
f 970 985 990
f 972 1021 973
f 973 1020 1026
f 973 1026 974
f 973 1021 1020
f 974 1026 1027
f 974 1027 975
f 975 1027 1028
f 975 1028 978
f 978 1028 979
f 979 1028 1029
f 979 1029 1030
f 979 1030 1031
f 979 1031 1032
f 979 1032 1033
f 979 1033 980
f 980 1033 981
f 981 1033 1034
f 981 1034 1035
f 981 1035 1036
f 981 1036 983
f 982 984 985
f 983 1036 1035
f 983 1035 1037
f 983 1037 984
f 984 1037 985
f 985 1037 1038
f 985 1038 1039
f 985 1039 990
f 987 989 996
f 988 990 1038
f 988 1038 989
f 989 1038 996
f 990 1039 1038
f 992 1040 993
f 992 998 1040
f 993 1040 1041
f 993 1041 1042
f 993 1042 994
f 994 1043 995
f 994 1042 1044
f 994 1044 1043
f 995 1043 1045
f 995 1045 999
f 996 1038 1035
f 996 1035 997
f 997 1035 1046
f 997 1046 1047
f 997 1047 998
f 998 1047 1048
f 998 1048 1049
f 998 1049 1041
f 998 1041 1040
f 999 1045 1050
f 999 1050 1051
f 999 1051 1000
f 1000 1052 1004
f 1000 1004 1001
f 1000 1051 1052
f 1002 1053 1054
f 1002 1054 1003
f 1002 1004 1053
f 1004 1052 1055
f 1004 1055 1053
f 1007 1016 1056
f 1007 1056 1008
f 1008 1056 1009
f 1009 1056 1057
f 1009 1057 1010
f 1010 1057 1058
f 1010 1058 1024
f 1012 1059 1015
f 1012 1015 1013
f 1015 1060 1056
f 1015 1056 1016
f 1015 1059 1061
f 1015 1061 1062
f 1015 1062 1063
f 1015 1063 1064
f 1015 1064 1060
f 1019 1065 1066
f 1019 1066 1020
f 1019 1023 1067
f 1019 1067 1068
f 1019 1068 1065
f 1020 1066 1026
f 1022 1069 1023
f 1022 1024 1070
f 1022 1070 1071
f 1022 1071 1072
f 1022 1072 1069
f 1023 1069 1073
f 1023 1073 1067
f 1024 1058 1070
f 1026 1028 1027
f 1026 1066 1028
f 1028 1066 1065
f 1028 1065 1074
f 1028 1074 1030
f 1028 1030 1029
f 1030 1075 1031
f 1030 1074 1048
f 1030 1048 1075
f 1031 1075 1046
f 1031 1046 1076
f 1031 1076 1077
f 1031 1077 1032
f 1032 1077 1034
f 1032 1034 1033
f 1034 1077 1076
f 1034 1076 1046
f 1034 1046 1078
f 1034 1078 1035
f 1035 1038 1037
f 1035 1078 1046
f 1041 1079 1080
f 1041 1080 1042
f 1041 1049 1079
f 1042 1080 1081
f 1042 1081 1043
f 1042 1043 1044
f 1043 1082 1045
f 1043 1081 1082
f 1045 1082 1083
f 1045 1083 1050
f 1046 1075 1084
f 1046 1084 1047
f 1047 1084 1048
f 1048 1085 1086
f 1048 1086 1087
f 1048 1087 1088
f 1048 1088 1049
f 1048 1084 1075
f 1048 1074 1089
f 1048 1089 1085
f 1049 1088 1090
f 1049 1090 1079
f 1050 1091 1052
f 1050 1052 1051
f 1050 1083 1092
f 1050 1092 1091
f 1052 1091 1055
f 1053 1093 1094
f 1053 1094 1095
f 1053 1095 1054
f 1053 1055 1091
f 1053 1091 1096
f 1053 1096 1097
f 1053 1097 1093
f 1056 1098 1058
f 1056 1058 1057
f 1056 1060 1099
f 1056 1099 1098
f 1058 1100 1101
f 1058 1101 1102
f 1058 1102 1070
f 1058 1098 1100
f 1060 1103 1099
f 1060 1064 1104
f 1060 1104 1103
f 1065 1068 1085
f 1065 1085 1074
f 1067 1085 1068
f 1067 1073 1105
f 1067 1105 1085
f 1069 1072 1073
f 1070 1102 1071
f 1071 1102 1072
f 1072 1102 1106
f 1072 1106 1107
f 1072 1107 1105
f 1072 1105 1073
f 1074 1085 1089
f 1079 1108 1080
f 1079 1090 1108
f 1080 1108 1109
f 1080 1109 1081
f 1081 1109 1082
f 1082 1092 1083
f 1082 1109 1092
f 1085 1105 1086
f 1086 1105 1110
f 1086 1110 1087
f 1087 1110 1088
f 1088 1110 1090
f 1090 1110 1111
f 1090 1111 1108
f 1091 1092 1096
f 1092 1109 1108
f 1092 1108 1110
f 1092 1110 1112
f 1092 1112 1097
f 1092 1097 1096
f 1093 1097 1094
f 1094 1113 1114
f 1094 1097 1113
f 1097 1112 1115
f 1097 1115 1116
f 1097 1116 1117
f 1097 1117 1114
f 1097 1114 1113
f 1098 1099 1118
f 1098 1118 1119
f 1098 1119 1101
f 1098 1101 1100
f 1099 1103 1120
f 1099 1120 1121
f 1099 1121 1122
f 1099 1122 1123
f 1099 1123 1118
f 1101 1119 1106
f 1101 1106 1102
f 1103 1104 1124
f 1103 1124 1125
f 1103 1125 1126
f 1103 1126 1127
f 1103 1127 1128
f 1103 1128 1129
f 1103 1129 1130
f 1103 1130 1120
f 1105 1107 1106
f 1105 1106 1131
f 1105 1131 1110
f 1106 1119 1132
f 1106 1132 1133
f 1106 1133 1131
f 1108 1111 1110
f 1110 1131 1133
f 1110 1133 1112
f 1112 1133 1132
f 1112 1132 1115
f 1114 1117 1134
f 1115 1132 1116
f 1116 1135 1136
f 1116 1136 1137
f 1116 1137 1138
f 1116 1138 1139
f 1116 1139 1134
f 1116 1134 1117
f 1116 1132 1119
f 1116 1119 1118
f 1116 1118 1135
f 1118 1123 1140
f 1118 1140 1135
f 1120 1130 1121
f 1122 1140 1123

